%-----------------------------------------------------------------------------
%                R.A. (mas)        Dec. (mas)        Err. (mas)     Corr. Del.
% Uncertainty in R.A. is in R.A. cos(Dec.)!!!!
%-----------------------------------------------------------------------------
49253.335    0.899469016486    8.743899601171    0.5650    2.5921   0.090   15
49498.337   -0.522778622339    2.956802399723    0.5252    1.1533  -0.318    5
50003.416    0.255945973666   -1.017997200137    0.1803    0.4704  -0.246   92
50065.333    0.351350165158   -1.289998798981    0.3223    0.8272   0.000   18
50106.252   -0.155178940957   -0.712198799135    0.2704    0.6748  -0.313   14
50148.252    0.206753802124   -0.626198398734    0.1890    0.3849  -0.129   21
50149.333    0.349411099199    0.252601200756    0.2340    0.3783   0.053   40
50155.250   -0.134460986708   -0.185000399000    0.2684    0.4478  -0.297   20
50162.252    0.100173149467   -0.551797199932    0.2785    0.8104  -0.364   13
50168.169    0.468964175264   -0.060498000209    0.5800    1.3803  -0.147    5
50169.250   -0.006411081915    0.495399599743    0.1677    0.3445  -0.135   25
50183.250   -0.018335263830   -0.512099997607    0.3287    0.6392   0.112    9
50198.335   -0.817337766761    0.740502002117    0.6322    1.7700  -0.828    4
50210.001    2.035360975528   -1.472799597479    1.2401    0.6731   0.392    9
50211.250   -1.641676921544   -0.249800397967    0.6904    1.1622   0.163    4
50225.250   -0.058436721814   -0.665798398813    0.3735    0.7357   0.106    6
50239.250   -0.372372216493    0.027900002308    0.2785    0.6013  -0.044   10
50259.083    0.958202680318    1.851001201914    1.6308    3.6176   0.428   14
50267.250   -0.759201564102    0.732902401168    0.4194    0.8202  -0.511   12
50288.252   -0.503849474472    0.825202802091    0.3913    0.7120  -0.086    6
50302.252    0.288294745742   -0.375199199709    0.3874    0.6464  -0.213    6
50303.333    0.095998075529   -1.899197998867    0.4579    1.9592  -0.091    5
50309.250   -0.055900194682   -0.570599999250    0.2430    0.4809   0.036   10
50323.250    0.157711890159   -0.054997200394    0.3454    0.7939   0.090    7
50329.168   -0.233142271811   -0.181799999055    0.2182    0.7755  -0.103   16
50331.323   -0.245513655321   -0.748897200253    0.2474    0.8745  -0.218   18
50332.323    0.286058737764    2.442801602598    0.1998    0.8035  -0.111   24
50333.335   -0.090635234313    0.029700002457    0.2296    0.8669  -0.137   21
50337.251   -0.129838711969    0.417200402225    0.2661    0.5419   0.218    6
50343.168    0.364168751059   -0.716799598877    0.2095    0.7219  -0.145   19
50345.323    0.254904888034    0.247500001294    0.1769    0.7585   0.008   20
50346.323   -0.465837342026    0.516502802128    0.1638    0.5719  -0.226   19
50347.335    0.086159641221   -1.019599198671    0.1565    0.5609  -0.149   22
50357.168   -0.090188032717   -0.148197598193    0.2019    0.7376  -0.273   20
50359.323    0.080496280850    1.717401600132    0.2222    0.8085  -0.137    8
50360.323    0.277411648665   -0.261597597984    0.1625    0.6040  -0.181   16
50361.335    0.385487743617    0.102600002094    0.1633    0.6354  -0.181   22
50365.254    0.174705549997   -0.488300398516    0.3295    0.6502  -0.042    8
50371.168    0.105389308242    0.969699600617    0.2098    0.6959  -0.259   15
50373.323    0.142507037498    0.493300801807    0.1758    0.6740  -0.146   14
50374.323    0.206753802124    0.587602801616    0.1850    0.7774  -0.184   19
50375.335    0.268020415952   -0.583797599063    0.1736    0.6901  -0.193   18
50379.251    0.022953961433   -0.191098797586    0.2658    0.5245  -0.165   10
50392.166    0.157264688563    0.006800400243    0.1954    0.8802   0.056   15
50394.321    0.474480853988   -0.712497600119    0.1792    0.5125  -0.107   17
50395.322   -0.128049905587    0.231001202167    0.2172    0.7329  -0.115   17
50395.322    0.017140341484   -0.066898800100    0.0729    0.1674  -0.071  268
50396.333   -0.073788256916    0.201801602628    0.1476    0.5447  -0.232   18
50396.333    0.180519169945   -0.450799199569    0.0710    0.1532  -0.043  342
50399.164   -0.110458785371   -0.521697600320    0.0763    0.1858  -0.101  199
50399.168    0.238952314623    0.052102802073    0.1853    0.7212  -0.349   14
50401.323   -0.046809481918    0.882100802002    0.1703    0.8000  -0.122   21
50401.323   -0.373266619684    1.242302401749    0.1030    0.3065  -0.203   82
50402.323   -0.075577063298    0.338601601158    0.1576    0.5612  -0.260   15
50402.323    0.048297768351   -0.098899199230    0.1108    0.2890  -0.168  132
50403.335    0.119996699730    0.313300799704    0.1833    0.7847  -0.099   15
50403.335   -0.154434797343   -0.535899599896    0.0720    0.1828  -0.053  343
50407.247    0.238952314623    0.737802001893    0.3569    0.6687  -0.015    4
50421.251    0.215998352396    0.770900399516    0.4130    0.7156  -0.199    6
50435.251   -0.075129861703    0.017902802441    0.3076    0.4816  -0.094    6
50448.254   -0.050533776329    0.974502002293    0.3745    1.2343  -0.120    4
50457.272    0.083476431647    0.448200001912    0.3206    0.9171   0.023   16
50463.254    0.323326726597   -0.099298799583    0.2628    0.4805  -0.015    8
50471.272    1.211469022341    0.600901200798    0.2479    0.4885  -0.170   33
50477.251   -0.028323957716   -0.339598800281    0.2336    0.5615   0.061   18
50477.251   -0.332868219682    0.254602799643    0.3186    0.4951   0.221    6
50483.168    0.247302461703    1.555502402084    0.3468    1.1658  -0.028   17
50491.251    0.044272953991   -0.505699197717    0.2885    0.7998   0.304   12
50491.251   -0.150706925001   -0.840599999208    0.3419    1.2802  -0.583    8
50505.251   -0.260571826335    0.198399600748    0.3641    0.6135   0.052    7
50505.251    0.728044137235   -2.263100398281    0.5587    1.1853  -0.422    4
50519.255   -0.060819412233    0.269402401187    0.4133    1.0051  -0.176    5
50526.253   -0.088545908776   -0.286700397822    0.2538    0.5204  -0.168   23
50533.251   -0.835372511437    4.071801599892    1.1304    5.6985  -0.944    3
50539.172   -0.506532684046   -1.016697599709    0.0804    0.2844   0.363  187
50540.253    0.367152479787   -1.176098399469    0.2318    0.5377  -0.125   13
50541.272   -0.148173975799    1.204401602450    0.1852    0.5696  -0.173   44
50547.251    0.015054593084    0.342500402439    0.2709    0.7653   0.265   11
50547.251   -0.058136202659   -2.394500399561    0.4080    1.5752  -0.747    5
50555.272   -0.161590022078    0.646801201398    0.2742    1.6096  -0.260   19
50560.082    0.096595536702   -1.130900400526    0.3533    1.0789  -0.199   10
50569.272   -0.861163519951    1.104699602195    0.3957    0.7632  -0.212   20
50575.251   -1.296884519948   -8.191897198984    1.0493    4.6859   0.931    6
50575.251   -0.165317894420   -0.404697600231    0.8026    2.3015  -0.757    3
50575.751    0.361635801062    0.038102401234    0.1746    0.3932  -0.098   90
50583.272   -0.015505372610    0.031201201622    0.4240    0.6176  -0.426   29
50588.082    0.872636923134    3.356099999507    0.0626    0.2312  -0.253  244
50589.251    0.069763443350   -0.755499598881    0.3015    0.8131   0.203    6
50589.251   -0.482977683510    0.234500399898    0.4158    0.8913  -0.153    3
50603.251   -0.252074996813   -0.369698399894    0.2624    0.5581   0.196   14
50617.251   -0.484319288297    0.356400000712    0.2467    0.6806   0.277   12
50617.251    0.518453288825   -3.776799599464    1.2227    6.2193  -0.940    4
50631.251   -0.272496009044   -0.115898398079    0.3476    0.8319   0.175   12
50631.251    0.320643517818   -1.096397999589    3.3131   15.2481  -0.987    3
50639.272    0.034581202123   -0.489797997361    0.3781    1.2082  -0.046   28
50645.251    0.540516424202   -0.206197200114    0.2734    0.6466   0.163   16
50645.251    0.141315692288   -0.678398399856    1.0627    4.7967  -0.920    3
50653.272    0.194679359837   -2.544098397550    0.4025    1.8746   0.021    7
50654.331    0.906774500798    1.050699600924    0.0670    0.2011  -0.119  246
50659.251    0.455698388563   -2.008497598638    0.2898    0.6699   0.148   14
50659.251    1.016188623400   -2.309299199865    0.8107    3.1769  -0.773    3
50665.168   -0.144149161439    0.066402000698    0.2756    0.9038  -0.002   29
50673.251    0.110605467017   -0.408999598989    0.2724    0.5798   0.104   13
50673.251    0.057388481909    0.243702002578    0.4147    2.2037  -0.638    6
50681.272   -0.693015733516    1.489600801108    0.3538    1.6228   0.391    4
50687.251   -0.234931078193    1.587999600616    0.2985    0.8548   0.247   12
50687.251   -0.478058465959    0.442702802417    0.5017    2.4947  -0.439    6
50695.272    0.782005265957    3.603402002383    0.4380    1.2477   0.176   18
50700.090   -0.190210921812   -0.271400399754    0.0898    0.2576  -0.131  217
50701.251    0.451373055048    0.898200000776    0.3742    1.8013   0.616   13
50701.251   -0.116422664896   -2.172898798491    0.4478    1.8918  -0.787    6
50707.000   -2.063538250803   -0.234997199300    0.9558    0.9450  -0.004    4
50715.251   -0.152796250538   -0.696898797869    0.3039    0.9469   0.440   11
50715.251   -0.634729271280    2.215702802033    0.5850    2.6188  -0.799    4
50728.167   -1.381706133518   -0.132299998157    2.2573    1.4521  -0.716    4
50729.251    0.100620351062    0.217501201050    0.4206    0.9967   0.283    7
50729.251    4.602297921277  -23.062899599680    4.0711   19.8250  -0.994    3
50742.167   -0.364769789368   -0.350499597346    0.4008    0.5762  -0.267   12
50743.251    0.022059558241   -0.400399198597    0.3361    0.7140   0.318    9
50743.251   -0.237317345748    1.889200802196    0.3418    1.2733  -0.256   10
50751.272   -0.300519447606   -1.567699199256    0.2834    1.2086   0.176    8
50757.251    0.343300537232    1.717401600132    0.3309    0.6346   0.074   12
50764.253   -0.405762073407    3.846999602075    0.5185    2.1161  -0.750    4
50770.002   -0.006561341493    0.763502400503    0.2548    0.6469  -0.070    6
50771.252    0.643372783242    0.372902400159    0.3639    0.5443   0.017   13
50777.001   -0.044870415958   -1.728500398812    0.3202    1.2169   0.263    7
50778.253    0.517859404788   -1.598698798944    0.2583    0.8723  -0.234   19
50785.252    0.388618154786    0.086799601107    0.7518    2.8871   0.851    5
50792.250   -0.420669984844    0.640299602139    0.3037    0.8366  -0.302   13
50793.272   -0.057241799468    1.438200000692    0.1764    0.4870   0.136   35
50797.999    0.427971891225    0.017801999874    0.4100    1.3896   0.555    4
50799.219   -0.777833769950    0.122101199551    0.3624    1.6717   0.708    8
50800.340   -0.310955343087   -0.451497597709    0.0585    0.1052  -0.165  248
50805.085    0.297389036437   -0.810500399595    0.2704    0.9331  -0.270    9
50806.166    0.378629460106   -0.607499999106    0.2718    0.7100  -0.157    9
50813.168   -0.215998353190    0.074300402630    0.2817    0.5431   0.306   12
50820.250    0.077662811699    0.390402001926    0.2427    0.8893  -0.379   17
50826.171    0.077813071276    0.134402399610    0.2384    0.6890  -0.106   23
50827.252    0.623545655048    1.138701600212    0.3085    0.9163   0.429   23
50834.254    0.467025109304   -1.005598797832    0.6522    0.9423   0.103    3
50840.167    0.226430670741   -0.125899198267    0.2603    1.2858  -0.002   33
50841.252   -0.313488292289    0.760302000558    0.5613    1.0495   0.372    4
50843.001   -0.850130162502    0.771102001451    0.9493    3.4066   0.903    4
50848.254   -0.280395377393   -0.200397599315    0.3596    0.8712  -0.222    8
50854.079    0.139974087502   -0.449398799773    0.1100    0.2330  -0.401  213
50857.001    0.494304404252   -0.028097997529    0.2681    0.5365   0.197   17
50862.254   -0.334506765692   -1.542797998155    0.7787    0.8173   0.452    5
50869.252    0.176344096007   -0.980697599928    0.2829    0.7467  -0.049   15
50876.254   -0.033987318087   -0.076697998352    0.2787    0.6511  -0.324   10
50883.252    0.069763443350   -1.133697599798    0.2946    0.6862  -0.133    7
50890.254    0.018335263830   -0.093099598431    0.4007    0.7850  -0.268   10
50897.252   -0.355378556655   -0.001897199198    0.4556    0.7163   0.354    6
50904.254    0.092123520746   -0.093599998152    0.4413    0.6940  -0.004   12
50911.252   -3.351925941229  -10.913399998103    1.2008    3.8365   0.956   11
50911.252   -0.194833197345    0.055800001419    0.5664    0.9313   0.411    3
50912.271    0.165017375265   -0.363898799094    0.2275    0.4844   0.124   15
50917.001    1.602323184310    4.419900001196    0.7133    2.7769   0.826    4
50918.254    0.638156624467    0.307501202101    0.2921    0.5547   0.046   21
50919.324   -0.071999451328    2.498500801451    0.0626    0.1822  -0.260  292
50925.252    0.251177016486   -0.393397199616    0.4642    1.5819   0.485   20
50926.271   -0.413961960910    0.521701200640    0.2449    0.5370  -0.154   28
50932.254    0.059624489093   -0.511099198164    0.3190    1.0001   0.069    7
50937.999   -0.009838434308    0.160801199556    0.4747    1.6434   0.276    8
50939.252   -1.245309658781   -1.205697599360    0.5514    0.9409   0.511    9
50940.271    0.335100649729   -0.789897600129    0.2895    0.8017  -0.213   13
50946.254   -0.409339686171   -0.567799199658    0.3400    0.6772  -0.161   15
50953.252    1.593379153193    1.509102001762    0.5290    0.9675   0.264   10
50954.271    0.236569624204    0.117702001745    0.2112    0.5084   0.132   30
50960.254    0.324367812229    0.535302001126    0.3191    0.6373   0.022   16
50967.252   -1.554773136709   -5.020297198755    0.5485    2.9527   0.583   11
50974.254    0.231500147869    0.918702000874    0.2440    0.4496  -0.058   18
50979.999    1.269902167019    3.406402801431    0.7052    2.4572   0.714    5
50981.252    1.590992885638    1.869699601542    0.6613    2.5795   0.564   14
50982.271    0.029068101330    0.209800800732    0.2716    0.3297  -0.190   28
50988.254   -0.012521643882   -0.548600400307    0.3398    0.4785   0.099   10
50989.324   -0.267576791493   -0.326397600148    0.0993    0.3064  -0.234  128
50994.167    5.057996309840   25.199301602186    4.6417   15.3425   0.970    8
50995.252   -1.133806210642   -1.702299600481    3.8254   12.6227   0.971    6
50996.271   -0.677063159311    0.829501200528    0.4431    1.3750   0.009    7
51002.254   -0.231203205851    0.551001599547    0.2399    0.4292  -0.042   25
51007.959   -0.280545636970   -0.784097999329    0.5114    0.9922   0.537    6
51009.252   -0.641587554791   -5.153198399199    2.9297    9.9386   0.972    6
51010.271   -1.107124376867    0.537800402611    0.8359    0.6789  -0.813   14
51016.250    0.320493257446    0.491601601027    0.4772    0.6407  -0.001   14
51023.252    0.893358454519    0.122702401839    0.6812    2.8553   0.668   12
51024.268   -0.244769512501   -0.566499599230    0.3104    0.9769  -0.066   16
51030.254    0.144446103457   -0.428198398339    0.3596    0.6565  -0.087    7
51036.087    0.892760993346   -0.476999997900    0.0470    0.1286  -0.208  306
51037.252    0.054855531913    2.174101199870    0.5139    1.0195   0.200   20
51044.254    0.131924459575    0.131302802231    0.2920    0.6070  -0.202   13
51049.999    0.017587543080   -1.807099199880    0.4226    1.8227   0.246    6
51051.249    0.021465674999    1.540400402433    3.3761   11.8218   0.984   11
51052.271   -0.666777524201   -0.059799598873    0.4169    0.7025  -0.322   23
51058.254    0.451076113030    0.157500000242    0.2884    0.6385  -0.035   24
51065.252    1.074625345214    0.893102401633    1.7749    5.7915   0.973    8
51065.811   38.300577484872  578.219500801325   59.3314  158.3223   0.797    3
51072.250    0.068121318615   -0.366800398055    0.3199    0.4926   0.237   17
51079.249    0.277561908242    0.398102402244    0.4080    0.8097   0.223   10
51080.717   27.476807902680  -25.369599598690   68.8956  178.1094   0.779   10
51085.001    0.065438109835    0.123300000610    0.4060    1.6985   0.374    4
51086.254    0.553188327661    0.248400001368    0.2881    0.5034  -0.382   14
51088.084    0.362233262235   -1.888599599909    0.0772    0.2245  -0.336  207
51091.999    1.287493287235    5.021200802346    3.2365   10.7309   0.993    4
51093.252    0.517412203192    1.960700402037    1.9463    6.9235   0.919    9
51094.271    0.925853908242    0.000000000000    0.3263    0.4190  -0.191   36
51100.250   -0.094956989897    1.120100399632    0.3328    0.7564  -0.019    8
51107.252    1.369925056114    5.474502000524    0.7977    2.7367   0.832    9
51108.271   -0.205862976863    0.850899600380    0.2435    0.6548  -0.210   16
51114.251    0.345983746806   -0.185799599706    0.2992    0.5778   0.004   14
51122.268   -0.368644344151   -0.728099999492    0.2458    0.6700   0.266   10
51123.353    0.483124365157   -1.045800000199    0.4071    0.9459  -0.303   18
51128.251    0.122382967285    0.721299602446    0.2812    0.6607  -0.077   15
51130.457   -0.134460986708    0.056800800863    0.2524    0.5035  -0.119   17
51135.249   -0.507724028461    3.543602400313    0.5917    1.0009  -0.233   13
51142.251    0.046061760373   -0.240699597853    0.2287    0.4486   0.164   19
51149.249   -0.296494633245   -2.170299597637    1.7532    6.2135   0.962    7
51155.001    0.287400342551    1.527800401391    0.4387    1.7478   0.583    6
51156.251    0.171278196809    1.044201601985    0.2696    0.5125  -0.028   16
51163.249    0.593436468086    1.420700402122    1.0524    3.7793   0.875    9
51164.271    0.292469819679   -0.090298798838    0.2092    0.5640  -0.164   33
51169.166   -0.416047709311    0.453502800113    0.1036    0.1907  -0.104  107
51170.251   -0.083032807982    0.556599601609    0.2532    0.4907   0.109   12
51176.164    0.466130706113   -3.596097598901    0.4063    2.7997  -0.590   15
51177.249   -0.110458785371    0.006300000521    0.6849    1.3726  -0.015    8
51184.251    0.028917841752    0.020901600450    0.2425    0.4524   0.035   12
51191.249   -0.317513106649    0.375400801644    0.4541    0.7758   0.107   12
51192.272   -0.355078037500    1.250499601468    0.3681    0.7892  -0.264    9
51198.251   -0.398606848672    0.404200800830    0.2959    0.6632  -0.076    7
51205.249    0.928537117815    4.407400799522    1.2485    3.8129   0.905   15
51206.272    0.438851411166    0.789901200449    0.5040    2.6834  -0.607   11
51207.042    0.928089916220    0.125499601111    0.4400    0.6693   0.407    7
51212.251   -0.809137879258   -0.491000398739    0.3705    0.6193   0.044   12
51214.000  -15.517446881395  -28.819497597965    2.7121    6.0382   0.937    5
51219.249    0.321834862233   -1.431500399818    0.6581    1.3615  -0.365   25
51221.002   42.464170677424   91.895702401246    1.8961    4.5122   0.950    4
51224.918    0.645011329253   -0.881697598132    0.8234    0.5853   0.198    4
51226.251   -0.088846427930   -0.070397997831    0.3377    0.5079   0.124   10
51227.891  -77.105004443422  -16.781299198243    9.0804    3.7209  -0.510    3
51228.000    6.873634637766   -5.157597600203    1.4799    0.8197  -0.843    4
51233.249   -0.330782471281   -0.467297998696    0.3948    1.1596   0.102   17
51240.251   -0.008496829522    0.026100002160    0.3122    0.6947  -0.405    8
51246.084   -0.049789632715    0.031201201622    0.0762    0.2195  -0.295   90
51247.249    0.131623940421    0.534301201682    0.3593    0.6389  -0.335    6
51254.251    0.364766212232   -0.092397599971    0.2770    0.5105  -0.065    8
51261.249    0.061563555052   -0.915598799978    0.3533    0.6380  -0.361    5
51268.251    0.044866838027   -0.066398400378    0.2087    0.6004  -0.151   25
51275.249    0.903347148405   -1.118300399483    0.5941    1.3552  -0.106   17
51275.249   -0.011627240691   -0.393598798354    0.2568    0.5083  -0.094   10
51276.268    0.717161040158   -0.350697598961    0.4883    0.5696  -0.028   11
51282.251    0.009537915154   -0.659797199276    0.3632    0.5953   0.037   11
51284.084   -0.051875381116   -0.499899600115    0.0664    0.1889  -0.211  209
51288.084   -1.000092944684   -0.566798400214    0.4240    0.3989   0.117    3
51289.249   -0.194235736172   -1.156298397831    1.2818    5.2342   0.833    4
51289.249    0.130135653193   -0.212997600357    0.2963    0.5348   0.360    9
51296.251   -0.526506493887    0.636602399595    0.3962    0.7763   0.022    6
51297.270   -0.307377730322   -0.246898799006    0.2545    0.7125   0.080   11
51303.249    0.389959758778    1.499202000943    0.4526    0.5821  -0.006   19
51304.272   -0.348670533515   -1.461797997848    0.2996    1.0974  -0.226   16
51309.086    0.237610709836   -0.048797999241    0.0682    0.2002  -0.252  209
51310.251   -0.227926113035   -0.380599200156    0.3838    0.6996   0.192    6
51317.245   -0.340767588030    2.065100401083    0.5471    0.8430   0.113   21
51324.251    0.223003318348    0.448700401634    0.3510    0.5478   0.239   14
51331.249   -1.370225575268    0.369000001754    0.7723    1.1231   0.144   17
51338.251    0.112544532977    0.676202399674    0.3286    0.6379  -0.111    9
51344.080   -3.718480959843    0.697100399805    0.7822    0.3520   0.252    3
51345.249    0.112544532977    0.425502001633    0.6075    0.8076   0.483   14
51351.086   -0.617138151063   -0.109299599771    0.2410    0.2475   0.494  315
51352.251   -0.266235186706   -0.457199999460    0.4821    0.8142  -0.128    5
51354.373   -2.398341958513  -23.109699600354    2.2417   17.6816   0.802    4
51359.249   -0.362383521813    2.106601200680    0.8388    1.7298  -0.176   35
51366.251   -0.159504274472    0.639500401434    0.2712    0.5782   0.185   20
51373.249    0.859371135638    0.827801999748    0.4288    0.4283   0.210   21
51374.268   -0.666183640164    1.872900001487    0.2821    1.0326  -0.207   21
51379.082   -0.918702261437    0.932799600761    0.7111    0.6582   0.454    3
51380.251   -0.234483876597    0.653101201920    0.2912    0.5919   0.061   19
51387.249   -0.232544810638   -0.486097197694    0.6572    1.2337   0.145   21
51393.082   -0.120744420480   -0.443599198974    0.0804    0.1965   0.123  272
51394.251    0.749957013830    1.379502000631    0.3159    0.6019   0.160    9
51401.249    0.094359528724    1.916701200955    0.5385    2.6761  -0.004   19
51402.268   -0.167553902398    1.106701201081    0.2538    0.9831  -0.286   25
51408.251   -0.292770338834    0.182001600990    0.2756    0.6729  -0.284   17
51415.249   -0.537089071809   -2.848399199706    0.5264    1.6370   0.062   32
51418.164   -3.510979436174  -22.391197200378    1.5907   15.1218   0.655    5
51422.251   -0.234634136175    0.596199601688    0.3392    0.6578   0.168    5
51429.249   -1.217583162238    0.795801600617    0.6999    1.4266  -0.301   25
51436.251    0.599697290424    1.991700001724    0.3065    0.5433  -0.110   14
51442.084   -3.009816749206    2.436001202355    0.4560    0.4264   0.107    7
51443.249    0.194085476595   -0.089099997780    0.3879    0.5553   0.057   12
51449.166   -2.426218715428  -12.948300000204    0.5239    1.5668  -0.061    4
51450.251    0.142954239093   -0.385199999897    0.2697    0.5841   0.064   20
51457.249    0.094506211165    0.505702801235    0.5840    1.1445   0.298   24
51464.251    0.518900490420    0.504500399856    0.3268    0.6325   0.203    4
51471.250    0.872490240693    5.261601602413    0.6067    1.7895   0.352   21
51473.083   -1.086252585905   -3.330698398685    0.9190    2.7590   0.337   10
51475.088   -0.129541769951   -0.942897599998    0.9967    3.2705   0.421   16
51477.083    0.511001122071    2.992301999782    0.3272    0.4092   0.019    9
51478.251   -0.742057645481   -0.344599200375    0.3059    1.0111  -0.089    9
51484.084   -0.020274329790    0.580100399716    0.3825    0.6276  -0.123   24
51485.250   -0.586134560910   -0.335699998999    0.5116    1.1580  -0.291   35
51487.291   -0.663797372609   -0.122198398600    0.1936    0.2964   0.022   32
51491.126   -0.394732293889    1.256601600375    0.6315    0.8044  -0.292    9
51492.251   -0.343304115163   -0.047199597830    0.2975    0.5602  -0.143   15
51493.292    0.604913449200    0.747601200146    0.6273    0.4816  -0.631    9
51494.333   -2.018220634044   -1.967997598484    3.0120    2.2848   0.759    3
51498.084    0.646653453989    2.292400800386    0.2768    0.4418   0.135    8
51499.250    0.375051848136   -0.359798399074    0.2379    0.7175   0.051   22
51506.251    1.591887288829   -0.324197999646    1.6749    0.7882  -0.498    4
51513.246    0.583744716219   -0.150800399368    0.4410    0.7610   0.108   16
51519.083   -0.400993116227   -0.554997599878    0.3780    0.5458   0.383    5
51520.251    0.025340228988    0.302702400745    0.2761    0.5066  -0.143   11
51527.250    0.321537920215    1.501300802076    0.3315    0.6509  -0.429   25
51528.269    0.489832389090   -0.286099198732    0.3032    0.7798  -0.131   19
51533.086   -0.456743051331   -0.167597999479    0.0423    0.1712   0.086  292
51534.251    0.074532400530    0.279601199793    0.3276    0.5847   0.136    5
51541.250    0.744290075529   -0.395899198224    0.4288    1.0802  -0.214   41
51554.085    1.855886468352    2.359299600485    0.3995    0.4291   0.127    7
51555.253    1.118003896808    0.852501602111    0.4026    0.6859  -0.247   10
51556.269   -0.050533776329    0.741301199625    0.3028    1.6647  -0.376   13
51569.250    0.521437017553   -0.936698398846    0.3956    0.5856  -0.222   15
51575.072   -0.571376909845   -1.527598799456    0.1542    0.2828   0.285  276
51576.252   -0.151007444950    1.073502000892    0.1936    0.4428   0.043   19
51578.001    1.379019346808   -0.886197598504    0.9461    0.6781  -0.697    5
51582.085    0.911246516754    1.457301600993    0.6115    0.6344  -0.438    5
51583.250   -0.249688729258    1.624201202333    0.4054    0.9227  -0.440   17
51584.999    1.066128515692   -2.516997599145    0.5108    0.6058  -0.525   17
51589.083    0.151451068615    0.065901600976    0.5492    0.7260   0.317    3
51590.252   -0.253863803196   -0.639097197563    0.4901    0.5601  -0.008    5
51602.710  154.784655735233   44.793900000428   17.2760   10.0636  -0.824   18
51604.252    1.235317386965    0.000399600353    0.9395    1.1328  -0.311    6
51618.252   -0.247602981652   -1.506499197390    0.5503    0.6759  -0.347    4
51625.250    1.073580682446   -2.119597198558    0.4171    1.1071  -0.329    4
51632.252    0.142507037498    0.972802801513    0.4320    0.7422  -0.063    8
51639.250    0.185438386702   -0.693899999860    0.3778    1.0271  -0.016    7
51646.252   -0.029815822080    0.848199600156    0.3779    0.8921  -0.364    6
51653.246   -0.000447201596    0.318700800150    0.2277    0.3361   0.260   36
51659.083   -0.072446652129    0.456202800336    0.5741    0.6590   0.170    5
51660.252   -0.185588647073    0.093002402579    0.3039    0.8601   0.033   14
51673.083    0.039353737234   -0.451799999013    0.7101    0.7714   0.350    5
51674.252    0.012221123933   -0.460497598453    0.2989    0.6764  -0.088   13
51675.267   -1.524062911438    0.401702402542    0.6360    0.8551   0.129    8
51687.087    0.451076113030   -3.874399198267    0.1423    0.3909  -0.672   46
51688.252   -0.764417723672    1.251900001265    0.5005    0.5802  -0.141    7
51702.248   -0.762031456116   -0.442699198899    0.7874    1.0220  -0.399    8
51715.079    5.839557952132   20.860502400666    6.9243   23.1665   0.994    3
51715.708  -17.718572952939    4.500302399535    2.5037    2.9105  -0.060   36
51716.252    0.211376077657    0.130899601558    0.3001    0.4722   0.035   15
51723.246   -0.118361730856    0.147700801989    0.3257    0.3476   0.377   35
51732.286   -0.060672729792   -0.593398798898    0.0816    0.2164   0.062  267
51736.227    0.087501246007    0.349599600469    0.3116    0.3746   0.659   28
51738.266    0.318704451858   -1.266098400521    0.3335    0.9575  -0.372   40
51744.252    0.405758495476    0.381902400903    0.4794    0.5271   0.073    5
51750.085   -1.757802644422   -0.633898799052    0.5215    0.9340   0.065   29
51758.252   -0.664988717819    0.184802400582    0.4699    0.5631  -0.237   10
51766.583   -0.305588923940   30.153902402219    1.1315   14.4612   0.714    8
51771.083   -0.735349622342    0.606700801598    1.5707    1.0052   0.010   23
51772.252   -0.503101753722    1.158001202128    0.6945    1.0638  -0.519    6
51778.224   -0.362086580589   -0.012898798829    0.3025    0.4599   0.617   34
51780.273   -0.579426537771    2.263100401478    0.2920    0.7460  -0.399   25
51786.252    1.090277399471   -1.014397199839    0.5920    1.0556  -0.328    7
51794.708   36.105265033277   84.899699999852    7.4845    4.8402  -0.244   39
51800.252   -0.267873733511    1.589400000412    0.5591    0.9377  -0.006    4
51802.075   -1.320139001329   -0.339199199928    0.5722    1.0666  -0.121    7
51806.228   -0.705090175803   -0.344599200375    0.3214    0.3771   0.294   21
51808.266   -0.558257804790    2.998702799673    0.3959    0.9236  -0.052   19
51808.478   -7.906226614104   21.376800000539    0.5264    1.8373   0.553   10
51813.226   -0.397862705058   -0.233798398241    0.4250    0.5031   0.424   12
51820.166   -1.236812829259    6.774699601308    0.2376    0.5921  -0.049   31
51827.083   -0.895598039633   20.713500000014    3.2686    7.1561   0.946    5
51828.249   -0.172172600000    0.484599602046    0.5869    0.9190  -0.151    5
51829.271    1.219368390690    0.117802801114    0.3454    0.4638   0.492    8
51834.162   -0.151751587770    0.993200401922    0.2943    0.5481   0.085   10
51836.266    0.047850566755   -0.325598399442    0.2575    0.7085  -0.244   38
51841.083   -1.023644367289   -0.889797598802    0.0561    0.1700   0.274  154
51842.252   -0.241191899737    0.186300002625    0.5100    0.9562  -0.233    6
51843.290    4.925925167823   31.996299600223    0.5271    2.2150   0.450   14
51848.228   -0.316024819421   -0.157399197676    0.2370    0.3624   0.327   30
51850.266   -0.436171779523    0.425901601986    0.6884    1.4107  -0.326   25
51851.288    0.100620351062   -1.424199599853    0.2320    1.0160  -0.011   22
51861.709 -143.984591413154  204.670299601162    6.0251    5.2470  -0.303   69
51862.082   -1.208338611172   -1.960797597889    0.1698    0.3901  -0.145   20
51870.249   -0.190507863830    0.756500401522    0.7250    0.5467   0.406    4
51876.228    0.129835134039    0.293601600632    0.2635    0.4051   0.279   22
51883.083    0.045017097605   -0.703799997481    0.0673    0.1554  -0.065  103
51884.252    0.294555567286    0.605401201170    0.6487    1.0518  -0.769    3
51885.286    0.803918142552    4.960000800480    0.9768    8.4094   0.765    5
51890.228    0.100470090691   -0.100897197797    0.6877    0.7473   0.127   19
51892.266    0.431996705585   -1.839999599085    0.3042    0.7727  -0.219   49
51897.084   -0.016546457448   -0.219797997403    0.3869    0.4786   0.141   32
51898.249    0.018335263830   -0.233798398241    0.2842    0.4605   0.067   12
51912.249    0.052322582711   -0.639097197563    0.3580    0.4999  -0.365   10
51918.085    0.139376626329    0.952300801416    0.3535    0.4688  -0.217   28
51920.266   -0.850280422874    1.555700400502    0.3320    0.8335  -0.191   30
51926.249    1.022152502925    0.212000401234    0.7068    0.6817  -0.226    4
51932.224    1.563863850268    2.132701199642    0.1666    0.2321  -0.060   26
51934.266    0.254010485637   -0.699300000306    0.5513    1.2021  -0.102   30
51939.084   -0.257291155589   -1.079600399478    0.0907    0.2094  -0.106  260
51940.249   -0.119105874470    0.650502001065    0.3417    0.4713  -0.196    7
51946.224    0.293958106113   -0.071197198537    0.1948    0.2649   0.088   22
51948.266   -1.334896652395   -1.023998399674    0.2546    0.5828  -0.300   22
51953.080    0.081240423669    0.386802001628    0.3705    0.6460   0.485   31
51954.249   -0.452271035375   -0.546699597592    0.3465    0.5624  -0.101    9
51955.268   -3.582531685907    0.863902802095    0.5352    0.5048  -0.426   11
51955.271   25.110664455872  210.938201999866    0.9638    8.6278   0.724    8
51959.709 -165.318044823282  254.625800399566    3.8622    5.7782  -0.338   54
51960.082    0.505784962502   -1.300100398538    0.6172    0.7525  -0.168   12
51962.266    0.930626443352   -1.748397599499    0.2447    0.7459  -0.294   28
51968.245    0.441387938298   -0.265597198634    0.2491    0.4393   0.022    9
51982.245    0.316765385899    1.110301201379    0.8351    0.6279   0.572    4
52002.082   -0.687649315164    0.425102401280    0.6895    0.8881   0.372   12
52004.266   -0.179327824735    1.262001600821    0.4521    1.1887   0.325   41
52009.168   -0.162187484045   -0.084200400252    0.0589    0.1438   0.051  202
52010.249   -0.279204032184    0.166802402291    0.2856    0.5178   0.042    9
52016.228   -0.322432323406    1.498701601221    0.1359    0.3395  -0.251   39
52018.266   -0.004472015956    2.924499602486    0.4072    1.3155   0.171   46
52018.288    4.855861205318   23.182102800590    1.0882   12.1063   0.739    4
52024.249   -0.133863525535    0.579700802561    0.3040    0.4644  -0.197   10
52031.247    0.109564382180   -0.972597599258    0.3661    0.6017  -0.071    9
52032.266    0.070657846541    0.269301601818    0.4945    0.8025  -0.286   47
52037.226    4.237828651064  -17.273797199024    0.4893    2.9009   0.545    7
52038.245   -0.458682117291   -0.397497599636    0.4523    0.6442   0.139    4
52039.272    0.794079708244   -2.205698398328    0.0657    0.1631  -0.128   89
52044.228    0.754725971010   -8.023100398447    0.2035    0.5673  -0.283   27
52045.247    3.587747844682    0.434401199811    0.4010    0.5315   0.148    7
52046.266    0.343300537232    0.391802401722    0.3655    0.7570  -0.115   51
52046.288   -0.513984850799  -11.957000397800    0.5118    2.1993   0.408   10
52051.226   -0.071105048137    0.111502800593    0.1980    0.5780   0.108   25
52052.245   -0.884267740961   -2.715598798630    0.3607    0.6523  -0.021    3
52054.079   -0.647547857180   -0.853200000250    0.7218    1.2162   0.135   17
52059.247    0.180071968349   -0.941497200202    0.3536    0.6391  -0.035    6
52060.266    0.678104244943   -0.789800397882    0.2403    0.7147  -0.207   15
52065.080    0.152792673402   -0.238798798335    0.5900    0.8512   0.382    5
52066.245   -2.068904669950    0.804099599705    0.5380    0.6753  -0.561    6
52067.286   -0.086012958780   -4.513899599701    0.5733    1.7574   0.729   10
52072.228   -0.497141451333   -0.127699198416    0.2855    0.4414  -0.054   29
52074.266   -0.236422942557   -1.245898798530    0.2362    0.6989  -0.298   19
52074.708  -42.447180595517  -54.136400399329    5.0524    3.6087   0.509   38
52081.264   -0.474033652393   -0.303199200147    0.1746    0.4738  -0.093   48
52086.225    0.335547851325    0.221799599487    0.3031    0.7477  -0.152   21
52087.247   -1.120239903991    3.048602400924    0.6982    1.7787  -0.853    3
52088.266    0.354630835905   -2.007500399515    0.5537    1.0794  -0.001   43
52093.248    0.228816938296   -0.360500397534    0.8457    0.5279   0.374    4
52094.267   -0.312744149469    0.873000001889    0.4222    0.5508   0.491   31
52096.083   -0.193191073404   -0.361097999502    0.0800    0.1993  -0.217  133
52100.225   -0.234036675002   -1.562799598531    0.2597    0.6754  -0.278   30
52101.247   -1.021558619683   -0.406998000102    0.3597    0.7496  -0.251    5
52102.266   -0.201390960907    3.268501200893    1.1848    2.7790  -0.411   37
52107.226    7.805008801869   -8.726997598174    0.7279    1.1316  -0.060    3
52108.249    0.328095684571   -0.971697599184    2.1589    1.0374  -0.580    3
52109.268    0.649036143613    0.498402001270    0.3851    0.4066   0.372    9
52114.079   -0.823298069150   -0.919598397431    0.5717    0.5741   0.177   14
52116.263    0.471797644415   -3.191799599023    0.6061    0.9700  -0.406   40
52122.249    1.308361501061   -1.743300000356    0.3661    0.5493   0.044    6
52123.265    0.534105343081    0.415299599510    0.2961    0.2822   0.405   15
52128.082    0.382056813293    0.166701599724    0.3568    0.3235   0.073   17
52129.251    0.426776968880   -1.709099997527    0.8177    0.8371   0.482    6
52130.266   -2.449322936438    0.298202400373    0.7405    0.8595   0.239   33
52135.223    0.066035571008    1.058702402545    0.4128    0.8164  -0.314    7
52136.249   -0.574654002661   -1.361897999175    0.2461    0.5461   0.222    7
52137.268    0.011029779518   -0.130499998008    0.2796    0.2944   0.468   12
52142.228   -0.197663088565   -0.594899998063    0.2873    0.6707  -0.185   24
52143.251   -1.255294774736   -0.388299600473    0.2839    0.5090  -0.028    8
52144.266    0.322432323406   -0.951098400037    0.3712    1.0728  -0.319   40
52149.227   -0.336742773670   -0.655999197363    0.1880    0.5646   0.077   30
52150.249   -0.978924211703    0.130301999590    0.2610    0.5399  -0.143    5
52151.268   -0.455401446544    0.964501202105    0.3227    0.3101   0.270   12
52157.251    1.235317386965    0.060901200882    0.7799    0.9197   0.395    3
52158.266   -1.171818343089   -0.249098399507    0.4526    1.1255   0.067   46
52163.227   -0.327949002130    1.907402402423    0.2711    0.4482  -0.276   28
52164.249   -0.001788806382   -0.982299598462    0.4256    0.7048  -0.323    4
52165.265    0.152048529788   -0.369298799541    0.3797    0.3687  -0.015    9
52171.251   -0.554232990430   -1.803297597647    0.3087    0.6037  -0.114    9
52172.267   -0.084821614365    1.026100801127    0.4653    0.9587  -0.206   18
52177.081   -0.921535729794   -3.302697600205    0.8419    1.6388   0.779    4
52178.249   -0.005813619948   -0.738597599081    0.5187    0.7566  -0.346    4
52179.268    0.139823827924    0.572101201612    0.4049    0.3619   0.252   10
52186.267    0.071251729784   -2.196899999518    0.3496    1.2963  -0.457   15
52193.290    0.816590046011   -0.374399999004    0.4344    0.6876   0.091   11
52193.703   66.783885836221  -52.761499198439    4.8555    5.0368  -0.074   30
52198.166   -3.015630369154    0.027302400341    0.3012    0.4194   0.134   43
52200.267   -0.808540418085    3.974500802073    0.4766    1.9483  -0.741   12
52201.289    1.630643564890    2.117401201573    0.4281    1.5119  -0.674   14
52205.227   -1.142599982182   -1.312898397998    0.2565    0.5791  -0.180   14
52207.265    1.827412250264   -0.021898799574    0.8065    0.4051   0.184    4
52212.082   -0.089740831122    0.127800000982    0.0687    0.2740  -0.202  147
52213.459    5.423957444417   -0.713599198932    7.8419    4.5430  -0.453    7
52214.267    0.339873184839   -2.012997599010    0.4515    1.7500  -0.404   18
52219.227   -0.494011040164   -0.245699997947    0.3441    0.6323   0.018   13
52220.249   -0.056497655854   -0.408297600529    0.3445    0.7731  -0.606    4
52221.268   -1.290773957981    0.168400800504    1.0178    0.4081   0.319    4
52228.267   -0.081540943618   -0.255999599119    0.3342    1.6264  -0.785    8
52242.267    0.168741669677   -0.436298399009    0.2772    0.5017  -0.122   19
52242.712  -15.284007667566  -16.122898798443    1.8298    2.7880  -0.103   25
52247.227    0.097042738298   -0.482497197396    0.1457    0.3939  -0.226   30
52248.249    0.393090169947    0.234500399898    0.2734    0.5826   0.297    9
52249.265   -0.170086851600    0.093700800718    0.4115    0.4627   0.190    8
52257.081    0.539772281383    1.570899602399    0.9380    1.7615   0.709    4
52262.250    0.309162958774   -0.982198799093    0.2661    0.5236  -0.246    7
52263.269    0.632192744147    1.474700400195    0.4854    0.7376  -0.001    7
52271.249   -0.139827405855   -0.396298798577    0.2377    0.4270   0.072   14
52282.203   -0.073491315692   -3.558099597356    0.2677    1.4531   0.141    4
52285.271    0.218681561969   -1.203397199490    0.2706    0.4880   0.064    6
52289.205   -0.323627246546    0.355500000637    0.3231    1.0347   0.015   16
52291.250   -0.360891657449   -0.867797999859    0.1060    0.2855  -0.172   57
52297.204    0.192890553455    0.395701199807    0.2172    0.3331   0.007   16
52299.271   -0.179628344684    0.616701601786    0.2755    0.9029  -0.197    4
52303.205    0.011180039095    0.162900000689    0.4436    1.0355  -0.243   16
52304.224   -0.070808106119    0.667900800266    0.2030    0.5713  -0.119   30
52306.269    0.783497130321   -0.320299198364    0.6493    1.1994  -0.683    3
52310.203    0.201240701330   -2.257700397834    0.2006    0.9858  -0.137   15
52312.245    1.675066778458    4.553301601362    1.2497    4.6114   0.879    6
52313.268   -0.092720982713   -0.004399197806    0.2589    0.7335  -0.237    4
52317.205   -0.314532955057   -0.033800399279    0.2929    1.4113   0.333    6
52318.228   -0.515773656387   -0.018597600260    0.3885    0.5924  -0.279   30
52320.269   -0.224795701866   -1.116399599965    0.3223    0.4795   0.308    7
52325.204   -0.122833746811    0.238302002131    0.1574    0.6968  -0.161   13
52326.712 -567.085266657663  303.893099999542   82.8704   42.9599  -0.989    3
52327.271   -0.304247319947    0.121302002043    0.2696    0.5409  -0.173    4
52331.201   -0.292022618084    1.502999999659    0.3237    0.8795  -0.576   29
52338.203   -0.176347673938    1.472400000324    0.3492    0.7354  -0.191   43
52339.222   -0.347922812765    0.484502399800    0.9698    1.2932  -0.167    4
52340.245   -0.659325357448    0.598500001558    0.0574    0.1485  -0.118  177
52367.208   -0.642929158783   -0.451699199644    0.5915    1.4652  -0.599   15
52368.241   -0.331079413299    1.142402399879    0.3519    0.5870  -0.007   19
52369.271   -0.060372210637   -0.116398797800    0.2568    0.5885  -0.445    6
52373.205    0.236269105049    0.218199602386    0.3228    0.7620  -0.104   33
52374.228    0.950002792814    0.525099602200    0.4326    0.5372  -0.212   55
52380.203   -0.247302461703    0.196599600599    0.2884    0.6209   0.402   30
52382.252   15.036258004268   33.221401201189    4.3012    8.6717  -0.793    8
52383.268   -0.588667510906   -0.946299598681    0.3885    0.7691   0.023    9
52387.205   -0.125813897609   -1.692997198433    0.3015    0.6364  -0.321   35
52394.207   -0.945237412771   -0.334699199556    0.2680    0.8625   0.051   31
52397.271    0.086159641221   -1.984597200178    0.3297    0.8883  -0.295    5
52402.228   -0.140124347873    0.255402000349    0.1893    0.2910  -0.036   27
52403.251   -0.019977387771    0.115199999939    0.0537    0.1393  -0.184  175
52410.242    1.074027884041   -1.526598000012    0.5126    0.8163  -0.045   14
52421.710  -22.641965170766   17.173501200318    2.2939    2.3631  -0.406   46
52424.249 -167.326427023017 -254.395497598736   45.0101  109.5316   0.468    3
52425.272   -0.206757380054    0.066902400420    0.5633    0.7906  -0.542    4
52438.245    0.159350436964   -3.206998797722    1.8051    2.0253  -0.100    7
52439.272   -0.225092643884   -0.494499599668    0.3428    0.6273   0.042   12
52444.228   -3.565838546018    0.477900001172    1.4622    1.9169   0.422   20
52445.251   -2.712724653993   -6.747598799706    0.7761    0.7680   0.353    8
52451.226    0.273240152658    0.570301201464    0.3579    1.0706  -0.398   38
52453.272   -0.704195772611    1.115701201826    0.3918    0.7568  -0.671    4
52465.226    1.065827996538    0.187002001084    0.3772    1.0268  -0.481   27
52466.245    1.348312699468    0.596501999794    1.1541    1.0164   0.189    9
52471.688 -400.314564489440  258.532401602096   12.4591    7.9995  -0.794    6
52473.251   -0.055753513035    3.348399602388    0.5100    0.8689  -0.450   11
52474.270    0.635172894945   -0.135799199086    0.5459    0.6504  -0.329    5
52480.253   -7.680540086182    0.964501202105    0.1325    0.3273  -0.094  119
52481.272    0.228369736700   -1.827097199936    0.6074    2.5344  -0.707    4
52488.270    1.184189727393    1.140300001623    1.2634    0.9265  -0.025    3
52493.226    1.141852261432   -0.566499599230    0.7292    0.9681  -0.404   33
52501.251   -0.029665562503   -0.291697197596    0.3914    0.6127   0.214   19
52502.270    0.433188050795   -2.062799998015    0.4005    1.2649  -0.247    6
52509.272    0.110755726595    0.524199602125    0.2311    0.6843  -0.288    7
52519.999    1.079691244412    0.515901599840    1.0795    1.9862  -0.466   17
52523.268    0.131924459575    1.317402001888    1.0417    2.8311  -0.725    3
52529.251   -3.552869700540    0.199602002127    0.3680    0.6787   0.117   12
52530.270   -0.411872635373    1.576101601231    0.2964    0.7265   0.008    7
52535.226   -0.029068101330    0.243000000921    0.3426    0.2925  -0.368   24
52543.244   -0.008350147875   -1.232999999701    0.1579    0.4063  -0.600   70
52556.228   -0.125516955591   -1.012697999059    0.2135    0.4044   0.228   25
52557.251    0.332270757714   -0.813099600450    0.3191    0.3391   0.176   13
52558.270    0.145787708244    0.234702001833    0.4763    0.7510   0.066    6
52563.226    0.088993110371    0.133599601781    0.4027    0.4525  -0.093   26
52564.242   -0.389959758778    1.126602002088    0.2195    0.3397  -0.068   15
52565.243   -0.473289508779    0.753001200593    0.3063    0.2696   0.030   14
52566.236   -0.118061211701    0.305902800690    0.1792    0.3500  -0.144   20
52567.241   -0.250880074468    0.529102799973    0.1408    0.2776  -0.112   21
52568.241   -0.151304386174   -0.502599600338    0.1122    0.1936  -0.036   26
52569.238   -0.171578716758    0.341802001103    0.1610    0.3570  -0.242   19
52570.243   -0.216298872344    0.007700400317    0.1919    0.4039  -0.256   21
52571.244    0.415747189362    0.121600799829    0.1753    0.3430  -0.149   21
52572.237    0.173363945210    0.178502400061    0.2100    0.3995  -0.129   18
52573.242    0.087350985636    0.646401601045    0.2831    0.4668  -0.253   23
52574.242   -0.680941291230    0.355500000637    0.2099    0.3814   0.125   16
52575.236    0.104197963033    1.263999602585    0.1827    0.4845   0.016   18
52576.244   -0.119105874470    0.401101200254    0.1767    0.2977   0.061   21
52577.245   -0.262657574736    0.324302402532    0.1747    0.3710  -0.246   17
52578.242   -0.101815273408    0.114102001447    0.1610    0.2258  -0.283   24
52584.228    0.180966371540   -0.343799999669    0.1966    0.3442   0.137   26
52585.247   -0.262657574736   -0.116600399735    0.3318    1.0169  -0.380    9
52592.249    1.257977984309   -0.488898000484    0.2560    0.2543   0.009   11
52593.272   -0.275923361437    0.168101999520    0.3161    0.8909  -0.005    6
52598.225    0.038906535638    0.018701999949    0.4282    0.7413  -0.165   11
52612.228    0.021612356646   -0.147999599776    0.7090    1.4832  -0.108   24
52613.244   -0.708667788567   -0.759999599254    0.1440    0.5599   0.149   11
52620.246   -0.046362280322    0.863902802095    0.1240    0.2955  -0.347   93
52626.225    1.150649610108   -1.472198398389    1.1985    1.4527  -0.296   26
52627.291    6.330435003196  -24.727100399247    1.1783    3.5387  -0.979    7
52646.204    0.024596085374    0.100000801240    0.1487    0.2445   0.099    9
52648.249   -1.366200761702    2.824599600615    0.7022    2.1552  -0.823    8
52653.202   -0.249391787240    2.015499600816    0.3181    0.9048  -0.469    4
52655.248    0.457487194151   -1.722398399906    0.8106    2.9447   0.483    4
52661.205   -0.324371389366    1.431601202384    0.2782    0.3845  -0.020    5
52667.206   -0.220323685910    0.300402000875    0.2256    0.3608   0.001    9
52674.208    0.282330865422    1.006902001777    0.2530    0.3031   0.130    5
52681.206   -0.157862150531   -2.834099997884    0.1897    1.2263  -0.206    4
52683.244   -0.093615385110   -0.515797200151    0.1606    0.6229  -0.556   27
52684.270   -0.178433421544   -0.289897197447    0.2348    0.4531  -0.001   15
52689.205   -0.383999456389   -0.100699199379    0.1941    0.2531   0.011   15
52691.272   -0.083626691224    0.263102400666    0.3950    0.8140  -0.142   10
52695.206   -0.200346298139    0.281700000926    0.1699    0.3623   0.014   16
52697.251    4.941426962502   -9.777898797836    1.0317    3.3574  -0.841   10
52698.270    0.439599131916   -1.011697199615    0.3555    0.8913  -0.373    4
52702.204   -0.145340506649    0.430002002005    0.1163    0.2813   0.012   20
52737.202    0.367449421805   -1.792799998057    0.2815    0.8188  -0.308    3
52738.221   -0.714928610111   -8.186000399135    0.4356    1.3116  -0.040   26
52739.303   -4.722151516497    0.487101600655    0.4718    0.3414   0.161    7
52739.584  -38.165969815723  -40.775799597625    4.9612    3.9323   0.727    4
52744.204    0.008643511963    0.312501602195    0.1414    0.2400  -0.097   18
52751.202   -0.170086851600   -0.620499600501    0.1282    0.5043  -0.042   19
52753.244    0.239399516218   -0.145699199905    0.3885    0.4381   0.220    6
52754.270   -0.289042466492   -0.498697198736    0.5739    0.5862  -0.108    3
52758.204   -0.411575693355   -0.874497597536    0.1346    0.4316  -0.018   23
52765.202    0.051725120744    0.526402799750    0.4190    0.4125   0.172    8
52766.225   -0.933012710907   -4.437197997831    0.2391    0.8434  -0.057  146
52767.244    0.053216985108   -0.313898398474    0.0668    0.1427  -0.137  272
52768.271   -1.016192200536    0.205300800360    0.7292    0.9181  -0.604    3
52772.204   -0.099725947871    0.385401601832    0.1910    0.2787  -0.069   10
52779.206    0.629806476592   -0.471297599347    0.2545    0.3335  -0.048   12
52780.225   -0.684218384840    0.103600801538    0.4120    0.3996   0.083   42
52780.587   77.270615702724   74.283699601096    7.7355    5.8720   0.863    9
52781.248    0.282184183775   -0.216097197736    0.6546    0.3224  -0.237    6
52787.205    0.009838434308   -0.548197199635    0.2119    0.4161   0.159   19
52788.250    0.973257273402    1.117900802328    0.6930    1.6308   0.050   18
52789.269    0.587919790156   -0.948599998551    0.3274    0.5284  -0.066    5
52793.206    0.099278746275    0.128602802008    0.1846    0.3677  -0.212    6
52800.204    0.386679088826   -0.536399999618    0.2657    0.7552  -0.233    7
52807.206   -0.145937967821   -1.393898398305    0.1896    0.4381   0.051   11
52807.586 -744.399192770312 -500.083199998969   25.4538   19.0494   0.963    4
52808.225   -0.446160473409    4.143002401946    0.3996    1.7587   0.128    7
52809.248   -0.326310455325   -0.626997599440    0.1812    0.3136   0.041  111
52810.271    0.208843127661   -0.527598000488    0.3463    0.7988  -0.059    5
52814.204    0.233138693880   -1.637499598317    0.3834    1.0157  -0.644    8
52817.269    0.158756552927   -1.762700398444    0.3669    0.8073   0.124   17
52821.206    0.469411376860    0.242701199937    0.1992    0.4069  -0.102   13
52828.204   -0.253563284041   -0.783698398976    0.2033    0.5269  -0.103   18
52830.246   -0.178433421544   -0.280299597932    0.0605    0.1451  -0.180  436
52835.203    0.403672747870    0.794401200821    0.1436    0.3984   0.042   15
52836.583  -19.020974150816   58.413801600565    2.1499    2.2304  -0.427   35
52837.244    1.336238257181  -14.578199997572    0.4913    5.1860  -0.824    3
52842.204   -0.080496280850   -0.697597199206    0.3430    0.5878   0.103   18
52849.206   -0.118508413297   -0.361897200207    0.2709    0.5310  -0.380    8
52856.208   -0.027726496543    0.112100402561    0.3153    0.3863  -0.215   11
52863.206   -0.051728698675   -0.461699999832    0.4086    0.9203   0.374   20
52870.204   -0.266532128724   -0.860097599542    0.3154    0.6146   0.165   16
52877.203   -0.201838162503    0.523702799526    0.4170    1.0271  -0.170   20
52885.205    0.345386285633   -0.411699599212    0.1680    0.3620   0.023   10
52891.203   -0.343897998405    0.408902399940    0.2141    0.4858  -0.093   16
52892.583    3.324346127127  -14.576000400268    8.9643    9.1464  -0.449    7
52898.205   -0.377885317286    0.052001999507    0.2404    0.4197  -0.365   11
52899.224    3.901236136971    0.202201199784    1.5709    2.0072  -0.123    5
52900.250    0.558404487231   -0.387698398185    0.0413    0.1183  -0.455  272
52905.206   -0.443623946276    0.168602402439    0.5314    0.5656  -0.423    7
52906.225   -0.746529660643    0.299300402062    0.8285    2.0877  -0.723   26
52912.205    0.034134000528    0.313401602270    0.1743    0.3965  -0.158    9
52914.586   25.905491885659   29.591301601073    2.4282    2.5558   0.505   14
52915.269    1.476062085106    0.213300001661    0.8039    0.8059   0.727    3
52919.203    0.654552822338    0.773100000018    0.2371    0.3280   0.287    6
52921.241    0.990104250798   -0.005000400094    0.4187    0.6746  -0.554    7
52926.205   -0.212274057984    0.684201600976    0.1752    0.3668  -0.188    7
52927.238   -0.006260821544    0.501901202199    0.2659    1.1370  -0.133   31
52929.269   -0.495202385374    1.048402801374    1.1477    2.2031  -0.561    4
52933.203   -0.057241799468    0.602499602209    0.1782    0.5709  -0.370    8
52940.205   -0.008350147875    0.274899600683    0.1990    0.5333  -0.237   15
52947.203    0.184543984305   -0.693799200491    0.1931    0.8412   0.120   12
52954.227   -0.059331125005    0.640400401508    0.1497    0.4619  -0.194   21
52955.582    8.929720721816   28.213200000238    3.2840    2.9445   0.524    7
52961.203   -0.130733115160    0.202100400415    0.1687    0.3343   0.156    9
52962.229    0.132668603189   -0.995000398873    0.3853    1.0381   0.441    6
52968.205   -0.101514753459    0.608101201394    0.1839    0.3163   0.169   13
52975.203   -0.033393434844   -0.166399198420    0.2634    0.3421   0.016    8
52976.229   -0.088846427930    4.183801199886    0.4514    3.1433   0.184    4
52983.227   -0.114633858514    0.452300401932    0.1237    0.4608  -0.406   13
52989.229   -0.237317345748   -0.212997600357    0.2164    0.5356  -0.150   12
52990.229    0.084073892820    0.119800799681    0.7765    1.3706  -0.055   39
52991.252   -0.021766194154   -0.396597599561    0.0515    0.1083   0.015  165
52996.205    0.011476981114   -0.509000400228    0.1492    0.6669  -0.105    6
53003.203   -0.385638003194    1.142499602125    0.3393    1.0291  -0.859    4
53010.205   -0.210038050801   -0.641098799647    0.3314    0.7436   0.114    3
53017.203    0.266084927129    0.266900402579    0.1936    0.2972  -0.037    5
53018.226   -0.060672729792    0.826502402518    0.8336    0.9054   0.250    7
53025.206    0.202728987764    0.875800801481    0.1825    0.6862  -0.341    6
53031.203    0.030109186168    1.275501601938    0.2012    0.6661  -0.551    5
53038.205    0.029515302925   -0.429098398413    0.2526    1.1301  -0.023    5
53040.250   -6.161095872347   -4.929098399842    0.6778    0.4485   0.026    4
53041.269    0.049338853189    0.273902401560    0.3108    0.5878   0.186    5
53045.207   -0.081244001600    0.121899600813    0.2132    0.5004  -0.144   10
53046.226   -0.172920320750    0.603399602284    0.5882    1.3870   0.359    4
53048.271    2.237349397608   -2.117199599638    3.9126    2.9147  -0.958    4
53055.269    0.012074442286   -1.125597599128    0.2120    0.5377  -0.142   30
53062.271    0.291575416488    0.544201202501    0.3074    0.4415  -0.157    9
53066.205   -0.214359806385    0.189601201939    0.2380    0.2237   0.184    5
53066.585  -17.814424346027   47.190700799860    2.5667    2.6308   0.051   11
53068.250   -1.187023196544    1.125201602292    0.1064    0.2565   0.193  124
53069.269    0.106133451856    0.677001600380    0.2794    0.4704  -0.034   25
53101.583   -5.205576401602   -3.622499999167    1.8672    1.9999   0.114   12
53102.230    0.605807852391   -0.549197999078    1.5231    1.4405   0.528   56
53109.246    0.045761241219    1.072602000818    0.2028    0.4955  -0.058   56
53111.269   -0.237911228990   -0.331599598979    0.5219    0.6061   0.447    4
53122.205   -0.216298872344   -0.092199598356    0.2272    1.1438  -0.263    4
53129.207    0.306630009572   -0.534499200100    0.1672    0.4106   0.008   10
53131.252    0.224792123936   -1.313499600286    0.0966    0.2253  -0.279  125
53136.227    0.074979602126   -0.539999999916    0.1544    0.3693   0.260    8
53137.224    0.052469264358    0.262900801928    0.2792    0.4216   0.183   35
53138.247   -3.821637837243  -16.292797197792    0.9323    0.8707   0.150    4
53143.207    0.197512828988    0.389300399917    0.1620    0.2951  -0.201   11
53145.581  -43.633903272112  -25.542698397985    7.9166    9.4651  -0.457    8
53150.205   -0.054859109844   -2.548799999857    0.2283    1.9840   0.071    5
53152.251    3.284545188297    3.494602802334    0.3645    0.3801   0.203    3
53164.205   -0.025640748937   -4.601897998668    0.1808    1.4711   0.125    9
53167.270    0.157264688563   -4.894999199578    1.0937    8.0805  -0.701    3
53172.237    1.546272730051    6.683202001412    0.7766    3.3832   0.753   10
53181.270   -0.275028958246    0.731300402634    0.2883    0.8287  -0.184    7
53193.206   -0.174709127133   -0.605397597653    0.2605    0.8755   0.071   25
53195.270    0.318257250263   -0.513399598034    0.2839    0.6101  -0.189   11
53199.225   -0.080943482445   -0.061898400006    0.2166    0.3073   0.062   14
53200.230    0.142507037498   -1.142398799558    0.4843    1.1593  -0.175   61
53201.256    0.072593334570   -0.021697197639    0.0825    0.2022  -0.253  201
53206.205   -0.004919216757   -0.085798798466    0.2320    0.4173  -0.082   12
53207.228    0.690479206384    0.192902401253    0.6409    3.2362   0.702   16
53213.207    0.700167381115   -0.454197597932    0.4382    0.5123   0.108    8
53227.225   -0.143254758248    0.145202400503    0.2864    0.2975  -0.099    7
53234.205    0.074829342548    0.591001199979    0.2085    0.4350   0.303    8
53244.268    9.189992028996  -18.596098798440    6.3181   11.2764  -0.971    3
53254.995    0.944489692021    1.689699602636    1.8613    3.1043  -0.572   16
53256.204   -0.178136480320   -2.428099200102    0.2329    1.0372  -0.427   26
53257.253    0.689434543615  -11.426198400244    0.5712    2.2845  -0.096    4
53262.224    0.882625617019   -0.258397198039    0.3107    0.2847   0.269    8
53262.582  -81.144425863101   18.476402401646    5.1171    4.2367   0.299   14
53264.247    1.717103725265   -1.666598398486    2.5145    2.1726  -0.899    3
53265.270    0.380715208507    0.889300802598    0.4996    0.7159   0.245    3
53276.205   -0.652170131919    0.201002401923    0.2830    0.2980   0.013   15
53278.247   -0.128497107182    0.096602399680    0.5155    0.3460   0.217    4
53285.253    0.025637171006   -0.947397600370    0.0614    0.1784  -0.211  159
53297.204    0.064693966222    0.499701601697    0.1444    0.2533   0.155   23
53304.224   -0.159203754523    1.154602800568    0.2202    1.0722  -0.408   11
53305.228   -0.714331148938    0.253800001815    0.8445    3.0089   0.796    8
53307.270    0.964016300266   -2.364800400301    1.8071    2.0273   0.178    3
53318.206   -0.124025091227    0.267400802301    0.1744    1.4539  -0.264   20
53319.225    1.750643841756   -2.604398399342    1.5130    5.1207   0.723    3
53321.270   24.821174787784  -23.604098397456   17.2386   15.9577  -0.997    3
53325.226   -0.008944031117   -1.098399598476    0.3007    1.5051  -0.328   14
53326.223    0.626826325795    0.485200801137    0.4981    1.0244   0.129    8
53327.249    1.182697863029   14.519401201341    0.3763    0.8399  -0.191    7
53332.206   -0.175750212765    0.038901601940    0.2398    0.4704   0.059   12
53340.226   -0.892167109310    0.227102400885    1.1920    1.6947   0.616    5
53341.249    0.000296942018    0.348400802608    0.0794    0.1546  -0.044  137
53346.228    0.032645714094   -1.303199999114    0.3641    0.7372  -0.012   12
53347.225    0.347475611170    0.605700002154    0.6587    0.5866   0.150    9
53348.251   -0.124919494418   -0.241599597928    0.4580    0.8580   0.501   14
53353.204    0.107027854253    0.262501201576    0.2324    0.5669   0.012   17
53354.223   -2.966885399207    4.783402800257    0.7479    1.9896  -0.446   70
53356.272   -0.200943759312    0.327700800895    0.2596    0.4480  -0.188   13
53360.206    0.108222777393    1.958202000552    0.1875    1.3217   0.166    8
53367.226    1.141405059836    1.516701599513    0.7557    4.0293   0.807    3
53377.266    0.151898270211    0.861202801872    0.2449    0.5180  -0.117   10
53383.249    3.731449804526   -3.649298399466    0.5257    0.6122   0.297    7
53390.247   -0.905583156383    1.918101600751    0.3419    0.9860  -0.747   14
53403.225    0.452864919412    0.414399602633    0.4812    1.2275  -0.078   16
53404.247    0.066332513027    0.327902399633    0.4857    0.7228   0.331    9
53410.227    2.205000625532   -6.128398799632    0.2101    0.5287  -0.569   11
53411.253   -0.034881721278   -0.169199998012    0.1103    0.2458   0.026  108
53412.268    0.236866566222   -0.119498398377    0.2791    0.3004   0.088   19
53416.206   -0.005069477129    0.809600399521    0.3353    0.3583  -0.260    8
53417.225    1.860208223936    0.440600400964    2.3602    3.6084   0.692    4
53418.255   -5.930193186445   18.650199602277    0.8306    2.9512  -0.934    3
53419.270   -0.048151085910   -0.335897997417    0.1888    0.6208  -0.095   35
53426.268    0.269065078721   -0.585597599212    0.2584    0.7348  -0.204   12
53433.270   -0.008797348676   -0.714599998375    0.1977    0.7951  -0.239   21
53466.227   -0.593139526068    0.187801201790    0.2998    0.5447  -0.136   21
53467.246    0.522331420744   -0.397497599636    0.2049    0.3939  -0.204   11
53475.270    0.417535995744    1.135601999636    0.5844    0.8148   0.224    8
53481.249   -0.305885865958    2.682100800655    0.5700    1.1722  -0.330    4
53482.269   -0.598802887233   -0.006397199570    0.6434    0.6654   0.041    6
53486.206    0.707172346273    0.572799599752    0.3448    0.4136   0.473   24
53488.251    0.381015727661   -0.762699599477    0.2358    0.3738   0.014   56
53493.204   -0.042484148403   -0.180899998981    0.1580    0.2223   0.093   16
53496.269    0.022953961433   -0.523198799485    0.6508    0.7448   0.206    5
53500.206   -0.272943210640    1.670799601072    0.3692    1.0418  -0.176    8
53503.201    6.319405224473   -5.557899599751    0.2837    0.5557   0.056   80
53503.270    3.645139903728   -5.298300000334    7.6018    6.4516  -0.990    4
53507.204    0.516814742019    0.211301999897    0.2799    0.3726  -0.087   19
53514.206    0.004024814360    0.282902402304    0.2336    0.3189  -0.047   16
53516.248   -2.766539101068    7.476602399592    0.5923    2.4684  -0.892    6
53516.584  -11.402448399212   20.258499601056    2.0423    1.9394   0.071   18
53523.418    2.257920669416   -0.250397999935    0.1764    0.4324  -0.284   45
53528.206   -0.210485251602    0.230500802445    0.2638    0.2325   0.083   16
53535.204   -0.605063708777   -0.167497200110    0.2731    0.3789  -0.057   14
53537.582    6.549563767555    2.573902799696    2.9957    3.4930   0.360   10
53542.206    0.212120220476    0.179002799783    0.2956    0.3106  -0.229   17
53543.225   -0.036523846014    0.008200800039    0.3051    0.7564  -0.071   25
53551.250    0.456889732978   -0.929498398250    0.0794    0.1994  -0.293  176
53552.269   -0.152198789365    0.714502802523   13.8851   12.7692  -0.986    4
53552.287   -2.722713348673   -1.535799599495    0.2188    0.4979   0.019   36
53555.994   -0.225539845480   -0.157899597397    1.2248    3.0513  -0.478   54
53557.207    0.542154971007    1.662102001632    0.2506    0.8465  -0.025   15
53563.204    0.172172600000    1.073401201523    0.1974    0.9046  -0.049   14
53564.223   -1.939663419153    0.698400000232    0.2034    0.4930  -0.122   11
53565.250   -9.171656765166   29.996402401977    1.3345    4.4034  -0.869    3
53565.586   -5.178146847078    3.506101201367    1.3936    1.5538  -0.097   28
53566.269    0.434529655582    0.116002800965    0.2958    0.3949  -0.021   12
53573.271   -0.475228574738    0.233802001759    0.2806    0.5123  -0.183   10
53584.202   -0.132224979524    0.477302402402    0.1962    0.3025  -0.022   44
53587.271   -0.166659499207    0.128199601335    0.3961    0.6291   0.093    8
53594.269   -0.026982352929    0.506800799727    0.4330    0.7919  -0.315   15
53598.210   -0.628171507717   -0.094197600120    0.2954    0.5427  -0.180   27
53600.248    0.117166808510   -0.435898798656    0.2004    0.6317  -0.197   25
53601.271   -0.220323685910    0.231400802519    0.3383    0.4327  -0.209    9
53605.208   -0.189166259044    1.548201602120    0.2098    0.8295  -0.193   29
53607.250    0.173067003192    2.322900000351    0.1164    0.2875   0.126   66
53608.269   -0.037418249205    0.169599601563    0.2471    0.3533   0.106    9
53612.206   -0.391004421547    1.365300001055    0.2523    0.8605  -0.504   26
53615.271   -0.311699486701   -0.344998797530    0.4692    0.8288  -0.714    4
53618.996   -2.392828857720    3.142501200060    0.7506    1.9455  -0.191   65
53620.205    0.230008283505   -1.788998399022    0.3370    1.4373  -0.341   24
53622.269    1.649426030316    0.193600802589    0.6919    0.7369   0.388    8
53626.195   -0.178433421544    0.700902002038    0.1870    0.3037   0.317   12
53626.498   -0.250880074468    0.240602402002    0.2360    0.3340   0.251   12
53627.196   -2.067563065163   11.728501200636    0.5121    2.5348  -0.718    7
53627.499   -0.722827978460    3.373200000922    0.4017    1.7762  -0.465    8
53628.197    0.086903784835    0.554799601460    0.2061    0.4530  -0.146   15
53628.500    0.112544532977    0.247500001294    0.2397    0.5243  -0.130   15
53629.198    0.055452993086    0.124200000684    0.1939    0.2590   0.209   10
53629.501    0.071999450534   -0.073400399359    0.2118    0.3057   0.096   12
53630.195   -0.147129313031   -0.563497197703    0.2312    0.4800  -0.119   10
53630.498   -0.125663638032    0.452800801654    0.2675    0.3232  -0.027   13
53631.196   -0.167253383243    0.418500002652    0.1560    0.1942   0.105   21
53631.499   -0.217490217554    0.539499600194    0.2026    0.3431   0.191   22
53632.196   -0.024896605323   -0.100699199379    0.3140    0.2479   0.308    6
53632.500   -0.659325357448   -0.325299598458    0.3754    0.3277   0.279    6
53633.197    0.458975481378    0.706500000902    0.1861    0.2607   0.177   18
53633.500    0.584492436969    0.587901602600    0.1981    0.3316   0.190   20
53634.205    0.021315415422   -0.495799200095    0.2894    0.6566  -0.194    9
53634.501    0.377584797337    0.292899602172    0.2563    0.6145  -0.113   12
53635.195   -0.156670805321    0.943801200393    0.2382    0.5509  -0.220    6
53635.498   -0.178583681916    0.757400401596    0.2826    0.5877  -0.081    6
53636.196   -0.022063136172   -0.208198799001    0.2802    1.1860   0.124    4
53636.499   -0.166212297611   -0.466999197712    0.3595    1.2693  -0.180    6
53637.197   -0.767100932451   -0.921099599793    0.4294    1.6353  -0.170    3
53637.500   -0.904391811173    0.163000800057    0.4711    1.0518   0.141    4
53638.197   -0.460918124474    0.225500402351    0.1337    0.2682   0.091   21
53638.497   -0.366558595750    0.025401600823    0.1524    0.3168   0.092   22
53639.198    0.749062610639   -0.317098798419    0.2467    0.3805  -0.272    6
53639.501    0.904835434838   -0.227797198704    0.2604    0.4820  -0.263    8
53640.199    0.231650407447    0.435999601223    0.1447    0.3542   0.043   14
53642.248   -0.129988971546   -0.697899600510    0.1222    0.2349  -0.543  108
53643.271   -4.118279152929    1.850900402545    3.0541    1.9639  -0.948    4
53647.208    0.553932471275   -2.453299198990    0.7614    1.7930  -0.736   36
53650.269   -0.283972989363   -0.167997599831    0.4426    0.2978   0.060    5
53654.206    0.081687625265   -0.231299999953    0.3253    0.3085   0.189   15
53655.225    0.295002768881    1.039899600030    0.1800    0.4829  -0.033   20
53661.204    0.445112232710    0.697500000157    0.4024    0.6712   0.016   30
53662.227    0.700464323133   -0.149497198620    0.4387    0.6810   0.119   12
53668.206    2.193223125264   -3.230499599027    0.8550    2.1400  -0.661    6
53671.267    0.031897992550    0.146102400578    0.1857    0.4148  -0.050   16
53682.203   -0.644270763570    2.384802000677    0.5660    1.7075  -0.499    7
53683.225   -0.203179767290    0.006901199612    0.5950    1.4533   0.351    5
53684.248    0.273687353459    0.861901200011    0.5834    1.0124  -0.008    8
53689.216   -0.475375256385    0.795700801248    1.6457    4.1329  -0.984    7
53690.227   -0.169192449203   -0.080697599003    0.1942    0.6756   0.121   23
53696.203   -0.113739455323    1.289001599858    0.4869    0.4082  -0.012    4
53703.205    0.634875953721    0.201200400340    0.2923    0.7691  -0.060   16
53704.242    0.344194940424    0.111099599920    0.4265    0.4050  -0.094   16
53706.269   -1.901053825534    0.868600800885    4.8215    4.3355  -0.968    3
53711.225    0.189312941485   -0.021798000205    0.1118    0.1850   0.044   19
53712.248    0.097636621540   -0.071398800472    0.1513    0.5039  -0.088   46
53713.271    0.242232985369    0.112302001298    0.3227    0.4447   0.377    6
53718.224   -0.703151109843    1.185699602502    0.8570    1.3799  -0.090   80
53719.250    0.089737253191    0.288701999906    0.1215    0.2037   0.271  121
53720.269    0.601335836435    1.977202801484    0.4976    0.6947   0.663    8
53725.226   -0.192597189367    1.737802800861    0.5225    1.6838   0.094   10
53740.270    1.508260597605    1.454500801401    6.0355    5.3725  -0.983    5
53745.205    0.399200731914    0.536399999618    0.4775    0.2788   0.369    5
53748.287   -0.267426531916    0.742899601036    0.3977    0.6843  -0.281    6
53755.267   -0.303503176334   -0.826898399353    0.2766    0.6135   0.089    9
53760.227   -0.499674400535   -1.508400000105    0.4426    1.3316   0.167   45
53761.246    0.182755177923    1.126000799800    0.4629    1.5973  -0.846    7
53762.269   -0.697187229523    1.187701201388    0.2487    0.8038  -0.388    8
53766.207   -0.295453548407   -0.218300398558    0.1681    0.2135  -0.027    9
53767.226   -0.287550602128   -0.638899199146    0.6633    1.4165   0.361    3
53769.271    0.645759050798    1.472799600677    0.3742    0.5733  -0.074   10
53774.227    1.967536598137   14.035201199647    0.5026    2.0094   0.422    8
53776.269   -0.184694243882    0.319500000856    0.2403    0.7292  -0.177   16
53780.207   -0.324968851333   -0.127299598063    0.2131    0.3162   0.008   14
53781.222    1.985721602390    0.953499602474    0.3280    0.7919   0.655    6
53783.271    0.314232435903    0.246002402449    0.3808    0.6120  -0.112   14
53787.205   -0.490283167822    0.324601200319    0.1842    0.3779   0.142   18
53790.269   -0.322879525002    1.383901201635    0.3010    0.7880  -0.475    5
53794.229   -0.159203754523   -0.103697997389    0.2121    0.3592   0.160   12
53797.271   -0.260571826335   -0.008899198178    0.2604    0.4911  -0.002   19
53832.269   -0.097343257452   -0.141897597672    0.3222    0.5576  -0.108   30
53836.207    0.437660065956    2.116501201499    0.2794    0.5541   0.611    8
53838.270   -2.050866347344    2.436501602077    2.8285    1.9486  -0.873    3
53846.277   -0.810329224467    4.477302001149    2.3348    7.0154  -0.981    3
53850.203    0.359249533507   -0.458600399256    0.3010    0.6201   0.048    6
53852.249   -0.950006369951   -0.999597598295    0.2369    0.8542  -0.458   24
53853.271   -0.650381325536    0.503402401364    0.2962    0.5279  -0.193   15
53858.202    0.692564954785    0.222202800160    0.2418    0.4093   0.274   24
53860.269   -0.170237111971    0.098802000181    0.4098    0.7681  -0.281   12
53867.271   -0.911099834312   -1.256198399702    0.4824    1.1470  -0.086    4
53871.205    0.623545655048   -0.308098797674    0.3745    0.6262  -0.166   15
53874.269    0.230455485101   -0.245397599841    0.2414    0.4971  -0.050   13
53879.226   -0.247452721280    0.279900000777    0.2567    0.4026   0.066   43
53884.997    0.119549498135   -0.825699598295    0.3768    1.0581  -0.092  130
53888.269   -0.033393434844   -2.270098800139    0.3511    0.6391   0.139    9
53895.271   -0.452120775798    0.401900400959    0.2079    0.4311  -0.121    8
53900.268   -0.473736710374   -0.037097998273    0.2523    0.6378  -0.156   17
53906.203   -0.605063708777   -0.257399998915    0.7049    3.0795   0.541    7
53908.249  -32.191060050828    6.501200400422    1.4170    1.4596  -0.439    3
53909.271   -0.547675226868    0.017301600153    0.6917    0.8496  -0.634   10
53914.224   -0.500865745745   -0.582397199267    0.7354    0.5027   0.037   25
53915.247   -0.030710225271   -2.137899598154    0.6073    2.1518  -0.840    4
53916.270    0.296344373668    1.193500802188    0.2985    0.6721  -0.182   12
53919.995   -0.961633610641    1.391900399739    0.8756    2.1278   0.137   53
53923.268   -0.651425989099    0.007902002253    0.2924    0.4851   0.121   10
53927.205    0.789757952659    0.248201999753    0.4434    0.3993   0.017    5
53928.228   -0.433935771545    0.371001600641    0.1989    0.3255  -0.274   83
53930.270   -3.633065462236   -1.085400000278    1.6370    3.5630   0.253    3
53936.245   -0.763970522076    4.767501599900    0.3789    1.8078  -0.636    9
53937.271    0.930179241757    2.224299602105    0.3669    0.9827   0.049    8
53949.226    0.419475061704   -0.900597599696    0.2486    0.4670   0.156   59
53958.270    2.361818113294    1.776502800865    0.9283    1.2553   0.706    3
53969.238    0.294705826863   -0.353300400135    0.3359    0.6351   0.038    6
53972.270    0.240594438564    1.361602801708    0.4926    0.7060  -0.187    6
53978.249   -0.241936043351   -0.189799200356    0.0876    0.2233   0.029  184
53982.993   -1.986916524736   -5.982897598145    0.3900    0.8220  -0.245   75
53984.210   -0.065738628990    0.610599599682    0.3964    0.5145  -0.037    3
53986.273   -0.420669984844   -0.586598398655    0.7143    1.4039  -0.376   10
53991.230   -0.416197968888    0.262101601223    0.4437    0.4091  -0.180   11
53992.249    0.316915645476   -1.389200399515    0.1819    0.3210   0.259   50
53998.228   -6.743502561709   -7.458800399718    0.5407    1.5438  -0.628    5
54000.270   -1.212810627128    2.610900001798    1.0956    2.0052  -0.773    5
54004.207    0.055749935104    0.030999599687    0.2088    0.4837  -0.081   16
54013.251    0.827619825529  -12.798298798344    0.3643    1.4229  -0.823    4
54014.270   -0.332421018086   -2.411499598409    0.5666    1.6523   0.396    4
54019.230    0.421560810104    0.692301601646    0.3082    0.3093   0.175   15
54021.272   -0.436322039100   -0.549597599431    0.4833    0.8441  -0.078   10
54032.207   -0.866529938303    0.071902800514    0.4704    1.0001   0.214   18
54035.268   -3.043804067293    3.308101200972    3.1542    3.0909  -0.956    3
54039.209    0.054855531913   -0.149000399219    0.2347    0.6214   0.189   15
54042.270   -0.378929980055   -1.313099999933    0.5609    1.2329  -0.131   15
54048.249    0.030409706116   -0.411397197908    0.0769    0.1259  -0.240  210
54053.205   -0.059628067023    0.435600000870    0.3474    2.8577  -0.399    6
54054.224    0.395175918348   -1.783497599206    0.3810    1.3027  -0.093   50
54055.251   -0.803027317291    0.021002399819    0.7691    1.7459  -0.592    6
54056.270    0.819867138827    0.094402802375    0.6365    1.0453  -0.636   17
54060.207   -0.050533776329   -0.770900399516    0.3395    0.4250  -0.055    7
54067.209    0.908116105584    6.320199602072    1.1695    9.2424   0.947    4
54084.270    0.923170698668   -0.428000399921    2.3717    3.3550  -0.862    4
54088.207    0.662752709841    1.424300402419    0.5703    4.3948   0.951    8
54091.272   -0.256396753192    0.333802799801    1.1186    1.1280  -0.768   11
54098.270    0.697781113560   -1.432598398310    1.2808    2.0914  -0.788    6
54105.268    1.600534377928    0.348400802608    1.1954    1.9435   0.248    3
54108.997    0.076170947335   -0.171197999776    0.4892    1.3491  -0.283  107
54123.209   -0.183799840691   -0.975599997588    0.1618    0.4291   0.051   42
54125.251    0.134904611167   -0.628397999236    0.1461    0.2363  -0.268   54
54126.270    0.825981278724   -1.589097599108    2.9624    4.3100  -0.475    3
54133.272    1.156910431652    0.502002001568    0.7351    0.8430  -0.729    8
54140.270    1.088635275529   -0.499100399409    1.5039    2.0990  -0.869    8
54144.207   -1.573405342558   -3.668799600121    0.3346    1.1446  -0.046   13
54147.272    0.376990914095    0.447901200928    0.2131    0.4252  -0.169   12
54150.994    1.125159121543    3.250702801338    0.5217    1.6439   0.336  140
54154.270   -0.593139526068    0.603302400037    0.2087    0.4238  -0.089    9
54161.272    0.782005265957   -0.918997198340    0.8190    0.8534  -0.847   18
54165.206   -0.589264972079    0.018802802515    0.2188    0.3692   0.210    8
54195.269   -4.472462787238    3.063301199902    1.0359    1.1528  -0.709    6
54210.270   -1.090277399471    1.495202400292    0.5513    1.1132   0.197   10
54214.208    0.069015721806   -0.285598799010    0.1592    0.6445   0.108   39
54217.268   -0.571523591491   -1.917298799725    1.4237    1.4036  -0.508    9
54224.270    4.916233415956   -1.812599999695    3.9741    2.0575  -0.855    3
54228.208    0.261612911967   -0.310197598807    0.2458    0.3504  -0.058   10
54236.225    0.169489390427   -0.625197599291    0.2654    0.8906  -0.203   38
54238.270    2.602265869417   -1.417100398626    1.1860    1.1910  -0.563   19
54243.227    0.974004994946    0.756500401522    0.7409    2.2677  -0.264   20
54245.268   -0.163826030056    1.588100399985    1.3917    1.7836  -0.786    7
54250.207   -0.317960308245    0.231800399675    0.2757    0.2641   0.228    9
54252.270    2.316801014895   -2.268597597777    2.7105    3.9460  -0.939    3
54256.208   -0.204521372076    0.404801999920    0.1711    0.6738   0.015    9
54259.268    1.790444780586   -3.039800398597    1.4438    1.8822  -0.679    5
54270.208   -0.602681019152    0.025200002085    0.1948    0.3342   0.182   12
54273.269    1.616186432979   -2.323598398490    1.9794    2.4573  -0.724    6
54273.583   -3.296472948143   13.746902400413    1.4849    1.6058   0.276   12
54278.229    0.211225818080   -0.417999599733    0.1028    0.2193  -0.202  174
54285.223   -1.360984602132    2.153001601002    1.0340    2.0488  -0.196   34
54298.208   -0.252074996813   -0.429199197782    0.3919    0.6227  -0.094    8
54308.270   -1.096985423404    3.842002802301    5.7558    4.3296  -0.776    6
54313.227   -0.327949002130   -1.409000397956    0.3221    0.9892   0.244   12
54314.250   -0.485067009047    0.033501601493    0.3013    0.6023  -0.259   85
54319.206    0.752786905050    1.805601601035    0.2543    0.6688   0.343    6
54329.269   -5.877570084579    2.487200400836    3.9412    2.2137  -0.497    9
54335.580    7.793231301601   13.216201202226    1.5160    1.6405  -0.286   18
54340.208   -0.381613188834   -0.071899200194    0.1477    0.4918   0.417   29
54343.269   -6.405121241234    9.937000799809    4.5012    6.8392  -0.940    3
54346.994    1.445355436971   -3.655598399988    0.8311    1.7347  -0.239   47
54348.207   -0.307080788304   -2.164197598731    0.5190    1.9365   0.526    5
54354.208   -0.013566306650    1.439301599504    0.2289    1.0482   0.507   20
54355.227    0.364615952654   -0.393397199616    0.4885    0.7336   0.123    8
54357.269    0.228967197873    0.028000801677    1.3731    2.2019  -0.800    4
54361.206   -0.185441964632    0.360302402314    0.2335    0.7031  -0.630   13
54364.271   -0.368494084573   -0.208198799001    1.8113    2.4278  -0.844    3
54368.208    0.223600779520    2.276002800627    0.3720    2.5734  -0.455    6
54371.269    1.955311896274   -0.603399599086    2.4332    3.6934  -0.864    7
54375.210    0.050680457976    1.606302000212    0.2378    1.0228   0.219    3
54378.271    1.472781414359   -3.570897600014    4.4908    6.6691  -0.931    4
54384.228    0.349264417552    1.082102401284    0.3875    0.5040  -0.019   11
54385.269    1.638693192816   -0.546800400159    0.6462    1.4052  -0.501    7
54392.267   -1.287196345216    1.553202002214    2.9303    4.4472  -0.953    3
54399.269    0.111947071804   -1.684598399976    1.5064    2.2590  -0.826    6
54404.269    0.684515326064    1.349499600067    0.9522    1.4361  -0.549   15
54413.269   -0.107478633779    0.884300402504    0.6944    1.3734  -0.547   18
54418.225   -0.314980156653    0.449902799815    0.3510    0.9410   0.172    8
54420.271    0.365810875000    0.174301200673    0.3726    0.9207  -0.053   15
54425.271   -0.319301913031    0.560300401276    0.2323    0.8881  -0.348   16
54426.999   -7.879841721553   -9.453297597517    2.1770    3.4356   0.779   14
54432.225   -0.173514204787    2.245802401646    0.4005    1.4399  -0.250    6
54434.271    0.817631130849   -1.201197598988    0.6192    0.9773  -0.435   30
54440.250   -0.032051830058   -0.152999999870    0.1225    0.2175   0.009  106
54441.269    0.121041362499   -2.636697599456    0.6095    3.0415  -0.179    3
54447.248   -0.888292555321    5.584402802583    0.2289    0.9326  -0.198    8
54448.271   -0.189166259044   -0.918097198266    0.4359    0.9811  -0.634   22
54455.269   -0.851622027661    2.717902802019    0.4710    0.8829  -0.420    7
54462.271   -1.811316572342    0.300999599645    0.8602    1.2711  -0.660    6
54476.271    0.254904888034    0.140400002024    0.4310    0.7184  -0.397   11
54480.208   -0.874726248671   -1.382097597968    2.9150    7.8765   0.989    3
54483.273   -0.075129861703   -1.740099600411    0.4749    2.2595   0.341   10
54488.207   -0.098684862239    0.038502001587    0.5068    1.1310  -0.489    7
54489.248   -0.267129589897   -0.321397200054    0.1127    0.2512  -0.096   91
54490.271    2.714513460376    0.687502800290    3.9765    4.2080  -0.826    3
54494.208   -0.222706376329    0.163602002345    0.1856    0.6096   0.133   22
54501.206   -0.440794054262   -4.640299197689    0.2321    1.5625   0.379    9
54502.225    3.526631491225   -0.436298399009    0.5138    0.1732   0.066   13
54504.271    0.225836786704    0.048301199840    0.5247    1.1362  -0.287    9
54508.208   -0.203179767290   -0.903297599919    0.4302    1.1705   0.098    6
54511.269   -0.285314594150   -0.257497197964    0.3589    0.6801  -0.269   12
54516.207    0.550057917287   -5.280598799828    0.1799    0.9244  -0.476   15
54517.248   -0.104051281386    0.024202799764    0.3038    2.2249  -0.645    3
54518.271    0.897233008508   -1.845899999253    0.6023    1.1596   0.061   10
54522.208    0.086606842816   -0.222497997626    0.1784    0.8543   0.317   10
54525.273    0.156817486968    0.375800401997    0.5179    1.2088   0.024    6
54559.230    0.081984567283   -0.428997599045    0.0904    0.2347  -0.256  166
54560.271   -0.265491043887    0.606002400261    0.3188    1.5329  -0.252   26
54566.250    0.444965551063    0.047199601028    0.2835    1.0527   0.774   19
54567.269    0.305585346804   -0.381697198648    0.4078    1.4912  -0.450   19
54574.271   -0.324818590961   -0.231800399675    0.2434    1.0738  -0.205   37
54577.997    4.070428586174   -2.950498798882    1.9191    1.8832  -0.117   21
54581.273   -0.275329478195   -0.912499199401    0.2385    1.0078   0.223   14
54592.208   -0.287997803724    0.067802400494    0.2663    1.4275  -0.516   12
54594.268   -0.211826856389   -0.364298399447    0.2319    1.1170  -0.094   26
54601.248    0.106881172606    0.107002800220    0.0936    0.3521   0.341  206
54602.271    0.674973833774    0.606700801598    0.6099    1.4736   0.225    8
54608.250   -0.223153577925   -3.398399999810    0.2538    1.0583   0.075   10
54609.273    0.385337484040    0.698500799601    0.5698    1.3526   0.228   13
54612.995    0.486852237499   -4.637199600310    1.0302    2.1107  -0.387   12
54623.269   -0.613861057453   -0.501897598681    0.3594    1.8660  -0.169    5
54627.207   -0.213018201598   -0.915199199625    0.1721    0.6922   0.319   35
54628.270   -1.003223355853    0.131500800649    1.0481    3.6029  -0.820    5
54634.209    0.043378550800    0.104601600981    0.2022    0.2470   0.116   29
54637.269   -1.247098465163   -0.276497998897    1.8777    2.5679  -0.891    5
54641.207   -0.036523846014   -1.864299597898    0.4142    0.9115   0.550   14
54642.226    0.350902963563    0.525502799675    1.4147    0.7610   0.186   19
54644.271   -2.031937200271    4.272202799527    2.1991    3.5275  -0.831   12
54650.269    0.535747467022   -2.081699999579    0.7654    1.6087  -0.471   12
54656.230    3.803449255854   -3.998098799229    0.7028    1.2366   0.054   34
54657.249    0.328542886167   -0.466898398344    0.2383    0.4199   0.178   28
54658.271    0.613260019144    0.967100399762    0.6981    2.1084   0.413    9
54662.209    0.014607391488    0.712101600087    0.2053    0.2635   0.240   31
54665.269    0.728788280849    0.973400400284    0.5491    1.3475  -0.012   19
54677.224    2.819008365426    7.675300801324    0.4769    1.8081   0.335   14
54679.269    0.087501246007    5.233701600105    0.4289    2.5403  -0.277    8
54690.497    2.352280198140    8.021800801217    0.6137    2.6154   0.794    6
54691.502    0.171278196809    0.429699600701    0.2031    0.5996   0.604   43
54692.499   -0.328693145744   -0.753497999995    0.2499    0.5921   0.182   17
54693.500    0.296344373668   -0.535597198592    0.2080    0.5103   0.150   37
54694.500   -0.235825481384   -3.431897997785    1.6257    5.7390   0.970    5
54695.501   -0.348520273938   -1.960297198167    0.1456    0.5204   0.350   47
54696.502    0.313187773134   -0.770000399442    0.2691    0.7837   0.459   20
54697.499   -0.089590571544   -0.398397599710    0.2440    0.5197   0.253   16
54698.500    0.616093488295   -0.724298400456    0.3926    1.0715   0.462   10
54699.501   -0.231800667024   -0.707000397426    0.1339    0.3666   0.378   49
54700.501    0.231052946274    0.746402402285    0.1734    0.5349   0.450   30
54701.499    0.533361199467   -0.204299997719    0.1767    0.4226   0.154   41
54702.499    0.562579560374    0.742600800052    0.2434    1.0264   0.608    7
54703.500    0.311398966752   -0.459597598379    0.4309    0.8787   0.816   10
54704.501    0.224792123936   -0.183697198253    0.2609    0.5692   0.569   10
54707.270   -1.723962007982   -6.644300399472    3.6524    3.0956   0.371    3
54710.999    0.404864092285    0.268002001391    0.5950    1.0760   0.188   72
54712.208   -0.825387394687    0.683402400270    0.2989    1.0827  -0.332   12
54714.271   -0.522778622339   -0.176299199239    0.6629    1.7111   0.429    4
54718.209   -0.523225823935   -1.721998799553    0.2056    1.0202  -0.447   13
54719.239    0.359550053456    0.684399602591    0.2386    0.8747   0.444   50
54725.207    0.623098453453    0.427500000200    0.4436    0.4808   0.074    6
54728.271   -0.407701139366   -1.729699199871    0.5187    1.4680   0.893    7
54733.224   -0.004472015956   -0.931899597489    0.2736    0.7182   0.021   43
54739.207   -0.115081060109   -0.774097199141    0.5492    0.6095   0.135   19
54749.273    0.159203754523   -1.560797999645    0.4057    1.1915   0.111   10
54763.273    0.836266914628    1.337799602297    0.6532    2.5230  -0.328    5
54782.226    2.490164960105   -2.840598000020    0.2107    0.5737   0.250   89
54783.581   -6.404523780061    2.699701201792    1.7107    2.0494  -0.456   10
54784.268   -0.310805083510    0.222400801775    0.6851    1.7330  -0.481    8
54789.228   -1.312239632980    1.181401200867    0.7254    1.4284  -0.014    6
54791.273    0.211526337234   -0.472197599422    0.2598    0.6938   0.177   17
54796.270    0.343747738828   -0.271299600385    0.2624    0.9140   0.345   13
54797.998   -6.628124559582    9.603399601943    2.3301    2.1588   0.620   20
54805.270   -0.039056795215    0.507502801383    0.3786    1.0946   0.491   14
54812.272   -0.132521920748    0.599799601986    0.2466    0.9210  -0.207   11
54817.228   -0.008350147875    1.768899599597    0.4121    2.3447   0.559   26
54819.270    0.168741669677    1.290002402499    0.3166    1.0908   0.136   21
54824.266   -0.395773379521   -2.261699998485    0.6444    1.2238  -0.154   10
54830.205    0.148320657446    0.680202000325    0.1958    0.8162   0.453   22
54831.294   -1.749899698937    0.351601202553    2.1962    1.2936   0.018    4
54840.268    0.129387932443    0.204102002499    0.2216    0.5726  -0.066   16
54844.205    0.083326172070   -0.991098000469    0.3048    0.8532   0.062   16
54847.266   -0.262657574736   -1.385899200201    0.3524    1.1445  -0.031    7
54847.584    2.209919843084   21.217201202361    2.2162    2.5849  -0.608    9
54850.999    4.457404616224    0.757299602228    0.6307    1.4206  -0.696   29
54854.272   -0.071702509310   -1.447797600207    0.4871    1.4873   0.725    8
54866.226   -0.285912055323   -4.268300397925    0.6127    2.5194   0.284    6
54868.272    0.422605472873   -0.420897598374    0.3730    1.3398   0.743    8
54872.209   -3.709536928725    1.169402402112    1.5548    2.0903   0.324   15
54875.270   -0.837161317819    0.675802802519    0.2785    0.5921   0.022   50
54882.272    0.180368910368   -0.839498400396    0.2500    0.7313   0.004   27
54889.270   -0.209737530852    0.057600001568    0.3875    1.5538   0.266    9
54895.581    2.393422741756   -3.296397599684    1.7912    2.1963  -0.368   10
54924.268   -0.496694249738    0.172900800877    0.2804    1.1040   0.072   17
54928.206   -0.460918124474   -1.003197598592    0.2784    1.1849   0.101    8
54929.228    0.283972989363   -1.592197199685    0.4023    2.3537  -0.145   12
54930.269    1.586223928458    2.644901999815    0.8580    2.2446   0.277    7
54938.272   -0.481188877128   -0.560898000046    0.3262    0.8636  -0.042   18
54945.270   -0.018485523407    0.191800802440    0.3902    1.2865  -0.261   11
54951.267   -0.332270757714   -0.310697998529    0.4791    1.9356  -0.126   11
54956.209   -0.065291427394    0.450302400168    0.5581    1.2030   0.112    7
54958.269   -0.401737259046    2.038600801768    0.2488    0.7662  -0.143   35
54966.268   -0.070808106119   -1.702800000203    0.4378    1.0281   0.557    6
54972.580    2.263734289364    5.727200400329    0.8028    1.1584  -0.209   29
54973.270   -0.343153854791    0.213102000046    0.3067    0.7279  -0.092   31
54976.999    6.693712928994    7.855502402165    0.6843    2.7766   0.382   50
54980.268    0.080346020478   -1.364399997783    0.3332    1.5615  -0.132   13
54987.270   -1.526449178994    1.008702001926    0.7816    0.9944  -0.377    7
54993.271   -0.042337465962   -1.690700398882    0.3572    0.9941   0.432   10
54993.582    3.355052774467   -0.448199998715    1.4760    1.5441  -0.570    6
55006.227    0.606104793615    1.737802800861    0.5327    3.4950   0.374    8
55008.268   -2.029998134312    0.239000400271    1.6943    2.6671  -0.855    8
55012.206    0.020421012231    0.555202802133    0.1931    0.5089   0.013   22
55014.269   -0.202882825271   -0.088700397427    0.2946    0.9267   0.105   13
55021.249   -0.107181691760   -0.142599599329    0.3744    1.7564  -0.126    3
55028.584   -3.219257338039  -12.404199600269    1.5295    1.5029   0.189    7
55029.270   -0.444071147872   -6.286499998964    0.7836    2.4369  -0.037   12
55032.999    2.966735139630   -2.347797597935    0.8602    2.2807  -0.408   19
55036.268    0.670355136171   -0.865198799005    0.5082    1.6163   0.005    9
55043.270    1.310300567021   -2.863699197775    0.4272    1.1108   0.053   22
55050.269   -0.787672204259    1.883300402028    0.3981    1.5430  -0.169   10
55057.270   -0.273240152658    0.286401600036    0.3215    1.0795   0.025   20
55064.269   -0.179775026331   -1.052297999138    0.7134    0.8691   0.608   12
55069.225    1.383194420746    0.494301601250    0.8186    1.9147   0.339   11
55078.269   -0.258185558780   -1.607497197753    0.3143    1.0322   0.282   19
55082.001   -0.438854989096   -3.346898400025    0.5016    2.2310   0.216   36
55085.270   -1.075373065964    0.246301200235    0.4963    1.8370   0.524    7
55089.208   -0.290384071279    0.081399600660    0.7578    1.6047   0.720    6
55092.269    1.536434295743    1.327301999510    0.7410    1.2412   0.203    5
55099.270   -0.242533504523   -0.252997197592    0.4071    0.7900  -0.114   11
55103.208   -0.188572375801   -0.619999197582    0.4632    0.4314   0.091    7
55106.269   -0.383401995216   -4.405399197438    0.8389    2.8897   0.838    4
55113.270    0.048744969947   -1.580097598364    0.3838    0.9271  -0.011   19
55120.269   -0.218681561969   -1.492898400102    0.3401    1.4244  -0.035    8
55125.229    1.668509014896   -7.965698398493    2.9276    9.7108   0.087    3
55134.269   -0.051131237502   -0.419597997947    0.5259    0.6232   0.179   12
55141.271   -0.099132063834   -1.310997598480    0.2302    0.7648   0.322   14
55147.582   -3.638285198147  -18.842299199306    4.6091    3.3132  -0.791    4
55148.269    0.851171248135   -1.107097197917    0.5287    0.8220  -0.049   30
55155.271   -0.087354563566    0.248900401090    0.4228    1.4236   0.360   12
55160.271    0.316915645476   -0.436197599640    0.9086    1.7439  -0.123   24
55161.998   -0.359102851861    3.232702799849    1.5155    2.9048   0.557   67
55169.271   -0.398757108249   -0.066099599394    0.2365    1.3807  -0.004   13
55176.269    0.304243742017   -1.571900398645    0.2588    0.9532   0.361   31
55180.206   -0.034287838036   -0.063597597588    0.1189    0.1821  -0.012   50
55181.229   -2.305027092558   -1.162497598983    0.3656    1.2628   0.376   11
55183.271    0.265637725533   -0.508500000507    0.2879    0.8646   0.169   35
55188.271   -0.321090719414   -1.115999999612    0.2017    0.7410   0.249   27
55195.273   -0.422011588836   -1.461499200062    0.4011    1.2536   0.322   16
55211.271   -0.060522470215    0.139402799704    0.2495    0.7301  -0.176   16
55214.996    2.239138203990    1.754200800619    0.6450    2.4358   0.030   68
55216.209    0.265487465956   -1.787097599504    0.2662    1.3821   0.065   10
55218.269   -0.242830446542   -1.850000399273    0.1732    0.7690   0.137   27
55222.206    0.067674117813   -0.303397198564    0.4131    1.2525  -0.678   10
55225.271   -0.233142271811   -8.397097199975    0.4190    5.4809  -0.268    3
55230.227    0.185735328720    0.037299600208    0.6661    1.6244   0.789   12
55232.269    1.601128261965   -0.692697598481    0.8469    3.5283   0.449    4
55244.209   -0.366408336173   -0.241297199821    0.2090    0.5883   0.110   25
55246.269    0.236569624204   -0.062099998743    0.1660    0.6664   0.090   13
55253.271   -0.117020126069   -0.724697997612    0.7730    3.9376   0.856   19
55257.208   -0.221364771543    0.112402800667    0.2530    0.8413   0.500    7
55258.227    0.377438115691   -2.787998398546    0.3717    1.4806  -0.197   44
55295.271   -0.245663915692    0.893700000404    0.3340    1.8599  -0.183   15
55300.227   39.649484067582  -31.495597199083   45.6772   38.7805  -0.951    3
55302.269   -1.083869896280    6.021500402298    0.7202    5.1209  -0.957    8
55309.271   -0.220173426333    0.618501601934    0.1826    0.5776   0.203   49
55316.269   -0.712839284574   -1.554497999123    0.3507    1.1815   0.030   34
55323.271   -0.472395105588    1.566201600411    0.3480    1.0418   0.509    5
55330.269    0.685856930851   -7.087499998093    0.6464    4.9672  -0.898   13
55334.207   -0.276817764628    0.008701199761    0.2182    0.4130   0.099   10
55335.229   -6.122786797881    2.059002002497    8.4998    5.8196  -0.311    4
55337.271   -0.377438115691    0.574599599901    0.2126    0.9135  -0.273   47
55342.209   -1.238898576865   -1.719698399683    0.4308    2.4108   0.128    4
55344.269   -0.386382146808   -1.065798000255    0.4392    2.4167  -0.589    4
55351.271    9.309988728727    2.789402401859    5.0937    3.4558   0.649    3
55358.269   -2.447534130056   -7.123899598227    0.4555    1.5752  -0.221   10
55365.271    0.353138971541   -5.635400399129    0.6867    8.6648  -0.782    6
55372.269    0.373263041753   -0.381398397664    0.9451    7.5349  -0.829   10
55383.000    0.875173450266   -1.065297600533    0.4788    1.4427   0.259   52
55386.269    1.380210692018    0.476402402327    1.0212    1.4259   0.254   10
55390.207   -0.088545908776   -0.511599597885    0.2583    0.4901  -0.134    9
55398.228   -0.256246492820   -0.057499199002    0.9460    2.0861   0.715   13
55439.209    0.099725947871    2.239102800772    2.3377   11.8281  -0.987    6
55461.230   -3.635154787773   -4.364297998194   19.0854    6.1285   0.037    3
55474.207    1.103246244948    6.559502400449    0.5233    2.1814   0.642    4
55517.230   -0.934504575271    8.490600002276    2.5822    5.3394   0.430   28
55525.999    1.004414700268    1.227999599607    1.9933    3.6529  -0.883    6
55544.207    0.074235458512    0.661302001959    0.1302    0.5127   0.129   25
55553.269    1.083419116754   -0.471398398716    1.0569    1.7851  -0.649    7
55578.997    1.979761300001    7.662502801864    3.3724   13.0365   0.862    4
55614.207   -0.065441686972   -0.659599197661    0.2077    0.3518   0.123   17
55615.230   -0.276968024206    0.332002799652    0.2287    0.7470   0.596   14
55659.272    0.752786905050    0.294901201059    0.4742    1.2490  -0.487   14
55664.228  -21.115666251349  -50.856199197469    7.1560    6.0812   0.713    4
55684.207   -0.117166808510   -0.119700000312    0.2153    1.1236   0.012   11
55691.206    0.029214783771   -0.049399198332    0.8363    1.5266   0.511    7
55706.228    0.319151653454   -1.398599997415    1.5020    2.1701  -0.052   18
55708.270    3.337611913828    1.676001599904    2.5523    3.1717   0.757    7
55734.228    0.045614558778    0.066600002313    0.2371    0.2680   0.106   20
55735.580   34.232084386727    9.533300401898    6.8152    2.9995  -0.112    7
55746.997   -2.074568030321    5.803599600895    1.1882    3.7069   0.409   16
55750.270    0.293510904517    0.336600002271    0.6951    1.1698   0.501    4
55754.208    0.730129885636    0.277599600906    0.2639    1.3106   0.298   31
55763.247    0.281586721808    0.113500802357    0.1709    0.5177   0.031   82
55775.209   -0.368046882978    1.369202402657    0.2971    0.7574   0.343    7
55790.207   -0.044720155586    1.698400802397    0.4881    1.8642   0.592   17
55791.251   -0.163228568883    1.330801200439    0.4094    1.3595   0.167   69
55811.208   -0.223901298675    8.627799601157    0.7910    4.0664  -0.879    7
55812.582  -10.057416370491   -2.434798797779    3.6492    2.4466   0.299   11
55846.229    3.759473243087    6.091700401711    0.8088    3.4034   0.216  109
55847.251    0.042931349998    0.152600399517    0.0737    0.1323   0.068  209
55848.270    0.942700885638    2.052802801344    0.7985    1.5263  -0.664   13
55853.271   -1.258425185905    0.197301602256    1.1812    1.2097  -0.766   17
55862.270   -5.486122038573   -1.741697998625    4.7269    3.0667   0.975    8
55873.206   -0.323180044950    0.252802799494    0.4669    1.1638  -0.439   18
55876.270    0.269362020739    5.496001199745    0.8575    2.4521   0.092    3
55881.231  -37.154550149503   48.738402002257   54.1034   59.0362  -0.926    4
55882.250   -0.351800944685    2.195402400673    1.3067    2.9019  -0.663   23
55882.582  912.140322320717   60.979302001485    8.7000    5.1222  -0.377    3
55903.580  -11.330599207462  -13.696199998137    6.7687    4.5658  -0.408    3
55904.270    0.226133728722    1.265500801750    0.4294    0.6020   0.388   26
55908.208   -0.189166259044   -0.336599999073    0.3011    1.2904   0.851   14
55909.227   -0.059628067023    1.406800800652    0.3815    0.7941   0.274   12
55942.998    5.194543044948   -8.249000397953   12.6412   23.7795  -0.986    3
55951.227    0.269215338298    1.521900001222    0.1792    0.7467   0.524   11
55964.208    0.075874005317    0.070002000996    0.2401    0.8602  -0.537    5
55971.206    0.048744969947    1.656500402447    0.2442    0.7129   0.081   17
55972.229   -1.099521950537    1.644602399864    0.5005    1.1937   0.556   84
55974.271    0.202582306117   -0.498797998105    0.2707    0.5787  -0.435   28
56020.208   -0.560046611172    1.163401202575    0.2863    1.0632  -0.331    9
56022.268   -0.246558318884    1.246701599555    0.6036    1.8392  -0.410   37
56028.211    0.257437838030    0.615200402621    0.3000    0.4059  -0.230   22
56029.584    3.723099657445    1.473300000399    0.9884    1.3526  -0.055   44
56036.250   -0.217043015958    0.089600400699    0.1806    0.2701  -0.117  221
56044.267   -0.294705826863    1.268701201695    0.3340    0.5898  -0.034   47
56092.582   -2.129573821811    1.112799599667    0.8314    1.8192   0.165   69
56107.273    0.139526885906   -0.981097200281    0.2184    0.9167  -0.343   16
56112.229   -2.370765721548    1.374202799553    0.6923    1.7297   0.045   22
56114.271    0.352842029522    0.478900800616    0.6120    0.7917   0.235    5
56121.269    0.664391256646    0.418302001037    0.5577    0.4815   0.136   16
56128.271   12.961986915965  -12.174598797898    5.1200    4.9144  -0.993    3
56135.273   -0.164720433247    0.082800000456    0.3181    0.5740   0.329   24
56139.207    0.857879271274    0.510001199672    0.1680    0.6256   0.034   19
56148.247    1.636310503191    1.956902400124    0.7357    1.6784   0.269   35
56156.271   -0.316618703458   -0.084099597686    0.2753    0.4120  -0.010   19
56175.209    0.028173698139    0.327902399633    0.1625    0.2518   0.222   24
56210.186    0.218381042815    1.115002800489    0.3104    1.0857   0.677   34
56217.228    4.960359687505    8.996202000944    6.7868    3.9530   0.656    5
56233.269    0.455100926595    0.872499602167    0.3342    1.1950   0.406    3
56273.231    1.619764044949    6.506200800516    1.3257    4.1921   0.950    3
56274.583    0.065438109835   14.354499601765    5.8044   12.9073  -0.940   10
56288.207    0.462553093349    2.617002000704    1.7396   14.1628   0.979    9
56314.001   -0.641437294419    2.509002001361    1.2639    3.1280  -0.017    9
56337.227    0.574353483506    3.320301601661    2.8357    1.9378   0.757    4
56342.209    0.070357326592    0.217101600697    0.1856    0.4239   0.050   34
56349.207    0.541707769412    0.742100400331    0.1879    0.4024  -0.062   32
56385.206    0.314829897075    0.443300401187    0.2380    0.5529  -0.216   15
56387.270    0.321537920215    1.011099600845    0.3094    0.7906   0.593   15
56406.230    1.481278243881    2.683000800729    0.7872    1.2593   0.471   70
56412.209    0.304097059576    0.400802402467    0.2376    0.2815   0.395   22
56418.999    0.290681013297    1.485802802392    0.3460    1.3667  -0.065  156
56426.209    1.458023763294   -1.979600400404    1.1497    2.0693  -0.813    5
56433.185   -0.819423515162   10.844701201052    0.4989    2.1012   0.743   24
56469.228    1.011269405849   -2.861100000118    1.1752    2.5262  -0.547   26
56477.793    0.186182530316   -1.954400398319    0.2251    0.5662   0.104   26
56477.998    0.329140347340   -3.538598399899    0.6459    1.9007  -0.297  165
56485.270   -0.319899374204    0.033800402477    0.9247    0.8005   0.304    6
56492.272   -0.155032258516   -0.562298399842    0.3435    1.4765  -0.198    7
56496.209    0.008049627926    0.170701200375    0.1692    0.2318   0.160   59
56499.270   -0.520395931920   -1.243699198028    0.2496    0.7613  -0.115   26
56506.272    0.340617327659    2.135401199865    0.2791    0.6626  -0.166   23
56510.209    0.110605467017   -0.113900399512    0.1386    0.3654   0.327   41
56511.787   -0.291278474470    0.922499999589    0.2720    0.8376   0.208   16
56517.207    0.893358454519    2.117001601221    0.2306    0.5101   0.689   50
56524.209    0.391301363565    0.272300399828    0.3217    0.6076   0.319    6
56537.998   -0.722827978460   -3.697498799937    1.8242    2.2723  -0.241   21
56540.583  -10.895321831130  -11.548299599795    1.5402    1.4739  -0.473   22
56545.208   -0.099876207448    1.006401602055    0.3378    0.2398   0.081   22
56551.793    0.285761795746    0.263001601297    0.2441    0.6391   0.011   30
56565.789    0.532913997872    0.482900401266    0.2476    0.6039  -0.016   25
56567.228  -60.238797661758   85.071502802236    3.1812    7.4469  -0.819   10
56575.582  -11.123544886183    5.347702802183    1.7470    2.0179  -0.580    8
56579.793    0.424988162497    0.558100800774    0.1742    0.5522   0.175   30
56588.793    0.668863271807    1.259701200951    0.1753    0.5107   0.204   33
56600.791   -0.314980156653    2.490202802363    0.2068    0.6169   0.201   22
56610.584   65.869659167876    8.038000802557   13.0450    6.8331  -0.941    3
56611.270    0.653808678724    0.670402802072    0.8010    1.3824  -0.123   14
56626.286    0.058282885101   -0.097099199081    0.2111    0.9789   0.356    9
56628.225   -0.144746622612    0.566600401797    0.3082    1.7050   0.587    7
56630.581    5.550218543621   -3.353000398931    0.6781    0.9066  -0.128   47
56632.269   -0.282931904526    0.927702001619    0.2865    1.0473   0.083    9
56634.263    0.003130411169    0.300200402137    0.2274    0.9255   0.294   10
56636.206    0.173363945210   -2.045599200429    0.3117    0.8651   0.191   14
56636.257    0.109861323403   -0.421099200310    0.2425    1.1068   0.439   12
56638.251    0.613260019144    0.051800400769    0.2231    0.8835   0.291   13
56641.243   -0.062311276597   -0.761097597746    0.2590    0.9270   0.219   14
56644.227   -7.521035812505   11.759101199971    6.0844    7.2874  -0.886    6
56653.270    0.355671921537   -0.105497997538    0.2023    0.8347  -0.409   18
56673.582   -3.666011695485   -0.701697599226    1.3978    2.0294   0.010   83
56693.791    0.420963348931    0.147002400652    0.1840    0.4839   0.118   37
56702.265   -0.872937442288   -0.038199600283    0.9051    0.9126   0.799    6
56707.229    0.767397874469   -2.001999599699    2.1726    2.2295   0.331   10
56709.271   -0.068869040159    0.060102000177    2.6174    2.4314  -0.800    3
56713.208   -0.426630287233    0.453502800113    0.3987    0.3507   0.292   19
56716.269   -0.683177299208    0.304502400894    0.6416    0.3602   0.476    5
56735.791    0.882475357442    0.205599601344    0.1905    0.4446   0.175   46
56751.271    0.340019866486   -0.332197197750    0.2390    0.3802  -0.144   42
56776.206   -0.156821064898    0.637801200654    0.3597    0.3633   0.097    4
56799.582    8.008038309581   -3.794698798387    1.3227    1.3718  -0.163   34
56803.794    0.160244840155   -0.221097597830    0.1494    0.4248   0.144   39
56812.790   -0.150259723406   -0.775800000241    0.1431    0.3817   0.025   41
56826.209    0.544541238562    0.124902002341    0.2084    0.8287   0.449   21
56833.229   -0.114784118091   -0.198399597551    0.1536    0.3876   0.129   39
56838.792    0.073487737762    0.210301200454    0.1292    0.3275   0.116   45
56841.272    0.558254226860    0.223801201571    0.2386    0.2914   0.328   34
56842.291    0.204517794146    0.271702801058    0.3650    0.5164   0.260    9
56846.206   -0.050684035906    0.171802802384    0.1110    0.1820   0.176   74
56848.248   -0.937334466491    3.587601601396    0.7660    2.6548  -0.180   24
56849.267    0.251473957710   -0.404600397985    0.1941    0.2559  -0.253   55
56855.582    8.721918678993  -14.083599598536    2.6463    4.6996  -0.615   68
56856.269    0.225983469145    0.077202001592    0.2953    0.2715   0.069   14
56857.500    0.441087419144    0.174200401304    0.3230    0.3304   0.149   39
56858.501    0.135502072340    0.416102400536    0.2727    0.2623   0.200   41
56860.206    0.296047431650    0.126702002490    0.1175    0.1692   0.248   27
56877.271    0.500565225796    0.088401599641    0.2904    0.4118  -0.124   38
56885.496    0.391748565161    0.007300799965    0.2453    0.3065   0.252   26
56886.501    0.217339957182    0.240800400420    0.2682    0.3445   0.323   20
56890.248    0.424691221273    3.636302401588    0.6719    2.1189  -0.344   17
56898.269    0.188568797871    1.079200802323    0.3946    0.5894  -0.321    6
56899.496    0.402180883506    0.645202799987    0.2849    0.2998   0.154   33
56900.501    0.247896345740    0.672400800639    0.2740    0.3024   0.274   32
56901.794   -2.197251516761  -11.573297999945    2.1427   12.6124   0.994    3
56901.998    0.057388481909   -5.620499998216   34.7200   64.2457  -0.992    3
56904.665   -0.055603252663    0.672300001270    0.2629    0.6694   0.305   13
56905.662    2.663979684841    6.040602002599    0.3532    1.0369   0.416   13
56906.659    1.170025959570   -0.686797198313    0.3014    0.7890   0.296   14
56907.656    4.659986922341    4.804401599756    0.4479    0.9407   0.313   13
56908.412    2.222291226594    1.602900001529    0.6227    1.0446   0.412    9
56910.969   -4.571147649477  -39.832700398890    1.1195    9.2569   0.954    3
56911.645    0.089586993614   -4.775399998636    0.2629    1.0892   0.300   12
56912.642   -0.226881450267   -0.828298799149    0.2765    1.1193   0.388   13
56913.639   -0.152796250538   -1.356397199359    0.2810    0.8890   0.316   14
56914.636    0.712985966221    1.269899999556    0.2998    0.8260   0.299   13
56915.399    3.343278852130   -0.369500398278    0.5797    0.9477   0.321   10
56916.959    6.756618088834   60.278601601382    1.2884   11.0159   0.957    3
56917.627   -0.331526614895   -1.216497600254    0.2816    0.8788   0.238   14
56918.625    0.190804805849    0.423302401131    0.3045    0.9164   0.317   14
56919.603   -0.181714092290    1.529902799646    0.2865    0.8557   0.303   14
56920.619   -3.454184838302    0.636400800857    0.3250    0.7739   0.154   14
56921.616    0.842824678190   -5.359899599355    0.4211    1.7125   0.297    7
56924.790   -0.577190529793    0.687999599691    0.4008    1.1936   0.146    6
56926.269   -0.108970498143    0.966502800992    0.1581    0.2067   0.094   57
56934.498   -0.259079961971    3.007400402311    0.3661    1.0515   0.371    7
56935.499    3.599972546546   -0.669697200095    0.3839    1.2209   0.376    7
56939.250   -0.173067003192    2.174500800223    0.3780    0.9289   0.322   11
56941.496    1.986616005581   -2.415999598782    0.6131    0.7440   0.051   13
56942.501   -8.594766754528   -0.534499200100    0.6546    0.8637   0.291   12
56945.792    0.492816117818   -0.580798797856    0.3976    0.6074  -0.024   16
56948.498    0.044720155586    0.419702400833    0.9671    0.7247   0.384    9
56962.502   -0.994576265960   -1.503197998076    0.2929    0.4380   0.318   22
56963.503    3.335526165428    0.734302800964    0.3791    0.5070   0.353   18
56972.207    3.413786438299   -3.707899200478    0.3292    0.6816   0.395   11
56973.229    1.567588144679    0.505000799578    0.5648    0.4882  -0.286   65
56974.248   -0.506232164097    0.930301202473    0.3999    0.9478   0.425   11
56979.209    1.021855561701   -0.297698400331    0.1416    0.1676  -0.021   46
56980.228   -0.282037501334    3.228202799477    0.9153    1.0702   0.386    8
56981.247   -0.487303017025    0.664300799968    0.4967    0.6596   0.201   12
56983.497   -1.481131562234   -0.053999998073    0.6490    0.6540  -0.078   17
56984.501    2.016728769680   -0.826199998016    0.7348    0.5636   0.230   11
56988.997    1.557155827128   -1.862398798380    2.7671    5.4971  -0.951    6
56990.498    2.282216235636   -0.754797600422    0.3156    0.5260   0.291   19
56991.503  -12.144205524745   -7.540099197811    0.8096    0.9623   0.547    8
57004.498   -0.438854989096    0.515501999487    0.3753    0.3385   0.085   22
57005.499    0.123277370477   -0.020699998515    0.4374    0.4202   0.360   19
57010.269   -0.124472292822    0.379900802017    0.2197    0.3102   0.138   18
57011.610    2.589297023939   -1.198897199117    0.6601    0.6039   0.019   10
57012.501   -0.876515055053    0.262400402207    0.4531    0.4031   0.262   21
57028.207    2.152828303193   -1.012697999059    0.1500    0.3142  -0.001   62
57039.497    0.718949846541   -1.511100000329    0.3228    0.4524   0.309   23
57040.501   -0.063803140961    1.537102800242    0.2402    0.3664   0.351   42
57041.999   -0.201390960907    1.675202402396    0.2106    0.8271  -0.281   64
57043.208   -0.074235458512   -0.749599198713    0.1199    0.1158   0.115   65
57044.581  -14.061061664906  -20.233699199323    1.7807    1.5358   0.065  266
57046.499    0.854602178458   -1.372798799437    0.4929    1.0152   0.481   13
57047.499   -1.404513413304    0.922701601525    0.3720    0.8522   0.544   12
57053.511   -0.396968301866    0.600300001707    1.4843    2.1291   0.786    9
57054.501    3.135777328461   -2.194599599648    1.9962    2.8257   0.859    6
57057.230    0.412019317814   -7.411899599674    0.8859    2.5542  -0.322    4
57058.249   -0.599847550002   -0.085298398744    0.6080    1.8686   0.604    3
57059.271   -0.536792129791    0.268801202097    0.3125    0.4134  -0.355   22
57060.342   -0.599400348406    7.029702001304    2.4633    5.2824  -0.888    3
57061.291   -1.196414429257   -0.869997600361    0.5589    2.0619  -0.125    3
57062.230    1.644360131117    0.277700400275    0.4609    1.6470   0.045    4
57064.228   -0.198260550533    3.096201602304    0.8806    3.0423  -0.403    3
57065.247   -0.024746345746    0.459702001265    0.5922    1.4149  -0.474    5
57067.289   -0.582703630587   -2.059797599685    0.6018    2.0221  -0.117    4
57068.289    0.280989260635   -2.818799999815    0.4463    2.0244   0.257    3
57070.207    0.709111412232   -0.641898000353    0.0984    0.1096  -0.036  102
57072.249    0.473733132444   -0.136497600423    0.5151    2.2100   0.412    3
57072.581  -29.068698769440  -52.956500397627    6.7693    9.6715  -0.428  194
57074.290   -2.552032613037    6.522699599643    1.9887    4.0380  -0.859    3
57075.291    1.170326478725    3.763501200282    0.5194    1.9894   0.120    4
57076.394    0.218828244410    0.944801999836    0.5126    2.2916   0.324    4
57077.209    1.456234956912    1.629900000566    0.1474    0.1829   0.083   84
57078.228    1.328038368884    0.027601201325    0.5369    1.7943  -0.121    4
57079.229    1.504235783244   -4.865900399409    0.5345    1.9535   0.030    4
57081.289   -2.624479265166   -1.842998400292    0.7107    2.4708  -0.043    4
57082.293    1.789103175799   -7.253099999005    0.7671    2.4093  -0.388    3
57095.497    0.408591964627    1.429502401251    0.5044    0.4581   0.098   26
57096.501   -0.626082182181    0.406800001684    0.3760    0.3736   0.187   29
57102.499   43.483643548707  -13.070897999157    4.9288    2.8663  -0.620    4
57112.207   -5.279811860114    3.054200399788    0.2109    0.2869  -0.066   30
57120.206    0.596416619678    0.469101602363    0.1771    0.3504  -0.169  138
57123.497    0.166952863294    1.576800002567    0.2917    0.3107   0.165   41
57124.501   -0.364619529790    0.185202000935    0.2984    0.3043   0.151   35
57129.272    0.691670551593   -0.162597599385    0.1767    0.2049   0.016   40
57136.273   -0.604469824740   -0.015598799052    0.1392    0.1754   0.001   56
57137.497   -0.606108371545    1.909601999728    0.7404    0.6912  -0.209    4
57138.501    0.145637448667   -1.187398800084    0.6196    0.5358  -0.290    7
57140.207   -5.173528149475    4.230701999930    0.1959    0.3385  -0.386  154
57143.290  219.351319821194  -78.422997599858    1.1412    1.2110   0.009    7
57148.228   -0.523673024736   -3.304098000001    1.3295    3.2268  -0.250   24
57173.500   -0.879795725799   -0.292298399884    0.5578    0.4435  -0.001   11
57176.228   -0.346881727133    0.714099601851    1.1954    0.7804  -0.427    4
57180.293    0.583000572605    2.230200002273    2.1563    4.1164  -0.887    4
57183.208   -0.027579814896    0.165700800281    0.1124    0.1590  -0.188   51
57184.227   19.695500782995  -34.003198797450    5.2135    8.4347  -0.974    3
57186.291   -1.238154433252    3.557001602061    0.6057    0.8726  -0.092    7
57190.246    2.971504096810   -0.776599197749    1.5169    0.9069  -0.057    4
57193.289    1.401976886171  -14.951397598395    2.1155    3.6149  -0.859    4
57194.290    2.369867741220    0.330001200766    0.6600    0.6126   0.036    7
57195.228    1.529279071008   -1.005897598816    1.2146    1.3285   0.333    3
57198.227   -0.669163791756    0.722502000627    1.2855    0.9230  -0.486    4
57205.269    0.197065627393    0.005900400168    0.1418    0.1668   0.032   94
57210.207    0.533511459045    0.073501201925    0.1326    0.1935   0.154  104
57217.209   -0.530978509843   -1.117997998179    0.1323    0.2327   0.492  116
57220.270   12.180278591232    2.110600801331    0.3797    0.2111   0.192   21
57234.270   -0.326009936171   -0.352699197848    0.2477    0.1737   0.108   39
57239.208    0.309910680318   -0.488898000484    0.2651    0.1733   0.591   25
57266.207    0.282481124999   -1.501898397649    0.1261    0.1641   0.023   45
57267.230   -1.073881201600   -3.561598798285    0.2952    0.5600   0.449  200
57283.268    0.933903536168    0.726102000925    0.2256    0.2507   0.067   49
57291.501-1068.704843836543-5758.077898797964   24.8347   86.3710   0.877    6
57301.209   -0.438704728725   -1.311397198833    0.1051    0.1355   0.110   80
57302.228   -0.908566885111   -0.016898399480    0.3837    0.3678   0.037  112
57309.208    1.584581804517   -0.355399198071    0.1070    0.1053   0.005  104
57317.207   19.825189235387  -83.395497598815   14.2152   15.4454  -0.300   31
57322.208   -0.673188605322    0.060602399898    0.2475    0.2852  -0.049  208
57338.582   65.165166453246 -110.670800399149    3.4957    8.0324   0.390   35
57343.209    1.513476756380    1.127901602516    0.0899    0.2093   0.279  202
57344.228    0.083923633243    0.550400400456    0.4224    0.6673  -0.087   24
57365.227   -0.527551156655    3.197502000774    0.2983    0.4992   0.303   53
57371.209   -0.314532955057   -0.780497999031    0.0954    0.1018  -0.018  150
57385.209    2.687234165428    0.687301201552    0.1555    0.2972   0.030  132
57398.771    2.575283516488   -0.107499599622    0.3291    0.2393   0.018   12
57420.208    0.022209817819   -1.571399998923    0.1014    0.1708  -0.164   70
57427.206    1.204163537234    1.016301599677    0.2473    0.1998   0.158   69
57428.225    1.970069547339   -0.145400398921    0.8764    0.7409  -0.297   14
57429.248   -0.614605201067    0.113202001373    0.6320    0.6321  -0.109   23
57430.270   -0.758754362506    0.575002800574    0.2401    0.2441  -0.342   41
57436.257    1.199541262496   -0.007797599366    0.6728    0.7683  -0.094   33
57442.236    1.847983522072   -0.722897997463    0.8468    0.7238   0.093    7
57448.208    1.154674424468   -0.958399200002    0.1266    0.1074  -0.033  128
57455.206   -0.329737808513   -1.686599998862    0.1203    0.1252   0.320  127
57462.208    2.291310526330   -0.060098399857    0.2896    0.1801  -0.194   43
57463.231   -4.209808790433    0.160902002122    0.9569    0.6102  -0.244    9
57464.250  -55.213146546858  -38.654197199861    7.2836    1.4503  -0.552    3
57480.496    9.759726814106  -10.941897599182    1.2987    0.9725  -0.651    8
57481.497    1.058823031380    2.312902800483    1.3181    0.8443  -0.536    6
57491.231   -1.080142023938    0.389901602205    0.7956    0.5280   0.101    8
57493.269   -1.733503501066  -15.667797600116    0.2346    0.9002  -0.245   20
57500.271    0.726105071276   -2.811297597916    0.1978    0.2827  -0.067   45
57514.271   -2.200829129525    1.314802801033    0.6009    0.7151  -0.647   49
57520.250   24.054224114910  -15.995397598445    1.3721    2.0372  -0.070    4
57521.269   -0.862952326333    2.469902401003    0.3404    0.6009  -0.147   21
57540.207   -2.341847879795    1.650502800032    0.2592    0.4207  -0.332   52
57562.250    0.602527181645   -3.186899998298    0.5999    2.2095   0.126   18
57591.269    2.708996782446   -5.651999997625    0.3984    0.3748  -0.364   12
57596.229    5.366715644949   -2.690600398481    0.3168    2.0243  -0.333  132
57626.271   -6.294064995485   -5.181098398310    0.2437    0.4174  -0.138    9
57630.208    0.830152774731    0.217202400066    0.2022    0.1687  -0.055   68
57636.998   -0.209440588833   -0.859597199820    0.2635    1.1801  -0.389   86
57644.208    2.267759103725   -1.293897600263    0.2758    0.3104  -0.023   70
57652.229   12.724673148148    2.238001201960    0.2944    0.8188  -0.257   80
57660.250   -0.420072522876   -3.854797198244    0.6431    1.5727   0.082  267
57669.345   -2.153275504788   -0.897199198135    0.3842    0.3630   0.271   50
57670.313   -0.995023467555   -3.020000400156    0.4474    0.4668   0.017   23
57685.189    1.070153330052   -0.168299997938    0.3251    0.3313   0.364   37
57693.207   -0.396370840694   -0.338399999222    0.1055    0.1730  -0.141  129
57694.229   -1.616934153729   -1.513097998895    0.2453    0.3948   0.101   30
57699.186   -3.013841562772    0.539600399563    0.4602    0.4781   0.538   35
57701.227    2.186067900529   -2.749899597632    0.6488    0.6978  -0.664   16
57702.250    0.494751605847    1.032202800033    0.5088    0.9304   0.140   19
57708.229   -0.028771159311    0.216500401606    0.3858    0.4091  -0.207   94
57709.248   -0.804218661706    2.363702401809    0.7798    0.8334  -0.569   12
57717.313    2.856276354259   -0.646700398832    0.4113    0.3255   0.214   64
57730.250   -0.802429856119    2.238602401050    0.5187    0.5025  -0.191   26
57731.269    0.634428752125   -0.685299599468    0.0715    0.0801   0.227   37
57732.292    0.026084372602   -2.506100399202    0.3834    0.4074   0.240   63
57743.209   -1.660162444951    0.432802801598    0.1157    0.1284   0.064   47
57764.207   -2.281028468357   -1.811300399268    0.1890    0.1894   0.136   21
57770.187  -11.342673649748   13.939300801624    0.7082    0.5423  -0.145   45
57784.209 5165.562294434155******************    0.1257    0.3193   0.182   21
57786.247    0.277712167820    1.362099601110    0.3784    0.8388   0.085    6
57791.207    0.282033923404   -0.996199199932    0.0983    0.1106   0.255   66
57799.228   -0.777236308777   -1.134097200151    0.4402    0.6649  -0.489   17
57800.250    1.394521141488   -1.151600399041    0.3960    0.5520  -0.225   16
57807.227    0.417686255321    0.015202802217    0.5348    0.5238  -0.376   11
57808.271   -1.517208205858   -0.382798797460    0.1822    0.2737  -0.110   54
57821.249    1.295392655584    0.071499599841    0.1572    0.5008   0.141   23
57833.207    1.316114186969   -0.962600399390    0.2069    0.2467  -0.263   55
57834.230    9.453987630589   -3.953897999409    1.5626    0.5108   0.134    9
57840.209    0.736988168353   -0.005097599143    0.1296    0.1268  -0.018  138
57849.249   -0.012074442286   -1.049997599267    0.1275    0.5341   0.544   17
57862.208   -0.163378828460    1.912201200582    0.1530    0.3120   0.124  173
57868.209   -1.928780322076   -0.186397198476    0.1520    0.3187   0.031   88
57882.209   -1.083569376331   -0.895298398618    0.1333    0.1647  -0.018   38
57883.228    0.152345471806   -0.342500399242    0.1482    0.4387   0.025   30
57917.207   -1.361134862504   -1.493899199545    0.0991    0.1131   0.244  130
57927.270    2.569172953727   -2.547197998126    0.1698    0.2017  -0.013   34
57933.249    0.487002497076   -0.289897197447    0.1131    0.2195   0.103  292
57941.270    0.025787430583   -2.715497999262    0.1095    0.1471  -0.015  121
57967.228   -0.350756281916   -0.209199598444    0.1318    0.2184  -0.407  183
57974.230   23.632216103211 -144.770597999155    0.5769    0.6105   0.426  158
57982.247    0.071698931379    1.807102800200    0.2127    0.8451   0.187   29
57990.272   -0.372819418088   -1.153897198591    0.1100    0.1473  -0.101   91
58008.209    0.439896073934    0.684201600976    0.1066    0.1305  -0.006   68
58016.230    0.105539567819   -2.007597598563    0.1690    0.6758  -0.078   20
58018.268    2.800823361174   -0.652298397696    0.1485    0.2090   0.115   70
58025.270   -0.419625322075    0.936100800075    0.1730    0.2548   0.330   35
58029.207   -1.240240181652   -1.722697197692    0.1105    0.1150   0.085  168
58033.499   -6.091779631386    1.495800002260    0.2224    0.1909   0.066   20
58036.187    0.481782760370    0.206100001066    0.2137    0.6507  -0.021   22
58044.230    0.428565775262   -0.656297998347    0.4723    0.8206   0.059  178
58057.207    0.411572116219    1.199700000143    0.1195    0.1074   0.123  116
58059.249    2.375087477926    2.867101199655    0.1468    0.4239   0.169   37
58065.228    1.357256730585   -0.685799999189    0.2539    0.4290  -0.236   76
58073.249   -6.348176383784  -25.750699198568    0.1608    0.1427   0.118  132
58074.272   -0.034735039631   -0.426499197559    0.1676    0.1868  -0.064   43
58101.249   -0.283078586967   -0.157798798028    0.1581    0.5835   0.128   29
58106.209   -0.984737831651    0.416502000888    0.1669    0.1668   0.163   44
58136.247   -3.790780930325   35.038501201257    0.9925    8.1096  -0.909   10
58141.208   -0.015058171014    0.517500001251    0.1208    0.1370  -0.060   55
58142.227   -2.484802118889   -2.477498398434    0.3580    1.2917   0.538  200
58155.208   -1.015297797345    1.021100401033    0.1131    0.1166   0.109  125
58156.227    1.236959510906   -8.420000399312    0.3141    0.5375  -0.305   48
58157.249   -1.605603855057   -4.703198400335    0.3164    0.5469  -0.051   57
58163.229   -0.927496032183   -0.799999199685    0.4206    0.4287   0.137  216
58164.248   -1.007545111437   -1.605499199187    0.3148    0.4613  -0.099   50
58165.270    0.037117729256    0.101401201036    0.1079    0.1377  -0.005   80
58169.208   -0.746679921014    0.414000002280    0.1595    0.1815  -0.078  103
58171.249    0.709855555846    3.322000802441    0.4051    0.8926  -0.010   11
58183.208   -1.507369771549   -0.304297198639    0.2132    0.2737  -0.124   63
58186.272   -2.128085535378   -0.117900000163    0.1624    0.1818   0.028   50
58190.206   -0.563327281919    0.525999602274    0.1559    0.1835   0.051  142
58191.229   -0.484469547874    1.246500000818    0.1350    0.4408   0.057   64
58205.269   -1.823838215430   -0.380498397590    0.1408    0.1672   0.031   39
58220.248    0.851618449730    0.771602401173    0.1307    0.3725  -0.076   54
58221.270    1.434025138298    0.520300800844    0.1668    0.2077  -0.008   53
58233.225    0.780366719946    0.821102402071    0.2968    0.9737  -0.107  208
58235.270   -1.809230823942   -7.112397598874    0.1472    0.2447  -0.023   94
58240.165    0.902749687232   -1.224997198079    0.2803    0.3677  -0.430  299
58246.082   -0.159354014894   -2.333397599941    0.4102    1.8378  -0.455    6
58247.207   -0.205862976863    0.147502800374    0.1307    0.1765   0.170  132
58282.227   -0.854752438035   -8.904898799145    0.1338    0.6202   0.059   38
58288.206   -0.375649309308    0.004899600725    0.1450    0.1405   0.218  157
58289.229   -1.120687105587    2.681499601564    1.4329    1.1498  -0.318    5
58291.271    0.175303011169   -0.089099997780    0.1006    0.1639  -0.075   92
58324.227    0.751745820212    3.957901200380    0.4301    1.2127   0.019   82
58331.229   -0.129838711969   -3.036200398299    0.3576    0.5687  -0.066   47
58332.255    0.217787158778   -0.142599599329    0.3413    0.5072  -0.086   50
58338.227    0.439151930320   -0.118299600516    0.2947    0.3112   0.093   36
58346.442    0.017290601062   -0.043498798163    1.1357    1.2583  -0.548   14
58349.163   -2.884600312770    2.824801202550    2.4701    2.8506  -0.970    8
58350.185   -0.164870692824    0.633099601544    0.3704    0.6719  -0.223   34
58351.208    0.356269382710    1.597701599820    0.1408    0.1401  -0.138  151
58362.290    2.102294526864   -3.821097598333    1.1218    1.3386  -0.285   21
58366.227   -1.842470421278    1.203300000441    0.4638    0.5322  -0.279  151
58381.250   -0.548569630059    0.722300401890    0.2597    0.4506  -0.065   43
58386.206   -1.415840134840   -1.362297599528    0.3418    0.5217  -0.061   35
58389.271    0.362530204254   -0.087800397353    0.3808    0.3078   0.032   60
58396.269   -0.577337212234    0.404200800830    0.2157    0.1830   0.151   90
58403.271   -0.649934124735   -0.671497200244    0.2253    0.2524  -0.024   91
58408.227   14.767042665970   -0.195699600525    0.4071    0.1580  -0.261  129
58429.225    2.302193623407   -0.712699198857    0.3407    0.4525  -0.118   86
58437.246    2.134789980586   -0.694299600212    0.3519    0.6100  -0.134   96
58445.165   -3.045442614098   -0.059097600413    0.3452    1.0708   0.340  157
58457.233    0.295299710900   -1.684497597410    0.3630    0.4236   0.106   22
58463.208   -2.267759103725    1.297900801234    0.2343    1.7783   0.405  101
58464.227   -2.214842637771    1.718100001469    0.3739    0.3154  -0.063   63
58464.227   -1.506174849204   -0.829598399577    3.3426    1.3509   0.834   13
58471.226    1.551936090422    1.566702000133    0.6127    1.2460  -0.014   29
58491.208    0.335250909306   -0.271997998524    0.0586    0.1915  -0.284  202
58513.226    0.063202101858   -1.274698797715    0.1380    0.3558  -0.005   98
58514.248   -0.522331420744    0.494802000972    0.3186    1.1649  -0.526    9
58520.228   -0.235675221012   -1.815397198968    0.2067    0.3138  -0.144   58
58543.271    0.605807852391    0.146800801915    0.2932    0.2364  -0.369   88
58569.229   -0.897236586438   -0.144698400462    0.1402    0.1034   0.197   47
58570.249   -0.061864075001    2.648102399760    0.3520    1.5259  -0.076   28
58571.271   -0.354630835905   -0.030898800318    0.1345    0.1503  -0.064   66
58576.228    0.056046877123   -0.067798800174    0.0459    0.0848  -0.079  173
58577.250   -1.925649910907   -3.471998397586    0.4118    1.4527   0.392  196
58599.271    0.160244840155    0.238500000549    0.1643    0.1843   0.038   56
58603.209    0.523075563563   -2.226099599056    0.4345    0.2799   0.221    8
58618.228  -15.459757880331   -2.287400400292    1.2908    0.7513   0.073   19
58624.207   -0.138485801068   -0.563598000269    0.1898    0.1997   0.040   22
58634.270    0.109711063826   -0.019897197490    0.1909    0.1917   0.012   47
58659.209   -0.265637725533    0.426200399772    0.1518    0.1540  -0.237   51
58662.270   -0.087801765162   -0.239299198057    0.1239    0.1437   0.140   95
58668.249   -3.344620456916    1.841500801447    1.2037    1.0538  -0.469   13
58669.271   -0.166358980052    0.238201199565    0.1619    0.2016  -0.054   85
58688.228   -0.025640748937    3.318202800529    0.1611    0.3811   0.707   35
58703.251   -0.168298046012   -0.420199200235    0.2497    0.1359   0.194   81
58729.209   -0.717461559313   -0.324197999646    0.1086    0.1323   0.032  130
58736.207    1.612011359041    0.057401999953    0.1459    0.2038   0.247   55
58743.209    0.283225268613   -0.689799599840    0.1094    0.1159   0.095  111
58746.270    0.621162964629    0.367300800974    0.2144    0.2503  -0.048   71
58751.230    1.098473709838   -2.160899999737    0.2084    0.2924  -0.371   33
58753.268   -0.431252561972   -0.463399197415    0.1671    0.2703  -0.158   40
58793.226   -0.550805638037    0.614901601637    0.2472    0.3468  -0.236   10
58800.228 -113.283907474832  -35.832599997576    1.6917    1.7356   0.649    8
58807.230   -0.755920893355   -0.488898000484    0.0980    0.0919   0.098   38
58813.209   -0.059180865428    0.306399600092    0.2353    0.1812   0.036   39
58827.209    0.000000000000   -0.082800000456    0.2020    0.2148  -0.059   32
58868.913    0.314679637498   -1.051199997448    0.6955    0.6733   0.191   13
58870.206    0.245660337762    0.289702802547    0.0993    0.1484  -0.034   89
58877.230   -0.001788806382    0.795301200895    0.1279    0.5310   0.260   39
58883.209    0.321387660638    0.191502001456    0.0903    0.1389   0.064  133
58891.230   49.685284503497  -33.736100399651    0.3907    0.3577  -0.193   71
58905.227    0.124618975263    0.378100801868    0.2277    1.3220   0.332   23
58911.250    0.553335010102   -1.502197198633    0.0424    0.1023  -0.194  193
58914.270   -1.233979360108   -0.159998398530    0.5501    0.4330  -0.099   11
58920.249    0.368791025797   -0.518299198760    0.1217    0.4260   0.303   32
58921.268   -0.060969671810   -0.086000400401    0.3198    0.2315  -0.013   22
58925.209   -0.101815273408   -0.627497999162    0.1377    0.2217  -0.204   41
58934.249    0.075874005317   -1.475297998965    0.8667    0.8057  -0.007    6
58941.251   -0.594033929259    0.250200001517    0.2460    1.0112   0.287   10
58956.270    0.056794597873   -0.255297597462    0.4638    0.2932   0.151   22
58960.208   -1.947265845484   -2.420197197850    0.1383    0.7434   0.622   69
58967.210   -0.136993936704   -0.776199597396    0.2332    0.5196  -0.040   27
58968.229    1.284212616488   -1.215197999827    0.2917    0.5028   0.141   33
58977.272   -0.326009936171   -0.634499998142    0.2492    0.2407   0.018   16
58984.270   -0.272646268622   -0.529099199653    0.2267    0.2431   0.029   28
58988.208   -0.197516406919   -0.401997600008    0.1405    0.1991   0.211   32
58990.249    1.018725150532    0.625201199611    0.4222    0.5531   0.247   27
58995.188   -0.289489668088   -0.741200400256    0.1211    0.3355   0.165   50
58996.207    0.297836238032   -0.448199998715    0.3044    0.2852   0.253   69
58998.270    0.940314618083    0.086702402058    0.3397    0.2642   0.183   23
59005.269   -0.147877033781   -0.380699999525    0.2635    0.2335   0.190   27
59009.250   -0.610283445483    0.152301601730    0.1973    0.6903  -0.075   68
59010.229   -0.011480558250   -1.330797600119    0.0970    0.3685   0.269   43
59016.208   -1.087146989096   -1.843199999030    1.5372    2.4966   0.752    5
59023.250   -0.138933002664   -1.137797999817    0.2325    0.6989  -0.381   62
59025.251   -0.263401718350    0.110602800518    0.2240    0.2629   0.388   96
59039.251    0.126854983241   -0.550799997612    0.1766    0.8206  -0.433   60
59053.248   -0.975647118887   -0.679399199299    0.2975    0.3056  -0.075   98
59071.916   10.280119168890  -10.500800398816    0.7953    0.5207   0.322   16
59074.250   -0.251627795218   -2.141899198804    0.2780    2.2027   0.461   19
59080.207    0.084667776857   -0.743698798544    0.1874    0.2648   0.020   41
59115.340    0.103450242282    4.239802800043    2.5696   10.4500   0.674   14
59122.229    0.025340228988    0.719802000404    0.1972    1.1763   0.317   31
59131.269    0.201834585367    0.057301200584    0.2135    0.2237   0.049   25
59137.248   -0.527400897078   -0.133397999846    0.2386    0.8732   0.366   26
59143.231   -0.609535724733   -1.247698798679    0.2438    0.6940   0.422   55
59145.269   -0.141018751064    0.119602801263    0.2950    0.2718   0.030   23
59152.271   -0.361338859044    0.393699600920    0.2453    0.2485   0.173   22
59156.270   -1.216241557451   -6.638097598000    1.3763    3.9545   0.750   14
59159.269    0.346581207979    0.139201200966    0.3250    0.3044  -0.106   22
59163.206    0.536194668618   -0.306597598509    0.1179    0.1435   0.076  114
59165.248   -0.336148889634   -0.817297199518    0.1647    0.7046   0.400   54
59171.227    1.182547602658   -0.002998798010    0.9318    0.3941   0.406   12
59177.166    0.195874282977   -0.436298399009    0.2700    0.5481   0.458   72
59178.207   -0.444965551063   -0.512197199853    0.1434    0.1665   0.111  138
59180.271   -0.834181166227   -1.951297197422    1.2728    0.6914   0.063    7
59184.208   -0.292770338834    1.190001601259    0.3702    0.2845   0.162   91
59186.250    0.589111134572   -2.044598397788    0.1610    0.7642   0.441   40
59199.227   -0.280545636970    1.851400802266    0.2081    0.8079   0.133  163
59205.206    3.580295677929   -0.900399598081    0.2957    0.4273   0.148   68
59212.208    0.484465969943   -0.198997199519    0.5492    2.8061   0.707   12
59229.269    0.036817210101   -0.673599598500    0.3222    0.4166  -0.298   50
59231.585   -0.900814198408   -0.834397197735    0.3890    1.0061  -0.223   40
59233.206    0.399497673932    0.056300401141    0.1796    0.2382   0.088  118
59234.229    0.622651251857   -1.044997199173    0.1508    0.2976   0.058  111
59235.456   -0.003130411169    0.460299600036    0.2161    0.4891   0.078   60
59236.271    0.254754628456    0.279802801728    0.3426    0.4731  -0.148   14
59249.248   -0.309463478723   -1.661597998392    0.4116    0.3893   0.104   49
59254.208   -0.002236007978    0.329202000060    0.3628    0.2533   0.156   44
59255.202    0.561685157183    0.493401601176    0.1884    0.4864  -0.070  108
59256.246    1.215941037502   -1.163498398427    0.3259    0.7577  -0.083   70
59257.269    0.966402567821    0.477399601451    0.4546    0.3045   0.336   42
59264.267   -1.230251487767   -1.204999198023    0.5731    0.4895  -0.038   29
59269.227    0.676168756914   -1.199397598839    0.1952    0.3857  -0.113   22
59270.250    0.182307976327    0.413499602558    0.1086    0.3141   0.175  120
59276.229    3.594305608244    6.613300799785    0.1962    0.4140   0.235   78
59277.248   -0.233739732983   -0.477500397622    0.1900    0.6139   0.274   57
59283.227    0.339722924468   -0.209699998166    0.1446    0.3749   0.130   67
59284.250   -0.036523846014   -0.570200398897    0.1462    0.3130   0.185   72
59285.269   -0.205118833249   -1.037498397594    0.2958    0.3921  -0.112   11
59289.207    0.752786905050   -0.734097598709    0.2558    0.3809   0.245   23
59290.226   -0.355228297078    0.084402002187    0.1577    0.3288   0.093   49
59291.248   -0.184994763037   -0.174798000074    0.1088    0.2537   0.161   75
59297.209   -0.271898547871   -0.997999200081    0.1630    0.2007   0.129  221
59298.250   -1.323569931653    1.896001202439    0.0816    0.1855  -0.571  279
59304.229    0.060372210637   -1.034197198280    0.2672    0.4320   0.394   16
59318.229    0.774402839627    2.181401999835    0.4235    1.7643   0.547   12
59324.209   -0.178433421544   -0.576698397836    0.1718    0.2521  -0.135  166
59325.217    0.434529655582   -1.409497197358    0.1355    0.3876   0.077   55
59331.207   -0.202435623676   -1.639497600081    0.9862    1.8660   0.249    5
59333.248   -0.854902697613   -0.008899198178    0.6056    0.6109   0.258   21
59338.209    0.448543163033    0.514299601306    0.1340    0.2576  -0.082  178
59352.187   -0.566307432716   -0.117298797875    0.4233    0.4238  -0.231   24
59354.250    0.100767032709   -0.709898399265    0.0803    0.2242   0.430  333
59355.269    0.250880074468    0.310500000111    0.2703    0.2599   0.186   13
59361.249   -0.071255307714   -1.063598399753    0.0936    0.2722   0.043   51
59362.271   -0.294111943621   -0.269899197392    0.3537    0.3091   0.282   12
59367.228    0.022059558241   -0.545400000362    0.0879    0.2368   0.160   63
59368.228    0.038459334043    0.038800802571    0.3471    0.4248   0.097   33
59369.269   -0.118808932451    0.137001600464    0.3346    0.5025  -0.336    6
59374.251    0.024148883778   -0.661500000376    0.2680    0.4859  -0.249    7
59375.270   -0.072893853725   -0.735199197521    0.2049    0.2209   0.191   35
59383.269   -0.243427907715   -0.357098398851    0.2555    0.2946   0.249   17
59390.271    0.343003595214   -0.306698397878    0.1798    0.3001   0.219   30
59394.209    0.529633327125   -0.040500000154    0.1657    0.1955   0.152   23
59397.269    0.056197136700   -0.603198000348    0.1858    0.2314   0.165   18
59404.271   -0.619374158247    0.175899602084    0.2818    0.3666  -0.079   21
59408.209   -0.058286462237   -0.899297999268    0.3372    0.4381   0.246   18
59410.250    0.182604918346    0.277700400275    0.3951    0.4414  -0.112   27
59411.270   -0.035031981650   -0.052700397646    0.1647    0.2577  -0.056   35
59417.249    0.158606293350   -1.230897598248    0.0927    0.3254   0.117   78
59418.271   -0.341661990427   -0.871898399879    0.2177    0.2300   0.235   24
59425.270    0.036670527660   -0.640198799573    0.1387    0.1672  -0.111   59
59430.248    0.054408330318   -0.233197199151    0.1623    0.3869  -0.105   29
59431.249   -0.129391510374    0.160502401769    0.2349    0.6439   0.483  110
59437.210    0.116272405319   -0.696697199132    0.1344    0.2219  -0.056   81
59438.251    0.209140069679   -1.141199998500    0.0959    0.2963   0.191  109
59450.209    0.063799563030    0.247701600031    0.1625    0.2727   0.395  107
59453.270   -1.807738959578   -0.457099200091    2.1517    0.5698   0.649   13
59457.207    0.075129861703    0.275302801356    0.1286    0.2091   0.118  100
59460.271    0.422752155314   -0.376099199784    0.2085    0.2196   0.197   22
59465.206    0.585086321006    0.020199601991    0.1232    0.2629   0.111   74
59467.270    0.449437566224   -0.396698398930    0.3790    0.2751   0.066   14
59471.207    0.299324524466   -0.403797600157    0.1652    0.1871   0.270   52
59473.249    1.225926154252   -1.013799597871    0.6447    0.3554  -0.130   23
59474.271   -0.205265515690   -0.797598000446    0.2851    0.3298   0.043   11
59478.209    0.080642962497   -0.637898399702    0.1474    0.2217   0.070  100
59486.230    0.240891380582   -1.200398398282    0.1565    0.6308   0.276   91
59488.272    0.114333339359   -0.404798399600    0.1408    0.2384   0.101   55
59493.228   -0.557660343617   -1.940597999095    0.1412    0.5942   0.342   51
59495.270   -0.093912327128   -0.704998798540    0.1626    0.3089   0.036   40
59499.189    0.428866294416    0.351399600618    0.3858    0.5505  -0.001   25
59502.272   -0.279500974202    0.044200799820    0.2828    0.2266   0.235   32
59508.251    0.066482772604   -0.413600398730    0.1338    0.2852   0.218   67
59514.230    0.138331963560   -0.643499998887    0.1394    0.5702   0.512   50
59522.229    0.203176189359    0.191102401104    0.1330    0.5434   0.428   38
59528.230    0.021165155050   -1.190498397463    0.1011    0.3156   0.150   98
59535.228   -1.524062911438   -3.821698797424    0.2482    0.3516   0.019   52
59537.270   -0.018782465426   -0.930200399907    0.1358    0.2128   0.044   38
59541.189    0.454803985371   -0.963799200449    0.0892    0.2623   0.255  103
59542.248    0.640092112496   -2.733299999136    0.0968    0.5032  -0.676   18
59543.249    1.158252036438   -0.915800398715    0.0555    0.1254  -0.105  291
59544.272    0.149512002656   -1.007297998612    0.3847    0.4134   0.329    7
59548.209    0.057835683505    0.056199601772    0.1459    0.2081  -0.150   82
59555.207    0.098681285103   -0.335300398646    0.1095    0.2904   0.162   82
59555.207    0.125663638032   -0.934099197991    0.1554    0.3300   0.195   57
59557.249   -0.141315692288    0.179402400136    0.0866    0.2629   0.152  109
59563.228    0.313488292289   -0.194597998515    0.0880    0.3235   0.342   72
59564.251   -0.136396475531   -0.040697998571    0.2712    0.3761   0.147   33
59569.207    0.302755454789    0.004802401676    0.1140    0.2796   0.269   81
59571.271    0.334206246538   -0.423197998245    0.2661    0.4464   0.061   20
59583.207    0.728341079254   -0.366598799317    0.1151    0.1798   0.029   80
59586.272   -0.028771159311   -0.493898397380    0.3342    0.4308   0.391    5
59592.284    0.276220303456   -0.036097198830    0.2913    0.5365   0.034   49
59594.585    0.652467073937   -0.334400398572    0.5076    0.6273  -0.419   46
59597.083    0.175896894412   -0.423399600180    0.1047    0.3391   0.142   77
59599.249   -0.053070303461    0.225201601367    0.0756    0.2502   0.575  240
59600.250    0.120146959307   -0.385498797684    0.0559    0.2101  -0.753  117
59607.248    0.838649604253   -0.063097197867    0.2620    0.3996   0.089  101
59607.270    0.044866838027   -0.823399198424    0.1912    0.1996  -0.110   44
59611.207   -0.262657574736   -0.658598398218    0.1340    0.1646   0.005   86
59614.250    0.013115527124   -1.119398397975    0.0378    0.1446   0.388   84
59614.272   -0.324521649737   -0.281098798638    0.2605    0.4981   0.038   61
59621.248   -3.103578816757   -0.242798398986    0.0832    0.1805   0.953  134
59621.270   -1.296884519948   -1.502297998002    0.1459    0.2253   0.055   69
59625.207   -0.306780269149    0.523900801142    0.2448    0.2836   0.186   44
59626.230    0.563620646006    0.394200000642    0.3088    0.4815   0.123   41
59627.249   -0.348223331920   -0.157597199291    0.0647    0.1491  -0.066  247
59628.250   -0.454059841758   -1.905497999388    0.0256    0.0756  -0.492  174
59628.272    0.382207072871    0.174002399689    0.1482    0.2020   0.026   36
59633.228    0.005065899198   -1.652799599583    0.1063    0.4012   0.373   81
59642.250   -0.163228568883   -1.624500000119    0.0142    0.0440  -0.269  169
59654.230    0.433785511968    1.120600802551    0.1187    0.6517   0.383   43
59655.249    0.447648759842    0.095601600236    0.1652    0.1709   0.206   91
59656.250   -0.185588647073   -0.314798398549    0.0355    0.1729  -0.005   79
59663.270    0.253709965688    0.567000002150    0.2897    0.3483   0.044   28
59677.248   -0.731174548404    0.862599601348    0.0781    0.1482  -0.132  162
59683.249   -0.061119931387   -1.060797600161    0.2038    0.9312   0.494   76
59690.251    0.006260821544   -1.539097198489    0.0830    0.2973   0.212   59
59695.208    0.251327276063   -0.051897599818    0.2217    0.2469   0.205   37
59703.207   -0.642481957187   -0.131597999697    0.1475    0.2131  -0.036   39
59705.270   -0.465984023672   -1.621997998313    0.2713    0.4648   0.614   20
59719.248    0.188719057448   -0.060098399857    0.0921    0.2261   0.236  181
59724.230    0.107178114624   -0.551397599580    0.0931    0.3210   0.264   60
59730.082    0.976090742552   -0.063597597588    0.8890    0.7450  -0.193   24
59737.120    0.476269659576    0.169502402514    0.1086    0.3377   0.147   49
59739.227   -1.651368673411   -0.086597999172    0.7524    0.4049  -0.132   20
59754.268   -0.651572670746   -0.048398398889    0.3051    0.2605   0.161   20
59761.270    0.021465674999   -0.316400400280    0.2330    0.3063   0.225   20
59767.249    0.056644338295   -2.883398400044    0.0381    0.2542   0.304   80
59767.271   -0.225836786704   -0.408898799620    0.3217    0.2742  -0.049   17
59772.210   -2.384181768621   -6.648998398262    0.2345    0.5851   0.696   59
59774.251   -1.214152231914   -0.143099999050    0.4856    0.3201   0.083   34
59775.248   -0.968341633781   -0.558097200454    0.6489    2.7759  -0.972   15
59775.270    0.153536817016    0.176000401453    0.1926    0.2618  -0.188   38
59782.269    0.296194114091    0.042202801254    0.2346    0.3182   0.296   17
59789.270    0.862501546807   -0.024498000428    0.3923    0.3130  -0.199   43
59793.208    0.896639125265   -0.711997200398    0.2224    0.3456  -0.245   14
59794.230    0.083773373666    0.677800801085    0.1081    0.3755   0.123   81
59795.271    0.519050749997    0.136900801095    0.2724    0.2457   0.177  101
59803.270   -0.224942384307    0.313102801286    0.2626    0.3551   0.177   29
59808.209    0.255201830052    0.337201201361    0.6425    0.3209   0.341   18
59810.272   -0.899472594416   -2.605597200400    0.3974    0.9729   0.291    8
59814.210    0.211376077657   -0.240800400420    0.1866    0.2962   0.397   29
59817.270    0.981457161699   -0.007498798382    0.3377    0.3984  -0.212   26
59824.272   -0.446160473409    0.639702000171    0.1574    0.1999  -0.073   29
59831.270   -0.958055997877    0.020102399745    0.3702    0.3206   0.183   46
59838.269    0.381162410102    0.038502001587    0.2213    0.2559   0.323   40
59843.229    0.508468172075   -0.573098397538    0.1407    0.3633   0.125   48
59845.271   -0.114483598937    0.778500000465    0.2602    0.3239  -0.252   16
59852.269    0.313935493884    0.530499602647    0.2555    0.2361  -0.049   13
59863.084    0.246257798935    0.017701200505    0.1137    0.2827   0.122   68
59864.209    0.162928049729    0.749602802230    0.2353    0.3295   0.188   22
59873.271   -0.333018479259   -0.009500400466    0.2471    0.2353   0.247   15
59879.272   -0.017143918621    0.599101200649    0.2097    0.3665   0.086   15
59887.271    0.048147508774    0.251802000051    0.1869    0.3398   0.118   11
59893.268    0.165761518879    0.695102401238    0.4146    0.4941  -0.166    3
59898.206   -0.595225274469   -0.761900398771    0.2140    0.4532   0.255   24
59899.229   -0.097042738298   -0.581198398208    0.1359    0.5143   0.356   54
59901.271    0.297389036437    0.369900001829    0.1757    0.2262  -0.027   48
59908.269    0.083326172070    0.530902800122    0.2414    0.2192  -0.005   15
59913.207    0.581061506645    0.591300000963    0.2729    0.2409  -0.163   42
59915.271   -0.549163514096    0.746002801932    0.1760    0.2036   0.057   29
59919.208    0.245810597339    1.039402800629    0.1813    0.2521  -0.018   49
59922.269   -0.631598860110    0.128700001056    0.2190    0.3286   0.265   22
59928.270    0.533361199467    0.519699601753    0.1624    0.2112   0.155   24
59935.272   -0.521140075534    0.411602400163    0.2963    0.2241   0.009   20
59949.268    0.018034744676   -1.590397199536    0.4355    0.7710   0.141   14
59957.271   -0.146234909840   -0.234997199300    0.3179    0.2966  -0.179   45
59962.227    0.209737530852    0.745401599644    0.2717    0.2694  -0.093   24
59963.250   -0.278907090165   -0.407098799471    0.1197    0.5507   0.560   51
59964.269   -0.005666938301    1.714500001171    0.6490    0.7169   0.328    8
59968.206    0.251327276063   -0.296398799904    0.1441    0.1867   0.002   85
59971.271    0.260718508776   -0.907700398045    0.1910    0.5132   0.023   39
59975.208   -1.030205708782    0.937101599519    0.4382    0.5972   0.082   36
59977.250   -0.573312397874   -9.784799997448    0.2797    1.1920   0.419   34
59978.269    1.136933043880    0.294501600706    0.7088    0.4806  -0.081   10
59982.206    0.165314317284   -0.009097199793    0.3784    0.5624   0.072   23
59984.248    0.004768957180    0.464500802622    0.1899    0.5666  -0.586   47
59985.271    0.898427930853    0.203302801793    0.7738    0.3580  -0.058   19
59989.208   -0.115975463301   -0.192599999949    0.1245    0.1866   0.160   38
59990.227    0.208843127661    0.157701602177    0.2456    0.7251  -0.088   37
60040.248    0.152048529788   -1.544698797673    0.0223    0.0728  -0.310  130
60048.269   -1.224738386973   -0.261899999288    0.3184    0.3563   0.064   13
60055.271   -0.612666135108   -0.307598397953    0.3405    0.5174   0.127   12
60061.250    1.637652107184    0.717800401517    0.2972    0.2624   0.365   86
60067.207    0.855049380054   -1.538499599718    1.1036    0.6880   0.347   11
60069.271    4.894470798938    1.740999600486    2.6229    3.0799   0.579    4
60081.229    0.485957834307   -1.143399599002    0.1196    0.4105   0.249   23
60090.269    0.348516696008    0.234399600529    0.3163    0.4804   0.097   14
60096.270    0.717311299736    0.539301601776    2.3842    0.7595  -0.770    6
60102.228   -0.961783870219   -2.218298399370    0.3378    1.8262   0.779    9
60104.269   -7.311895742826    2.962101600801    2.2823    0.7645  -0.495    5
60125.271   -0.815398700802    0.308800802529    0.9085    0.4401  -0.335   10
60159.250    0.218828244410    0.483202802570    0.1435    0.5428   0.117   61
60160.269   -0.684665586436   -0.373597197978    0.3100    0.3068   0.193   31
60167.249   -0.690182264366   -1.011999597722    0.0978    0.1707  -0.849   40
60167.271    0.305735606381    0.836802000492    0.2590    0.3942  -0.064   20
60181.271   -0.708517528196    0.374900401923    0.3059    0.3337  -0.051   21
60188.269    0.175303011169    0.182300401974    0.4867    0.3987   0.201   11
60195.238    0.524417168350   -2.375600397997    0.2594    0.5260   0.302   43
60195.271   -0.123130688035    0.670500001121    0.9562    0.4720  -0.107    3
60202.270   -1.146775056119   -0.196599597402    0.2386    0.3733  -0.066   18
60206.207    0.462406411702    0.216302399991    0.1594    0.2920   0.070   36
60206.207    0.462406411702    0.216302399991    0.1594    0.2920   0.070   36
60206.207    0.463447496540    0.218800801477    0.1594    0.2920   0.070   36
60207.230   -0.017294178992   -0.418597198504    0.2341    0.5297   0.248   17
60208.271   -0.307377730322    0.504000000134    0.3388    0.3165   0.073   11
60223.271    0.412466519410    0.280000800146    0.2883    0.3232   0.002    7
60227.209   -1.643615987504   -5.328899999668    0.5366    2.3368   0.583   14
60230.270    0.312740571539    0.816699600747    0.2046    0.2433   0.123   39
