%-----------------------------------------------------------------------------
%                R.A. (mas)        Dec. (mas)        Err. (mas)     Corr. Del.
% Uncertainty in R.A. is in R.A. cos(Dec.)!!!!
%-----------------------------------------------------------------------------
47164.912    4.454284364830  -10.436900393529    2.2662    4.1151  -0.719    7
47625.992   -0.695490226298    3.320200792700    1.0109    1.5185  -0.080    3
47931.579    4.211587254482    6.355900791277    1.3641    1.7743   0.473    4
48007.832   -6.268294967354    0.032500798852    1.7981    1.7417   0.210    3
48026.832   -5.468740055817   -1.458302406832    2.6367    2.7742   0.429    4
48043.320    1.834169282687   -1.926601214564    4.0887    4.1137  -0.624    6
48089.831    2.325749781567    2.041700389555    1.5446    1.5946   0.500    4
48111.837    1.068962019937    6.972598805532    1.3055    1.6503   0.399    5
48147.880   -3.504671105463   -0.092901609605    1.2468    1.4020   0.544    4
48179.832   -1.488205660098  -11.077502409762    1.4912    2.2965   0.455    5
48202.835   -0.651826476319   -0.240300016685    1.6912    2.0684   0.385    5
48237.834    4.067641829415    6.786100794898    2.2508    2.5360   0.247    3
48266.119   -0.659030993763   -5.843502015068    2.3677    4.9241   0.449    8
48298.838   -4.293238476995   -6.566900393068    1.5417    2.5975   0.558    9
48392.126   -0.227051519747   -3.805002009472    3.5556    6.1881   0.766    9
48432.125   -4.158462442278   -3.807302402947    1.9980    5.6796   0.692    6
48446.012   -0.268823752241    2.424099602649    1.7348    1.3212   0.453    8
48490.207   -4.616860242471   -0.796600801323    1.9103    1.2908   0.453    8
48509.152   -0.654083021100    1.985198386478    1.2384    0.8308  -0.058    9
48581.293    1.808915906610   -1.210701606169    1.1544    0.9541  -0.326   16
48642.169    1.362017396969    0.179297984459    1.3734    0.9604  -0.314    8
48657.250   -1.075364877178   -2.409199214526    0.6809    0.6956   0.400    7
48664.259   -0.479428008774   -2.993799614615    0.7296    0.9964  -0.070    8
48691.083    0.272461813769    1.310299197144    0.6659    0.9459   0.224   11
48726.085    0.894233652190    0.628498801802    0.7646    0.8544   0.525   13
48766.383   -0.861485836604   -2.632302005168    2.3704    2.1506  -0.102    6
48768.089   -1.001573133880    0.910400407861    0.5672    1.6666   0.242    4
48770.175    0.849769979406   -0.372801616777    0.6180    0.6997   0.285   14
48774.996    0.148456752411   -0.164102408462    0.6040    0.6843   0.399    9
48782.253    0.267295512242   -0.169002015582    0.3720    0.5836   0.335    8
48824.166    0.176546517402    0.964699194128    0.5188    0.8696   0.383   17
48845.084    0.574033381596   -0.196300806010    0.5906    0.9620   0.518   16
48882.431   -0.676059863328   -0.555199201813    0.4921    0.8982   0.492   17
48915.175   -0.349746657561   -1.404900004331    0.7767    0.9430   0.513   14
48936.265   -0.254414717354   -0.206600407182    0.8742    1.1295  -0.440    3
48971.168    0.502788105147    0.981500397756    0.5077    0.6869   0.550   17
49013.004    0.454247988118   -1.138100404319    0.4464    0.5459  -0.029   13
49020.002    0.885937540067   -1.560002405654    1.2105    1.4080  -0.415    5
49023.092    0.396540218137   -0.442602012640    0.5327    0.6451   0.082    9
49071.122   -0.525056631659   -0.859201196590    0.5192    0.8540   0.315   10
49090.999    0.665508943821   -0.752101203716    0.6093    0.7692   0.241   15
49126.253    0.651536541842   -1.474801209156    1.2807    1.9480  -0.767    3
49142.087   -1.177903084636   -0.760302003755    0.5357    0.9072   0.514    5
49153.168   -0.329516371785   -0.815000393573    0.3267    0.4185  -0.172    6
49188.086    1.308965940186    2.914700391443    0.6936    1.4482   0.562   20
49230.002   -0.268532080366    0.418499999455    0.4203    0.5238   0.563   30
49254.007    0.040388965938    0.587700000665    0.2695    0.3779   0.076   44
49258.003    0.459342671622    0.594597599957    0.2516    0.3559  -0.012   42
49261.005    0.148530107832   -0.087199214249    0.3895    0.5568   0.072   14
49300.003    0.087764132866   -0.137800810762    0.4436    0.4420   0.223   25
49342.006   -0.216135585355    0.601797600552    0.3541    0.4220   0.255   24
49398.087    0.279374659338    0.785998798847    0.4172    0.4212   0.483   11
49415.086    0.547688410840    0.508798788701    0.4954    0.7424   0.267    5
49461.085    0.871965138088    0.004298385647    0.9048    0.9133  -0.273    6
49489.082   -0.066878897729   -1.486299595399    1.4770    1.2322   0.514   11
49534.544   74.101317841079  -79.408299609440    0.3884    0.5527   0.162   20
49573.085    0.449081686592    0.650800782864    0.3305    0.4039  -0.193   16
49618.088   -0.762077452152    0.019000788143    0.2900    0.3710   0.129   13
49629.086    0.027363197606   -0.570099615516    0.3548    0.4722   0.083    8
49664.087   -0.410730948980   -0.289101606654    0.2071    0.2900   0.127   16
49692.084    0.109304342186    0.355798795226    0.3904    0.5658  -0.139    9
49706.168    0.195976892782    0.517600784633    0.4583    0.5211   0.173    9
49895.086    0.044537028205    0.930999584625    0.6641    0.7735  -0.370   18
49896.281   -0.056399596244   -0.240102005478    0.4361    0.5461   0.048   10
49897.395    1.699319892550    0.469998005315    0.6325    0.6402   0.087    8
49923.002   -0.040025688451    0.211600797684    0.7833    0.8958  -0.662    3
49979.086    0.612384131618    0.869500797762    0.3819    0.4615   0.150   11
50038.085   -0.332717800405    0.037598391600    0.2701    0.2996   0.195    9
50048.999   -1.405462842904   -0.185601601288    0.6905    0.6627  -0.204   47
50149.333    0.015427274147    0.952999189963    0.3036    0.4756   0.246    7
50182.081   -1.085407533344    0.031600782791    0.7541    0.9882  -0.236   16
51211.086   -0.553364713105   -0.147200395872    0.6942    0.5593   0.403    8
52388.228   -0.022560185977    0.311997595759    0.5638    0.6600  -0.399   10
52522.238    0.053414734271    0.587498382743    1.2424    0.8935  -0.252   18
52887.134   -2.472751661810    9.619700389862    3.8874    8.5393   0.165    5
52922.362  -11.261755064254   14.334199184418   11.1629   10.6337  -0.920    4
53124.013   -0.919850305754   -1.246500016805    0.5866    0.6499   0.656    3
53138.251   -4.257360838401    3.877099192096    3.6637   31.4146  -0.563    6
53335.018    2.925763094215    3.900999587358    1.7146    3.1419   0.525    4
53388.001    0.026561524993   -0.430801199514    0.3586    0.4206   0.227    6
53472.001    0.493692070218   -0.059799614860    0.4759    1.0061   0.035    8
53501.437   -0.420408590261    0.883497588688    0.4061    0.7791   0.222    9
53543.999    0.029109741649    0.311097605277    0.3181    0.5288   0.420    4
53619.033    0.941682174539    0.654299986991    0.2419    0.2987   0.187    6
53699.001   -0.216863890138    1.145300404914    1.3853    1.2864  -0.400    5
53823.233   -0.188700769726    0.754397990477    0.2907    0.4340  -0.122    5
53908.241    0.270570296283    1.288198782845    0.4665    0.7531   0.378    4
53999.744   -0.112507520614    0.338400002420    0.2906    0.2248   0.439    8
54062.001    0.879243010952    0.413398799992    0.4134    0.4852   0.146    3
54123.998    0.001018239260    0.183200398851    0.4328    1.2086   0.642    5
54249.188    0.313579096900    0.556700388188    0.3713    0.5117   0.585    3
54439.231   -0.473388441431   -0.596599198843    0.3876    1.2845   0.612    6
54445.206    0.094605372822   -0.222199193445    0.2489    0.2799   0.028   12
54456.854   -4.255905966233   31.232998804853    4.7893   34.8075  -0.963   18
54552.195    0.083689438430    0.585197989267    0.2674    0.3708   0.390    8
54670.230   -0.183169440904    0.180900005375    0.2950    0.3613   0.143    5
54723.348    1.155634558124   -9.029401201133    0.6175    6.5758  -0.635   12
54852.208    0.705606237885    0.666597605914    0.2757    0.2901  -0.355   33
54865.207    0.533279375953    0.171698405893    0.3179    0.3437   0.421   30
54907.207    0.137467462598    0.280699188693    0.1752    0.2885   0.209   43
54936.208    3.144808423905    0.945698405985    1.8061    1.1636   0.726    5
54942.209   -0.291382200820   -0.100501213751    0.2236    0.2870   0.127   50
54949.207    0.661797526873    0.540698391660    0.3156    0.3828   0.236   21
54963.208    0.041117283131    0.933699607231    0.2116    0.2813   0.154   29
54985.207   -0.212424155996   -3.993102015443    0.1884    0.1936  -0.019   15
54998.206   -0.578108088443   -0.617399993530    0.2302    0.2298   0.112   29
55026.206    0.155369597980    0.176000398255    0.4726    0.4619   0.432   26
55034.208    0.305501301230   -0.329601613203    0.2298    0.3132  -0.051   41
55040.206   -1.132492778205    1.945699204953    0.7074    0.8977   0.178   41
55047.208    0.731877840811   -1.176602393116    0.5261    0.6204  -0.008   24
55054.206   -0.175383329519    0.334497588028    0.3744    0.3940   0.101   58
55083.207    0.478409757104    0.454697988062    0.2019    0.3065  -0.154   54
55089.208    0.014627351341    0.227498404115    0.2320    0.3360   0.039   47
55098.248   -0.714630667202    0.689698794076    1.9695    1.1210  -0.563    3
55119.250    1.238740652804    1.389599987078    2.5227    1.8009  -0.782    8
55138.206   -0.331771166759    0.314899185128    0.8293    0.8936   0.312   12
55145.208   -0.864687265224    0.444898799401    0.9288    0.6469   0.196   22
55271.208    0.797300116564    0.119498395179    0.2625    0.3623  -0.067   27
55274.269    0.120366987420   -0.085100413116    0.4612    0.5950   0.185   11
55281.895    0.910315875699   -1.452902412780    0.8993    1.0821  -0.665    3
55285.208    0.115927253278    0.295999205946    0.2108    0.2589   0.386   26
55287.897   -1.007322779156    2.070799186527    1.3741    1.8727  -0.881    3
55306.206   -0.165193950102    1.103198403030    0.3234    0.3919   0.152   38
55313.208    0.094387056368    0.139100404795    0.2677    0.3820   0.149   24
55320.207   -0.072190160288    0.648500389389    0.4606    0.4194   0.122   32
55334.207    0.116290543176    0.411897588037    0.2576    0.3244   0.106   35
55349.207    0.389772346012    0.530499599449    0.2434    0.2596   0.154   32
55384.209   -0.345961885191   -0.055400394672    0.5445    0.5867   0.057   27
55404.207   -0.071826882801    0.309099587525    0.3011    0.2695  -0.081   31
55418.207   -0.031292943419   -0.203702398949    0.3638    0.4184  -0.063   29
55442.269    0.446535219744    0.345797988643    0.3752    0.5222   0.176   16
55449.271    0.782891081677    0.451497604104    0.6698    0.8468   0.070    3
55477.268   -0.828664678006   -0.520599601828    0.8078    1.2267  -0.227    4
55482.206    0.245753565525    0.747100787635    0.2272    0.2484   0.346    7
55484.270    0.726783157308    0.832100391790    0.7419    0.6544   0.236    5
55488.207    0.186662541399    0.140299189866    0.2356    0.2290   0.073   10
55580.206    0.312995740741    0.548899191699    0.3578    0.2762   0.333   12
55631.272    0.070006958518   -0.780800397138    3.1726    2.2064   0.689    4
55636.210    8.117091601382   -5.511700817351    2.6699    1.7779  -0.714    8
55638.270   -0.108796103665    2.307297597781    1.1231    1.7206  -0.726   53
55642.207   -0.274500042096    0.593298005924    0.9298    0.6917  -0.366   18
55645.272   -0.257324474099   -0.029901610787    0.5324    0.8629  -0.003    7
55649.205   -0.312850792117    0.489898783940    0.3022    0.4284  -0.001   13
55652.270   -0.350838252241    0.560300401276    0.5505    0.6791   0.050   15
55659.272  -30.939553475448   -2.194002010469    9.7586    5.8106  -0.786    3
55666.270   -1.845303545943   -0.493002016810    6.7893    4.5138  -0.738   10
55670.207   -0.705461276852   -0.075099606534    0.3374    0.3227  -0.177   11
55687.272    2.001183132252   -0.329101200691    5.7292    3.6491  -0.886    3
55705.209    1.490535547889   -0.098899192835    0.3603    0.2889  -0.034    8
55722.270    1.092393734333   -0.297899995871    1.3433    1.0473  -0.520    4
55733.209   -0.771175224479   -0.030301214338    0.2215    0.2428  -0.077   17
55736.270    0.334246015584   -0.481499998273    0.5214    0.6818  -0.227   11
55743.268   -1.399059985664    2.984597989553    1.4642    2.0463  -0.362    4
55761.206   -0.506717850960   -0.380599206551    0.3828    0.4047   0.266   15
55764.270    5.314170355822   -0.060800414303    1.3602    1.9146   0.037   10
55778.270   -0.155006320492    0.008200800039    0.3668    0.3714   0.121   34
55782.208    0.000000000000    0.941000391208    1.3921    1.3458  -0.558    8
55783.227    1.413687337005    0.198799185114    0.6685    0.4331   0.209   26
55785.268   -0.291892189149   -0.064800005362    1.2384    1.8046  -0.167    9
55790.207    0.173636773067   -0.441900007786    0.2938    0.3038   0.027   78
55792.270    0.445733559540    0.300499183936    1.1003    0.6725  -0.597    4
55796.208   -0.191320591995   -0.203900410156    0.5512    0.4986  -0.135   16
55811.208    0.777433108276    1.099000800764    0.5256    0.6599  -0.272   19
55817.206    0.127424794022    0.750898786350    0.2248    0.3078  -0.176   18
55819.500    0.509264317808    0.432597599342    0.2652    0.2377   0.183    7
55820.497    0.243717087005    0.865097996439    0.2443    0.4201   0.649    5
55821.498    0.441295575207    0.331700388756    0.2026    0.2851   0.222    6
55823.499    0.018630440165    0.800697594627    0.2418    0.3800  -0.178    8
55824.500   -0.435327613477    0.143298007060    0.3758    0.3319   0.263    4
55825.497   -0.329953004693    0.873799183410    0.2429    0.4192   0.121    4
55826.498    0.216935495751   -0.030401997719    0.5716    0.2868   0.282    5
55827.499    0.561807523660    0.553197602926    0.3700    0.2455   0.515    6
55829.500    0.069133692702    0.741200406651    0.1927    0.2526   0.262    9
55830.501   -0.073428465810   -0.284201999534    0.2320    0.2573   0.191    8
55831.498    0.338539038884    0.688197607701    0.2169    0.2677   0.019    7
55832.499   -0.123131783132    0.620600403067    0.2980    0.3336   0.487    6
55833.500   -0.299533351910    0.101098802929    0.2112    0.2815  -0.042    8
55838.208    0.193285452491    0.390898807723    0.2162    0.2309   0.134    7
55845.206   -0.080559627833    0.017999988700    0.3331    0.7010  -0.053    9
55847.251    0.361754186633    0.335300401844    0.3284    0.5238   0.656    5
55848.270    1.153304670332    2.894000405718    1.1091    1.0404   0.250    6
55853.271    0.786675854047   -1.117101598425    1.1999    1.6115  -0.755    6
55862.270    0.850861574086    0.468197998771    0.3495    0.3657  -0.014   71
55876.270   -0.499949966424    0.578599184564    0.6845    0.6069  -0.009   49
55882.250   -0.669365334214    0.337798806527    1.5324    1.9899   0.078   14
55883.269    4.774704689276   -4.133800808859    2.6383    2.0917   0.681    5
55888.269    5.720606544105   -1.224302400260    2.4890    2.8176  -0.753    9
55889.295    0.500023321845   -1.312700399581    0.7595    0.5322  -0.164   12
55894.208    0.062802441074    0.340397994592    0.2137    0.3016   0.005   12
55897.269   -0.613767398173   -0.713199611369    0.5543    0.6716  -0.004   28
55904.270    0.334682660902    0.707597999394    1.2352    1.1116   0.431    3
55908.208    0.214899017231   -0.503701195953    0.2368    0.4040   0.022   14
55917.270   -1.468921995559   -1.323100809714    2.1289    1.3289   0.727    4
55925.269   -0.366848882547   -0.241300816128    1.1429    0.7286  -0.210    3
55930.207    0.492527120117    0.038897985633    0.2623    0.3073   0.328   10
55932.271   -0.200198310470   -0.058802396552    1.2194    0.9348   0.236    3
55939.269    0.699711631576    0.492897601134    0.4833    0.5368  -0.168   18
55959.248   -0.885282590705   -0.787899614352    0.6429    0.6176   0.095   13
55960.271    0.215117333685    1.044298804231    0.5718    0.8428   0.056    5
55971.206    0.303171401029    0.241797596345    0.4123    0.4402   0.361    7
55979.209    0.568865342672   -0.038901592347    0.2926    0.2827   0.186   38
55988.267    0.131791172743    0.549597589838    0.4697    0.6283  -0.106   28
55995.273    2.890395456359    0.420699583970    2.3456    1.2190   0.597    4
56002.271   -1.373879977418    1.341100798413    1.0884    1.5138  -0.051    4
56009.273    0.061347568907   -0.308501998347    1.8039    1.3939  -0.598    4
56013.206   -0.711064211286   -0.457801195353    0.4191    0.3511   0.371    6
56020.208   -1.805787845821    0.655498797641    1.3243    0.6658  -0.332    4
56029.230   -1.483112713992   -0.113702404292    1.0324    1.2427   0.491    5
56030.271   -1.182487779811    1.005098391715    0.8986    0.7258  -0.009    4
56041.206    0.164175710842   -0.418201204866    0.1695    0.2727  -0.043   13
56055.206   -0.311177591085    0.311698801170    0.2835    0.3063   0.291   13
56058.033    0.278938014020    3.746498407509    2.0521    5.5642   0.963   12
56058.267    1.191947079818   -0.238301998934    0.7439    0.6560  -0.131    8
56065.269    2.193521963506    0.601898383934    0.8975    0.7694  -0.018    5
56069.206    0.193430413524   -0.119800796483    0.2451    0.5488   0.203    7
56072.271    0.595210301019    0.768398388118    0.5670    0.4697   0.241   16
56079.269    0.153114803007   -0.217799998836    0.2178    0.2433   0.067  102
56084.207    0.336429204944    0.068198400527    0.2277    0.2779  -0.048   27
56086.271    0.229597974185    0.387899990528    0.3921    0.5313   0.240   10
56093.269   -0.060765974965    0.693100795957    0.6292    0.9237   0.024    6
56100.271   -1.594236968051    0.095399988709    1.4667    0.7661  -0.313    5
56104.208   -0.370705260529    0.299397601111    0.3402    0.5486  -0.279   11
56111.207    0.848896701180    0.741898804790    0.3790    0.4907   0.068   11
56114.271   -0.441513904071   -0.290502009648    0.3407    0.4331   0.273   19
56118.208   -0.703059771037   -0.199601998929    0.3822    0.2802   0.160   13
56121.269   -0.013609124491    0.140997588005    0.4742    0.6561   0.336   14
56125.207    0.657576109185   -0.367001993595    0.2503    0.2167   0.257    4
56134.250   -0.208131145106   -0.579301214998    0.4985    0.7243   0.104    7
56139.207   -0.803049774250    0.523598393443    0.2026    0.2760   0.234   10
56142.271    1.329269593792    0.237700803041    1.5990    0.7906   0.147    4
56146.208    0.831502804319    0.091198805308    0.4520    0.3404   0.385    7
56149.269   -8.127715876310  -12.710401205140    3.2207    2.7651  -0.201   11
56156.271    1.010015944435    0.028400398833    0.5008    0.6662   0.316    7
56163.269   -0.453374722302   -0.490100401862    1.1658    0.7576  -0.379    5
56170.271   -3.333872471118   -2.454501600369    2.5440    1.6992   0.845    3
56175.209    0.235274264040   -0.480200404240    0.2821    1.6256  -0.183    3
56177.273    0.292473783090    0.125100007153    0.3135    0.3926   0.100   60
56184.271    0.006257883797   -0.266202010835    0.3710    0.6706  -0.389    8
56191.269   -0.159735989111    0.198500390525    0.3602    0.4479   0.367   16
56205.269   -0.020085324742    0.219200401830    0.6094    0.6716   0.103    6
56216.209    0.195831931749   -0.449301600725    0.3751    0.5500  -0.042    7
56219.269   -0.115563988201   -0.586601998975    0.2424    0.3325  -0.068   27
56233.269   -0.146128614427    0.266097595158    0.2005    0.2101  -0.073   48
56240.268   -0.981924442046    0.168199201767    0.5110    0.4979  -0.427   48
56247.269   -0.219628685850   -0.309499216655    0.3804    0.5336  -0.010   33
56260.258   -1.678361301991    0.017499601768    1.0323    1.5768   0.405   27
56265.207    0.326168232324   -0.297399608939    0.3195    0.3171  -0.012   17
56268.271    1.599476612588   -0.399402009066    0.9526    0.7083  -0.048    4
56282.271    0.171306872865   -0.901202415093    0.5001    0.5306   0.199    5
56289.273    0.803776329225    0.694799993539    0.9320    0.8197   0.571    3
56295.209    0.234910986553    0.261399605961    0.3410    0.4457  -0.042    9
56296.271    0.349165051209    0.821098785764    1.0150    0.9391   0.127    4
56310.271    0.397703430840   -0.491500804856    0.6661    1.1823  -0.214    5
56331.270    0.602486424075   -1.203602414535    0.4170    0.4652  -0.342   24
56338.271   -1.005139589796   -0.115502410836    0.9549    0.8522   0.330    7
56359.270    0.477463135868    0.297197991017    0.3043    0.3807   0.172   64
56366.272   -0.099553357895   -0.580802401373    0.4268    0.5328  -0.288   10
56376.831    2.050086539178    5.241700807801    2.3411    5.7997   0.950   20
56385.206    1.410630881829   -0.196999204150    0.6398    0.5590  -0.266    8
56391.207   -0.129536390180    0.466898404738    0.2748    0.3226   0.221   17
56392.230    0.222248495708    0.098200794696    0.2510    0.3285  -0.220   18
56394.272    1.201189825588   -0.450799205964    0.5316    0.5117   0.040   29
56399.206   -1.436100824551    0.657100792978    0.5523    0.4372  -0.305   12
56401.270    0.040898954267   -0.492199202995    1.2924    1.0994   0.517    3
56412.209    0.842565461962    0.538498807146    0.2812    0.3001   0.260    9
56415.270   -0.098025130306   -0.208202402519    0.4217    0.5600  -0.057   23
56422.275    0.596083579245    0.998600395974    0.9487    0.8646   0.036   14
56426.209   -0.026053286472    0.010997999311    0.4055    0.5816  -0.301    9
56427.228    0.005967961730    0.068598004077    0.1628    0.1937  -0.315   61
56429.270    1.452474719935   -0.491601613817    0.9630    1.1997   0.107    5
56434.208    1.132564383817   -2.078499599634    2.2394    2.5904   0.502    5
56436.268   -0.001746556452   -0.038599216623    0.5033    0.6309   0.244   51
56441.206    0.707862782666   -0.504799197643    0.4093    0.5112  -0.332   20
56443.270    0.200634943378   -0.491702397198    0.5262    0.7434   0.112   35
56447.207    0.746650165596   -0.071100015475    0.4575    0.3670   0.011   23
56450.268    0.382639434181    0.044697583235    0.5079    0.4298  -0.096   50
56457.270   -0.169996961731    0.209998802347    0.3422    0.3883   0.006   30
56461.207   -0.314160703251   -0.285400810185    0.3697    0.3942   0.229   32
56464.272   -1.001864805755    0.549500387592    0.7151    0.6221  -0.279   10
56468.206    1.456404465748   -0.211500014302    0.2807    0.2031  -0.023   30
56470.251   -0.161482533153    0.351698395207    0.2227    0.2267  -0.031   15
56471.270    0.981997785057   -0.478299614315    1.0070    0.7028  -0.278    7
56476.270    0.132374516492   -0.073800012501    0.3230    0.3741   0.185   70
56482.206    0.028163120412    0.261899992893    0.1797    0.1562   0.061   25
56485.270   -1.537545699932   -0.089200813136    0.4463    0.5194   0.094   19
56490.208   -0.002838151133   -0.017899205318    0.1707    0.2491   0.247   14
56497.228   -0.295093617769    0.504399594092    0.9279    0.5245   0.206   10
56503.211   -0.771830186252    1.819097985845    0.9318    0.8670  -0.053    9
56504.230    0.874074972028    3.102098392560    0.9287    2.2440   0.958   24
56506.272    0.985417530131    1.121799587622    0.7602    0.7782  -0.095    8
56513.270   -0.478846402422    0.215899183331    0.2541    0.3256   0.002  114
56518.270   -0.128953034020   -0.432399613715    0.1706    0.1961  -0.131  120
56524.209    0.101299901937    0.343400392921    0.2679    0.2873  -0.042   24
56525.228   -0.961839117304   -0.522399608371    0.4657    0.6926   0.057   15
56531.208    0.183387757358    0.200800784000    0.1517    0.2168  -0.072   81
56534.272   -0.610274297678    0.523598393443    0.6046    0.5862  -0.069   12
56539.206    0.155442953400    0.152899184513    0.2858    0.3093   0.177   38
56541.270    0.694253658175    0.523497584481    0.7753    0.6407  -0.240   14
56553.207   -1.521390108593    0.855399591160    0.7255    0.5140   0.067   12
56555.270    0.482557819371   -0.188402407275    0.3780    0.3639   0.311    8
56562.272    0.012225845527   -0.205999211289    0.2411    0.2986   0.085   91
56566.206    0.420263616818    0.964800003089    0.2892    0.3475   0.086   24
56567.228    0.716595527698   -0.085600800048    0.5783    0.5282  -0.136    3
56569.270   -0.000291684285    0.426297589229    0.2589    0.3882  -0.109   66
56576.268    1.316098852017    0.240699594656    0.4503    0.4133  -0.221   19
56583.270    0.166285532372    0.002599188065    0.4055    0.3928   0.275   65
56587.208   -0.240660631829   -1.444802396122    0.3361    0.4274   0.140   32
56590.272    0.413640693316    0.020998805894    0.2794    0.2070  -0.145  141
56596.269   -0.310885919211    1.303200005509    0.9404    0.8919  -0.729    5
56611.270    0.243935403459   -0.357800394113    0.5661    0.5492   0.294   16
56615.208    0.398576696656    0.615898807155    0.3725    0.6929   0.221    4
56623.272    6.807034054106    7.218899986583    0.8439    0.7519   0.060    5
56624.291    0.024378348042    0.109598397557    1.1192    2.3100   0.962   23
56625.329   -0.518943708896    0.500997592212    0.2082    0.2131   0.018   39
56627.283    0.299533339500    0.575200789399    0.2378    0.3402  -0.103   48
56629.208    0.690833913101    0.671597996416    1.6510    0.7317  -0.548    3
56631.271    0.018193807256   -0.245001612598    0.2385    0.2315   0.372   45
56633.266   -0.313650714923   -0.937501212661    0.1785    0.4233   0.596   83
56635.260   -0.048903406926    0.339199183941    0.2097    0.4231   0.520   76
56636.206    0.539610627580    0.874299595921    0.9229    0.7752   0.788    4
56637.254   -0.264965624451   -0.236501992390    0.1811    0.2142   0.216   86
56639.270    0.086890867050   -0.021402016159    0.2108    0.3210   0.069   44
56640.268   -0.087472473402   -0.199800010137    0.2369    0.2606  -0.060   56
56642.207   -0.451191532941    0.084398382683    0.1780    0.2089   0.225   58
56646.272   -0.281339532244   -0.668502002554    0.4819    0.7690   0.663    6
56664.210    0.194813692489    0.102499205923    0.2998    0.3434   0.272   14
56667.270   -1.369368637664    0.543499197647    1.0420    0.6487  -0.306    8
56674.269    0.234329380201   -0.127501209590    0.3769    0.4524   0.346   13
56679.207    0.096351929275    0.355899604187    0.2692    0.3636  -0.132   12
56681.270   -1.267777063852   -2.618899196705    2.5376    1.6176   0.797    4
56688.269    0.083907754884    0.029300389315    0.2613    0.3566   0.022   69
56702.265   -0.533134427329   -0.156200403012    0.4720    0.4166   0.517   16
56709.271   -0.652118148194   -1.483002009195    0.5633    0.8299   0.353   10
56713.208    0.165122332079   -0.599101210241    0.3009    0.3352  -0.012    6
56714.227    1.006157816645   11.658200395459    0.5003    3.8340  -0.075    3
56716.269    0.031437892043    0.162298795203    0.1754    0.2105  -0.054   45
56723.271    0.195468641851   -0.101401204233    0.2325    0.3291  -0.014   31
56728.209    1.394256974035    0.081500400029    0.2705    0.2278  -0.124   10
56730.272    0.164685699171   -0.284900397673    0.2988    0.3917   0.130   34
56734.206    0.263074106965    1.007899197702    0.2527    0.3200  -0.171   19
56737.271    0.364810654220   -0.110199593450    0.6810    0.5874  -0.136   10
56744.269    0.344288684160   -0.047401212555    0.3041    0.3508   0.023   25
56748.206    1.861677441327   -0.385401611425    1.0272    0.6362  -0.153    6
56751.271    0.673076738752   -0.698400006627    0.3348    0.3512  -0.201   28
56754.795   -0.827646438747   -2.165101199125    1.0757    2.1424   0.898   12
56758.272    0.273698369482    0.042800400024    1.5899    0.7137  -0.560    7
56763.273   -0.043300472492   -0.154400396468    0.1652    0.1848  -0.084   93
56772.273    1.459024288016   -0.335199592882    1.0049    0.7069  -0.123    5
56777.269    0.364229047869    0.179697588010    0.4239    0.3835  -0.121   26
56783.497    0.230034619503   -0.237499210698    0.3092    0.1709   0.172   12
56784.497   -1.208031077954   -0.143301613775    0.3629    0.1376   0.030   13
56785.498   -0.137614185849   -0.144601207808    0.1854    0.2159   0.091   12
56786.499   -0.687194114175   -0.265500005980    0.4805    0.3391  -0.080    7
56787.500   -0.008151151090   -0.100400404790    0.1424    0.1302   0.187   20
56788.501   -1.508800973169    0.730598404175    1.3599    0.3582   0.565   18
56789.498   -0.014919035626    0.617097592226    0.1317    0.2460  -0.105   12
56790.498   -0.470185263003   -0.604699215501    0.3124    0.2870   0.754    5
56791.499    0.574833304402   -0.456699612528    0.3013    0.5813   0.427    9
56792.500    1.672466683272   -1.094202002605    0.7618    0.6102  -0.754    4
56793.497    0.697965075124   -0.025300798256    0.2579    0.2456   0.136    8
56794.498   -0.153623053937   -0.031302013781    0.2000    0.1170   0.256   12
56795.499   -0.169123695915    0.090899985139    0.1263    0.1384   0.299   14
56796.500    0.570175253806    0.254998786886    0.1531    0.1875   0.116   16
56797.500   -0.143945425067   -0.451400401857    0.4216    0.2957  -0.751   15
56800.269   -0.523601747082   -0.514601993018    0.3067    0.2619   0.423   98
56807.271    0.470840212366    0.520199998277    0.4555    0.4183  -0.328   43
56811.208   -0.033402777359    0.334699205951    0.2630    0.3041  -0.446   13
56814.269    0.112434152783   -0.056700014284    0.1770    0.2574   0.132   23
56819.207   -0.074228388615    0.319600806620    0.2486    0.3563  -0.318    9
56821.271    0.183314401938    0.197398807700    0.3781    0.3748  -0.123   22
56826.209    0.151804891872   -0.227401201869    0.2677    0.2883  -0.180   13
56832.206    0.024670019917    1.118599203664    0.3113    0.7615  -0.627    6
56841.272   -0.245681972322    0.212198386862    0.1827    0.2798  -0.077   36
56842.291    0.056399596244   -0.170701213165    0.1084    0.1449  -0.039  158
56846.206   -0.045483661852    0.122299201166    0.1906    0.3641  -0.137   11
56849.267   -0.080559627833    0.298400382803    0.6071    0.4960   0.011   11
56850.498   -0.343925406672   -0.324100810190    0.1443    0.1352  -0.188   88
56851.499   -0.070735288121   -0.392202008470    0.1148    0.1143   0.070  103
56856.269    0.205074665109    0.157197595740    0.2250    0.2475   0.059   38
56857.500    0.532187781272   -0.271000808993    0.6460    0.4183  -0.119   12
56858.501    0.008441073157   -0.196801192942    0.4428    0.2835  -0.152   18
56860.206   -0.222030191664   -0.055202409044    0.1450    0.2450  -0.029   25
56867.208    0.297058478265    0.682599602442    0.3127    0.3717   0.292   13
56870.269    0.365538959003    0.063500385750    0.3426    0.3348  -0.014   26
56875.792   -0.221885218221   -0.170402392996    0.0953    0.0926   0.032  158
56877.271   -0.627303167243    0.338799605970    0.4595    0.5414  -0.053   16
56878.498    0.373761715706   -0.663001199541    0.3613    0.3524  -0.456   50
56879.503   -0.769791957924   -2.161900815167    0.4761    0.9043   0.497   43
56881.208    4.358370818271    1.184597994097   91.0524  141.3552  -0.099   20
56884.269   -0.033839410267   -0.406900804251    0.2264    0.2642  -0.054   52
56885.496   -0.153841382801   -0.058399211866    0.2535    0.1833  -0.003   28
56886.501    0.299969972409   -0.258501597727    0.2011    0.1536  -0.007   44
56888.207    0.490853931495   -0.530701217372    0.2138    0.2575   0.422    6
56890.792   13.732905130645   29.293099197503    0.5584    1.2777   0.974   48
56895.208    0.272098523871   -0.323200794128    0.2732    0.2721  -0.154    9
56898.269    0.560060979617    0.485200794742    0.4398    0.4673  -0.167   13
56899.496   -0.205146283132   -0.135201597118    0.3140    0.2290  -0.045   36
56900.501   -0.894451981054    0.187898388049    0.2853    0.2055  -0.104   35
56901.790   -0.451846482304   -0.312001202474    0.1199    0.1392   0.042   76
56901.794   -0.296476884324    0.062999998818    0.3681    0.4580   0.204    7
56903.207   -0.038642421896   -0.028602016755    0.1088    0.1303  -0.101  137
56904.665   -0.447043470675    0.010097983250    0.1937    0.2098   0.037   61
56905.662   -1.984007564255    1.572699602548    0.3222    0.2621  -0.334   68
56906.659    1.576553136713   -2.274102007505    0.2717    0.2357  -0.213   65
56907.656   -3.532689264841    1.189800002521    0.3464    0.3734  -0.199   52
56908.412    0.661650816031   -0.574099206574    0.3768    0.3792  -0.119   13
56910.969    0.444641964860   -2.871100809898    0.3035    0.3595  -0.305   43
56911.645   -0.277774826137   -1.247900394219    0.2806    0.2366  -0.144   59
56912.642   -0.066295553979   -1.342602010368    0.2826    0.2483  -0.162   56
56913.639    0.679189661516    0.642499199444    0.2724    0.2402  -0.139   66
56914.636    0.519088657520   -0.631602009094    0.2668    0.2383  -0.164   63
56915.399    3.006904315989   -0.529200005417    0.3711    0.3814  -0.089   10
56916.959   -0.168397128530   -0.177602393592    0.3122    0.4434  -0.252   34
56917.627   -0.251794895085   -0.117799197596    0.3733    0.2372  -0.189   59
56918.625    1.491627142570    0.248597993391    0.2866    0.2634  -0.128   66
56919.603   -0.063457415257   -2.379999608593    0.3292    0.2902  -0.001   42
56920.619   -7.014290183588   -1.678302015762    0.3196    0.2637   0.078   56
56921.616    3.180977721964   -0.485899192881    0.4092    0.3905  -0.042   18
56924.790   -0.450754900033   -0.701899210753    0.4671    0.4885   0.159   32
56926.269   -1.225859857916    1.231898397691    0.1430    0.1697   0.036   50
56932.270   -0.458469405806    0.320198395798    0.4319    0.3967  -0.132   41
56934.498   -0.430524601848   -0.690800402481    0.2747    0.2674  -0.076   13
56935.499    1.914292265202   -2.329502402176    0.2610    0.2779  -0.295   29
56937.208    0.271661890963    0.208799991697    0.3627    0.3277  -0.172   18
56939.250    1.213052393628    0.437597989844    0.2317    0.2179  -0.010   47
56940.273   -0.166140583749   -0.648100811418    0.4383    0.4734  -0.200   40
56941.496    3.118610163990   -2.945199616988    0.9135    0.6806   0.020   13
56942.501   -4.740791935998   -9.209700010615    0.8394    1.2349   0.436    9
56944.207    1.718896966361    0.009698405279    0.5397    0.3381  -0.118   89
56945.792   -0.222611785606    0.475498782748    0.2091    0.2643  -0.149   50
56947.271    0.159372686803   -0.828302393074    0.2908    0.3497   0.151   54
56948.498   -1.119246943611    0.242297983277    0.4722    0.4041   0.034   24
56951.208    2.036987403015   -0.087102012003    0.2574    0.1493  -0.244   88
56952.271   -0.984325947861    0.286700404217    0.2763    0.2707   0.358   43
56961.271   -0.480227931579    0.492299986377    0.2441    0.2448  -0.083   45
56962.502   -3.814320468960   -0.759801616823    0.6720    0.2527  -0.440   14
56963.503    1.791742088422    0.949399202455    0.3351    0.2073   0.124   32
56972.207    2.862813929889   -1.201100403136    0.5014    0.7206   0.080   17
56975.271   -0.154059699255   -0.484199995299    0.9332    0.7123  -0.484   10
56976.498   -0.622208483740   -1.250600416824    0.1713    0.1866   0.134   73
56977.499   -0.860102570049    0.660898791693    0.1470    0.1603   0.075   85
56979.209   -0.394720331084   -0.414702000739    0.2015    0.2173   0.086   44
56982.269    0.033839397857    1.184198390547    1.0494    0.8103  -0.288   11
56983.497    1.615048847768    2.413097996623    0.5219    0.4598  -0.185   26
56984.501   -1.221856769092   -1.808600399045    0.4878    0.3413  -0.201   26
56986.167   -0.010915946802   -0.590799601241    0.1317    0.1311   0.095  144
56987.270   -0.704732972069   -0.237700803041    0.3106    0.2804   0.165   47
56990.498    0.198088464120   -0.547999201217    0.3176    0.2260  -0.267   40
56991.503   -2.210769149525    0.000399603550    0.3582    0.2243   0.052   24
56993.205   -0.094240357937   -0.033501598296    0.1633    0.1942   0.139   65
56997.497   -0.277119864364    0.728099999492    0.3380    0.2651   0.050   42
56998.501   -0.426376551991    0.038498407662    0.3191    0.2393  -0.034   46
57000.185  -17.111314642378    4.134099603448    0.3680    0.2699  -0.177  141
57001.208    4.441768584827   10.068800398244    0.6679    1.5916   0.969   32
57004.498   -0.454321355949   -0.470599201208    0.3102    0.2349  -0.013   41
57005.499   -1.006594461963   -0.553201209641    0.4322    0.2757  -0.087   29
57006.792   -0.341887190755   -0.272001608437    0.1040    0.1157   0.064  152
57009.250   -0.438820713971   -3.547299593265    0.6650    0.7029   0.096    4
57010.269   -0.347708441644   -0.370602006683    0.2421    0.2917  -0.032   48
57011.610    1.846176811759   -0.541602014437    0.4687    0.3705  -0.083   30
57012.501    2.597120000655   -0.303400798884    0.4567    0.3111  -0.085   24
57014.207    1.807024401535   -4.283999996346    0.6186    1.0502   0.221    6
57028.207   -0.964313978539    4.248198004575    0.5194    0.7725   0.253    8
57038.269   -1.175283262368    0.049697999316    0.3336    0.2699   0.102   41
57039.497    0.230399646799   -1.362902392543    0.3028    0.2174   0.018   46
57040.501   -1.000191617133   -1.231502400856    0.4847    0.3084  -0.213   17
57045.271   -0.234692670099   -0.155599207119    0.3870    0.5104   0.368    7
57046.499   -4.249938004503   -4.198399196298    0.5011    0.7019   0.322   31
57047.499   -1.856874442108    0.028598384461    0.3838    0.5813   0.525   38
57053.511   -0.664707283618    1.546797582819    0.7731    0.6453  -0.193   16
57054.501    2.214262237610    0.002498404683    0.7697    0.6212   0.011   15
57057.230   -0.706406160691   -0.149500814928    0.2140    0.1724  -0.108  177
57058.249   -0.236365871131    1.402397992933    0.6894    0.6672  -0.100   10
57060.342   -0.759967618212   -0.277599613696    0.1867    0.1952  -0.221  161
57061.291   -0.613184054423   -0.400201216166    0.1301    0.1275   0.088  168
57062.230   -0.464145695661    0.479098795836    0.1445    0.2654  -0.324  147
57063.209   -0.523165114174   -0.610999200035    0.3673    0.4254   0.125   16
57064.228    0.103993079626   -2.860999194354    1.3793    1.4971   0.283    3
57065.247    0.159735976701   -1.647000001981    1.1503    0.9917  -0.327    5
57066.273    0.562244168978    0.781797589866    0.3181    0.4581   0.119   13
57067.289   -0.298441757230   -0.726400801909    0.1909    0.1479  -0.194  170
57068.289    0.252158172573    0.087199188670    0.1196    0.1471   0.013  162
57069.228    0.840163956148   -0.356702392423    0.1911    0.1613  -0.123  158
57070.207    2.529514535542   -1.199502014515    0.4884    0.4027  -0.007   10
57071.226   -0.934622630539   -0.743601609088    2.3119    1.8059   0.453   17
57072.249   -0.557512775372   -0.584701209050    0.1255    0.1501   0.018  160
57073.271    0.979233001755    0.713300394750    0.2394    0.2739   0.239   28
57074.290    0.149840018966   -0.070599602964    0.1433    0.1482  -0.164  158
57075.291    0.775904880688    0.054399595228    0.1978    0.1710  -0.091  114
57076.394   -0.393702091825    0.774100783474    0.1951    0.3295  -0.362  154
57077.209   -0.206966195005   -0.246902402523    0.1884    0.2494   0.215   37
57078.228   -1.241287132062   -0.041900409542    0.1801    0.1301  -0.141  165
57079.229   -1.284514249133    0.546497989262    0.1735    0.1435  -0.179  174
57080.273    1.403497969998   -0.250599592277    0.3240    0.2949   0.134   34
57081.289    0.826773148110   -0.928299613179    0.2035    0.2560   0.247  183
57082.293    0.456431177479    1.365998386404    0.1617    0.2342   0.002  165
57085.208   -0.048466774018   -1.874901616361    0.3035    0.3521   0.165   21
57087.271    0.029328070513    0.232498794617    0.2874    0.2939  -0.049   24
57091.209    0.588805693971    1.261299595967    0.2144    0.2898  -0.119   14
57094.270    0.132082844618    0.165797999330    0.2001    0.2539  -0.125   74
57101.271    0.243425415131   -0.254901610219    0.2125    0.1806  -0.298   62
57108.270   -0.648480086666   -0.502599613128    0.2160    0.2769   0.089   33
57113.230   -1.096541796600   -2.975399996785    0.7844    1.8558   0.969   37
57114.274    0.163594104491    0.845200798949    0.5219    1.0151  -0.045    5
57120.206    0.381621194922   -2.160900015724    0.4956    0.5450   0.335   14
57122.270   -0.491143865972   -0.003402001880    0.2070    0.2503   0.121   31
57129.272   -0.207184511459   -0.321199195241    0.2147    0.2296   0.105   35
57133.209    0.952743082375   -0.809701208482    0.1696    0.2084  -0.155   85
57136.273    0.138559057278    0.068500801831    0.2221    0.2020   0.007   22
57142.271    0.110614253320   -0.476200813182    0.2326    0.2408  -0.098   59
57150.270    0.286289254714    0.421398007688    0.4245    0.3284   0.122   27
57152.498    0.068625441771   -4.425001216646    0.1268    1.7406  -0.068   61
57155.223    6.536390402402    3.484497605655    0.3004    1.3765   0.584   42
57156.249    0.158281104533   -1.107399612010    0.1892    0.3269   0.413   50
57157.268    0.202526448454   -0.387399603596    0.1831    0.2560   0.102   52
57158.499    8.794608074276   11.094800393607    0.6375    2.9146   0.656   77
57159.507  -41.417907457286  -29.867202010792    0.9608    1.1199   0.006  131
57164.270   -0.014845680205    0.418697985083    0.3664    0.2982   0.210   18
57171.268    0.107557785734   -0.222602403710    0.2145    0.2584   0.250   33
57173.500    0.099043357156   -0.324302402532    0.1708    0.1276   0.145  128
57175.209    1.089192305713   -0.323200794128    0.2141    0.2506  -0.009   25
57176.228    0.025979931051   -0.061999199374    0.1095    0.1202  -0.052  256
57177.229   -0.177201479174   -0.098200794696    0.0961    0.1039  -0.065  268
57178.270    0.618715370835    0.109598397557    0.1424    0.2725   0.004   46
57179.289   -0.168615444984    0.451000798307    0.1007    0.1001  -0.019  285
57180.293    0.103338130264   -0.215402403114    0.1358    0.1341  -0.416  240
57183.208    0.320128652571    0.033400789334    0.1558    0.2221   0.107   38
57184.227   -1.059282641259    0.028400398833    0.2188    0.1980  -0.679  255
57185.268    0.164175710842    0.077597985637    0.2439    0.1836  -0.068   55
57186.291   -0.623810066749   -0.080899204136    0.1077    0.1090   0.020  289
57187.291   -0.076048288078    0.391500003616    0.1052    0.1154  -0.069  274
57189.209   -3.979514419062   -0.547700406628    0.4579    0.4791   0.075   65
57190.246   -0.858939369756    0.818499597699    0.1978    0.1785  -0.449  232
57191.123   -0.779106309308   -0.274100409570    0.1471    0.1449  -0.070  274
57192.270   -0.066513870433    0.242600384581    0.1660    0.2175  -0.146   75
57193.289   -1.693498641661    1.005400793019    0.1385    0.1423  -0.328  293
57194.290   -0.320273626015    0.270597598728    0.1160    0.1139  -0.025  286
57195.228    0.646660174793    0.158198395184    0.1069    0.1111  -0.133  290
57197.226   -0.586840833474    0.412797604099    0.1176    0.1135  -0.105  280
57198.227   -0.561079218877   -0.256399215459    0.1102    0.1033  -0.015  272
57199.272    0.474261707247   -0.200001602479    0.1866    0.1725   0.094   67
57201.500    0.219265383542   -0.246402015591    0.1482    0.1379   0.026  180
57204.363   -0.605616247082    0.277498804735    0.8703    0.8658   0.227    8
57205.269    0.081287932616   -0.101502013194    0.1627    0.2155  -0.016   59
57210.207   -0.240660631829    0.136997996947    0.2876    0.2891  -0.108   45
57213.272    1.839553888257    2.128697985881    0.1808    0.2432   0.238   62
57217.209   -0.126406567172    0.016200007735    0.1342    0.2923  -0.074  113
57220.270    0.115708936824    0.582699584584    0.1802    0.1918   0.118   51
57227.272    0.386787484038    1.182700785307    0.6106    0.7572   0.544    5
57234.270    0.405781226510   -0.289501210204    0.3106    0.2789  -0.066   41
57239.208    0.131646211709    0.194698785094    0.1030    0.0995   0.009  161
57241.268   -0.472586768818   -0.067201207798    0.1308    0.1759  -0.056   87
57246.206    0.813019062585    0.609400785834    0.1634    0.1536  -0.212   88
57247.229    9.046037929656   22.260599993729    0.6952    1.6063   0.974   29
57248.270   -0.246336921684    0.584099987577    0.1257    0.1538  -0.011   82
57252.207    0.394575357641    0.305600383399    0.1106    0.1230  -0.021   67
57255.272    0.281994481606    0.350899188106    0.1532    0.1884  -0.021   77
57259.209    0.348510101847   -0.175899614874    0.0972    0.1146   0.065   96
57262.270   -0.054216406884    0.289598386871    0.1327    0.1382   0.130   82
57266.207    0.167595455916    1.695099587096    0.1390    0.1787  -0.008   30
57267.230    1.841300444710   -3.020500815865    0.6586    0.7478   0.077   22
57274.206    0.476008251290    4.443497985562    0.1574    0.2399   0.049   43
57280.207    0.311177591085   -2.412500407445    0.1338    0.1571  -0.109   24
57283.268    0.093003789813    0.160498788659    0.1596    0.2164   0.148   52
57287.206   -0.336210900900    0.360100787589    0.0916    0.1162  -0.077  103
57290.270    0.272170141894    0.523997996993    0.2174    0.2706  -0.249   67
57294.207   -0.354986314508   -0.396000007186    0.1101    0.1270   0.184   74
57297.272   -0.020011969322    0.735699603638    0.1212    0.1663  -0.099   79
57301.209    0.030419652783   -0.924901192434    0.1254    0.1215  -0.092  103
57302.228    0.536627515414   -0.722001607301    1.2273    0.7358   0.421   10
57303.247    2.475879735010   -1.232801994888    0.4147    0.4581  -0.118    6
57304.241    3.502632877136   -0.687499209562    0.1479    0.2082   0.113   58
57307.795    0.909807637178    0.817797592845    0.2648    0.5597   0.780   19
57309.208    1.274618291398    0.986198386954    0.1133    0.1300  -0.012   81
57311.272    0.996333476933   -0.717501603731    0.1246    0.1483   0.088  132
57318.270   -0.452719760530    2.212599588347    0.1754    0.2610   0.256  102
57322.208   -0.308702729850   -0.109602004272    0.3157    0.3377   0.046   28
57325.268   -0.694108709551   -0.325800007772    0.1923    0.2423  -0.218  101
57330.206    0.422228477314    0.291297584454    0.1014    0.1373   0.089  184
57332.270    0.580582937268    1.128499201286    0.1645    0.2030   0.256   86
57336.208   -0.514432369142   -0.312199213681    0.1872    0.2944   0.156   12
57338.249   -0.391372191623    0.000500386932    0.3706    0.4072   0.031   77
57339.268   -0.226396557975    0.581000387001    0.1287    0.1666  -0.005   74
57343.209   -0.489470664940    0.470699984589    0.1062    0.2243  -0.454  140
57344.228   -1.687167402444    1.756198795988    0.5617    0.6015   0.028   22
57345.247    0.880624527699   -1.286600394224    0.3977    0.6338   0.086   32
57350.208   -2.027818025075   -0.705902408527    0.1402    0.1659   0.167  186
57351.270   -0.560279308481    1.343397585174    0.0980    0.1481   0.079   32
57357.209   -0.422155134303    0.138200388733    0.0877    0.1081   0.143  139
57360.270   -0.897581791652    0.979300787662    0.1249    0.1400   0.117  109
57364.208   -0.085289284041   -0.645501597774    0.1327    0.1419   0.130  122
57365.227   -2.124241572373   -4.773600011276    1.4611    1.0216  -0.231    7
57367.268    0.475424907540    0.208400388146    0.1436    0.1488   0.069  119
57374.270   -1.623854960631    0.609098384530    0.1490    0.1776  -0.005  108
57378.208    0.862504075863    0.496598397604    0.1859    0.1816  -0.068   54
57395.272    6.567391661536    4.104399585003    0.8167    0.6051   0.016    5
57398.771    0.046065255794   -0.344700012533    0.2922    0.3179  -0.355   11
57400.207    0.380384639208    0.435797983300    0.1095    0.1112   0.116  261
57409.269   -1.212905695196    0.335199592882    0.1610    0.1901  -0.035   79
57414.207    0.040388965938    0.790999189348    0.0898    0.0978   0.016  133
57415.229    1.287352387856    3.668597994988    0.4724    1.0034   0.952   44
57416.270    1.462225716636   -0.419702416821    0.1283    0.1820  -0.012  136
57420.208   -0.294002023089   -1.643400014473    0.2388    0.2841   0.255   37
57423.269    0.205801232494   -0.139802409649    0.1631    0.2090  -0.062   86
57427.206    0.356877819584    1.278698388774    0.3461    0.3436  -0.016   33
57428.225    0.422301832735    0.891500403100    2.1002    1.9677   0.821    6
57429.248   -0.504171384112    0.640198805968    0.7002    0.6126   0.183   14
57430.270    0.013462401240   -1.006002014492    0.2720    0.2902  -0.021   62
57434.208   -0.182659452575   -0.451501210819    0.1704    0.2666   0.015  177
57436.257   -0.797591800849    0.069598803520    0.9042    1.0334  -0.013   25
57437.269   -1.466883767232   -0.493599605988    0.2241    0.2042  -0.077  122
57441.206   -2.513648878679    0.476200787602    0.1250    0.1291  -0.043  236
57442.236    1.177466439318    3.391300782596    0.2057    0.1676  -0.024  100
57444.270    0.579273026133    0.555800397706    0.2220    0.2162  -0.052   98
57448.208    0.383731028861    0.174700804223    0.1429    0.1321   0.107  159
57455.206    1.337420732473   -2.018001612214    0.1439    0.1941   0.148  145
57462.208    0.214970622844   -0.275601595945    0.2531    0.2023  -0.022   85
57463.231    0.013609112081   -0.552902415052    0.5575    0.4167   0.067   12
57465.269   -0.855882914579   -3.259501212938    0.2372    0.2115  -0.127   86
57469.206   -0.799191634050    0.280400394104    0.1846    0.1850   0.046  139
57477.209    2.324148186148    1.769198394186    0.2579    0.2806   0.054   65
57479.269    0.700803226256   -0.225302400736    0.1598    0.1745  -0.043  110
57480.496    0.965332205389   -0.154000792918    0.4974    0.3924  -0.057   18
57481.497   -0.707061122463    1.454097591136    0.5402    0.4012   0.104   12
57483.206    1.773913296050    3.521498382497    0.4769    0.5265   0.574    8
57486.271   -0.858792658914    2.684800784891    0.2011    0.2013  -0.031   99
57490.208   -0.133611084616   -0.547300803078    0.2145    0.2128   0.122  106
57493.269    2.479154506640   -5.202000008353    0.3192    0.3681  -0.269   29
57497.206   -0.515523963822   -0.996501594841    0.3669    0.5445  -0.085   19
57512.207    0.490707220654   -4.174099197485    0.2865    0.4444  -0.093   49
57518.208    0.770301946253   -0.628001996006    0.5451    0.5144  -0.302   34
57525.082   -5.145991568567   -3.050200808730    0.4918    0.9309   0.895   20
57526.207    0.494347031990   -4.523399996970    0.2951    0.4109  -0.224   47
57532.208   -1.286115832142   -6.203102415725    0.3469    0.8985   0.422   42
57540.207   -4.822516513932   -4.830901195874    0.8253    0.6227   0.727   45
57547.209    0.223558406843    1.429700390077    0.5469    0.2757   0.127   52
57548.250    0.430379628404   -0.749502015651    0.1813    0.1742   0.041   91
57553.206   -1.222221796387    3.399498001500    0.2606    0.5869   0.014   56
57554.229    0.201216537319    0.649299596489    0.2020    0.1775   0.040   65
57556.271   -0.458177733931    1.048697998840    0.2323    0.1994   0.055   31
57560.208   -1.417470371977    0.316400397082    0.4162    0.3817   0.338   11
57561.227    0.335045938389    1.943499594859    2.3383    2.0984  -0.352    3
57563.269   -5.454402626542   13.360899586701    0.7812    1.0641  -0.427    9
57567.206    1.623928303641    1.825599588301    0.8200    1.0554  -0.356    8
57570.271    2.801684677436    4.582497606975    0.6772    0.6954  -0.170   10
57577.269   -2.257416011671    1.772499587105    1.0690    1.2275  -0.343    6
57581.206   -0.659322665637    0.445197593990    0.4047    0.4131  -0.044   23
57583.248   -0.076921566305   -1.528001993734    0.5854    0.5986   0.441   28
57584.271   -0.531751160774   -1.525899611465    0.3546    0.4803   0.237   11
57588.208    7.979332454499    2.215400394334    1.1327    0.4688   0.162    3
57591.269    9.780098972237   -8.123202002253    1.1262    1.1090  -0.214    3
57595.206    1.983499313324   -1.465401598466    0.1787    0.2591  -0.145   37
57597.248   -2.054597878932    5.689497589856    1.3755    2.1745  -0.250    3
57605.269   -3.211324044146    1.187499583466    0.5291    0.7093   0.319    7
57609.206   -4.966315215747   -6.836500799068    0.4392    0.4918   0.292   11
57612.271    0.447408497970   13.332398404486    0.4414    0.5577   0.229   11
57617.209    0.787257460398    0.201700800062    0.4997    0.9910   0.604    6
57623.206   -3.119483454626   -0.915400798362    0.4444    0.6323   0.441   10
57637.082    3.426002982706    0.410698802966    0.4151    0.3017  -0.019   24
57638.207    1.299288311315   -0.864601216222    0.3776    0.3450  -0.229   23
57639.230    0.706334542668   -1.531900801410    0.4152    0.3775   0.087    7
57640.271    2.867035347576    0.968598001805    0.5281    0.4182  -0.248   12
57651.206    0.121603543133   -9.285699607631    0.2813    0.4133   0.112   50
57653.248   -0.824298299285    0.104799599399    0.4104    0.3507  -0.213   33
57654.271    0.266712168493    0.462999597062    0.4548    0.4016   0.194   11
57659.231   -1.392292113539   -5.175601208407    0.3251    0.6575   0.863   24
57660.250    2.943155241268   -2.034201594370    1.3732    1.2517  -0.233   55
57661.269   -4.973883023088   -1.105502403220    0.4130    0.4293   0.064   23
57666.207    0.228871419210   -0.473601599538    0.4061    0.3303  -0.088   22
57668.271    1.447890037170   -0.169300810171    0.3775    0.4050   0.148   21
57669.345   -5.720314872230    2.931300002729    0.4856    0.5012  -0.267   23
57670.313    1.042908721055   -1.235901595464    0.7097    0.5080  -0.121   16
57675.269   -2.758457572775   -1.014800403709    0.4618    0.8257   0.596    7
57682.271    0.094240345527    1.080900003103    0.2088    0.2229   0.217   71
57685.189    2.264912200989   -1.856501998532    0.4280    0.2615  -0.067   23
57689.269    0.199106703380    0.781397986316    0.2135    0.2242   0.026   38
57693.207   -1.233427665256   -0.472399207752    0.1927    0.1997   0.033  120
57694.229   -0.049048367960   -1.777701595529    0.3118    0.2417  -0.149   37
57696.271   -0.516905480569    0.448700404831    0.2223    0.2462   0.016   46
57699.186   -0.763242402253   -0.261799209511    0.3700    0.2814  -0.177   41
57701.227    0.628029722218    0.084499191644    0.6549    0.6783   0.121    9
57702.250   -0.659904271989   -0.621100815579    0.6992    0.7407  -0.199   11
57707.207    0.368522071169    2.663697588901    0.3981    0.4133   0.119   59
57709.248    1.821141764547   -0.177299992288    0.9963    0.6093   0.089   10
57710.267   -0.469022062710    0.150498007656    0.2715    0.2984   0.318   19
57715.271   -0.938697324975    0.498398404147    0.2120    0.2388   0.082   37
57721.207    0.053633050725    0.080398791624    0.2233    0.1760   0.125   82
57724.271   -1.208612671896    4.494099607655    0.4742    0.5038   0.045    7
57728.208    1.512002389379   -0.929700016172    0.2371    0.2651  -0.026   13
57730.250    0.091112272328   -1.647302403285    0.5714    0.4420   0.020   24
57731.269   -1.133802689339   -0.418701617377    0.4507    0.4392   0.172    3
57735.207    0.379511360982    0.052300794096    0.2021    0.3241   0.222   17
57737.270   -1.314133991521    0.596897993432    0.5200    0.6689   0.070    3
57744.272    1.775441536049    1.309698001251    1.0175    0.5718   0.209    4
57757.209   -2.374579833072    5.407700399473    2.8367    1.9119   0.951    3
57758.272-4517.983302256733-1915.907900399816    1.1660    0.7983   0.744    4
57764.207    0.536990792901   -2.486199610985    0.2159    0.2267   0.155   32
57765.248    3.486842313092   -0.237099607148    0.7535    1.1634   0.311    4
57771.209    0.669073649929   -1.394100016228    0.2029    0.2504   0.192   16
57773.269 -821.124738552036 2035.439999997379    0.4101    0.6531  -0.261    7
57777.207  562.624990733938   92.110298396619    0.1078    0.1443   0.214   77
57778.229    0.969261951201   -2.758100410460    0.3336    0.3817  -0.070   19
57780.271-2321.546052935278-1027.042300805192    0.5634    0.7956   0.152    4
57784.209 -155.144007413085******************    0.2238    0.3526  -0.032   11
57786.247   -0.427249817807    0.133300807192    0.1724    0.1967   0.144   88
57787.269-1815.258510631350  468.051098397382    0.4590    0.3307  -0.035   11
57791.207    0.002619822269    0.516700794151    0.1641    0.2285   0.302   36
57799.228   -1.497521748879   -0.723999599472    0.5454    0.5881   0.288   18
57801.269    0.731367852482   -0.155401195912    0.4552    0.3062  -0.107   12
57808.271    1.175573184434    3.364700390307    0.3903    0.3062   0.101   15
57815.269    0.103338130264    0.652298388104    0.5653    0.4435   0.087   20
57819.207   -0.613767398173    5.544298792870    0.3751    0.5505   0.207    5
57822.271   -0.210750967375   -0.427600815556    0.2804    0.3178   0.176   48
57826.209    0.032237814848    0.307299606561    0.2120    0.2512   0.029   12
57829.269   -0.518652024611   -1.124802011532    0.2066    0.2221   0.112   42
57833.207    8.195031394536   -0.554702396016    0.9917    0.6023   0.090    8
57836.271    2.067552029242    1.371599998379    0.4317    0.7653   0.634    5
57840.209   -1.307802752303    2.212898382936    0.2833    0.2939   0.074    5
57843.270    1.236849147728   -1.385999999570    0.2660    0.2955  -0.166   30
57848.230   -1.140205546579   -3.952400416551    0.6019    1.3961   0.975   47
57850.271   -0.025180020656    0.003898807677    0.1784    0.2450   0.163   33
57854.209    1.271415112970   -2.801401197416    0.3749    0.4306  -0.054    9
57855.228 -132.998625391415  -56.027001610914    1.9832    1.0510   0.260    3
57856.272   -2.257271050637   -4.429299602293    0.5923    0.5882   0.370    6
57862.208   -1.567455364386   -2.515302014672    0.4225    0.5259   0.467   16
57864.271    0.590188972936   -1.557702012178    0.3171    0.3911   0.015    8
57868.209    1.502979709870   -2.331201599759    0.5890    0.7366   0.272    3
57871.270   -0.867598771777    0.332999982788    0.4334    0.4493  -0.260   21
57876.208   -2.294238534104    0.662097602344    0.1272    0.1879  -0.009   11
57878.271   -0.607436158955   -0.548600397110    0.1484    0.2002   0.043   34
57882.209   -0.806106229427   -0.533501997779    0.1928    0.2990  -0.036   17
57885.270    0.537500793640    0.609800389384    0.5034    0.5914   0.647   10
57889.002   -4.225633011882   -0.399801612616    0.4304    0.2776  -0.281   24
57896.209    0.400104936655   -0.823399204819    0.2302    0.2800  -0.290   12
57899.270    0.717832083412   -2.450199608006    0.2474    0.2961  -0.148   23
57904.208   -1.747641705534   -1.994400011540    0.2355    0.2729   0.074   11
57906.271   -0.549800006997    0.072597595135    0.1596    0.1881   0.063   38
57911.206   -2.186462419506   -4.465602006576    0.2873    0.5572   0.510    8
57913.270    0.528841391619    0.088199988113    0.2105    0.2959  -0.084   20
57917.207    6.476207771186   -7.830799202679    0.3719    0.5688   0.620    5
57924.209   -2.648061635909   -0.238500010141    0.2692    0.2679  -0.071   10
57927.270    1.216763810576    0.178397993977    0.5921    0.7817  -0.225    8
57931.207   -5.047821477227   -0.432702015019    0.2816    0.3175   0.118    9
57932.230   -0.518507063578   -1.676001596707    0.5724    0.8441   0.188    4
57934.272    2.535190825397   -2.910801609346    0.7228    0.5529   0.585    5
57938.209    1.981897730315    2.154700788992    0.4452    0.3836   0.380    7
57941.270   -3.312987235981   -1.301702400269    0.3287    0.4941   0.295   11
57945.207    1.263702344596   -4.585802406609    0.2854    0.3306  -0.120    9
57947.249   -0.807197824107   -1.059400810277    0.4609    0.4444   0.231    4
57953.206   -0.103993092036   -1.354600809123    0.3691    0.3704  -0.215    5
57955.270    1.288299021503   -0.405900004807    0.2962    0.4096  -0.076   10
57959.207   -0.668710372441   -1.414501207364    0.1524    0.1981  -0.044   40
57961.249   -7.986536984353  -16.651400412115    0.9478    2.1524   0.969   35
57969.270   -0.623663355907    0.538797601735    0.2312    0.4046   0.168    8
57973.207   -1.912982354067   -2.683101612888    0.1662    0.2249   0.078   21
57980.209    1.889403928830    4.149298786160    0.2810    0.3263   0.207    5
57983.270   -1.860149213738    0.080697586213    0.2029    0.2546  -0.164   15
57987.207    0.127353188409   -6.198199201890    0.1164    0.1306  -0.011   63
57994.209   -0.727074841592    0.751500007823    0.2639    0.2873  -0.202    5
57997.270    2.029199541822    1.401299991244    0.2709    0.3194  -0.084    8
58004.268    0.931566162952    0.558100791181    0.4531    0.3425  -0.401    7
58008.209    0.122258504905    2.554700387236    0.2945    0.4602  -0.582    6
58011.270    1.831476092588   10.306699186913    0.2278    0.3761   0.189    9
58015.207    0.353894707418   -1.995901197915    0.1612    0.4689   0.285    9
58018.268   -0.273480053028    1.609300801420    0.3886    0.3595   0.149   10
58024.251   -1.500796532919   -4.939099216017    0.3382    0.6464   0.835   19
58029.207   -2.834432505433    3.221999998004    0.1258    0.1660   0.172   22
58030.230    5.264465288693   -9.131299211163    0.2671    0.5015   0.664   97
58032.268   -1.065832209340    0.670899598276    0.2955    0.2739   0.194   11
58039.270   -0.367793766386   -2.472901192618    0.4722    0.5111  -0.011    4
58043.207   -2.187845686061    6.205600794829    0.1258    0.2129   0.183   10
58053.270   -0.804431290997    0.247298399358    0.2766    0.4209  -0.086   11
58057.207    0.758147706339    0.560599195865    0.2625    0.4653   0.301    3
58060.272   -0.468293745518   -0.381401994787    0.2162    0.2531  -0.177   13
58065.228    0.175383317109    0.764100002471    0.3055    0.3518  -0.019   11
58066.247    2.924671499534    2.147597990643    0.4228    0.3265   0.425    9
58067.270   -4.824481386838    2.037398397192    0.4160    0.3916  -0.157    5
58074.272    0.983162735158   -1.924902016981    0.3923    0.4044  -0.356    5
58079.272   -0.136012590430    1.599897584015    0.3780    0.3670   0.104    9
58085.500   -0.469677024483   -0.013301999502    0.1386    0.2457  -0.123    6
58086.500   -0.414005733021    2.627499600294    0.2132    0.4290   0.481    7
58087.498    3.785284057912  -19.184601606526    0.2910    1.0547  -0.547    3
58088.498   -2.453976248202   -1.763701197888    0.3529    0.4148   0.768    5
58089.499   -3.564853724269   -0.755701216804    0.5850    0.6166  -0.329    4
58090.500   -6.624591192996    3.159799206287    1.1667    0.8659   0.320    3
58091.497   -1.761540752093   -2.276600412188    0.2519    0.3436   0.211    7
58092.498    1.783154292013    2.467299606224    0.4960    0.4866   0.061    7
58093.499    0.594626944859    6.302998801289    0.1811    0.2733   0.725   10
58094.496   -0.902748093178   -0.801399599482    0.1978    0.2119   0.194    5
58095.500    2.152696352249    0.754999186370    0.1310    0.1721   0.376   16
58096.497  -19.782954703524    1.019098789357    1.9034    0.4199   0.301    3
58097.498    0.938334035078   -2.378800797942    0.3708    0.1798   0.014    7
58098.499   -4.193175130771    1.688299190050    0.1643    0.2169  -0.097    5
58099.500    3.077202958791    0.113500786370    0.2026    0.9394   0.314    8
58102.268   -2.705916104321    8.016299995006    0.3324    0.3906  -0.392    9
58121.207   -0.912645788311   -1.511499610274    0.1818    0.2865   0.110   10
58123.270   -4.540885309813    1.727398793605    0.4758    0.4709   0.035    7
58127.208    3.082369247908    1.941598804933    0.4719    0.3529   0.110    5
58130.268    3.857110928303    5.693900391179    0.3961    0.4697   0.248   10
58134.209   -0.139650651958   -2.388499203221    0.2447    0.5066   0.376    6
58137.270   -1.987865692045    0.973799984649    0.2320    0.2856   0.090   19
58148.209    2.724108161769    4.231799985632    0.3170    0.3715  -0.173    6
58151.270   -0.487797476318    0.562399202408    0.2762    0.3209  -0.053   17
58158.272   -0.715867222915    2.131300806241    0.2609    0.3124  -0.157   15
58162.206    1.440175518988    1.831298402521    0.1634    0.2405   0.203   17
58164.248   -1.174044956846   -0.097902000107    0.7326    0.8435   0.400    6
58165.270   -0.514795646629    0.314899185128    0.2941    0.3434  -0.136    8
58169.208   -0.584875972978    1.425297588753    0.2414    0.2870  -0.136   10
58172.272    1.300088234121    1.581800393069    0.2586    0.3646   0.075    8
58176.209   -0.548780017930   -0.364301996569    0.1855    0.2572  -0.163   12
58186.272   -2.631906044569    2.338498802601    0.2568    0.4079  -0.314   12
58190.206    1.939107246152   -0.158900400038    0.6771    0.6101  -0.411    4
58191.229   -0.659249310217   -0.233499594060    0.2497    0.3829  -0.121   13
58193.270    1.807242717989    2.671199990800    0.3594    0.5574   0.220   12
58200.272   -0.565882242916    1.427097595297    0.3071    0.3467  -0.102   14
58204.206   -0.370195272201    1.822399204343    0.2028    0.3874  -0.334    9
58205.269    0.143945412657   -0.423601198918    0.3090    0.3806   0.027    8
58212.209   -0.665217271947    0.032198397548    0.2412    0.3544  -0.064   13
58218.206   -1.228842970082   -0.306799194050    0.4858    0.4043  -0.323    6
58220.248    1.484275914285   -0.150199213067    0.2126    0.2696   0.149   29
58220.251    0.082306171875   -0.215701197703    0.8912    1.4698   0.576    3
58221.270    1.644303562860    4.470897584952    0.5113    0.6706   0.599    5
58232.210   -0.872838416314    0.283499994680    0.2442    0.2945  -0.041   11
58240.165    4.499404736785   -2.461301997414    1.4349    1.7607  -0.568    5
58241.209    0.194230336330   -0.137502016173    0.1329    0.2100  -0.071   59
58247.207   -0.083252805522   -0.075801611388    0.1961    0.2593   0.083   15
58255.250    0.584294354216    0.277797599324    1.0315    0.5596  -0.623   55
58256.272    1.361362447607    4.995698395760    0.3149    0.2800   0.004    8
58260.166   -0.226396557975   -1.835701203845    0.8630    0.8449  -0.053   22
58261.207    0.295311921813    0.016397993363    0.2377    0.2574  -0.009   17
58263.270   -0.854136358127    2.093900400268    0.3322    0.4029  -0.011   13
58268.209   -0.615440599204    0.971697602381    0.2119    0.2713   0.204   33
58270.269   -1.344770223360    1.360098005421    0.1977    0.2433  -0.094   12
58274.210    0.145618613688    0.538599590527    0.2866    0.3513  -0.085   10
58277.271   -9.551882514799    1.617699587086    0.9383    0.5087   0.073    4
58281.208    0.079686349607   -0.191502007851    0.1808    0.2097   0.043   48
58282.227    0.655974526176   -0.620600403067    0.1721    0.2100  -0.058  106
58284.269    1.803168011143   -1.835200816913    0.7347    0.3928   0.002    4
58288.206   -0.180694579669    0.004298385647    0.1522    0.2061   0.000   17
58291.271    1.609809203231   -3.264501603439    0.3156    0.3204  -0.014    4
58295.208   -0.378201462257    0.420300005999    0.1733    0.1801  -0.188   28
58298.269    0.561224179910   -0.110901598305    0.2392    0.2757  -0.015   24
58302.210    0.211769194224    0.609497988080    0.2995    0.3240   0.030   25
58303.229    0.935350935322   -0.071899196996    0.8571    0.7283  -0.118    4
58305.271   -0.751453189635   -0.991900807890    0.4474    0.6670   0.236    9
58310.227   -2.726364718960    2.150499605591    0.5956    0.6845  -0.021   21
58312.269    0.726491485433    0.483199195855    0.5667    0.4356   0.285   22
58316.206************************************    0.4002    0.3183   0.245   11
58319.271   -0.668783727862   -0.040100402998    0.3205    0.3297   0.218    9
58323.208   -0.062949164326    0.207799192253    0.1323    0.1722   0.105   75
58326.269    0.396175190842   -0.323100010746    0.2833    0.2274  -0.004   15
58330.206    0.036750904410   -0.223199992888    0.2087    0.2176   0.111   35
58337.208   -0.685665886586    1.136800784707    0.2433    0.2777   0.416   87
58338.227    3.711782249091   -3.717000006986    0.7015    0.5708  -0.445   27
58340.269   -1.030172887200   -1.671300000794    1.5774    0.8113  -0.147    3
58344.206   -0.505771217313    2.084597991825    0.3346    0.2870   0.516   10
58346.442    2.188790557490   -2.489399994943    2.1934    1.1121  -0.165    7
58347.271    0.128734705156    0.419900402449    0.2324    0.3145   0.157   34
58349.163   -0.020521970060    0.456400792359    0.8708    0.8908   0.074    8
58350.185   -0.191975553767   -0.849801611480    0.5906    0.5640  -0.131   14
58361.271    0.985782569836   -0.342000015507    0.3226    0.3648   0.067   18
58365.208   -0.388097407582    1.423497607789    0.1369    0.1580  -0.043   75
58368.269   -0.285487594511    0.329198402937    0.3861    0.4158  -0.310   17
58372.206   -0.834924311611    0.668599204801    0.5903    0.5325  -0.215   13
58375.271    5.373188036937   -5.190001209598    0.8631    0.9146  -0.121   13
58379.208    0.082306171875    1.628798395359    0.1172    0.1548   0.028  109
58381.250   -0.237894098719    0.139399199384    0.4707    0.4284   0.057   18
58382.269   -0.224140013194   -0.737899213732    0.6626    0.4847  -0.480   12
58386.206   -0.536700883244   -0.024501616736    0.5689    0.5266  -0.235   12
58387.207   -0.717322107493    1.397599194775    0.1668    0.2129  -0.051   33
58389.271    0.149693308125   -0.703900809640    0.4113    0.4690  -0.019   23
58393.208    0.289054038016   -0.271000808993    0.1737    0.1942  -0.253   49
58396.269   -0.427759818546    0.389199584561    0.2206    0.2350   0.081   33
58400.206    0.300551578760   -0.271699207133    0.1554    0.1864   0.037   37
58402.252   -0.232509480738    2.906899194954    0.3342    0.4650  -0.116   21
58407.208   -0.522946797720   -0.684702010290    0.1647    0.1899   0.155   51
58414.206   -0.407527782962    0.540298788110    0.2752    0.2784   0.338   33
58417.271    0.538955665808    0.427697992222    0.3220    0.2588   0.236   29
58421.208   -0.286944216486    0.329198402937    0.1289    0.1498  -0.045  120
58429.225    1.625238227185    3.544700405200    0.5165    0.5024   0.094   15
58430.248    0.433581057024    0.026297990985    0.3125    0.3229   0.198   34
58431.267    0.403161391831   -0.357101995974    2.0469    0.9923   0.621    3
58431.271   -1.462080755603    1.388800805557    2.0910    2.7280  -0.327    4
58435.208   -0.797373484395   -0.810799210171    0.1816    0.2481   0.007   42
58437.246    1.135112600473    0.283600803641    0.4801    0.4358  -0.193   36
58438.269   -0.431252919041    0.045298804707    0.3811    0.5188   0.168   10
58442.206    1.648306651684   -7.591899614567    0.1824    1.1164  -0.458   32
58443.269    0.284979331170    0.653198404166    0.4655    0.5177  -0.281    9
58449.208   -0.102536470061   -1.184702409773    0.2419    0.2631  -0.038   55
58452.269   -0.519743619292   -1.051401602581    0.3422    0.4371   0.083   14
58456.206   -0.139724007379    1.083700783511    0.4092    0.7784  -0.068   15
58457.233   -0.764333996933   -0.476999994703    0.3298    0.2763  -0.077   43
58459.271   -0.763242402253   -0.457300808421    1.2181    0.6185  -0.555   10
58463.208   -2.598503279620    0.359200797106    0.7853    1.7021  -0.863   37
58470.207   -2.183624268373  -19.037501994035    0.7542    1.7839   0.499    5
58473.271    0.686394191369    0.955097991095    0.3849    0.6425  -0.294   14
58486.208    0.168687038187   -0.247600800662    0.2333    0.2989   0.086   19
58487.271   -0.133684440036   -0.108302410240    0.3886    0.4234   0.148   17
58491.208    0.267732157560    0.986097603572    0.3210    0.3338   0.114   35
58494.386   -0.228724708369   -0.118699213658    0.3761    0.3436   0.319   13
58498.207    1.488860609460    1.197500390049    0.3259    0.3181   0.435   23
58499.226    0.294367037974   -1.374501613327    0.4507    1.1315  -0.348    8
58501.271   -0.539392311126    0.073400383371    0.3281    0.4120   0.171   44
58508.269   -0.398431748033    0.303299989923    0.2380    0.2459   0.049   42
58512.207    0.044681989239    0.449200791763    0.1888    0.2303   0.172   26
58515.271    0.202454842841    0.704800800122    0.2835    0.3616   0.109   25
58519.208    0.022923463465   -0.267300012524    0.1688    0.2099   0.066   32
58520.228    0.956017854005    0.986198386954    0.4980    0.3944   0.209   12
58522.269   -0.014264073854   -0.156002417384    0.2234    0.2585  -0.083   79
58526.207    0.530151302753   -0.298602000726    0.3061    0.2675   0.446   19
58529.271    0.225013279010    0.085298398744    0.2450    0.2420  -0.015   50
58532.913   -0.557004524441   -0.602200810818    0.1932    0.9505   0.031   12
58534.209   -1.184016007399    0.518000388183    0.1634    0.2204   0.199   33
58536.269    0.327551498879    0.656099993535    1.2213    1.1951   0.597    4
58540.207   -1.431297812922   -0.370900801272    0.3052    0.4398   0.522    8
58543.271    0.716158894790   -0.170600404203    0.3157    0.2236  -0.051   72
58547.209   -0.700803238666    0.650998794072    0.4614    0.4556  -0.421   22
58550.269    0.603651374176   -0.590101203102    0.4462    0.5141  -0.072   29
58554.207   -0.300916618465   -0.573501617396    0.2256    0.2955   0.247   25
58557.271    0.021103564002   -0.073501192333    0.3044    0.6628  -0.512  112
58562.228    1.048003416969   -0.781801196581    0.9029    0.8929  -0.015    7
58564.269    1.041743770955    0.012798005855    0.4188    0.3912   0.015   28
58568.207    0.926181544972    2.102698789486    0.3831    0.3367   0.198   14
58569.229    0.426668211456   -0.420199197038    0.1610    0.1390   0.558   28
58570.249    0.573231708983   -1.929801598521    0.2778    1.7934  -0.596   40
58571.271    0.260890917604    0.513799204782    0.2021    0.2312  -0.040   49
58575.209   -0.640547252030   -0.305701192360    0.1287    0.1619   0.105   81
58578.269    0.063167468370    0.797698803012    0.1731    0.2124  -0.009   55
58582.207    0.369831982303    0.415800002429    0.2176    0.2335  -0.155   31
58589.209    0.387515801231    2.592597599005    0.2035    0.6486   0.662   68
58591.269   -0.166795533111    0.103798799955    0.2761    0.3067  -0.154   44
58597.208   -0.171671912570    0.220197594558    0.1898    0.2612   0.089   23
58599.271    0.160755965768    0.607798790497    0.3031    0.2759   0.317   22
58603.209    0.883827706127   -1.353499200718    0.1552    0.1994  -0.092   50
58606.269   -0.113452404453    0.701899185174    0.2616    0.2723   0.015   49
58610.083    0.612965725559   10.334098786302    0.3066    5.1582  -0.392   50
58611.208    0.014700706762   -0.395200800085    0.1542    0.2740  -0.389   41
58613.271   -0.102173180163    0.212198386862    0.2037    0.2595  -0.178   51
58617.209    0.103774763172    0.157798791633    0.1212    0.1545  -0.106   67
58618.228   -7.853872533384   -0.914000395369    0.6632    0.6597   0.083   98
58620.269    0.224068407581   -0.130600810166    0.3393    0.3571  -0.019   14
58624.207    0.189064047213   -0.445701613216    0.2144    0.2319  -0.070   30
58625.230    0.039660661156    0.333500395300    0.1359    0.1675   0.082   21
58632.210   -0.079468033153   -0.232002014400    0.1389    0.1799  -0.070   48
58634.270   -0.311832552858   -0.128300416691    0.2026    0.2818   0.054   43
58638.207   -0.208639383627   -0.317901609037    0.1506    0.1848   0.019   50
58641.271    1.204172937754    0.645998403570    0.4941    0.3167  -0.008   15
58646.210   -0.119420366183    0.657597598774    0.1284    0.2211  -0.325   77
58648.270    0.352148163375    0.169200001210    0.1726    0.2807  -0.096   26
58652.207    3.125451403946   -2.152202409889    1.3771    0.9872  -0.189   11
58655.271    0.116508859630    0.157197595740    0.4611    0.4099  -0.031   11
58659.209   -0.149111714183   -0.473201995987    0.1102    0.1647   0.065   61
58661.251   -1.704414588463    2.451999588970    0.3119    0.4345  -0.046   12
58662.270    0.253249754843   -0.036702007833    0.1503    0.1863   0.071   64
58666.207    0.048175089733    0.094697983855    0.2205    0.2471   0.241   32
58669.271   -0.352584808693    0.426297589229    0.2061    0.2511  -0.192   34
58673.209    0.833249360771    0.276800406596    0.1960    0.2382  -0.127   26
58676.270   -0.602123146588   -0.212000401234    0.4530    0.4653  -0.145   15
58680.207    0.022413475136    0.629697586874    0.1423    0.1993   0.095   40
58683.271   -0.168032101234    0.344800795915    0.2543    0.2763   0.161   19
58687.209   -0.166795533111    0.196700383981    0.2241    0.5221   0.083   51
58690.270   -0.072845122061   -0.023101213742    0.2658    0.3565   0.179   20
58694.207    0.013754073115   -0.409399208934    0.1451    0.1811   0.067   50
58697.271   -0.033476132780   -0.000702004854    0.1706    0.2008  -0.022   44
58701.209   -0.146855181812   -0.519501600138    0.2749    0.3354   0.520   94
58703.251   -0.582911100072   -0.032299206509    0.2392    0.2121  -0.007  121
58704.270    0.658376031991   -0.048599997626    0.2508    0.3903  -0.173   42
58708.207   -0.137030829690    0.035600399428    0.1557    0.1978  -0.022   49
58709.230   -1.127908083030   -0.627199207770    0.1683    0.1414   0.470   34
58711.272   -0.060037670183    0.368899202385    0.2801    0.3017  -0.065   14
58722.207    0.080049627094    0.311198388658    0.2046    0.3047   0.055    6
58725.272   -0.078594754926   -0.893502001986    0.3043    0.4831   0.367   20
58732.270   -0.740610598253   -0.196099213667    0.2390    0.3318   0.242   20
58736.207   -0.764407352354    2.196500389573    0.2066    0.2983   0.196   23
58739.272   -0.303536440734    0.843800395955    0.3062    0.3188   0.321   14
58744.228  -20.803231632989   -2.382901197961    0.7104    0.4594  -0.068   44
58746.270   -0.003493100495    1.030499998933    0.3860    0.3758  -0.041   16
58750.207    0.479646312818    0.801597585109    0.5971    1.2630   0.089   13
58753.268   -0.485540931537    0.547300803078    0.2914    0.3829  -0.183   12
58757.209    0.490707220654   -0.683600401885    0.1777    0.2392  -0.120   92
58764.182   -0.721398551737   -0.105199202949    0.2651    0.3340   0.071   17
58767.272    1.261519167646   -0.323899192267    0.2497    0.2793   0.097   23
58771.209    0.406654492326   -0.221400011924    0.2027    0.2076   0.162  118
58774.270    0.407456164940   -0.896299201258    0.3019    0.3097   0.079   23
58778.211   -0.423320084404   -2.051301592587    0.6098    0.7478   0.342    8
58781.272    0.097661840409    0.300700801859    0.6355    0.4997   0.068    7
58785.209    0.225231607874   -0.209700007758    0.1900    0.2883   0.326   52
58787.269   -0.056617925108   -1.536699599569    0.4977    0.5373  -0.001    7
58792.207   -0.542740450587    0.014799604742    0.3435    0.3335   0.515   27
58795.272    0.044173738308    0.034199996435    0.4676    0.4791  -0.430    9
58799.205   -0.678389751120    0.206298005878    0.3064    0.4602   0.160   34
58802.270    0.312414146799    0.937198785778    0.3954    0.4413  -0.120   12
58806.207   -0.215553979004    0.321497989830    0.2319    0.3041   0.025   33
58807.230   -0.108577787211    0.711298795864    0.1227    0.1391   0.328   44
58809.272   -0.031001271544   -0.044200803018    0.2550    0.3095   0.039   29
58814.272    0.084562716656   -0.371102393615    0.2838    0.3543   0.200   18
58820.207   -0.066660581275   -0.277300793528    0.2582    0.2720  -0.001   41
58823.272   -1.256061206654    2.489097593639    0.6931    0.8705  -0.502    7
58827.209   -0.102754786515    0.139499982765    0.2109    0.2764  -0.032   28
58828.228   -0.951943159569   -2.198199612735    0.7034    1.0011   0.653    4
58830.270    0.269113674307   -0.360000004207    0.2306    0.3160   0.188   32
58835.208   -0.245753577935   -0.069101997724    0.3294    0.4222   0.130   11
58837.272    0.140960563093    0.080499600585    0.3486    0.5054   0.132    9
58856.206    0.202454842841   -0.319399214277    0.5344    0.6974   0.383   13
58858.270   -0.124368338845    1.008399584634    0.4576    0.7425   0.439    7
58862.207   -0.124223377812   -0.696700809044    0.1565    0.1763   0.053   31
58864.249    1.040870505138   -1.180400417411    0.7654    1.6739   0.303    7
58865.272   -1.137367407856    4.540197593883    0.6920    0.8243   0.476    4
58868.913    0.911625799243   -0.005799597602    1.8395    1.7057   0.616    5
58870.206   -1.065032286535    1.622800786549    0.1462    0.2143   0.265   48
58872.270    0.132301161072   -0.529200005417    0.2898    0.4197   0.191   14
58877.230    0.365538959003    0.500997592212    0.1514    0.1669   0.044  146
58879.272   -0.291018910923   -0.022600801231    0.3308    0.3977   0.305   15
58886.270   -0.720670234544    0.443397587446    0.3113    0.3353   0.272   29
58890.208    0.803121367453    0.612197985106    0.2686    0.3279   0.150   20
58893.272    1.354886234946    1.227099599532    0.3899    0.5252   0.327   13
58900.270    0.172253494102    0.375897585059    0.2755    0.3562  -0.031   34
58904.208    2.955672758669    0.028097997529    0.3324    0.3457   0.110   18
58905.227   -0.365538971413    1.033099186998    0.3281    0.4255  -0.194   65
58907.268    0.131572856289   -0.106502403696    0.2170    0.2704   0.074   51
58914.270   -0.669365334214    0.374900392330    0.5065    0.4994  -0.048   16
58918.208    0.541503882464   -0.021301207198    0.4872    0.5345  -0.130    6
58920.249   -0.735734231203    0.043700390506    0.1186    0.1270   0.080  184
58921.268    0.191247236574    0.214700398260    0.2804    0.2566   0.088   48
58925.209    0.180257934351   -0.282700813159    0.3671    0.5104   0.029   14
58926.228    0.063457402847   -0.643302013259    0.7876    0.6612   0.691    5
58928.270   -0.157481181727   -0.148600798866    0.7571    0.8414  -0.231    5
58939.209    0.213370777233   -0.221400011924    0.1441    0.1563   0.176   32
58941.251    0.819058642338    0.290800804237    0.3235    0.3301  -0.145   36
58942.270    1.059209273428    1.564200007920    0.5759    0.8217   0.487    5
58946.208    0.668710372441    0.609800389384    0.1865    0.2753   0.193   17
58948.271   -0.478628085968   -0.399499211312    0.3228    0.3259   0.314   12
58954.207   -0.685375952109    1.513198807856    0.2062    0.2813   0.455   13
58956.270    0.286797493235   -0.151200012510    0.3863    0.4899   0.001    9
58960.208   -0.679044712892   -2.987100000951    0.1710    0.9769  -0.367   10
58974.208    0.026124892085    0.138798003491    0.3411    0.5890   0.395   22
58977.272    0.235420974882   -0.535500015530    0.1717    0.2407   0.137   45
58983.251    0.360662591953    0.504500403053    0.4643    0.4954  -0.001   23
58984.270    0.141543906842    0.482198396412    0.2196    0.2822   0.081   40
58988.208    0.439183991459   -0.721000807857    0.1866    0.1987   0.316   17
58991.269   -0.821023515245   -0.032202004263    0.2220    0.2548  -0.001   36
58995.188    0.434380979830    0.007397986224    0.1080    0.1498   0.118  221
58996.207   -0.181932885191    0.702597583313    0.3100    0.4221   0.118   19
58998.270   -0.090092295670   -0.382600805438    0.2594    0.3218   0.132   54
59003.209    0.201216537319    0.441198002932    0.1940    0.2890   0.149   20
59005.269   -0.183461125189    0.007797589774    0.2245    0.2818   0.052   47
59009.210   -0.295093617769   -0.549500413172    0.2359    0.2548   0.022   18
59010.229   -0.899546664558    0.543898801197    0.1106    0.1397   0.026  174
59011.270    0.169123683505    0.182599202958    0.2359    0.3020   0.078   36
59017.230    1.623126643438    0.325900791154    0.4914    0.5994  -0.257   20
59019.269   -0.586840833474   -3.199399196774    0.3602    0.4753   0.139    7
59023.206    1.113788970210    0.558100791181    0.1642    0.1700   0.233   44
59026.270   -0.120875238351    0.038599191043    0.3310    0.5597   0.288   30
59030.208    0.081724565524    0.316097995778    0.1142    0.1457   0.138   28
59032.271   -0.463272417435    0.236397602293    0.3063    0.3667   0.280   13
59037.210   -0.358406059582    0.632699985204    0.1158    0.1810   0.263   71
59038.229    0.519453684815    0.277397995774    0.3085    0.2272   0.123   73
59040.270    0.103919724206   -0.393300010160    0.3763    0.3969   0.292   14
59044.208    0.043590394558    0.255599982779    0.1093    0.1298  -0.030   92
59046.250    0.529204681516    2.358500390187    1.5878    2.5116  -0.499    4
59047.269    0.179384668535   -0.392299210716    0.2867    0.2529  -0.150   51
59051.210    0.079978021481   -0.704401196572    0.1148    0.1291   0.116   76
59054.270    0.152604814678    0.998999999524    0.2843    0.3922   0.024   14
59058.208   -0.848896713590   -0.444902406116    0.2559    0.2559   0.231   16
59061.269   -2.066678763425   -0.938599214351    1.5801    0.9150   0.787    3
59065.206   -0.661287538544   -0.804600009019    0.6606    0.8091  -0.312    6
59068.271    0.191757224903    0.401799604788    0.4201    0.4809   0.284   15
59071.916    9.881835519493    9.100497584313    0.5322    0.4300  -0.088   42
59073.209    3.421783327236   -0.415602016801    0.4998    0.4506  -0.137   19
59074.250   -1.254314650202   -1.173999598336    0.6147    0.5888   0.135   87
59075.269   -2.810490790299   -0.294101997156    1.1181    0.7630   0.379    4
59081.230    0.518798735453    0.396799188707    0.7499    0.8308   0.353   12
59082.271    0.164904015625   -0.466599610149    0.5284    0.5002  -0.146   30
59086.208   -0.068843770635    0.546998401774    0.3905    0.6734   0.200    3
59089.269    0.758076100727    3.247498807468    0.4563    0.8123   0.177    9
59093.206   -0.357461175743    1.508597995326    0.2198    0.2969   0.169   17
59096.271   -1.038397393711   -0.544100393540    0.4964    0.4750   0.189   35
59101.209    0.022560185977   -0.200300397069    0.3189    0.2173   0.159   23
59107.206    0.174073405975   -0.519901203688    0.1590    0.2101  -0.033   63
59110.271   -0.415533960609    0.614199583993    0.4592    0.7263   0.238    8
59114.208   -0.284832632739   -0.628801203106    0.3571    0.3510   0.093   18
59117.269    0.471860201433    0.323798383306    0.4685    0.4519   0.255   24
59121.206    0.153404725073    0.543797992236    0.3113    0.3371   0.332   15
59122.229    0.119638682637   -0.764200811432    0.3409    0.5689  -0.162   60
59124.271    0.199180058800    0.898599594734    0.4326    0.4503   0.223   16
59128.208   -0.016155591339    0.016200007735    0.3034    0.3501  -0.261   36
59131.269   -0.514503974755   -0.037900792904    0.2090    0.2537   0.016   54
59136.207    0.486340841933    0.112399203545    0.2659    0.2913   0.433   22
59137.248    0.853553001967   -0.029502007237    0.3491    0.2908  -0.151   63
59138.271   -0.153114815417   -0.681400817371    0.2298    0.3125  -0.083   69
59142.208    0.637854061930    1.561197584010    0.3400    0.5334   0.217   13
59143.231   -0.208202750719    0.406699186328    0.2932    0.4369   0.153   85
59145.269    0.173708378680    0.523997996993    0.2424    0.3348  -0.068   53
59149.206   -0.065350670140    0.150199187487    0.2791    0.3164   0.131   33
59152.271   -0.205729639291    0.337197585054    0.2190    0.2855  -0.007   68
59156.270   -4.604997674432   -1.858600799665    1.6297    1.6977  -0.158    9
59157.209    0.421210250464    0.753998386926    0.2712    0.3598   0.132   33
59159.269    0.710409249514    0.673797606510    0.2946    0.3243   0.000   49
59165.248    0.129463022349    0.862700400717    0.2239    0.4437  -0.027  128
59166.271    0.422956794507   -0.615700795947    0.8331    0.8938   0.367    6
59173.269    0.314889008034   -0.360702009061    0.5620    0.7857   0.019    8
59177.166    1.085990877093    1.242298807824    1.3597    1.7427   0.955  107
59178.207   -0.288035811167   -0.628300816174    0.1827    0.2153   0.087   19
59186.250   -0.048903406926   -1.064199608436    0.2637    0.3866  -0.540  111
59187.269    0.798610027698    0.683099989374    0.5938    0.6985  -0.094    9
59191.206    0.276683219046    0.010699204722    0.4045    0.4979   0.299   15
59192.229   14.563534669147   21.853598406096    0.6139    0.6368   0.074   38
59194.271    1.603842978899   -0.111801614366    1.3916    1.2433   0.751    7
59198.208    0.525566607578    1.473800384133    0.3404    0.3686  -0.017   16
59205.206    1.650271524590    2.464099196686    0.5489    0.6647   0.313    9
59226.208   -0.172981823705    0.591800400684    0.2836    0.2592   0.439   11
59229.269    0.321946814636   -1.608199193015    0.6690    1.0356   0.466    5
59231.585    0.539610627580   -0.719099992352    0.3259    0.3558   0.015   87
59233.206    0.175383317109    1.132700384687    0.3088    0.3726   0.306   34
59234.229    0.311759185027    0.645400788812    0.2798    0.2628   0.763  244
59235.456   -0.577816416568    0.034999203535    0.3362    0.2644  -0.147   77
59236.271   -0.477973136606    0.864799201850    0.3630    0.3893  -0.123   28
59240.208   -0.191173881153   -0.201200413130    0.3813    0.4125   0.503    8
59247.207    0.306592895911    0.279100800071    0.4138    0.4796   0.510   12
59248.229   -0.282796154220    0.865400397743    0.2331    0.8782   0.147   30
59254.208    0.443332053726    0.501098401173    1.0299    0.9794   0.870    6
59255.202    0.442168841023    1.186700401945    0.3926    0.2717   0.222   47
59256.246   -1.191657170161    0.063298793407    0.6156    0.5919   0.263   20
59264.267   -0.513485735495   -1.957701610422    1.1036    1.2028   0.651    3
59268.208    0.086817511629   -0.150001201860    0.4879    0.4807   0.620    7
59269.227    0.109959291548    0.371498390450    0.1979    0.2598   0.225   52
59270.250   -0.416042211540    0.168497996356    0.1429    0.1315   0.059  249
59271.269    0.457814444033    0.582699584584    0.3609    0.4486   0.225   28
59276.229   -0.927928101424   -1.250499607863    0.4940    0.6333   0.204    6
59277.248   -0.640983897348   -2.140599607969    0.5022    0.5141  -0.057    7
59278.271   -0.070880249154    0.682700385823    0.5352    0.5171  -0.344   20
59282.208    0.836742461266    0.022399183308    0.3856    0.4776   0.417   17
59283.227   -0.076048288078    0.435499188711    0.2084    0.2160   0.287   94
59284.250   -0.014335691876   -0.231699613096    0.3093    0.3847  -0.188   10
59285.269   -0.138050818757    0.628999188734    0.3336    0.3393   0.016   29
59291.248    0.153988081233    0.006598804703    0.3021    0.4466   0.382    6
59292.271    0.255141272329   -0.057801597109    0.3039    0.2847   0.196   34
59297.209    0.118037087218    0.127097999325    0.4773    0.4473   0.727    8
59299.269   -0.328351421684   -0.968000412627    1.3526    1.0823   0.807    3
59303.207   -0.605324575208    0.897897589880    0.4770    0.5072   0.416   15
59304.229    1.605516179931    0.432197995792    0.3661    0.4421   0.212   22
59305.270   -0.400614937394   -0.693399616125    0.5292    0.4173   0.030   24
59313.269    1.553193027930    0.544697982718    0.7819    0.8407   0.729    4
59318.229   -1.430497890117    0.372297597551    0.3846    0.4291   0.054   76
59320.271   -0.061929175258   -0.425599216669    0.8993    0.8326   0.635    4
59324.209   -0.118765416821    0.417398391050    0.6714    0.4377   0.625    7
59325.217    0.137904095506    0.048398405283    0.2151    0.2395   0.293   71
59326.250   -0.345816924158   -0.363999595265    0.1809    0.2059   0.030   40
59333.248   -0.032966132041   -0.154101601879    0.6632    0.7469   0.342   10
59339.228    0.189427324701   -1.170899997760    0.2298    1.9513   0.757   36
59346.229   -0.040970572290    0.053297986824    1.3015    0.7759   0.578    4
59348.271   -0.613039093390   -1.179799195938    1.1068    1.1825   0.819    3
59352.187    0.138995690186    0.875199586403    0.6369    0.3657  -0.177   27
59353.209    0.037259142931   -0.204602415010    0.1899    0.2062   0.371   78
59355.269    2.764643850959   -0.020001613166    1.3627    1.1069   0.887    4
59360.208   -1.530196209045   -1.289199607868    1.1053    0.5649   0.535    7
59361.249   -0.145400297234   -0.667602012072    0.1308    0.1200   0.080  238
59362.271   -0.511157585101   -0.346802394802    0.3866    0.3919   0.267   23
59367.228   -0.285560949932   -0.378100801868    0.1129    0.1104   0.134  194
59368.228   -0.154496332164   -0.986799608427    0.5971    0.6099  -0.170    6
59369.269   -0.370195272201   -0.054000017258    0.4226    0.4099   0.012   19
59375.270   -0.313579096900   -0.880902007339    0.2932    0.3129   0.149   21
59381.228    0.046356927668   -0.245300407187    0.1354    0.1634   0.274   26
59383.269   -0.122331872736    0.077299191048    0.5812    0.6256   0.728    6
59390.271   -0.418298756321    0.152297988620    0.7652    0.7793   0.746    5
59394.209    0.093295461688   -0.190501208408    0.1882    0.2027   0.408   34
59397.269   -1.338002351234   -1.502402400888    1.0845    1.2637   0.885    3
59403.249   -4.077102904050    0.569998806554    0.4751    0.4269   0.378    9
59404.271   -1.115535526662   -1.488200410904    0.7324    0.8262   0.482    4
59408.209   -0.752253100030   -0.598399205387    0.2131    0.2084   0.349   29
59408.209    0.354476313769   -0.229802404306    0.2952    0.2303  -0.233   87
59410.250   -0.473825074339    0.153500405986    0.4614    0.3336  -0.379   41
59411.270   -0.281412887665   -0.191901611402    0.2865    0.2727  -0.070   21
59415.207   -2.067697002685   -0.702100803096    0.2126    0.2105   0.279   25
59416.230    0.022850108044   -2.550402001589    1.3833    2.5777   0.370    5
59417.249   -0.361244198305   -0.516902412073    0.1378    0.1683   0.185  157
59418.271   -0.207329472493   -0.442602012640    0.2493    0.2710   0.259   30
59423.228   -0.837252462005   -2.813000392621    1.6487    5.9748   0.984   21
59425.270   -0.375508272158    0.220100392312    0.3335    0.3202   0.340   21
59431.271   -0.453521433143   -0.504900006604    0.3601    0.2778   0.165   31
59438.251    0.439693979788   -0.553201209641    0.1426    0.1460   0.139  153
59439.270   -0.924435000929   -1.213200010852    0.8624    0.8030   0.755    5
59444.208   -0.116727188494   -0.753300014367    0.1941    0.2081   0.129   27
59457.207    2.160190804170   -0.450900014926    1.5455    0.5378  -0.088    4
59460.271   -0.325003282223   -0.510300000656    0.5589    0.5463   0.486    8
59467.270   -0.167595455916   -0.372599998855    0.5845    0.4832   0.508    8
59471.207    0.032674460166   -0.148399206523    0.1827    0.2319   0.055   30
59474.271    0.528768036198    1.034499589991    0.6367    0.5117   0.607    8
59478.209   -1.157452732599    3.502699186697    0.8028    0.9761  -0.242    3
59486.230   -0.363937375994   -0.864799201850    0.2475    0.2984  -0.138   92
59488.272   -0.925526595610    0.564299992334    0.5402    0.4578   0.118   11
59492.209   -0.093877068040   -0.418201204866    0.2943    0.2646   0.462   12
59493.228   -0.632032823452    0.018100797661    0.2312    0.2370   0.242   26
59495.270    0.265912245687   -0.805399216119    0.7415    0.4080   0.161    9
59499.189   -0.116363911006   -0.275000400052    0.5123    0.4760  -0.271   34
59502.272    0.189355719088   -0.190501208408    0.5487    0.4485   0.595    7
59506.209    0.222758484037    0.190699194036    0.3261    0.3051   0.501   22
59508.251   -0.376673222259    0.018900004761    0.1763    0.1619  -0.037  104
59509.270    7.125414425237   -6.348902408604    0.2884    0.2854  -0.126   30
59514.230   -0.242770465769   -0.447199192877    0.1773    0.2100  -0.004   77
59516.272   -0.054506341361   -0.226000798875    0.2008    0.2209  -0.009   54
59521.210   -0.294948656735   -0.661399204205    0.4273    0.3741   0.269   16
59522.229   -0.257179513066    0.152899184513    0.1684    0.1678  -0.188  109
59523.270   -0.244735338675   -0.354999613705    0.2589    0.2271   0.130   42
59527.207   -1.060592552393   -0.699501615031    0.3687    0.3839   0.318   14
59528.230   -0.463927379207   -0.848599194114    0.1827    0.1651   0.308  123
59530.272    0.248520098634   -0.173599195818    0.3564    0.3324  -0.113   23
59534.209    0.512685800280    0.290800804237    0.2794    0.2653   0.131   20
59537.270   -0.396103597639   -0.138599992283    0.4724    0.3844  -0.119   12
59541.189   -0.072918465071   -0.333399611918    0.1063    0.1038   0.046  191
59542.208   -0.122476833770   -0.233600403021    0.1325    0.1457   0.004   64
59544.272    0.129754694224   -0.395200800085    0.2973    0.3162   0.123   40
59551.270   -0.118983733275   -0.236001605458    0.2398    0.3203   0.041   38
59555.207   -0.867307099902    0.073400383371    0.4743    0.2249  -0.177   29
59557.249    0.000873265816   -0.219801597723    0.1458    0.1341   0.231  173
59558.268    0.105011318886   -0.039402004859    0.3985    0.4025  -0.466   18
59562.209    0.142270474227   -0.212799608335    0.2522    0.2666   0.256   23
59563.228   -0.741192204605    0.195497992195    0.1178    0.1199   0.288   69
59564.251    0.406217859418   -0.313002001917    0.4213    0.4981   0.183   35
59569.207   -1.168150350537   -0.941202009130    0.9758    1.3901   0.854    3
59571.271    0.105592925237   -1.217901606765    0.4466    0.6968   0.012    7
59586.272    0.040244004905    0.195598801156    0.3100    0.3384  -0.063   10
59590.209    0.080559615423   -0.202100403612    0.3725    0.4102   0.346   15
59592.284    0.593827034464   -0.851299216720    0.4089    0.2779  -0.220   69
59593.270    0.100571584744    0.064198783889    0.3498    0.1975  -0.267   48
59594.585    0.809307645637   -0.024699602363    0.8167    0.6970   0.180   27
59597.083   -0.258052778882   -0.240800403617    0.1565    0.1569   0.009  143
59598.208    0.506136244608    0.409499992315    0.2413    0.2344  -0.088   37
59600.272   -0.259799335334    0.232099191066    0.1650    0.1670  -0.010   42
59604.209   -0.064185720039   -0.568299608972    0.2779    0.3346   0.408   19
59605.228   -0.741773810956   -3.714199200999    0.2584    0.6009   0.256   24
59607.270    0.054143051463   -0.412502416225    0.3937    0.3682   0.436    8
59618.209   -0.563844014589   -0.553201209641    0.2347    0.2621   0.023   22
59621.270    9.936778481351    3.142699182490    0.4165    0.4313  -0.066   13
59625.207   -0.961620800850   -0.568202406726    1.4003    1.2107  -0.899    4
59626.230    0.502206511205    0.002199584515    0.3446    0.2816  -0.073   66
59628.272    0.633342722176    0.082000786961    0.2440    0.2835   0.147   14
59632.209   -1.103164707692   -2.486001599777    0.3178    0.4795   0.611   24
59633.228   -0.023651780658    0.193298407680    0.1272    0.2054   0.091  107
59635.270   -0.028526410309    0.239500784005    0.1797    0.2073  -0.014   43
59639.207   -0.339267356077   -0.003002398330    0.1990    0.1905   0.013   45
59642.272   -0.408182732324    0.178397993977    0.2367    0.2381  -0.007   29
59646.209   -0.131572868699    0.116798398153    0.2095    0.2049  -0.329   41
59649.270    0.239569037149   -0.293900404813    0.1969    0.2520  -0.182   43
59653.207    0.155442953400   -0.056800797665    0.1695    0.1822   0.062   59
59654.230    0.216062217524   -0.252100804232    0.3522    0.2195  -0.656  126
59655.249   -0.039589055543    0.144100795296    0.2193    0.1911   0.126   90
59656.272   -0.033184460905    0.546998401774    0.3339    0.3386   0.015   21
59661.206    0.183751034846    0.105199202949    0.2218    0.2646   0.315   25
59663.270   -0.842855396439    0.125798405293    0.5132    0.5417   0.039   12
59667.207    0.139650651958   -0.043401595917    0.6640    0.5099   0.191    3
59670.272   -0.016155591339   -0.277200010146    0.2995    0.3895  -0.090   10
59674.209   -0.514577330175   -0.404099998264    0.3239    0.3292   0.391   16
59677.270   -0.300698302011   -0.374201994191    0.3335    0.5719   0.334   13
59681.208    0.002183189360    0.305600383399    0.1315    0.1660  -0.037   79
59683.271    0.001673188622    0.320299204759    0.2550    0.4127   0.166    9
59690.251    0.057417835504   -0.543200403058    0.1408    0.1166   0.146  180
59691.270   -0.479719680649   -0.452102406712    0.2598    0.3113   0.045    9
59695.208   -0.082816172614   -0.350999997067    0.2735    0.2723   0.169   18
59703.207    0.407091137644   -1.968300006183    0.4852    0.6791  -0.573    4
59705.270   -0.484304375824   -2.735499609230    0.2679    0.5990   0.197   14
59709.208   -3.989702036261    2.375297987101    2.8200    2.3421  -0.969    3
59712.268   -0.505116267951   -0.635000404259    0.2978    0.3989   0.440    9
59719.270   -0.089219017444    0.234597595750    0.3351    0.4026   0.372   13
59724.230    0.041480560619   -0.347400009559    0.1135    0.1316   0.003  179
59726.268   -0.684502686293   -0.149900392898    0.2666    0.1982   0.123   42
59730.082   -0.510429267908   -0.020102396547    0.6937    0.5403  -0.359   43
59731.207    0.197651831212   -0.046699207701    0.3760    0.3615   0.310   18
59733.270   -0.204128043873   -0.550699198243    0.3836    0.3515   0.281   11
59737.120    0.163010760741   -0.000100808961    0.1719    0.1616   0.074  110
59738.208    0.336865850262    0.352598385689    0.4598    0.4793   0.661   15
59739.227   -0.829319627368    0.313700400056    0.6037    0.4624  -0.065   74
59740.268   -1.028136408681    0.347799587530    0.5436    0.4795   0.058    7
59744.209   -1.418998611975   -0.325299595261    0.5155    0.3761   0.303   16
59747.270   15.264337907813  -13.087900811115    3.7938    3.1726  -0.885    4
59752.208   -0.202526460864   -0.634100413777    0.2914    0.3067  -0.015   18
59754.268   -0.759530985304   -0.579301214998    0.4321    0.3488   0.351   10
59758.210   -0.586985806918   -0.830700014376    0.3869    0.4247   0.280   13
59761.270   -0.379219701517   -0.790300816789    0.4779    0.6483  -0.426    5
59767.271   -0.401561558630   -0.582699610163    0.5410    0.8324   0.516    4
59772.210    5.119574979787   -1.211799607859    0.5415    0.3121  -0.280   20
59774.251   -0.640328935575   -0.012002405470    0.5642    0.4250   0.216   28
59775.270   -1.166332188472   -0.274201192951    0.4467    0.5214  -0.231    6
59779.208   -0.907477749387    0.348400783423    0.2843    0.2902  -0.043   24
59780.234   -0.633924340938   -0.264600015498    0.3820    0.4415  -0.043   25
59782.269   -0.963295739279   -0.228801604862    0.3399    0.3518   0.230    9
59786.210   -0.082669461773   -0.460602001340    0.3990    0.5445   0.134    5
59787.229    1.063575652149   -0.071499593446    0.7291    0.5818  -0.244   67
59789.270   -0.405199632568   -0.444499195851    0.4631    0.4501  -0.103   11
59793.208   -0.747086810914   -0.306399616079    0.3334    0.4667   0.343   12
59794.230    0.125533288946    0.111999599994    0.1401    0.2127  -0.104  184
59795.271   -0.247936767295   -0.034502397739    0.2089    0.2171   0.172   37
59803.270   -0.176474924199    0.275299194641    0.2432    0.2401  -0.537   50
59814.210   -0.662742410712   -0.286200017285    0.2514    0.2531   0.159   24
59817.270    0.131719567130   -1.364101203194    0.3469    0.4092  -0.124   19
59821.208   -0.083179450101   -0.288799205350    0.1669    0.1934   0.187   20
59824.272   -0.155151293936   -0.089100004175    0.1652    0.2324   0.096   40
59828.206    0.091475562225    0.369399589317    0.2360    0.2544   0.086   19
59831.270   -1.090065583939   -0.737499610182    0.3047    0.3905   0.130   35
59835.208   -0.204054688452   -0.241801203060    0.2204    0.2825  -0.159   23
59838.269   -0.024814993361    0.260297997556    0.1895    0.2221   0.084   34
59843.229    1.023551713506    0.224499586921    0.2779    0.3046   0.676  126
59845.271   -0.538737361764    0.100699199379    0.3601    0.3162  -0.318   14
59852.269   -0.015137352080   -0.161402411436    0.2616    0.2821   0.071   11
59857.207    0.286360860327   -0.244101596536    0.2047    0.1894   0.080   50
59859.271   -0.169996961731    0.564699595884    0.1722    0.2468  -0.092   39
59863.084   -0.252886489765   -0.306302413833    0.2268    0.2086   0.746  200
59866.269   -0.284177683377   -0.493599605988    0.2026    0.2397  -0.099   38
59870.210    0.339194000656    0.241599585138    0.1288    0.1540   0.030   60
59873.271    0.140160640287   -0.161499613682    0.1569    0.1686   0.071   59
59877.208    0.173708378680   -0.410799611927    0.2092    0.2866  -0.412   63
59878.227    4.576834541610   -0.627501609074    1.7254    0.6798   0.031  154
59879.272    0.230034619503   -0.165700797083    0.2519    0.2090   0.123   55
59884.206   -0.413859022180   -0.807501598388    0.3132    0.5943   0.148  184
59887.271    0.175454922722   -0.318801599519    0.1830    0.1851   0.195   52
59891.208   -0.023651780658   -0.788601593626    0.1381    0.1666  -0.095  132
59898.206   -0.524328314467    0.494798391060    0.1442    0.1878  -0.278  176
59899.229   -0.212132484122   -0.782301609092    0.2612    0.2821  -0.051  151
59901.271    0.303973073642    0.389397595768    0.2060    0.2279  -0.027   48
59905.208    0.324784965769   -0.081100796478    0.1587    0.2145   0.074   66
59908.269    0.037550827216    0.010799988104    0.1521    0.1919  -0.055   43
59913.207    0.098825040702   -0.145900801840    0.2808    0.2099   0.109   89
59915.271    0.211332561316    0.266097595158    0.1339    0.2522  -0.051   59
59919.208   -0.334537699868   -0.048002408448    0.1954    0.2018  -0.106  175
59922.269   -0.137104185111   -0.106599605942    0.2664    0.2092   0.291   94
59926.206   -0.108359470757    0.638600391767    0.2669    0.3782  -0.353   27
59928.270    0.111997519875    0.529099196456    0.1376    0.1780  -0.030   53
59935.272   -0.345890279579   -0.001601995336    0.2850    0.2870  -0.272   13
59948.209    0.132009489197    0.150800383381    0.2548    0.2317   0.179  221
59949.268   -0.187172542138    0.042998385652    0.4350    0.4645   0.073   30
59954.206    0.223048418514   -0.213199211885    0.2152    0.1784  -0.107  234
59957.271   -0.595210301019   -0.525902393633    0.3765    0.4294  -0.229   42
59961.208    0.023796741691    0.172299601786    0.2308    0.2047  -0.068   69
59962.227    0.524328314467   -0.141400798270    0.1690    0.1962  -0.095  164
59963.250   -3.481166035646   -3.884000398102    0.2173    0.3257   0.475  178
59964.269   -0.690323937182   -0.114501611392    0.4575    0.6470  -0.225   26
59968.206   -0.896635158005   -0.424699200607    0.1595    0.2128  -0.010   99
59971.271   -0.050723306389    0.491900382826    0.1756    0.2076  -0.044  171
59975.208   -0.629631317637    0.484300804260    0.3951    0.5928  -0.026  141
59977.250   -0.811927480315   -3.666200399266    0.4253    0.6134   0.091  113
59978.269    1.415068866162   -0.840999615548    0.4733    0.5128  -0.099   28
59982.206   -0.846858485263    1.108400385874    0.4091    0.2858  -0.213   74
59985.271    0.527676441518   -0.031302013781    0.3530    0.4552   0.115   50
59989.208    0.133029478264   -0.274201192951    0.1691    0.1946  -0.036   83
59990.227    0.005894606309   -0.282499195237    0.8398    0.7176  -0.434   53
60019.268    0.307611135170    0.708598798838    0.4288    0.4842  -0.131   31
60024.206    0.404326341932   -0.984999601883    0.3926    0.4644  -0.126   48
60032.227    0.071390225073   -0.340300792345    0.2824    0.2360   0.052  116
60038.207   -0.315325653352    0.554399994712    0.5037    0.4175  -0.501   49
60048.269   -0.391663863498    0.649299596489    0.6575    1.8921   0.731    3
60052.207   -0.289564038755    0.138398399940    0.2053    0.2395  -0.140   48
60059.208    2.276191412869   -0.827701197181    0.3568    0.3305   0.018   17
60061.250   -0.686612507823   -0.820699207793    1.1996    1.1188   0.540   12
60069.271    0.241970542963   -0.005299210670    0.4934    0.4165  -0.090   39
60081.229    0.230617963253    0.007300783977    0.1217    0.1436   0.096   92
60082.248   -0.230107974924    1.434099584685    0.4300    0.4741  -0.144   62
60087.208   -2.978667852566   -0.026200814318    0.6311    0.5271  -0.030   16
60090.269    0.612965725559   -0.340401601306    0.2533    0.2567   0.031   74
60096.270   -0.253323122673   -0.297399608939    0.3970    0.4750   0.060   16
60102.228    0.186662541399    0.227098800565    0.3041    0.3420  -0.277   60
60104.269    1.353284651937    1.801097997145    0.4907    0.5238  -0.030   28
60106.041    0.215698927627    0.160099185109    0.2806    0.2448   0.060   24
60108.207   -0.442532130920    1.005897598816    0.3105    0.3507  -0.023   22
60118.269    0.467347111871    0.596700007804    0.4284    0.5774  -0.122   18
60122.207    0.567192141640    0.000000000000    0.3232    0.2406  -0.320   74
60125.271   -0.079031400244    0.575297991645    0.4713    0.6051  -0.382    9
60159.250    0.439838953231    0.607600804869    0.1903    0.2112  -0.169  111
60160.269   -0.994223655403   -0.697100412594    0.3279    0.3760   0.348   16
60164.207   -0.086745906017    0.790700394759    0.2512    0.2572   0.182   57
60167.271    1.304381245011    1.110297594664    0.5252    0.6022   0.168    8
60181.271    0.180767935090   -0.151999194031    0.5388    0.4909   0.102   10
60185.209   -1.193911965134    1.529999985905    0.3957    0.3400  -0.142  109
60188.269   -0.649061680607    0.663598788719    0.6460    1.3822  -0.495    5
60193.208   -0.470768606753    0.793900804297    0.2942    0.3562  -0.031   52
60195.271   -0.982361087364    0.330199202381    0.3905    0.6010  -0.286   12
60199.209    0.437074157519    0.189899986935    0.2359    0.2189  -0.168   98
60206.207   -0.439402320323    0.963698394685    0.1874    0.2412  -0.070   91
60206.207   -0.436564169190    0.962697595241    0.1874    0.2412  -0.070   91
60206.207   -0.436564169190    0.962697595241    0.1874    0.2412  -0.070   91
60207.230    0.444570346837    0.460000805447    0.2027    0.2005  -0.114   83
60208.271    0.245681959912    0.124797605849    0.3982    0.4461   0.530   12
60220.207   -0.250119956656   -0.068601610792    0.3038    0.2628  -0.180   86
60223.271    0.129973010678    0.246999604769    0.2235    0.2665   0.002   40
60227.209    2.116892081486   -5.321001597736    0.5203    3.3080   0.084   73
60230.270   -0.244880299708    0.025700401807    0.2169    0.3008  -0.088   40
60235.211    0.304262995709    0.330299985762    0.1697    0.2037  -0.142   87
60237.271    0.903839675448    0.042400796474    0.3398    0.3267   0.084   50
60241.209    0.026053286472    0.372297597551    0.2372    0.2606   0.162  113
