%-----------------------------------------------------------------------------
%                R.A. (mas)        Dec. (mas)        Err. (mas)     Corr. Del.
% Uncertainty in R.A. is in R.A. cos(Dec.)!!!!
%-----------------------------------------------------------------------------
46440.427   -1.897202485221    3.383301600479    1.7390    1.4118   0.636    6
46446.257    3.304933552719   13.707302403532    0.8198    1.7287   0.378    9
46450.238    0.759543651263    6.358201197543    0.9740    1.6803   0.306   15
46460.235   -0.560226943618   -2.732799599414    0.7017    1.4933   0.239   15
46465.257    0.874481001111    3.004300795340    0.9168    1.4818   0.371   10
46815.316  -31.476968385114  -50.630698801513    3.8831    3.3660   0.907    3
46825.313   -1.950749825097   -3.677598002128    0.9811    1.6147   0.257   18
46831.311   -0.339575841017   -2.151399596073    0.7419    1.0400   0.419   13
46835.314    6.664788705932    3.298301996324    0.8162    1.3409   0.293   19
46840.289   -1.949372231288    3.231701997208    2.9589    2.8066   0.167   16
46845.285   -0.016930733068    0.844502400810    1.1976    1.5738   0.428    8
46850.271   -3.295984216223    7.412101204807    0.7310    1.2500   0.182   20
47148.172   -0.923343892957   -5.990497199093    1.0310    1.9750   0.232   12
47151.113    3.583671097315  -10.119499197003    1.3769    2.9063  -0.131   13
47168.163    2.030448068053    1.961200801759    0.7287    1.2843   0.083   18
47178.156    2.341672771222    9.217800001693    1.4609    2.6076   0.227   15
47183.171   -1.041307263938    7.505503201344    1.1643    1.7718   0.102   18
47415.251    1.276550185310   -0.982497603275    1.7308    4.5605  -0.633   11
47511.538   -1.960382982184   -0.378298800285    0.8333    0.9426   0.198   12
47560.306    2.150479472870   -5.870797198781    0.5359    1.0945   0.262   14
47565.317   -0.732976474862    3.242401201931    0.3684    0.7553   0.191   17
47575.310    2.039397404550    0.546501595977    0.5305    0.9915   0.024   16
47577.107    2.843948760023   -1.128398392325    1.6805    5.2290  -0.623    7
47590.315   -0.067032445300    5.443200002730    0.4262    0.9270   0.105   17
47615.302   -0.290987115879   -0.546897592812    0.5511    1.0203   0.239   28
47640.018   -9.816929528555 -880.118099999549   13.8425    6.6442   0.330    5
47667.996    8.301974913562    5.918000400129    1.6129    3.3220  -0.183    6
47682.354    0.811435944379   15.691201195978    0.8401    2.7860  -0.216   13
47685.554   -1.500501569643   -5.431597200811    0.6449    1.4562   0.155   21
47717.290    0.196839066871  -13.053599992929    0.3896    1.2529  -0.166   19
47743.205   -3.243953196631   -0.796096794886    0.5021    1.4658  -0.098   15
47780.311    0.932980383235   29.258100006757    0.7363    3.5533  -0.480    5
47787.258   -1.738496345441   -9.330397203655    0.7888    1.9802  -0.234    9
47811.360    0.270756148024   -1.087099204256    1.4305    7.8855  -0.889    3
47822.314    2.297900648100   -3.577798793231    0.5276    1.5320  -0.708   26
47823.180    0.243914757971    0.940302005858    1.0471    2.2887  -0.033   13
47830.343    2.361081192010   -1.828299598117    1.3903    2.5306   0.042   10
47840.328    0.273920942579   -7.702696797196    0.8417    5.4365  -0.381    3
47852.239    2.631695280367   -7.433197200157    1.7423    6.4139  -0.790    4
47857.232   -4.667098676913    7.769602804331    1.2818    4.9588  -0.851    4
47878.095   -2.185989413278   -2.745997196030    0.5626    1.4417  -0.134   10
47880.290    0.917288470553    1.664402401502    0.3436    0.7795   0.044   12
47882.453    0.060289869115    3.949700406736    0.5456    0.9017   0.118   13
47894.254   -1.375931062708   -1.029499199490    0.2970    0.8431  -0.245   20
47899.258    2.883868887861    1.997301600909    0.3032    0.8643  -0.239   19
47902.425    0.938487378332   12.243801607781    0.7790    2.7128  -0.159    4
47904.262    0.833186565709    4.472600402039    0.2850    0.8758  -0.251   19
47909.251   -0.226567798529    4.581403199211    0.2805    0.8408  -0.173   20
47914.251   -0.027254330182   -1.325397596474    0.2808    0.9031  -0.172   20
47915.311   -4.260761318004  -23.131097997009    0.7361   10.9933   0.280    3
47916.352   -0.494568758935   -0.597999601837    1.2431    2.7679   0.014   11
47919.248   -0.930912349400   -1.579096802118    0.3246    0.8953  -0.314   20
47921.096   -0.655342932550   -6.604200002869    0.3416    0.7023   0.070   25
47923.083   -2.270643031673  -16.800796798577    1.0874    2.1736  -0.033   14
47924.248   -0.807580709797    8.548199997449    0.3574    1.0398  -0.195   18
47929.249    0.866770485001   -0.650599203311    0.3093    0.9347  -0.173   20
47930.330   -0.432075415754   -1.586700000189    0.8563    1.4932   0.263   13
47931.579    0.749494267802    6.655402795275    0.5267    3.0843   0.762    6
47934.253    0.676816007036   -3.388298397056    0.3282    0.9671  -0.177   19
47935.272   -1.524865271977   -1.168797602702    0.3758    0.8165   0.027    9
47936.210    0.326916568904   -2.342098802899    0.8676    3.3238   0.599    5
47937.083   -1.873251676069    6.658700407058    0.6826    1.9568  -0.296   13
47939.256    0.793543890822   -9.839296801317    0.3337    0.9894  -0.190   20
47940.250   -2.854820737497   -1.313798401270    0.5923    2.8788   0.313    6
47941.189   -0.055470027800   -3.746797202098    0.5896    2.9441   0.349    7
47942.124   -0.133516510241   -3.891798000666    1.3921    4.3638   0.685    5
47943.183   -0.927195841294    4.423701597034    0.6994    2.2448   0.142    7
47944.249    3.117869702602    5.810400007533    0.4059    1.2305  -0.322   12
47949.246   -2.019711530810    1.300100404933    0.4209    1.2176   0.155   15
47951.083   -5.445773249066    9.213202795877    0.6081    1.9369  -0.199   15
47954.250   -2.027831653858    5.444999996485    0.3551    1.0354  -0.187   16
47958.100   -1.365194525465   -6.057997201481    0.8466    2.9333  -0.112    7
47959.250   -0.946742988557    2.834200803647    0.3486    0.9910  -0.175   17
47964.247   -0.626159295008   -0.613497604718    0.3559    1.0316  -0.055   19
47965.291   -1.269804322880   -1.404298795649    1.1669    4.7991  -0.157    3
47965.847    0.118792584430   -0.814298401508    0.9882    4.1524   0.756    3
47969.251   -0.793127617502   -4.216798801338    0.7505    2.2005   0.034    7
47972.100    1.501192009670    0.557402405832    0.7661    2.7466   0.043    8
47974.247    0.041158995171   -3.243398394659    0.3293    0.9570  -0.256   20
47978.167   -0.787759348880   -8.418697201762    0.2624    0.5985  -0.125   20
47979.251   -0.358571274730   -5.176198797585    0.6380    2.8686  -0.564    6
47984.248   -1.683710138232    5.261101199494    0.4156    1.1425  -0.136   15
47986.071    0.568211626435   -5.007297603754    0.6343    2.2867   0.013    9
47989.248    4.392768080450  -17.744799600905    0.6709    1.8916  -0.415   16
47993.083    0.181695581496   -0.966099597122    0.9587    2.3250  -0.259    9
47994.252    0.608405967927   -1.425297601543    0.3917    0.9807  -0.088   17
47995.341   -4.173352511991   -5.413197595772    0.6113    0.8619   0.020    5
47998.164    1.214056795182   -6.610899603743    0.6458    2.1403  -0.085    9
47999.249    3.197706718981    2.541902406961    0.4261    1.0707  -0.155   17
48000.067   -0.680668002319    8.005003201106    1.5434    7.9808  -0.897    3
48004.249   -0.039503948411   -4.365496802450    0.5158    1.1212  -0.218   14
48005.337   -1.807458051155   -2.523196793902    0.3080    0.6936   0.206   28
48007.083    1.535605142411   -5.056200002684    0.6305    1.7540  -0.268   13
48007.832   -1.793140446037    2.781899996762    0.7599    3.2078   0.399    5
48009.246    1.651916705931   -2.581099199972    0.4178    1.0832  -0.099   18
48014.250    2.117856874066    5.695902002856    0.3539    0.9917  -0.109   19
48018.169   -5.428429575869    1.793800807093    1.4297    1.1212  -0.840    4
48019.250    0.204820463443    1.108101604075    0.5295    1.1325   0.101   20
48020.338    0.081214610187   -1.812499193932    0.8965    6.1526  -0.158    3
48024.250    0.580464530909    7.194801605692    0.4075    1.0982  -0.081   19
48026.832    0.559539789836    7.440102000089    1.1287    4.1630   0.370    6
48027.256    3.509754016162  -25.544098804176    0.6621    2.1435  -0.082    7
48029.250   -0.358297061077    8.624102405008    0.4406    1.0996  -0.180   17
48033.173    2.140155875756    1.569402003554    0.3301    0.6682   0.243   25
48034.254   -0.305714374881   -3.373797599693    0.3516    0.9452  -0.204   19
48036.333    0.068274598878    0.254203199290    0.4563    0.6941  -0.149   18
48039.247   -3.044226835102   -1.650499193318    0.4108    1.1355  -0.234   18
48041.271    1.560381784874   17.748802798678    0.9031    2.7061   0.020    9
48044.251   -2.451238519258    9.811400396131    0.3901    1.1110  -0.174   19
48047.246    1.054937715274  -12.681698392214    1.0081    2.7903   0.281    6
48049.251   -2.515932050261    3.333502804992    0.5352    1.8216  -0.387   15
48054.248    2.098171000327   -1.398797992636    0.4287    1.0731  -0.331   16
48055.318    2.230726143133    5.631602397216    0.9470    2.8407  -0.099    5
48059.252    2.444770156726   -2.298099592224    0.3868    1.0700  -0.234   17
48061.834   -0.250244347081    0.870602406167    0.8859    2.9726   0.435    4
48064.252    1.906564714900    0.864201599882    0.4396    0.9898  -0.180   15
48065.333   -1.103661880644   -3.096799194680    0.6593    1.3661   0.100    7
48068.164    0.426436219724   -0.103899596127    0.4580    0.7578   0.199   16
48069.234    4.390012939779  -10.815897604743    2.3160   11.5012  -0.831    3
48069.253    1.664305050636    5.983801204934    0.3605    0.9759  -0.167   20
48071.229    0.366833457444    1.402801203199    0.5380    0.6385  -0.042   36
48074.249    0.701179756316   -5.508496801099    0.3280    0.8822  -0.262   22
48078.168    3.202797487704  -12.902598004416    1.7115    7.1473  -0.796    5
48079.249   -1.427684582401   -1.348099193876    0.3041    0.8320  -0.229   24
48082.248    1.987227658482   -1.301896804762    1.0696    2.5094  -0.249   16
48084.246    1.519087349472    2.209100397010    0.3488    1.0403  -0.195   22
48089.246   -3.478779891629   -4.636799999957    0.4337    1.2353  -0.102   11
48089.831   -2.018059770295   -5.982998403908    0.5584    2.3534   0.024    5
48092.092    3.136726409839   -1.858899594254    0.4984    0.7879   0.237   11
48093.165  -11.897756808738   -7.463498401705    1.5743    1.7048  -0.169    7
48094.250    2.770996332550   -3.151897200837    0.3840    0.9337   0.034   19
48097.245   -5.268481329458   15.932800806695    1.0419    2.1864  -0.067   13
48099.247    0.747294079980    3.544002007061    0.3223    0.8993  -0.134   20
48104.251   -4.425939106560   48.789802802673    0.7780    2.3703  -0.536    6
48104.265   -1.555148956484  -28.144396803498    1.0115    3.1145  -0.295    4
48111.253   -5.844264698581    5.661201606699    0.5980    1.4319  -0.086   13
48111.837   -0.105436299801   14.227502401809    0.5105    2.4194  -0.029    6
48114.251   -3.843409875007   -7.673799592567    0.7552    2.2668  -0.312   14
48115.333   -3.279192256576  -39.225398404596    0.8555   14.5322   0.048    5
48117.239  -11.230299745136  -28.063800000666    0.8651    1.7808   0.075    6
48119.248   -8.155789225528   39.081700806776    0.7244    3.4777  -0.659    5
48124.252    1.055350702349   -9.335797197707    0.8694    3.2661  -0.339    4
48126.246    1.544825359370    3.625603203261    0.6851    2.9972  -0.201    6
48129.249    3.478508964221  -12.224599201716    1.0446    3.7357  -0.293    5
48132.269    1.361203803706    4.461400797595    0.6429    2.1182  -0.387   10
48134.245    2.855098237394   -4.174599597206    0.5453    1.7427  -0.120   16
48139.256    7.230109751465   -3.533299195624    0.6298    2.6966  -0.454    5
48143.165    0.544673804358    4.681000802975    2.0789    2.0066   0.051    5
48144.253   -4.450438296072   -4.921898396049    0.5143    1.5771  -0.108   16
48145.334   -1.612548244697   -1.448999998388    2.0106    2.2342   0.336   10
48146.415   -1.513854521081  -26.154799196831    0.8595    2.1449  -0.375   10
48147.880    0.807445222620    6.326301607373    0.4896    2.0076   0.229    6
48149.250    1.465817509494    5.637502803779    0.3799    0.9723  -0.023   31
48154.254   -0.340679221173   -3.346297204132    0.6154    1.8431  -0.071   16
48155.346    0.133519796486  -11.000199599209    1.9022    7.6401  -0.841    6
48159.247    2.719378253087    1.710302402103    0.3203    0.8491  -0.064   34
48160.346   -1.779513280946    4.934401201240    0.8421    2.4850  -0.323    7
48162.169    0.278189117290   -6.407899196859    0.5519    0.8317   0.209    9
48164.247    0.651213484315   -1.340197201216    0.3148    0.8405  -0.167   32
48169.251   -0.241159570353   -7.642799992880    0.4091    1.0992  -0.095   17
48170.339    3.290206293717   -0.715096794579    0.3886    0.9031   0.038    8
48174.258   -0.690443219073    4.686602402160    0.4765    1.4377  -0.437   15
48176.421   -0.252444534902   -0.606499196465    0.6536    2.0438  -0.326   15
48179.251    0.220099389050   -2.496999599089    0.3060    0.8233  -0.110   34
48179.832   -0.414457528903  -12.624199196409    0.5866    3.3376   0.086    4
48181.275    1.128441856298    4.685702398888    0.6525    2.1460   0.142    9
48183.159   -3.993034524304  -16.866197999832    0.3002    0.7075   0.147   26
48184.252    1.367259226109   -0.014497203438    0.3086    0.8569  -0.154   30
48187.254    0.242124224033    1.888199996358    0.6736    2.1124  -0.365   11
48189.248   -0.858924575607    4.751701202110    0.3184    0.9189  -0.054   21
48194.248   -1.951436931932    7.731899997054    0.2797    0.7132  -0.186   34
48196.403    0.284244539693    6.348401996092    0.5833    1.7614   0.110    9
48199.249   -1.076820490590    2.935202404331    0.3487    0.9617  -0.176   13
48202.247  -41.749788604450  -42.034798796919    0.6502    2.1924  -0.265   11
48202.835   -0.812536038289   -2.936797199027    0.9564    4.2042   0.553    6
48204.245   -0.882049457554    4.525801199406    0.3718    1.0713  -0.065   12
48204.253   -5.623752322456   25.275401995373    1.5844    5.8940  -0.872    4
48209.249    0.409918426784   -3.990499195083    0.3144    0.8750  -0.154   14
48213.168    4.981214007930   -3.009999596770    1.0585    1.9130   0.181    7
48214.250   -1.795069706450   -0.152197192449    0.3597    0.8933  -0.091   14
48216.247   -0.388442019108    1.155103200290    0.7722    2.4589  -0.228   14
48219.246    0.605376613602   -0.305798394606    0.3353    0.8888  -0.121   18
48222.077   -0.347973463963   -2.191597201318    0.2444    0.6231   0.175   27
48224.250    0.492781511243   -4.524796793248    0.3669    0.9749  -0.188   13
48229.258   -1.762582547878   -3.222399601555    0.5905    1.6278  -0.347   13
48231.248    4.527523458024  -10.485597593402    5.9698    6.5586  -0.174    5
48234.254    1.157347993942    0.121003201059    0.3707    1.0236  -0.162   15
48236.252   -0.275982356979    0.583300806056    0.2278    0.6005   0.136   28
48237.333    5.101929233338    4.662201607175    0.6101    1.9333   0.071    7
48237.834   -0.685623330812    9.200102401508    1.2643    6.3818   0.337    4
48239.251    2.491707074403    3.177900003948    0.3350    0.9060  -0.131   14
48243.170    0.962573627715    0.417700805144    1.0974    1.2360   0.044    6
48244.251   -0.396149202026    0.371401200994    0.3345    1.0374   0.064   32
48248.517    0.378257148469    7.946701204276    0.4010    1.0029   0.013   14
48254.252    1.008962165032   -0.827297999706    0.3555    1.0064  -0.102   15
48259.248   -0.290435449274   -0.451497604104    0.4508    1.2491   0.109   13
48260.351   -1.025063684652    2.347102800115    0.9115    2.1930  -0.038    9
48264.249    0.074194581051   -1.675800004364    0.3991    1.2334   0.001   25
48265.352   -0.036887487270   -2.675296796895    0.6641    2.2670  -0.056    9
48266.119    0.299797678953   -6.970399195438    1.5873    8.2258   0.511    4
48267.167    3.498330325138   -2.603599192241    2.3490    2.0028  -0.855    3
48269.253   -0.079285349774   -2.305998003749    1.2895    4.5365  -0.495    3
48273.168    2.232516677070    0.866602802319    0.5979    1.7425   0.426   10
48274.249   -0.260429217719   -0.561499199137    0.4292    1.2876   0.069   13
48279.249    0.265662046109    1.212202805334    0.3906    1.1063   0.096   13
48280.345    4.394142388014    5.784400798348    0.9851    2.8632  -0.011    7
48284.253   -0.666353683446   -1.722999598996    0.4722    1.3719  -0.075   12
48285.334    0.846400743725   -5.278096794825    1.0521    2.0614  -0.010    7
48289.243    0.449974041800    0.155700003290    1.0611    4.3263  -0.398    5
48294.250    0.158570699548   -0.490996798419    0.4384    1.1624   0.055   22
48298.838    1.720604244938   -0.825796800541    1.1022    4.9845   0.552    3
48299.247   -0.648871236827   -0.506897998775    0.3722    1.0415   0.069   26
48301.416    0.096767749447    3.098800806356    0.3421    0.8257   0.393   29
48304.258    0.290164521866   -3.213097193111    1.1969    4.5134  -0.451    4
48307.271   -0.619003825640   10.368000000938    0.7227    1.8227   0.023    6
48309.247    0.122231545692    1.048302002005    0.4343    1.2466  -0.049   13
48312.246   -0.012801284834   -2.258596803983    0.6981    1.8068  -0.002    6
48314.248    0.211705099296   -0.903697200272    0.4214    1.2790   0.064   12
48315.332   -0.496494733104    3.882200404348    1.1243    9.5689  -0.135    3
48319.248   -0.662085461789    0.159300003588    0.6740    2.0557  -0.124   13
48322.232    6.430510438240   -5.874098404490    0.7484    2.3616   0.188    9
48324.252    0.282731552600    0.043502404878    0.4181    1.2342   0.033   13
48327.269    3.320899632108    3.509801997836    0.7459    2.0415   0.117    9
48329.252    0.458232938270   -2.484799195202    0.5049    1.5850  -0.166   12
48334.249    0.346737929821    1.046901599011    0.5673    1.6986   0.156   13
48336.415    4.162345047340  -11.132197192865    0.6732    2.1027   0.054    9
48339.249   -0.241572557428   -0.286398002913    0.5422    1.5559   0.072   11
48341.167    0.216660427788   -1.488196804189    0.4336    1.0593   0.459   23
48344.249    0.919214444722    1.820901599103    0.6852    2.0128   0.150    8
48349.253    0.741374097808    3.308000401603    0.8819    2.0731   0.308    6
48350.364   -1.158996468213   -1.097297996466    0.7260    2.1999   0.014    9
48354.250   -0.192019178610    1.731402004168    0.5727    1.5493   0.199   13
48356.259   -2.413383092064   26.410201206772    0.7097    2.0669  -0.023    7
48359.250    0.393674847498   -0.943297203548    0.5667    1.4792  -0.079   13
48362.285    2.185302259496   41.848200002903    0.7423    2.4376   0.136    7
48364.243    0.776474384331    1.027400398357    0.5027    1.6085  -0.051   23
48368.831    0.950324009486   -0.377999992907    0.5949    1.6237   0.114   19
48370.335    0.485209768555    1.797202796183    0.4598    1.0920   0.341   21
48372.363   -1.466914317160  -10.283097599029    0.9638    2.5128  -0.075    7
48375.832   -0.892373054668   -1.098000001321    0.5348    1.5534   0.010   23
48379.346    0.859476242211   28.687302005892    1.0382    2.8709  -0.076    5
48382.834   -0.792575950897    0.203201999227    0.6355    1.8888   0.032   21
48384.164    0.203581643057   -1.161997192867    0.4701    1.1552   0.302   25
48386.268   -0.910678048354   -0.950799592658    0.8184    2.5378   0.057    7
48389.832    1.601950433930    0.629802002550    0.5508    1.5862  -0.024   24
48390.914    0.494159105051    0.487400404836    0.7224    0.8261  -0.482    7
48392.126   -0.817904306911   -3.298399198570    1.4250    7.0412  -0.076    5
48393.251   -1.231948895686    3.342103195791    0.9508    2.9557  -0.186    6
48396.834   -1.004555216899   -1.394100003438    0.6144    1.7530   0.014   20
48400.257   -0.895950789352    5.682801595697    0.6904    1.9439  -0.167    7
48403.833    0.254651295213   -1.448899202217    0.5881    1.7699   0.042   26
48407.357   -1.780616661102    6.810703207805    1.2926   11.6908  -0.120    3
48410.834    0.474337791081   -0.764197204717    0.5611    1.6508   0.089   22
48414.271    0.480806153613    4.628401201501    0.7490    2.3945  -0.307    8
48417.833   -0.178804953647    0.986400004876    0.4769    1.3479  -0.177   34
48419.169    1.557213704074   -2.955697203788    0.4497    1.0405   0.355   27
48419.250   -6.817300696832  -16.644600002280    0.7678    3.1570  -0.208    4
48421.262    0.019960087392    7.729603197504    0.6221    1.7899  -0.177   10
48424.834    1.532437014665    3.824402401165    0.5930    1.4111  -0.072   22
48428.257    3.554352019542   -9.820997992449    0.6836    2.1137  -0.055    8
48431.833   -3.159851291786    1.018900803729    0.4720    1.3662  -0.218   32
48432.125   -1.657007521601  -11.707397995053    1.6370    5.9264   0.697    4
48433.173   -4.480309040449    2.730502799864    2.6764    2.2998  -0.778    4
48438.834   -1.137249133127   -0.768697195497    0.5455    1.8501  -0.061   20
48440.281   -0.325948675926   -1.201499993897    0.6803    1.9766  -0.224   15
48445.833    0.406750345985    2.936602807324    0.4889    1.3827  -0.170   33
48446.012   -0.366004290942   -0.767998797357    1.3452    4.9320   0.776    3
48447.085   -4.463791247510    2.528002805491    2.3572    2.1159  -0.841    5
48449.266    2.784623497641    5.968800007849    0.6617    2.0587  -0.272   11
48452.834   -4.819475227582  -15.428098798509    0.5184    1.4405  -0.272   30
48454.175    0.089473506657    5.213203206722    0.3371    0.7722   0.326   43
48457.429   -0.478876893200   -3.750598794738    0.7028    1.9843  -0.243   12
48459.248   -0.478050965996   -4.428899998743    0.5325    1.5693   0.117   22
48467.251   -2.375943891243   -5.492898002046    0.5444    1.5335  -0.122   23
48470.261   21.455221726307    8.433100796879    3.6239    3.3230   0.130    8
48473.833    1.056724962967    0.899600406967    0.6378    1.8756  -0.059   23
48475.085   -1.429062176210   -3.231899995626    0.3030    0.7245   0.392   48
48475.254   -2.860740719669    5.029102804599    0.9887    2.6834  -0.722    5
48480.831   -1.177304748143   -3.812597994113    0.5833    1.7427  -0.046   26
48484.279    2.608847898318   -1.869598798976    0.6028    1.7040  -0.238   13
48487.836   -1.515228828645    5.104202398343    0.8241    3.0715  -0.017   15
48489.166    6.719019866399   -4.493700004105    5.0733    4.0142  -0.875    3
48490.207    0.975374912548    6.767301599098    1.2512    3.7097   0.529    4
48491.343   -0.332142824805    3.311802007033    0.7144    2.0341  -0.252   11
48494.835    1.215021448862    2.453702406058    0.5996    1.7439  -0.084   27
48498.359   -4.456219504822   14.424703198301    0.6913    1.9761  -0.164   12
48501.833   -0.274056382810   -0.839897994354    0.7701    2.3991   0.107   14
48504.167    0.730911774218    2.564200806887    0.3222    0.7548   0.312   50
48505.357    0.859476242211    0.965203200565    0.8435    2.2064  -0.405   11
48509.152    1.178821068428    7.648603197197    0.6602    3.4446   0.663    4
48509.247    0.317005911919    2.011499996968    0.5910    2.0173  -0.078   25
48512.272   -0.874751881573    1.131300007273    0.6040    1.8570  -0.335   11
48515.836   -0.050101712232   -2.338199995222    0.6310    1.8145   0.113   24
48519.266   -0.263319845567   -0.407498393429    0.6610    2.0726  -0.229   11
48522.835   -1.295268119125    0.634500004537    0.6528    2.0153  -0.016   22
48525.245    0.920730765006    1.161601196031    1.1378    1.2425  -0.378    7
48526.286    1.296923212831    4.315600804716    0.6825    2.1858  -0.376   13
48529.833   -0.201103955337    1.457902803281    0.5782    1.8622  -0.105   22
48532.247   -2.623710597551    9.793000803882    1.7650    4.2553  -0.763    4
48533.332    1.080262785043   -0.860399994451    0.7886    2.2803  -0.083    7
48536.831   -0.081898477725   -0.411998396999    0.5925    1.8765  -0.118   25
48540.257   -1.385564219795    1.317502804454    0.7817    2.2144  -0.239    8
48543.833   -0.682319762834    1.012701602576    0.5487    1.7969  -0.172   25
48547.332   -0.316863899199    4.084102796753    0.9818    2.5583  -0.267    7
48550.835   -0.526639691135    1.940500803244    0.5658    1.6825   0.103   22
48554.334   -4.914587883323   -1.671998398933    2.9787    9.0630   0.540    7
48557.833   -0.499385360952    1.705701602361    0.5491    1.7334  -0.136   19
48559.166    0.315215377982    4.749800399395    0.3955    0.8914   0.295   39
48561.255    0.300901106055    1.679202006244    0.7105    1.9271  -0.077    9
48564.835   -1.009784759045    0.080802001889    0.5483    1.6998  -0.004   23
48568.253    1.171110599264   -2.553199200861    0.6165    1.8520  -0.338   10
48571.837   -3.491581176463   -8.703399601018    1.7596    6.4383  -0.553    9
48573.170   -0.049688772103   -5.543999998281    0.3841    0.9505   0.321   47
48575.252    0.692785419615    2.507000405672    0.7323    2.1337  -0.165    7
48578.835    0.296907098051    1.753300800544    0.7651    1.9109   0.135   15
48580.241   -0.431939928576    0.157903207310    0.8391    1.2583  -0.119   13
48580.256    8.116424050538    0.771001195687    4.9433    0.9671   0.222    6
48581.293    0.841032475103    0.655603200528    0.7875    1.9709   0.328    5
48582.253   -0.530220759010    4.811601600352    0.8608    2.2469  -0.249    7
48585.833    0.362291069081    3.048703203490    0.5121    1.5301  -0.121   21
48587.254   -0.943300694104    4.727602795640    0.8535    2.7848   0.134    6
48592.835    1.029748132682  -12.549196792122    1.2024    5.1641  -0.449    7
48594.325   -2.174701162484   -0.700999194692    1.3022    1.6752  -0.358    8
48602.233   -0.134068223792   -3.747196792858    0.4230    0.7895   0.390   16
48603.277   -0.665527803188    3.828103197634    0.7005    1.9938  -0.200    8
48606.831   -0.742609631950   -0.598197600254    0.4666    1.4289   0.015   18
48613.504    0.610883655646   -0.218700002108    0.5640    1.5878   0.053   20
48617.252    0.118515084532    0.118799997040    0.7495    2.0047  -0.169    8
48624.254   -1.424658514322    2.078999999355    0.6420    1.7718  -0.203    9
48631.252   -0.927608781423   -0.817398002084    0.7928    2.7210   0.289    8
48635.134    1.462649381747   12.858299999152    5.1123    5.8906   0.762   13
48638.250   -0.824650169341    1.704600006747    1.1516    3.1632  -0.322    6
48639.331    0.151415183234   -1.356299993915    0.5831    1.6289   0.043    9
48641.833   -0.231661853497    0.009500406861    0.3906    1.1532  -0.101   21
48642.169    0.906826100017    1.097701206731    0.7366    2.4935   0.367    7
48645.248    0.394087787627    0.405601197428    0.8883    2.4823   0.158    7
48648.831    0.034138966035   -1.597996794089    0.3695    1.0362   0.011   23
48650.252    0.473373137401    6.030000000123    0.4196    0.9799   0.343   30
48652.250   -0.446941401232    4.534603195339    0.8562    2.6377   0.233    8
48655.840   -0.442676512766    0.480502805544    0.4301    1.2404   0.141   21
48659.252    0.397117141951    1.063303199089    0.6312    1.7351  -0.013    9
48664.259    0.179908333803   -2.956698003231    0.6126    2.6091   0.474    3
48666.082   -0.513838406301    1.670702398826    1.4523    6.5154   0.408    3
48667.335   -0.149760089528    2.161101595277    0.4763    1.1887   0.019    9
48669.840   -0.832496125682    1.220302796412    0.6964    1.9326   0.012   14
48673.259   -0.184999149473    3.597202804428    0.5132    1.5489  -0.088   10
48676.835   -0.244598578561   -0.890697602074    0.4078    1.2260  -0.098   23
48678.168   -1.434843384960   -7.702099195228    0.4872    1.1646   0.533   35
48680.250    0.274472656130    0.319802398963    0.6017    1.7493   0.250    6
48683.830    1.558178310808    1.381701601133    0.5550    1.7107  -0.129   21
48687.248    1.329681251866    5.479700405431    0.6550    2.4539   0.366    5
48688.333   -1.891008289395    1.375502399981    0.6044    1.1987  -0.046    9
48690.831    0.228084118813   -0.442699202097    0.3694    1.0332   0.036   21
48691.083    0.879158829706    0.461502004612    0.5470    1.9945   0.404    6
48692.165    1.279579539634   -4.535100001135    0.5663    1.2754   0.514   30
48694.254    0.161874220579    3.873402002341    0.9185    2.3321   0.450    7
48697.833   -2.328316533539    3.572503202065    0.9629    3.6656  -0.467    6
48704.835   -0.877368295768    0.229600799173    0.9233    3.4481  -0.378    5
48711.833    0.387893638748    0.832903205605    1.4359    5.7116  -0.471    4
48725.837   -1.063745039050    0.954403199671    1.9090    5.5721  -0.430    4
48726.085    0.376192447825    3.591100805522    0.5439    2.0425   0.606    6
48727.166    1.234568596126    0.873702006743    0.5924    1.5065  -0.022    9
48728.248   -0.682045549181   -1.114599599816    0.6462    2.1106  -0.034    7
48732.835    0.703657397089   -1.263196804757    0.3851    1.0212  -0.087   22
48736.250   -0.701315196547    2.518102807869    0.6682    2.7385   0.029    4
48739.833   -0.038403854501   -0.554198402369    0.4274    1.1932   0.134   19
48741.170    0.506269949858    2.927700002431    1.1875    2.0345   0.334   30
48743.256    0.045701383535   -1.311699600137    0.5118    1.3559  -0.167   10
48746.835   -1.349089672654   -0.407797200808    1.1902    2.4902   0.309   15
48748.168    0.070065132816   -0.378496798703    0.7038    1.4600   0.311   11
48750.250   -0.506682889987    3.165101998093    0.5783    1.5751   0.019   11
48755.017   -1.294716452520   24.735200396719    1.4470    4.8497  -0.124    5
48757.267   -0.820381947684    0.099302403100    0.6040    1.6819  -0.053    8
48760.832    0.620520145924   -2.129497192982    0.4461    1.2602  -0.117   19
48764.250    1.105591141057    0.307702804037    0.6936    1.8854  -0.025    7
48765.331    1.429200902686   -1.768096798571    0.5381    1.4094   0.074   12
48766.383    1.276688911786   -1.149897597941    2.9816    1.6944  -0.161    4
48767.837    0.090712327044   -0.609598797041    0.5624    1.6496  -0.047   21
48770.175    1.271733583293    1.731902403890    0.4507    1.6377   0.486    6
48771.241    0.163664754517    1.733702397644    0.6013    1.5839  -0.060   10
48774.996   -0.657543073425   -1.084597192857    0.4654    1.3858   0.333    7
48776.081   -0.661398354953   -3.209299194395    1.0526    2.6588   0.413   11
48778.250    1.325829303529   -0.424396799303    1.0537    2.6487  -0.153    9
48781.837   -0.889617913997    2.215501203295    0.6971    2.1251  -0.083   18
48795.833    1.581441966178   -1.575597597991    0.9735    2.3495   0.039    9
48797.170   -0.128425741518   -0.409499992315    0.6819    1.3778   0.257   43
48799.252   -1.532849954794   -4.359099602880    0.9401    2.5039  -0.152    7
48802.832    0.369585311871   -1.289998802179    0.5690    1.7425  -0.228   23
48804.428   31.998243093871    6.039899997745   11.2483    4.3604   0.366    6
48805.502   -0.179079167301    1.274702404430    0.7529    1.8986  -0.278    8
48811.167   -1.286183342397   -1.913198393311    1.1971    2.8136  -0.348   11
48812.061   -1.461271834885    1.318600806144    0.8960    1.2961  -0.148   55
48812.251  -15.868218164645   14.530201195839    1.7570    7.3345  -0.845    3
48813.329    1.035116401304   -3.472797601489    0.7653    2.4563   0.033    7
48816.835   -0.373301819977   -1.841198400143    0.5337    1.5926   0.077   14
48820.250    1.499540202208   -1.064199595646    1.0528    2.6371  -0.520    6
48821.332    0.566559865919    2.408702395940    0.4643    0.9032   0.047   13
48824.166    0.286996441066   -0.690699593520    0.3965    2.2807   0.127    5
48827.420    0.113972696169    2.053799997270    0.7713    2.1364  -0.065    9
48833.125   -2.186263626931   -2.133097193280    0.3837    0.8341   0.303    9
48834.250    1.702295965007   -5.146397995759    0.9013    3.1561  -0.458    6
48837.837    0.537105347915   -0.150598803828    0.5433    1.5720  -0.088   23
48840.135   -3.996338092281   -3.227698799435    0.6211    0.8298   0.641    7
48841.252    0.540957296252   -2.902996793352    0.4400    1.3171   0.127   17
48844.832   -0.194771079982    1.487800807354    0.5467    1.4721  -0.133   25
48845.084   -0.247627932885   -2.822497192767    0.5173    2.5035   0.275    5
48848.250   -0.784868721032    1.556100004052    0.6172    1.6072  -0.234    9
48853.167    1.088247514806    0.471902401955    0.6586    0.8222   0.059   49
48855.252    0.248457146334   -3.953098801901    0.7092    1.8445  -0.045    8
48858.835    1.687704146236  -12.923499595274    1.7279    8.8741  -0.876    3
48865.834   -1.783920229079   -4.197798000405    0.7682    3.6703  -0.665    5
48869.252   -0.663463055598    4.748803206667    0.9851    3.9271  -0.723    3
48872.835   -3.517596686259   19.120302000886    1.4454   14.6354  -0.787    5
48879.834    0.745229379336   -1.255899601915    1.5932   16.1981  -0.811    3
48881.265   20.010603124592   -1.085799597433   16.9605    5.6565   0.218    3
48882.431   -0.569585887052   -1.977300000533    0.4454    2.0373   0.469    7
48886.832   -0.007981396572  -19.329498002207    1.3546   14.3190  -0.749    3
48888.169    0.233039447306   -0.271497602000    0.6041    0.8204   0.199   42
48889.918  -10.017620543763  -10.156197598121    6.2737    8.9766   0.487    3
48893.837    2.385993274704  -10.333800004503    1.1135    7.1314  -0.047    5
48903.915   -0.058773548831   27.627901195615    1.1947   16.6081   0.108    3
48907.834   -1.713167989427   -9.771796798930    0.9121    6.6778  -0.310    4
48910.916   -1.780890874755   29.708902806647    0.5652    4.0372  -0.036    8
48915.175    0.719488036247   -4.740098400191    0.5958    2.6218  -0.258    5
48916.253   -0.529117331908    0.628001996006    0.4697    1.0241  -0.088   25
48917.922   -2.403611161554    7.744302006074    0.9148    9.4420  -0.454    4
48921.834    0.747842460340   -8.689697997966    0.7562    7.9755  -0.190    4
48924.916    0.693198359744  -12.756398395197    0.6527    5.0868  -0.080    7
48928.832   -2.908368077373   20.975101195120    1.6414   15.7742  -0.822    4
48931.170    0.984459689276    0.839102406758    1.4632    1.3556   0.051    3
48937.255   -0.346595870154   -0.125297992781    0.6688    1.2554   0.088   14
48942.836   -0.406059905958   -0.830296804111    0.8808    5.7224  -0.087    5
48949.834   -2.238846313127   19.573199995193    1.5644   22.1190  -0.782    3
48956.832    0.428913860497  -15.694797602350    0.9771   10.0752  -0.739    5
48959.086   -0.319893253523   -0.641898003551    0.7817    1.3670   0.060    7
48960.251   -0.293326030176   -2.293199997894    0.8779    3.4603  -0.733    3
48970.836   -0.056021694404   -3.079396795158    0.5410    4.0468  -0.055    5
48971.168    0.284931693475    2.190599995799    0.4765    1.8009   0.390    7
48972.333    5.443021394640   -1.731499193625    7.3498    4.6079   0.055    6
48977.834   -1.825627604610   18.281203200843    1.3805   14.3113  -0.800    3
48979.258   -0.464423800905    0.623203197847    0.8661    3.5024  -0.743    3
48984.836    1.081501652376  -13.386297599993    1.1384   11.7186  -0.763    3
48987.334   -0.259877551114    5.858600401609    0.7586    2.8084  -0.691    3
48991.834    0.137923458374   -3.177000000676    0.4923    3.5661   0.210   16
48993.087   -0.294429410331   -0.486698399982    0.6359    1.0319   0.033   17
48994.917   -0.098142057011   -4.030099198360    1.1219    4.2202  -0.748    3
48998.836   -0.212666419784    3.471101997832    0.7312    5.8633   0.153    8
49002.251    0.675164246520    0.544701602223    0.7434    2.7603  -0.747    3
49005.834    0.278050390814   -3.788798395021    0.7149    4.7610  -0.655   14
49012.832   -1.351015646822   13.766000397197    0.5739    4.9028  -0.129    9
49013.004    0.006058708648    0.543103200812    0.5602    1.1740   0.293    6
49014.417    1.275724305052    0.052001999507    1.3893    1.5679  -0.012    9
49019.838    0.616939078049    7.387199997311    0.6153    4.4339  -0.038   11
49021.087   -0.257538636817    1.938801605661    1.3671    1.2024  -0.262    8
49023.092    0.970697037007    0.469702804651    0.7739    1.5493   0.322    6
49026.836   -0.141639966480    1.492801197855    0.4889    3.4520   0.109   15
49028.085    0.051343865810    2.059901996176    0.6203    1.2416  -0.092    7
49033.834   -0.912055642163    6.547600797546    0.7057    4.0440  -0.630    9
49037.249    0.424371472133   -7.085599192180    0.8147    3.1535  -0.763    3
49040.832    0.052443959721    8.839702806540    0.5215    3.4757   0.131   15
49044.251   -0.241159570353    1.788001196701    0.7143    2.6470  -0.688    3
49047.834   -0.446805961001    7.903000800979    0.5271    3.6651   0.007   14
49056.085    0.210466231963   -0.331398000242    0.4611    0.6331   0.038    8
49058.251   -0.071574833664    2.286302398602    0.7071    2.8182  -0.692    3
49063.017    1.475176499874    0.480700803962    0.6486    1.6213   0.012    8
49065.249   -0.821207874888    4.122601204415    0.6925    2.6064  -0.686    3
49070.081   -0.769176855296   -0.561099595586    1.3763    0.9272  -0.594    6
49071.122   -0.624094594364    0.974901605844    0.3849    1.7402  -0.072    6
49072.251   -1.210475774253    7.120000806538    0.8260    3.0148  -0.677    3
49075.834   -0.402620897750   -1.555397999198    0.4832    3.4004   0.089   15
49082.832   -1.771667324605  -13.468996797883    0.6937    4.4387  -0.017    8
49085.254   -0.475847491929   -1.249599604591    1.0367    3.7111  -0.702    3
49089.834   -2.011865574470   24.685401601232    0.6465    4.4212  -0.155    8
49090.999    0.841993842538   -1.807099199880    0.5349    2.0736   0.254    7
49092.084    1.032774200762   -1.318399201011    1.5463    1.0338  -0.341    6
49093.257    0.268826840664   -0.683298000581    1.0474    4.0325  -0.705    3
49096.832    0.518109914203   -7.498997992172    0.5901    4.2032   0.010    8
49099.166   -2.163964625241    2.590002004865    0.9385    1.2559  -0.312    9
49100.251   -1.356522688866    3.214799997409    0.9306    3.1454  -0.735    3
49103.834   -0.003439008208    1.717801197287    1.4377   11.6132  -0.762    5
49105.083  -14.519815598827    4.149100800532    0.5444    1.2047   0.303   96
49107.249   -1.172623633304   12.281101204792    1.2349    5.3916  -0.753    3
49111.099    2.193838655863    3.603301196620    1.3665    4.1355   0.115    4
49112.166   -4.109346134770   -3.333599994448    2.1502    3.3690   0.871   21
49112.166   -4.286912268031   -4.746196792382    1.9492    3.0202   0.868   21
49119.251   -9.578383039205   45.237502806117    1.8571    5.4238  -0.918    3
49125.168    0.673925426134    2.437902001873    0.5393    0.7935   0.463    5
49126.250   -8.800673120733   29.211501595228    0.6947    2.5214  -0.763    5
49132.167    0.177566133261   -0.904197599993    0.4649    0.9221   0.017   15
49133.251    3.875622819927  -11.457197993536    0.6536    2.0715  -0.824    5
49134.336    0.209640351705   10.962302400230    1.1170    7.9397  -0.059    9
49140.253    1.072281388471   -7.068196792659    0.8356    2.6885  -0.864    4
49142.087   -0.998912734625    7.070900396400    0.7459    3.1622  -0.566    3
49146.163   -1.204146138197    0.282700800369    0.9805    1.8856   0.409    5
49147.251    1.720465518462   -4.405197601898    0.8564    2.7392  -0.874   12
49153.168    0.469930842948   -0.563299192891    0.2299    0.2909   0.176   19
49154.253   -4.096957790065    6.430100407329    0.4096    1.2538  -0.750   10
49160.002   -5.713222542868   -4.166298000996    2.3553    3.0588   0.361   12
49161.251   18.157308249671  -79.250597994474    0.5066    1.7422  -0.814   14
49162.983    0.599182464723  -27.468698394273    0.6614    3.3092  -0.226   10
49164.064   -6.671531282117   -0.231199200584    4.2676    0.6741  -0.519   10
49168.253    0.800976860087   -7.998397195763    0.5437    1.4228  -0.636   14
49175.251    0.364081603018    2.799802796005    0.2425    0.5313   0.059   20
49181.004   -0.894160302361    1.216702796114    0.5529    0.8268  -0.319    9
49182.253    0.552384273522    4.637203197433    0.1860    0.4697  -0.030   17
49183.334    0.039920174785    3.201400795660    0.2801    0.5142   0.087   35
49188.086    0.925960307152   -0.888498004770    0.4947    2.8187  -0.360    3
49188.167   77.985806860853   61.115101203768   71.6354  153.8406   0.890   13
49189.252   -0.590784841778   -8.861497200030    0.5025    1.6662  -0.800    4
49196.250    1.863070138622  -11.417497194088    0.1922    0.4500   0.130   21
49203.252    3.258683741878   -9.961696798655    0.1891    0.4509  -0.053   21
49209.085    0.183347342011    1.362502801783    6.3967    4.6136   0.921    4
49209.169   11.873944773008 -103.723999194472    1.5444   10.9848  -0.938    4
49210.250   -1.676141728736    4.024602002062    0.2468    0.5336  -0.042   19
49211.335    1.696514756257   -3.284999996822    0.8615    1.3878   0.059    8
49216.170    0.980743181170    2.624101205129    0.3412    0.5304   0.218    9
49217.252    3.351457530267  -13.785998403648    0.5356    1.8023  -0.740    9
49218.333    3.420419235981   -3.866299203992    0.4848    1.1557  -0.440   99
49223.169   -8.011810344750   -2.233598394241    0.6052    2.9681  -0.124   16
49224.250    2.900109180903  -31.173699602505    2.7010   21.0466  -0.774    3
49225.335    8.891659614483  -25.737699600370    2.2037    7.5043  -0.959    3
49230.002    0.646258108876    0.038401205416    0.5628    2.0805  -0.075    6
49231.252    2.457019728008   -9.845899199945    0.2239    0.5357  -0.049   17
49232.333    3.163154812817    5.581800007803    2.9013    3.6810   0.615   30
49232.333   -1.263471400579    3.504801607335    1.6819    2.8318   0.573   30
49237.081   -0.038403854501   -0.857699997425    0.6366    0.9505   0.302   22
49238.253   -3.034729118246   -6.320599199228    0.2109    0.5156   0.020   35
49245.252   -0.024637915987    0.711900004546    0.3582    1.0307   0.030   24
49246.329  -15.902353797489   -2.932199993211   20.8769    1.7331   0.148    4
49252.253    0.207162663985   -0.187498797288    0.3073    0.8258   0.029   25
49254.007   -0.848462205071    0.894502801430    0.4422    0.7474   0.091   20
49258.003   -0.083001857880    0.271602004887    0.4423    0.7641   0.013   14
49259.252    0.115763183160    0.179402400136    0.4894    0.9603  -0.008   25
49260.333    0.368623991382   -0.982198795896    0.9141    4.7291   0.125   10
49261.005   -0.375640734274    0.612802800504    0.5066    0.8955   0.204   17
49266.250    0.272956288899   -2.983500000653    1.1927    4.6743  -0.839    6
49272.167    1.173452799806    0.185900395877    0.9464    1.4866   0.399    5
49273.252    0.271169088153   -0.334299602400    0.3692    0.9742   0.163   11
49279.169    0.076120555219    0.028400398833    0.2465    0.2890   0.220   59
49280.250   -0.604824946998    1.426100402568    0.2921    0.8917   0.107   19
49281.335   -0.447631841258    0.449600395314    0.7373    5.3483   0.176    9
49286.083    0.492507344536    2.746202407877    0.9431    1.0591   0.429   10
49287.252    0.154854191442   -0.105598793709    0.6313    2.2465  -0.625    7
49288.333   26.568300483963   15.580303204388   28.3529    6.3522   0.460    5
49293.085    0.143982167022   -0.338997604388    0.4464    0.7377   0.387   41
49293.169   -1.318254274597    4.578202802463    1.4073    6.1359  -0.871    3
49294.250    0.422167998067   -0.115797598710    0.3742    1.1469  -0.111   16
49295.331   -3.245192063964   -4.366800003197    8.2955    6.0867  -0.234    7
49300.003   -0.940135852603    1.886101195225    0.8723    2.0491  -0.662    6
49301.252   -0.440747205406   -0.268999197317    0.3772    0.9019   0.282   13
49308.254    0.228222845289   -0.046497602568    0.5500    1.2120   0.360    6
49309.331   -4.607634688056   11.996600397879    0.8331    3.3108   0.053    6
49315.252    0.305030554290   -0.616298397915    0.5466    1.2179   0.384    9
49322.246    0.109707807703    1.207800004011    0.3888    0.6037   0.030   14
49328.167    0.609783561735   -0.159397193045    1.6071    0.8858   0.614    8
49329.248   -0.876955355639   -0.160599597621    0.7129    1.1721   0.441    8
49331.418   -0.823685515661    1.998500398770    0.8585    4.3206  -0.155   12
49335.085   -0.645567715796    0.846899996532    0.6216    1.0216   0.555   40
49336.250    0.125948053798    0.766400395946    0.4024    0.9740   0.073   11
49338.416   -7.397210227945    0.852602404677    8.8353    1.6448   0.387    7
49342.006   -0.357471180819    0.384400799192    0.3064    0.7055   0.161   22
49343.248    0.060154428884   -0.545400000362    0.3581    0.7871   0.130   15
49350.250   -0.174123838808    2.538000005359    0.5031    1.3145  -0.114    9
49357.252   -0.213079359913   -0.127497602875    0.3828    0.9762  -0.072   12
49358.344    8.942590540164   -2.760998393114   19.3138    3.1885   0.136    4
49359.418   13.332603479943   12.687800403910    9.0434   10.1214   0.532    4
49363.173   -0.363252389569    0.271400399754    0.7389    1.0526  -0.081   16
49364.250   -0.400556150159   -0.175197597230    0.4840    1.2844   0.133   13
49365.302    0.329255530148   -0.797597994051    0.2904    0.5073   0.092   24
49366.303   -0.571928134541   -0.166597193640    0.5647    0.5927  -0.170   13
49367.289   -0.248866800218    0.234201598914    0.2316    0.5642  -0.495   75
49367.336   -1.587771602234    1.079600396281    0.3271    0.4942  -0.233   24
49368.268   -0.277911664338    0.015501596806    0.2689    0.6420  -0.143   35
49369.265   -0.183895769317   -0.454298397301    0.3393    1.0469  -0.238   22
49370.255    0.394913667885   -0.114998404399    0.2144    0.5188  -0.073   38
49370.324    0.012940011309    0.295603196321    0.3895    0.6711  -0.144   23
49371.252   -0.293877743727    0.591501606095    0.1621    0.4850  -0.058   52
49372.267    0.001790533938    0.169300797381    0.1699    0.4438  -0.173   59
49372.322   -2.111246451867   -2.752797593075    0.5965    0.6412  -0.236   12
49373.268    0.264423225723   -0.141199193138    0.2324    0.5292   0.025   35
49373.363   -0.768902641643    0.674402396328    0.5469    0.5374  -0.148   18
49374.269   -0.304475554494    1.264600801676    0.2800    0.6157  -0.719   77
49374.360    1.872980795607    0.033001198574    0.5336    0.5136  -0.299    9
49375.270   -0.348247677616   -0.486399592603    0.2145    0.5949  -0.099   31
49376.267   -0.237304335771    1.124200802849    0.2824    0.6254  -0.665   63
49377.257   -0.307917848947    1.711202405374    0.3786    0.8356   0.063   32
49377.308   -0.410602294322    0.277700397078    0.3453    0.7909   0.096   14
49378.250   -0.024637915987    0.688802397519    0.3691    0.8711   0.200    5
49380.000    2.059079992044    4.099500003463    0.6486    0.9681   0.666   14
49385.248    0.007710516110    0.751500007823    0.3305    0.8364   0.034   16
49386.329  -21.818470829632   -1.938898795117   18.1415    5.9293   0.118    6
49391.001   -1.654529833881    0.255002406391    1.1606    0.9312   0.557    8
49391.165    0.948120535420   -2.274897595100    1.3640    4.3859  -0.735    5
49392.250   -0.178392013519    0.847202397836    0.4388    0.9450  -0.039    8
49394.420   -0.406059905958   16.888500006473    1.5672    8.7298   0.093    6
49398.087   -0.064967744656   -0.126197996053    0.3596    0.9554   0.412   19
49399.248    0.684113583017    1.237701602008    1.0420    3.7136  -0.822    4
49405.085   -0.362978222863    3.617802006772    0.6907    1.7285   0.230    9
49415.086    0.179630833905   -1.857297598917    0.3563    3.6006  -0.528    4
49419.165    1.713445442379   -0.482400001545    2.4507    0.7845   0.410   11
49420.250    0.622859060222    0.136602000111    0.8504    3.4586  -0.792    4
49426.167    0.621481466413    0.050302801924    0.4800    0.7551  -0.135   14
49427.248   -0.287822321323   -0.932299204237    0.9620    4.1100  -0.797    4
49429.418    0.224780550836    0.854402398431    0.4172    1.1955  -0.138   20
49434.250   -1.680406617202    4.068802805079    0.9753    3.8269  -0.813    4
49435.335   -0.074330021282    3.314502004059    0.7621    1.5991  -0.125   13
49436.420    0.759404924787    1.140102003205    1.6639    4.9071   0.024    8
49441.252   -0.562704584391    1.632402002372    0.4229    1.0926   0.090   12
49448.250    0.431252821741   -1.030197597629    0.9859    3.2575  -0.855    4
49455.248    0.310947203271    1.098302402625    0.3948    1.0866  -0.183   10
49461.085   -0.538753822186   -1.019199598318    0.9344    1.4953  -0.376   11
49462.247   -0.010597810767   -0.877298400326    0.4104    1.0589  -0.182   13
49468.167    0.695537274042    2.404800007128    0.8969    7.2271  -0.067    8
49469.249    0.163526028041   -1.699999194216    0.4079    1.0420  -0.064   15
49470.333   -1.431952757112   -2.396498398127    0.7796    2.1884   0.316   61
49471.418   -0.070061799625    0.164102395672    0.2214    0.5103  -0.292   45
49471.418    0.142191633084    4.439502001219    0.4045    1.5195  -0.566   17
49476.250    0.021611847908    0.883702800536    0.3828    0.9216   0.020   16
49483.252   -0.720449403682   -1.961798403727    0.5734    1.7223  -0.493   11
49484.333   -2.261832468599   -0.286297193952    1.4043    2.8111   0.614   16
49484.333   -0.531733746103    0.205502405493    0.4374    1.3613  -0.579   29
49485.418   -0.676951494213   -4.929998399916    0.8464    5.1954   0.097   10
49489.082    0.822172481622  -10.471798800893    0.9256    6.0564   0.075    3
49490.254    0.167520036045    0.517402799005    0.4072    1.0409  -0.093    6
49491.332   -0.943439420580   -0.381798004412   19.1971    6.1933   0.306    5
49495.999    2.239675479629    1.712800806786    1.1941    1.1088   0.038   16
49497.249   -0.695672714273   -0.604299599161    0.4230    0.9963  -0.168    9
49504.250    0.372614666195   -1.184997597647    0.3490    0.8901  -0.062   12
49506.000    2.526533194219    1.321200006998    0.9945    1.2287   0.383   19
49511.252    0.323474274451   -1.548799194495    1.1074    3.7547  -0.872    5
49512.333   47.317796732399    5.268801599811    9.4633    5.2184   0.021    5
49518.254   -0.492091071216    5.559400798916    1.1173    5.0158  -0.792    4
49525.252   -0.430149441585   -0.490798800001    0.5180    1.3621  -0.124   11
49530.917   -1.140000987554   -2.575897204338    1.3557    8.2179  -0.324    9
49532.250    0.344260242102    1.784700003782    0.4343    1.1758  -0.137   13
49534.416   -0.096764463202   -1.890698401041    0.5933    1.2418  -0.464   20
49534.420    0.673238272352   -2.656897204645    0.3664    1.3121  -0.602   22
49534.544   49.325807072287  548.070800404332    0.4646    1.6799   0.273    4
49539.252    0.351141544763    1.379700002246    0.4424    0.8080   0.169   12
49540.998    1.210753274151   -0.811497595521    0.7460    0.9263   0.462   32
49541.751   -0.567246972755    0.756302399907    0.1604    0.3055   0.065  216
49546.251    0.891411734180    0.248601600106    0.4379    0.8893  -0.222    9
49547.335    0.152654003621    1.463601604712    0.4091    1.7004  -0.771   20
49548.420   -1.940839121165  -26.456097600658    0.9991    6.6077   0.222   13
49553.256    0.426158719826   -0.790898393177    0.5004    0.9660  -0.184    7
49554.333   -2.574157265678   28.035702003137    2.6722   15.4977  -0.850    4
49555.415  -18.456276762121   -1.799298003391   23.4245    1.2704   0.420    4
49560.254    0.077772315734    0.286300800667    0.3918    0.9139  -0.086   12
49562.084   -1.945242783053    2.125800003228    0.8594    0.7901  -0.045   25
49562.084   -0.408537546731   -0.136198802636    0.2266    0.6056  -0.486  137
49567.249    1.720052578333   -3.435897595239    1.5092    4.6641  -0.927    3
49573.085   -0.050101712232    0.831600004858    0.3572    0.3056  -0.238   21
49574.251   -0.773993457313    1.027702799661    0.3672    0.9000   0.127   16
49575.332   -4.059792802898  -11.771596804522   25.2085    6.9315   0.096    6
49576.501   -0.233449101190   -0.761799596205    0.4466    0.6987   0.028   91
49580.040   -0.394362001280   -0.391096793351    0.3665    0.4200   0.201   22
49581.249   -0.780187606192   -0.705999597983    0.3274    0.8318   0.105   15
49588.251   -0.497046446655    0.498002407312    0.3513    0.8271   0.151   14
49589.332   -0.841716342640    2.209003207554    0.6153    1.2771   0.419   36
49589.335    0.435520996451   -2.226898793367    0.3193    1.0576  -0.651   29
49590.417    0.017069459544  -10.530399592312    0.7087    3.6851  -0.616    6
49595.252    0.203994583186    0.312299997063    0.3281    0.8156   0.041   16
49596.334    1.991908820268   14.132800798450    0.4766    1.5247   0.034   97
49597.418    0.864570344126   -2.058497999258    0.8092    3.8764  -0.082   16
49602.251    0.150724743207   -0.125499597914    0.2360    0.6642  -0.095   24
49603.335   -0.417073943099   -0.885297595232    1.8772    2.8199   0.763   11
49603.335   -0.222438350294   -0.476398798810    0.3984    1.6317  -0.671   21
49604.420   -2.697901845410   -6.280898399780    0.7870    3.9679  -0.021   17
49608.044   -0.260980931270   -0.274798794919    0.5800    0.9029  -0.011   24
49609.249    0.095667655536    0.412902006985    0.2540    0.7254  -0.045   23
49615.078   -0.812397264867    0.061700404785    0.4688    0.4831  -0.215   30
49616.251    0.472134317014   -0.971697602381    0.3038    0.7562  -0.015   18
49618.088   -0.339440400786   -0.057798003184    0.2970    0.5160   0.114   26
49622.040   -0.129387062006    1.857002398253    1.4247    1.3111  -0.377    9
49623.249   -0.236478455514    1.398103201211    0.2394    0.6841  -0.091   21
49630.251   -0.433865902745    0.510102002238    0.2812    0.7571  -0.157   15
49631.332   -1.121692707623   -6.594199196286    1.2080   10.1253  -0.196    3
49632.420   -2.208562628620   10.508000396214    1.1151    8.4874  -0.173    3
49637.249   -0.007020076083    1.246302005597    0.3144    0.7296  -0.176   14
49639.156    0.449283601774    0.742201206094    0.2246    0.3300  -0.010   48
49639.159    0.225332264387    0.658202401382    0.1359    0.3783  -0.461  199
49642.998    0.417212669574    0.165200397362    0.5968    0.5756  -0.009   17
49644.251   -0.773580470238   -0.518896797530    0.4083    0.9700  -0.173    9
49645.336   -1.208136859956    4.644201605686    8.7446    4.9226  -0.028    7
49646.040    0.932706169582    0.581101195962    0.5156    0.7038   0.202   27
49651.260   -0.614322663854    0.342601198611    0.3080    0.8684  -0.176   15
49652.334    1.895279797297    7.061202003911    0.4878    1.6507   0.344   58
49653.419    0.043910849598   -1.220399998658    0.4273    0.9770  -0.088   31
49653.419   -0.200000575182   -0.725698797055    0.3094    1.0611  -0.590   24
49658.262    0.488513336532   -0.351399600618    0.3148    0.8606  -0.237   12
49664.087    0.032622598804    0.048200406866    0.2243    0.4329   0.038   44
49665.256   -0.083276024587    0.162100796786    0.3819    0.8690   0.054   16
49667.419   -0.409640926887    1.005400805809    1.0893    6.4914  -0.698    3
49672.251    0.403724277905   -1.162396796417    0.2778    0.8147  -0.145   19
49678.084    0.742612965141   -2.277097192405    0.6814    0.7204  -0.087   15
49679.253    0.386103104810    1.159200006384    0.3181    0.7056   0.113   17
49685.166    0.152376503723   -1.498697997704    0.2034    0.5276  -0.568   66
49685.170    0.033587252484    1.292302802369    0.3565    1.4799  -0.584   13
49685.170    0.230010092981    1.662901202337    1.1124    1.9403   0.529   15
49686.251    0.148247055488    1.089899997453    0.2633    0.7634  -0.085   19
49693.249   -0.146043628368    1.642100407651    0.3885    0.8641   0.006   17
49699.166   -0.087679686475   -1.016499601292    0.3841    2.5117  -0.169   11
49700.247    0.051069652157   -0.454698000851    0.2540    0.7499  -0.163   19
49702.081    0.494159105051   -0.149598004384    0.4697    0.5359  -0.013   32
49707.249    0.316041305186    0.704502005533    0.3182    0.7033   0.047   16
49714.251   -0.016240293042    1.052701196613    0.2669    0.8217  -0.122   11
49715.000    0.404411384741    0.941302805302    0.1631    0.4094   0.406  134
49715.332    5.075913723542  -13.229798402392    0.6015    1.7480   0.136   32
49716.417   -0.182243961856   -0.014896794198    0.2723    1.0203  -0.678   20
49716.417   -0.047901571357   -0.341697601414    0.3176    0.5226  -0.317   52
49716.420   -1.755149578612   -2.978197196057    0.8694    1.2315   0.302   10
49721.249    0.112598388605   -0.571499992930    0.3104    0.6729  -0.108   16
49727.042   -0.378531362122    0.136000804218    0.5323    1.0070   0.433   16
49728.251    0.117689157328    0.706499997705    0.3047    0.7193  -0.085   16
49735.253    0.105852526175   -1.113098400651    0.2534    0.6483   0.052   17
49741.166   -0.344395729279    1.732100402307    0.3282    1.1807  -0.245   37
49741.166    1.340282395824   -0.154897202265    0.6448    0.8608  -0.413   17
49741.170    0.480531939960    0.494200801882    0.3087    0.4685  -0.043   22
49742.251   -0.132416416330   -0.253299602093    0.2326    0.5994  -0.056   16
49744.081    0.192296678508   -0.081000000307    0.4229    0.4015  -0.472   23
49748.084   -0.200552288733   -0.199897199593    0.2705    0.8729   0.163   11
49749.249    0.313011903915    0.024299998813    0.3267    0.6767   0.051   19
49750.334   -0.106675120188    0.179402400136    0.4274    1.4056  -0.240   53
49750.334    0.025602569667  -13.101199203902    0.8767    3.9635  -0.188   13
49751.415    0.007433016212   -1.098900004592    0.3055    1.1657  -0.608   14
49751.419   -0.860989276251   -1.056999595050    0.5941    1.0353   0.234   14
49751.419   -0.227532405262    0.767102400800    0.1960    0.4243  -0.421   56
49756.251    0.808409876299    0.738201602246    0.4185    1.0298  -0.531   10
49762.088   -0.829605497834    0.101502000405    0.6915    0.9337  -0.169   21
49763.253   -0.941648886643    0.106801198285    0.5143    0.9991  -0.611   31
49770.251    1.057002462865   -0.711298795864    0.7046    0.8577  -0.108   19
49771.336 -129.390789499754   16.323602399382  163.9520  196.7641  -0.051   28
49772.088    0.258090303422    0.207201603075    0.6132    0.7359  -0.078   25
49777.249   -0.050653425783    0.316602002215    0.6268    0.6894   0.324    8
49779.043   -0.440611765175   -0.291099598826    0.7838    1.0566   0.456    7
49783.086    3.162606432457    0.942703195506    4.3123    0.6922   0.441    4
49784.251    0.262632691785   -1.415498400092    0.3186    0.7243   0.016   13
49790.168   -0.593675422680   -1.535097604233    0.4107    0.7170   0.111   40
49790.168   -0.211563039629   -0.623700003644    0.3189    1.0200  -0.411   25
49790.168   -0.459742686065    1.445500807051    0.4960    1.9683  -0.212   21
49791.249   -0.561739977658   -0.052199997924    0.3399    0.8729   0.017    9
49798.251    0.343434361844    0.613400402472    0.3399    0.7428  -0.072   15
49800.417   -0.229458379430    0.480301200412    0.3809    0.4276   0.112   59
49804.080    0.489616716687    0.541000805754    0.5277    0.3906  -0.547   19
49805.249    0.103649052108   -0.773596802617    0.3635    0.9353  -0.104   17
49811.042    0.026980116529    0.453599999162    0.9745    0.6532   0.189    4
49812.251   -0.245424458819    1.543301998197    0.3115    0.7162   0.020   15
49818.084    0.157883545766    0.740203201133    0.2937    0.3477  -0.024   20
49819.249   -0.143978880777   -1.173797993204    0.3739    0.8606  -0.145   11
49820.334   -2.103126328820    7.623601206319    0.5983    1.6088  -0.504   53
49821.419   -0.547425658785    1.714302005951    1.4250    5.8623  -0.093   11
49826.251    0.365320423405    1.095001196916    0.4202    0.6640  -0.162    9
49826.960    0.403446778007   -0.142797594549    0.3533    0.6018   0.069   88
49827.336   -0.537653728275   10.707901202522    0.6439    4.9632  -0.049   11
49828.421    2.424261688974    1.285102801774    0.8965    1.3564   0.135   30
49828.421    0.888934046460   -2.498997604050    0.5373    1.3628  -0.476   27
49828.421    0.120444344946   -0.220798803241    0.3145    0.7497  -0.282   41
49832.000   -0.109978688165    0.443502003122    0.5661    0.4258   0.070   38
49833.249   -0.267862233931   -0.481197596969    0.3377    0.7999  -0.094   13
49840.251    0.020373027521   -0.826498792605    0.3553    0.8477  -0.033   16
49847.249   -0.801386513971    1.012903207709    0.3805    0.8651   0.032   15
49848.331    0.621481466413    2.913901197132    2.7611    7.8093  -0.534    3
49854.251   -0.207572317870    0.921103206508    0.3683    0.7285  -0.075   17
49861.249   -1.279302039736    1.957500005290    0.4125    0.7533  -0.024   11
49862.334    0.327464996211    0.400903195441    0.3958    0.3461  -0.404   15
49868.251   -0.144117654199    0.005803204317    0.5233    0.8321  -0.151    7
49869.332   -0.272130408642    0.718002003453    0.1457    0.3768  -0.552  104
49869.336   -0.282589492933   -0.154699203847    0.2630    0.6909   0.010   33
49875.257    0.598634084363   -0.616399194087    0.3807    0.7873  -0.026   14
49876.331   -0.224503050938    0.655002004635    0.0911    0.2107  -0.080  353
49877.415    3.517461199081    5.528901598950    0.6565    2.0710  -0.146   29
49882.251    0.097867843358    0.948502805898    0.3571    0.8245  -0.086   12
49883.336    2.759020927974    0.084801605738    3.8532    2.9145  -0.386   10
49888.000    9.493732707055    2.566800007742    4.5567    1.2706   0.740    7
49889.253   -0.247902146539   -0.271699194343    0.4653    0.5560  -0.271   10
49896.251   -0.404546871918   -0.589697992837    0.4614    0.9555   0.148   13
49897.332   -0.752797835779    3.081801604310    0.5913    1.9542  -0.243    8
49897.336    0.651903924342   -0.073897201958    0.1752    0.4146   0.352   95
49897.395   -0.103923265761   -3.093796796350    0.6448    2.8367   0.494    3
49904.250    0.150037589425   -0.760698000590    0.5436    0.9013   0.308   11
49909.090   -1.314950706619    1.160600396588    1.1592    2.2071   0.172   12
49909.115    0.420516237552   -1.318899600733    0.4221    0.9297   0.013   78
49910.251    0.187063850117   -0.795999592640    0.4903    0.8536   0.225   12
49911.329    0.369724085293    3.132000003347    0.6527    1.5120   0.379    5
49914.167   -0.060977022897    2.716002002501    0.3778    0.9437   0.117   44
49917.253   -0.066897005069   -0.748799998007    0.3691    0.6422  -0.063   12
49923.002   -0.135307044179   -1.301097597661    0.6957    0.6194  -0.361    4
49931.250   -0.290574175750    1.058500807005    0.3393    0.7750  -0.192   13
49936.999   15.090369472750    1.989000004698    5.8661    3.2716   0.345    5
49938.251   -0.707235178720   -0.719099992352    0.3248    0.8917  -0.002   17
49945.253    0.131042155713    1.234702797603    0.4447    0.6279  -0.115   13
49946.334   -0.949494842984   -0.025398000503    0.3595    0.9186   0.393    5
49952.251    0.081627550316   -0.659998801211    0.3759    0.7658  -0.076   11
49953.322    4.002258027507    0.699299997109   10.5223   10.7765   0.388    3
49956.320    0.359400441232    5.958100803127    1.2923    7.7752  -0.545    5
49957.321   -1.200842617166    8.819002795235    0.7341    6.6361  -0.382    4
49959.250    0.962851127613    0.578203200519    0.3956    0.7540  -0.006   13
49960.334   -1.027541372371    0.905000401019    1.9595    2.1642   0.759    6
49960.334   -0.081485537596   -0.781898398827    0.5682    1.0473   0.539   90
49961.416   -2.970858134309    8.986600801109    2.3179   11.2617  -0.884    4
49966.251    0.269930267766    0.622501205783    0.3034    0.8153  -0.075   11
49967.333   -1.055208642682   -0.342997195446    0.6472    0.6203   0.405   16
49979.083   -0.246802052628    1.256302799391    0.2482    0.7380  -0.138   92
49979.086   -0.465523894815    0.798299998905    0.4025    0.7918   0.025    8
49980.252   -1.028918919233   -5.894798403006    0.6958    3.9736  -0.420    4
49982.081   -0.025325069769    0.486302403147    0.4096    0.5608  -0.290    7
49986.085   -0.169720176920   -0.300297604383    0.3099    0.3297  -0.187   15
49987.253   -0.519758388473    0.593002805260    0.4550    1.2112  -0.210   13
49993.167    0.622997786698    0.161099997342    0.4134    0.3101  -0.201    8
49993.167   -0.679706634884    1.387303200318    0.2215    0.5986  -0.451   85
49994.252   -0.007294242790   -1.827198002502    0.6890    1.2897   0.095    3
49996.085    1.025066970896   -0.692297994931    0.4403    0.3550  -0.333   21
50000.085    0.192019178610    0.044503204322    0.3573    0.3917  -0.117    8
50001.250    1.000429054909   -0.676497603536    0.9016    3.0869  -0.700   12
50003.083   -0.142188346840   -0.359899195246    0.7233    0.5101  -0.733   11
50008.252    0.059189822151   -0.202499994373    0.3550    0.8325  -0.312   11
50014.001    0.577160962931    0.538801195660    0.6402    0.5863   0.223   18
50015.250    1.197264835536   -0.101498393690    3.0900    3.5312   0.962    6
50022.252    0.089060566528    0.499903197237    0.4012    0.7371   0.117    6
50029.250   -0.141362466582    1.253102402643    0.4930    1.0217  -0.145   11
50029.253    2.411182904242   -5.645998804482    0.3288    0.6484  -0.303   20
50031.416   -0.338749913813   -5.151999594943    0.5968    1.3475  -0.057   72
50035.002   -0.785142934685   -0.710899192313    0.5235    0.6471   0.094   10
50036.252   -0.085479498653   -0.809499603349    0.4485    0.6346   0.582    5
50042.041   -0.249005526694    0.292402799573    0.5821    0.4577   0.333   14
50043.250   -0.124709233411    0.227401201869    0.4894    0.8041   0.194   12
50050.252    0.246527838975    0.323402399260    0.4416    0.9551  -0.108    4
50057.250   -0.242811377815   -0.857699997425    0.3961    0.8279   0.194   12
50058.335   -0.542883270421    4.183700400517    1.4025    4.1831  -0.760    6
50058.397 -251.121732840480  -85.134099603579  157.3238  195.7017  -0.089   11
50059.419    0.139162278760   -0.589197593115    0.1269    0.3674  -0.413   90
50064.252    0.080388729930   -1.537498793880    0.3090    0.9066  -0.094    4
50065.333    0.335036738898   -3.441999594145    0.7483    2.4226  -0.744    6
50070.041   -0.241020843877    0.595702802286    0.8578    0.7943   0.423   12
50071.250    1.025205744318   -1.040097595251    0.9147    1.0542  -0.581    4
50084.998    0.348525130567   -2.169399597562    0.3260    0.7511  -0.028   49
50085.250   -0.192980546045   -0.431596799899    0.4953    0.9706  -0.368    5
50092.252    0.608544741349   -1.920499202868    0.5297    0.9761  -0.056    5
50099.254    0.107091346561   -0.790498802417    0.4405    0.8054  -0.175    5
50105.043   -0.975374912548    0.231202807299    1.0013    0.6894   0.519    9
50106.252    0.038816794629   -0.339498004109    0.3940    0.9114   0.087    8
50108.082   -0.394910381640    0.398203198415    0.5244    0.3520  -0.445   23
50112.085   -0.178114513621    0.071701198578    0.2885    0.2832  -0.087   16
50119.083    0.721691510313    0.076402807281    0.6080    0.5381  -0.240   28
50121.333   -0.355267706753   -4.604597995694    0.4652    1.4487  -0.146   69
50122.662    0.218312188304    2.804900401543    0.5812    1.4286   0.126   45
50126.041    0.907103599915    0.449503205857    1.0158    0.7243   0.653   11
50127.254    0.313702343942    1.759402799451    0.5265    1.2802   0.367    5
50129.084   -0.162835588014    1.651600801722    0.5679    1.0713   0.266    7
50136.085   -0.784181614196    0.591501606095    0.5693    0.5208  -0.629    8
50141.250   -0.003990721759   -1.171897203278    0.6037    0.7915  -0.306    5
50147.043    1.054798988798    1.012100406683    0.7071    0.5487   0.369   12
50149.333   -0.031519218648   -0.377398797013    0.2406    0.4424   0.281   15
50153.877   -0.218170128637   -0.805597201747    0.4912    0.6411  -0.135   16
50153.877   -0.268826887611   -0.262598403822    0.3611    0.8211  -0.305   13
50155.250    0.770831902057    0.970300806102    0.3164    0.5768   0.086   19
50155.831   -0.488100396403    2.910103198417    0.4917    0.7612  -0.622   90
50162.252   -0.580461197717   -0.488498393736    0.7115    0.8744   0.100    5
50163.337   -0.020921407881    0.004302005152    0.1383    0.1994  -0.152  202
50170.335   -0.369998252000    0.061801200957    0.6385    0.3374   0.012   21
50189.039    1.318396334263    0.046501196493    1.0978    0.7496   0.147   15
50190.252    0.525542883469    0.282902405502    0.4338    1.0804  -0.096    7
50197.250   -0.378118421994    0.677800804283    0.5247    0.7295   0.282    6
50197.250   -0.129112895299   -0.317599194943    0.3358    0.8930  -0.176    9
50199.420   -0.689891505522   -0.377499593185    0.7389    3.5111  -0.296   11
50210.001    3.238449487778    0.303300002713    2.5862    0.8979   0.221    4
50211.250   -1.200429677037    0.984002396365    0.9753    1.4173   0.195    4
50219.333   -0.529394831806   -0.495399599743    0.4477    0.8088  -0.275   45
50224.041   -0.455477797599   -0.537897598463    1.5904    1.2866   0.577   11
50225.250    0.325539022042   -0.816497998812    0.5734    0.9539  -0.172    4
50226.401  -34.988509648969  -11.060697599419  173.6429  198.2838  -0.056   26
50233.337    0.566146878844    0.564001197745    0.5334    0.3375   0.041   19
50234.418    0.304065900610    0.332999995578    0.1928    0.2331  -0.269    8
50238.085   -0.764360253280    0.924001201952    0.7802    0.5207  -0.844    9
50239.250   -0.127461087838   -0.605599193193    0.7505    1.0143   0.500    6
50242.333   -0.324987308491    1.219301996969    0.4266    0.7767  -0.084   45
50245.050   -2.303404403899    0.806601595116    1.4864    1.2805   0.452    5
50247.436    1.876006863686  -14.180698804012    0.3848    1.2593  -0.034   47
50248.520   -0.426845873608    0.715903202320    0.1384    0.3192  -0.233  115
50262.086    0.060980356088   -0.141598796688    0.3977    0.3170  -0.688    5
50267.250   -0.310395536666   -2.376097194201    0.6365    1.1121   0.214   10
50276.166    0.294706910229    0.505702807629    0.2116    0.5265  -0.231  153
50276.170   -1.691694867995   16.544203204205    1.7155   10.0316  -0.028    3
50280.041    0.072955713718    1.170201599621    0.7491    0.7088   0.183   10
50282.335    0.546877278425    0.442202396300    1.8123    0.5987   0.260    9
50287.083   -1.741799866472   13.676400006091    1.7938    8.0257   0.567    7
50287.083    0.318793159612   -0.184698004091    0.3890    0.3581   0.229    8
50288.252   -0.122644532767    1.694501997918    0.4396    0.8952  -0.073   13
50290.086    0.103513611877   -0.017697600185    0.2814    0.2739  -0.344   14
50302.252    0.342608481586   -0.261997195139    0.3781    0.8091   0.183    9
50305.832    0.393949061151   -0.143297994271    0.5277    1.1003  -0.354   45
50308.041    0.830708877989   -1.300597197940    0.6699    0.6822   0.444   14
50309.250    0.013214224962   -0.727498803599    0.4017    0.7265   0.177    5
50322.085   -0.288235261452    0.844502400810    0.2314    0.5536   0.529  120
50323.250    0.116037396813    0.431200803064    0.4096    0.8400  -0.141    8
50324.332   -0.358848774628    0.721800002168    0.1187    0.3040  -0.460  196
50331.323    1.290729063952   -6.686499597208    0.7076    3.0427  -0.878    4
50332.323   -1.136836192999    6.987002400649    1.1994    4.0988  -0.921    3
50333.335   -1.078472298052    4.880102402183    0.8158    4.3253  -0.875    4
50336.104   -0.934767583981   -0.761698800034    0.4965    1.6185  -0.065   57
50337.251   -0.203168702928    1.006603197595    0.3928    0.6545  -0.282    8
50338.335   -0.824785609572   -0.926298001502    0.5899    0.6654   0.389   12
50343.168   -2.258393460391    6.691701605632    0.7802    2.9685  -0.886    4
50346.323   -0.255748102879    1.126501196325    0.5394    2.3957  -0.806    3
50349.874   -0.415422182583    0.003200396748    0.3834    0.4506  -0.174   14
50355.334    0.141639966480   -0.486899992325    0.0923    0.2411  -0.331  163
50357.168    0.680397074911    0.049100397348    0.8129    3.5088  -0.876    3
50359.323   -0.332833264832    0.175802399838    0.8088    3.0654  -0.928    3
50360.323    1.449160990078   -4.519098004607    0.7988    2.4634  -0.921    4
50361.335    1.294306798636   -1.987099201983    0.7537    2.6662  -0.929    3
50364.085   -0.266897580251   -1.165197602404    0.9975    4.1507   0.790    4
50365.254    0.708751499004   -0.701398798242    0.3593    0.7813   0.031    8
50366.956    0.003303567977   -0.027799202940    0.4765    0.4998  -0.344   13
50371.168    0.370549965551   -1.761897597419    0.6324    2.5603  -0.883    4
50373.323    0.484522661719   -1.225598400367    0.5283    2.1889  -0.782    5
50374.323   -2.459358689252    8.262701997808    1.3724    4.8377  -0.966    3
50375.335   -1.378682917134    3.728501999944    0.6584    3.1771  -0.904    3
50378.042   -5.583422540733    0.609001207863    4.2400    1.0618   0.730    7
50379.251    0.563807964547   -0.516196800504    0.5218    0.9290  -0.662    5
50387.334    0.093190014763   -0.270799203861    0.1127    0.2201   0.324  152
50391.096   -1.405937247316   -3.976599593614    1.2758    2.1853  -0.441   38
50395.322    0.262632691785   -0.025498796674    0.0891    0.2207  -0.028  244
50396.333    0.133794010139   -0.218498396976    0.6121    4.2512  -0.927    3
50396.333    0.197664947129    0.355600796809    0.0849    0.2096   0.030  243
50399.164    0.190093204441   -0.390999603894    0.0992    0.2455  -0.185  150
50399.168   -0.584729419374    1.839902400036    0.4543    1.9971  -0.800    4
50401.323    0.104339492135    1.960603199791    0.8930    3.5591  -0.913    3
50401.323   -0.586103679992    0.831502802612    0.1549    0.3366  -0.294  143
50402.323    1.221215597741   -9.814399200536    0.5652    4.0359  -0.871    3
50402.323    0.100758471206   -0.811497595521    0.1363    0.3477  -0.071  119
50403.335   -0.016240293042    0.322502395989    0.0945    0.2473  -0.124  223
50407.247   -0.039090961336    0.100400404790    0.3844    0.7571   0.056    7
50409.417    0.125260946962    0.269999996760    0.2607    0.2798  -0.353    7
50413.168    0.363804103120    1.474300796644    0.1845    0.3914  -0.116  157
50420.166    0.321409573807    2.302901997098    0.5199    1.3130  -0.615    3
50421.251    0.442541072535    0.535100399190    0.3922    1.0407   0.051   10
50422.332    1.281231300149    0.295902003700    0.1000    0.2131  -0.120   70
50423.420    1.751162143098    0.977302795491    1.0935    2.1710   0.372   45
50427.055    1.162303322435    0.393703207635    0.9588    1.3610   0.082    7
50435.251    0.270343207895   -0.075398401123    0.2122    0.5477   0.029    8
50448.254    0.542060676408   -0.706697996122    0.4131    1.1298  -0.054    7
50457.272   -0.098829163847    0.454003196637    0.3495    1.0368   0.047    6
50463.254    0.119340964790    0.900100806689    0.3521    0.5670   0.268    7
50471.272    2.371266062648   -0.202899597923    0.2957    0.7002  -0.325   11
50477.251   -0.180179261211    0.127202402211    0.2995    0.6713   0.176   10
50477.251   -0.458229652025    0.206999997943    0.3137    0.5709   0.040    8
50478.332  -10.013078155399  -23.164200004544   15.4058   27.7047   0.956    4
50485.907    0.199177981169    0.016102805489    0.4419    0.4215   0.139   21
50490.082    0.221202816152   -0.364697993405    0.4605    1.0195   0.085    9
50491.251    1.023140996728    0.542102401369    0.5519    0.7992   0.123    4
50491.251    0.785559161059    1.731502800340    0.3198    0.7952   0.154    9
50492.825    2.893779591793    0.798400807867    0.2261    0.2861   0.024   19
50500.083    0.304617567215    1.415800801396    0.4079    0.9662   0.207    8
50505.251    0.704347837116    0.533203203190    0.3831    0.5691   0.281   12
50505.251    0.118928024661   -0.283399198509    0.4261    0.7808   0.057    7
50519.251   -0.085753712306   -0.783399597992    0.3581    0.9454   0.171   11
50519.255    0.901457831396    0.042202798056    0.4908    1.1837  -0.052    7
50525.102   -1.151011738450    2.608801200665    1.4408    4.6477  -0.409   12
50527.272   -0.279563424854    0.859100400419    0.5367    5.0216  -0.612    6
50531.998   -0.773167530109    0.335502006976    0.5614    0.5929   0.025    5
50533.251    0.752936562255    0.008002801621    0.3964    0.7224   0.296   12
50533.251    0.060567369013   -2.156299203193    0.4824    1.2212   0.142    7
50539.172   -0.706960965066   -1.707699594533    0.0899    0.3240  -0.154  231
50541.272   -0.040191055247    2.164600799404    0.3999    1.0008  -0.036    4
50546.002   -1.153215212516    0.174200404501    1.4626    0.7486   0.436    6
50547.251   -0.056986348084    0.186400795599    0.2710    0.6488   0.230   14
50547.251   -0.152099003825    1.812103197096    0.4347    1.2752  -0.486    4
50560.082   -0.398765616222    0.407203205555    2.4036    6.3628  -0.975    3
50573.998   -2.901209274814   -0.230997595452    3.8716    0.8581   0.501    6
50575.251    0.708890272426   -0.610398004142    0.5742    1.8285   0.491   10
50575.751    0.490991024251    2.211501599447    0.2099    0.5187  -0.345   45
50583.272   -1.128990236658    0.907199998323    0.3070    0.7301  -0.136   14
50588.082   -5.474127673159    0.435902398976    0.1003    0.2837  -0.229  122
50589.251    0.951975816948   -0.342399593478    0.2547    0.5605   0.092   16
50589.251    0.140678645991    1.178802003210    0.4329    0.9809   0.107    6
50601.998    1.872842022185    1.481601606201    2.9633    0.7430   0.629    7
50603.251    0.095115988932   -0.244098002611    0.2789    0.5698   0.271   19
50616.086    0.357609907295    5.638600805469    0.9773    2.2787   0.140   75
50617.251    0.069374692789   -0.019997993661    0.3378    0.5567   0.276   13
50631.251    0.539170048560    0.173800800951    0.5105    0.8209   0.276   11
50631.251    2.142769003707   -9.953798399920    1.1140    4.0173  -0.881    5
50631.755    0.014040105220   -1.282197592900    0.3752    1.0528   0.749  118
50639.272    0.293329316421    2.315102400985    0.9115    3.0447   0.736    7
50643.998    1.819710955629   -2.913300001239    1.2966    2.5391  -0.149    4
50645.251   -0.016791959646   -0.071298001103    0.2799    0.6265   0.138   16
50645.251   -0.989550457999    1.366300800498    0.8661    2.9708  -0.837    4
50646.811 -277.225606190347  435.309001197481    6.0200   12.5775  -0.840    7
50654.331   -1.654804047535    1.691802000892    0.0994    0.3007  -0.248  136
50659.251    0.613913009970   -2.295899994920    0.2713    0.6792   0.151   15
50659.251    0.789414442587   -1.739797195910    1.3193    3.8569  -0.935    4
50665.168   -0.106539679957    1.591801199652    0.5135    2.6132   0.526    9
50671.998   -1.627136777223    0.155401195912    7.4824    1.6513   0.587    4
50673.251    0.109430307805   -0.329997597248    0.3174    0.5085   0.156   14
50673.251    0.616939078049   -1.059300001316    0.7379    2.5947  -0.707    7
50686.083   -1.166016497350    7.434201606316    1.8315    3.9170   0.290   36
50687.251    0.527468857637    0.549100796832    0.2763    0.6490   0.159   18
50687.251    1.061819064881   -2.593897193037    1.0498    4.3248  -0.468    4
50687.836   -0.625610914648    0.903401999608    0.2268    0.3909  -0.018  118
50700.090   -0.032622598804    1.709701206210    0.1485    0.5297  -0.209  128
50701.251    0.845710303698    1.098601197214    0.3058    0.7037   0.163   18
50701.251   -0.304614280970   -2.296497596888    0.5639    2.0308  -0.691   12
50707.000   -1.104349034426   -2.369699994631    0.8118    1.2641   0.700   17
50715.251    0.656994693065    0.136799998529    0.3154    0.7394   0.451   12
50715.251   -0.323335547976    2.224202403056    0.7504    2.7639  -0.855    5
50728.167   -0.355132266522   -0.487396798121    0.5011    0.4426   0.096   17
50729.251    0.570553826977   -1.283896803272    0.4123    0.8170   0.072   18
50729.251   -0.358158334601    0.910501204032    0.8161    2.9944  -0.781    6
50742.167    0.672551118570   -0.561697197554    0.3587    0.4568   0.020   36
50743.251    0.266074986238   -1.457499593016    0.2853    0.7866   0.050   26
50743.251   -0.572476514901    5.548903199326    0.6686    2.4224  -0.705    9
50752.196   17.305816690276   58.507801202268    1.0247    2.6276   0.626   53
50757.251    1.039107076116    1.203602401745    0.3406    0.7016  -0.026   22
50757.251    1.673664041016   -4.143797995937    0.5914    2.4568  -0.827    8
50770.002   -0.027389770413    0.041702398335    0.3162    0.6603   0.265   18
50771.252    0.261806811528   -0.540799200621    0.4141    0.6526  -0.168   23
50771.252   -0.790098263178    4.157402396743    0.5615    1.9945  -0.798    9
50773.085   -0.616387364498   -0.237697196326    0.7044    0.8766   0.188   16
50777.001   -0.773993457313   -0.452397594586    0.5407    0.7745   0.491    9
50785.252   -0.852452879883   -0.660999600655    0.6444    0.8248   0.680    6
50785.252    0.044049623020   -0.263199599715    0.7208    2.6040  -0.711    9
50791.085    0.243224317944    1.650002400311    0.4348    1.3872   0.323  138
50793.272   -0.379631456033   -4.359600002601    0.2035    0.7157  -0.017   13
50797.999   -0.076807662055   -0.451897194864    0.4727    0.7021   0.382    8
50799.219   -0.714116481381   -3.424399196206    0.5122    0.9105   0.480    3
50799.252    0.568763293039   -3.055298401478    0.7447    3.2706  -0.839    4
50800.340   -0.140123646195    0.536900405734    0.0786    0.1727  -0.178  106
50813.168    0.186376696335   -0.536497195469    0.2685    0.5782   0.164   25
50813.168    0.606615480935   -1.167199201291    0.6774    2.5686  -0.777    5
50826.171    0.344121515626    0.047102405176    0.2548    1.1041  -0.059   15
50827.252    0.313702343942   -0.580096802594    0.4300    0.6495   0.007   16
50827.252    0.059602762280    0.583401602228    0.7703    3.0830  -0.747    5
50840.167    1.366433345851    2.520500403591    0.7249    2.1637   0.560   13
50841.252   -0.098693723616   -0.081698398446    0.6283    0.6703   0.483   11
50843.001    0.429326847572    1.124600406399    0.7122    0.5946   0.523    6
50847.001   -0.490439310700    1.257102006491    0.3832    1.3168   0.126   75
50854.079    0.162838874259    2.168503201005    0.1662    0.9786   0.696  137
50855.252   -0.544396304461    2.639800800353    0.6580    2.4728  -0.762    5
50857.001    0.533111339912    1.409803205377    0.3528    0.4838   0.022   13
50869.252    0.408127892847   -0.230497195730    0.3970    0.7822   0.009   18
50869.252   -0.016517792940    0.441601200407    0.3989    0.7507  -0.116   10
50883.252   -0.227119465133   -0.500299194073    0.3316    0.8167   0.122   25
50883.252    0.434417616296    0.207500397664    0.3416    0.7498  -0.076   10
50884.271    0.734905735276    1.636401606220    0.6519    1.0770   0.412    6
50895.999   -0.472131030770   -0.687196795468    0.5736    0.7905   0.630    9
50897.252    0.883427004417    1.512302398510    0.4719    0.7704   0.106   24
50897.252    0.503931035561    0.666900007218    0.4193    0.7002   0.391   10
50898.271   -0.354719326393   -0.139996801352    0.3538    1.2421  -0.540   13
50911.252    0.127186921131    0.167803204931    0.4105    0.6839  -0.020   21
50911.252   -0.719623523424   -0.037997995150    0.7693    1.0508   0.129    3
50912.271    0.216247487659   -0.412696795138    0.3510    0.6649   0.271   11
50917.001    0.917701410682    0.192502807295    0.9801    1.0762   0.768    6
50919.324   -0.216518368121    4.969000801225    0.0828    0.2448  -0.388  204
50923.999   -4.305220547961    9.442800001125    1.6694    3.8048  -0.385   36
50925.252   -0.040468555145   -0.015598799052    0.6600    0.5910  -0.011   13
50925.252    1.070765068187   -0.661899603926    0.4870    0.9867  -0.047   12
50926.271    0.317831792177    0.569502000758    0.3679    1.2901   0.515   12
50939.252    0.266900866496   -0.265996798987    0.3558    0.7572   0.112   18
50939.252    0.417073943099    2.594501995645    0.4199    1.0858  -0.326    9
50940.271    0.176191872643    0.738702001968    0.2731    1.0456   0.062   21
50953.252    0.801664013869   -0.256096801365    0.4854    0.7730   0.274   19
50953.252    0.356371086908   -1.080399603381    0.5167    1.0167  -0.173   12
50954.271   -0.483006294488   -1.006797602088    0.3524    0.7598   0.407    8
50967.252   -0.195458186818   -0.546498002052    0.4849    0.9000   0.150   17
50967.252    0.159535306282    0.443102399572    0.3982    0.7595  -0.044    9
50979.999   -0.195871126947   -1.075597198508    0.3348    0.5672   0.173   17
50981.252    1.035664781663    0.750301197172    0.5836    0.9027   0.305   19
50981.252    0.007297529035    1.985400004401    0.4479    0.9613  -0.014   13
50982.271    0.126773934056   -0.694699197368    0.2023    0.4086  -0.003   31
50986.997    0.058638108600    4.306903198881    2.1264    2.9345  -0.048   48
50989.324   -0.356093587010    6.213502800279    0.1333    0.4455  -0.024   99
50995.252   -2.213382516882   -0.847799999804    1.1448    1.3291   0.573    8
50995.252   -1.443241007906   -0.874198799750    0.5912    1.0278  -0.203    6
50996.271    1.916475418831    0.712900803990    0.8795    0.9944   0.502    6
51007.959    0.276124416646   -0.159498002006    0.2899    0.5791   0.436   32
51009.252    1.251499329194   -0.491097594590    0.4023    0.9662   0.011   20
51009.252   -0.417622323459    0.436100397394    0.5469    0.9879  -0.220    6
51010.271    0.498836933646   -1.127599198014    0.2710    0.4231  -0.188   19
51023.252    1.126099655756    0.026600405079    0.4448    0.6827   0.131   15
51023.252   -0.442950679472   -0.794098802714    0.4207    0.8065  -0.252    9
51024.268   -0.626985175266    0.023500804502    0.3664    1.5553  -0.126   12
51036.087    0.694572620362   -0.288698396389    0.0640    0.1801  -0.279  152
51037.252   -1.098293612022    1.068101997248    0.5043    1.0464  -0.110   21
51037.252   -1.128164356400    2.086902004805    0.4797    0.9787   0.041    5
51042.998    0.124435019758   -0.537998394634    1.0616    3.6313   0.294   52
51049.999    0.072955713718    0.373903199602    0.3181    0.6102   0.322   31
51051.249    0.019408373842    0.830401206997    0.5609    1.0216   0.102   17
51051.252    1.057276676518   -0.042897602270    0.4351    0.7460  -0.011    9
51052.271   -0.528704391779   -0.162597602582    0.5488    0.8912  -0.105   17
51065.252    0.719075096118   -0.295999193156    0.4220    0.7361   0.125   16
51065.252    0.374127700234    1.238803197623    0.3739    0.8210  -0.178    7
51065.811 -162.864618747384  103.408102803826   39.8964  123.5740   0.646    5
51079.249    0.043084969340    0.846500405771    0.4661    0.6892   0.109   18
51079.252   -0.055195814147    0.293302802845    0.3221    0.6661  -0.134   13
51080.717 -189.839805017562 -251.340098404285   57.6550  164.0759   0.320    7
51085.001   -0.617626231831   -0.191998800858    0.3458    0.5465   0.134   17
51088.084    0.330355577112   -1.973498395103    0.1098    0.2833  -0.081  181
51091.999    0.105300859570    0.299502003998    0.3299    0.5123   0.051   24
51093.252    0.196839066871    0.401000397687    0.5750    1.4282   0.240   12
51093.252    0.089747720310   -0.235897202572    0.4035    0.7993  -0.036   10
51094.271    0.345221609537    0.037501202144    0.2594    0.5215  -0.121   34
51098.998   -0.998499794496    0.734702398120    0.4635    1.8356  -0.011   76
51107.249    0.647909916338    1.669100403490    0.3758    0.8066  -0.029   10
51107.252    0.654381565115    2.600200797076    0.6720    2.0945   0.438    3
51108.271    0.345634549665   -1.606096797957    0.3376    1.2299  -0.256   15
51115.712   -0.221338256383   -0.863100004267    0.5627    0.4728  -0.012   12
51120.000   -0.788585229138   -0.543196796343    3.3540    2.4605   0.951    6
51120.168   -0.687965531354    1.003003197297    0.2529    0.7094  -0.119   22
51121.249   -3.863921629004   -2.038197604293    4.7781    4.2181   0.973    3
51121.249    0.294429410331    0.997002007352    0.3414    0.7633   0.045   12
51122.268    0.151689396887    0.844102797259    0.4269    0.9028  -0.097   12
51123.353    0.503243881779    0.796802406455    0.5136    1.7195   0.320   14
51130.457    0.151137683336   -0.259397994284    0.2757    0.4767   0.074   39
51135.249   -1.494446147240    3.623500795413    0.6259    1.1258  -0.291   17
51135.252    0.637863819122    1.469001598764    0.3817    0.7056   0.330   13
51149.249    1.299262127129    2.579803199865    0.5193    0.9035   0.102   16
51149.249    0.123747912923    0.764200798642    0.2916    0.7015   0.107   12
51155.001    0.725543458650    0.500101195655    0.3189    0.5500   0.075   18
51162.029    0.267588020278   -3.205497601755    0.4816    1.9962   0.085   89
51163.249    0.620933086053    0.067302003970    0.4904    0.9592  -0.100   22
51163.249   -0.525265383571    0.094903195702    0.2653    0.5219   0.060   12
51164.271    0.335862619156   -0.705599994433    0.2731    0.7162   0.128   18
51169.166   -2.712906604310   13.286102407051    0.1081    0.2584  -0.002   78
51176.164   -0.022847382050   -0.620499594106    0.3804    1.3149  -0.112   24
51177.249    1.358726115986    2.253301200028    0.9527    2.0432   0.022    6
51177.249   -0.309982549591    0.411400807820    0.3742    0.9955  -0.040   10
51191.249    0.479154346151    1.413500395131    0.5500    0.7832   0.601   14
51191.253    0.330768517241    0.248900407485    0.2643    0.6800   0.108   15
51205.249    0.611848309326    0.198900006865    1.4902    1.5571   0.931   10
51205.249   -0.783216960516    0.479700004519    0.3700    0.8376  -0.027   10
51206.272    0.568076186204   -1.653299999305    0.4254    1.4282   0.153   22
51207.042    0.603863579563   -0.318398402044    0.2856    0.6123  -0.031   20
51211.002    0.935732237661    4.882701603037    3.3609    6.9926   0.443   32
51211.086   -0.369033645266   -1.140498000041    1.0617    2.5943   0.919    3
51214.000    0.056299194302    4.339101596429    0.7987    1.7246   0.591   13
51214.179   -0.143704667124    0.396403204661  182.7088  198.6678   0.001    5
51219.249    1.279027826083   -0.560296794561    0.9476    0.8196   0.346   19
51219.249   -0.822307921853   -1.456599602534    0.2778    0.6728   0.116    8
51221.002   -0.255335162751   -5.968299595338    0.4343    0.7645   0.315   23
51224.918   -0.824237229212   -4.901598001084    1.4450    5.7624   0.966    3
51227.891  349.118142825926  223.464301207343   12.6087    9.2840   0.711    3
51228.000   -0.209911232167   -2.318698794568    0.3378    0.4708  -0.141   13
51233.249   -0.173297958550   -0.238697995769    0.5588    1.3262   0.266   21
51233.253   -0.105300859570    0.088300797074    0.3850    0.6082  -0.112   11
51246.084    0.120444344946   -0.588898798526    0.1012    0.2513   0.151  171
51247.245   -1.526791246146    1.197000003117    0.7432    0.8289   0.075   34
51247.249    0.145908141191    0.628401599556    0.2887    0.6970   0.095   15
51253.082   -1.209236953867    1.165701596051    0.2858    0.4423   0.140   25
51261.249    0.446118807219    0.009701999204    0.8483    0.5172   0.233   20
51261.249   -0.280937685471   -0.439898396110    0.3096    0.7055   0.245   13
51275.249    1.205110791877   -2.033398793344    1.2137    1.1549  -0.002   15
51275.249    0.914536616127    0.061102802817    0.3308    0.7066   0.056   10
51276.268    0.313837831119   -0.308797199011    0.3717    0.5707   0.319   37
51284.084    0.061393296217   -0.264898797298    0.1193    0.2921  -0.138   95
51288.084   -0.469104962690    2.404303201331    0.2359    0.3536   0.264   22
51288.208    0.145495201062    2.016100796709    0.6157    1.5522  -0.090    9
51289.249    0.628366055319    0.367401597146    1.6767    1.3786   0.002    8
51289.249    0.547564385260   -0.231796802552    0.3080    0.5431   0.082   11
51290.268   -0.940410066256   -0.082699197890    0.3680    0.7159   0.090   39
51295.002   -6.608073285256   -4.455698402239    0.7766    1.9019   0.300   33
51302.084    0.366281743894    0.392803204363    0.2096    0.3391   0.201   30
51303.249   -0.450109482031    0.369500398278    0.7127    0.5259   0.221   24
51303.249   -0.913294462549   -0.269099993488    0.4189    0.8192  -0.024    8
51309.086    0.047627357704   -0.699598804488    0.1012    0.2298   0.141  205
51317.245   -0.340679221173    0.895003201151    0.7517    0.8017   0.111   31
51317.249    0.493194451371    0.718700401592    0.5153    0.9666  -0.255    4
51331.249   -0.607989741553    1.482501596684    3.8091    1.0248   0.513   10
51331.249   -0.416661002970    0.447202799592    0.3458    0.8528  -0.031    8
51344.080   -0.868557732694   -2.198797201913    0.2116    0.2996   0.261   29
51345.249   -0.217483021801    0.114102007842    0.6475    0.6603   0.040   12
51345.249   -0.219686495867    0.154602001601    0.3274    0.7161  -0.059   16
51351.086   -0.380044396162   -0.101498393690    0.2032    0.4770  -0.043  134
51358.000   12.721581097821   -5.041097996639    0.5028    1.6753  -0.294   76
51359.249    1.737809191659    3.212503197858    1.4059    1.8683   0.245   19
51359.249    0.122231545692   -1.126497602399    0.3906    0.8948   0.030   10
51373.249    0.621346026182    1.191801601408    0.4029    0.5098   0.095   31
51373.253    0.553210153780   -0.141598796688    0.4721    0.6486   0.435   11
51379.082    0.319070659510    0.595702802286    0.2619    0.4391   0.336   27
51387.249   -0.787346408751    0.536101198634    0.7319    1.5147   0.189   28
51387.249   -0.034961560048    0.128700007451    0.3493    0.7231   0.083   12
51388.268    0.494433318704   -3.409999195014    0.9143    2.2731  -0.118   11
51393.082   -0.203442869635    0.273502807602    0.1080    0.5070   0.384  150
51400.084   -0.193393486174   -0.765899996225    0.5932    0.9980  -0.455   15
51401.249    1.432230257010    6.013400401628    1.0818    4.4588   0.006   11
51401.249   -0.713016387470   -0.810997195799    0.3162    0.6525   0.078   14
51406.998  -35.100830537676   15.130702796284    1.9299    1.4755   0.152   89
51415.249   -1.288799756592   -2.659499999424    0.6996    1.3698  -0.089   24
51415.249    0.694985560491   -0.083998804712    0.3280    0.5791  -0.004   16
51417.167    1.145785529495   20.009401201548    3.5885   15.6920   0.177    3
51418.164   -1.991631320370  -11.591197198868    2.2721   15.3085   0.374    4
51429.249   -2.054398877205   -0.644299193198    0.9945    1.9764   0.010   37
51429.249    0.388580745583    1.709503207792    0.3896    0.7351   0.296    8
51442.084    0.528707678024    5.627699995614    0.2624    0.4874   0.063   20
51443.249    0.157883545766    0.252500407782    0.5031    0.8788   0.090   17
51443.249   -0.109430307805   -0.315496799885    0.3190    0.6981   0.017   11
51457.249   -0.721136557464   -0.540799200621    0.8097    0.8696   0.366   14
51457.249    0.069374692789    1.504501202021    0.2720    0.6829   0.007   13
51462.999   -1.041446037360  -16.381699197154    0.3928    1.2990  -0.028  101
51471.250    0.092364134505    1.496300401982    0.7471    1.6212   0.099   18
51471.250   -0.029319077773    2.127301202393    0.3790    0.8278   0.256   11
51477.083    2.620684529471    8.828999995103    0.4640    0.6188   0.326   13
51484.084    0.006745862430    0.670500007516    0.5860    0.9363  -0.056   27
51485.250    0.221889922987    0.789703202031    0.7843    0.9438   0.078   37
51485.250    0.457681224719    1.696402800633    0.3445    1.0380   0.046   14
51486.272   -0.467175655331    0.377503199900    0.2780    0.5073   0.096   66
51487.291   -0.757753164272    1.152201598131    0.2607    0.3260   0.039   46
51491.126    0.414047875019    0.505501202497    0.3793    0.5533  -0.100   36
51493.292    0.088783066630    0.932000396858    0.3268    0.4871  -0.069   30
51494.333   -0.148247055488    0.255502806112    0.3140    0.4067  -0.099   41
51498.084   -0.597666144439    0.939700797176    0.2479    0.6212   0.530   25
51499.250   -0.269513994446    1.031702403509    0.4137    0.9210   0.104   26
51499.250   -0.034961560048   -0.324496794235    0.2622    0.7283  -0.044   14
51506.251   -0.420512951307   -0.136897200775    0.3407    0.6501   0.173   19
51513.246    0.385415951028    0.625402795151    0.5535    0.6568   0.030   22
51513.250   -0.552380987277    0.321300004202    0.3057    0.5549   0.037   14
51519.083    0.021337681201   -0.867398402704    0.3102    0.5108   0.002   39
51526.000   -4.473701904495   17.957203199614    0.3475    1.0746   0.020   85
51527.250   -0.009084776727    1.686002403289    0.5658    0.7050   0.511   17
51527.250    0.359674654886    0.255801600701    0.2482    0.6591   0.011   11
51533.086   -0.222299576872    0.338803199895    0.0753    0.2109  -0.283  212
51541.250   -0.154715418020   -1.008298801253    0.6517    0.8478  -0.117   25
51542.269   -0.529394831806   -0.874598403300    0.2574    0.5299  -0.115   56
51554.085   -0.464423800905    2.960200801283    0.2621    0.4750   0.077   32
51555.250   -0.478325179649    0.643701604019    0.3070    0.5488   0.121   15
51555.253    2.638166929144   -2.999098799705    1.6097    1.8779  -0.777    3
51556.269    0.251760714311    1.499302800312    0.3484    1.4178  -0.125   16
51569.250   -0.288235261452    0.546300003634    0.5643    0.6039  -0.297    7
51569.250    0.763398932791   -0.080697599003    0.3720    0.7501   0.070   11
51570.999    2.177043363026    4.860000005635    0.8079    2.0464   0.234   43
51575.072   -0.203029929506   -0.043898401714    0.1533    0.3315  -0.219  118
51578.001    0.426984600084    0.039301195898    0.3669    0.4884  -0.224   25
51582.001    1.053973108541   12.822800395895    0.9716    2.3336   0.359   61
51582.085   -1.941252061294    0.760100398622    0.3079    0.4412  -0.104   27
51583.250   -0.429184787905    2.817601205152    0.6159    0.8894  -0.341   15
51583.250   -0.183482829189    0.789202802309    0.3686    0.7123   0.190   10
51584.999    0.346873370052   -2.841699598832    0.3192    0.5121   0.064   35
51589.083    0.472408483721    2.618402403698    0.3442    1.3407   0.672   13
51597.250    0.757204736965    0.220802397166    0.5059    1.0326  -0.408    6
51602.710   16.039728875503  140.545900805478    4.4030    4.5763  -0.128   40
51611.250    0.303101246930   -0.178898393699    0.3527    0.8342   0.102   13
51617.079   -0.153202430927    0.079300802724    0.0803    0.1959  -0.268  107
51620.001  -14.984378173153   52.102800000853    4.4658    7.9501   0.230    4
51625.250   -0.161874267525   -0.189997201971    0.2695    0.2907   0.214   21
51625.250   -0.286996441066    1.101600001618    0.3552    0.8176   0.085   12
51631.083   -0.106675120188    1.643302799437    0.4203    0.7183   0.143   21
51639.250   -0.827814963896   -0.912999595926    0.5585    1.2718  -0.174    9
51653.246   -0.249966847183   -0.097199995253    0.2972    0.3418   0.043   23
51653.250   -0.903383805564    1.910502003000    0.9467    3.1912  -0.817    3
51659.083   -0.829605497834    0.314301595949    1.3292    1.0880   0.365    4
51673.083   -0.651761864675   -0.450698397003    0.4646    0.6727  -0.041   17
51675.267    2.341121104618    3.075001207264    0.9032    1.0517   0.328    7
51680.001   -2.401820627617    0.282902405502    1.1595    2.4271   0.435   63
51681.250    0.367107671098   -1.988197203673    0.3927    0.9473  -0.082   10
51687.087    0.803041607678   -1.476197992645    0.1361    0.3149  -0.282   79
51695.250   -0.376192447825    0.338000398870    0.5028    0.7334  -0.170   10
51709.250   -0.956101978938   -1.709899204627    0.5898    1.1928   0.157    6
51711.208    0.000690440027   12.658302003388    2.4757   13.6169   0.382    5
51715.079   -0.780600546321   -1.352599197446    0.6942    1.0317   0.156   13
51715.708   -8.689865219119   22.721000402726    2.7700    4.3547   0.086   25
51723.246    0.111633781871   -0.101897997240    0.3255    0.4546  -0.125   22
51723.250   -0.946191275006   -1.395997199438    1.3334    1.4567  -0.708    5
51732.286    0.325539022042   -1.149299995973    0.1245    0.3410  -0.033  106
51736.227   -0.242946818046    0.029502007237    0.4222    0.4567   0.193   20
51737.250   -0.397526795835    1.684400395163    0.4766    1.0017  -0.046    7
51750.085    1.341382489735    4.731202795938    1.2331    1.4630   0.172    7
51751.250   -0.592436602293   -1.321797596177    0.4874    0.7215  -0.107   10
51764.001   -2.427287757053  -10.202896793032    4.9992    7.5138   0.343   11
51765.250    0.544260864230    0.106300798564    0.4271    0.8977  -0.228    9
51766.583   -3.573757107139    0.087501602763    2.6249   11.4998   0.510    4
51771.083   -1.094990044045    1.056902405594    1.5878    1.9037   0.257   13
51778.224    0.051343865810    0.257302799866    0.2992    0.4673   0.374   19
51779.250    0.752662348602    0.075103200459    0.3859    0.6495  -0.100    9
51792.001   -1.437734012809   -2.507097595128    1.1896    3.7041   0.102   34
51806.228    0.131868035970   -0.538999194077    0.3490    0.4257   0.009   22
51807.250    0.459471758657   -0.180698400243    0.4756    0.7632  -0.119   10
51808.478   -3.416564001399  -18.573796798194    0.9854    6.5632   0.542    3
51813.226  -10.178804324315   -3.086499593508    2.2838    0.6666   0.830    6
51820.166    1.214469735311    6.015502796686    0.4616    2.0237   0.395   11
51821.250   -0.028215697617    0.445100404534    0.3703    0.6887  -0.208    8
51827.083   13.667088552237  -17.059697999855    4.8390    7.1894   0.161    3
51829.271    0.166694108841    0.631400403961    0.3300    0.3649   0.268    9
51834.162    4.372807993058   -5.353498802663    0.4646    0.5902  -0.172    9
51835.250   -0.094151335252    0.343501201883    0.3268    0.6448  -0.189    9
51841.083   -0.396975129230   -0.230997595452    0.0568    0.1679  -0.293  141
51843.290    5.535659695852  -21.582698393274    0.8720    5.4911   0.441    3
51848.228   -0.171094484484   -0.084398395472    0.3333    0.3915   0.141   23
51849.250   -0.641302827330   -0.790599598588    0.4360    0.7559   0.080    6
51851.288    0.776748597984    0.346701598630    0.3463    1.4535  -0.206   16
51863.250   -0.351138258518    0.043901995639    0.3656    0.7177   0.192    9
51876.228   -0.246527885921   -0.371098799690    0.3851    0.4204   0.206   16
51877.250   -0.076530162157    1.346500805255    0.3795    0.7477   0.154   10
51883.083    0.103100671748    0.105299999120    0.0609    0.1735  -0.430  145
51885.286    1.646135497181   11.552101202028    1.5704    9.4043   0.395    3
51885.998    2.164932565165    3.474302407369    1.5311    4.5312  -0.466   33
51890.228   -0.079420790005    0.793000801025    1.4328    0.6000   0.169   12
51891.250   -0.027389770413    0.093700803916    0.4223    0.5912   0.234    8
51897.084   -0.668279657614   -0.630799195278    0.5203    0.5853   0.052    7
51906.248    1.246131060572    1.146200395397    0.3549    0.6597   0.084    6
51918.085    0.025602569667    0.819900000693    0.4636    0.6372  -0.144    8
51919.251   -0.464562574327   -0.865997999711    0.3240    0.6231   0.184   12
51920.266    0.023950762205    0.314200799778    1.0571    3.9067  -0.883    5
51932.224    1.167394091158    0.139301997137    0.2921    0.2864  -0.276    8
51933.251   -0.090434827146    1.335301200811    0.3033    0.7809  -0.002   14
51934.266    0.459194258759    1.563300004648    0.8452    2.4293  -0.464   13
51939.084    0.610057775388   -0.633697203511    0.1204    0.2245   0.033  140
51946.224    4.998280181230    0.757000798046    4.5027    0.7469   0.848    4
51947.251   -0.298281358668   -0.311299197620    0.4344    0.7145   0.296   14
51948.266    1.252460649683  -11.909700003798    0.4676    1.4667  -0.588    8
51953.080    0.804967581846    0.560700004826    0.3752    0.6479   0.151   15
51955.268   -2.775122447594    0.551001599547    0.4159    0.4562  -0.249   18
51959.709  150.873813983550 -239.217397199809    5.8513   11.5758  -0.335   12
51960.082    0.648735796596    0.018702006344    0.4203    0.6502   0.032   36
51961.251    0.150450529554    1.254700804054    0.3545    0.6727   0.039   13
51962.266    0.880675149990    6.649401605330    0.6207    2.0076  -0.750    7
51974.224    1.078336810875   -0.549698398800    0.2762    0.4213  -0.017   12
51975.247    0.586794120019    1.192402797301    0.3389    0.6841  -0.049   11
51976.266   -1.222728678727    0.387601195939    0.6153    2.0153  -0.520   15
51981.080    0.037442487065    0.214902003393    0.0919    0.2195  -0.096  108
51988.082   -0.108739867778    0.659001595693    0.3170    0.4047   0.092   14
51989.243    0.488790836430    2.298103198939    0.6175    2.0616   0.723    6
51990.266    2.634037480909   -5.519199599746    0.5548    2.4594  -0.655   15
51995.223    0.080111230032    0.087299997631    0.2698    0.6742  -0.161   20
51995.223    5.842751664541    0.933901199573    2.9332    0.8778   0.653   11
51996.249    0.938074438203    2.993500807236    0.2402    0.5921  -0.173   18
51996.274    0.137510518245   -0.857897995843    0.5809    0.4569  -0.146   12
51997.264    0.098693723616    0.183801607534    0.6562    0.5462   0.550   16
51997.268   -0.314937925030    2.444101203025    0.2612    0.5458  -0.211   15
52002.082   -0.589958961520    0.020401203926    0.5778    0.7530   0.035   11
52003.247   -0.069648859496    0.956699999222    0.3202    0.6568   0.064   17
52004.266    0.006884588906   -2.314598394548    0.6017    1.8135  -0.657   18
52009.168   -0.353615946237    0.094201203638    0.0701    0.2022  -0.321  161
52016.228   -0.548390312465    0.277801206039    0.2718    0.4303  -0.266   18
52017.251    0.184724935820    0.368802000139    0.3149    0.7421  -0.094   14
52018.266   -1.595617558575    3.345602399918    0.6707    2.1561  -0.650   18
52018.288    0.836490086739  -18.061199997987    1.5262    7.3377   0.402    3
52032.266    0.142743346635    1.616702407148    0.8266    2.8697  -0.418   16
52037.226    7.433139680971   -0.376898397292    0.8107    0.9855   0.085    9
52039.272    0.155544631469   -1.056297602986    0.0539    0.1404   0.048  127
52044.228    1.901196446278   -1.034596792238    0.4821    0.9102   0.234    8
52046.266    0.447357627605   -1.013097599412    0.5874    3.2365  -0.509   17
52051.226   -0.169581450444    0.269999996760    0.2501    0.6673   0.117   22
52054.079   -2.072290930762   -0.842097604448    0.9117    1.2353  -0.326   10
52065.080    0.285622133502   -0.530499599449    0.4529    0.5311  -0.162    9
52072.228   -0.112869316013    0.832701600473    0.3443    0.5229  -0.015   24
52078.996   -3.946923486885    2.541600005657    0.4384    1.6568  -0.201   56
52081.264   -0.480389880293   -0.164296800165    0.3052    0.6783  -0.133   14
52086.225   -0.689065625265    0.090000007447    0.4898    1.0981  -0.057   10
52088.266    1.840219423381   -2.297498396331    0.8774    2.8623  -0.547   14
52094.267   -0.629188649332    0.533501997779    0.4371    0.5144   0.066   22
52096.083   -0.458229652025   -0.582998404752    0.1001    0.2409  -0.138  132
52100.225   -0.909165014314   -0.103197604062    0.4881    1.0261  -0.168   11
52102.266   -1.067461547156   -2.122498797519    1.8610    2.2724  -0.088   15
52107.226   -1.245853560675   -8.405798399735    3.1242    1.9813   0.773    5
52109.268    0.196148626845   -0.200296803143    3.1620    0.7509   0.691    4
52114.079   -0.905861493284   -2.531397593941    0.4442    0.8857   0.178    9
52116.263    0.469104962690    1.449601207071    0.8469    1.8749  -0.514   17
52123.265   -0.458090878603    0.267299999734    0.5164    0.4328   0.436    6
52128.082    0.654381565115   -0.290998802654    0.3680    0.4416  -0.191   13
52130.266   -1.409653755422   -2.469099599978    0.9382    2.7615  -0.422   11
52135.223   -4.304668881357   -2.169698392152    1.2984    1.6452   0.646    5
52137.268    0.579774090882    1.327903201798    0.5936    0.4345   0.617    6
52142.228    0.046940203922   -0.837698397049    0.3859    0.8009  -0.041   13
52144.266    0.738622243382   -0.890499603656    0.6565    1.9199  -0.537   16
52149.227   -0.136545864565   -0.909997197596    0.2424    0.5570  -0.118   18
52151.268   -1.099671205831    1.153799999543    0.4077    0.4080   0.279   12
52155.998   -1.408966601640   -3.535099202168    0.7262    2.5786  -0.212   77
52158.266   -1.108204269008   -2.906697602612    0.6237    2.3220  -0.475   16
52163.227    2.756130300126   -1.594299604335    0.3454    0.5722  -0.180   23
52165.265    0.697602021632    0.941500803719    0.5851    0.5312   0.084   10
52172.267   -0.936558117919    3.978100805568    0.6251    1.6005  -0.478   12
52177.081    2.283170102854   -1.456297201230    0.3895    0.6254  -0.046   16
52179.268    0.846949171031    1.415502006807    0.4723    0.4815   0.280   11
52184.082    0.221338256383    1.193500798990    0.3257    0.4689   0.188   15
52186.267   -0.184999149473   -0.743097602651    0.5215    1.5696  -0.484   12
52193.290    0.247905432783   -0.019799995243    0.3963    0.4960  -0.136   14
52198.166   -3.783810398973    0.877100401908    0.3262    0.3488   0.085   42
52200.267   -4.265439146599   18.368802005853    0.5313    2.2263  -0.601   10
52201.289   -1.685226505463    1.549000799628    0.3832    0.6531  -0.024   19
52205.227   -1.123209027907   -2.457399595812    0.2949    0.6171   0.069   21
52207.265   -0.917562684206   -0.499197598458    0.4263    0.3983   0.333   12
52212.082   -0.966977242657   -1.086098404812    0.1293    0.2729   0.301   97
52213.459  -11.423419017657    0.946501207011    8.2848    7.1587  -0.394    6
52214.267    0.883839944545    0.591602402267    1.1064    3.5390  -0.775    8
52219.227   -0.331316944548    0.069602397446    0.3494    0.7071   0.021   22
52221.268   -1.931754344438   -0.046497602568    0.4367    0.4608   0.231    9
52226.137    0.858924528660    0.369201603689    0.6047    0.8781   0.127    9
52228.267   -0.141227026351    0.764402403775    0.5334    2.2869  -0.816    4
52240.086    1.391622928443    0.412102799885    1.2691    1.7077   0.480    6
52242.267   -0.021060181303   -1.097099998049    0.5071    2.2002  -0.744    4
52242.712   -7.729908005599  -68.846598003347    1.7081    3.4856  -0.062   30
52247.227    0.253825414956   -0.389296799597    0.1915    0.4311  -0.143   22
52249.265    0.535453540454    1.061701203753    0.8559    0.5962   0.425    7
52253.999   -0.367794777933    6.707501997028    0.7606    2.6266   0.140   90
52257.081   -0.315350865159    0.078102004863    0.5938    0.6454  -0.008   10
52263.269   -0.610054489144    1.688302796765    0.4697    1.0220  -0.018    8
52289.205   -0.392710240765    2.389201195285    0.4828    4.0451  -0.287    3
52291.250   -0.196974507102    0.165700797083    0.1273    0.4758  -0.468   43
52297.204   -0.123057472896   -0.061099196103    0.3004    0.5455   0.397   14
52303.205   -0.530769139369    0.363902405809    0.6770    4.4812  -0.306    6
52304.224   -0.285344633604    2.117699999360    0.2797    1.0133   0.046    9
52309.999  -15.515286038999   -0.141300002099    1.8771    1.5631  -0.568   10
52310.203   -0.277221224312    1.399301999072    0.6458   10.1727  -0.278    3
52312.245   -0.241846724135   -1.802098796588    0.7390    1.9819   0.517   20
52317.081    0.086305378911   -0.955198800057    0.6659    0.6063  -0.359   29
52318.228    0.436482316940    0.289400401243    0.4418    0.4627  -0.374   23
52325.204   -0.499662860850   -0.182199599408    0.3245    0.7571   0.113   16
52326.712  -12.024530789740   28.243101604630    4.2777    4.0087  -0.008   44
52331.201   -0.029454518004    3.509902806798    0.5713    1.0347  -0.399   22
52338.203   -0.439921325148    1.477000806460    0.4738    2.8652  -0.062    7
52339.222    0.765050693306   -2.665497595444    0.6919    1.8437  -0.590   11
52340.245   -0.041842862709    1.953000001720    0.0585    0.2111  -0.166   99
52345.205    0.702005636574   -0.160099197899    0.2434    0.5200  -0.158   22
52346.228   -0.487961669927    1.303401597852    0.2600    0.5175  -0.241   51
52347.250   -2.299687895793    1.940900406794    1.2084    3.1192  -0.882    3
52352.203   -0.650935984417   -1.554098392376    0.6546    1.2491   0.112   11
52354.249  181.554628683082   84.918200407458   18.3673   16.6747   0.212    3
52359.201   -0.665666529664   -2.189199592806    0.4816    2.1020   0.063   13
52360.250    0.623133226929   -0.318398402044    1.7513    2.2959  -0.103   54
52367.208   -0.700353876058    2.175901200019    0.9879    2.5058  -0.135   10
52368.241    0.345499109434    0.626500796841    0.5052    1.2380  -0.412   19
52373.205    0.079011136121    0.450500398586    0.5004    1.0613   0.214   24
52374.228    1.211443714178    0.064202403394    0.4526    0.7159  -0.507   44
52380.203    0.025880069565    0.444200401262    0.2994    0.7296  -0.131   20
52382.252   24.200612155999  -71.185798798012    1.6951    4.4015  -0.737    8
52387.205   -0.111630448680   -2.071497597456    0.4361    0.7201  -0.202   15
52394.207   -0.427945967519    5.893603199070    0.4258    2.5283  -0.102   12
52401.205    1.389971167928    2.411002802205    0.4642    3.1801   0.134    6
52402.228    0.594504636129    0.623102401676    0.2039    0.2683   0.137   32
52403.251   -0.316176745417    0.942800397752    0.0675    0.2142   0.153   93
52408.203   -0.056434634533    0.601603196060    0.3337    0.9029   0.130   18
52410.242    0.084931118293    0.537800396216    0.6016    2.6896  -0.506   13
52415.216   -0.085892438782    0.101102396854    0.2165    0.6244  -0.031   19
52421.710  -44.244525080123   18.935902804174    2.8342    2.8171  -0.274   17
52423.204    0.596156396644    1.535601597880    0.4070    1.1780  -0.114   12
52424.249  173.287615329568  291.643502397676   28.1974   91.4435   0.612    5
52429.205   -0.260567991141    0.335700005394    0.2429    0.7102   0.113   10
52436.203   -0.708748212759    0.028602003965    0.2857    0.8073  -0.009   18
52437.584   35.837388080413  -28.913799597774    8.7220   15.0869  -0.612    6
52438.245   -0.102684445375   -8.982698399507    1.1797    7.6399   0.000    4
52443.216   -0.338614473582   -0.792698399721    0.2961    0.5562   0.187   15
52444.228    3.223857669007  -19.783699197262    0.8972    2.2691   0.052   48
52445.251    7.692607578201   -5.851800004564    0.6891    0.9295   0.285   19
52450.207   -1.160235288599    2.021702395893    0.6848    1.1315  -0.346   11
52451.226    1.082740472763    0.090601203340    0.6023    0.5758   0.122   18
52457.205   -0.079559563427    1.377802806246    0.2210    0.6345   0.099   20
52464.204   -0.702554016934   -1.336096801197    0.9497    1.7358  -0.352    8
52465.226   -3.685116675357    6.001902002595    3.5443    6.6269  -0.966    3
52466.245    1.424245574193   -0.285796794230    0.6039    1.9862  -0.673   16
52471.213    0.401520803839    0.633902402569    0.3625    0.9275   0.161   18
52471.688   96.148209212439   -8.502897598817    3.1050    4.7529  -0.079   32
52473.251   -0.205094677096    0.075902407559    0.4172    0.6290   0.160   13
52478.204    1.313441005771   -0.384699593781    0.3828    1.0607  -0.007   11
52480.253   -6.602982516532    2.960902806137    0.1765    0.2173  -0.069   91
52485.209   -0.053544053631    1.068901204349    0.5568    1.1688  -0.115   10
52492.204    1.431265603330    1.629802801517    0.4462    1.4059   0.034   14
52492.708   -6.162231977935  -47.524697994561    2.4652    3.3404   0.111   41
52493.226    1.413786489902   -0.749098792596    0.8516    1.1012  -0.069   47
52499.213    1.550193627991   -3.070198802391    0.8778    1.2214  -0.100    5
52501.251   -0.057260561737    0.090899997929    0.5128    0.7660   0.080   19
52506.204   -0.229732593084    1.011301199583    0.2465    0.7788   0.058   21
52513.205   -0.158570699548   -0.580697998487    0.3479    0.5716   0.052   13
52519.999    0.470343783077    2.791101596245    1.1956    3.4068  -0.206   21
52521.204    0.098832497038   -0.297198003807    0.2445    0.6830   0.030    8
52527.216   -0.132142249624    1.175400001330    0.3912    0.8490  -0.275   25
52529.251    2.936312847582    9.515203204558    0.5487    0.7416   0.140   10
52534.204    0.539718428920   -2.043997201895    0.4154    0.9319  -0.279   11
52535.226    0.199865134951    0.276602395388    0.4003    0.2812   0.361   24
52541.206    0.786246314841    1.305702004117    0.3368    0.7591  -0.030   14
52543.244    0.250934787107    0.767401195390    0.2587    0.3417  -0.069   81
52548.204    0.356509860330    0.086803204624    0.1984    0.5628   0.086   25
52555.206    0.188302670504    0.164602795394    0.2130    0.5100   0.253   35
52556.228   -0.038403854501    0.127800004179    0.2853    0.2826   0.148   32
52557.251   -1.464436629440    2.274202803676    0.4768    0.4455   0.440   10
52562.207   -1.658933495769    1.061999998342    0.5083    0.7759  -0.436    9
52563.226    0.990518397924   -0.326098802361    0.4439    0.3920  -0.235   28
52564.242    0.384728797246    1.403200806749    0.2288    0.4499   0.058   22
52565.243    0.838967774459    0.760302003755    0.2678    0.3766   0.123   14
52566.236   -0.168068416405    0.410302806131    0.2196    0.4620   0.043   27
52567.241    0.002616414195    0.560901597169    0.2095    0.3758   0.085   16
52568.241    0.118102144403   -0.076597198984    0.2026    0.2525   0.155   16
52569.238    0.030970838288    0.459802807029    0.2348    0.4614  -0.008   18
52570.243    0.282454052702    0.691801201924    0.2580    0.5398  -0.039   22
52570.707  -15.609850361326  -52.379197197183    3.3390    6.3687  -0.320   18
52571.244    0.273369229028    0.203302795398    0.2395    0.5249   0.214   24
52572.237    0.274472656130    0.349801199206    0.2381    0.5739   0.005   17
52573.242   -0.534485647475    1.471600799618    0.3673    0.6422  -0.176   21
52574.242   -0.321683787460    1.116802803836    0.2708    0.5024   0.184   16
52575.236    0.346186216270    1.960200002316    0.2762    0.7261  -0.047    9
52576.244   -0.502140501623    0.474299997677    0.2343    0.4173   0.182   17
52577.245   -0.371924226168    0.279201596243    0.2922    0.5142   0.131   20
52578.242    0.333110764730    0.831801597201    0.2231    0.2937   0.003   22
52583.206   19.188982309575    9.882802800121    4.6957    4.7180   0.820    4
52584.228    0.356784027037   -0.145699196707    0.1871    0.3209  -0.026   52
52585.247    0.492781511243   -0.194799594055    0.3535    1.1635  -0.567   20
52590.204    0.031248338186    0.411602400163    0.2127    0.5865   0.219   20
52591.223    1.243927586506    0.184701598016    0.2806    0.3715   0.043   38
52592.249    0.524717003211   -0.515098798815    0.2914    0.3272   0.299   14
52596.997   -1.228096947349   -0.409499992315    0.2542    0.3279  -0.234   39
52597.206    0.046249763895    2.801001606656    0.3239    0.7829  -0.174   18
52598.225    0.189128597708    0.384800402742    0.4167    0.4760   0.120   40
52599.244    1.252047709554   -0.849196796082    0.2045    0.2106  -0.405   58
52604.204    0.150311803078    0.911800798065    0.1762    0.5581   0.168   29
52611.228   -0.320167420229    0.449099995592    0.2807    0.7175  -0.042   22
52612.228   -0.800699360189    0.651600002755    0.9246    3.1120  -0.230   43
52613.244    0.779226238757    2.170602002138    0.2870    0.8839  -0.688   15
52618.204    0.196013186614    0.100303202544    0.2435    0.5935  -0.110   18
52620.246    1.567537301188    2.419199995529    0.0941    0.2829  -0.372  158
52625.202    0.321270800385   -0.140698793416    0.3535    0.8093  -0.100   13
52626.225    1.946346163209   -0.117000003286    1.3686    2.9425  -0.604   41
52627.291  -13.087998281946   31.352000407026    1.3027    3.0803  -0.937    4
52639.202   -0.300484832735   -0.413499596164    0.2912    0.3920   0.203   22
52646.204   -0.024086249383   -0.059497200766    0.1741    0.2606   0.072   25
52648.249   -0.263458572043    3.294403201437    0.8651    2.3071  -0.788    5
52653.202    0.081075883712    0.958500005765    0.4913    0.7587  -0.713   20
52660.124    1.069113307671    1.077602404109    0.5467    0.6309   0.077   33
52661.205   -0.002890627848    0.977201999319    0.2167    0.3927  -0.193   14
52662.227    1.414747857337   -1.007100003392    0.3368    0.4639   0.013   39
52666.585   26.970921334766   18.300103205604    2.0678    2.6175   0.216   21
52667.206   -0.091121980928   -0.380998797311    0.1798    0.3913   0.025   30
52668.221    0.515632226483   -0.587199600943    0.2132    0.3296   0.087   31
52669.244    0.460297685861    0.978001206420    0.4069    0.6342  -0.104   27
52674.208    0.044875503278    0.120301196205    0.1925    0.2349  -0.184   21
52675.227   -0.278185831045    0.001101595615    0.2528    0.3225  -0.182   47
52681.206    1.305043335879   -0.244396797200    0.4133    0.6914   0.103    8
52683.584    4.448238108250   10.980900003688    1.3146    1.8926   0.023   22
52689.205    0.207849817767   -0.401799604788    0.1287    0.2965   0.005   40
52695.206    0.312186023658   -0.259696801663    0.1881    0.4502   0.102   27
52697.251   -8.303487947602   21.697502405971    0.9064    2.5529  -0.796    5
52702.204    0.027806043733   -0.119498395179    0.1488    0.3271  -0.023   33
52709.206   -0.123470413025   -0.441097193971    0.1753    0.3642  -0.117   27
52711.248   -1.148811597574    0.515102405529    0.0987    0.2428  -0.029  119
52716.204    0.044185063251    0.033400802124    0.1797    0.2711  -0.068   20
52717.223    0.310534263142    1.659502807172    0.4297    2.0543   0.272   15
52723.202    0.028770650467    0.833302796366    0.2289    0.4335   0.089   15
52724.229    1.151428011770    1.066600798083    3.0339    3.4600  -0.790   31
52726.270   -0.134481163921    1.081202404407    0.4296    0.7873  -0.323   45
52730.204    0.295668277664   -0.503398794649    0.1821    0.3971   0.066   28
52733.272   -0.011697904678    1.980802798585    0.4560    0.7464  -0.020   13
52737.202   -0.251070274285   -0.566099998878    0.2231    0.4373   0.120   21
52738.221    7.890956345921   -3.723699595071    0.6924    0.9586  -0.161   11
52739.303  -10.195599617153   -8.961098397720    0.4923    0.5016   0.500    9
52739.584   -1.079572345016  -19.161899996334    1.5199    2.3334  -0.082   22
52740.270    0.115763183160   -0.775997992264    0.3130    0.5517  -0.073   25
52744.204   -0.091534921057    0.495802797218    0.1918    0.2562  -0.204   22
52746.272    0.350589878158   -0.495997201710    0.2343    0.3680   0.086   44
52751.202    0.119618464688   -0.085996796884    0.2468    0.5541  -0.194   15
52753.244    0.003716508106    0.349700403035    0.1973    0.4615  -0.131   28
52754.270    0.187202623539    0.255801600701    0.2225    0.3347   0.000   31
52758.204   -0.253547915058   -0.757497603843    0.2229    0.4600   0.027   22
52759.271    0.885630478483   -0.099997194525    0.4038    0.7368  -0.044   23
52765.202    0.156231785251    0.381600005994    0.3049    0.5118   0.116   40
52766.225    0.152515277145   -3.891099602527    0.4508    1.3527  -0.337   52
52767.244   -0.055882967929   -0.521100001549    0.0937    0.1777  -0.079  102
52768.271    0.494159105051    0.450201603996    0.2542    0.3586   0.181   33
52772.204   -0.234139541216    0.422902800779    0.1551    0.2551   0.025   20
52775.269   -0.187612230477    0.070401604546    0.2685    0.4412  -0.105   25
52779.206    0.208536971549   -0.393699600920    0.2819    0.3869   0.136   20
52780.225   -0.920040324979   -0.093099595233    0.5409    0.3926  -0.019   37
52780.587    7.167477634861    9.871401603334    1.7619    2.3126   0.113   76
52781.248   -0.020921407881    0.294800395295    0.3297    0.2767  -0.318   19
52782.267    0.138200958272    0.181799995858    0.2585    0.4467  -0.001   32
52787.205    0.287822321323   -0.825699598295    0.2064    0.4500   0.091   20
52788.250   -0.862089370162    2.276002797430    1.5494    2.4563   0.067    9
52789.269   -0.110943341845   -0.750297603247    0.1714    0.4450   0.072   26
52793.206    0.038542580976    0.106401607525    0.1658    0.2486  -0.070   26
52796.271   -0.335723892680    0.100400404790    0.2685    0.5168  -0.025   30
52800.204   -0.135581257832   -0.640299602139    0.2082    0.6190   0.080   25
52803.269   -0.438547064531    0.854002807671    1.3949    1.4947  -0.332   14
52807.206   -0.011975404576   -0.835297194612    0.2766    0.3052   0.187   15
52807.586  -54.493942917614   -6.660197999508    3.8443    4.3533   0.331   23
52808.225    1.965480370344  -30.756297604739    0.6615    2.1271   0.070    7
52809.248    0.374679413785   -0.372999602405    0.1554    0.2814   0.065   57
52814.204    0.363668662889    0.330703196028    0.1976    0.3304  -0.114   41
52817.269    0.084518178165   -1.189396792256    0.3973    0.8375  -0.109   25
52821.206   -0.147421175230    0.460303206751    0.1847    0.3408  -0.160   31
52823.270   -0.286996441066    0.252302396575    0.3341    0.4938  -0.088   13
52828.204    0.516871046870   -0.348497998459    0.3628    0.5100  -0.047   19
52830.246    0.642954587845    0.604400395332    0.1490    0.4097  -0.066   29
52831.269    0.598356584466    0.217702796590    0.4898    0.7734  -0.078   14
52835.203   -0.222712517000    1.446400797533    0.1544    0.4567   0.131   42
52836.222    0.595878896746    0.039402004859    0.4320    0.7634  -0.157   15
52836.583  -29.138463741638   39.942899995538    1.9953    2.6742  -0.267   70
52837.244    0.818043033387    0.397303195143    0.2139    0.2848  -0.117   32
52838.267    0.942065159963    0.593002805260    0.3015    0.5247  -0.019   12
52842.204    0.426710386431   -0.308296799290    0.2842    0.3669  -0.072   24
52844.239    2.746632583269   -6.657199195104    1.6200    1.6050  -0.085    9
52845.269   -0.166965036249    0.636501603424    0.2985    0.6384   0.148   24
52849.206    0.483835507937    0.056800797665    0.2267    0.4081  -0.148   27
52852.271    1.208414359854    0.221500795305    0.4808    0.5214   0.034   27
52856.208    0.097867843358    0.504500403053    0.3157    0.3970  -0.298   22
52859.269    0.208401531318   -0.622497599068    0.3170    0.5886  -0.030   38
52863.206    0.022024788037    2.110903196240    0.4159    1.1239  -0.240    8
52866.271   -1.006481191068   -0.398700004212    0.5293    1.2895  -0.177   13
52870.204    0.434004676167   -0.086497196605    0.2870    0.5483   0.005   26
52872.250   -6.799957023635   -0.263397598133    2.3752    1.2345   0.055    7
52873.269   -0.100619697784    0.893800796575    0.4826    0.8561  -0.250   12
52877.203    0.030422457929   -0.036899993461    0.3767    0.3868  -0.148   34
52879.244    0.730224620436   -2.195398793958    0.4765    1.8081  -0.822   10
52880.271    0.076946435477   -0.226998004393    0.2724    0.4324   0.059   31
52885.205    0.221615756281   -0.166298399051    0.1560    0.2913   0.087   36
52886.250   -6.241104387580    2.775599999438    1.4360    0.9516   0.070    5
52887.269   -0.011562464447    0.536400006013    0.3037    0.8246   0.352   19
52891.203    0.206885211034    0.307602007865    0.2861    0.4886   0.085   21
52892.583  -71.869960133991 -154.713398393369    6.9573   12.9989  -0.302   16
52893.244   -0.206746437612   -0.406396797814    0.4695    0.4052  -0.165   26
52894.271    0.487000302492    0.692701205196    0.2921    0.3631   0.250   22
52898.205    0.655068718897    0.166302005766    0.2809    0.2702  -0.273   16
52899.224    1.219702610648   -8.763897601227    8.0547    7.6101   0.309    4
52900.250    0.516593546972   -0.208699195525    0.0564    0.1687  -0.206  156
52901.273    0.411292734348    0.311201995373    0.3749    0.5469  -0.149   11
52905.206    0.193396772418   -0.014597999609    0.6518    0.6502  -0.383    5
52908.267    0.016517792940    0.202100403612    0.2357    0.4306  -0.035   22
52912.205    0.408540832976    0.032702403985    0.1807    0.3407   0.001   29
52914.250   -2.461562163318   -4.403797198904    2.5481    1.5642  -0.021    4
52914.586   17.065208786528   33.965600405850    1.4011    2.2047   0.062   34
52915.269    0.497323899606    0.262000801854    0.3460    0.5582  -0.159    7
52919.203   -0.392019753792    0.685702796943    0.2184    0.3550   0.004   22
52921.241    0.329529696855    0.005601599185    0.3273    0.2502  -0.005   31
52922.271    0.178117799866    0.130802402509    0.2621    0.4320   0.123   40
52926.205    0.262910191683   -0.039398398144    0.1755    0.2511  -0.049   26
52927.238    0.625062534288   -2.047096802471    0.4285    1.8651   0.004   21
52929.269   -0.107088060316   -0.343699200300    0.3304    0.6050  -0.147   11
52933.203   -0.262906905438    0.313002001917    0.1550    0.1932  -0.011   29
52934.240    0.234278267692    0.714600001572    0.7472    0.4038   0.299   18
52935.245   -0.358297061077   -0.873997194617    0.3864    0.3244   0.138   24
52936.271   -0.506405390089    0.363200400955    0.3191    0.5617  -0.009   22
52940.205    0.418864477036    0.391802404920    0.2135    0.5461  -0.178   27
52943.269   -0.855895174336    1.154502004397    0.4819    0.6786   0.035    8
52947.203   -0.713429327599   -0.265197604676    0.2296    0.4078  -0.114   25
52949.245    1.292793764596   -0.202899597923    0.6472    1.0225  -0.283   23
52950.271    0.385690164681   -0.104497198095    0.2345    0.3395   0.155   36
52954.227    0.021886061561    0.857203204419    0.1633    0.5195  -0.163   43
52955.224    0.539444262213   -0.588898798526    0.3687    0.5872  -0.020   14
52955.582    7.039877773601   48.451600798671    1.1807    1.9016   0.007   68
52956.246   -0.781565200001   -1.760198399836    0.3641    0.3952   0.740   13
52957.269   -0.159119079908   -2.041797604591    0.3999    0.8832  -0.055   14
52961.203   -0.069923073149    0.141400798270    0.2062    0.3536   0.136   16
52962.229   -0.007845956341   -0.238996803148    0.4344    0.4745  -0.283   20
52963.245   -0.729395406987   -0.993196795207    0.7325    1.1661   0.601    7
52964.271    0.281079745138    0.225802800458    0.2615    0.3520   0.226   16
52968.205    0.134897390295    0.874900804604    0.1866    0.3288   0.117   40
52969.268   -0.400969090288   -0.419698797316    0.4337    0.6481   0.252    9
52975.203   -0.422442211720   -0.363999595265    0.2061    0.3483  -0.156   27
52976.229   -1.022724770354   -0.421999203581    0.6742    0.4044   0.370   11
52977.245   -0.331868611152    0.375202806424    0.3992    0.4768   0.017   14
52978.271    0.438411624300    0.200401206030    0.3506    0.5292  -0.159   14
52983.227   -0.110943341845   -0.120600003584    0.1502    0.2201  -0.082   30
52984.250    0.430288168061   -0.909496797874    0.3612    0.3657   0.491   15
52985.266   -0.145630641293   -0.545299204191    0.3071    0.5478   0.039   13
52989.229   -0.076394721926   -0.255196798093    0.2142    0.5468  -0.143   20
52990.229    1.635673126645    1.849201201765    2.1380    3.7955   0.579   12
52991.252    0.223267516796   -0.095896794505    0.0590    0.1271  -0.010  171
52992.267   -0.124844673642   -0.056397600190    0.2232    0.4406   0.055   26
52996.205    0.235242921372   -0.358696803460    0.2127    0.2331  -0.029   17
53003.203   -0.228358332466    0.235702798079    0.1503    0.1904  -0.132   27
53010.205    0.297871704784    0.469400403347    0.2318    0.2849   0.030   20
53012.250    0.724443411686    1.148702406795    0.2854    0.3831   0.666   17
53017.203   -0.223125457129    0.089200800346    0.2101    0.2779   0.151   21
53018.226   -0.877229569293    0.742701605816    3.3774    0.9317   0.574    5
53020.267    0.025328356014    0.053402402500    0.2614    0.4974  -0.137   30
53025.206   -0.217070081672    1.497301201425    0.3203    0.7194  -0.053   10
53027.269    0.061806236346    0.426502801076    0.4596    0.6010  -0.092   10
53031.203   -0.345769989896    0.144403196600    0.5762    0.4787   0.232    8
53034.267    0.412809054633    0.724701604327    0.2219    0.4300   0.315   18
53038.205   -0.544947971065   -0.148500002695    0.4453    1.0944  -0.136    9
53040.250    2.906993816755    1.103900407884    0.4782    0.5380   0.592   10
53041.269    0.103236111979    0.922402800541    0.3177    0.4978   0.180   10
53046.226   -0.065793624914    0.351601205750    0.4452    0.9190   0.387   20
53047.245   -1.171936479522    0.609901198345    0.8526    0.5930  -0.229   18
53048.271    0.521135935336   -0.588999594697    0.4222    0.5359  -0.043   25
53054.250    0.706686798360   -0.857599201254    0.8788    0.6498  -0.437   16
53055.269    0.074742961410   -1.210899604587    0.3399    0.8617  -0.307   10
53062.271    0.682874762630   -0.307198797600    0.3793    0.5004  -0.226   14
53066.205    0.193670986072   -0.363499195544    0.1733    0.2516  -0.006   36
53066.585   -8.680641715916   -6.032699997149    1.9530    2.5425   0.133   24
53068.250   -0.597666144439    0.278503198103    0.1246    0.3015   0.121  125
53069.269    0.244601864806   -0.114199197299    0.4997    0.6204  -0.162   12
53073.203   -0.092360801314    0.196603207314    0.2591    0.2815   0.079   34
53076.271    0.420103297423    0.175402796287    0.2919    0.3701   0.552   14
53080.205    0.270065707997    0.201600003891    0.3170    0.3965   0.015   28
53082.254    1.050943754216    1.354701605294    0.3308    0.3495   0.866   12
53083.269    1.375518122579   -1.823997592965    0.6789    1.1357  -0.080    9
53090.271    0.345499109434   -0.369496804353    0.4285    0.8932  -0.339   21
53094.209    0.489752156918   -0.032299193720    0.3937    0.4974  -0.155   18
53097.269    0.730085847014   -1.662598801033    0.3789    0.7720  -0.206   20
53101.583    2.271333471700    8.916202803277    1.9546    2.7205   0.432   22
53102.230    1.664166324160   -3.707899203675    2.5231    2.8761   0.275   21
53103.271    0.619281278592   -0.210297596936    0.2322    0.2816   0.450   37
53109.246    0.035377786421    0.370702802854    0.2205    0.3574  -0.009   77
53110.250   -1.341517929966    6.190401599326    0.6153    0.8620  -0.071   14
53111.269    0.701731422921   -0.295898396985    0.3855    0.5935  -0.307   10
53118.268   -0.210050005589   -0.250999195828    0.3996    0.7732  -0.488   26
53122.205    0.302414093148   -0.445798802673    0.3827    0.5729   0.086   17
53125.270   -0.639925233521   -0.561599995308    0.3929    0.5765  -0.226    9
53129.207    0.110669128191    0.113601595331    0.1278    0.2283  -0.004   47
53132.271    0.318657719381   -0.129898792522    0.3268    0.4243   0.378   19
53136.227   -0.078872409645   -0.078998401420    0.1134    0.1511  -0.097   55
53137.224    0.000000000000   -0.514800004225    0.3149    0.4344  -0.101   52
53138.247  -10.984184846291   56.936602798885    0.5568    2.3164  -0.872    3
53139.270    0.632630943785    0.155102401322    0.3594    0.7143  -0.199   15
53143.207    0.226984024902    0.138502802827    0.1393    0.1960  -0.139   47
53145.271    0.597943644337    0.242902798675    0.3531    0.4141   0.415   30
53145.581  -17.352889048184 -105.843196799071    3.5737    7.2383  -0.556   24
53150.205   -0.497320613361    1.754902795881    0.3666    0.7886  -0.097   15
53153.270   -0.114385636297   -0.106898400531    0.4197    0.7109  -0.147   11
53158.208    0.246805338873    1.566601197567    0.3955    1.1363  -0.229   19
53160.275   -0.265797533287   -0.264196792443    0.2839    0.3724   0.092   28
53171.203    0.282454052702    0.423000003025    0.2975    0.5362  -0.127   25
53172.237   -0.445841307321    0.369900001829    0.7049    0.9532  -0.216   14
53174.271    0.107643060112   -0.333899998850    0.4014    0.5116  -0.086   28
53178.205   -0.269101054318   -2.068797600430    0.7815    1.5464  -0.182    7
53180.247    9.440875807205    8.528400002206    0.5216    0.5703   0.027    6
53181.270    0.382664096602    1.801000807689    0.3948    1.1131  -0.094   11
53185.207   -0.893198934926    9.198601202343    0.8230    7.1414  -0.723    7
53188.271   -0.105849239930   -0.430797592799    0.7221    0.6124  -0.041   25
53193.206   -0.388303292632   -0.549298795249    0.3874    0.7901  -0.029   35
53195.270    0.441850585562    0.649601997793    0.4208    0.8054  -0.134    8
53199.225   -0.143427167226    0.065300405083    0.2243    0.3830  -0.091   18
53200.230    0.616390697690   -6.340996796439    0.9298    2.8180  -0.342   23
53201.256   -0.135168317703   -0.001396796279    0.1116    0.2689  -0.142  149
53202.272   -0.075291341770   -0.802097997621    0.3375    0.7515  -0.133   35
53206.205   -0.001925974169    0.068500801831    0.2292    0.4931  -0.062   29
53209.273   -2.006771519501   -4.023799201036    0.6106    1.3309   0.055    6
53213.207    0.249144253170   -1.779897598908    0.4118    0.7968   0.218   16
53216.268   -0.301171986517   -1.594897193513    0.6374    0.7801  -0.310   26
53220.202    0.448322281285    0.191800802440    0.2277    0.5161   0.195   33
53223.270    1.253564029838   -0.044099994057    0.4345    0.7851  -0.038   11
53227.225    0.180456761109   -0.083998804712    0.3029    0.3294   0.026   17
53230.272    1.442002187519   -1.054598392614    5.0192    4.3059  -0.688    7
53234.205    0.359813381361    0.821102405268    0.2148    0.4698   0.232   23
53237.270   -0.834147886197   -0.288597600218    0.4637    0.7290  -0.080    6
53244.268   -0.482593354359    0.272602804330    0.5680    0.7239  -0.378   29
53251.270   -0.938345365612    0.111700805405    0.4228    0.9809   0.037    9
53256.204    2.779806895624   -2.207897992434    0.7682    6.8164  -0.227    7
53258.272    0.472821423850   -0.912398400033    0.3977    0.8888  -0.070    8
53262.224   -0.852591653305   -1.317196796435    0.4911    0.5245   0.464   15
53263.228    0.489477990212   -3.272198397042    1.0137    1.5428   0.102    3
53264.247    0.009362276625   -0.717199202427    0.4200    0.2745  -0.025   22
53265.270    0.323887214580    0.205801200082    0.4126    0.5488  -0.187    8
53269.204    2.273398172344    1.294401603502    0.3005    0.3648   0.502    7
53272.268   -0.119889345150   -0.190800002997    0.3956    0.8931  -0.335    9
53276.205   -0.494707532357   -0.211996794519    0.3365    0.4017   0.151   12
53278.247   -0.282454052702    0.411400807820    0.3732    0.3315  -0.005   12
53279.270   -0.467314428753   -0.323596803753    0.4753    0.7307  -0.063    6
53283.207    0.139162278760    0.548600397110    0.1936    0.3165   0.092   21
53285.253    0.615013103881   -1.381197594696    0.0942    0.3009  -0.230  106
53286.272   -0.457542498243   -0.066196801640    0.4048    0.5962  -0.091   48
53290.205   -0.041842862709   -0.137098793118    0.1812    0.2837  -0.148   22
53292.247    3.048769223466   -5.742698400013    0.4148    0.7515  -0.332    5
53293.270    1.214056795182   -0.591497999380    0.4072    0.7023  -0.341   10
53297.204    0.339304913609    0.536101198634    0.1789    0.2844  -0.039   39
53300.268    0.273646728926   -0.011397602862    0.2723    0.6974  -0.036   10
53304.224    0.223267516796    0.656100006324    0.4538    0.8984  -0.244   17
53305.228   -1.354180441378   -1.037897997946    0.7171    0.7165  -0.448   15
53314.268    0.197113280525    0.405302402839    0.3722    0.6908  -0.158   23
53319.225    3.484290219917    1.073300398957    3.3376    2.5189  -0.728    8
53321.270    0.291125842354   -0.912196794900    1.0361    1.8846  -0.234    6
53325.226    0.935596797430   -0.627998402081    2.9391    1.8373  -0.880    6
53327.249   -2.925298810441   21.052101604369    0.5650    1.3112  -0.093    7
53328.268    0.494707485411   -0.085197602573    0.6459    0.8735  -0.101   15
53332.206    0.578948163678    0.303001195334    0.2778    0.3063   0.402   15
53333.272   -0.157880259522   -0.795999592640    8.4988    7.6953  -0.954    3
53340.226    2.961089536991   -2.441498395456    0.6773    0.8714   0.087   21
53341.249    0.093877168545    0.224503206425    0.0954    0.2509   0.034   74
53341.249    2.014620762087   -0.082098001997    1.9811    0.4794   0.215    8
53342.272    0.889895366949    1.016099997742    0.3811    0.4273   0.125   18
53347.225   -0.095525642816   -0.357299994391    0.5555    0.5336   0.196   22
53348.251   -0.100068031180   -0.261597604378    0.3832    0.5284   0.075   25
53349.270   -5.799527968725    3.994502405646    9.0558    8.9193  -0.954    4
53354.223    1.088521681513   -3.336796797271    1.9947    6.0193  -0.700   15
53356.272   -0.519206674922    0.259401600999    0.3587    0.5423   0.162   33
53360.206   -0.376192447825    2.002100399068    0.4460    0.9897  -0.128   13
53362.269    0.086582878809   -0.041497199277    0.3321    0.5805  -0.243   11
53367.226   -0.277359950787    0.187700402421    0.4167    0.6295  -0.366   16
53369.271   -0.307643635294   -0.397800000940    0.2468    0.4566   0.019   35
53377.266    0.351002818287    0.545900400084    0.4587    0.5746  -0.080   15
53381.207   -0.302549580325   -0.124797593060    0.2368    0.2967  -0.144   30
53383.249   -2.834173543268  -12.356398796953    0.4200    0.5381  -0.116    9
53384.268    0.473373137401    0.759599998901    0.4118    0.4907   0.199   23
53391.270    0.410053867015    0.270403207026    0.7701    0.5587  -0.100    7
53395.204   -0.036613320563   -0.141397204345    0.2386    0.3860  -0.259   16
53397.249   -0.159257853330   -0.020498393383    0.4240    0.4104  -0.225   14
53398.272   -0.586929560250   -0.014597999609    0.3389    1.0469   0.289    8
53404.247   -0.144804761035    0.340603206439    0.3397    0.5685   0.026   24
53405.270    0.208949911678   -0.594399601539    0.4415    1.0997  -0.242    7
53409.204   -0.068135825456    0.232902004882    0.2125    0.3537  -0.160   22
53411.253    0.223267516796    0.361501203372    0.1319    0.3105  -0.086  107
53412.268   -0.026015509796   -0.446299202395    0.2765    0.4965   0.029   22
53416.206   -0.466349775073    0.406900804251    0.2991    0.4128   0.001   19
53417.225   -0.986798603573    0.853700406367    2.3880    1.8264   0.700    4
53419.270   -0.202755762799   -0.336196798401    0.3229    0.7951   0.084    9
53423.208    0.091399480826    0.082101595922    0.5058    0.8558   0.095   15
53426.268    0.311085929747    0.651700798926    0.3807    0.7963   0.173   10
53430.206   -0.849562298981   -0.377100002424    0.3333    0.3298  -0.074   11
53433.270    0.049004951512   -0.200797202865    0.3993    0.7563   0.262    8
53437.204   -0.224364324462    0.305802001321    0.4217    0.4031  -0.092   11
53440.268    0.117827930750    0.878500804902    0.4519    0.6162   0.175   10
53446.248    0.129390395197   -1.203598795030    0.2265    0.4041   0.018   11
53447.270   -0.110530401716   -0.888498004770    0.2906    0.6746  -0.140   11
53452.223    6.249640737002    3.947101205881    9.0603   14.6897   0.044    3
53458.206    0.562707917582   -0.278899194939    0.3399    0.4234  -0.052   27
53460.248    3.169626508540    9.460602004197    0.3977    2.8037  -0.660    7
53461.270   -0.522236029247   -1.035597604471    0.5349    0.6634  -0.138    8
53466.227   -0.230835973239   -0.125499597914    0.3093    0.3596  -0.202   49
53467.246    8.011261964391  -40.865698792913    0.6168    1.9757  -0.844    4
53468.268    0.815152452485   -0.347698804148    0.4289    0.7358  -0.279   25
53472.206   -0.582664671784    1.606201200843    1.0826    0.8520  -0.099   12
53475.270    0.340543780942    1.473602398505    1.2639    1.0770  -0.074    5
53479.204   -0.485483982208    0.421199996481    0.3837    0.4733  -0.147   32
53482.269    0.313424890990    0.393101998952    0.3713    0.6717  -0.065   11
53488.251   -0.068822979238   -0.266399996462    0.1946    0.3154  -0.082   83
53489.267   -1.350189766565   -0.344599203572    1.6504    1.0823   0.573    3
53493.204   -0.209224125331   -0.068598004077    0.1566    0.2312  -0.146   42
53496.269   -0.408537546731   -0.599698799419    0.4916    0.4900   0.000   13
53503.270    0.398217235862   -0.583199997095    0.8683    0.6408   0.103   11
53510.269    0.584042265592   -0.895597196404    0.4161    0.4254   0.011   21
53514.206   -0.296907098051    0.005900406563    0.2807    0.5010   0.163   23
53517.270    0.171649437333    1.301000395415    1.1601    0.7737  -0.115    5
53522.205   -0.246802052628    3.307201207292    0.4683    0.9845   0.165   15
53524.269   -0.370546679306   -0.319096800183    0.3957    0.4639   0.330   11
53528.206   -1.246266500803   -0.300898800276    0.4866    0.2609   0.206   14
53535.204   -0.753072002486   -0.073497598407    0.3427    0.2727   0.090   25
53538.269   -0.076807662055    0.072899996439    0.3327    0.5530   0.103   10
53542.206   -0.060289916061   -0.299199602694    0.4176    0.3543   0.100   22
53543.225   -2.713458270915   -1.036098004192    4.1219    8.6560   0.528    3
53545.270   -0.539992642573   -0.231098404413    0.7350    0.7300  -0.106    7
53549.208   -0.213905240171   -0.185997598123    0.1935    0.2723  -0.145   19
53550.223    0.718110489385    1.570600801415    0.8220    0.6594   0.146   22
53552.269    0.444879986832    1.110401997551    0.8419    0.8965   0.233    6
53557.207    0.777026097882    0.383702401052    0.5431    0.9391  -0.269   18
53559.271    0.817081712898    0.183200398851    0.8547    0.6424  -0.555    6
53563.204   -0.377979648571    2.101100400864    0.3798    0.8308  -0.152   30
53565.250    4.413963701984  -17.146497597764    2.1063    4.9323  -0.889    3
53566.269    0.358022894370   -0.288496804046    0.2926    0.5740  -0.013   23
53570.206   -0.210875885847    0.168400806899    0.1808    0.2129  -0.007   53
53573.271    2.301478429731   -1.648198799842    0.8378    0.7820  -0.705   12
53580.269   -1.109030149265    0.997603203245    0.6187    0.6858  -0.067   11
53584.202    0.038681354398   -0.127299604458    0.2401    0.2963  -0.120   33
53587.271   -1.045162545466    1.819800003489    0.8364    0.8332  -0.462    5
53591.204   -0.508883077808    0.335203199597    0.4065    0.5212  -0.228   33
53594.269   -0.134206950268   -0.820699195003    0.4653    1.1142   0.067   14
53598.210   -0.976887946588    0.270900000032    0.3459    0.7444   0.066   25
53601.271   -0.408815046629    0.328302006380    0.3977    0.4145   0.021    9
53618.996   -2.291290272848    5.819900401605    2.0220    8.9851  -0.383    4
53622.269    0.789549882818    0.449701204275    0.4911    0.6002   0.334   16
53643.271    9.513141080896  -10.660798797346    3.5157    3.5446  -0.972    4
53647.208    0.459471758657   -2.287097998988    1.7359    1.9378  -0.533    8
53650.269    0.199865134951   -0.134398796092    0.3110    0.3664   0.144   27
53654.206   -0.016104852811   -0.264798001126    0.3201    0.2718   0.103   23
53655.225   -0.290848389403   -0.875296801439    0.2535    0.2379  -0.022   19
53657.271   -1.795482693526    0.739900799829    3.2219    3.3332  -0.984    5
53662.227    1.038419969281   -0.013597200166    0.5751    0.9543   0.025   13
53664.269   -0.537376228377   -0.646599599463    0.4698    0.6316   0.038    5
53668.206   -1.814752293945   -5.599997994921    4.0789    5.2283   0.848    5
53671.267   -0.818043033387    0.303703200188    0.3409    0.5382  -0.035    6
53675.205   -0.403033837879   -1.671397203040    0.3287    0.6473  -0.055   13
53678.269   -0.127048147709   -0.040798801137    0.5654    0.6137  -0.079    5
53682.203   -0.371785499692    2.911600803657    1.0113    1.7874  -0.467   10
53689.216   -0.136545864565    0.406202406111    0.3504    0.7661  -0.253   18
53692.269    0.048592011384   -0.440297999660    0.4297    0.5619   0.068    7
53696.203    0.115350243031    0.345600003016    0.2918    0.4797  -0.100   20
53697.269    0.138062184850   -0.103499992576    0.4451    0.4317   0.081    9
53703.205   -0.077356089361    0.219502803134    0.5630    0.6278   0.763   14
53704.242    0.401933743968    0.241603204643    0.3212    0.3420  -0.020   48
53706.269   -0.045559323868   -0.917999999217    0.2933    0.4615   0.035   20
53711.225    0.233039447306   -0.046396793607    0.1225    0.2336   0.140   99
53717.205    0.347699250310   -0.309999603587    0.4998    0.5141  -0.330   31
53718.224    1.405388866956   12.902302803752    1.2828    6.0558  -0.356    9
53720.269   -0.173572125257    0.486302403147    0.3209    0.3702  -0.218   21
53724.203    0.496359292873   -0.241797596345    0.3763    0.4971   0.029   25
53725.226    1.564098292980   -0.926999993567    0.8856    5.8508  -0.238    3
53727.271    0.854382140297   -1.186099193262    0.8131    0.8173  -0.262   13
53734.269    0.352654578802    0.534200395919    0.5429    0.5289   0.321   10
53740.270   -1.128577296529    1.248501602902    0.6200    0.8275  -0.023   16
53745.205   -0.166003668814    0.261500402132    0.3097    0.2994   0.355    8
53748.287   -0.166277882467   -0.444999595572    0.3417    0.5177   0.186   21
53755.267   -0.558575136156   -0.736599594120    0.3425    0.6023   0.009   10
53762.269    0.354445112740   -1.397998798325    0.3084    0.4505  -0.136   19
53769.271   -0.332968705063   -0.082897196307    0.3874    0.4921  -0.274   15
53774.227   -3.399081601726   -0.079199993763    0.4575    0.4093   0.101   48
53775.247   -0.120166845048    0.431100006892    0.3639    0.4201  -0.199   27
53776.269   -0.104197479414   -0.033699596713    0.2821    0.6721  -0.015   23
53780.207    0.076807662055    0.216403202558    0.1902    0.2318  -0.272   41
53781.222    2.807887106064   -0.861098392591    0.2104    0.2289  -0.248   32
53783.271   -0.001238820387    0.136400407769    0.4648    0.6669  -0.005   18
53787.205    0.214318180300    0.452401201301    0.1877    0.2823  -0.193   55
53790.269    0.517145260523    0.477701999557    0.2943    0.5172  -0.055   25
53797.271   -0.338062806978   -0.516398392847    0.3546    0.4889  -0.081   15
53804.269   -0.112869316013   -1.187596798502    0.3244    0.4607  -0.030   21
53808.203   -0.181418081598    1.176800404323    0.2237    0.3682   0.184   35
53811.271    0.015691865735   -0.239799604174    0.5593    0.7617  -0.191   20
53815.205    0.123883353154    0.267602401038    0.2788    0.3719   0.021   34
53818.269   -0.581148351499    1.081101595446    0.3198    0.5010  -0.263   23
53825.271   -0.642677087947   -2.155399199921    0.4239    0.8004  -0.173    7
53829.205   -0.180592201340   -0.034599599985    0.2575    0.3165  -0.078   43
53832.269    0.316180031661    0.184600801845    0.3711    0.6465  -0.023   23
53838.270    0.631943836949   -0.899697596424    0.4145    0.7553  -0.255   19
53846.277    0.806619342362    1.265101201398    1.1694    1.3170   0.898    4
53850.203    0.469930842948    0.587800796836    0.2742    0.3621   0.155   19
53852.249    1.279992479763   -7.736097599320    0.8023    3.6198  -0.893    8
53853.271    0.855759734105   -0.786898802119    2.9252    2.6499  -0.969    4
53860.269    0.476263765249    0.634302006119    0.5815    0.7677  -0.025   12
53867.271   -0.824372669443   -0.479199604797    0.6292    1.3253  -0.128   10
53871.205    0.181147201136    0.323503195432    0.3937    0.6707  -0.174   32
53874.269   -0.332968705063   -0.295199998845    0.3014    0.5734   0.466   22
53879.226   -0.400278650261    1.076500795705    0.2858    0.5574   0.225   33
53881.268    0.002203474066    0.287002805521    0.4094    0.8003  -0.185   15
53884.997    1.616955192830    1.978901995869    0.7882    2.4084   0.245   51
53888.269   -1.165051890616   -2.094199194858    0.5046    0.6903  -0.114   16
53893.204   -2.225080374614    0.439700397692    0.6280    1.0133  -0.367   39
53895.271    0.421480891231   -0.108197994564    0.2995    0.4329  -0.054   16
53899.205   -0.822585421750    1.373601597265    0.5951    0.8337  -0.767   30
53900.268   -0.076943149232   -0.542498398204    0.3738    0.7256   0.010   26
53909.271    0.416248062841    0.100101597411    0.3077    0.7866  -0.085   35
53914.224   -0.928573435102   -1.094997602991    0.4102    0.4584   0.020   57
53915.247   -0.743713059052   -2.860599603594    0.7466   12.3098  -0.299    3
53916.270    0.727195266112   -0.466498801188    0.3527    0.7193  -0.061   35
53919.995   -7.793362716216    6.269400000747   15.0705   39.0912  -0.984    3
53923.268   -0.645845215694    0.276400803045    0.2444    0.4679   0.225   31
53928.228    0.461810672954   -0.003898794887    0.2521    0.4160  -0.250   90
53930.270    0.033035538933   -0.168699601488    0.4568    0.6464  -0.005   22
53934.207   -0.201929882541   -0.667396800225    0.2521    0.3557  -0.116   39
53936.245    4.124354179914  -17.125898395420    0.9995    4.8000  -0.883    3
53937.271   -1.215844042875   -5.122396804325    0.4618    1.9513   0.470    8
53941.205   -0.683423142990    0.122000406577    0.2337    0.2712  -0.172   30
53944.270    0.221338256383   -0.816897602363    0.4227    0.6946   0.222   20
53948.203    0.045836823766    0.213202805810    0.3092    0.3761  -0.147   32
53949.226   -0.088918506861   -0.754898402988    0.2433    0.5298   0.102  162
53951.268    0.329668470277   -0.011599195204    0.3828    0.5510   0.076   14
53955.205   -0.203581643057   -0.441198002932    0.2195    0.2651  -0.095  113
53958.270    0.639376806215   -0.185097594851    0.2123    0.4920   0.126   26
53964.209   -0.295942444371    0.004100400020    0.1978    0.3681   0.042   70
53965.268    0.394913667885   -0.635399995019    0.4488    0.5524   0.158   41
53969.238    0.040881495274   -0.438998392838    0.2807    0.4503  -0.092   56
53972.270    0.192709618637    1.086602398459    0.2762    0.5714  -0.003   41
53976.207   -0.288783641812    0.317602801658    0.1700    0.3197  -0.095   83
53979.272    0.004129448235    0.180000002103    0.3321    0.4191  -0.355   42
53982.993   -0.843093936449  -10.074999599397    0.4567    1.5517  -0.350   48
53984.210   -0.344808669408    0.755999998603    0.1936    0.4652  -0.157   52
53986.273   -1.294029298738   -0.490298400280    0.6119    0.5848   0.660   12
53990.207    0.084792344871   -1.535799596297    0.2384    0.7248  -0.276   48
53991.230    0.293603530074    0.603000005128    0.2368    0.3974   0.024   66
53992.249    0.122231545692   -2.071396801284    0.1398    0.2525   0.164  149
53993.268   -0.055470027800    0.342601198611    0.5112    0.7782  -0.218    7
53998.228  -22.585586270528   79.880201998606    0.6157    2.2328  -0.867    3
54000.270    0.186376696335   -0.475797602917    0.7591    0.9670  -0.724    8
54007.268    0.016243579286    1.061002805613    0.4552    0.5593   0.282   29
54013.251  -14.475217595447   31.351100403754    0.4234    1.3839  -0.880    6
54014.270   -0.189541537837   -0.662198398516    0.3558    0.5305   0.479   18
54021.272    0.156783451855   -0.681998393759    0.3817    0.4384  -0.101   32
54025.209    0.143291726995    0.455601598048    0.1784    0.2807  -0.387   91
54028.270    0.179908333803   -0.066797997533    0.3435    0.7544  -0.125   36
54032.207   -0.422029271591   -0.147697201669    0.3161    0.5710   0.424  101
54035.268    0.040194341492   -1.081396796110    0.3282    0.6012   0.209   23
54042.270   -0.924031046739   -3.469996795502    0.7829    1.7571   0.454    9
54047.226    1.368775546393   -0.562096801104    0.4673    0.4920  -0.200    6
54048.249   -0.134619890397   -0.172097996654    0.0714    0.1298  -0.269  222
54049.272    0.463049540287    1.443600004336    0.3380    0.5171   0.130   29
54053.205    0.364081603018   -0.440297999660    0.2001    0.4240  -0.049   52
54054.224   -3.863782902529   -6.973696794432    1.8131    7.5060   0.885    9
54055.251    1.895553964004   -6.909397201582    1.1303    3.7625  -0.864    5
54056.270    0.031109564764    0.711403198750    0.2758    0.4870   0.211   24
54061.270   -0.277772890916    0.095101206909    0.3886    0.5694   0.134   24
54067.209   -0.798634659545    0.114501598603    0.2179    0.3501  -0.130   41
54068.224    1.535740582642   -0.039499194315    0.2105    0.3308  -0.063   51
54069.244    0.373714760106   -0.802800002475    0.2589    0.2366  -0.429   24
54070.270    0.979781860681    1.166000403430    0.3368    0.3993   0.676   22
54076.249   -0.209775791936    0.080200805996    0.1655    0.3459  -0.753  131
54084.270   -0.392158527214    0.380300399172    0.7127    1.2863   0.057   13
54088.207    0.215834500584   -0.314100003607    0.1448    0.3344  -0.199   58
54091.272   -0.047488631228    0.296002799871    0.3494    0.4771   0.124   62
54097.207   -0.157606045868    0.113302800742    0.1918    0.2279  -0.122   75
54098.270   -0.126773981002   -1.015297196716    0.5384    1.5138   0.229   16
54103.208    8.189379811202    1.671400796965    3.5032    0.9053   0.893    6
54105.268    0.373166379746   -0.478299601525    0.6062    0.7452   0.432   12
54108.997    1.843797158065    5.659102805566    0.6643    2.6033  -0.435   43
54111.583    8.996960474053  -24.949897201054    0.5004    0.7329  -0.061   69
54112.270   -0.444876653641   -0.265798800569    0.2941    0.3510  -0.121   35
54116.207    1.008687951379    0.572601601334    0.2704    0.2462   0.277   90
54119.268    0.584729419374    0.316000806322    0.4829    0.6063   0.354   21
54125.251   -0.218583068766    0.842702407056    0.1609    0.4354  -0.504   57
54126.270   -0.432765855781   -0.448898403249    0.3650    0.5040   0.584   17
54130.207    0.041294435402    0.481600807234    0.1804    0.2144   0.167   74
54133.272    0.070200573047    0.515102405529    0.2893    0.4708   0.146   23
54139.244   -0.478325179649    0.006400806285    0.5322    0.4809  -0.151   42
54139.583    6.138419942206    6.346702798510    0.4813    0.7409  -0.224   87
54140.270    0.079149909543    0.373302003709    0.2873    0.6585   0.045   31
54144.207   -1.125960882334    0.094701603359    0.2707    0.2913  -0.112   65
54145.226    0.008123456239   -0.385797595470    0.1514    0.1953  -0.213   39
54146.249    0.386241831286   -0.295999193156    0.3773    0.3251  -0.701   40
54147.272    0.406750345985    0.187102800453    0.1968    0.2934  -0.059   61
54150.994   -0.380596062767    8.898501596377    0.5952    2.1282  -0.314   51
54152.206    0.169858950342    0.009403204615    0.1320    0.1353  -0.034   63
54153.251    4.332339437913   -4.026297592929    0.2727    0.2236   0.238   14
54154.270    0.378534648367    0.084200397055    0.1748    0.2737  -0.148   57
54158.207    0.084105238036    1.047801602283    0.1518    0.3841  -0.116   63
54161.272   -0.297455478411   -0.751399198862    0.2748    0.3967   0.090   31
54165.206   -0.107778500343    0.050400004170    0.1402    0.1949  -0.231  101
54166.272   -0.196284067076   -0.451799992618    0.4354    0.6447   0.608   30
54174.582   12.213659340501  -20.199099596141    0.5210    0.8621  -0.258   96
54175.268    0.204959236865    0.140500807788    0.2848    0.3525  -0.227   38
54179.206   -0.016791959646   -0.042397202549    0.1922    0.3668   0.138   50
54182.270   -0.452174229622   -0.267998397874    0.2704    0.3870   0.174   24
54186.208   -0.003439008208   -0.557596797535    0.1354    0.3619  -0.119   30
54187.230    0.185550816078    0.833601603745    0.1423    0.2560   0.233   77
54188.249    0.372475939719    1.496300401982    0.1996    0.4922  -0.276   29
54189.268   -0.226567798529    0.483602406121    0.2720    0.3845  -0.209   43
54193.209    0.081762990547    1.043200802542    0.1293    0.3497  -0.179   46
54195.269    0.262497251554   -0.160999201171    0.3092    0.4971   0.230   33
54201.208    0.010875310665   -0.119897998729    0.1343    0.2498  -0.105   64
54203.268    0.423545591876    0.366300001531    0.2568    0.3462  -0.091   36
54208.207    0.119066751137    0.077702401313    0.1593    0.2243  -0.090   79
54209.584   52.216005596204  -68.636098801278    0.7494    1.0959  -0.215   91
54210.270   -0.190780358223   -0.333799202679    0.2973    0.4795  -0.014   58
54216.249    0.074742961410   -0.470098801486    0.2644    0.7006  -0.527   38
54217.268    1.334223640230   -1.326297599746    0.4558    0.7945  -0.417   41
54224.270    0.807032282491    0.752000407545    0.3696    0.5713   0.556   29
54231.268    0.398356009284   -0.153399597025    0.4040    0.5967   0.104   54
54235.206    0.136823364463   -0.085096793612    0.1161    0.1804  -0.056  122
54238.270   -0.016791959646    2.415700804193    0.6474    1.0879   0.356   23
54242.208   -0.575644642647   -0.255196798093    0.1549    0.2255   0.100   47
54243.227    1.249847521732  -10.320497992211    4.1216    4.6581  -0.367    7
54244.582    3.481399592069   -6.518998793581    0.7881    1.2636  -0.191   75
54245.268   -0.178804953647   -1.175097600026    0.5934    0.8887   0.004    9
54250.207   -0.320857860256    0.112302001298    0.1622    0.1872  -0.045   99
54252.270   -0.364765423609   -0.671896803794    0.3566    0.4093  -0.383   30
54259.268   -0.296216658024    0.788500797455    0.4415    0.6395  -0.144   35
54266.270    0.261119657746   -0.401299192276    0.3675    0.7027   0.361   21
54270.208   -0.234274981447   -0.062596801342    0.1477    0.2177  -0.152   71
54272.582   -8.169968104170   27.279900002952    1.4322    2.5666   0.041   30
54273.269    0.110120747832   -1.684097993859    0.7096    1.2680  -0.233   23
54273.583    2.798250662732   16.682399999013    1.0421    1.8289   0.073   34
54277.206   -0.182382735278   -0.010097996039    0.1825    0.2421  -0.176   44
54278.229   -0.196835780627    0.713602796054    0.1465    0.5054  -0.203   64
54279.251    1.122796087779   -7.224098401082    0.3508    0.5545  -0.195   18
54280.270   -0.494017045384    0.744901203120    1.3476    1.8678   0.740   10
54284.208    0.341782601328    0.206402395975    0.1477    0.2651   0.016   49
54285.223    7.770102394037    2.968401601322    9.2753    5.9317  -0.669    6
54287.294    2.615729200979    3.399400799253    3.1028    3.1882   0.983    7
54291.206    0.012940011309    0.314200799778    0.1365    0.1721  -0.159  101
54292.229    0.125535113669    0.209102405790    0.1520    0.3441  -0.147   61
54294.270    0.493746164922   -1.761998393590    0.5156    0.7948  -0.186   24
54298.208    0.276398630299    0.029700005655    0.4176    0.7933  -0.183   29
54300.578    5.036822762206    4.668299999366    0.8826    1.5904   0.040   66
54301.272   -0.216382927890    0.553003198434    0.4304    0.4247  -0.108   23
54305.206    0.181421367843   -0.455896798712    0.1844    0.3151  -0.259   64
54308.270   -0.904896839604    0.171601203647    0.4942    0.5681   0.371   45
54312.208    0.366281743894   -0.526499995601    0.1613    0.2256  -0.329   80
54315.272    0.140678645991    1.400601605894    0.4717    0.5217  -0.068   54
54319.206    0.297871704784   -0.270496802557    0.1425    0.2261  -0.034   80
54322.270   -0.255060949097    0.423900006297    0.4703    0.3667  -0.264   27
54326.208   -0.073917081153    0.301201201580    0.2243    0.3151   0.116   44
54329.269   -0.943991134131   -1.270699193867    0.6093    0.7741   0.693   31
54333.206    0.154441251313    0.317602801658    0.1620    0.2271  -0.470  106
54335.580    1.278614885954    9.571003202780    0.8906    1.4892  -0.332  101
54336.271   -0.367520611226   -0.112298394583    0.5087    0.6872  -0.086   41
54343.269   -0.280111805214    0.455202007288    0.4976    0.7353  -0.100   27
54348.207    0.021337681201   -0.424299597057    0.2573    0.2693  -0.539   68
54350.271    0.724582138162   -0.019598402901    0.4022    0.3036  -0.016   50
54354.208    0.203307429404   -0.500497192490    0.2186    0.5306   0.146   29
54356.250    3.076436493777   -6.070697992300    0.1907    0.4248   0.199   53
54356.582    5.916533305463   -6.870898793920    0.8006    1.2713  -0.194  112
54357.269    0.241437070251   -0.666198002364    0.4391    0.7129  -0.013   22
54361.206    0.598495310941    1.844200798473    0.3634    0.7347  -0.396   33
54364.271    0.119618464688   -0.377798400564    0.3404    0.2793  -0.301   45
54368.208    0.084653618396    0.394603198117    0.1417    0.2280   0.021   76
54371.269    0.466904774869    1.207202402043    0.4705    0.6423   0.238   42
54375.210    0.103926552006    0.222202800160    0.1394    0.2234  -0.106   77
54378.271    0.178804953647   -0.420598800588    1.2117    1.1157   0.887   13
54383.209    0.235791301732    0.539402404343    0.1280    0.1900  -0.002  105
54384.228    0.197526220653    0.893203207397    0.1977    0.2996   0.066  127
54385.269   -0.943439420580   -1.129399204558    0.3841    0.5986  -0.049   23
54390.207    0.183211901780    0.242503195125    0.1472    0.1989  -0.439  137
54391.580   -3.499565859279    3.759703204764    1.1077    1.8921   0.020   68
54392.267    0.108743154023    0.360802805233    0.3516    0.6231  -0.024   22
54396.208    0.290990402123    0.108601204829    0.1259    0.2124   0.323  136
54398.250    0.606202493860   -1.830898798971    0.2617    0.3102   0.002   46
54399.269   -0.275295250143    1.021600800755    0.4134    0.6026  -0.364   27
54403.206    0.158709426024    0.074102401015    0.1530    0.1763  -0.198  138
54404.269    0.493746164922   -0.619898398213    0.4775    0.9841  -0.038   22
54410.208    0.245840732139    0.098200807486    0.1405    0.1409  -0.300  152
54411.227    0.472408483721    0.264103196912    0.3858    0.3329  -0.388   62
54412.246    0.289474081839    0.298303206137    0.3613    0.3616  -0.462   63
54412.637   -0.287683547901   -3.092497202317    1.2728    2.3568  -0.233   65
54413.269    0.199590921298    1.192600795719    0.9456    0.9660   0.402   24
54417.206    0.225467704618    0.358199997663    0.1457    0.1745  -0.066   81
54418.225    0.103236111979    0.248803205238    0.2541    0.3011  -0.247   37
54419.248   -1.908629462490    2.049901202383    0.1875    0.2386  -0.112   79
54420.271   -0.791062916857    0.441302405818    0.4883    0.9786   0.320   10
54424.208    0.362429795557    0.134200797675    0.2222    0.2676  -0.229   68
54425.271    2.398659119307   -7.403497194503    2.0414    5.4507  -0.831    4
54426.999    8.167767916348  -12.203798394239    1.0353    4.1191   0.488   25
54431.206    0.236343015283    0.300600005687    0.2324    0.2496  -0.539   57
54433.288    0.520310055078    1.940400007072    0.4441    1.2616  -0.242    3
54434.271   -3.319660811721   -2.373098402586    1.4154    1.3959   0.566    8
54438.208    0.229735879328    0.455302803459    0.2649    0.3052  -0.404   78
54440.250   -0.096490249549    0.741002395444    0.1775    0.2883   0.080   96
54441.269   -1.229609981388    0.281203195129    0.7061    1.0952  -0.008   11
54445.206   -0.174810992590    0.414100804846    0.1303    0.2450  -0.166   49
54447.248   -2.080827327130    2.086102797705    0.2920    0.5033  -0.124   20
54447.584   -6.870431763388   -7.562098799951    1.1201    1.7026  -0.228   55
54448.271    0.059741488755   -0.870598799452    0.7237    0.7524   0.025   13
54452.208   -0.011284964549    0.350999997067    0.1128    0.1335   0.067   67
54455.269    0.179356667198   -0.003999603848    0.5250    0.7140  -0.535   18
54462.271    0.128012801389    0.062301600678    0.4557    0.5109   0.124   13
54468.206   -0.198348814666   -1.441497596488    0.1656    0.3834  -0.089   35
54469.269    2.076010725113   -1.625198395061    1.7403    2.6075  -0.753    7
54473.206   -0.192154618841    0.692402397817    0.1596    0.2549   0.177   94
54476.271   -0.128012801389    0.742402798437    0.4006    0.3729  -0.214   31
54483.273   -0.840477522254    0.317502005487    0.5679    0.8553  -0.261    9
54485.559   -4.389322499752    4.213702807476    0.8232    1.6740  -0.069   60
54486.995    3.253315473256   16.731403206904    2.3315    9.3639  -0.617    4
54490.271    0.363804103120   -0.727898394359    0.3709    0.5571  -0.098   21
54497.273    0.308195348845   -0.123199204438    0.4059    0.6681  -0.185   20
54503.248    0.477363812214    0.109900798861    0.5263    0.6042   0.317   33
54504.271    0.288099821221   -0.144097201371    0.4719    0.8331  -0.252   13
54508.208   -0.058499382124    0.265903203456    0.1998    0.3087   0.013   72
54509.227    0.168068416405   -0.849999597108    0.2557    0.2442  -0.228   81
54510.250    0.961473533804    0.846899996532    0.2342    0.3081  -0.097   67
54510.582  -11.271732953961   -1.283299201305    1.2915    2.0296  -0.502   31
54511.269    0.234004100985   -0.372797997272    0.2824    0.2817  -0.296   29
54516.207   -0.484106388399    0.660502807648    0.1709    0.2475   0.085   55
54517.248   -0.134342390499   -0.008798402007    0.2056    0.5697  -0.190   21
54518.271   -0.784042840774   -0.308498404422    0.3026    0.5454  -0.073   24
54522.208   -0.181556855020    0.446202000148    0.1317    0.1991  -0.003   67
54525.273    1.090450941926    0.788702402588    0.3225    0.5089  -0.115   26
54529.207   -0.017343673197    0.272901598919    0.1238    0.2530  -0.152   32
54538.582   -7.944361673076    7.696799997348    1.2726    1.8221   0.018   38
54539.269    0.067174504967   -0.414899999157    0.6819    0.9830   0.517    8
54543.207    0.036339106910    0.034401601567    0.1254    0.2693  -0.097   34
54545.270   -2.789301326236   -8.508999597723    1.0672    6.3415   0.079    5
54551.209   -0.019269647366   -0.327999592287    0.1867    0.2633   0.123   51
54553.269   -2.640089617068    1.953403199195    1.1049    1.0846  -0.613   11
54557.207    0.075981781797    0.476503201696    0.1493    0.2493  -0.113   73
54559.230    0.349351057772   -0.204098395784    0.1315    0.2680  -0.120   99
54560.271   -1.129538663964   -0.345600003016    0.4436    0.7534  -0.190   28
54566.250   -0.483006294488   -0.713998792889    0.2103    0.5557   0.236   20
54567.269    0.220099389050   -0.477399598253    0.4067    0.3919   0.224   35
54573.581  -38.818569858783    1.166803204455    2.1905    2.8007   0.016    9
54574.271   -0.385690164681   -0.847198803910    0.5425    0.8956  -0.240    7
54577.997   -2.169745833991   -6.212998793842    4.2173    4.5738   0.129   17
54579.209   -0.213353573566   -0.613396795757    0.2312    0.3589   0.126   51
54581.273    0.630566243141   -0.212598003202    0.6952    0.9145  -0.396   13
54586.270   -2.347037753599    2.325700796746    2.1119    1.7263  -0.927   11
54592.208   -0.276672797005   -0.460097994903    0.2092    0.3007   0.168   40
54594.268    0.558852636054   -2.200996799218    0.6354    0.7364  -0.444   17
54599.207   -0.026289723449    0.222400798577    0.2692    0.1929   0.292   41
54601.584   10.781845356812  -20.073697200473    1.4698    2.7679  -0.011   12
54606.209    1.037729529254    0.522201597164    2.4661    1.0650   0.443   10
54612.995   -2.316892842515   -3.414999598306    0.9756    3.2454  -0.545   19
54614.207    0.504618189343    0.777200396840    0.9663    0.7206   0.050   14
54623.269    1.989153632651    0.435401999255    1.2313    0.9583   0.216    4
54628.270   -3.477266857590   -1.489698003354    4.1729    2.6512   0.947    3
54635.542    5.394432716447   -5.649998395540    0.9247    1.6155  -0.126   29
54636.583  -14.592355086171   -9.728398796938    0.9070    1.5467   0.165   32
54637.269    1.090999369232   -1.037498394396    0.6993    0.5933  -0.573   13
54641.207    0.868561018939    0.694202404361    1.7536    0.5202   0.283    7
54648.209   -0.388580792530    0.207500397664    0.6623    0.2968   0.189   11
54650.269   -2.421641988534    1.740902398240    3.6909    1.2143  -0.579    5
54655.207   -0.149072982692    0.029401198276    0.2914    0.3288   0.340   24
54656.230    5.951769032217  -47.354997593629    1.3447    2.7814  -0.300    6
54658.271    2.937412941493   -0.775396796371    3.7912    2.8044  -0.907    3
54662.209   -0.221886636743    1.348603200313    0.1691    0.3006   0.121   60
54665.269   -1.536701903131   -0.637397999981    0.6547    0.8256   0.244   15
54679.269   -1.097467731765    0.223401598021    1.0456    0.9468  -0.597    7
54683.207   -0.177427406785    0.141202799853    0.2707    0.2856   0.072   38
54707.270   -0.019543861019   -0.130298396073    0.8069    0.6479  -0.489    5
54710.999   -2.776912981531    3.979000796051    0.6485    2.0205   0.092   40
54714.271   -0.554719901575    1.032300005477    0.5527    0.5240  -0.355    6
54719.239    0.400969090288    0.614901601637    0.4155    0.4247   0.040   41
54725.207   -0.290022509145    0.617201995112    1.1086    0.3900   0.638   16
54732.209   -0.584590645952   -1.684198802820    0.4138    0.4298  -0.118   15
54739.207   -0.515628940239    0.815803207388    0.4945    0.3893   0.490   24
54742.271    0.170546057178    0.782002801714    0.7818    0.8359  -0.449    5
54747.228   -0.721962437722   -2.199297601635    3.1553    4.1833  -0.433   13
54748.247   -0.039778115118   -0.019598402901    0.1804    0.2910   0.064  114
54749.273   -0.243359758175   -0.582998404752    0.3003    0.4440  -0.115   31
54754.208   -0.621755680066   -0.159897592766    0.4720    0.5976   0.511   10
54756.271    1.009375105161   -1.253199604889    0.7332    0.8320  -0.514   14
54760.209    0.029732017902   -0.008596796874    0.1742    0.2919   0.320   50
54763.273   -2.134097167108    1.227700795425    1.4286    1.3877  -0.788   10
54770.268   -0.491265190958    1.195102807117    0.6081    0.8112   0.325    9
54776.247    1.392174641994   -1.152597594967    1.5626    0.8122  -0.802   11
54777.270   -1.424932727975   -1.202896802965    0.5838    0.7376   0.246    7
54781.207   -0.276259856877    0.482803199020    0.1309    0.2367  -0.113   38
54783.249   -0.867318912307    0.280900806615    0.7463    0.6600  -0.261    7
54783.581    0.327742496108   -3.271798793492    1.0516    1.9178  -0.074    5
54784.268   -0.137784731898    0.120200400033    0.5352    0.4158  -0.367    8
54789.228   -1.144404649442   -0.079199993763    0.3731    0.3414  -0.062   46
54790.251    0.181008427714    0.737902807657    0.4530    0.3992  -0.613   14
54791.273   -0.062628830359    0.208400400936    0.6630    0.6778   0.649    8
54795.207   -0.133655283663   -0.224099996160    0.4920    0.5966  -0.232   26
54797.998  -12.553925621545   25.327900800676    5.8043    9.4764   0.862    7
54802.209   -0.215144107504    0.163900803329    0.1495    0.2715  -0.409   46
54805.270   -1.282605607713   -1.748599204632    1.2189    1.3552   0.854    6
54816.209   -0.233313660959    0.031499999409    0.1847    0.2762  -0.246   37
54818.251    0.000000000000   -0.800499596210    0.1270    0.2706  -0.342  225
54819.270    1.571118369064    0.580600796241    2.4032    2.2679   0.881    3
54824.266    0.197387447231    0.094701603359    0.7374    3.1966   0.275    5
54831.294   -0.160909613846   -0.876898796776    2.8434    2.7927   0.945    3
54840.268   -0.123883353154    0.299602800169    0.3104    0.4064  -0.108   14
54847.266    9.755539518582   -6.599199599577    8.7924    7.5525  -0.924    3
54847.584   16.067534872290   -9.537897601319    1.3698    2.2095  -0.005   10
54850.999   -3.026057281647  -20.951899197996    0.4907    1.5056  -0.599   29
54853.249   -0.213079359913    0.495500395914    0.1145    0.2880  -0.113  128
54854.272   -1.613509612132   -1.767099593053    0.6800    0.6908   0.524    8
54861.270    0.071026453304    0.048301203037    0.3210    0.3712  -0.271   17
54867.245   -0.276259856877    0.149803203442    1.1448    0.8878  -0.817   10
54868.272    0.266349199891    0.740901599272    0.3240    0.5468   0.415   13
54873.225    0.599459964621   -0.244598402332    0.7230    0.5212  -0.632    7
54874.247    1.102974726862    0.205002005771    0.4721    0.4740  -0.341   11
54875.270    0.364768756800   -0.203299201473    0.4567    0.5383   0.137   10
54880.208    0.042672029211    0.559000807243    0.1856    0.2108   0.025   45
54882.272    0.358300394268   -0.088797602871    0.3152    0.3431  -0.083   17
54894.230    0.610470715517    1.017702005868    0.5125    0.5970  -0.113   20
54895.581   14.154637235089  -19.051696796168    1.2827    1.9788  -0.614   21
54896.268    0.556374995281    0.933102005263    1.0156    1.1133   0.764    3
54903.270   -0.211701766104   -0.352299603890    0.2436    0.2637  -0.204   19
54910.268    0.122644532767    0.422099999753    0.4742    0.9071   0.124   11
54915.999   -3.157234877591   -5.807699997717    1.2706    3.0586  -0.129   11
54917.270   -0.683284416514   -1.231797601520    0.3821    0.6534   0.025   14
54921.207   -0.201239442515    0.207302399247    0.3542    0.4844   0.090   24
54924.268   -0.135858757730    0.072899996439    0.4976    0.7085   0.316    7
54930.269   -0.415144682685    1.168401605867    0.4365    0.6070   0.111   24
54938.272    0.591888221933   -0.699897599077    0.2619    0.3673  -0.168   20
54945.270    0.619555492245   -1.217296804157    0.5653    0.6181  -0.187    6
54956.209   -0.666492409922    3.434803200264    0.7143    1.2445  -0.234   17
54958.269    1.025341184549    1.658502007729    0.7047    1.3233   0.444    5
54966.268   -0.675577186649   -0.274399204159    0.3734    0.4774  -0.012   16
54972.580   -0.729121240280    5.744401204311    0.8418    1.4029  -0.300   31
54973.270    0.369862811769    0.836999998910    0.4349    0.4725  -0.164   17
54976.999    1.485638823464   17.603999998528    0.8646    3.5772  -0.505   30
54978.208   -0.227532405262   -0.086597992777    0.3281    0.4736  -0.006   23
54980.268   -0.154989631673   -0.082497592757    0.4803    0.6223  -0.022    9
54987.270   -0.208259471651   -0.161099997342    0.7249    0.7204   0.421    5
54993.271   -0.076530162157    0.116701195907    0.2986    0.3192  -0.179   16
54993.582    4.314031157982    0.662101196269    0.6937    1.2780   0.130   30
55001.270    1.240072304978   -0.083098801440    0.6397    0.8243  -0.009    9
55008.268   -0.245976172370   -0.295797600813    0.5449    0.7270   0.130   12
55014.269   -1.748819942555    1.689703199759    1.6699    1.9932  -0.911    5
55021.249   -7.910087266811   -0.176598000223    4.2666    0.4723  -0.162    7
55028.584  -15.892030200375    8.000503197536    1.0337    1.7663  -0.059   12
55029.270    0.180595487585  -11.900397595355    1.5778    9.9677   0.443    8
55036.268   -0.661811295082   -0.451396795143    0.4470    0.4612  -0.208    7
55043.270    0.229184212724   -0.587998795254    0.4911    0.4873  -0.109   16
55050.269    0.067448718620   -0.259898394006    0.2758    0.3334  -0.228   12
55057.270   -1.242685432928    2.463501607508    0.7940    3.3428   0.041    5
55063.582   11.644760607231   25.990401600495    2.2962    2.5524   0.565    5
55064.269   -0.677503160818   -0.237499197908    0.5950    0.5512  -0.218    7
55068.210    1.294445525112   -8.807997595284    0.8211    8.5027  -0.108    4
55077.250   -0.013214224962    0.382903206742    0.2508    0.3524   0.156   78
55078.269    0.191745011903   -0.504698401471    0.9157    1.0111  -0.615   13
55082.001    1.440763320186   29.550700804748    1.8167   14.4744   0.669    3
55085.270    0.237856002376   -0.731498394657    0.7416    0.9366  -0.726   14
55092.269   -2.787510792298    3.767803195842    8.6126    7.2709  -0.984    4
55099.270    0.292916376292   -0.813297602065    0.4965    0.5791  -0.110   24
55106.269   -0.266623413544    2.075399999057    1.4780    1.4478  -0.823   10
55112.251    0.070613513176    0.415000795329    0.1255    0.2704   0.244  261
55113.270   -0.843093936449    3.782901595173    0.6268    3.3964   0.374    9
55120.269   -0.685349117159    8.757802802961    2.1270    4.7887  -0.571    3
55127.274   -1.460858894756    0.914000395369    0.7345    0.8412  -0.418    7
55134.269    4.205839670564   -4.078897194404    1.7357    1.6895  -0.882    7
55141.271   -2.197413104302   -4.953499204419    1.4268    4.8686   0.726    7
55146.227    0.274608096361   -5.524898401177    0.9723    1.5395  -0.022    9
55147.250    1.766441115651   -3.813397201213    0.7465    0.8654  -0.432    9
55147.582   -6.086663136267   14.410900799078    1.0805    1.7640  -0.266   11
55148.269   -0.264971606083   -0.027597597807    0.7118    0.7794  -0.430   14
55152.206   -0.687965531354    0.653803206774    0.1730    0.2618  -0.259   20
55154.248   -0.045285157162    0.431402395407    0.1086    0.1765  -0.096  136
55159.208    1.258380631855    5.425902006095    0.4464    3.0666  -0.034    7
55160.271    1.324177543014   -5.581198799121    1.0408    2.7685  -0.310   27
55161.998   -1.201803937655    9.520102798888    1.7536    4.1215   0.247   10
55166.206    0.714393981278    0.216500404804    3.2981    0.2808   0.492    3
55168.252   -0.027941483964    0.115603207007    0.1197    0.2638  -0.253  186
55169.271    0.336688499414   -0.794797200854    0.5335    1.1269  -0.095    8
55173.208    0.411292734348    0.060800401513    0.1760    0.1821   0.005   22
55176.269   -0.228906712826   -0.781099204517    0.3963    0.9238   0.183   22
55181.229   -0.873651787662   -2.214298798719    0.5878    0.8603   0.337   15
55183.271   -0.676125567009   -0.444196794547    0.3805    0.5943  -0.013   24
55188.271   -0.525265383571    0.332100005096    0.3537    0.4908   0.006   26
55195.273    0.796021531595    0.328100401248    0.5165    0.9437   0.084   11
55204.273   -0.128699955171   -0.188298004389    0.3463    0.4806   0.199   13
55210.584   -4.274801423224   -2.796998396093    1.4350    2.1150  -0.306   24
55211.271   -0.445567093668    0.717501603731    0.4700    0.5462  -0.049   10
55214.996    2.333136374855    6.287500798408    1.2572    3.0189  -0.137   27
55218.269   -0.325813188749   -0.826498792605    0.3112    0.6787   0.166   18
55225.271    0.116727836840   -0.005299197881    0.3387    0.2978  -0.126   19
55230.227    0.953488850987    2.570201996832    0.5851    1.0479  -0.157   22
55232.269   -0.859337515736  -14.985198004069    0.8511    3.4897  -0.419    8
55236.206   -1.180195375992    2.333901596785    0.4571    2.5090  -0.101   10
55237.229    0.901596557871   -1.209196800289    0.5253    0.5404  -0.492   20
55238.248   -0.562430417685    0.185601601288    0.7583    0.7936  -0.322   12
55239.271   -0.361461902578    0.027802796865    0.3378    0.3898  -0.124   20
55246.269   -0.099932590949    0.255301200980    0.6060    0.7269   0.729    9
55253.271    0.301862426544    0.104601600981    0.5314    0.7583  -0.196   24
55264.206    0.082727644227    0.000201605133    0.2034    0.8407   0.400   14
55267.271    0.124986733309    1.767103199768    0.4200    1.7764  -0.623    9
55278.206   -0.061528736448    0.058600804209    0.2126    0.2257  -0.170   33
55281.271   -0.238130216029    0.175100407773    0.2183    0.3624   0.035   50
55287.272    0.730637560565    0.077803197485    0.3522    0.3888   0.407   24
55295.271   -0.393536121022    0.395600403635    0.2743    0.3502  -0.224   45
55300.227   -0.524162003415    1.463900399301    1.1886    1.7529   0.172   11
55302.269   -0.381834930100   -0.149799596727    0.3589    0.4498   0.256    7
55309.271    0.133245629779    0.061200005064    0.2700    0.3798   0.003   26
55313.208   -0.051618079463    0.123300000610    0.2801    0.3094  -0.035   21
55316.269   -0.186925123641   -0.493498797027    0.4236    0.8824   0.232   25
55323.271   -0.219821936098   -0.563497204098    0.7767    0.8743   0.730    9
55330.269    0.176327312874    0.129103204927    0.2563    0.4337   0.076   30
55335.229    0.655342932550    0.603403202604    0.6907    0.5581   0.123    8
55337.271    0.792717963618   -3.546900002505    0.4213    1.7220  -0.440   23
55342.209    1.126238382231    0.642801600748    0.2757    0.4633   0.011   39
55344.269   -0.377292541736    0.448700404831    0.2552    0.2863  -0.200   17
55351.271   -0.518932508216    0.084502798359    0.3014    0.4101  -0.236   12
55358.269    0.948946462624   -6.495699594211    0.9674    2.7339  -0.813    4
55362.207   -0.325122748722    0.508802395416    0.2112    0.5290   0.189   26
55365.271   -0.237578549425   -0.328197603494    0.3449    0.3702  -0.317   14
55370.228    0.291951769558    7.351901999186    1.2386    2.3589  -0.290   18
55372.269   -2.059076705800   -1.074798004197    0.5272    1.7599  -0.314   13
55383.000   -0.668418384090   -9.584596796230    0.6794    3.8606   0.201   28
55386.269    0.559817289734    0.341402400750    1.3972    1.1712   0.585    3
55397.209   -0.500075800979   -0.527399998873    0.8404    1.7954  -0.065   19
55398.228    0.180043774034    0.118702807583    0.8417    1.1038   0.507   19
55400.269   -0.927195841294    1.412600404649    0.5732    0.7637  -0.104   15
55421.271    0.094703048803   -1.090800000725    0.2522    0.5270  -0.074   17
55434.581-1282.288598374342 -816.645600001209   35.7343   23.2990   0.975    3
55435.271   -0.483145067910   -3.210098401496    0.7322    1.8050   0.327    3
55439.209   -0.326361616055   -0.338097601116    0.2859    0.3728   0.161   33
55442.269   -0.180869701238   -0.022298399927    0.3815    0.4343  -0.089   20
55461.230   -4.774186784176  -14.117597996233    3.2302    9.2835   0.903    4
55469.250   39.568619079434  665.489901598448   15.5074   21.1176  -0.259    5
55475.230    2.545389854510   -0.853297196102    3.7436    3.2424  -0.859    4
55477.268   -0.847775051289   -0.519199198834    0.3848    0.3521   0.181   14
55489.248   -9.685748599420  -27.405900000588   30.1661   13.2110   0.581    3
55491.293   -0.030419124737   -1.014397193444    0.3995    0.4017   0.329   18
55517.230   -3.663643553925    2.247400806255    2.2977    3.0144  -0.818   32
55518.249    0.059876928986   -0.194698797884    0.1446    0.2033  -0.203  170
55519.271    0.550732513007   -0.461098794347    0.5144    0.5907  -0.056    4
55533.271    2.937964655044   -2.195197201615    2.2256    1.2269   0.469    5
55547.271   -0.184999149473   -0.171698393103    0.3646    0.6333  -0.125   26
55553.269   -1.839667756776    5.305302002512    1.8925    4.9870  -0.847    3
55589.272    1.154731532800   -1.011196796696    0.7805    0.6042  -0.338   13
55594.228   -1.576622077916   -6.973397999843    0.9772    4.1450   0.857    3
55595.251    0.116037396813   -0.552697203204    1.0072    0.9265  -0.682    9
55596.270    0.378395921891   -0.793098003271    1.1063    0.8040  -0.477    5
55601.230   -3.158473697978    2.203801199130    4.8038    3.6824  -0.994    3
55615.230    0.048179071255    0.231001202167    0.2157    0.2545   0.086   18
55617.272   -0.946742988557   -0.208396794221    0.8092    0.5441  -0.054   18
55638.270    0.843923102952    0.058100404488    1.6011    1.4137  -0.778   18
55645.272    0.794505211310    0.858200397147    0.4545    0.4745   0.196    6
55650.228   -0.106262180059    0.046101605733    0.1443    0.2216   0.051   39
55652.270    0.634973191273    0.501300006306    0.8510    1.6676   0.553   14
55656.207   -0.168894296662    0.308401202176    0.2163    0.3292   0.003   33
55657.230   -0.200413515311    0.329302805824    0.0894    0.1690  -0.190  103
55664.228   -2.964115605070  -14.793497997800    1.9974    2.7841  -0.380   11
55665.247   -0.653000685061   -0.584499603917    0.1922    0.5859   0.239   25
55666.270   -1.668156998973   -4.245998394481    0.7399    1.8167  -0.145   33
55685.226    0.782807306632   -1.149998394112    0.4731    0.7417  -0.136   15
55687.272    1.818333361820   -0.724399203023    1.3029    0.9267  -0.589   10
55698.207    0.270617374602    0.577501195664    0.2134    0.5069  -0.102   37
55700.58210061.452932670523 4697.542601996929   42.2561   30.3310   0.203    3
55729.272   -0.975236139126    0.409302006688    0.4557    0.4143  -0.213   28
55734.228   -0.053818220338    0.119901605444    0.2196    0.2880   0.271   20
55736.270    0.036477880332   -0.280299597932    1.1810    1.0308  -0.835   14
55743.268   -1.312473065846    0.629600397417    1.1658    0.9634  -0.517   16
55746.997   -4.771986596354   30.466900797421   10.6401   20.1247   0.181    3
55754.208   -0.417622323459   -0.774597602060    0.3956    0.6092  -0.117   19
55755.230   -0.431526988448   -0.381398400862    0.3028    0.5379  -0.313   15
55764.270   -0.342743921817    0.734201998398    0.8259    1.8426   0.263   24
55775.209   -0.207433591394   -0.865097996439    0.2895    0.6963   0.173    8
55778.270    0.262771465207   -0.970898395281    0.5964    0.6514  -0.439    8
55797.227   -0.560501110325   23.217102007322    0.9457    7.9265   0.357    7
55799.268    0.184999149473    0.350600406307    0.3827    0.4986   0.093   22
55806.270    0.091812420955    0.103003199570    0.3429    0.4043   0.333   11
55817.206    0.186789636464    0.200001602479    0.1845    0.2627   0.078   17
55819.500   -0.025738009898    0.069901204824    0.1219    0.1418   0.138   39
55820.497    0.192845058868   -0.237297592776    0.1110    0.1483  -0.218   48
55821.498    0.162564660606    0.273200406298    0.1293    0.1450   0.097   40
55822.498   -0.167655476276    0.388800006590    0.2207    0.1536  -0.042   29
55823.499    0.108191440472   -0.028800002383    0.1426    0.1367   0.001   28
55824.500   -0.094838489034    0.100000801240    0.1014    0.1555  -0.005   58
55825.497    0.019134207135   -0.026499596117    0.1279    0.2171   0.099   23
55826.498   -0.290161235621    0.027100804800    0.1307    0.1595   0.025   60
55827.499   -0.078046529388    0.141001207510    0.1263    0.1628   0.163   45
55828.499   -0.053956993760    0.227300405697    0.1423    0.2020   0.228   33
55829.500   -0.132142249624    0.218700002108    0.1319    0.1188   0.053   56
55830.501   -0.008394336701    0.104601600981    0.0992    0.1192  -0.004   57
55831.498   -0.066619505172   -0.221497201380    0.1408    0.1716  -0.122   40
55832.499   -0.161048340321   -0.044899201157    0.0826    0.1152   0.019   61
55833.500   -0.153476597634   -0.237999597630    0.1644    0.1663  -0.097   30
55838.208   -0.016240293042    0.194900403017    0.1649    0.1829   0.096   55
55847.251    0.034551906163    0.097902000107    0.0871    0.1681   0.045  196
55848.270    0.108743154023    0.833000407852    0.3366    0.5616   0.201   27
55852.208   -0.141088252929    0.091602002783    0.1954    0.3776  -0.047   17
55853.271   -0.370685405782    0.940402802030    0.4823    0.6149  -0.347   19
55859.206    0.224228837285   -0.810597592249    0.2172    0.3163  -0.198   26
55867.190   15.005302914226   -4.861997997807   11.5327    4.3525  -0.971    3
55881.231   -1.196713168931   -0.692297994931    1.6649    1.3472  -0.350   18
55888.269    0.192296678508   -0.856897196400    0.5756    0.6354   0.103   20
55889.295   -0.353203006109   -1.892199600206    0.8205    0.4594   0.198   15
55895.231   -0.174810992590    0.045100806290    0.5123    0.4422   0.420   15
55902.229   -0.194909806458    0.343101598332    0.1889    0.6800   0.490   20
55909.227    0.010049430407    0.805201204912    1.6408    6.3374  -0.541    6
55916.229    0.206059283830    0.872200807578    0.1067    0.5561   0.688  179
55936.208   -0.331729884676   -0.087699601181    0.2078    0.1632  -0.051   30
55939.269   -0.060977022897    0.226101607836    0.2782    0.3644  -0.279   42
55950.208   -0.360361808667   -0.360997196935    0.2328    0.2692  -0.038   21
55951.227   -0.384312570873    0.192502807295    0.1475    0.2877   0.091   17
55953.269    0.350041497798    1.475402405049    0.4413    0.7047  -0.076   18
55960.271   -0.135858757730    0.319600806620    0.3561    0.4302  -0.103   13
55966.250    0.213218086389    0.016300803907    0.0776    0.1815   0.111  226
55967.272    0.676954780458    0.406601996872    0.6708    1.1438   0.150    8
55973.248   -1.767124936241    1.180900804343    0.9036    0.8705  -0.529    4
55974.271    1.359826209897   -0.851299203930    0.9671    1.8091  -0.793    5
55981.272    0.072404047113   -0.125798392503    0.5687    0.7297  -0.389   14
55988.267    0.062080403053    0.197503197796    0.7098    0.4601   0.237   22
55995.273    0.619416718823   -0.097898393392    1.8098    1.5571   0.908    4
56000.207   -0.215279547735   -0.399898802073    0.4775    0.4989  -0.405   16
56002.271   -0.846123290773   -1.626498001883    0.6516    0.5117   0.021   23
56006.208    0.416799729446   -0.691999200342    0.2007    0.3306  -0.141   38
56007.541    0.984737189174   -3.020097592810    0.5316    1.1787   0.128   22
56016.271   -0.590097687996    0.206402395975    0.8825    0.8386   0.073   16
56021.249   -0.237030122118   -0.473698801784    0.1878    0.3095  -0.156   15
56022.268   -1.518258182969    6.524002803587    1.1100    8.9290  -0.076    6
56028.211   -0.236204241861    0.036601198872    0.1884    0.2488   0.106   20
56058.267    0.226706525004   -0.529498800006    0.2864    0.4408  -0.382   30
56065.269    0.003855234582    0.213703205532    0.3891    0.5372  -0.202   20
56072.271   -0.542883270421    0.087703195106    0.3049    0.3474  -0.061   18
56075.540    0.158296485895   -2.417400001775    3.3252    2.2471   0.841   28
56078.250    0.219825222343   -0.468197998771    0.3825    0.5564   0.632   14
56079.269    0.238133502274   -0.324197999646    0.3763    0.2996  -0.361   16
56086.271    0.245566518486   -0.449197197838    0.2845    0.3595   0.205   12
56091.205   -0.211975979758   -0.034297198681    0.1925    0.2462  -0.234   22
56092.582  216.036594168540 -411.569899198128    7.2128   14.2766  -0.948    6
56093.269    0.112185448476    0.207500397664    0.3045    0.3965   0.030   16
56100.271   -1.567124361060    0.145303199872    0.9573    0.7329  -0.622   14
56107.273    0.016930733068    0.213602396570    0.3450    0.4796  -0.340   23
56111.543    0.742612965141    0.231202807299    0.5338    0.5478  -0.139   42
56114.271   -0.435378936785   -1.010599194728    0.2526    0.4418  -0.108   12
56119.231   -0.009771930509    0.523799998575    0.1460    0.3359   0.501    6
56128.271   -0.581287124921   -0.366796794538    0.2764    0.2923  -0.021   25
56133.227   -2.025905679690   -2.142799192484    1.2261    1.2891  -0.366    4
56135.273   -0.208536971549    0.144201604257    0.3183    0.3451  -0.263   14
56142.271   -0.734763722555    0.262799996165    0.3377    0.4710  -0.164   18
56146.208    0.109430307805    0.017701206900    0.1945    0.3223   0.185   91
56148.247    1.319770594881    1.532800804682    0.7826    1.0251   0.477   60
56153.207   -0.173436685026    0.759902400205    0.1411    0.2520   0.329   43
56160.208   -0.441850632508    0.000500399722    0.2277    0.2728   0.356   94
56163.269    0.078598195992   -0.457397997877    0.2981    0.4409  -0.183   32
56168.229    0.034826072870    0.239400000623    0.2839    0.7360  -0.245    3
56170.271    0.290990402123   -0.412297204377    0.2158    0.4691  -0.057   43
56182.229   -0.657956013554    0.577303197247    0.7505    0.6307  -0.452   42
56184.271    0.041707375531    0.193100396473    0.2545    0.3200  -0.315   19
56188.209    0.335723892680    0.320302798684    0.1317    0.2451   0.017  113
56198.271    0.141227026351    0.599803202306    0.2134    0.2984   0.522   28
56212.271    0.201794395364   -0.070397997831    0.2271    0.3005   0.063   62
56217.228   -0.082037204200    1.200301196036    0.4952    0.6295   0.127   48
56237.207   -0.018443767108    0.035301604839    0.8245    0.7263   0.415   38
56239.249   -1.132568018288    0.810201595414    1.9886    1.1564  -0.853    4
56245.228    0.393536121022   -1.201798801276    0.4552    1.4452   0.283   27
56246.250   -0.452587169751    1.773500399338    0.4511    0.4241  -0.182   12
56246.583    6.009032833253   -6.596398793590    6.2805    5.8687  -0.625    6
56247.269   -0.287544821426   -0.680399992348    0.3119    0.4820  -0.083   30
56252.266    0.168894296662    0.419101195348    0.3004    0.3173  -0.365   25
56259.228    0.211705099296   -0.075898800844    0.2970    1.0071  -0.720    3
56268.271    0.258780743448   -0.128599198490    0.2683    0.3314  -0.102   32
56273.231   -0.089744387119    0.145501198290    0.3612    0.4041   0.259   15
56274.583   15.717632147914   23.037703201112    0.7141    0.9284  -0.070   90
56275.270   -0.083963178369   -0.224398803539    0.3258    0.5789   0.352   39
56280.208    0.013627165091   -0.476100004221    0.1837    0.2564  -0.121   87
56281.230   -0.121541152612    1.334401197539    0.8745    2.3039   0.427    9
56282.271    0.002755140671   -0.159199194627    0.1816    0.2890  -0.081   68
56295.209   -0.074191247859    0.595101606393    0.1573    0.2377  -0.072  102
56301.228    2.551722776811    2.259201606591    2.5694    6.2447   0.829    4
56310.271   -0.215144107504   -0.818999997421    0.2783    0.4783  -0.087   86
56316.583   10.530084642500   -6.928200004097    1.3539    1.6390  -0.078   88
56317.270   -0.229597152853   -0.889099200663    0.5257    0.7412   0.629   19
56321.207    0.007297529035    0.007300796767    0.1135    0.2419   0.069   96
56335.185    0.247905432783    0.040201199170    0.7540    0.7303   0.228   15
56337.227    0.853282093332   -0.160599597621    0.6999    0.6849   0.395   14
56338.271   -0.074052521384   -1.232499593584    0.2591    0.4895  -0.233   41
56343.228    0.602624759176   -0.102798000512    0.3097    0.5859  -0.130   79
56344.262    2.012278514598   -2.597497193335    1.4373    2.0476   0.053    3
56345.270   -0.055195814147   -0.171298802343    0.4029    0.3682   0.155   46
56359.270    0.422855151849    0.315701998943    0.2115    0.3201  -0.076   68
56365.581    1.727759761252   -1.764399596027    1.3321    1.6822  -0.411   43
56377.207   -0.119063464892    0.389501998654    0.1537    0.3708  -0.019   81
56378.270    0.393536121022    0.445499995294    0.2680    0.3942  -0.324   60
56385.206   -0.431939928576    0.047300403594    0.2637    0.3351   0.076   98
56387.270    0.056299194302    1.098900004592    0.3158    0.4683   0.487   18
56391.207   -0.252309094671   -0.238798804730    0.1677    0.2584  -0.172   99
56394.272    0.666631183344   -0.319197596355    0.3284    0.3852   0.124   57
56401.270   -0.046385251072    0.064400401811    0.2346    0.5222  -0.184   56
56406.230    0.685213676928    0.245203204940    0.5930    0.7282   0.307   84
56408.268   -0.196009900369   -0.543297592515    0.4850    0.9427   0.137   19
56412.209    0.012940011309   -0.079898404692    0.2312    0.1886   0.355  131
56415.270   -0.527330131161   -0.495597598160    0.2892    0.4301  -0.121   37
56422.275    0.006607089008    1.540501205000    0.6802    0.6657  -0.201   38
56427.228    0.005781208750    0.155001605151    0.1960    0.1909  -0.504   55
56433.185   -2.139326709254    9.037702797343    0.3791    0.6078  -0.089  107
56434.208    0.682461822501    0.710200806964    0.6895    0.7573   0.318   16
56436.268   -0.344808669408   -0.564498003541    0.5394    0.6647  -0.136   48
56441.206    0.072542773589   -0.675799192607    0.2629    0.3517   0.064   31
56450.268   -0.392710240765    0.099403199272    0.4116    0.3948  -0.118   37
56456.583    2.354748269709  -17.992098000263    1.7075    5.2099  -0.659   35
56457.270   -0.153476597634    0.131101197098    0.2568    0.3176  -0.210   71
56463.249    0.362429795557    1.749902405379    0.2112    1.3115   0.653  167
56464.272    0.197526220653    0.090601203340    0.2691    0.4012  -0.304   86
56468.206    1.237459223974    0.383000396198    0.2499    0.1876   0.476  160
56469.228   -0.154576691544   -0.608399999180    0.3680    0.6566  -0.013   93
56471.270   -0.560226943618   -0.287499598528    0.3762    0.4123  -0.313   82
56476.270   -0.071026453304   -1.063998003303    0.2933    0.3649   0.224   81
56485.270   -0.896363776427   -0.911599192932    0.3844    0.4014  -0.172   36
56490.208   -0.135445817601   -0.252899998543    0.1198    0.1973  -0.151  120
56491.582   24.894771883178   -8.679196804451    2.6086    6.4673  -0.239   51
56492.272    0.383212476962   -0.523396801100    0.3506    0.5165   0.125   31
56499.270   -0.352654625749   -0.953197201170    0.3767    0.6405   0.249   17
56503.211    0.059328548626   -0.558799202111    0.3195    0.4025  -0.176   62
56506.272    0.045149716931    1.271800802272    0.2868    0.5449  -0.142   46
56517.207   -0.095803142714    0.907401603456    0.1392    0.3662  -0.274  177
56518.270    0.256990209511   -0.342997195446    0.1843    0.1814  -0.265   58
56525.228   -0.474473231312   -0.190198794314    0.2941    0.5309   0.035  203
56527.270   -0.086027925959    0.255700804530    0.2086    0.2105  -0.212   95
56533.253    0.932567396160   -0.677797197568    0.5850    0.5585  -0.095   16
56534.272   -0.284105813217   -0.096397194227    0.2095    0.3754  -0.235   47
56540.583    2.471750320202  -12.093897595378    0.8692    1.5814  -0.012   40
56548.272    0.273782216103   -0.003999603848    0.6689    1.1962   0.100   12
56553.207   -0.417486883228   -0.135097194232    0.2664    0.2660  -0.332   85
56555.270   -0.025050856116   -0.606798003844    0.2024    0.3840   0.012   17
56562.272    0.100210043900   -0.333197993996    0.2161    0.2579   0.036   51
56567.228    2.030312627822    4.627602007190    0.2881    0.3538  -0.093   68
56574.227    0.800838133612   -0.549496793667    0.8743    0.9314   0.491   13
56575.582  -13.828407773020   -7.300897192408    0.9745    2.1979   0.136   25
56596.269   -0.050379212130    0.070502400717    0.1867    0.1645  -0.105  121
56604.272    0.197800387360    0.052502399228    0.2323    0.2091   0.203  138
56608.188    0.400694923581    0.066402000698    0.2269    0.3066  -0.020  184
56609.207   -0.001374260618    0.243900004193    0.1152    0.1477   0.156  292
56610.229    0.289474081839   -0.423496796031    0.2329    0.3139  -0.108  182
56610.584   -7.508018082612    9.844700402084    1.4424    1.6928   0.138   27
56611.270    0.478602679547    0.001900802715    0.2564    0.4104  -0.042  108
56616.227    0.477502585636   -0.225097201678    0.3126    0.5062  -0.030   30
56617.249   -0.519206674922    0.266101201873    0.1911    0.3056  -0.012  209
56618.272   -0.441573132610    0.350402407889    0.3351    0.3795  -0.220   88
56623.272    0.735318675404   10.498500002143    0.2702    0.3547   0.074   71
56625.329   -0.534485647475   -0.959799599798    0.1992    0.4181   0.224   19
56627.283    0.136410424334   -0.559598396421    0.1917    0.4592   0.126   29
56630.581   13.669840406663    0.412700401853    0.5801    1.0198   0.184   70
56631.271    0.082314704098   -0.193500000023    0.1992    0.3492   0.412   36
56632.269    0.205372176994    0.092901596815    0.1695    0.3347   0.141   70
56633.266   -0.197109994280   -1.221397204176    0.1510    0.4378   0.614   53
56635.260    0.203307429404    0.236203197801    0.1738    0.4695   0.550   41
56637.254   -0.053544053631    0.014202002774    0.1557    0.3136   0.314   52
56639.270   -0.073091200895    0.140500807788    0.1399    0.2314  -0.073  107
56640.268   -0.030970838288   -0.268297192463    0.1795    0.4094   0.301   31
56642.207   -0.283828313320   -0.863596797274    0.1903    0.4131   0.450   30
56644.227    0.836212586842    2.306203202807    0.5710    1.2203  -0.354  174
56650.206   -0.138336398503   -0.307699197322    0.1400    0.3941  -0.050   77
56667.270   -0.599595404852   -0.136799998529    0.1980    0.3406   0.297   77
56673.582    2.983388538681    7.674300005078    1.3603    2.2695  -0.173   77
56674.269    0.201794395364   -0.420699596759    0.2523    0.4027  -0.115   96
56681.270    0.119479691266   -0.844898397645    0.2562    0.4391  -0.021   45
56686.209   -0.043081683095   -0.401997603205    0.2277    0.1966   0.264  177
56688.269   -0.097590343460   -0.565297197852    0.2324    0.3004   0.002   71
56692.206   -0.040055615016   -0.203097596341    0.1028    0.1550   0.256  270
56695.271    0.293742303496   -1.058399998044    0.2469    0.4884  -0.147   28
56707.229    0.604550733345    0.394401605774    0.3109    0.2152   0.290  150
56708.248    0.045975597188    0.336502806420    0.2368    0.3440   0.120  188
56713.208    0.060428642537   -0.388198797907    0.1279    0.1872   0.048  196
56714.227    0.128151527864   -0.525999595880    0.2116    0.2628  -0.222  179
56715.250   -0.278598771174    0.731001601650    0.2580    0.2986  -0.042  144
56716.269    0.066761564838    0.180702006958    0.1577    0.1872   0.043  105
56720.206    1.206075445557    0.818402395453    0.3003    0.2132   0.422  182
56721.229    7.327977594823  -14.203098000110    0.4226    0.4340   0.044   20
56730.272    0.075433401437   -0.411897600827    0.2284    0.2629  -0.008   72
56735.583    1.241311172311   10.662501601644    1.1844    1.8073  -0.728   87
56737.271   -0.113146815911   -0.237599994080    0.4561    0.3406  -0.239   94
56748.206   -0.059325262382    0.216601200975    0.1777    0.2044   0.196  138
56750.270   -6.321767284217    7.637302796581    4.7505   15.1102  -0.685   10
56756.227   -1.843932645242   -0.154699203847    0.4438    0.3005   0.179  337
56762.206   -0.002064747591   -0.270698394900    0.1012    0.1252   0.011  128
56763.273    0.026428449925   -0.114699597020    0.1561    0.1966  -0.018   77
56772.273   -0.152924931029    0.088200000903    0.2471    0.4050  -0.163   35
56776.206   -0.081211323943    0.367002006385    0.1330    0.1520  -0.135  162
56777.269    0.241850010380   -0.034999203535    0.1812    0.2349  -0.043   68
56783.497    0.173023744897   -0.202096796897    0.2322    0.1049   0.393  356
56784.497   -1.003590563219   -0.385696799299    0.3610    0.1023   0.654  299
56785.498   -0.139162278760   -0.517298396119    0.0696    0.1033  -0.061  441
56786.499    0.116314896711   -0.130798795794    0.0829    0.0961   0.178  297
56787.500   -0.037439200821   -0.090298802036    0.0655    0.0778   0.061  407
56788.501   -1.737118751633    0.247802405795    0.6688    0.9105   0.697  216
56789.498   -0.025876736374   -0.215697603778    0.0618    0.0765  -0.002  356
56790.498   -0.145904854946    0.047501995937    0.0714    0.0912  -0.103  369
56791.499    0.276259856877   -0.284399997952    0.1477    0.5773  -0.533  302
56792.500    0.740822431203   -0.378399596457    0.5179    0.1603  -0.799  237
56793.497   -0.140814086222   -0.206197196917    0.0754    0.0890  -0.148  244
56794.498   -0.061664176679   -0.088797602871    0.0730    0.0925   0.067  210
56795.499   -0.033309752586   -0.132299994959    0.0620    0.0815   0.083  288
56796.500    0.181834307972    0.010900797065    0.0830    0.1405   0.266  243
56797.500   -0.253683355289   -0.061199992274    0.2618    0.1300  -0.418   83
56799.582    2.601137382208    6.537402005335    0.9365    1.6310  -0.261  137
56800.269   -0.654378278870   -0.435797996090    0.3661    0.2682   0.534   98
56805.207   -0.199587635053    0.477201599836    0.0872    0.1278  -0.122  286
56807.271    0.163251814388    0.043300799746    0.4173    0.3891  -0.477   49
56819.207   -0.143978880777    0.085802405181    0.0991    0.1567  -0.019  129
56826.209    0.356784027037   -0.455399992916    0.1716    0.2031  -0.188  113
56828.269   -0.536137407991   -0.252097197517    0.2056    0.2306   0.252   81
56832.206   -0.090847814221    0.280400406893    0.0937    0.1177  -0.115  251
56835.271    0.263458572043   -1.605898799539    0.2897    0.6636  -0.191   11
56842.291   -0.059738202511   -0.444600004812    0.1058    0.2078  -0.038   86
56846.206   -0.235926741963   -0.553096793965    0.1011    0.1493   0.099  217
56850.498   -0.209637065460   -0.509698804763    0.1076    0.1899   0.110   92
56851.499    0.067174504967   -0.369698396696    0.1008    0.1963   0.134   63
56853.208   -0.286031787386   -0.107499596425    0.2013    0.2173   0.289  146
56855.582    7.864666669418  -13.923698392659    2.7644    3.5701   0.272   58
56856.269    0.032074218444    0.178902000414    0.2025    0.2302   0.135   66
56857.500    0.042259089082   -0.769197595218    0.2972    0.2664   0.169   54
56858.501   -0.719623523424   -0.303098397580    0.2414    0.2044   0.139   63
56860.206   -0.226293584875    0.071902803711    0.0883    0.1254  -0.075  133
56870.269   -0.161461280450   -0.315698392228    0.2183    0.2402  -0.123   72
56875.792   -0.240194963620   -0.291398393415    0.0885    0.1893   0.163   61
56877.271   -0.548525752696   -0.630799195278    0.2730    0.4008  -0.288   83
56878.498    0.290299962097   -1.438498804873    0.3475    0.3863  -0.328   31
56879.503   -0.459055532283   -2.406499204710    0.3627    0.9147   0.345   26
56885.496   -0.164900288658   -0.383997601716    0.1243    0.1660   0.230   92
56886.501    0.242398437686   -0.244799994675    0.1374    0.1791   0.271   87
56891.271   -0.040191055247    0.576899999771    0.3438    0.6898  -0.300   20
56895.208    0.079424076250   -0.155098794608    0.0982    0.1048   0.251  198
56899.496   -0.217070081672    0.289800004794    0.2730    0.2305   0.140   36
56900.501   -0.081624264071    0.599803202306    0.2466    0.2261   0.228   36
56901.790   -0.426019993350    0.140202000409    0.1119    0.1913   0.086   66
56901.794   -0.867318912307   -2.163697202207    0.3721    1.5821   0.792    4
56903.207   -0.119340964790   -0.064998003779    0.0898    0.1117  -0.123  179
56904.665   -0.504066475792    0.108201601279    0.1567    0.3250   0.107   35
56905.271    0.290025795390   -0.230097592180    0.9666    1.1053  -0.845    7
56905.662   -0.995057500043   -0.310798797898    0.1884    0.3416   0.100   48
56906.659    0.829331284181   -1.524196794378    0.1709    0.3076   0.129   49
56907.656   -2.507121487187   -0.530596801696    0.2284    0.4128  -0.041   45
56908.412    1.355283821533   -0.646397994331    2.2706    1.1605  -0.172    5
56909.208    0.076807662055    0.360302405511    0.2015    0.3189   0.092   79
56910.969   -0.552380987277   -1.186099193262    0.2201    0.3399  -0.165   35
56911.645   -0.305991874778   -2.045797195649    0.1709    0.3164   0.165   47
56912.269   -0.332420324703   -0.563497204098    0.4759    0.8534  -0.396   13
56912.642    0.531046639267   -2.119996798911    0.1859    0.3345   0.132   49
56913.639   -1.011023579432    2.080800005899    0.1759    0.3301   0.117   48
56914.636    0.162425934130   -0.031499999409    0.1773    0.3205   0.142   48
56915.399    7.387854523809   -0.581198398208    1.3245    1.0326  -0.066    6
56916.959    0.750184707829   -0.885697198783    0.2453    0.4631  -0.182   27
56917.627   -0.891821388064    0.935503207700    0.2321    0.3252   0.303   49
56918.625   -0.021334348010    0.712400404268    0.1853    0.3580   0.120   49
56919.603    0.359261714757   -1.597298395950    0.2081    0.4108   0.129   27
56920.619   -3.621797404971   -3.580397994085    0.2308    0.3512   0.208   45
56921.616    0.895128195339    0.723401997504    0.2680    0.4866   0.139   34
56923.208   -0.050379212130   -0.336999599426    0.3590    0.3100  -0.616  151
56924.790   -0.137784731898   -0.397699204768    0.3525    0.5438   0.215   33
56926.269   -1.244201753213   -0.542397602032    0.1406    0.1651  -0.092  106
56932.270   -0.062077116808   -0.147099599701    0.1909    0.2658  -0.161   73
56934.498   -1.099806646062   -0.458596795738    0.1768    0.3646   0.111   31
56935.499    2.898734920285   -1.320796796733    0.2614    0.3296  -0.119   42
56937.208    0.046527263793    0.234000006571    0.2173    0.2385   0.058  115
56939.250    0.652865244830    0.459403203479    0.1686    0.2813   0.144   62
56941.496    0.246666612397   -1.412899199238    0.3044    0.3792   0.182   48
56942.501   -5.021266336702   -8.023399199431    0.3878    1.1123   0.616   48
56945.792   -0.302549580325    1.059202799070    0.2015    0.3133  -0.146   56
56948.498   -0.317554339225   -0.969897595837    0.3251    0.2851   0.093   57
56950.168    0.188441443926    0.844801195399    0.2712    0.3368   0.261   60
56962.502   -0.092086634608   -0.803797195204    0.1418    0.2062   0.301   87
56963.503   -0.167655476276    0.136400407769    0.1547    0.2040   0.268  100
56967.250  -13.709892735434    0.365803195734    0.1699    0.2089   0.099   65
56968.269   -0.208398245074   -0.340199996174    0.1897    0.1794   0.411  112
56973.229    0.003442294453    0.216601200975    0.6089    0.5363   0.037   39
56974.248   -0.764221526804    0.183801607534    0.3471    0.2914  -0.157   81
56975.271    0.189819037735   -0.557899198839    0.1995    0.3392  -0.350   53
56976.498    0.893337708348   -0.353797196340    0.1433    0.2537   0.076   62
56977.499   -0.754723809947    0.440402402546    0.1198    0.2473   0.153   72
56979.209    0.481906200578    0.192103203744    0.1226    0.1866  -0.105  113
56980.228   -0.553345640957   -0.072899996439    0.3262    0.3507  -0.100   77
56981.247    0.778126191793    0.477500407214    0.2541    0.3147  -0.027  109
56982.269   -0.259877551114    0.227800805419    0.2704    0.4060  -0.308   42
56983.497   -0.273782216103    2.894500805439    0.2898    0.3809  -0.238   75
56984.501    0.164216468068   -1.439197203013    0.2690    0.2521   0.145   59
56986.167   -0.805654735628   -0.024299998813    0.1065    0.2463   0.245   74
56990.498    0.760921245071   -1.237499996876    0.2004    0.2484   0.245   69
56991.503   -1.162851702794   -0.107499596425    0.1638    0.2082   0.249   90
56996.269   -0.346460429923    0.918403196692    0.2841    0.6724   0.250    6
56997.497   -0.879571769835   -0.274597202576    0.3917    0.3083   0.051   37
56998.501   -0.726369385854    0.103701597709    0.3650    0.2982   0.120   42
57002.230  -22.856752025490   14.345600406784    1.3477    1.3561   0.411   15
57003.271    0.092638301212    0.011502005748    0.2059    0.1720  -0.334   24
57004.498    0.050930925681   -0.550598402072    0.2132    0.1974   0.010   78
57005.499    0.189406050659   -0.715096794579    0.2292    0.2284   0.154   73
57006.792   -0.213079359913    0.186501604560    0.0868    0.2172   0.214   87
57011.551    0.424784459209   -0.383399999748    0.1847    0.3989   0.059   72
57011.610    1.680135689793   -0.969397196116    0.3058    0.3065  -0.039   74
57012.501    0.324987308491    1.240502395206    0.2357    0.2237   0.119   74
57015.270   -5.096973904845   -0.707698795566    0.2633    0.2866  -0.317   18
57028.207   -1.578409325609    2.707700406290    0.1690    0.4215   0.087   52
57032.290    1.008136237828    1.828601999421    0.3995    0.4898   0.359   31
57036.209    0.750597647957    1.778900406180    0.1198    0.2614   0.017   49
57039.497    0.259054957101   -0.190396792732    0.1972    0.2565   0.273   65
57040.501    0.543712436923   -0.233596796306    0.1951    0.2358   0.276   76
57043.208   -0.381696156677   -0.677998802701    0.1147    0.1327   0.159  176
57044.581   -2.660601371065  -24.706396800411    1.7303    2.3687   0.134  223
57045.271    0.101584351464   -0.217897201082    0.3290    0.2155  -0.232   22
57046.499   -1.695137162448  -11.451797999484    0.3733    0.8325   0.347   22
57047.499   -2.238985039603   -0.979999198591    0.2538    0.7235   0.232   32
57052.270   -0.270478648126   -0.529498800006    0.2023    0.2403   0.158   36
57053.511   -0.455064857470    1.533200395443    0.7378    0.9675   0.528   16
57054.501    1.026992945065    1.710601196692    0.7406    0.9468   0.616   18
57057.230   -0.555823281730   -0.895499994158    0.1570    0.2456   0.254  105
57058.249   -0.291400056007    0.849902407651    0.3215    0.3838  -0.080   61
57060.342   -0.329252196957    0.743803201431    0.1587    0.2463   0.080  106
57061.291    0.052582686196   -0.166399195223    0.1066    0.1914   0.264  106
57062.230   -0.006329636056    0.863402405571    0.1104    0.2424   0.210   94
57064.228    0.167932976174   -1.310799596865    0.8354    1.2973  -0.072   70
57065.247    0.634421477722    0.867301200458    0.3603    0.3521  -0.070   79
57066.273    0.025189629538    0.144302400429    0.1573    0.1922  -0.142   62
57067.289    0.017895339802   -0.806400002773    0.1386    0.2125   0.260   99
57068.289   -0.352377125851    0.250200001517    0.1029    0.2079   0.131   97
57069.228    0.684939463274    0.005601599185    0.1454    0.2191   0.231  103
57071.226    0.199729694720   -1.168099204563    0.6152    1.7127  -0.094   82
57072.249   -0.162009707756   -0.413499596164    0.1037    0.1983   0.150  103
57072.581   10.895405065905  -64.118797196500    7.9834   10.9651   0.263  130
57073.271    0.361878128952   -0.085899594637    0.1638    0.2094   0.153   93
57074.290    0.034687346394    0.266702397766    0.1184    0.1881   0.028  109
57075.291    0.178392013519    0.283003201673    0.1510    0.2406   0.171   75
57076.394   -0.430701108190    0.884300402504    0.1687    0.3094  -0.276   95
57077.209   -0.042946242864    0.943603198778    0.1280    0.1541  -0.012  182
57078.228   -0.383347964139   -0.364697993405    0.1296    0.1961   0.294  100
57079.229   -1.017356501733   -0.403498802370    0.1286    0.1968   0.229  108
57080.273   -0.059876975933   -0.307897195739    0.2239    0.2645  -0.173   76
57081.289    1.559555904617   -3.945797992344    0.1587    0.3593   0.150  102
57082.293   -0.416935216623    0.866102402597    0.1543    0.2860  -0.028  101
57086.581  -31.760109591598   78.052003196660    4.1016    7.1509  -0.863    9
57087.271   -0.075568841668    0.001900802715    0.2377    0.2094  -0.156   64
57093.251   -0.269788208100    1.108400398664    0.1455    0.2114  -0.064  141
57093.579  -54.862979849125   76.724701203545   10.3899   16.0749  -0.984    6
57094.270   -0.394084501382   -0.001598401411    0.2356    0.2183  -0.363  177
57095.497    0.615977757561    1.195700396295    0.3316    0.3081   0.161   57
57096.501   -0.206607711136    0.222001207817    0.2588    0.2497   0.160   63
57098.207    0.190367418094   -1.278198001842    0.1296    0.2819   0.319  217
57101.271    0.154718751211   -0.130697999623    0.2234    0.1406  -0.192  163
57102.499    3.677409492438   -1.135598392921    0.4453    0.5003   0.035   38
57108.270   -0.323609761629   -0.717397200845    0.1288    0.1887  -0.058   90
57109.497    0.210879172091   -0.390196802869    0.1176    0.1838   0.096   90
57110.501   -1.054795702553   -1.078599596838    0.1309    0.2111   0.076   86
57112.207   -0.374814854016   -1.134899994781    0.1982    0.1844  -0.025  159
57114.274    0.230148819457   -0.190497601693    0.4323    0.2831  -0.384   27
57122.270   -0.107365560214    0.005900406563    0.1249    0.1692  -0.050   84
57123.497   -0.140262372671    0.782902804985    0.2371    0.2223   0.155   63
57124.501   -0.279150484725    0.099201606929    0.2181    0.2011   0.091   61
57129.272    0.384864284424   -0.161297995760    0.1285    0.1603   0.069  102
57130.499   -0.983220868889    0.765802806768    0.1333    0.2102   0.016   84
57131.500   -0.069235919367   -0.347597995187    0.1218    0.1864   0.038   88
57136.273   -0.305440161227    0.044701202739    0.1208    0.1641   0.000  134
57137.497   -0.088505566733   -0.500799593794    0.2174    0.2131   0.002   56
57138.501    0.164629408196   -0.043498798163    0.2153    0.2088   0.047   53
57142.271    0.054234493658   -0.179697600799    0.1463    0.1690   0.100  150
57143.290   16.512963239482 -188.828798395946    0.7071    0.6368  -0.196  225
57150.270   -0.368620705137   -0.023497197787    0.1506    0.2137   0.101   75
57156.760  494.006190870890 -846.807397195448   76.8726  106.2056  -0.946    3
57157.268    0.041984875429   -0.333496801375    0.1577    0.2010  -0.173  147
57164.270   -0.460707292799    0.264801607841    0.1776    0.1884  -0.006  100
57169.208   -1.230574588122   -0.481499998273    0.1585    0.2485   0.053  111
57171.268    0.216795868019   -0.010299601172    0.1937    0.2109   0.026  106
57173.500   -0.017066173299    0.062902796572    0.1345    0.1447   0.241  132
57176.228    0.124022079630    0.120103197787    0.0898    0.1392  -0.017  185
57177.229   -0.192154618841   -0.110898004380    0.0844    0.1269  -0.051  184
57178.270    0.022850715241    0.009302395654    0.1264    0.2074   0.089  130
57179.289   -0.475299111570   -0.107499596425    0.0776    0.1245   0.089  192
57180.293   -0.054921600494   -0.459799200314    0.1136    0.1374  -0.114  158
57184.227   -0.694985607437   -0.843199200062    0.1982    0.1673  -0.342  173
57185.268    0.008810563074    0.116701195907    0.2413    0.1785   0.061  149
57186.291   -0.508057197551   -0.180298796693    0.0828    0.1358   0.133  215
57187.291   -0.191606238481    0.363902405809    0.0836    0.1504   0.059  191
57190.246   -1.081501652376   -0.167799598216    0.1659    0.1912  -0.130  175
57191.123   -0.430562381714   -0.585399594399    0.1139    0.1743   0.012  201
57192.270   -0.510534838324    0.298501204554    0.1569    0.1902  -0.095  145
57193.289   -1.890046968906   -0.436399204773    0.1178    0.1666  -0.035  205
57194.290   -0.328978030250    0.110001607823    0.0916    0.1567   0.157  198
57195.228    0.310947203271   -0.038296802529    0.0888    0.1391   0.083  198
57197.226   -0.037300474345   -0.400197596662    0.0921    0.1542   0.068  202
57198.227   -0.401243303941   -0.580197598765    0.0862    0.1393   0.121  193
57199.272    0.407302012589   -0.039600003277    0.1476    0.1689   0.087   94
57201.500    0.364355769725    0.025200002085    0.1256    0.1606   0.128  143
57204.363    2.070229516363   -0.104497198095    0.5819    0.5286   0.152  207
57218.232   -0.049414605396    0.734601601948    0.3793    0.4694   0.082   68
57239.208   -0.338614473582    0.020901603648    0.0946    0.1073   0.059  234
57246.206    2.265690989425    0.519901203688    0.1283    0.1159   0.077  450
57259.209    0.835664206482   -0.218498396976    0.1436    0.1124   0.030  180
57260.228   -3.624275092691   -1.555797602748    0.5384    0.5746   0.451   70
57261.251   -0.824372669443   -0.606499196465    0.3879    0.3613   0.074  133
57267.230    3.085247056852    0.484401600431    0.2364    0.5861  -0.035  580
57272.997    9.030821940190  -18.997599602244    4.8596   12.8121  -0.968   10
57274.206   -0.725543505597   -0.036997195707    0.0944    0.2179  -0.317  232
57280.207    2.119508634582   -1.730797201560    0.1041    0.0991  -0.363  330
57281.584   79.795468433021 -333.711899995137   87.2952  128.0638  -0.897   23
57291.501 -115.955640347859 -555.922497603945    1.8938    3.0223  -0.053   91
57294.207   -0.803177047909   -1.155599993297    0.0906    0.0907   0.065  224
57297.272   -0.487409956376   -0.671399997998    0.1086    0.1464  -0.020  112
57301.209   -0.254096295418   -0.975499195022    0.0890    0.1087   0.086  224
57302.228    0.173162471373   -0.030196798662    0.3370    0.3609  -0.064  117
57304.241    1.450674024118    2.015301602398    0.0895    0.1498  -0.147  181
57309.208    0.432217428474   -0.775098001782    0.0950    0.0944  -0.055  318
57311.272   -0.275846916748   -0.616899593808    0.0962    0.1333  -0.085  228
57315.209   -0.194219366431   -0.041997598998    0.0998    0.1014  -0.409  587
57317.207  103.891053943103  -10.724198399714   16.6697   22.4009  -0.414   21
57322.208   -0.630840456794   -0.542498398204    0.2516    0.3247  -0.036  331
57324.249 -732.244190893072  797.878000801688   60.0664   93.9027  -0.947   34
57330.583  -19.825187748746  271.527101999425   56.8469   89.7330  -0.874   29
57337.227    0.590510628125    0.078901199174    0.5438    0.7597   0.249  280
57338.249   -0.521135935336    0.773402398124    0.3302    0.3236  -0.248  155
57338.582   10.826165860293  100.911801602876    2.4900    5.7087   0.155   60
57344.228    0.301862426544    0.373600798298    0.2477    0.3781  -0.371  192
57345.247   -0.364491256902   -0.948196797879    0.2908    0.4629   0.067  197
57346.270   -0.838277334432   -0.525697194576    0.1131    0.1192   0.129  171
57350.584 -276.686300701557  430.675200001929   63.8984  107.0064  -0.961   30
57352.626  339.725307316553 -542.184397193068   51.7451   81.5289  -0.943   35
57357.209   -0.116724550595   -0.210499202069    0.0712    0.0984   0.092  227
57360.833 -336.016375319222  235.777701605855   58.3856   86.7540  -0.889   36
57361.647  160.300097971984  -90.208897196931   60.7709   89.3617  -0.841   28
57365.227   -0.179217893776   -1.917900002013    0.2716    0.6681   0.410  811
57367.268    0.267726793700    0.042102001885    0.0985    0.1511   0.046  169
57371.001    2.754891479739    1.994500807712    2.2307    4.3752  -0.322    3
57372.225   -0.624507534492   -0.095198396366    0.5098    0.9378  -0.004  170
57373.248   -1.106826722145   10.774202407049    1.4288    5.0480  -0.657   36
57395.272    1.166155270772    2.314900795852    0.3108    0.3408  -0.033   30
57398.771    0.858789088429   -1.183096794932    0.1631    0.2214   0.126   25
57400.207    0.895541182414    0.177703202553    0.0782    0.1077   0.099  393
57402.270    0.106952620085    0.220201201273    0.1546    0.2576  -0.328  126
57406.208    0.509160577706   -0.447199192877    0.1124    0.2603   0.415  283
57414.207   -0.147556615461   -0.082598401718    0.0757    0.0834   0.123  361
57421.227    4.170326443912   22.366501201532    0.1651    0.2169   0.050  185
57423.269    0.260845491039   -0.393299997370    0.1288    0.1722  -0.120  106
57428.225    0.096767749447   -0.498398404147    0.3923    0.4737  -0.378   88
57428.229    0.169171796560    0.124502405185    0.0949    0.1789   0.082  149
57429.248   -0.208536971549    0.169200001210    0.3447    0.3684  -0.106  122
57430.270    0.212118039424   -0.187797604667    0.2091    0.2413  -0.097   64
57434.208    0.844471483311    0.232700399749    0.1521    0.2446  -0.226  261
57435.227   -1.214882722386   -1.645099199266    0.4993    0.5912   0.391  193
57436.257    0.051343865810    0.077302797763    0.4759    0.4575  -0.177   63
57442.236    0.911094321674    3.370201206110    0.1327    0.1800   0.141  179
57444.270    0.131180882188    0.687801598076    0.1590    0.1990  -0.113  127
57448.208    0.317693065701    0.130903198681    0.1096    0.1191   0.198  271
57451.269    2.522955412589   -1.546797595608    0.1912    0.2562  -0.006  100
57463.231    0.994234906030   -0.152596795999    0.1991    0.1963   0.159  113
57464.250    5.071784275307   32.122400406820    0.6626    1.3703   0.356  535
57465.269    0.152102337016   -2.515899603850    0.1287    0.1639  -0.056  193
57477.209    4.057318401423    2.932700405722    0.1625    0.2303   0.235  255
57480.496    0.434417616296   -0.500299194073    0.2525    0.2394   0.015   96
57481.497   -1.000564495140    0.219103199584    0.2438    0.1979   0.092   90
57483.206   -0.218996055841    3.062102405238    0.2192    0.2960   0.245   41
57484.229   -1.090308929206   -1.952697600416    0.8268    1.2119   0.758  367
57491.231    0.117689157328    0.319600806620    0.1179    0.1566   0.133  183
57507.269    1.060441471073   -3.463099196210    0.1690    0.2628  -0.105   69
57514.271   -7.364865082092   10.882101607024    0.7605    0.8722  -0.780   33
57518.208    0.995747940070    0.199702807890    0.3758    0.3642  -0.075   91
57520.250   26.724528936023   -5.912099993566    1.0023    1.4443  -0.304  217
57526.207    2.637341048887   -3.051198001458    0.1965    0.2635  -0.158  203
57528.271    0.489477990212    1.187100005495    0.3499    0.5516  -0.010   26
57535.269    1.390522881479    0.688100405455    0.6351    0.9236   0.097   27
57540.207   -1.550193627991   -6.192597602706    0.3152    0.8667   0.663  149
57548.250    0.256025602777   -0.283798802059    0.1300    0.1856   0.085  108
57554.229   -0.346321703447    0.311900406302    0.1486    0.2072   0.163   61
57561.227    0.207162663985    1.809601198488    0.3743    0.6352   0.339  190
57567.206    1.271320643164    1.564801203813    0.2323    0.3971   0.191  139
57569.248   -5.450867350981   -2.963397604105    0.2529    0.2996   0.032   57
57577.269    1.872429082056   -1.972997995381    0.2443    0.3844  -0.153   51
57581.206   -1.353906274671   -3.579397194642    0.2073    0.2193  -0.027  269
57583.248    0.808822816428   -2.031598799590    0.4051    0.7622  -0.212   29
57597.248   -0.062767556835    2.452500001482    1.3207    1.2523  -0.168  294
57602.208   -0.317967279354   -1.874199598717    0.3212    0.6620  -0.081   70
57609.206   -0.580322471242   -4.988199600575    0.1459    0.2144   0.150  206
57610.229   -8.122479472942    2.213100000859    0.4251    0.4394  -0.145   95
57612.271   -1.709177267668    6.182002800870    0.1815    0.3058  -0.055   74
57619.269   -2.546351221945    0.482202003127    0.2149    0.3157  -0.191   57
57623.206   -1.698027790297   -1.547697598880    0.2101    0.4063  -0.294  100
57624.229   -0.977162113295   -2.401498801419    0.3467    0.6475   0.190  278
57630.208   -0.453687263662    0.045302398632    0.1939    0.1721  -0.022  203
57637.082   -0.924995653472    0.237002404901    0.2293    0.2205   0.068   75
57638.207    0.951424103397   -0.457999193770    0.2142    0.1946   0.081  111
57652.229   41.261552767816   35.854300801930    0.3366    0.3483   0.163  213
57653.248   -0.379770182509   -1.230998394419    0.3404    0.3487   0.251   47
57654.271   -0.383073750486   -0.708300004248    0.1826    0.1953   0.161   87
57658.208   -2.590949225325   -0.649897198457    0.2008    0.3123  -0.068  254
57665.188    7.422403096781   -1.849899599904    0.7907    0.7704   0.077   10
57666.207    0.011839917398   -0.424098004714    0.2231    0.1840  -0.079  176
57669.345    0.109017320730   -0.050097602866    0.3839    0.3275   0.304   46
57670.313    0.057676788111    0.243100797093    0.3649    0.4030   0.096   34
57674.228    5.290509450686  -27.515998797867    0.9692    1.9218   0.444  172
57675.269    0.006745862430   -1.798599592462    0.0950    0.1321  -0.071  181
57679.207    0.255064235342   -0.258098400252    0.1163    0.1450  -0.189  305
57680.229    0.005781208750   -0.092098795790    0.4654    0.4428   0.124  225
57685.189    1.236494570294   -0.135899995257    0.2641    0.2363   0.328   48
57686.208    1.208827299983   -6.104296792842    0.1345    0.5991   0.252  372
57689.269    0.393813620920   -0.972698401824    0.1535    0.1811  -0.039   92
57694.229   -1.620942581398   -1.020999604862    0.2285    0.3143   0.276   35
57696.271   -0.756788510592    0.037501202144    0.1676    0.2282  -0.100   72
57699.186   -0.169720176920    0.942001203441    0.3106    0.2778   0.204   53
57701.227    2.027422046920   -0.569199599454    0.4524    0.3415  -0.323  163
57702.250    0.902148271422    0.435902398976    0.3201    0.4681  -0.252  116
57703.269    1.368775546393    1.850900399347    0.2178    0.3199  -0.065   34
57707.207    0.419138643743    0.824400004262    0.2190    0.3941   0.062  276
57708.229   -0.027389770413    0.035902800732    0.3984    0.5291   0.510  114
57709.248    0.517006487101   -0.048099597905    0.4742    0.4700  -0.471  164
57717.313    2.913875119416    2.223100807441    0.3567    0.3000  -0.046   61
57721.207    0.478741406022    0.392500803059    0.1551    0.1276   0.225  174
57723.248    0.117553717097    0.115401601875    0.1039    0.1900   0.130  217
57724.271   -2.948836632517   -0.704199604229    0.1337    0.1931  -0.103   55
57729.228   -1.521700477422   -0.707400000977    0.3383    0.2863  -0.051  130
57730.250   -0.665940743317   -1.083499203958    0.4814    0.4165   0.000   30
57732.292    1.690594774085   -2.115097204580    0.3423    0.3248  -0.036   64
57735.207   -0.293877743727    0.328701597141    0.1360    0.1283   0.039  237
57743.209   -0.973032665060   -0.218397600804    0.1153    0.1021  -0.141  253
57744.272   -0.732150594605    0.289501197415    0.1354    0.2422  -0.054   72
57750.207    2.103952209077   -3.929799602531    0.6721    1.0303  -0.471   50
57757.209   -0.352241638673    0.084600000605    0.1491    0.2495   0.146  153
57770.187   19.535991166805   11.320300805551    0.4057    0.3913  -0.089  241
57770.475    0.300488165926   -0.946396804125    0.2674    0.5788  -0.313   36
57780.271 1023.602686983423 -170.266899600335    0.1612    0.2076   0.024   56
57784.209 7704.825083057947******************    0.1210    0.2222  -0.527  218
57786.247   -0.273369275975    0.000000000000    0.1441    0.3010   0.101   42
57787.269 1451.521514955980-2025.462196799310    0.1028    0.1821  -0.060  121
57792.229    1.208827299983   -0.199897199593    0.6173    0.5079  -0.033   32
57799.228   -0.374676127541   -1.025100004881    0.2617    0.3990  -0.201  166
57800.250   -0.401243303941   -0.334699193161    0.2593    0.4611   0.009  201
57801.269   -1.442276401172   -0.279799198211    0.1495    0.1711   0.020  123
57804.381   -0.865531664615   -0.779198401801    0.1521    0.2866   0.040   73
57807.227   -0.139988205964    0.419500798898    0.2914    0.4577  -0.134  151
57808.271   -3.334526797199    0.842000402201    0.2064    0.2564   0.194   80
57809.367   -0.071574833664    0.647802004039    0.1275    0.2704   0.032   88
57812.209   -1.148947037805   -0.544597199337    0.1220    0.1625   0.319  341
57815.269   -1.813787687212   -1.061596800866    0.2759    0.2709   0.155  164
57821.249    1.033464640788    0.749401206690    0.1491    0.2811   0.158   45
57826.209    0.519897114949   -0.147797997840    0.1250    0.1639  -0.078  287
57828.250   -0.075568841668   -9.567298799595    0.1224    0.2793   0.206   49
57829.269   -0.370411239075   -0.161297995760    0.1291    0.1403   0.007  164
57834.230   -5.920520694031   -1.544097598583    0.4917    0.3713   0.147   65
57836.271    0.588310440303   -1.396299600742    0.1978    0.4014   0.016   25
57836.293    0.598634084363    0.225100795603    0.1826    0.3996   0.036   81
57839.792   -0.021334348010    2.238901198837    0.1727    0.3153   0.003   73
57841.228   -1.502840483941    1.919401201178    1.3285    4.0526  -0.258   22
57847.207    1.041033050285   -0.387597602014    0.1021    0.1404   0.093  382
57849.249   -0.498285267041   -2.069197203980    0.1118    0.2973   0.197   41
57850.271    0.629327422754   -0.563997603820    0.1107    0.1347  -0.087  178
57855.228  -20.819283928300  -44.671697995113    0.4813    0.6408   0.110  177
57868.209    1.076685050359   -2.605096797481    0.2112    0.2473   0.323  179
57869.228   -1.620807141167    0.546501595977    0.3432    0.3520  -0.212  144
57875.167   -0.291951769558   -0.377899196735    0.1984    0.3220   0.195   48
57875.189    0.567385746177   -0.028598397250    0.2522    0.4777   0.046   38
57878.271    0.588723380432    0.509500806345    0.0853    0.1120  -0.026  172
57882.209   -0.770276949207    0.423900006297    0.1049    0.1420  -0.059  137
57883.228   -0.074742961410   -0.144597601093    0.1331    0.2794   0.147   51
57885.270    0.199039254693    4.454200796999    0.1317    0.1813  -0.017  108
57889.002   -2.650413214182   -3.114899992340    0.2500    0.2220   0.198  119
57890.230   -0.565182272111    2.338502396526    0.5578    0.6143  -0.118   21
57897.228    0.710542032941   -1.142697597345    0.3621    0.5641   0.190   63
57901.417   -2.250682944281    0.646801204596    0.1655    0.4210  -0.488   92
57904.208   -0.372750153372   -1.081998004793    0.1879    0.1812  -0.279  356
57904.690   -0.776471098086    1.442502002647    0.1502    0.3193  -0.112   89
57912.251    0.035239012999   -0.704797193407    0.1043    0.2592   0.181   43
57917.207    2.444631430250   -3.292696803214    0.0942    0.1252   0.083  235
57920.301   -0.150173029656    0.445003202287    0.1678    0.3638   0.031   36
57938.209    0.086305378911   -0.279399594660    0.1593    0.1953   0.284  217
57946.230   -7.578357382134  -25.058998792815    0.3153    0.8069  -0.018   52
57948.268   -1.923495447968    1.551600000482    0.1247    0.1692  -0.013   74
57950.916   -0.154989631673    2.061702002720    0.1678    0.4229  -0.016   37
57953.206   -0.082724357982   -0.891799197689    0.1241    0.2040   0.011  232
57954.247   -0.382934977064    0.799401607310    0.1337    0.3618   0.024   32
57966.209   -0.314663711377   -0.163598402025    0.1591    0.1939  -0.123  173
57969.270   -0.658368953683    0.628401599556    0.1342    0.1807  -0.153   84
57970.691    1.530372314021   -1.168099204563    0.4210    0.7495  -0.108   21
57980.209    0.408679606398    2.125800003228    0.1118    0.1571  -0.038  214
57982.247   -0.329116756726   -1.140397203869    0.1640    0.5554   0.106   35
57988.230   -2.795495475115  -13.056199193784    1.6121    9.2712   0.980    3
58001.189    1.544276979010   -0.431596799899    0.8980    1.2729  -0.270   15
58002.208   -2.746629297025    0.907401603456    0.1703    0.2043  -0.081  160
58004.268    1.138352513283    0.625201202809    0.1113    0.1537  -0.001   82
58008.209    0.717975049154   -0.214498793127    0.0947    0.1158   0.108  291
58009.228   -0.984320915854    2.411100004451    0.9634    1.1056  -0.269   48
58010.244   -0.380457336291   16.751401200565    0.2629    2.4597   0.043    3
58011.270   -0.687275091327   12.945700805744    0.1182    0.2299  -0.278   76
58015.207    0.865809164513   -0.534499203297    0.0739    0.1548  -0.171  363
58016.230    0.399868996377    1.070503199685    0.1490    0.3946   0.012   27
58018.268    0.892650554566   -6.879099593959    0.1405    0.2172  -0.058   87
58022.209    2.110836797983    2.006902803942    0.2416    0.2177   0.220  163
58025.270   -0.077081875708   -0.053100001196    0.1624    0.2327  -0.064   90
58029.207   -2.821236818204   -2.949998402357    0.1045    0.1359   0.230  177
58032.268   -1.926247349341   -1.395298801299    0.1227    0.1836  -0.068   90
58033.499   -3.969222488574    1.818601205628    0.1602    0.1469  -0.296  197
58036.001    0.278050390814    2.616101997432    0.3195    0.6676  -0.460  104
58036.187    0.084792344871   -0.083699997333    0.1754    0.3821  -0.115   31
58043.207   -0.234139541216    2.593000796480    0.0830    0.1142  -0.050  303
58044.230    0.600972998661    0.293101197713    1.3078    1.4300   0.296   41
58048.076   -2.340569391067    0.428702398381    0.2770    0.6733  -0.450   62
58050.209    0.958444179480    0.958802407069    0.1023    0.1475   0.006  305
58053.270   -1.570427929037   -0.510796793662    0.1477    0.2016   0.183  143
58059.249   -0.099793817526    0.965300402811    0.1275    0.2773   0.011   58
58060.272    0.744538939309    0.297899995871    0.1577    0.1667   0.005   95
58064.209   -0.173985065386    0.259401600999    0.2273    0.2075   0.278  134
58065.228   -0.544673804358    0.017902799243    0.2304    0.3285  -0.311  191
58066.247    1.371666174242    0.404301603396    0.2251    0.2718  -0.021  223
58067.270   -1.513441580953   -1.409896800908    0.1780    0.2612   0.133  142
58071.207   -0.062767556835    0.012902395952    0.1024    0.1242   0.009  218
58072.226   -0.736828423199    0.466901998664    0.4261    0.6440  -0.367   32
58073.249  -14.270948845555  -18.097498795555    0.1575    0.1702   0.097  183
58074.272    0.166829549072   -0.955997994367    0.1443    0.1846  -0.016  112
58078.209   -0.229597152853    2.279401205385    0.1290    0.1969  -0.270  198
58085.500   -0.639238079739    0.844801195399    0.0839    0.1672  -0.029  102
58086.497   -0.318654386190    0.908701197488    0.0707    0.1250   0.053  191
58086.500   -1.102423060257   -0.774698398232    0.0705    0.1011   0.170  180
58087.498   -1.237317164307    0.536702407317    0.0719    0.1211  -0.191  164
58087.498   -1.050804980794    0.016901999800    0.0715    0.0977   0.040  158
58088.498   -0.303649674236   -0.573699603024    0.0853    0.1042  -0.091  175
58089.499    1.202907317810   -0.229298397869    0.0714    0.1020  -0.085  237
58089.499    1.644622463141   -0.157096799569    0.0817    0.1097  -0.022  225
58090.500    0.119892631395   -1.168599604284    0.0739    0.1004   0.034  182
58091.453    1.015982194169   -2.378296804295    0.0303    0.2559   0.349   18
58091.497   -0.108326927649    1.233403203571    0.0537    0.1077  -0.243  212
58091.497   -1.029193132886   -2.288199594602    0.0773    0.0973   0.127  251
58092.454   -0.391332646956   -4.451896796809    1.0283    3.5370  -0.932    4
58092.498   -1.694998389026   -1.206698395606    0.0507    0.0972  -0.076  194
58092.498    1.109581862816   -1.121399996862    0.0747    0.0890  -0.053  142
58093.451   -2.717310219252    1.927400396085    0.6903    2.1053  -0.599    5
58093.499   -0.262219751656    1.697900405873    0.0589    0.1256  -0.131  176
58093.499    6.467123758803   -1.102500004890    0.1441    0.1201   0.224   58
58094.452    1.025618684447   -8.266197595219    0.5045    1.9009  -0.437    5
58094.496    0.690994885678    1.127203201179    0.0621    0.1472  -0.268  179
58094.496   -0.438682504762   -2.963498400277    0.0720    0.0975  -0.001  151
58095.478   -0.539166762315   -0.784396803510    0.5227    1.4696  -0.645    9
58095.497    0.136136210681   -1.011999597722    0.0860    0.1746  -0.275  159
58095.500    3.938116210055   -1.407898795946    0.0929    0.1434   0.100  142
58096.497   -0.044872217033   -0.823197599686    0.0508    0.1186  -0.179  162
58096.497    1.676554668864    0.650401204894    0.0719    0.1033   0.017  148
58097.498   -0.523336123157    0.223700405400    0.0529    0.1053  -0.314  175
58097.498    0.889069486691    0.383302797502    0.0776    0.1135  -0.103  117
58098.499   -2.881662127550    1.256900401359    0.0943    0.1097  -0.060  181
58099.496   -0.373988973759   -1.811498394488    0.0615    0.1266  -0.188  202
58099.500    3.474927943292   -1.114797598234    0.0841    0.1156   0.031  168
58101.249    0.763947313151    0.963802797571    0.1521    0.3442   0.129   34
58102.268   -4.517474027617    4.201502403589    0.1699    0.2378  -0.077   71
58115.209    2.054811817334   -2.156497201611    1.5819    1.5149  -0.931   23
58116.268    0.899257643574    1.803103202747    0.2280    0.5889   0.182   27
58121.207   -0.815013679063   -2.313698404066    0.1247    0.1739  -0.165  139
58123.270   -1.666918178586    2.525702399225    0.2351    0.2690  -0.242   63
58127.208    0.194774366227   -2.963397604105    0.1781    0.2490  -0.073  128
58134.209    0.048592011384    0.656801998389    0.1429    0.1860   0.007  181
58136.247    0.910542608123    6.875600402623    0.5911    1.9488  -0.477   15
58137.058    5.873587062599   11.311700401961    0.1795    0.4110  -0.407   64
58137.270   -1.229609981388    0.644702403463    0.1491    0.2190  -0.090   81
58141.208    0.339579127262    0.391003197819    0.1258    0.1750   0.060  133
58142.227   -1.695411376101   -1.936396796509    0.2868    1.1554   0.097   87
58143.856  -54.274533921644   48.112801205491    2.4969    2.6653  -0.969    3
58144.268   -2.943603804127    3.913401596378    0.2034    0.2757   0.013   36
58148.209    1.369188486522    1.977001205944    0.1542    0.2156  -0.197  142
58151.270    0.908890847608   -0.296100002117    0.1699    0.2844  -0.194   40
58156.227    1.270630203138    0.602002799610    0.3309    0.5353  -0.303  117
58157.249   -0.275156476721   -0.032400002681    0.2334    0.4091  -0.027  168
58158.272   -0.443637833254   -0.655200003052    0.1188    0.1534  -0.072   86
58159.408   -1.912758910725    8.264602800523    0.2746    0.5485  -0.526   35
58163.229    0.717836275731   -1.977598795122    0.5224    0.6134  -0.072   35
58164.248    0.939174532114    0.701301595996    0.2285    0.3345  -0.137  126
58165.270    0.106265466303    0.815399997123    0.1355    0.1930  -0.073   57
58171.249   -0.214866607606    0.792702006436    0.2885    0.6162  -0.147   20
58172.272    0.469104962690    0.207900001215    0.1143    0.1780  -0.028   82
58176.209   -0.946881715033   -0.369900001829    0.1223    0.1349   0.028  235
58183.208   -3.284008811647   -1.557899997806    0.3447    0.3504  -0.253   82
58191.229   -0.224090110809   -0.489499193179    0.1449    0.3594  -0.051   73
58200.272   -0.128425741518    1.705600806190    0.1429    0.2081  -0.038   84
58203.797    0.342882695239   -0.466999200910    0.5361    0.7136   0.872  117
58204.206    0.468143595255   -0.754398003266    0.1198    0.1414   0.142  222
58205.269    0.181282641367   -0.201499194930    0.1308    0.2097  -0.095   61
58212.209   -0.524574943544    0.403401600124    0.1462    0.1976   0.114  256
58216.836   -1.467327257288    2.403500400305    0.1602    0.3501  -0.076   73
58218.206   -0.040191055247   -0.343699200300    0.2382    0.2226  -0.140  138
58219.229    0.851904499523   -0.514497602921    0.1766    0.2434  -0.012  178
58220.248    1.418190151790   -0.780098392283    0.1377    0.3112  -0.027   70
58225.208    0.864705784357   -0.285397203470    0.2972    0.4378  -0.044  150
58232.210   -0.842680949374    0.446302796320    0.2357    0.2248  -0.119  209
58233.225    0.430565667959    1.353103203883    0.5379    0.8132  -0.446   40
58238.207   -0.143291726995    0.027899999111    0.1780    0.3698   0.017   56
58240.165    1.476689533914   -0.071899196996    0.3649    0.2429   0.377  178
58241.209    0.042120315660   -0.375598803259    0.1021    0.1723   0.009  230
58245.742    0.199316754591    5.084503199271    0.1326    0.3119  -0.226   81
58247.207   -0.245563232241    0.245401203358    0.1244    0.1898   0.100  273
58249.270   -0.219408995970    1.785502804807    0.1381    0.1819  -0.034   46
58253.208   -0.262219751656    0.221500795305    0.2268    0.2296  -0.632  370
58254.227   -1.776761426520   -1.458597594706    0.2939    0.4298   0.273  187
58255.250   -0.038952234860   -0.920397594939    0.3806    0.8163  -0.289   15
58258.146   -0.932977050044    6.251803196733    0.1904    0.3859  -0.060   79
58260.166    2.092115577924   -0.329597993698    0.4678    0.6365  -0.238  227
58270.269   -0.741922525114   -0.137199602079    0.1594    0.1573   0.010   68
58272.782   -0.656443026461    3.964701603820    0.1357    0.2884  -0.057   72
58279.305   -0.015827352913    4.167000005850    0.3430    0.7654   0.086   10
58282.227    0.138613898401   -5.792799596804    0.1349    0.3647  -0.017   64
58288.206   -0.167103762725   -0.197798398460    0.1337    0.1744   0.205  184
58289.229   -0.045285157162   -0.828597593738    0.5436    0.5255  -0.155   46
58302.210   -0.641164053908    0.435301203083    0.2045    0.2213  -0.056  147
58303.229    1.361478017359   -0.273697199304    0.3585    0.3388  -0.018   60
58316.206************************************    0.1000    0.1493  -0.007  212
58323.208   -0.166139155991   -0.019997993661    0.1348    0.1544  -0.069  169
58324.227   -1.019559975799    3.106702799016    0.6383    1.0803   0.271   15
58326.269    0.106265466303   -0.440499604792    0.1848    0.2262  -0.001   46
58326.959    0.654242838639   -0.188499596732    0.2586    0.4990  -0.307   17
58330.955    0.764224813049    0.150299996449    0.2230    0.3979  -0.280   21
58331.229    1.390661607954   -2.263798799618    0.3671    0.4433  -0.262   58
58332.255   -0.177979073390   -0.918298793806    0.3431    0.3313   0.088   60
58333.271   -0.306953195267    1.168902005588    0.1724    0.2808  -0.116   79
58338.227    1.191070686657   -0.041198404688    0.2836    0.2703   0.279   83
58340.948   -0.664150209380   -1.142899202478    0.7171    1.1523   0.896    6
58344.206   -0.241433784006    1.404403198535    0.2290    0.2146   0.360  151
58346.442    5.107849215510   -4.660797597467    1.8346    2.2807  -0.529    4
58349.163   -1.162987143025    0.980902795789    0.8633    0.8692  -0.711   14
58350.185    0.683836083119   -0.770799603345    0.4898    0.5303  -0.519   19
58358.206    0.306543541383    0.644702403463    0.2363    0.2632  -0.335  123
58362.290   -0.236065515385   -0.091299601479    0.8698    0.9221   0.069   32
58365.208   -0.337649866849    0.818902795174    0.1308    0.2011  -0.005  133
58366.227   -1.232361835814    0.711900004546    0.6585    0.8812  -0.197   36
58367.250  -29.053397136167   22.550202000104   11.4878   19.5631  -0.962    3
58372.206    0.118792584430   -0.401097599934    0.2234    0.3101  -0.274  134
58375.271    3.412850826484   -4.912898401699    0.3959    0.7133  -0.175   39
58379.208    0.265662046109    1.210701606169    0.1120    0.1633  -0.066  198
58381.250    0.479567286280   -0.405698399675    0.2808    0.4546  -0.236   40
58386.206    0.287409381195   -1.650600002279    0.4215    0.3933  -0.262   28
58386.484    0.815152452485    2.286201602431    0.3214    0.6701  -0.194   15
58387.207   -0.385412664784    0.413999995885    0.1689    0.1879  -0.137  109
58393.208    0.843097222694   -0.478097996393    0.1436    0.1640  -0.127  154
58403.271    0.042120315660   -0.503899194371    0.2287    0.3303  -0.167   74
58407.208   -0.098554997140   -0.400996803762    0.1336    0.1526   0.088  213
58408.227    7.962121572647    0.668602798726    0.4234    0.1763  -0.183  137
58410.269-6577.931624643109-2350.451897997630    0.1905    0.3741  -0.042   87
58417.271    0.446257533694    0.404002796017    0.2792    0.2183   0.190  103
58421.208   -0.666905350050   -0.069497994559    0.0974    0.1280  -0.088  332
58422.271    0.089060566528   -0.449499599142    0.2034    0.3179  -0.202  115
58425.726   -1.288386816464    0.134802006357    0.2393    0.8024   0.097   25
58429.225    0.888795319984    2.464102803401    0.2948    0.3923  -0.308  211
58430.248   -0.673099545876   -0.737798404771    0.2270    0.3520   0.285  147
58431.267   -0.954450171476   -0.623397602340    0.8414    0.5030   0.313   13
58431.271    0.375644020519   -1.352998800996    1.5565    2.0711  -0.473   17
58436.227   -1.832921894346   -1.763298000412    0.7608    0.5962  -0.011   11
58437.246    1.741251486112   -0.166798798773    0.3471    0.3600  -0.091  173
58438.269    0.096629022971   -0.406799995289    0.1586    0.2724  -0.012   69
58442.206    1.069390807569   -6.820797597129    0.2192    0.9146  -0.775  261
58445.165   -0.351002818287   -2.770599596147    0.3616    0.9534   0.061   28
58449.208    0.102410231722   -0.705999597983    0.1270    0.2243   0.233  308
58450.227    7.631078841753   11.602303207781    1.4390    2.1651   0.802    8
58452.269    0.419690357294   -1.021597194040    0.2789    0.2960  -0.537  120
58456.206    1.661275696312    0.589301996001    0.2429    0.4912  -0.403  179
58457.233    0.118515084532   -1.800698393595    0.3109    0.3166   0.065   39
58459.271    0.276398630299    0.117000003286    0.2266    0.2828  -0.149   52
58463.208   -2.770718832652   -0.880599593245    0.6121    1.1861  -0.875  117
58464.227    0.588858867609    0.710200806964    0.4218    0.3318   0.154   65
58464.227   -2.121295882274   -0.737297992259    2.2221    1.1380   0.590   18
58466.269    0.342195541457    0.001202404576    0.3464    0.3872   0.022   37
58470.207    2.935074027195  -18.201599996814    0.3315    1.4761  -0.625  154
58471.226    1.845861905656    2.030601606862    0.3062    0.6552  -0.155   61
58473.271   -0.048314511486   -0.216899995564    0.1660    0.2286  -0.109   83
58480.269   -0.417073943099   -0.145699196707    0.2392    0.5069  -0.184   34
58481.840   -2.474911828512   -0.489499193179    1.7337    2.5636   0.897    6
58491.249   -0.512738312390    3.185902805569    0.1819    0.8363  -0.849    9
58494.386   -0.615422757765   -0.191998800858    0.1986    0.2466   0.243   73
58506.249   -0.015278972553    3.258000000983    0.0679    0.4905  -0.316    4
58512.207   -0.501175894890   -0.169599604760    0.1229    0.1595  -0.103  170
58512.780   -1.037316589125    2.592702001891    0.2179    0.4904  -0.086   64
58513.226    0.920317824877   -0.989197204149    0.1993    0.3863  -0.451  235
58514.248   -0.907100313670   -0.592200004235    0.3987    1.6409  -0.482   27
58515.271   -0.501175894890    0.107002803418    0.1543    0.3087  -0.195   82
58519.208    0.105852526175   -0.555897599952    0.1238    0.1791   0.027  163
58519.249    0.841719628885    2.550600000006    0.0343    0.4508  -0.010    6
58520.228   -0.593536696204   -1.383098397412    0.2084    0.2694  -0.116  204
58522.269    0.123057472896    0.559101603415    0.1616    0.2202  -0.070   87
58526.207    0.374679413785   -0.668897999390    0.1165    0.1538  -0.217  271
58527.229   -2.689920448838   -9.335296797985    0.3081    0.3284  -0.140  335
58529.271    0.288925701479    0.016502396250    0.1372    0.1748   0.038  100
58530.834    0.355270992998    8.281101602847    0.5663    0.8052   0.753   75
58534.249    0.466766048393   -6.866697597729    0.1102    0.7790  -0.776    7
58540.733    6.609728332016   11.564402402087    0.2087    0.4688  -0.048   49
58543.271    0.644193408232    0.229201195623    0.3174    0.1926   0.139  128
58547.249    0.736280042839    7.849702801366    0.0357    0.2338   0.194   18
58550.269    0.305165994521   -0.383497201994    0.2326    0.4328  -0.299   99
58551.686   -1.950472325199    0.436100397394    0.2520    0.5337  -0.194   72
58554.207    0.528433511317   -0.348699603592    0.1191    0.2081  -0.223  151
58557.436   -0.737793076879   -1.348200002838    0.3609    0.6073   0.469   81
58561.209    0.045701383535    2.625300002990    0.0757    0.1635  -0.357  190
58561.249   -3.049869317377    6.506301596687    0.1182    0.8629  -0.801    6
58562.228    0.336414332707    0.370400401550    0.1673    0.6601   0.105  266
58563.250   -0.875855261729   -0.417697198429    0.4307    1.1953   0.025   55
58569.229    0.705034990898   -0.793598402993    0.0707    0.1236   0.019   58
58570.249    0.786798028392    3.807000001643    0.9292    5.6523   0.464   17
58571.271   -0.061941676577    0.168501603071    0.1245    0.1586  -0.028  141
58575.209    0.153341157403    0.693302401089    0.1129    0.1764  -0.017  198
58575.249   -0.239920749967    4.769999998189    0.0790    0.4941  -0.441   16
58576.228    0.120579785177   -0.204998399056    0.0501    0.0751  -0.142  302
58577.250   -1.433878731281   -4.896799202925    0.4130    1.3550   0.066   81
58578.269   -0.043494623224    0.210200407480    0.1224    0.1623   0.071  178
58582.207    0.012527071180    0.639802796343    0.1069    0.1734  -0.064  197
58584.249   -0.919627384851   -2.318997601947    0.3372    0.5837   0.218   35
58589.249   -1.281366787327    5.228002798674    0.3213    1.2413  -0.906   11
58590.228    0.298697631988   -0.195998404706    0.1281    0.2122   0.192  523
58599.271   -0.270478648126    0.167900407178    0.1569    0.2210  -0.171   91
58603.209    0.668695883988   -1.290499201900    0.1353    0.1730  -0.257  186
58603.249   -1.061954505112   -5.721897592537    0.3633    1.6023  -0.741   14
58606.269   -0.829740938065    0.543200403058    0.2472    0.2813  -0.311  150
58610.083   -1.602085921107    3.631402800863    0.3631    1.6414  -0.529   40
58611.208    0.216247487659   -0.512999997682    0.1167    0.1792  -0.034  209
58613.271   -0.509021804284   -0.383698794337    0.2182    0.2277  -0.382  157
58617.209   -0.047762797935    0.014302798945    0.1130    0.1524  -0.205  147
58617.249    0.511364051773   -6.092697597637    0.3873    1.4962  -0.886   10
58618.228  -12.917039284639    3.799101602908    1.0963    0.7153   0.007   42
58625.230    0.727608206241   -0.000698398139    0.1989    0.1883   0.088   44
58632.210   -0.321545014038    0.331102799578    0.1577    0.2276  -0.239   37
58634.270   -0.425745779697    0.158900400038    0.1813    0.2542   0.008   58
58635.004   -0.662362961687   -6.570597595612    0.3494    1.0926  -0.645   56
58638.207   -0.010736584189   -0.205797593367    0.1163    0.1773   0.017  190
58639.226    0.464014147020   -1.469599200732    0.1427    0.2640  -0.147   73
58646.250    1.150189144437   -5.153198392804    0.7302    2.8519  -0.893   11
58648.270    0.068961705714    0.033102007535    0.1586    0.2118  -0.238   80
58655.271   -0.217621748277   -0.738496802910    0.2265    0.2673  -0.145   34
58659.249   -2.148272712559   15.933200397455    0.5787    2.3923  -0.804   17
58662.270    0.053547339876    0.049201206309    0.1387    0.1751   0.034   75
58666.207    0.138336398503   -0.098596804321    0.1287    0.1512   0.010  252
58673.209    2.509328247498   -0.806198397640    0.2702    0.2035  -0.422  177
58676.270    0.021611847908   -1.290697200318    0.1633    0.4408  -0.197   75
58681.230   -4.544454191092   -6.716998797174    6.5650   14.4304   0.331   20
58683.271    0.441437645433   -0.185097594851    0.1951    0.2194   0.282   61
58687.209   -0.321545014038    0.075301198876    0.3084    0.4852  -0.171   96
58687.249    0.443089452895   -1.474999194784    0.5766    3.8385  -0.788   14
58688.228   -1.315776633823    0.072100802129    0.0899    0.1176   0.111  158
58697.271    0.048592011384   -0.408297600529    0.1337    0.1872  -0.114   99
58701.249    0.314802437853    0.673401596885    0.0660    0.3817  -0.034   18
58703.251   -0.735728329288   -0.936496793713    0.1557    0.1401   0.138  326
58704.270    0.396565475346   -0.005097592748    0.2114    0.3434  -0.450  127
58709.230   -0.014175545451    0.472402801677    0.0929    0.1705   0.056  141
58711.272    0.063180496963   -0.058399199077    0.1721    0.2014   0.142   71
58715.209   -0.162009707756   -0.460598394625    0.2108    0.4055   0.130  103
58715.249    4.285676733889    5.284900798586    0.1808    0.2108  -0.110   32
58722.207    0.136549197756   -0.457797601428    0.1436    0.2296   0.081   74
58732.248    0.585142359503   -5.531299194672    0.3394    0.9910  -0.396   19
58732.270   -0.225603144849    0.198000003593    0.1557    0.2744  -0.187   87
58737.230   -1.765750675624   -0.872197200863    0.7854    1.7722   0.482   33
58743.249    0.728159872845    7.250702400086    0.4283    1.6855  -0.983   10
58744.228  -31.376622900983   -5.438498394028    1.0021    0.2147   0.320   70
58746.270    0.000000000000    0.823100397440    0.2078    0.3162  -0.078   58
58751.230    0.359674654886   -2.410797603147    0.1926    0.3185  -0.320  109
58753.268   -0.118650524763    0.162302401918    0.2180    0.2761  -0.038   22
58757.209    0.050656712028   -0.668700000972    0.1765    0.2670  -0.052   94
58757.209   -0.313424890990    0.196801205732    0.1858    0.4020  -0.146  281
58757.209   -3.724207683639   -4.266496800653    3.1505    1.3302   0.632   15
58757.249   -0.233313660959   -3.021699600936    0.8583    2.8535  -0.869   11
58758.268   -0.314386211479    0.070102797167    0.3118    0.3987   0.031   20
58764.182   -0.481493307395    0.692802001367    0.1424    0.2923  -0.252  181
58765.208    0.699527948854    1.224403196431    0.4073    0.3848   0.351  180
58771.209    0.720452689927   -0.154598394886    0.1976    0.2585  -0.110  125
58771.209    0.001516320284    0.553802405534    0.0982    0.2289   0.428  278
58785.249    0.449974041800   -1.543899600165    0.3712    1.4545  -0.878    8
58793.226   -0.055334587569    0.152100002992    0.1332    0.1829  -0.097  113
58800.228   12.381179376546   -6.971896800678    1.0575    1.5741   0.195   46
58802.248   -2.080136887103    7.953901204871    0.0344    0.1265  -0.789    8
58807.230   -0.551003393469    0.042602401606    0.0485    0.0814   0.008  675
58808.249    0.844471483311   -2.266999196365    0.5965    1.7231   0.420   15
58813.209   -0.164351908299    0.007002002178    0.2135    0.2169   0.160  229
58813.249    0.289338641608   -4.742297997495    0.0331    0.0964  -0.065   45
58816.084    0.848326717893    2.147302802769    0.7468    1.4103   0.202   30
58820.207   -0.143153000520   -0.247298399358    0.2356    0.2702  -0.022  113
58823.272   -0.655891312910   -0.651999593515    0.2795    0.3615   0.302   45
58828.228    0.290299962097    1.644400801126    0.1696    0.2626   0.175   68
58829.247    0.144943534457   -0.327099601805    0.8951    1.9121  -0.054   13
58830.270   -0.160496673717   -0.066697201362    0.1916    0.3057  -0.090   67
58834.083   -0.459607245834   -3.038497197849    0.5696    2.2715   0.358    4
58848.207    1.852746494561   -3.950499601046    2.0516    2.0695  -0.887    8
58851.268    0.226571084773    0.006299997324    0.6695    0.9512  -0.604   26
58858.248    0.012527071180    9.126601196385    0.3417    2.0688  -0.732   21
58870.250    0.044736729855   -0.158097599012    0.1387    0.4571   0.231   10
58876.207    0.164216468068    0.249001203656    0.1206    0.2218   0.106  187
58877.230   -0.046662750970   -0.527799602423    0.1211    0.2776   0.021  120
58883.249    0.073781593975   -0.299296792150    0.0937    0.3040  -0.126   37
58891.230   47.430391834759  -29.464599592188    0.3959    0.3252  -0.446  152
58893.272   -0.021473121432   -0.444499195851    0.2443    0.3648   0.205   27
58897.209   -0.335998059387    0.096901200664    0.1261    0.2026   0.031  184
58900.248   -0.387064425299    1.008201599006    0.0554    0.2191  -0.022   35
58900.270    0.442541072535   -0.417398403840    0.2580    0.4068  -0.051   26
58904.208    2.265552262950   -1.210798795626    0.2240    0.2483   0.008  140
58905.227   -0.528981891677    0.522100800993    0.2357    0.6180  -0.061   40
58907.268   -0.142188346840   -0.484297197545    0.1870    0.2433  -0.150   36
58918.208    0.175088445541   -0.358599601213    0.1952    0.3229   0.122  107
58920.249   -0.887553166407    0.095000397948    0.0922    0.2001   0.075  111
58925.250    2.854824023741  -10.091098798171    0.2352    1.1674  -0.821   14
58926.228    0.145082260933   -0.044596799853    0.2191    0.2836  -0.125  175
58939.209    0.222715850192   -0.452897994307    0.1031    0.1942   0.180  111
58939.250    1.452464558055   -9.232297192341    0.2699    0.7533  -0.869   11
58941.251    0.408815046629   -0.091598396068    0.2156    0.4327  -0.051   33
58942.270    0.300075178851   -0.051796800449    0.2134    0.3072   0.167   22
58946.208    0.020924741072   -0.396197992814    0.1005    0.1888  -0.067   91
58947.227   -0.481080320320   -4.482399603489    0.2986    0.7071   0.541  201
58948.271    0.172888304666   -0.853297196102    0.1801    0.2926  -0.240   61
58981.210    0.076120555219    0.633103195469    0.1850    0.3933   0.027  146
58983.251   -0.598217811043   -0.214999192849    0.1621    0.2590  -0.072  196
58988.208   -0.433865902745   -0.884498400922    0.1005    0.1993   0.112  115
58991.269   -0.358297061077    0.252601203954    0.1640    0.2596  -0.093   96
58995.188    0.349076844118   -0.187696795706    0.1038    0.2056  -0.232  154
58996.207   -0.454926084048   -0.289897194250    0.2241    0.3576   0.021  140
59009.210   -0.092222074839   -0.344599203572    0.1702    0.2673  -0.129  150
59010.229   -1.193270827532    0.067802403692    0.0870    0.2244   0.020   81
59011.270    0.050930925681    0.595800004533    0.2146    0.3158  -0.055   38
59016.208   -1.862928078955   -0.601297200831    0.4578    0.6065  -0.227   35
59017.230    1.999341789534    0.225702004286    0.4149    0.3218   0.111  184
59030.208   -0.266762140020   -0.303098397580    0.0845    0.1276  -0.012  279
59031.227    2.498452936833   -1.537498793880    1.5179    2.7394  -0.247   66
59037.210   -0.509847684542   -0.036597592157    0.0978    0.1977  -0.343  269
59037.250   -0.354441826495    6.534000003455    0.2978    1.1602  -0.626   24
59038.229    0.189128597708    0.288900001522    0.1133    0.2981  -0.172  199
59038.229   -0.268136447584    0.303102004295    0.2613    0.4503   0.101   52
59046.250    2.215447217526   14.888102398913    2.1487   12.5215   0.900    4
59051.210    0.127325647607   -0.030499199966    0.0923    0.1439   0.016  251
59051.250   -1.022173056803    2.521000803313    0.0829    0.3401   0.252   30
59053.248  -16.402703765174   -9.878997600765    0.4283    0.3913  -0.071  128
59058.208   -2.453025766951   -0.054097193924    0.2659    0.3465   0.214   80
59071.916   14.769237398841   -4.502296800979    0.4935    0.2794   0.324  104
59074.250   -0.878055449550   -2.055697193271    0.3127    0.8190   0.261   53
59080.207   -0.115898670337   -0.400798792555    0.2030    0.3616  -0.279  168
59080.251   -0.145904854946    4.575801600026    0.0639    0.2440  -0.280   10
59081.230    0.239920749967    0.499802401066    0.5820    1.4087   0.659    7
59081.252    0.157331832215   -0.335498400261    0.1133    0.2591  -0.101  162
59086.208   -0.099380877398    0.710902799028    0.1275    0.2962   0.297  198
59093.206    1.794382599615   -0.247798799080    0.1383    0.2125  -0.087  240
59093.250   -1.075855883857    3.231601201037    0.1945    0.7301  -0.797   34
59101.209   -0.211014659269    0.402800404231    0.1250    0.1897  -0.115  208
59107.250   -0.021473121432   -2.650499992285    0.1831    0.8025  -0.683   24
59114.208   -0.437030744246   -0.539197192495    0.3507    0.6051   0.258   72
59115.231   -0.033309752586    0.331200001824    0.0853    0.2201  -0.070  176
59115.340    1.698579456901    6.495300003451    1.9016   14.7857   0.552    6
59121.250   -0.464010860776   -4.762897199839    0.1096    0.4008  -0.763   33
59122.229    0.451348349364   -1.134997197028    0.2502    0.6661  -0.199   29
59137.248    0.120305571524   -0.738698395253    0.1890    0.4204   0.255   32
59143.231   -0.869935326503    0.050500800342    0.2370    0.6570   0.189   36
59152.249    0.984046749147   -2.458799998806    0.2270    0.3760  -0.575   43
59156.270   -3.385318996404   -2.774397594862    1.8428    2.4716   0.236   19
59163.250   -0.500624181339   -0.460897202004    0.2705    1.1603  -0.897   17
59165.248   -0.449696541903   -0.535399193780    0.1769    0.5125  -0.112   58
59171.227    0.787485135227   -2.426497198371    0.6338    0.7311  -0.359   57
59172.250    0.085618272075   -0.058197593944    0.0889    0.2118  -0.193  120
59177.166   -0.142052906609    1.246802405319    0.1922    2.2999   0.192   40
59178.207    0.124160853052   -0.452098799997    0.1138    0.2128  -0.044  270
59186.250   -0.284380026871   -2.136898798710    0.1816    0.3955  -0.287   54
59198.208    0.466353061318   -0.015300004463    0.2379    0.3003  -0.059  122
59199.227   -0.833044506042    0.416901598044    0.2738    0.6634  -0.399  287
59205.206   -1.320319022187    0.616003197251    0.3041    0.5015   0.059  154
59206.269    2.737960746671    0.718902006724    4.8273    1.3928   0.942    8
59219.206   -0.269101054318   -0.188798404110    0.1852    0.3062   0.101  139
59222.249    0.497323899606   -1.694998803714    0.0849    0.2297  -0.518   33
59229.269    0.320583693549    0.107999996146    0.4010    0.4508  -0.066   26
59231.585    0.260293777488   -0.177199196116    0.1990    0.2808  -0.149  307
59233.206    0.481357820218    0.560700004826    0.1661    0.3094   0.117  159
59234.229   -0.302823747032   -1.097899192359    0.1491    0.3760   0.616  157
59235.456   -0.228771272595    0.145101607529    0.2492    0.3925   0.435   48
59236.249   -0.240746630224    0.532303199918    0.1342    0.6064  -0.125   18
59240.208    0.580325757486   -1.041598794416    0.2001    0.2982  -0.067  165
59242.250    0.077633542312    0.142603202846    0.1272    0.2842  -0.301  151
59243.269    0.118653811008   -0.100799995550    0.3605    0.4698  -0.130   11
59249.248    0.934906357404   -1.703797192931    0.5093    0.5550  -0.071   58
59254.208    0.275711476517    0.353901599226    0.2791    0.2781  -0.051  120
59255.202    0.115211516555    0.688201201626    0.2145    0.3464   0.487   99
59256.246    0.484522661719    0.596102405837    0.3933    0.7056   0.254   41
59257.269    0.796295745248    0.575301598360    0.3672    0.3039   0.187   66
59262.207    1.000977435269   -1.201798801276    0.3271    0.4493  -0.091   76
59262.248    1.499953142337    5.207803199880    0.0561    0.1952  -0.253   20
59268.208    0.143982167022   -0.056998796083    0.1410    0.1982   0.195  153
59269.227    0.320722420025   -0.222199193445    0.1372    0.2094  -0.102  142
59270.250    0.163664754517    0.183200398851    0.0969    0.1954   0.184  141
59271.737   -1.372214554601    0.671900397720    0.1106    0.2832  -0.108   81
59275.207    0.048179071255    0.363700800676    0.3444    0.3102  -0.049  169
59276.229    0.327329555980   -1.614697201546    0.1898    0.2809   0.149  107
59277.248    0.434556342772    1.821200406482    0.2226    0.3281   0.184   93
59278.249   -0.152376503723   -2.404997992755    0.1220    1.0140  -0.032   14
59278.271    0.030144958031    0.166802405488    0.4718    0.4327  -0.171   49
59283.227   -0.609641549015   -1.533898793582    0.1428    0.2969   0.220   82
59284.250    0.452174229622   -0.039898797866    0.1407    0.2714  -0.082  108
59289.250   -3.887594938258  -15.959998800952    0.0490    0.1536  -0.243   10
59290.226   -0.657543073425   -0.627598798530    0.1556    0.2903   0.233  110
59291.248    0.025328356014    0.334202400154    0.1074    0.1707   0.086  105
59297.209   -0.187889730375   -0.607499995908    0.1347    0.2599   0.048  212
59303.207   -1.218734670723   -0.647499602735    0.3302    0.4840   0.101   98
59304.229    0.026705949823   -0.061999199374    0.1956    0.3832   0.364  109
59305.248   -1.612961184826    4.716899996993    0.1071    0.2584  -0.624   19
59305.270   -0.502414715276    0.278902801654    0.3011    0.4137   0.202   43
59311.209   -0.175362659195    0.492602400470    0.1945    0.5307   0.133  103
59318.229   -1.025754124678   -2.647098003195    0.2720    0.6272  -0.009   60
59320.249    1.578273838431   -3.609298792639    0.0693    0.1876  -0.499   11
59324.209   -0.211288825976   -0.727297198466    0.2000    0.2614   0.067  162
59325.217    0.099384163642   -0.542098794654    0.1241    0.2647   0.045   60
59326.250   -0.267310520380   -0.249998396384    0.1123    0.2067  -0.039  116
59333.248   -0.334898012423    0.034199996435    0.3845    0.4150  -0.356   87
59334.249   -1.412270169617   -3.747697192580    0.1094    0.2126  -0.905   13
59346.229    0.080388729930    0.480600007791    0.3406    0.4289   0.106   36
59348.249   -1.147159837059    1.023800398059    0.3537    1.0253  -0.348   10
59352.187   -0.984595129507    0.122000406577    0.3182    0.2491   0.024   72
59353.209    0.030970838288    0.163501199779    0.1284    0.1784  -0.001  165
59355.269    4.545970511377    2.656501207809    0.1539    0.2805   0.044   53
59360.208   -0.104197479414   -0.280598392521    0.1510    0.2511  -0.019   75
59361.249   -0.065106471132   -0.063900002090    0.0906    0.1514   0.071  172
59367.228   -0.123605853256   -0.118997995457    0.0738    0.1492   0.137  144
59373.207    0.269378554215    0.434001596261    0.2101    0.2959   0.198  113
59374.251   -0.184173269215   -0.174797993679    0.1733    0.3360  -0.130  180
59381.228    0.138200958272   -0.378496798703    0.0854    0.1787  -0.263  131
59383.269   -0.035513226652   -0.061599595824    0.1833    0.3289   0.213   37
59390.271   -0.110669128191    0.164001599501    0.1822    0.3481   0.221   39
59395.228    0.140952812698   -0.130197599901    0.1848    0.2979   0.101   42
59397.269   -0.279563424854   -0.211500001512    0.1351    0.2666   0.028   68
59408.209    0.835664206482   -0.811699200653    0.2725    0.2375   0.040   63
59410.250   -0.193393486174    0.132602396263    0.3291    0.1808  -0.117  120
59411.270   -0.073226641126    0.462600006301    0.1763    0.2170  -0.188   64
59417.249   -0.181282641367    0.113302800742    0.0913    0.2248   0.030   99
59418.249    1.040897610054   -4.498099198713    0.2485    0.9222  -0.533   30
59422.209   -0.696772808183   -0.334800002122    0.2092    0.2468   0.215  108
59423.228   -0.807306496144  -13.395099595925    1.3140   30.1189   0.676   15
59425.251   -0.460846066221    0.763801207881    0.1994    0.7100  -0.760   51
59425.270   -0.218170128637   -0.262799996165    0.1487    0.1856  -0.004   90
59430.248   -0.220234876227   -0.879796792219    0.1618    0.3119   0.088  145
59431.249   -1.139313880718    3.895700402268    0.2265    1.1258  -0.726   24
59431.271    0.076394721926   -0.445499995294    0.2240    0.2772   0.300   81
59437.210    0.297320038180    0.192502807295    0.1543    0.2873   0.117  147
59438.251    0.282592779178   -0.445798802673    0.0955    0.2264   0.209  112
59439.270   -0.058499382124   -0.111099596722    0.2262    0.3549   0.148   53
59444.208    0.193396772418   -0.341798397585    0.0933    0.1545  -0.048  269
59445.230   -0.340814661404   -5.155696797488    0.5873    2.9711   0.053    6
59446.249   -1.740835259739    6.858100800855    0.3068    1.1077  -0.765   27
59446.271   -0.782252306837   -2.219198393050    0.2642    0.4231  -0.119   76
59450.209    0.146595294972    1.355302801187    0.1698    0.3027   0.140  121
59457.207   -0.064141864398    0.512999997682    0.1467    0.2464  -0.065  101
59464.041    6.159893063638  -15.931396796987    2.2165    3.0716  -0.431   30
59465.206    0.058225168471    0.305902797493    0.1432    0.3393   0.019  110
59473.249   -1.075442896782   -0.414197994303    0.4568    0.2723  -0.035   63
59474.224    0.541647736279    3.382200004864    0.5395    1.2725  -0.655   23
59481.270   -0.339301627364    0.157100406284    0.3588    0.5750  -0.433   33
59486.230   -0.235652575256   -0.901998002689    0.1713    0.3769  -0.034   89
59488.272    0.247353766179    0.033300005953    0.1811    0.3023   0.102   45
59493.228    0.227945345391    0.886100396258    0.1196    0.3915   0.283   64
59495.270    0.822311255044   -0.353397592789    0.2054    0.3700   0.333   42
59499.189    0.890447080500    0.950803199373    0.4943    0.4326  -0.126   17
59501.227   -0.051618079463   -0.980499598313    0.5644    7.0813   0.549   16
59506.209    0.095390155638   -0.145098000814    0.0932    0.1955  -0.113  340
59507.228   -1.169458838749   -1.084597192857    0.1210    0.1529  -0.122  178
59508.251    0.098145343256   -0.086097593055    0.1591    0.2500   0.214   73
59509.270    3.642309205915   -0.822999601269    0.1899    0.3097  -0.087   51
59513.207    0.184450722167    0.469400403347    0.1701    0.2553   0.013  184
59514.230    0.150863469683   -0.190198794314    0.1382    0.5038   0.321   41
59516.272    0.144669320804   -0.241696800174    0.1766    0.2280   0.142   53
59521.210   -0.086992532693   -0.690300002759    0.1802    0.2775   0.033  179
59522.229   -0.415835122712   -0.123699604160    0.1178    0.2651   0.147   68
59523.270   -0.180592201340    0.716900407838    0.1857    0.2704   0.245   70
59528.230   -0.159119079908   -1.151999992999    0.1201    0.2993   0.317   83
59536.251    1.216121542773    0.016700407457    0.7216    1.1397   0.164   33
59541.189    0.071165179780    0.040903204024    0.0891    0.1840   0.186  132
59542.248   -0.225328931196    0.594900001261    0.1989    0.8845  -0.826   12
59550.251   -0.205094677096   -0.436899604495    0.3024    0.8329   0.330   19
59551.270   -0.384999724655   -0.370098000246    0.1912    0.2945  -0.207   76
59555.207    0.391058433303   -0.261000002411    0.1490    0.2115   0.204   95
59557.249    0.203720369533    0.693601195678    0.0988    0.2150   0.208  129
59558.250   -1.077785144270    3.355902001090    0.3379    0.8022  -0.422   30
59558.268    0.177979073390   -0.103996798373    0.2714    0.2408  -0.256   83
59562.209    0.129251621775   -0.382096799001    0.1255    0.1632  -0.134  372
59563.228   -0.851491559395    0.742802401987    0.0761    0.1954   0.203  131
59564.251    0.061941676577   -0.030297594833    0.2508    0.4267  -0.194  143
59565.270    0.937935711728   -0.768898800629    0.3043    0.3555  -0.218   27
59569.207    0.002890627848   -0.701596796659    0.0970    0.3114   0.017  244
59578.269   -0.702141076805    0.839401201347    0.2607    0.3853   0.014   30
59583.207    0.068687539007   -0.050299195209    0.1402    0.2418  -0.054  113
59592.284   -0.272265895819   -0.948797993772    0.3456    0.3545   0.167   55
59593.248    0.409918426784   -2.521897199870    0.0700    0.2621  -0.265   54
59593.270   -0.037713414474   -0.199699201175    0.1501    0.1985   0.412   92
59594.585    0.306130601254    0.758602806172    0.6037    0.7775   0.031   67
59597.083    0.076672221824   -0.169397999628    0.1158    0.2375   0.122  103
59600.250   -0.034409846497   -0.148899593455    0.0660    0.1791  -0.489   55
59600.272    0.087131306115    0.023803205806    0.1075    0.1422  -0.021  113
59604.209   -0.180730927816   -0.410799599138    0.1178    0.2423   0.076  230
59605.228   -2.087708629791   -9.134899198671    0.8585    2.2627   0.323    6
59606.251    0.460433126092   -1.602298799241    0.4660    0.6867   0.062   25
59607.248    0.648461582942    0.625301998980    0.2316    0.6436  -0.527   35
59611.207    0.110394914538   -0.714697203819    0.1104    0.2032  -0.005  192
59612.226   -0.553206867535    0.531201604304    0.3385    0.5712  -0.029   41
59614.250    0.207988591190   -0.363297603201    0.0366    0.2830  -0.099   18
59614.272   -0.416248062841   -0.134697603471    0.3153    0.5674  -0.049   38
59621.248   -4.461865273341   -8.574598797395    0.0413    0.1750  -0.181   37
59621.270    0.486587362363   -2.236298404057    0.1720    0.2617   0.025   55
59625.207   -0.364217043249    0.565001997188    0.1831    0.2486   0.079  142
59626.230    0.015278925607   -0.472698002341    0.2905    0.3285  -0.074   54
59628.250    0.466353061318    1.585702807461    0.0458    0.2530  -0.053   38
59633.228    0.151550623465   -0.623397602340    0.1207    0.3432   0.129   69
59635.248   -0.159119079908   -1.392397199140    0.0362    0.1120  -0.598   60
59635.270   -0.074191247859   -0.110397604658    0.1739    0.2011  -0.264   86
59642.250   -0.080385443685   -2.559697196602    0.0262    0.0803  -0.464   54
59649.248   -0.240882070455    1.025200801053    0.0928    0.3384  -0.342   32
59649.270    0.111772508347   -0.199799997347    0.1354    0.2111  -0.056   78
59654.230    0.136136210681   -0.057697194222    0.1893    0.2717   0.214   73
59655.249   -0.100480971308    0.100601997133    0.1470    0.1563   0.262  198
59656.250   -0.363526603223    1.984802402433    0.0470    0.3084  -0.081   29
59663.270   -0.237443109194    0.916603202938    0.3086    0.3934   0.141   38
59667.207   -0.071852333562   -0.317498398772    0.1235    0.2476   0.026  136
59669.249    0.241850010380   -0.056599192533    0.3765    0.3442   0.283   14
59681.208    0.055060373916   -0.184798800262    0.1070    0.1419  -0.102  228
59689.206   -0.182108521625    0.264600002708    0.1366    0.2395  -0.107   67
59690.251    0.259742063937   -0.761598003862    0.0886    0.1894   0.177  115
59691.248   -0.687552591225    1.390402800894    0.0496    0.1121  -0.201   95
59703.207   -0.464010860776   -0.429199204177    0.1143    0.1913  -0.053  201
59709.208    0.033035538933   -0.600199199141    0.1773    0.2422   0.113   89
59716.209   -0.033722692715   -1.039597195529    0.2155    0.4770   0.346   34
59718.251    0.028631923991   10.187999998834    0.8375    7.1603  -0.075   12
59719.248   -0.018169553455   -0.301298403826    0.1001    0.3193  -0.261   64
59723.208   -0.603724853087   -0.583099200924    0.1696    0.3238   0.012   93
59724.230    0.121818605563   -0.103798799955    0.0967    0.2103   0.008  123
59726.250   -0.314524937955    0.786801599872    0.1360    0.4928  -0.268   38
59726.268   -0.462497826736   -0.183999593162    0.1949    0.2517   0.461  101
59730.082   -0.628224042598   -0.323697599924    0.7569    0.4332  -0.505  164
59731.207   -0.078459469516   -0.414298803264    0.1604    0.2733  -0.032  131
59733.248    0.673099545876   -5.861797204432    0.5432    1.0423  -0.482   33
59733.270    0.006884588906    0.694303200532    0.2130    0.3402   0.178   26
59737.120   -0.046798191201    0.230803203749    0.1220    0.2355   0.034   85
59739.227   -0.012388344705   -0.049899604448    0.5225    0.3330  -0.010  162
59740.250   -0.402482124328   -1.913997600411    0.0537    0.2111  -0.053   49
59740.268   -0.162287207654    0.381002404026    0.2831    0.3382   0.328   22
59744.209   -1.138762167167   -0.362397599929    0.3532    0.3909   0.400  207
59747.248   -2.038155297919    1.364702399087    0.0602    0.1695  -0.305   76
59747.270    0.106539679957   -0.200296803143    0.2863    0.5693  -0.079   32
59752.208    0.042810755687   -1.288598399185    0.1346    0.1836  -0.064  184
59753.249    0.110807854667    0.347201998352    0.5150    0.3945   0.164   15
59754.268    0.298558858566   -0.233398797889    0.2842    0.3298   0.005   23
59761.270   -0.015001472655   -0.635799598570    0.1836    0.2990   0.108   59
59767.249   -0.030280398262   -1.086299997155    0.1078    0.8201  -0.556   37
59767.271   -0.417899823356   -0.293399992302    0.2483    0.3460  -0.339   17
59774.251    0.680945455271    0.604000804572    0.4276    0.2718   0.006   47
59775.248   -0.452722609982   -1.539597595013    0.0804    0.3644  -0.162   22
59775.270   -0.894711968966    0.113702404292    0.2532    0.3326   0.044   23
59780.234    0.252860761276    1.099000800764    0.7061    1.8774   0.037    7
59782.269   -0.168616796764   -0.036097192435    0.1928    0.2861   0.129   50
59787.229    0.606479993758   -0.882298803617    0.5942    0.4293  -0.146   91
59794.230    0.155957571598   -0.278899194939    0.1357    0.3026  -0.136  117
59795.271   -0.349899438131   -0.297899995871    0.2543    0.3289  -0.143   77
59803.270   -0.665940743317    0.249400807206    0.2386    0.1797   0.024   74
59808.209   -0.148382542665    0.894902404980    0.4073    0.4272  -0.520   82
59814.210   -0.093873835354   -0.394797602610    0.1119    0.1658   0.008  214
59821.208   -0.209498292038   -0.141498000517    0.1123    0.1963   0.073  131
59824.250   -0.726782325983   -0.268898401146    0.1893    0.5146  -0.499   35
59824.272    0.285896347155    0.289702802547    0.1526    0.2643   0.066   38
59829.229    1.377447382992    1.856001598810    0.2924    0.5544   0.697  219
59831.249    0.367246397573   -0.845298001195    1.1461    1.7175  -0.963   40
59838.269    0.079149909543   -0.059497200766    0.1800    0.2330   0.141   90
59842.210   -0.236204241861    0.251301597132    0.1792    0.1937   0.003  109
59843.229    0.546603064772    0.986400004876    0.1606    0.4575   0.370   47
59845.249    0.466491834740    3.642501596346    0.0818    0.3484  -0.537   51
59849.208    0.264697439376   -0.205898402328    0.1292    0.2447   0.068  126
59852.269   -0.105713799699    0.098002796278    0.2024    0.2462  -0.083   24
59857.207   -0.017617886850   -0.129099598212    0.2194    0.2492   0.199  112
59859.249   -1.023824864265    3.887600398400    0.0851    0.1355  -0.086   68
59863.084   -0.196835780627   -0.284896803748    0.1228    0.3270   0.557   94
59864.209   -0.417622323459    0.100303202544    0.2008    0.1950  -0.212  158
59877.208    0.068687539007   -0.695699996811    0.1829    0.2404  -0.393  162
59878.227    2.161764437419    1.860703207512    1.3534    1.1147   0.243  185
59879.250   -1.387216027257    1.551902401786    0.3040    0.5579  -0.030   21
59891.208    0.047353144051   -0.150796802245    0.1293    0.1720  -0.032  161
59898.206   -0.973445605189    0.326699998254    0.1855    0.1827  -0.180  116
59899.229   -0.310947203271   -0.744098402095    0.1522    0.3850   0.179   65
59908.269    0.049692105294    0.054302405772    0.1392    0.1805   0.058   63
59915.271   -0.172197864639    0.592002005817    0.1343    0.2248  -0.407   81
59919.208   -0.016791959646    0.222602403710    0.1509    0.1922  -0.122  295
59922.269   -0.162974314490   -0.093999598505    0.1338    0.2767   0.004  143
59928.270   -0.229871319559    0.394700400363    0.1446    0.1852  -0.053   45
59935.272   -0.263594059220   -0.636796804088    0.2228    0.2047   0.048   52
59949.268   -0.611157869299   -0.317199604183    0.4207    0.4329   0.236   46
59956.248    0.727885706139   -0.855298794988    0.5358    0.8209  -0.045   39
59962.227    0.176740253003   -0.422099999753    0.1637    0.1778  -0.173  145
59963.250    1.209101466690    1.912402805715    0.1164    0.4547   0.130   66
59969.229    0.177153193132   22.043602795918    0.6215    4.8389   0.137   17
59977.250    0.948946462624   -4.763797203111    0.2637    0.7655   0.061   27
59982.206   -1.259754892473    0.722401198061    0.3661    0.2729   0.275   95
59984.248    0.396565475346   -2.245698001957    0.3318    0.6019  -0.273   33
59996.206    1.713719656032   -0.376397997570    0.2165    0.1976  -0.104  130
60032.227    0.203446202826   -0.064998003779    0.1755    0.1752   0.212  176
60040.248   -0.007020076083   -1.536897597987    0.0342    0.1624   0.105   98
60048.269   -0.535589027631    0.123001206020    0.3192    0.3135   0.150   10
60052.207    0.197664947129    0.058903205513    0.1706    0.2842  -0.056   77
60055.249   -0.905861493284    5.325400805134    0.0247    0.0733  -0.304   56
60055.271   -0.083827738138   -0.064497604058    0.3612    0.3340  -0.164   14
60059.208    2.643948137895   -0.063097201064    0.2611    0.3017   0.181   50
60062.269   -0.527465571392    2.434600796164    0.5558    3.4798   0.254    4
60069.271    1.334088199999    0.133001999814    0.5337    0.3219   0.017   49
60081.229    0.009223503203   -0.234197992199    0.1093    0.2577   0.083   47
60090.269    0.373301819977    0.219301198001    0.2249    0.2875   0.154   81
60096.270    0.174814278835    1.151200798688    0.4127    0.4669   0.078   24
60101.208    0.216934594495    0.160801202753    0.4005    0.3778  -0.051   55
60102.228    0.298971798695   -0.573897601441    0.1901    0.6063   0.155   27
60104.269    1.792592065677   -1.048996793429    0.5806    0.7494   0.022   25
60106.041    0.031796718546   -0.156297592468    0.1700    0.1602   0.203  116
60108.207   -0.799321813327    0.005900406563    0.3581    0.3051  -0.011  109
60118.269    0.434556342772    0.075801598598    0.3185    0.4183  -0.266   28
60122.207    0.158709426024    0.210401999823    0.2204    0.2766   0.007   59
60125.271   -1.823837070673    1.009202398450    0.4280    0.4778  -0.175   19
60159.250    0.390784219650    0.092001606333    0.1596    0.4359   0.091   44
60160.269   -0.848736371777   -1.105200001916    0.2968    0.3235   0.273   47
60167.249   -1.021624676443    4.836502807848    0.0785    0.1770  -0.654   86
60167.271   -0.228080832568    0.096703202246    0.2563    0.4155  -0.072   27
60180.252    1.520461610089    1.276199996880    2.1610    3.0844   0.445   16
60181.271    0.151276409812   -0.544697995508    0.2787    0.4277   0.121   19
60195.238    0.100897197682   -1.030197597629    0.2368    0.4778  -0.042   49
60199.209   -0.187063850117    0.286603201971    0.1747    0.2012  -0.062  235
60202.270   -2.474224674730    3.732800398382    0.2708    0.4719   0.036   23
60207.230    0.363391162992    0.404503195739    0.1801    0.3597   0.062   41
60208.249   -0.199452194822    7.227601199133    0.0808    0.1820  -0.310   94
60208.271   -0.307091968689   -0.232397998445    0.1778    0.2422  -0.044   56
60220.207   -0.675164246520   -0.423496796031    0.3267    0.2638  -0.133  134
60223.249   -0.146869508626    0.235400396775    0.0515    0.1416  -0.485  100
60223.271   -0.555958721961   -0.196696802846    0.2379    0.3424   0.200   25
60227.209    0.645571002040   -2.987499604501    0.6659    2.9889  -0.850  112
60230.251    0.011426977270   -0.362296803758    0.0738    0.1692  -0.211   93
60230.270    0.093877168545    0.350801998650    0.3048    0.3067   0.045   29
60237.271    1.092515689517   -0.808696802324    0.3728    0.3762   0.058   47
