%-----------------------------------------------------------------------------
%                R.A. (mas)        Dec. (mas)        Err. (mas)     Corr. Del.
% Uncertainty in R.A. is in R.A. cos(Dec.)!!!!
%-----------------------------------------------------------------------------
47165.332   -0.665224552409    0.461599194068    0.4868    0.4332  -0.079   13
48565.247    0.409367673741    0.152999993475    0.5909    0.9986  -0.018   15
49176.292    2.383467062158    3.162301192106    0.6206    1.0301   0.042   30
49232.333    4.097844172595   -0.175600820285    2.1788    1.0828   0.557   70
49232.333    1.840802331595   -2.010600019275    0.5939    0.6721  -0.548   71
49367.289   -0.191143342812    0.365000394709    0.2703    0.1584   0.470  151
49368.268   -0.830345533757    0.658101592421    0.4148    0.4724  -0.816   26
49369.265    0.063455212520    0.035701182810    0.2446    0.3035   0.212   46
49370.255   -0.135230911177   -0.160898417789    0.2556    0.2795  -0.596   32
49372.267   -0.164250405429   -0.032598001098    0.1409    0.1484  -0.096   84
49373.268   -0.018477304175    0.105501604253    0.2661    0.2257  -0.082   32
49374.269    0.199749369140   -0.163000800057    0.3526    0.1930   0.575  108
49375.270    0.167827922164   -0.637999195874    0.2570    0.2310  -0.100   31
49376.267    0.759633113535   -0.117100799457    0.3469    0.2155   0.560   99
49377.257   -0.227998119317    0.300301198308    0.3726    0.3600  -0.107   39
49380.000   -0.177504188102    2.195899193680    0.5383    0.9447   0.140    9
49391.001   -1.536390060838   -1.726700395466    1.0570    2.3410   0.728    5
49429.418    0.128168682393    0.481100394722    0.3282    0.5017   0.285   40
49432.997    0.913436475960   -1.987099201983    2.3108    2.4510   0.386    9
49435.335   -0.388475996102    1.922702381307    0.3896    1.2132  -0.843  118
49456.333   -2.296508378256    2.026000794331    1.0976    0.8747  -0.653   13
49471.418   -0.159802279782   -0.187797604667    0.1660    0.1676  -0.151   76
49471.418   -0.132233778388   -0.109900798861    0.1620    0.3494  -0.428  164
49482.167    0.030180262145    0.099799183317    0.1458    0.1730  -0.090   63
49484.333   -2.330944096525    2.179501200317    1.4825    2.6915   0.483    6
49484.333    0.664739315535   -1.499097601254    0.5710    0.8259  -0.941  201
49524.168   -0.643169731499    0.034700383367    0.3388    0.4294   0.094   11
49534.416   -0.115787818026   -0.636598818460    0.3228    0.3507  -0.162   45
49534.420    1.041605191344    0.200501989411    0.1420    0.2809  -0.351  197
49540.998   -0.442162072015    0.291599985758    0.7757    0.7996   0.466    4
49541.250   -0.191528747841    0.267001192356    0.3738    0.4729  -0.205   16
49547.332   -0.339818396790   -0.253299614883    0.2484    0.2285  -0.141   35
49547.335    0.676444648882    0.407599202390    0.1528    0.2278   0.562  190
49562.084    0.632625166044   -0.617299210148    0.2322    0.3019  -0.203  145
49576.501   -0.319699772620   -0.099399605347    0.3480    0.5822  -0.182   72
49589.332   -0.004838149465    1.075802384776    0.4054    0.5220   0.356   69
49589.335    0.627691869507   -0.871700407856    0.3803    0.6328  -0.916  226
49590.417   -0.030085115073    0.530099995899    0.3564    0.4489   0.213   69
49594.168    0.058038988504   -0.210599998240    0.8129    0.5518  -0.102    8
49603.335   -0.190755661380   -1.081299606653    0.9485    1.9028   0.871   19
49603.335    0.117624149930    0.071801994750    0.1617    0.3379  -0.302  194
49608.044    0.143451532476   -0.322797609442    0.6713    0.8156   0.228    3
49611.418   -0.077869796078   -0.501998417235    0.2457    0.4074  -0.001   15
49639.159   -0.137262254990   -0.148798810073    0.0951    0.1206   0.136  503
49642.998    0.360324735383   -0.267699616074    0.4375    0.5697  -0.198    9
49646.040    0.315246995193   -1.157400012630    0.5517    0.5151  -0.090    4
49652.334   -0.632335007062    0.448300801281    0.2694    0.3432  -0.330  191
49653.419   -0.097505558752   -0.381297604690    0.4224    0.5291   0.327   50
49653.419    0.154866640859    0.297701984664    0.1073    0.2052  -0.218  196
49657.002    0.361678205791   -0.281700013716    0.2574    0.3463   0.085   35
49667.419    1.002719038035    0.196401589392    0.3749    0.3968  -0.141   15
49678.084    0.899699798799    2.208801589632    1.1816    2.3581   0.129    5
49685.166   -1.461422250476    0.130899604756    0.3671    0.1542   0.053  115
49685.170    0.099149188141    0.114901189363    0.1245    0.2673  -0.295  122
49685.170    1.272890635423    4.783701601241    1.0216    1.6016   0.698   13
49694.334   -0.489656561047   -0.133797612989    0.3845    0.3794  -0.175   14
49699.166    0.113658951763   -0.213299995266    0.1935    0.4172  -0.336  188
49702.081   -1.160780165977   -0.528300014935    0.6012    0.6544  -0.497    8
49706.168   -0.081932516696    0.004100400020    0.1983    0.2169   0.118   40
49715.000   -0.090348182895   -0.081900003579    0.0885    0.0942  -0.010  281
49715.332   -3.582167625461    3.340202380286    0.4016    0.5741  -0.342   55
49716.417   -0.117529002857    0.161301602475    0.1052    0.2046  -0.223  245
49716.417    0.031243540579    0.453599986372    0.3195    0.4141  -0.530   99
49716.420   -0.580004710951    0.296402390632    0.6334    0.5264   0.570   10
49721.249    0.204780188128   -0.620798414275    0.1572    0.3368  -0.306   27
49728.251   -0.021474436964    0.249699601795    0.1506    0.2020  -0.137   51
49741.166   -0.366226163282   -0.547898417835    0.2314    0.3643  -0.076   72
49741.166    0.049816024819    0.286901996560    0.1087    0.2822  -0.214   98
49741.170   -0.061038463679    0.479001593590    0.5412    0.3338   0.287   13
49749.249   -0.125559264028    0.291999589308    0.1953    0.3150  -0.130   32
49750.334    0.002901952724   -0.880200002484    0.3318    0.4011   0.071   42
49750.334   -0.009481254029    0.476200787602    0.1843    0.5171   0.333   33
49750.334    0.581065646999   -0.757400414386    0.3770    0.5640   0.315   74
49751.415    0.086863503838   -0.087400806592    0.1495    0.2055   0.154   42
49751.419   -0.864491027061    0.534999603019    0.6091    0.4305  -0.097   20
49751.419   -0.106599098357    0.303102004295    0.1420    0.1753  -0.170  102
49756.251   -0.056007644691   -0.027900011901    0.1402    0.1871  -0.237   75
49763.253    1.197634942482   -0.218800798280    0.5322    0.4371   0.354   64
49770.251   -0.031921479968    0.060199192831    0.3578    0.2056  -0.338   56
49777.249    0.171988132240    0.179999989314    0.3264    0.3249   0.247   15
49779.043    0.875228229047    0.061300801235    0.7012    0.6143   0.628    3
49783.086    0.053008169516   -0.164998817809    0.1332    0.1457   0.239  113
49784.251    0.108047715837   -0.179499602382    0.1144    0.1692  -0.156   74
49790.168   -1.704220325388   -0.847400409043    0.9667    0.4332  -0.120   18
49790.168   -0.324728249222   -0.586997995811    0.3507    0.7679  -0.369   14
49790.168   -0.363324210558    0.338702403724    0.3071    0.3596  -0.135   22
49791.249    0.038595928345   -0.070199999413    0.2124    0.2784  -0.121   21
49798.251    0.197913004245    0.156301186394    0.1372    0.1719  -0.056   52
49800.417   -0.401920138903    0.010000781003    0.2905    0.3353  -0.251   17
49805.249    0.108628132775   -0.409899595866    0.2008    0.3596   0.119   30
49812.251   -0.229931973672    0.484300804260    0.1303    0.1898  -0.189   68
49819.249    0.211454669496    0.219099592869    0.1873    0.2923  -0.040   19
49820.334   -0.169088521902   -0.404398818432    0.2935    0.5873   0.329   51
49821.419   -0.351426207687    0.157399188083    0.4046    0.9153  -0.387   36
49826.251   -0.078257477510    0.119502001894    0.1405    0.1388   0.030  131
49826.960   -0.843984688468   -0.264398397576    0.4409    0.2823  -0.032   72
49827.336    1.398642601966   -2.213899207959    0.5548    0.8106  -0.730   61
49828.421    5.478011812772    2.411600391383    1.3902    1.0061  -0.118   17
49828.421    0.167925411623    0.183600002401    0.2915    0.4479  -0.566   66
49828.421    0.144322108396   -0.246898795808    0.2198    0.2008  -0.158   94
49832.000    0.233607012857   -0.227300418487    0.3958    0.5110  -0.005   18
49833.249   -0.242507882939    0.102200385754    0.1686    0.2344  -0.081   48
49840.251    0.113466249248    0.300700801859    0.1577    0.2053  -0.131   77
49847.249   -0.110274137542   -0.028000795282    0.1997    0.2582  -0.086   38
49854.251   -0.286422512850   -0.005799597602    0.1459    0.1745  -0.130   74
49861.249   -0.024473912138   -0.212799608335    0.2106    0.3104  -0.073   30
49868.251   -0.018670006690    0.331099192863    0.1526    0.1644   0.075   71
49869.332   -0.024764104112    0.065300392293    0.1426    0.1894  -0.468   70
49869.336   -0.365453076821   -0.138898812452    0.2074    0.2199  -0.209   53
49875.257   -0.169473926931   -0.408297600529    0.2265    0.2772   0.201   35
49876.331    0.147804445067    0.092300388133    0.0896    0.0910  -0.099  229
49877.415   -1.383167082360    2.470302004554    0.2924    0.3950  -0.085  138
49882.251   -0.085222183844    0.383702388262    0.1599    0.1978   0.080   82
49883.336    0.166281749242    0.544802398394    0.2884    0.4408  -0.192   27
49889.253   -0.395826041481   -0.157399213663    0.4438    0.2867   0.137   18
49896.251   -0.921176578149   -0.194900403017    0.2521    0.2329   0.192   74
49897.332   -0.013639187702    0.086101186980    0.3237    0.9108  -0.785   49
49897.336   -0.190175277433    0.042901183406    0.1937    0.2087   0.298   78
49904.250   -0.095571671406    0.054799198779    0.3956    0.3154   0.048   20
49909.115    1.298235090490   -0.196797611807    0.4501    0.6755   0.268  241
49910.251    0.148094637040   -0.418298407112    0.3077    0.2800   0.278   26
49914.167   -1.015392469753   -0.936500413218    0.5271    0.8749   0.052   99
49917.253   -0.219097282226   -0.030297607623    0.3001    0.2886   0.004   20
49923.002   -0.538216637909    0.038401179836    0.2987    0.3173  -0.023   20
49924.251   -0.128751408726   -0.431200803064    0.1909    0.2725  -0.064   54
49931.250    0.408109416389    0.026899186878    0.2285    0.2698  -0.126   31
49938.251    0.389344229635    0.013600794091    0.1893    0.2224  -0.202   51
49945.253   -0.116658426937    0.527201987666    0.2411    0.2782  -0.098   20
49946.334    0.031436243094    0.198201595936    0.4840    0.4849   0.162   13
49952.251    0.195396423558   -0.148500015484    0.1786    0.2200   0.082   49
49953.322   -0.090831044392    0.151002001303    0.3812    0.4589   0.764  197
49954.322   -0.132233778388    0.606099592915    0.2470    0.3605   0.578  159
49955.320   -0.357230113136    0.018701993554    0.2630    0.2238  -0.089  131
49956.320    0.630884014204   -1.701100802620    0.3625    1.0278  -0.385  176
49957.321   -0.263884797452    0.316299588121    0.1826    0.2761   0.550  176
49958.253   -0.156415123176   -0.215600414322    0.1770    0.2114   0.183  104
49959.250    0.011220096474   -0.275000400052    0.1734    0.1924  -0.093   47
49960.334    1.214561421955    2.310001201522    0.9743    0.8559   0.371   17
49960.334   -0.854044017048    0.637199988773    0.3699    0.3559  -0.145  204
49961.416    0.659998688520    0.481201203684    0.5687    0.5850   0.669   81
49966.251   -0.289421988025    0.126702002490    0.1519    0.1870  -0.109   59
49967.333    0.664061442129    0.021801594130    0.5259    0.5477   0.462    7
49973.250    0.212808139904    0.442299585757    0.2318    0.2791  -0.201   19
49979.083   -0.802584296857    0.161200793514    0.4474    0.7286  -0.695  136
49979.086   -0.031341063030   -0.412898413060    0.2204    0.2969   0.093   42
49980.252   -0.192979707707   -0.427500006595    0.1862    0.3458   0.058   42
49987.253   -0.359649171373    0.301499983379    0.2308    0.3571  -0.149   52
49993.167   -0.584840518030    0.632699985204    0.4529    0.8042  -0.333    5
49994.252    0.091604130853   -0.150598816617    0.1426    0.1794  -0.183   76
50001.250   -0.329856590660   -0.187898413628    0.5024    0.4957   0.499   38
50008.252   -0.062972318033   -0.055198802329    0.2705    0.2758  -0.310   82
50014.001    0.195203754035    0.178300791731    0.3369    0.2716  -0.039   13
50015.250   -0.144226961323   -0.114498004677    0.2429    0.2784   0.123   35
50022.252   -0.034920922151    0.087699601181    0.1299    0.1615  -0.115   87
50029.250    0.304607282666   -0.219700814341    0.2067    0.2503   0.039   60
50029.253   -6.207369484098   -0.829598405971    0.2826    0.3040  -0.029   19
50031.416    1.717954627171   -6.538100416265    0.5716    0.9951  -0.691   40
50036.252   -0.133587248796    0.040399197587    0.2001    0.1399   0.171   80
50038.085   -0.094798617937   -0.008200800039    0.2115    0.2482  -0.048   31
50042.041   -0.000870608911    0.100601997133    0.3328    0.4129   0.478   11
50043.250    0.169473893939    0.245102395979    0.1736    0.2132   0.019   49
50050.252   -0.312637576828   -0.118598404697    0.1388    0.1912   0.060   44
50057.250    0.232929106460    0.038599191043    0.2037    0.2690  -0.206   54
50058.335    0.105921191960   -0.316097995778    0.2068    0.3447   0.016  234
50058.397  115.055852421082  107.202499191317  123.1886  172.0060  -0.094    9
50059.419   -0.083963893500   -0.322200020264    0.0932    0.1183   0.380  182
50064.252   -0.199944381049    0.497599197047    0.1379    0.1724   0.106   64
50065.333   -0.228093299381    0.223199992888    0.2578    0.2711   0.164   32
50070.041   -0.286712704823   -0.371998802962    0.3219    0.4911   0.152    9
50071.250    0.678088311263   -0.466898404738    0.3333    0.3357  -0.533   22
50078.252    0.223740353799    0.200102385861    0.1450    0.1904  -0.357   86
50084.998    0.096925141814    0.131201980480    0.2673    0.3497  -0.182   80
50085.250    0.076416460834    0.123400783991    0.2057    0.2779  -0.032   26
50092.252   -0.108727964620   -0.194097614781    0.1590    0.2345   0.018   81
50099.254   -0.747447261078    0.019202380486    0.2070    0.2404  -0.060   48
50105.043   -0.725197428258    0.272199594065    0.2717    0.2812  -0.129   10
50106.252   -0.083383476562    0.090701999511    0.2383    0.3223  -0.098   25
50112.085   -0.046238541075    0.036601198872    0.2444    0.2553  -0.016   20
50113.250    0.128361384907   -0.284997599920    0.1853    0.2900  -0.079   57
50120.252   -0.176053228235    0.126100781017    0.1399    0.1602  -0.193   82
50121.333    0.371835023830   -0.535298397608    0.4295    0.4315   0.166   50
50122.662   -0.002128866263    0.587001602526    0.5164    0.5024  -0.034   63
50126.041   -0.207586960788    0.034700383367    0.3531    0.4112  -0.189   12
50127.254    0.002706940815   -0.014997615949    0.2414    0.3464  -0.229   25
50134.252    0.109886390127    0.317401196526    0.2039    0.2755  -0.050   16
50136.085   -0.064713502864    0.157600780426    0.0906    0.1230  -0.121  148
50141.250    0.987048506520   -1.114498803645    0.4027    0.4392  -0.530   18
50147.043    0.392246182360    0.431402395407    0.2204    0.2365  -0.043   13
50148.252   -0.068390851444   -0.303498001131    0.1343    0.1752  -0.047   83
50149.333    0.542469718654   -0.484099211917    0.1922    0.3004  -0.369   54
50153.877    0.136777051107   -0.415900811390    0.3797    0.3203  -0.122   16
50155.250    0.011993182935    0.221299202963    0.1798    0.2569  -0.448   54
50155.831    1.243968630630    0.477100803664    0.4379    0.3857   0.297   45
50156.331   -9.539486445735   -5.053399209487    4.7132    8.5107   0.058   44
50162.252    0.312054850495   -0.388098001736    0.3589    0.5060  -0.689   19
50163.337    0.151674496161   -0.070599602964    0.0957    0.0947  -0.360  340
50168.169   -0.069066415455    0.011700004166    0.3206    0.4942  -0.141   13
50169.250   -0.029599911190    0.118900780421    0.1457    0.1609  -0.101   91
50170.335    0.447190548616    0.948999598904    1.2967    0.7844  -0.466    5
50176.252   -0.228190821832    0.007099191635    0.1441    0.2324  -0.176   62
50177.333   -0.391377948826    0.508301982904    0.2142    0.3653  -0.298   33
50183.250    0.036369539631   -0.127699195218    0.1756    0.2558  -0.373   78
50189.039    0.234089874353   -0.173397603476    0.2850    0.2966   0.043   25
50190.252    0.175953363399   -0.245498418394    0.2632    0.3167  -0.218   27
50197.250   -0.075065332813   -0.516499201808    0.2245    0.2595  -0.100   42
50197.250   -0.023313111254   -0.190400399447    0.1910    0.2241  -0.166   42
50198.335    0.067325230624    0.177800404799    0.2089    0.2422  -0.173   25
50199.420    0.218226673315    0.230900380416    0.3105    0.5939   0.112   89
50204.252   -0.224901154684    0.132400791131    0.2426    0.2554   0.069   22
50205.333   -0.423782290290    0.183200398851    0.3233    0.3073  -0.364   18
50218.252   -0.036081690044   -0.140198406484    0.1736    0.2816  -0.302   34
50219.333   -0.187465994232   -0.134398808882    0.1964    0.3471   0.084   27
50224.041    0.342332635091   -0.324298795817    0.5487    0.7103   0.167    9
50226.401    8.899796741512   10.840899582831  128.9914  184.7721  -0.050   29
50232.252   -0.157575924060   -0.271198820201    0.3395    0.4135  -0.117   11
50233.337   -2.686240322315   -1.312700399581    1.1320    1.3490   0.385    4
50242.333    0.276265661819    0.349801186417    0.1537    0.3168  -0.195   45
50246.252   -0.084254085473   -0.575100006017    0.2343    0.2473  -0.083   24
50247.436   -2.304536330032   -0.414597610643    0.6407    0.5730   0.149   24
50248.520    0.417685850482   -0.259599599417    0.1410    0.1746  -0.416  976
50253.254   -0.417398000895    0.090899985139    0.2525    0.2815   0.082   21
50255.288   -0.528154999933   -0.212000401234    0.2750    0.2502  -0.071   33
50259.083   -0.213971250183    0.129700794105    0.4786    0.5559  -0.258   28
50260.252    0.019635762673   -0.087598817800    0.2067    0.1912  -0.190   38
50262.086    0.014314718721    0.002102382268    0.0824    0.1030  -0.077  192
50274.252   -0.120916159464    0.250999195828    0.1831    0.1706   0.069   40
50276.166   -0.125461774569    0.753901184680    0.2028    0.3937  -0.055  115
50276.170   -1.278696883258    0.100202393583    0.6322    1.4171  -0.241   14
50280.041    0.589095941162    0.657900000078    0.5227    0.4526   0.334    9
50281.250   -0.046916414481    0.100101584621    0.3271    0.2385  -0.384   38
50282.335    0.603217990360   -1.242000013235    1.0086    0.9709   0.159    3
50287.083   -0.367096739202   -0.168998408867    0.2665    0.2353  -0.164   30
50290.086    0.168603318019    0.001900789925    0.1169    0.1302  -0.107  135
50295.254    0.113658951763   -0.096400813732    0.2040    0.2246  -0.040   23
50303.333   -0.613472330850    0.043801199467    0.3939    0.5233  -0.151   11
50305.832   -0.206233490381    0.229201182833    0.4021    0.3824   0.093  126
50308.041    0.385861892964   -0.118598404697    0.3553    0.3510   0.270   14
50316.252   -0.060845794156    0.517802402555    0.2405    0.2199   0.230   21
50322.085   -0.192304143697   -0.336599995876    0.2575    0.5655   0.093   90
50324.332   -0.407919056261    0.193399191062    0.3861    0.2504   0.517   35
50329.168    0.049042938358    0.074102388226    0.2590    0.2520   0.021  164
50330.252   -0.348814446936   -0.226998017183    0.1454    0.1722   0.056   70
50331.323   -0.688827855636   -0.814399197679    0.2472    0.3419  -0.279  146
50332.323   -0.548373455948   -0.340599612514    0.1623    0.2380   0.411  159
50333.335   -0.398535324682   -0.625500010187    0.2536    0.3183  -0.103  173
50336.104   -0.446224792633    0.223599596438    0.4673    0.4412   0.003   57
50338.335    0.508034000386   -0.113799606538    0.2981    0.2735  -0.006   14
50343.168   -0.067422753074   -0.301100405409    0.1543    0.2285   0.401  179
50344.252    0.104372709643   -0.213598815435    0.1753    0.1743   0.183  103
50345.323   -0.296579330890    0.169401593553    0.3084    0.3416  -0.171  175
50346.323    0.108145238287   -0.036000002979    0.1611    0.1935   0.147  169
50347.335   -0.002031376804    0.090201587000    0.1889    0.2163  -0.074  172
50351.254   -0.244344247834    0.049802389412    0.1960    0.2487  -0.013   18
50355.334    0.023310768867   -0.022100414299    0.0767    0.0831  -0.045  340
50357.168   -0.298320515721    0.208699182735    0.1826    0.2248   0.379  177
50358.252   -0.204007134658   -0.064400401811    0.1599    0.1809   0.145   54
50359.323    0.612504232479   -0.793497619611    0.2554    0.3028  -0.427  159
50360.323    0.180984182386    0.167900381598    0.1468    0.1992   0.083  167
50361.335    0.029985250236    0.266000392912    0.2280    0.2283   0.464  166
50371.168   -0.106986812781    0.130899604756    0.1895    0.2606   0.163  157
50372.252    0.204007101667   -0.587397599361    0.1744    0.1957  -0.003   49
50373.323   -0.390892744944   -0.186498010635    0.1441    0.1997   0.280  167
50374.323    0.264270169490   -0.052300819675    0.2264    0.2879  -0.067  145
50375.335   -0.325793870042   -0.801298816100    0.1833    0.2257  -0.046  187
50386.252    0.745123349914    0.783500394164    0.2420    0.2439   0.131   30
50387.334    0.667543778800    0.204102002499    0.0891    0.2717  -0.401  197
50391.096    0.089089859561   -0.260899219029    0.4860    0.8935  -0.369   86
50392.166   -0.304609625052   -0.142498799960    0.3364    0.3026  -0.696  141
50393.251   -0.100022106447   -0.050598015378    0.1936    0.2103   0.106   41
50394.321    0.231865828026    1.173301200197    0.1178    0.2848   0.218  140
50395.322    0.079996319955   -0.119498395179    0.2033    0.2461   0.159  150
50395.322   -0.030277784596   -0.249299998245    0.0700    0.0859  -0.093  557
50396.333   -0.098861338554   -0.102297613580    0.1699    0.1952   0.281  168
50396.333   -0.031536074939   -0.064598413019    0.0633    0.0832  -0.071  641
50399.164    0.010929904500   -0.155300412530    0.0593    0.0776  -0.267  498
50399.168    0.388085939292   -0.297198016597    0.1851    0.2162   0.156  147
50400.252   -0.168893509993    0.427600789976    0.2299    0.2345   0.162   36
50401.323   -0.057943841431    0.093902383469    0.2976    0.3686  -0.330  158
50401.323    0.761471787825   -0.671799614338    0.1563    0.1067  -0.362  472
50402.323    0.283615740190    0.219002390622    0.1778    0.2054   0.181  166
50402.323    0.347363454078   -0.628797596391    0.0965    0.1868  -0.411  497
50403.335    1.187768283425   -0.275097602298    0.2910    0.3392  -0.383  177
50403.335    0.023600960841    0.085802392391    0.0720    0.0789  -0.180  606
50408.346   -0.509680005153   -0.287100007768    0.2846    0.4113   0.190   17
50409.417    0.226737486588   -0.260297997556    0.1027    0.1130  -0.047   79
50413.168   -0.511711381957    0.921099587003    0.2690    0.3134  -0.701  104
50414.253    0.347846348566   -0.301298416616    0.1945    0.2244   0.045   28
50420.166    0.000290191973    0.135500391707    0.1775    0.1855  -0.104  104
50422.332   -1.172968360821    1.811501988414    0.0949    0.1884  -0.459  167
50423.420   -0.128556429808   -1.021600800755    0.2941    0.5033  -0.066  170
50427.055    0.856460732899   -0.161100010132    0.9791    0.5370  -0.455   11
50428.249    0.140549579751    0.075301198876    0.2138    0.3123  -0.434   88
50441.084   -0.664546646012    0.702302395439    0.5892    0.5244   0.058    8
50456.253   -0.020508680980   -0.066499202944    0.2556    0.2837   0.370   11
50457.272    0.311571956008   -0.365997613017    0.3783    0.2257  -0.497   58
50459.832    0.045270409714    0.030499199966    0.1491    0.1437  -0.022  183
50470.253   -0.139391121253   -0.245397609433    0.3159    0.3569  -0.511   10
50471.272    0.020408816143   -0.093200404194    0.1312    0.1593  -0.262  102
50478.332   -0.816028472650   -1.666400419253    1.8492    2.0494   0.299   17
50483.168   -0.228288311291   -0.343000814951    0.2723    0.3818  -0.127   15
50484.253   -0.081449622208   -0.094899601777    0.2158    0.2943   0.031   34
50490.082    0.318634151800    0.070401591756    0.2748    0.2933  -0.118   24
50498.253    0.312249862404    0.042501579856    0.3233    0.2441  -0.084   16
50500.083   -0.811192665571   -2.929698007392    0.5652    0.9031   0.048    5
50505.251    0.670930935407   -0.768200402490    0.4317    0.5315   0.143    3
50512.253   -0.476500267833   -0.117000016076    0.3161    0.2897   0.195   13
50525.102   -0.891866891924    0.503301592403    0.6665    0.7533  -0.104  100
50526.253   -0.013736677161   -0.068997607627    0.1954    0.2178  -0.255   25
50527.272   -0.200622287446    0.304700392917    0.2638    0.3078  -0.177   49
50531.998   -0.043046396377   -0.212198412441    0.2526    0.2872  -0.010   30
50539.172   -1.566280164002   -1.581800418649    0.2427    0.1907   0.294  346
50540.253    0.139679003831   -0.183999605952    0.2336    0.3000   0.229   19
50541.272   -0.502037425414    0.746899195292    0.3457    0.4593  -0.420   11
50546.002   -0.125364252119    0.232999181549    0.2089    0.3182   0.226   48
50554.253   -0.058524225378   -0.195199197606    0.1957    0.2741  -0.141   34
50555.272    0.016443617976    0.031899602959    0.3050    0.5049  -0.080   38
50568.253    0.090345840509    0.067201182219    0.3304    0.3606   0.296    8
50569.272    0.484625709068    0.171701987028    0.3626    0.3696  -0.381   23
50573.998   -0.303253845250    0.170600404203    0.1972    0.2643  -0.025   42
50575.751    0.969346598200    0.128102379904    0.2138    0.2341   0.104   84
50582.253    0.906374280168   -0.108000008936    0.3292    0.4153  -0.104    9
50583.272   -0.038790973246    0.277901989421    0.1363    0.2066   0.013   67
50588.082   -0.779173696145    1.493801997299    0.1213    0.1501  -0.320  183
50596.253   -0.000677906397   -0.153399597025    0.5073    0.4700  -0.498    5
50601.998   -0.093347625079   -0.103100401816    0.2365    0.2820  -0.343   41
50603.251   -0.214454144671    0.382899600027    0.5816    0.5106  -0.621    4
50610.253   -0.089575096434   -0.526899611941    0.2455    0.3609  -0.225   10
50616.086    1.055341868505    0.169001990002    0.9691    0.7640   0.716  181
50624.253   -0.197817857172    0.388000799489    0.1781    0.3122  -0.144   36
50631.251   -0.032309161400    0.038599191043    0.5142    0.7325  -0.517    4
50631.755   -0.107759866250   -0.090100803618    0.5993    0.9044   0.855  118
50638.253    0.317183158942    0.134301581056    0.2156    0.3242  -0.150   29
50639.272   -0.155351877733    0.180899979796    0.3264    0.5901  -0.269   63
50643.998    0.569167644129   -1.425600015637    0.3691    0.4120  -0.459   57
50652.253    0.121881915448    0.651499181004    0.1844    0.2888  -0.021   35
50653.272    0.259724554384    0.142901984646    0.4064    0.4534   0.190   10
50654.331   -0.627691902498   -1.257400813870    0.0989    0.1098  -0.017  286
50665.168   -0.306736181920   -0.844498819674    0.2579    0.4147  -0.049   71
50666.253   -0.198203229209   -0.195400815528    0.2496    0.2725   0.301   42
50671.998    0.482109128381    0.252100804232    0.5068    0.4929  -0.507   49
50680.253   -0.457832603530   -0.361800010751    0.3204    0.3392   0.326   44
50681.272   -0.135425923086    0.358902002517    0.1706    0.2391  -0.018   46
50686.083   -0.817094060479    0.033501598296    0.6177    0.6921  -0.150  141
50687.836   -0.283618082576   -0.119897998729    0.2756    0.2593   0.102   90
50694.253   -0.089575096434    0.552200384618    0.2509    0.3493  -0.091   49
50695.272   -0.034920922151   -0.644500798330    0.2739    0.5525  -0.171   56
50700.090    0.247341347631    1.327802380047    0.1604    0.4075   0.412  383
50707.000   -0.313217960775    0.219999583351    0.4842    0.9063  -0.380   11
50708.253   -0.214649156580   -0.412300798303    0.4362    0.5408   0.094   14
50715.251   -0.371644663702   -0.168199201767    0.3551    0.5532   0.145    4
50722.250   -0.425233250157    0.331200001824    0.3898    0.4928  -0.161   21
50736.253    0.381508980374    0.405100797707    0.4399    0.4050  -0.070   22
50750.253   -0.281684228222   -0.219600005380    0.1926    0.3026  -0.134   48
50751.272   -0.031826266912   -0.037497608218    0.1467    0.2191   0.042   34
50752.196   -7.778485422186    6.468901190715    0.7110    0.5772  -0.720  299
50757.251   -0.067035071642    0.354902385880    0.3448    0.4397  -0.010    5
50764.253    0.550499979825    0.476200787602    0.2362    0.2753   0.008   39
50771.252    0.139196109344    0.388202391832    0.3304    0.3747   0.113    4
50778.253    0.093247793233   -0.152398797582    0.3166    0.3904   0.409   42
50791.085   -0.513840248221    0.060400785173    0.2523    0.3295  -0.411  465
50792.250    0.100117286511    0.372801591197    0.2618    0.4172   0.131   33
50793.272    0.852398012281   -1.255798818534    0.1138    0.2269  -0.362   93
50799.219   -0.056202656600    0.645101994223    0.3871    0.3727   0.114    3
50800.340   -0.108050058223   -0.110300402412    0.0524    0.0493   0.172  481
50805.085    0.136874540566   -0.239198408281    0.1101    0.1875  -0.197  127
50806.166    0.078255135124   -0.096199195809    0.1830    0.3318   0.008   30
50820.250   -0.082415411183   -0.064699196400    0.2541    0.3000   0.202   68
50826.171   -0.033662631808   -0.247899595252    0.1880    0.2746  -0.171  100
50834.254    0.125074060146   -0.277999217246    0.1634    0.3191  -0.002   48
50840.167    0.182822856677   -0.242200806611    0.6931    0.4370  -0.724   90
50843.001   -0.098666326645   -0.231497995173    0.2354    0.2274  -0.234    9
50847.001   -0.213873760724   -0.487598416044    0.1713    0.2991  -0.133  399
50848.254    0.116948585919   -0.179499602382    0.1630    0.3211  -0.225   38
50854.079    0.571296510392    2.041999184144    0.3055    0.9546   0.936  323
50857.001   -0.007449910216   -0.055000816701    0.2511    0.2850  -0.067    7
50862.254   -0.128751408726   -0.395899198224    0.1897    0.2730  -0.094   31
50868.167    0.282069567268   -0.019900804205    0.2258    0.4016   0.013   33
50869.252    0.342815529578   -1.304798419710    0.5769    1.0292  -0.686    4
50876.254    0.091411428338   -0.056397612980    0.2274    0.3234   0.297   23
50884.271   -0.465667852792   -0.087800410142    0.5360    1.3336  -0.137    6
50890.254    0.071580653756    0.249101987038    0.3357    0.2685   0.050   19
50898.271   -0.038790973246   -0.004798798159    0.1352    0.2175   0.064  103
50904.254    0.517030050532   -0.113097601684    0.3937    0.3676   0.077   11
50912.271   -0.010351862940    0.379601988243    0.3093    0.3135  -0.301   10
50917.001   -0.342139965568   -0.248799611313    0.3302    0.3017  -0.118    5
50918.254    0.180886692927    0.137401181632    0.2839    0.3263   0.309   21
50919.324    0.368837891042    0.212299195823    0.0582    0.0920  -0.172  489
50923.999    0.360034543410    1.492999183483    0.4163    1.0533   0.017  200
50926.271    0.013541665251    0.608101191801    0.1393    0.2072  -0.260  196
50932.254   -0.018670006690   -0.091900810162    0.2605    0.3818  -0.469   10
50937.999    0.116948585919   -0.488300395318    0.3286    0.5752   0.242    6
50939.252   -0.986953359447    1.308700782943    0.5510    0.8476  -0.444   10
50940.271    0.153513170451    0.196700383981    0.1763    0.3658  -0.262  190
50946.254   -0.210779105486   -0.324100810190    0.2532    0.2686   0.035   24
50953.252    0.194525847638   -0.726998416667    0.5821    0.8995  -0.590   15
50960.254   -0.076901697708    0.074001604844    0.2224    0.2479   0.115   26
50967.252   -0.150611250718    0.512801986474    0.3980    0.5082   0.160   26
50974.254   -0.085317363908    0.342799197028    0.2142    0.2482  -0.069   16
50979.999    0.154478926435   -0.145400414908    0.3742    0.3887  -0.053    5
50981.252    0.569555358552    0.055299585711    0.7323    1.1988  -0.706   21
50982.271    0.127298106473    0.002800780408    0.1204    0.1208  -0.006  154
50986.997    0.061521325175    0.521899195860    0.4290    1.4066   0.279  244
50988.254   -0.085222183844   -0.223797607646    0.3053    0.3241   0.160   13
50989.324    0.331112538617   -1.079099996559    0.1364    0.2983   0.080  488
50995.252   -0.372707942137    1.002902388336    0.7182    0.5892   0.025   24
50996.271    0.418556426402    0.285602402528    0.2595    0.2668  -0.028   75
51002.254   -0.034630730178    0.127400400629    0.3409    0.2663  -0.214   15
51009.252   -0.626821293587   -1.267797617288    0.9936    0.8315  -0.657   25
51010.271    0.097600705824   -0.352097998757    0.1782    0.1671  -0.161   91
51015.169    0.581936222919   -0.124797605849    0.6018    0.6824   0.111   10
51015.253   -0.626048207126    1.872701980687  130.3025  192.6957   0.006    6
51016.250    0.067325230624   -0.480398415448    0.3158    0.3363  -0.204   17
51023.252   -0.398245099718    0.830401194207    0.4985    0.5792  -0.379   14
51024.268    0.500006048610   -0.248198415420    0.2925    0.4150  -0.451  148
51030.254   -0.229544292239   -0.541998011272    0.3465    0.3227   0.492   17
51036.087    0.684860282091   -0.667900806661    0.0848    0.1007   0.471  194
51042.998   -2.044909298098    0.673099182791    0.9713    0.9671  -0.299  262
51044.254    0.135616250223   -0.482597999962    0.2356    0.2576   0.005   22
51051.249    0.906471802618   -0.047498414801    0.9732    0.9256  -0.300    6
51052.271    0.020408816143   -0.316497599329    0.1948    0.2316  -0.138   43
51058.254    0.137842638936    0.248299198802    0.2996    0.3075   0.087   16
51065.252    0.224610962710    0.625600793569    0.4688    0.6702  -0.286   10
51072.250   -0.073516850496   -0.031698010616    0.2909    0.3214  -0.190   15
51079.249    0.109306006181    0.049499988108    0.4305    0.6226  -0.449   20
51080.717   52.482546471026  -44.789198398121   73.1571   62.3346   0.139    7
51085.001    0.141129963698   -0.055098018947    0.2479    0.2638  -0.231   15
51086.254   -0.325986539565    0.599000401280    0.2216    0.2735   0.306   13
51088.084    0.432970976968    0.060101990584    0.1248    0.2167  -0.039   95
51091.999    0.129717164710    0.096699582741    0.3033    0.3015  -0.321   16
51093.252   -0.219484963659    1.745899194816    1.1347    2.4731  -0.679    5
51094.271   -0.235543209597   -0.121600803027    0.1336    0.1827  -0.108  128
51098.998   -0.472052175178    0.798299998905    0.2545    0.3653  -0.195  433
51100.250    0.214744336644   -0.020897996933    0.2244    0.3163  -0.143   20
51107.252    0.948647590084   -0.493999209539    0.7793    0.6138  -0.281    6
51108.271    0.163089604544    0.226299593464    0.1875    0.2758   0.130  133
51114.251   -0.044594878694    0.076899587498    0.3104    0.2663   0.060   19
51120.000   -0.459668968425   -0.509097608870    0.4549    0.6031   0.183   10
51121.249    0.368837891042    0.598399179808    0.2670    0.2642   0.377   26
51122.268   -0.044014461756    0.003099600576    0.1581    0.1886  -0.179   94
51123.353    0.017604385869   -0.124599620221    0.5084    0.5375  -0.332   19
51128.251    0.227512915435    0.097700382184    0.2349    0.2732   0.049   28
51130.457    0.005706382998    0.383900399470    0.2876    0.2772  -0.001   34
51135.249    0.968283352758    1.522400381759    0.6123    0.6661  -0.052   19
51142.251   -0.035598828548    0.109202400722    0.1754    0.2300   0.204   42
51149.249    0.768146269194    0.549302401964    0.4576    0.5310  -0.271   30
51155.001    0.260014746358    0.213901191159    0.2492    0.4174  -0.265   34
51156.251    0.442642624116    0.092001593544    0.1865    0.2373   0.104   35
51162.029   -0.942070631166    0.616201182879    0.3487    0.5470  -0.493  366
51163.249   -0.020701350503    0.574999197056    0.4036    0.3974  -0.292   37
51164.271   -0.067712945047    0.089701200068    0.1685    0.3906  -0.581  176
51169.166   -0.719878726692    0.211899592273    0.0656    0.1267   0.188  568
51170.251   -0.194335520501   -0.050698798759    0.1893    0.2334   0.030   42
51176.164   -0.353072179463   -0.305200805428    0.4431    0.3776   0.124  118
51177.249   -0.478146239609    0.789199182805    0.6590    0.7072  -0.117   23
51184.251    0.094796275550   -0.250999195828    0.2042    0.2620   0.072   23
51191.249   -0.013736677161    0.493099193477    0.3991    0.8534  -0.423   33
51192.272   -0.050881645639    0.123199191648    0.2100    0.3813   0.104   21
51198.251    0.020023444106    0.122702385852    0.1962    0.3254  -0.036   45
51205.249    0.001063278434   -0.668300410211    0.5953    0.6643   0.387   18
51206.272   -0.392731419234   -0.504298810711    0.4338    0.5245   0.119   44
51207.042   -0.155449367192    0.136400382189    0.3417    0.2453  -0.052   26
51211.002    0.985985228086    1.362301196650    0.9164    1.1341  -0.614  179
51212.251    0.297449906809    0.188301598314    0.3406    0.3122  -0.007   19
51219.249   -0.300932276472    0.244501200086    0.5429    1.2592  -0.314   28
51226.251   -0.023796005741   -0.513698395821    0.1765    0.2443   0.122   62
51228.000   -9.544322252813  -14.278197619433    0.7775    1.1400   0.693    4
51233.249   -0.375512405402   -0.116697614772    0.3253    0.6301  -0.183   34
51240.251   -0.238540342386   -0.352198807718    0.2040    0.3160  -0.110   27
51246.084    0.115690295576   -0.589500007209    0.0526    0.1667  -0.064  871
51247.245    0.281003979439   -0.058499995248    0.3600    0.5056  -0.468   39
51253.082    0.336818921615    0.881701188860    0.2543    0.2615   0.154   15
51254.251    0.113176057275   -0.044499597607    0.1811    0.2573  -0.209   24
51261.249    0.394375048623    0.019900804205    0.3291    0.5719  -0.246   15
51268.251    0.211066955073    0.011901596508    0.1936    0.2592  -0.070   34
51275.249   -0.451543494199   -1.271599197139    0.4979    0.6826  -0.165   25
51276.268   -0.140939603570    0.079099197592    0.2739    0.4883  -0.160   29
51282.251    0.388956515212    0.061001981067    0.2485    0.3678  -0.064   33
51284.084   -0.054654174283    0.073799986922    0.0811    0.0865  -0.066  758
51288.084   -1.306748279140    0.829202383557    0.1595    0.1596  -0.095   74
51289.249    1.259541672686   -0.001900815505    0.5714    0.5101  -0.291    6
51290.268    0.003287324762    0.219401994173    0.2554    0.4796  -0.099   57
51295.002    2.312659461872    5.143701579868    0.2509    0.4159  -0.427  261
51296.251    0.477951227700    0.118202382282    0.2891    0.3023  -0.179   19
51297.270    0.283713229649   -0.264200411948    0.2830    0.3936  -0.567   49
51302.084   -0.196559566829   -0.757299605425    0.3088    0.3694  -0.097   11
51303.249   -0.103309431209   -0.726800405459    0.4372    0.5320  -0.189   11
51304.272    0.760696391970   -0.648799209557    0.5625    0.5088   0.013    6
51309.086    0.413140235377   -0.240199207724    0.0733    0.1899  -0.327  432
51310.251    0.119270154697    0.270201601893    0.2412    0.3269   0.263   13
51317.245    0.519449108769   -0.062200817297    0.7333    0.6280  -0.332   12
51324.251   -0.038595961336   -0.073900795883    0.2118    0.2315   0.211   44
51331.249    0.063647882043   -0.315500406600    0.7612    1.0307  -0.320   14
51338.251   -0.425040547642   -0.445698006502    0.2819    0.3323  -0.096   16
51344.080    0.466728788840    0.033602381677    0.1669    0.1689  -0.111   71
51345.249    0.317956245403    0.035499590467    0.5952    0.8229  -0.301   48
51351.086   -0.552338687107   -0.811497608311    0.2443    0.4092  -0.051  442
51352.251   -0.497104128877   -0.145900801840    0.2833    0.2467   0.092   28
51358.000   -2.105269855380    6.069999594160    0.1857    0.3217  -0.193  315
51359.249    0.494104653702    1.249401580594    0.8579    1.4329  -0.589   59
51366.251   -0.430069057235    0.495500395914    0.2702    0.2933  -0.345   33
51373.249    0.168215603596    0.199601998929    0.2855    0.3800  -0.096   21
51374.268   -0.068971235391   -0.011998798755    0.2046    0.2779  -0.342   70
51379.082    0.218902237326    0.605800798326    0.1894    0.1982  -0.089   84
51380.251    0.708558765382   -0.023997597509    0.2685    0.2788   0.011   26
51387.249    0.680797561473    0.641199579832    0.8752    1.0482   0.388   46
51388.268   -0.787008978398   -0.826898408945    0.6284    1.4371  -0.356   69
51393.082    0.029890070172    0.131799595238    0.1338    0.4678   0.591  605
51394.251    0.042270967530    0.112201192337    0.2112    0.2563   0.083   26
51400.084    0.474951752525   -0.710899217893    0.2994    0.2992  -0.170   70
51401.249    0.804710853726    0.353699994093    0.9769    0.8521  -0.028   32
51402.268   -0.013929379675    0.430801199514    0.2123    0.3019  -0.382   76
51406.998    0.903957531326  -29.998098008832    0.2323    1.5860   0.197  393
51408.251    0.344461501354   -0.082000812540    0.1992    0.3193   0.022   43
51415.249   -2.167951981439    0.320900400652    0.8955    0.8758  -0.195   34
51422.251   -0.231190264015    0.167399994666    0.2160    0.2401   0.262   30
51429.249   -0.843792018945   -1.087200013217    1.0178    1.0163   0.415  114
51436.251   -0.018187112202    0.201999594651    0.2247    0.2532   0.092   36
51442.084    0.686406455013    0.071899196996    0.2699    0.2426  -0.142   28
51443.249    0.205940956021    0.061199992274    0.2801    0.3238  -0.189   33
51449.166    1.066756976888   -1.559397603046    0.2736    0.4651  -0.071   14
51450.251   -0.194625712475    0.135701984050    0.1990    0.2682   0.007   27
51457.249    0.309540579203   -0.664397995820    0.6842    0.6358  -0.502   40
51462.999    3.570269589599   -5.770998015464    0.2122    0.3073  -0.375  356
51464.251    0.128651576881    0.550799981625    0.2323    0.2578  -0.060   25
51471.250    0.580775455026   -2.990300410488    1.0328    1.3253  -0.148   58
51477.083    0.422233774982    1.296899995396    0.2241    0.3462  -0.031   22
51478.251    0.168408306110   -1.101297613104    0.3353    0.3425   0.128   57
51485.250   -0.612601754930   -0.109900798861    0.4354    0.9374  -0.497   57
51486.272    0.622758539978    1.202299188208    0.3320    0.7215  -0.232   18
51487.291    4.368208439506    0.120700786965    2.1119    4.8623  -0.923    3
51491.126    0.226157102641    1.258099186430    0.7280    1.2474   0.586    5
51492.251   -0.015285159478   -0.087998395770    0.1782    0.3052   0.068   60
51493.292   -1.279469936728    1.083002385371    0.8384    1.8953   0.688    5
51494.333   -0.636107535706    2.578600782499    1.0287    1.8942   0.752    5
51498.084   -1.350857920960   -0.528498000563    0.1702    0.1872  -0.164   73
51499.250   -0.084446754996    0.133001987024    0.2204    0.2320  -0.210  101
51506.251    0.095957043443   -0.051800407164    0.2910    0.3363  -0.086   46
51513.246   -0.667836313160    0.830102399618    0.5362    0.4410  -0.135   65
51519.083   -0.816899048570    0.696401988876    0.4109    0.2592  -0.364   28
51520.251   -0.155932261679    0.100299595829    0.1677    0.2049   0.029   50
51526.000   -0.648973636947   -2.255198396028    0.1492    0.2257  -0.183  515
51527.250   -0.273944126033    0.164401203051    0.2619    0.6478  -0.522   83
51528.269    0.460344499444   -0.297399608939    0.4187    0.4441  -0.806   65
51533.086    0.219289951749   -0.303598810092    0.1328    0.0916   0.140  931
51534.251   -0.221999201959    0.168199201767    0.2580    0.3191  -0.224   23
51541.250    0.177889560139   -0.152499606543    0.4642    0.7042  -0.200   50
51541.250   -0.566848417737   -2.244700809229    0.5358    1.7343   0.131    3
51542.269   -0.129427005728   -0.135198015982    0.3650    0.4242  -0.259   24
51548.252   -0.043046396377    0.164102382882    0.2277    0.2863  -0.181   26
51554.085    0.136777051107    0.272599197615    0.1958    0.2110  -0.021   62
51555.250    0.016153393011    0.873302403193    0.2989    0.6547   0.412    8
51555.253   -0.111822619859    0.052199985134    0.3164    0.5229   0.488   61
51556.269    0.077094367231   -0.338799605970    0.3248    0.4511  -0.029   21
51562.252   -0.069066415455    0.266799600013    0.1870    0.2315  -0.040   43
51569.250    0.402112808426    1.250402380037    0.2961    0.6179   0.120   56
51569.250   -0.379770137929    0.354301189986    0.3658    1.2324  -0.229    5
51570.999   -1.196861856022    0.056901581047    0.2377    0.4117  -0.240  292
51575.072   -1.214853956314    0.613799980442    0.2333    0.2861  -0.182 1131
51576.252   -0.042175787466    0.425700000051    0.1892    0.2258   0.045   35
51582.001   -0.395535849508   -1.479398414972    0.2776    0.3817  -0.201  365
51583.250    0.024666581661    0.510101989448    0.5554    0.3047  -0.446   57
51583.250    0.422814158929    0.356399991119    0.3258    0.5240   0.418    7
51589.083   -0.302383236338   -0.374598016606    0.2087    0.2373   0.003   85
51590.252   -0.457927783594   -0.135799211876    0.2138    0.2537  -0.076   32
51597.250    0.012090672394   -0.519199198834    0.4885    0.6064   0.033    5
51604.252   -0.231673158503    0.430099194659    0.2640    0.2793  -0.100   30
51611.250   -1.679068539844    0.218102400140    0.9455    0.8446   0.686    5
51617.079    0.147514253093   -0.130197599901    0.0441    0.0583  -0.022  751
51618.252   -0.381896694797   -0.124300800053    0.2486    0.2631   0.253   31
51620.001   -4.147855242314   16.080501589499    0.4434    1.0255  -0.314   99
51625.250   -0.038693450795   -0.016599611286    0.2178    0.2914  -0.040   18
51631.083    1.377458356976   -0.505799997086    0.5643    0.5197   0.184   10
51632.252   -0.380735893913    0.383202001331    0.3083    0.3960   0.285   37
51639.250    1.148011587187    0.597801590629    0.5347    0.5261   0.019    8
51646.252   -0.104277529579    0.174599995262    0.2776    0.3326   0.023   46
51653.246    0.182822856677    0.186001204838    0.2133    0.2397  -0.028   21
51653.250    0.307701904913   -0.946598396467    0.3929    0.8500   0.261    7
51659.083   -0.053783598364    0.602200785238    0.3516    0.4754  -0.128   12
51660.252    0.379380081119   -0.021297600483    0.1977    0.3154  -0.019   43
51667.250   -0.207586960788    0.704800800122    0.3300    0.5284  -0.143   13
51673.083   -0.759925647895    0.032799593441    0.2974    0.3041  -0.021   84
51674.252   -0.518773577750   -0.194698810674    0.2016    0.2981  -0.168   29
51675.267   -0.461410120265   -0.510098408313    0.7096    0.8377  -0.478    6
51680.001   -0.193464911590   -1.140699617963    0.5082    0.5590  -0.156  216
51681.250   -0.284295955982   -1.176699595362    0.4647    0.8303   0.025    3
51687.087   -0.941587736678    0.968601582940    0.0793    0.1643  -0.225  685
51688.252    0.186400406403    0.297201597732    0.3050    0.3125  -0.164   22
51695.250   -0.863330259168    0.016001996528    0.7120    0.5233  -0.018   10
51702.248   -0.279652851418    0.843699586994    0.3002    0.4457  -0.491   56
51704.001   -0.067325263615   -0.393400819121    0.2565    0.5413  -0.171   21
51709.250   -0.217841301278   -0.224798407089    0.4915    0.7154   0.256    9
51715.079   -0.170829706733   -0.123598795199    0.6061    0.6315  -0.223   71
51715.708   10.323978810454  -11.833999201372    4.3747    3.5305   0.118    7
51716.252    0.392246182360   -0.020300407755    0.2652    0.3248   0.072   23
51723.246   -0.153513203443    0.210599998240    0.3885    0.5282  -0.434    3
51723.250    0.000000000000    0.552200384618    0.4078    0.5536   0.215    9
51731.249    0.349975214830   -0.199598417794    0.4610    0.5013   0.055    9
51732.286    0.073999711992   -0.206899201771    0.1094    0.1381  -0.312  496
51736.227    0.106984470394    0.198399581564    0.4798    0.3506  -0.167   12
51737.250   -0.031631255003    0.414399599435    0.3932    0.3828  -0.214    7
51738.266    0.113851621286   -0.131400017267    0.2716    0.5161  -0.364   34
51744.252    0.063745404494    0.020001587586    0.2053    0.2244  -0.099   29
51750.085    1.215239328351   -0.223898416607    0.6868    0.9097  -0.066   31
51751.250   -0.395535849508    0.092401197094    0.4951    0.5820  -0.017    5
51758.252    0.306736148929   -0.161297995760    0.2866    0.2794   0.045   22
51764.001   -0.219677666173   -2.586099603263    1.0390    1.4602  -0.081   65
51765.250    0.116270712514    0.751899585794    0.2841    0.3565  -0.250   13
51771.083    0.041302869160   -1.054799997746    1.6744    1.8791  -0.197    7
51772.252    0.327144998063   -0.442799998268    0.3596    0.4000   0.125   18
51778.224   -0.562205313173    0.283899598230    0.5423    0.3319  -0.057    6
51779.250    0.482884524237    0.222699580377    0.3722    0.4106  -0.201    4
51780.273    0.053105691967   -0.720899998896    0.1495    0.3612  -0.281   46
51786.252    0.789620706158   -0.096498015978    0.3298    0.3196   0.011   25
51792.001   -0.696372912924   -1.823598014994    0.3940    0.8214   0.270  192
51793.250    1.031353160249    0.026701201250    0.9171    0.7056  -0.636    3
51800.252    0.044204821884    0.235900796497    0.1693    0.2762   0.179   45
51802.075    0.351038493264    0.720500395346    0.6257    0.4283  -0.136   19
51807.250   -1.125086190357    1.557601203217    1.5895    1.5827  -0.916    3
51808.266    1.514720611965   -0.654897601748    0.4732    0.4760  -0.574   64
51813.226   -0.943619113483   -0.150800408960    0.6651    0.5327   0.003    3
51814.252    0.068195839535    0.216601188185    0.2829    0.3214  -0.079   17
51828.249    0.232541392036    0.229802404306    0.1709    0.2733  -0.037   34
51829.271   -0.153513203443    0.470401190000    0.2089    0.2443  -0.487   44
51834.162   -0.543632828934   -0.190000795897    0.1998    0.3487  -0.341   12
51836.266    0.207972332825   -0.057600004766    0.2031    0.3309  -0.228   57
51841.083    0.353262539591    0.655700389984    0.1261    0.0579  -0.065  627
51842.252    0.045946006715   -0.152798401132    0.2465    0.2236   0.204   59
51848.228    0.048365064952    0.353001595954    0.2524    0.2504  -0.192   12
51850.266   -0.407338672314    0.014601593534    0.2418    0.5603  -0.448   52
51856.252   -0.298225335657    0.183902403705    0.2561    0.4644  -0.065   20
51862.082   -0.862364503184   -0.244598402332    0.2392    0.1722  -0.357   43
51863.250    0.520609909653   -0.281897999344    0.5720    0.5715   0.510    4
51870.249    0.151191601673   -0.004100400020    0.2047    0.2181   0.037   35
51876.228   -0.344461534346   -0.604598406539    0.2888    0.5600  -0.298    6
51877.250   -0.286712704823   -0.286797606464    0.3717    0.5222  -0.541    4
51883.083   -0.284005764008   -0.169599604760    0.0691    0.0458   0.308  722
51884.252   -0.069551652329   -0.000500412511    0.1890    0.1941   0.272   33
51885.998   -1.115607245723    1.015300790641    0.5381    1.4058  -0.537  192
51890.228   -0.225191346657    1.482300004341    0.6998    0.6795   0.019    6
51891.250   -0.599350281652   -1.755298805506    0.4450    1.0782   0.542    3
51892.266   -0.657776984579    2.174201989646    0.2004    0.5034  -0.655   65
51897.084   -0.648103061027    0.246999604769    0.4074    0.3101  -0.211   32
51898.249   -0.125364252119   -0.138499208902    0.2025    0.2194  -0.088   44
51906.248    0.506195326096   -0.156398414219    0.3820    0.4705  -0.176    3
51912.249    0.094023189089   -0.067899605938    0.1359    0.1521   0.118   73
51918.085   -0.293872390075    0.272300403026    0.3736    0.3265  -0.185   34
51919.251    0.376285458872    0.404099998264    0.3028    0.4940   0.515    9
51920.266    0.490719806490   -0.023698802920    0.3464    0.5297  -0.365   46
51926.249   -0.214068772634    0.220899599412    0.1303    0.2343  -0.020   54
51932.224    2.525082229739   -0.529300814378    0.1194    0.1355  -0.117   36
51933.251   -0.365453076821    0.585201595982    0.3084    0.3750  -0.364   11
51934.266   -1.167359467282    0.756900001875    0.7326    1.0169  -0.225   91
51939.084   -0.404241707681    0.455799596466    0.1018    0.2090  -0.408  486
51940.249   -0.137457266899    0.052901989989    0.1444    0.1665  -0.078   56
51946.224   -0.396406425428   -0.219798016587    0.1973    0.2228  -0.020   12
51947.251   -0.182049803207   -0.452098799997    0.3708    0.2722  -0.005   11
51948.266   -0.619566428272   -0.060897616549    0.2353    0.3341  -0.560  106
51953.080    0.367677123149   -0.249897613003    0.4254    0.5608  -0.594   27
51954.249    0.247148645117   -0.180500401825    0.1948    0.2104   0.030   77
51961.251    1.568116495905    2.786601592675    0.9724    1.0016   0.773    7
51962.266   -1.348826577147    1.786600793707    0.2942    0.3615  -0.609   74
51967.168    0.127007914500   -0.281300410165    0.2005    0.8441  -0.306   24
51968.245    0.296094127007    0.157399188083    0.1504    0.1454  -0.041   67
51974.224   -0.014994967504    0.889199984044    0.1116    0.2150  -0.018   38
51975.247    0.161443632768   -0.454899605984    0.2739    0.3191   0.080    7
51976.266   -0.256339740164    0.333201600711    0.6479    0.7319  -0.452   49
51981.080   -0.242312871030   -0.039099603555    0.0938    0.0928  -0.083  330
51982.245   -0.145292549152    0.329799598831    0.1284    0.1564  -0.062   68
51988.082    0.351135982723    0.217900782218    0.2063    0.2286  -0.044   40
51990.266    0.275490265963    4.265899198685    0.4969    0.5424  -0.654   81
51995.223    0.590642081092   -0.038098804112    0.2361    0.3390   0.034    9
51995.223    0.627304155083   -1.276999216770    0.2734    0.4459   0.000   46
51996.249   -0.592385608310    0.359402389449    0.1505    0.1705  -0.212   24
51996.274    0.242795732526   -0.259898419586    0.2147    0.3739  -0.586   44
51997.264    0.256144695263   -0.175399202362    0.2770    0.3408   0.090   27
51997.268   -0.137552446963   -0.029098796972    0.2688    0.5594   0.375    6
52002.082   -0.064618322800    1.128099597736    0.7304    0.8022  -0.326    5
52003.247    0.426391675664    0.261302403715    0.2502    0.3536  -0.112   12
52004.266    0.912275708067   -0.245599201776    0.7970    0.6370  -0.840  105
52009.168    0.066259642794    0.100299595829    0.0565    0.0551  -0.078  754
52010.249    0.209423292692   -0.139197607041    0.1325    0.1737  -0.122   82
52016.228    0.609892471728   -1.502200808545    0.1101    0.2297  -0.227   53
52017.251   -0.227803107408   -0.422499616093    0.5013    0.5621   0.012    7
52018.266    2.340905902655   -1.905699610916    0.8352    0.6136  -0.771   99
52024.249   -0.024376389688   -0.273398404715    0.1201    0.1465  -0.036   79
52031.247    0.230510048223   -0.629298008903    0.1914    0.2181   0.191   63
52032.266   -0.027956248809   -2.202598807344    0.2681    0.7950   0.008   90
52037.226    0.803355040932   -1.279699213796    0.4667    0.6090  -0.260   14
52038.245   -0.429005778801   -0.037598417180    0.1580    0.1770   0.073   92
52039.272   -0.521965722447   -0.730299609586    0.0698    0.1018  -0.147  382
52044.228   -0.131846063965    2.242799993724    0.2218    0.3601  -0.072   26
52045.247    1.387034791069   -0.830498396454    0.1558    0.1769  -0.081   28
52046.266    1.245902484984    0.297601201282    0.3733    0.6859   0.072   84
52051.226   -0.287100419247   -0.804798020226    0.3168    0.5673   0.116    7
52052.245   -0.249762748254    1.134701983574    0.0973    0.1542   0.125   56
52054.079   -1.440528197459    0.418600782837    0.8075    0.4429  -0.370   20
52059.247   -0.450963110252   -0.617900406041    0.1995    0.2072  -0.083   34
52060.266    0.274039306097    0.285699604774    0.1455    0.2574  -0.133   80
52065.080    0.322501860508   -0.340200008964    0.2489    0.2970  -0.232   36
52066.245    0.122074584971   -0.247899595252    0.1363    0.1946  -0.157   65
52072.228    0.382379556294   -1.102399195929    0.2914    0.3487  -0.092   19
52073.247   -0.192013951723   -0.159498014796    0.2142    0.2506  -0.111   24
52074.266   -0.090057990922   -0.317098795222    0.1789    0.2665   0.074   92
52078.996    0.757601736731   -1.308999603111    0.2038    0.2805  -0.172  368
52080.249    0.494202143161    0.031701591752    0.3376    0.2451   0.143   48
52081.264    0.174407223468   -0.408200398283    0.3934    0.6038   0.030    4
52086.225    1.381811269567   -1.596798009018    0.3815    0.7127  -0.227   19
52087.247    0.139098586894   -0.106599605942    0.1786    0.2223   0.130   42
52088.266    0.245214790763    1.779001189561    0.3868    1.1689  -0.398   83
52093.248    0.101953618415    0.082101595922    0.1431    0.1825  -0.176   50
52094.267   -0.397762238221    0.006299984534    0.6621    0.5998  -0.006   12
52096.083    0.233219298433    0.256802400145    0.0714    0.1373  -0.236  683
52100.225   -0.183983657561    0.188200789353    0.3059    0.5500  -0.043   50
52101.247   -0.230124676186    0.288302399554    0.1830    0.2288   0.031   35
52102.266    2.371278867314   -1.242000013235    1.4063    2.2592  -0.646  114
52107.226   -2.443347067339  -17.821000815843    0.5302    0.8892   0.021    7
52108.249    0.119560346670    0.070099190452    0.1474    0.2044   0.014   80
52109.268    0.382767237726   -0.131097615963    0.2547    0.2579  -0.190   32
52114.079    0.590061697146   -0.239299217242    0.4306    0.5378  -0.173   14
52115.251    0.388183461742    0.025999196396    0.1578    0.2517  -0.004   29
52116.263    0.389536932150    1.512601193099    0.5456    0.4416  -0.239  107
52122.249   -0.195786480368   -0.323398805335    0.1558    0.1751  -0.081   62
52123.265    0.330724824193   -0.212900417296    0.1871    0.1886  -0.386   45
52128.082    1.024290997449   -0.525898812498    0.2990    0.3348  -0.175   36
52129.251    0.365450734435   -0.662299220267    0.2975    0.3206  -0.048   10
52130.266   -2.257041873991    0.330102000135    0.8492    1.3444  -0.294   58
52135.223    0.650617266337   -0.618098417249    0.4484    1.3853  -0.819   18
52136.249    0.125556921642   -0.042199204131    0.1267    0.1760  -0.039   71
52137.268   -0.035501306098   -0.079099197592    0.1981    0.1834  -0.394   49
52142.228    0.140164207714   -0.503200809021    0.2217    0.4616  -0.273   32
52143.251    0.010639712527    0.549201593003    0.1744    0.1731   0.140   49
52144.266    0.964608313572    0.818402395453    0.5557    0.7159  -0.592   59
52149.227   -0.511518679443   -0.438098402356    0.2320    0.2711  -0.262   34
52150.249   -0.006481811846    0.149799583937    0.1196    0.1633  -0.047   52
52151.268   -0.155254355282    0.730601985310    0.1432    0.1909  -0.315   59
52155.998   -0.346492878159   -0.056300410733    0.4500    0.6976   0.053  263
52157.251   -0.149838164257    0.850399200658    0.1962    0.2361  -0.160   27
52158.266   -0.253630489954   -1.233500418607    0.6398    0.6364  -0.600   60
52163.227   -0.754314444961   -4.896500408336    0.1674    0.3923  -0.164   33
52164.249   -0.107372184818   -0.267098420181    0.1232    0.1691  -0.069   77
52165.265    0.237959925448   -0.646300804874    0.1713    0.2243  -0.139   25
52171.251   -0.002999475175   -0.124898414811    0.1478    0.2096   0.101   49
52172.267    1.074397214240   -0.109998001108    0.5474    0.3519  -0.461  101
52177.081   -0.314959145606   -0.410598019585    0.2926    0.3601  -0.099   17
52178.249    0.109693720604   -0.116899207114    0.1535    0.1998  -0.053   65
52179.268   -0.164540597402   -0.049899617238    0.2342    0.2759   0.092   15
52184.082   -0.056975743061    0.783500394164    0.2560    0.5306  -0.401    9
52185.248    0.409175004218   -0.022899595820    0.3006    0.2204  -0.060   75
52186.267    0.237669733474    0.404099998264    0.2310    0.3936  -0.481   72
52192.249   -0.225386358566   -0.113698797577    0.1432    0.1789   0.045   51
52199.251    0.262819176632    0.003200383958    0.2402    0.2435  -0.599   73
52200.267   -0.161833656587   -0.424598417226    0.2810    0.4977  -0.570   22
52205.227   -0.307221385803    0.322599598235    0.1811    0.3785  -0.174   20
52206.249    0.051074315162    0.073900795883    0.1531    0.2086  -0.046   41
52207.265    0.551465768801   -0.099399605347    0.3003    0.3032  -0.145   14
52212.082    0.251018696211   -2.024398798994    0.0872    0.3019  -0.644  317
52213.248   -0.499040292626    0.031100395859    0.3032    0.3446   0.090   69
52214.267   -0.621017388138    0.514400400675    0.7337    0.8418  -0.769   25
52219.227    0.398630471755   -1.406397609571    0.3385    0.5421  -0.031   19
52220.249    0.038498438886    0.064699196400    0.1209    0.1701  -0.102   50
52221.268   -0.058619405442    0.321101992995    0.2836    0.3141  -0.322   10
52226.137    0.998561137353    0.412502390645    0.8221    0.8295  -0.281    4
52227.240   -0.118689770750   -0.103197604062    0.2727    0.3437   0.491   46
52228.267    0.198588568255    0.286700404217    0.1575    0.2627   0.003   38
52234.249   -0.103116761686    0.005900380984    0.1903    0.2002   0.134   23
52241.251   -0.124108304162    0.440100001242    0.2963    0.3991  -0.495   48
52242.267    0.165796545359    0.156200403012    0.2828    0.2491  -0.330   84
52247.227   -0.041305211546   -0.394999207742    0.1652    0.2419  -0.182   54
52248.249    0.035016069224   -0.143499599403    0.1661    0.2025  -0.122   72
52249.265    0.037627829975   -0.165999617252    0.2131    0.2668   0.014   12
52253.999    0.088314463705    1.741399191246    0.3573    0.7721  -0.462  324
52255.248    0.196074329955   -0.116697614772    0.1677    0.2031  -0.080   65
52257.081   -0.074677651381    0.547300803078    0.3930    0.5069   0.021   10
52262.250   -0.189982574919   -0.128397618937    0.1168    0.1805   0.025   63
52263.269    0.605927240570    1.634702383058    0.4319    1.4871   0.610    6
52271.249    0.026212721592    0.022100388719    0.1040    0.1532  -0.065   77
52278.269   -0.116078042991    0.253900785196    0.1638    0.1930  -0.235   42
52285.271   -0.230705060132   -0.101300395272    0.1209    0.1748  -0.198   48
52291.250   -0.071678176206   -0.091198805308    0.1314    0.1299  -0.292  396
52292.269    0.240086482316    0.327999592287    0.2625    0.2795  -0.176   13
52299.271   -0.072258560152   -0.106398013600    0.1705    0.1716  -0.045   33
52304.224   -0.265433279769   -0.243100797093    0.2008    0.2382  -0.190   54
52306.269    0.011122574023    0.484502396603    0.2104    0.2290   0.010   33
52313.268    0.091023713915    0.019501200654    0.1243    0.1770   0.025   56
52318.228   -0.503198226299   -0.278200809589    0.3300    0.3399   0.019   30
52320.269   -0.071485506683   -0.005698814221    0.1073    0.1619  -0.128   67
52327.271    0.145192684315    0.039902391791    0.2581    0.2414   0.109   13
52334.270    0.044109641820   -0.319698008866    0.1747    0.2305   0.183   34
52340.245    0.627691869507    0.129401999516    0.0508    0.0866   0.047  496
52341.271    0.024181377779    0.448300801281    0.1547    0.2568  -0.049   42
52346.228   -0.170924886797    1.410501590726    0.1952    0.2447  -0.255   16
52348.270   -0.126622542463    0.710301603135    0.1719    0.2107  -0.456   65
52355.271   -0.218034003792    0.156002391805    0.1817    0.2053   0.308   55
52360.250   -2.127807570778   -0.068698813038    1.8488    2.0059  -0.240   26
52361.269    0.049816024819   -0.414799202986    0.1964    0.3371   0.267   13
52369.271    0.033082214870    0.069501601274    0.1243    0.1850  -0.083   59
52374.228    0.024181377779   -0.466599610149    0.3622    0.4045  -0.277    8
52376.270   -0.005128341438    0.126399601186    0.1891    0.2291   0.094   40
52382.252    3.339949901504   -4.908499207090    1.2953    2.0444  -0.192    3
52383.268   -0.211939906370   -0.118299610108    0.2522    0.2396  -0.003   44
52390.270    0.204297293640   -0.140198406484    0.3480    0.2608  -0.006   25
52397.271    0.152062177593    0.356101196530    0.1541    0.2250  -0.181   51
52401.205    0.273944093041   -0.337899615488    0.1543    0.2388   0.087   84
52402.228   -0.133974930228   -0.290898006483    0.1860    0.3202  -0.302   32
52403.251    0.887126231918    0.562201191201    0.0591    0.0892   0.024  293
52404.270   -0.972928799708    0.058201200659    0.7538    0.5434  -0.539    6
52408.203    0.127588298446    0.290901587618    0.1460    0.2365  -0.070   45
52411.272    0.354423307484    0.438400803660    0.2385    0.3096  -0.120    8
52415.216    0.041593061133   -0.114998417189    0.0982    0.1527  -0.029   44
52418.270    0.333336584944   -0.192200405991    0.3271    0.3037  -0.134   18
52423.204   -0.105535819923    0.078501582834    0.1706    0.2976   0.017   65
52425.272   -0.341754593530   -0.316800000633    0.2094    0.2650  -0.076   28
52429.205    0.313603332812    0.144799193436    0.1125    0.2199  -0.100   29
52432.266   -0.084061382959   -0.592700416746    0.4370    0.3262  -0.266   13
52436.203    0.173246422584    0.086500790530    0.1468    0.2304  -0.126   48
52439.272   -0.315732232067    0.182102397162    0.2106    0.3200  -0.052   19
52443.216   -0.370774087782   -0.190598410654    0.1585    0.2455   0.170   37
52446.270    0.513547713861    0.647499589945    0.4028    0.3980  -0.160   12
52450.207   -0.231480455988    0.536702381737    0.2968    0.3200  -0.279   43
52451.226    0.322018966020    0.025199989295    0.3435    0.9410  -0.670   32
52453.272   -0.167152358153    0.069199199970    0.1609    0.2157  -0.111   35
52457.205   -0.126139680966    0.087001203042    0.1065    0.1699  -0.093   50
52458.268   -0.572554833727   -0.238100406591    0.3847    0.4005  -0.023    9
52464.204   -0.088509508605   -0.464097598751    0.1713    0.2740  -0.046   68
52465.226    0.560752010920   -0.045597599296    0.5835    0.4880  -0.271   23
52467.268    0.296094127007    0.509000381044    0.3771    0.3952   0.317   17
52471.213    0.174407223468   -0.422100012543    0.1889    0.3815  -0.217   28
52474.270   -0.048269884888    0.122702385852    0.1916    0.2488   0.042   22
52478.204    0.190753318994   -0.492998410095    0.1327    0.2532  -0.240   64
52480.253   -2.097434606118    0.445600804255    0.1949    0.2481  -0.470  299
52481.272   -0.109018156594    0.522100788203    0.3754    0.7093  -0.004   24
52485.209   -0.575166594478    0.033699583923    0.3615    0.3421  -0.303   68
52488.270    0.350167884352    0.191501982272    0.2696    0.3518  -0.339   17
52492.204    0.721520046687    0.563400001852    0.4005    0.3215  -0.487   96
52493.226    0.081059598389   -1.641200404379    0.5989    0.8981   0.266   27
52495.272   -0.178760169050    0.602999992338    0.2149    0.3522  -0.079   13
52499.213    0.988694511287   -0.909298799456    0.3429    0.3057  -0.513   47
52502.270   -0.106018714410   -0.408398409490    0.3562    0.3573  -0.449   13
52506.204   -0.187661006141    0.227001598319    0.1396    0.2808  -0.021   27
52509.272    0.092957601260    0.108500395868    0.1549    0.2511  -0.159   29
52513.205   -0.085027171934   -0.705099620291    0.1372    0.2683  -0.012   16
52516.270   -1.204309423851    1.070999979902    0.6161    0.4717  -0.713    6
52519.999   -2.449633867275   -8.585600403421    2.0692    4.9596  -0.165    3
52521.204    0.213003151813    0.215899183331    0.1422    0.3018  -0.051   19
52523.268   -0.207974675212    0.070801195307    0.2309    0.3446  -0.101   29
52527.216   -0.070712420222    0.639702000171    0.3670    0.4992   0.075    5
52530.270   -0.405597487483    0.607701588251    0.1775    0.3113  -0.387   28
52534.204   -0.020120966556   -0.146898020148    0.1170    0.1764  -0.285   44
52535.226   -0.075838419274    0.090100803618    0.2793    0.3788   0.078   13
52537.272    0.278587230597    0.516099598258    0.2906    0.5181  -0.141   15
52541.206    0.294933326122   -0.032698810060    0.5912    0.2968  -0.746   59
52543.244   -0.242893254976    1.207202402043    0.1785    0.3017  -0.033  314
52544.270    0.073999711992   -0.051498005860    0.4389    0.4048  -0.229    7
52548.204   -0.106308906384   -0.271800016094    0.1506    0.2849  -0.157   15
52551.272    0.199846858599    0.217400395286    0.1637    0.2417  -0.251   21
52555.206   -0.065584078784    0.064501185193    0.1275    0.2016  -0.185   36
52556.228    0.085510033431   -0.216799199393    0.4223    0.3647  -0.122    9
52558.270   -0.173053753061    0.322502395989    0.1995    0.3193  -0.146   27
52562.207   -0.044787548217    0.296301581670    0.1044    0.1357  -0.122   63
52564.242   -0.385864235351    0.020401191136    0.1196    0.1284  -0.011   83
52565.243   -0.135230911177   -0.151898410650    0.0992    0.1589   0.092   87
52566.236    0.008220621299   -0.081197998725    0.1060    0.1190  -0.310   64
52567.241   -0.222289426924    0.029699992865    0.1134    0.1013  -0.157   62
52568.241    0.045850793660    0.057600004766    0.1596    0.1362  -0.170   30
52569.238    0.087348707721    0.101102384065    0.0890    0.1143  -0.300   59
52570.243   -0.256242217714    0.028101604244    0.1410    0.1383  -0.414   37
52571.244   -0.091508950789   -0.052898408853    0.1239    0.2397   0.254   56
52572.237   -0.114336858160    0.260402387653    0.1526    0.2546   0.074   38
52573.242    0.138808394920   -0.262598416612    0.1397    0.2370  -0.421   39
52574.242   -0.101763291278    0.256301987633    0.2224    0.1788  -0.254   47
52575.236    0.173536614557   -0.352598411268    0.2999    0.3022   0.606   16
52576.244    0.005318668575   -0.005198401709    0.1450    0.1516  -0.185   50
52577.245   -0.212037395829   -0.134600401225    0.0903    0.1110  -0.166   80
52578.242   -0.138132863901   -0.308800818516    0.0966    0.1552   0.090   74
52583.206   -0.860525828894    0.594701990053    0.1899    0.2499  -0.039   68
52584.228    0.421363199062   -0.283298402337    0.2931    0.3090  -0.068   13
52586.270   -0.131846063965   -0.051300020232    0.2371    0.1897  -0.191   33
52590.204   -0.057556127008    0.221101191755    0.1222    0.2659   0.230   31
52593.272   -0.103987337606    0.223901997742    0.1071    0.2227  -0.280   59
52597.206   -0.112595673329   -0.178200008349    0.1586    0.1988  -0.420   68
52600.270    0.025729827104    0.117601186389    0.1014    0.1585  -0.077   48
52604.204    0.074385117021    0.423399580995    0.1091    0.2515   0.171   34
52605.270   -0.069744321852    0.150299996449    0.1267    0.2183  -0.275   43
52611.228    0.385571700991    0.302299190480    0.1624    0.1939  -0.143   73
52614.270   -0.131363169477    0.230900380416    0.1491    0.1976  -0.050   31
52618.204   -0.011317618924   -0.008398811246    0.0976    0.1408  -0.293   72
52620.246    0.476210042868   -1.029398416108    0.0762    0.1477   0.084  204
52621.268   -0.195786480368    0.066301191737    0.1980    0.3399  -0.112   15
52625.202   -0.116755916396    0.000000000000    0.2851    0.2193  -0.498   77
52627.291   -4.677558724564   -6.112800019764    0.4767    0.4985  -0.123    5
52628.267    0.106886947944    0.500702404338    0.3365    0.4076   0.038   11
52639.202    0.825604873751   -0.339498004109    0.3288    0.3210  -0.084    7
52642.270   -0.026602778402    0.002102382268    0.0935    0.1548  -0.179   74
52649.268   -0.068681043418    0.114299993470    0.3494    0.3100  -0.699   43
52655.248    0.286422479859   -0.196099213667    0.2944    0.5006   0.358  177
52656.270    0.095666851470    0.164599188679    0.0923    0.1521  -0.130   70
52663.272   -0.061811550140   -0.016200007735    0.2315    0.2692  -0.197   26
52666.585  -20.134700132012  -12.710498407387    4.1357    3.3853   0.025    3
52668.221   -0.250148120292   -0.469098014833    0.2799    0.4628  -0.371    7
52670.274    0.089282562075   -0.363297615991    0.2218    0.3211  -0.067   13
52675.227    0.103694803246   -1.329699614416    0.4809    1.2217   0.017    3
52677.268   -0.143936736358   -0.015998415392    0.1566    0.1921  -0.182   22
52681.206   -0.150516037663   -0.191498401136    0.2117    0.2425  -0.564    9
52683.244   -0.061038463679    0.241999188688    0.1781    0.3375  -0.683  167
52683.584   16.317667203351  -14.088398415879    2.8401    2.6330  -0.190    5
52684.270    0.047687158555   -0.331599605374    0.1431    0.1774   0.007   38
52691.272   -1.806659147686    2.409299997908    2.2560    3.8664  -0.986    4
52698.270   -0.343300733461   -0.407498419008    0.3537    0.4739  -0.192    8
52705.272    0.118882440273    0.083401189954    0.2981    0.2904  -0.432   17
52711.248    0.356842398712    0.344901604876    0.0867    0.2016   0.454  229
52712.270    0.142000539618   -0.138600017863    0.3019    0.2642  -0.150   11
52719.269    0.189207146072    0.218599180357    0.2369    0.2155  -0.061   15
52725.248   -0.115112254016    0.267800399456    0.1078    0.1295  -0.048   85
52726.270    0.066744846677   -0.188200814932    0.4199    0.3168   0.134    8
52733.272    0.733998433504   -1.330099217967    0.3460    0.6212  -0.687   15
52740.270    0.034533207727   -0.154497598714    0.2085    0.2672   0.088   24
52746.272   -0.110371627001   -0.353599210712    0.2170    0.2606  -0.184   12
52753.244    0.063745404494    0.156401995355    0.0948    0.1359   0.009   63
52754.270    0.011317585933   -0.435398405330    0.1376    0.1899  -0.201   29
52767.244   -0.076901697708   -0.285998399363    0.0818    0.1083  -0.023  282
52768.271    0.207489438338   -0.259898419586    0.1404    0.1799  -0.222   37
52775.269   -0.147323892965    0.089899185696    0.2584    0.2051  -0.189   14
52780.225   -0.084834469420    0.157802398348    0.3295    0.3201  -0.436   35
52781.248    0.183015559191    0.145900801840    0.0958    0.1191  -0.105  144
52782.267    0.153415648001   -0.221997601102    0.1526    0.1680  -0.145   46
52796.271    0.088702178128   -0.362199614301    0.2981    0.4425   0.269    7
52809.248    0.290580413532    0.231800396477    0.2100    0.2258  -0.111   62
52810.271   -0.591032137902   -0.759398406558    0.5807    0.5524  -0.455    5
52817.269   -0.175472811297   -0.766299612565    0.5688    0.6473   0.197    8
52823.270   -0.104857913526   -0.337798806527    0.2527    0.3546  -0.286   11
52830.246   -0.045560634678   -0.042699616642    0.0878    0.0915   0.073  181
52836.222   -0.000195011909    0.008701186971    0.4742    0.5653  -0.405    8
52837.244    0.079996319955   -0.411998396999    0.1534    0.1626  -0.430   67
52838.267   -0.043434077810   -0.105400795292    0.1492    0.1912  -0.234   25
52852.271    2.631293613672    0.367502380527    1.5190    0.5946   0.559    3
52873.269    0.001160767893    0.599900391762    0.3480    0.4831  -0.334    6
52879.244    0.035886678135   -0.239900413135    0.1417    0.3096   0.216   61
52880.271   -0.299191091641    0.304901985260    0.1514    0.2468  -0.097   23
52887.269   -0.380543224390    0.166399195223    1.0859    0.4470  -0.128    3
52893.244    1.252191594316   -2.250000019899    0.5033    0.7892  -0.851    6
52894.271    0.083188464653   -0.069300008931    0.3469    0.5202  -0.527    6
52900.250   -0.287293088770   -0.339498004109    0.0560    0.0659   0.025  168
52908.267    0.020894020026   -0.304300814946    0.1868    0.2208  -0.167   12
52915.269    0.020506338593   -0.141598809478    0.3164    0.2333  -0.394   14
52921.241   -0.335465484199   -0.148600798866    0.7288    0.9663   0.849    3
52922.271    0.011412765997   -0.164300419669    0.1712    0.2259  -0.207   18
52927.238   -0.553789646973   -0.283399211298    0.3543    0.4870  -0.205    8
52935.245    0.213678715824   -0.348598820210    0.1844    0.3219  -0.606    9
52936.271   -0.025537190572    0.027201588182    0.2531    0.2512   0.167    6
52943.269   -0.486464416350    0.034199996435    0.5191    0.4467   0.225   10
52949.245   -0.520127015166   -0.016300816696    0.6518    1.0115  -0.826    9
52950.271    0.191238522876    0.056102399526    0.1982    0.1975  -0.341   22
52957.269   -0.218904579712   -0.724298419641    0.4452    0.3789   0.166   10
52964.271    0.358486061093   -1.291197600040    0.2723    0.3612  -0.697    9
52969.268    0.787974701390    0.180899979796    2.4247    1.2671   0.818    3
52976.229    0.374834466014   -0.315399597639    0.4024    0.8578  -0.272    3
52978.271   -0.063262542997    0.381599980415    0.3348    0.2288  -0.213    6
52991.252    0.121686903539   -0.153298813643    0.0528    0.0582  -0.160  327
52992.267    0.346202686185    0.006800397045    0.2883    0.2364  -0.430    6
53034.267    0.000773053470   -0.198100812554    0.1365    0.2691  -0.099    7
53041.269    0.397567193321   -0.334598396989    0.3985    0.2642  -0.403    9
53045.207    0.011607777906   -0.085899620217    0.1703    0.2033  -0.388   17
53048.271   -1.177128603889    0.821501996029    1.2770    0.7322  -0.947    3
53055.269    0.465085126459   -0.032198397548    0.5409    0.2874   0.287    6
53062.271   -0.060265410209    0.363499182754    0.2518    0.3158  -0.333   12
53066.205    0.089185039625   -0.175500011323    0.1319    0.1892   0.035    7
53068.250   -0.583487047622   -0.023799611881    0.2253    0.2567   0.119  134
53069.269    0.096730129904    0.403901987056    0.3666    0.8761   0.417    3
53076.271    0.178372421635   -0.043398014782    0.2428    0.3298  -0.291    9
53082.254   -0.829184765864    3.035501987370    0.2974    0.2972  -0.304    3
53090.271   -0.020894053017    0.021099589276    0.2761    0.4413   0.183   16
53097.269   -0.532993116407   -1.170799214378    0.3099    0.6531   0.139    3
53103.271    0.257693177580   -0.022399208888    0.2121    0.2282   0.126   13
53109.246    0.037240148542    0.272199594065    0.1778    0.2299  -0.225   58
53111.269    0.821056949251   -0.307098014218    0.8719    0.4438  -0.396    3
53118.268   -0.246375591647   -0.071697604653    0.2485    0.4148  -0.309   19
53125.270    0.097310513851    0.894401992468    0.4254    0.3925  -0.554    6
53132.271    0.403661290743   -0.370699208929    0.2912    0.3148  -0.369    8
53145.271    0.531056919666   -0.548697599356    0.2672    0.3953  -0.185    5
53152.251    1.655948098114   -2.278598404359    0.4538    0.5182  -0.149    4
53153.270    0.254403543423   -0.428900409588    0.3711    0.4240  -0.279    5
53160.275    0.167635219649    0.064400401811    0.2062    0.3156  -0.211   13
53167.270   -0.452123878145    0.769802397826    0.3300    0.5050  -0.474   16
53172.237   -0.582616471702    0.699800384041    0.2914    0.3770  -0.310   64
53174.271   -0.090928566842    0.027799202940    0.3160    0.2635  -0.177   16
53178.205   -0.107952568764   -0.225500411943    0.1644    0.2688  -0.116   13
53180.247    3.733359194143   -2.705198394892    0.4571    0.7493  -0.251    5
53181.270   -0.059199789389   -0.052300819675    0.3967    0.3064  -0.026   12
53188.271    0.005996574972   -0.614699996504    0.5796    0.5206  -0.120    9
53195.270   -1.168712937689    0.974501989504    0.3359    0.3541  -0.323   19
53202.272   -0.280716129852    0.591001193584    0.3303    0.5341  -0.213    7
53207.228    1.791759360246   -0.563400001852    0.5618    0.7041   0.317   22
53209.273    0.249953108382    0.221900398856    0.3695    0.6494  -0.192   15
53215.253   -2.184007884992    1.659200393078    0.2779    0.3913   0.071    7
53216.268   -0.384703467458   -0.542800799508    0.3636    0.5314  -0.048   15
53236.247   -0.406950957891   11.481501599064    0.5336    0.8839   0.155    4
53237.270   -0.315442007102   -0.352299616679    0.2709    0.3315  -0.132   24
53244.268    0.095376659497    0.477399598253    0.3084    0.5838  -0.140   50
53251.270   -0.135328400636    0.072500392889    0.1857    0.2231  -0.116   30
53257.253   -2.338006292317   -3.052000815273    0.4291    0.5105  -0.083    6
53258.272    0.083768848599    0.101699998822    0.3971    0.6077   0.171   17
53264.247   -0.496331042416   -0.635698802398    0.7473    0.5148   0.399    4
53265.270   -0.243571161373    0.340300792345    0.6362    0.5044  -0.672   10
53272.268    0.640265436388   -0.352198807718    1.6981    0.9573   0.653    3
53278.247   -0.026215063978   -0.310100412548    0.3866    0.3681  -0.090   14
53286.272   -0.789040322211   -0.989899209003    0.3489    0.4002  -0.160   10
53292.247    1.899906940919    0.007001989388    0.1970    0.3807  -0.112   12
53293.270   -0.453284679030   -0.747698402392    0.3290    0.3503   0.344   10
53300.268    0.142678446015    0.210801590583    0.3545    0.3806  -0.176    4
53307.270    0.014992625118   -0.064400401811    0.2594    0.4507  -0.102   10
53314.268   -0.077967285537   -0.248799611313    0.3403    0.4755  -0.351   10
53318.206   -0.202751153710   -0.311698801170    0.1971    0.3257  -0.173   24
53325.226    0.744060071479   -0.697100412594    0.2074    0.3665  -0.298   15
53327.249    5.691305156558    3.744799184346    0.8079    0.8824   0.160    3
53328.268   -0.749864009919    0.420400789380    0.6257    0.4833  -0.710    8
53339.204   -0.382477078744    0.681602384134    0.3665    0.5109   0.200   21
53342.272    0.257015304174   -0.249400807206    0.2146    0.2830   0.056   14
53346.228    0.344654203868    0.015199182712    0.3209    0.4023   0.174   26
53349.270   -2.211286227404    4.123699193315    2.2293    2.6183  -0.780    3
53356.272    0.206618862418   -0.244098015401    0.1944    0.3224   0.002   29
53362.269   -1.076140741458    1.511600393655    0.6058    0.6483  -0.755   10
53369.271   -0.232446244964    0.016300791117    0.1939    0.2167  -0.041   17
53374.206    0.498747758266    0.098301603657    0.2974    0.2301  -0.104   31
53377.266   -0.278587263588    0.555901181087    0.1486    0.2252  -0.201   38
53383.249   -4.094169166401    2.455099189547    0.7399    0.4748  -0.047    3
53384.268    0.230897729655   -0.064598413019    0.3108    0.3105  -0.185   10
53391.270    0.017894577842   -0.020199598794    0.1515    0.2265  -0.085   50
53398.272    0.027858726359    0.200700000619    0.2071    0.3825  -0.436    7
53405.270    0.176728759255    0.015501584016    0.1490    0.2399  -0.116   27
53412.268   -0.063262542997    0.352000796511    0.2266    0.2144  -0.044    7
53418.255   -0.494687380035   -1.081299606653    0.2296    0.2973  -0.253   11
53419.270   -0.427167104511    0.149299197005    0.4042    0.4072  -0.639    9
53426.268    0.004062720618    0.865601990085    0.1690    0.3344  -0.266   12
53433.270    0.196267032469   -0.369100820308    0.1276    0.1910  -0.236   36
53440.268   -0.101763291278    0.530402397203    0.1026    0.1927  -0.135   72
53446.248    0.049623355296    0.922399181036    0.1066    0.1324  -0.202   23
53447.270    0.085897714863    0.012401983440    0.1080    0.1922  -0.116   44
53453.268    0.022054820910    0.234799188092    0.2214    0.2966  -0.106   14
53460.248    2.263326298550    3.053599203895    0.1563    0.1695   0.259   25
53461.270   -0.055234558230   -0.096400813732    0.1044    0.2014  -0.067   75
53468.268   -0.111339725371    0.153601189368    0.1591    0.2594  -0.129   19
53475.270    0.211066955073    0.268599580977    0.1337    0.2413  -0.105   93
53481.249    0.435582737719    0.941601587101    0.3820    0.5356   0.693   22
53482.269    0.323567448337    0.311299197620    0.1314    0.2268  -0.100   33
53488.251    0.195106231584   -0.391500003616    0.1871    0.1851  -0.319  118
53489.267    0.235540867211   -0.352497602307    0.1252    0.1818  -0.075   77
53496.269   -0.152740116982   -0.046699207701    0.1658    0.2091  -0.289   30
53500.206    0.423297053416   -0.074898014191    0.3462    0.4498  -0.822   22
53503.270    0.011027393959    0.265301994773    0.2362    0.2932  -0.101   20
53507.204    0.295708721978   -1.064800804329    0.2498    0.3668  -0.240   24
53510.269    0.458893539578   -0.155700016080    0.3190    0.4072  -0.511    6
53516.248   -4.538265092770   10.454101200708    0.6857    0.5871  -0.353    3
53517.270   -0.198590910642    0.368099995285    0.1721    0.2222  -0.316   39
53522.205   -0.170924886797    0.038401179836    0.1845    0.2907  -0.227   18
53524.269   -0.145387729216    0.388699197629    0.1347    0.2051  -0.173   28
53531.270    0.132619117434   -0.218397613594    0.1433    0.2462  -0.323   72
53537.250   -3.176184732949    7.150100390163    0.9238    1.6692  -0.618    4
53538.269   -0.104955435976    0.132901203642    0.1386    0.1895  -0.072   29
53545.270   -0.152352402558    0.001601995336    0.1413    0.1952  -0.170   38
53552.269    0.334980247325    0.106099193431    1.3155    1.0360  -0.904   43
53559.271   -0.231190264015   -0.428000419106    0.1264    0.1968  -0.053   31
53565.250    7.168397938549   -0.580698011277    0.4398    0.6284  -0.002    9
53566.269    0.009576434093   -0.228499203558    0.1414    0.2874  -0.296   47
53573.271   -0.006094097422   -0.104598007056    0.1392    0.1838  -0.133   58
53580.269   -0.340108588763    0.013100381580    0.4830    0.6941   0.352   13
53584.202   -0.131072977504    0.117601186389    0.1505    0.1777  -0.290   74
53587.271   -0.529510779736    0.616100399498    0.1650    0.2373  -0.308   32
53591.204   -0.068486031508   -0.046198795189    0.2323    0.3298  -0.292   43
53593.250    2.377277784672   -1.671800413305    0.5013    0.6773   0.171    5
53594.269   -0.170344502851   -0.825998418463    0.5324    0.6662  -0.297   30
53601.271    0.044204821884    0.032000386341    0.1130    0.1530  -0.205   65
53607.250   -1.325225583315    0.225100782814    0.1089    0.1674   0.050  123
53608.269    0.221321295562    0.129200381593    0.1602    0.1966   0.185   49
53615.271   -0.088509508605   -0.632700010783    0.1255    0.1701  -0.243   63
53622.269    0.051749879173    0.648701981731    0.2339    0.3942   0.510   36
53643.271    0.536763302665    0.426002401355    0.1647    0.3496  -0.082   36
53649.250   -1.990642805247    2.134101586648    0.2256    0.4224  -0.309   13
53650.269    0.489364026688   -0.352000796511    0.2077    0.3284  -0.491   18
53655.225   -0.089575096434   -0.064900814323    0.1905    0.2494  -0.076   35
53657.271    0.048557734475   -0.077400000009    0.1091    0.1663  -0.073   36
53661.204    0.016831299408    0.360500391139    0.3299    0.3036  -0.587  103
53664.269   -0.019347880095   -0.252500407782    0.2101    0.2256  -0.257   27
53671.267    0.040917497123   -0.120600003584    0.1743    0.1807  -0.479   50
53677.243   12.476548142957    6.300799191195    0.1935    0.2509   0.377   19
53678.269   -0.085317363908   -0.017798396357    0.1561    0.2055  -0.211   27
53682.203    0.761761979799    0.228700795901    0.9229    0.2580  -0.161   83
53685.271    0.081834994245    0.092699991683    0.1305    0.1709  -0.288   95
53692.269    0.319309715810   -0.262098004100    0.2084    0.2264  -0.476   19
53696.203    0.488203225803    0.753199179826    0.2542    0.3636   0.038   16
53697.269    0.117431480407   -0.137199614869    0.1092    0.1919  -0.384   52
53706.269    0.249857928318   -0.286300800667    0.1030    0.1982  -0.133   46
53713.271    0.036854743514   -0.169200001210    0.0854    0.1296  -0.386   59
53720.269   -0.316022424040    0.451799979828    0.1755    0.2572  -0.419   20
53727.271    0.117721672380   -0.085698002295    0.1399    0.2187  -0.194   82
53733.287   -0.804227992230    2.979399587844    0.2167    0.2727  -0.133    9
53734.269    0.009381422184   -0.327099601805    0.3671    0.2675  -0.355   44
53740.270    0.611633623568    0.597099585775    0.6582    1.4993  -0.158    3
53745.205    0.045463112228   -0.129898805312    0.1274    0.1369  -0.117   33
53748.287    0.048557734475    0.130100397655    0.2235    0.2504  -0.229   31
53754.256   -1.799114090397   -2.143400413956    0.2775    0.3672  -0.269    8
53755.267   -0.787589362344    2.016302389052    0.2910    0.3412   0.211   10
53760.227   -0.418268576815    0.217400395286    2.8086    2.8868   0.941    6
53762.269    0.016636287499   -0.145400414908    0.2047    0.2142  -0.225   25
53769.271   -0.189982574919   -0.142999212471    0.2588    0.3886  -0.715   22
53773.205    0.032501830923    0.055101600083    0.0966    0.1097  -0.325   64
53776.269    0.252564869133    0.383101192369    0.1521    0.2331  -0.201   37
53783.271    0.029695058263   -0.181598403515    0.1984    0.3023  -0.171   19
53790.269   -0.574393508017   -0.120898798173    0.2859    0.2842  -0.060    5
53797.271    0.138325533424   -0.009698405279    0.1641    0.2394  -0.250   21
53804.269   -0.209520815142   -0.386697598742    0.1809    0.2408  -0.034   51
53808.203    0.022827907371    0.449801987656    0.1738    0.3633  -0.083   14
53811.271   -0.038210556308    0.623700003644    0.3597    0.3461  -0.056   21
53816.224    1.654014210768    0.258501597727    0.9014    0.4770   0.500   42
53818.269   -0.042756171413   -0.063698396957    0.1401    0.1964  -0.202   69
53825.271    0.015573009065    0.235400383986    0.2806    0.3374   0.044   23
53832.269   -0.028439110305    0.212500788166    0.1734    0.2338  -0.198   91
53838.270    0.592770947356    0.114001198881    0.2771    0.3705  -0.499   23
53844.206    0.153608350515   -0.236998798187    0.1472    0.1653  -0.103   67
53846.277   -0.279555328967   -0.196300806010    0.2136    0.4171   0.056   56
53851.229   -0.230029496122   -0.023900395263    0.0607    0.1487   0.123  199
53852.249    0.224610962710    0.352000796511    0.1984    0.2206  -0.028   72
53853.271    0.502617809361   -0.302799602991    0.2291    0.2560  -0.447   67
53860.269   -0.125171582596    0.052599588685    0.2207    0.3119  -0.268   31
53867.271    0.020989233081   -0.814798801230    0.1906    0.4379  -0.153   40
53874.269   -0.212132575893   -0.270799216651    0.2356    0.2508  -0.311   35
53881.268   -0.067615455588    0.101901591165    0.2739    0.2746  -0.163   43
53888.269    0.036854743514    0.284000381612    0.1886    0.2459  -0.209   33
53894.249   -1.460551641565   -0.886899616148    0.4043    0.6134   0.113    9
53895.271   -0.108532952711   -0.065998816012    0.2291    0.2156  -0.460   12
53900.268   -0.205362914461    0.586000803082    0.2801    0.2755  -0.277   17
53908.249    4.854477843947   -5.127998403509    0.2883    0.3200  -0.174   18
53909.271    0.594029237699   -0.010400410133    0.2155    0.2456  -0.281   21
53915.247    0.079028221585    0.250700401239    0.1989    0.2074   0.265  104
53915.981   -0.654777542396    0.069602384656    0.7605    0.6857  -0.504   21
53916.270    0.333626776918   -0.790300816789    0.2226    0.2938  -0.283   25
53922.205   -0.158931703863   -0.625197608883    0.1428    0.3951  -0.124  164
53923.268    0.514128097808    0.800301597792    0.2421    0.3099   0.053   18
53929.251    5.756984415406   -1.811199612689    0.5369    0.5363  -0.331    7
53930.270   -0.066261985181    0.203601589988    0.2300    0.3010  -0.419   29
53936.245    0.016733809949    0.825299994744    0.3563    0.4234  -0.509   47
53937.271    0.772208989811    0.175802387048    0.4512    0.3454  -0.393   42
53943.291  -12.855255002452   -8.956998010490    0.9829    0.6773  -0.050    4
53944.270    0.726358196151    0.170200800653    0.4613    0.5101  -0.187   13
53950.249    1.630701099515   -2.941700412862    0.1616    0.2328   0.149   32
53951.268    0.146548497109    0.136699202358    0.1952    0.2403   0.049   32
53955.205   -0.052815499993   -0.433800016708    0.2343    0.2246  -0.152  110
53958.270    0.545566683288   -0.892098017857    0.2292    0.2730  -0.207   33
53964.581  -16.838567337969  -18.311000408744    2.4054    1.9283   0.038   16
53965.268   -0.406563276458   -0.455198400573    0.6794    0.4799  -0.434   20
53972.270    0.232831584010    0.031802400713    0.1998    0.2638  -0.035   44
53976.207    0.165701365295    0.061300801235    0.1470    0.1664  -0.065   93
53978.249   -0.102343675225    0.338101182251    0.0838    0.2543  -0.476  305
53979.272    0.493621759215   -0.261799209511    0.3145    0.3239  -0.083   17
53986.273    0.558720634116    0.268599580977    0.2892    0.3547  -0.170   71
53992.581    5.623979892943    6.714500392491    1.8334    1.6520  -0.127   26
53993.268   -0.080288854315    0.179600385763    0.3983    0.3985  -0.171   23
53997.205    0.028341587855   -0.010400410133    0.1365    0.1515   0.118  198
53998.228   -3.482147828409   -3.676500000438    0.1428    0.1791   0.012   61
54000.270   -0.362743826611    0.211302003095    0.2471    0.2802  -0.397   44
54007.268    0.157090687186    0.061901997128    0.2938    0.4405   0.001   19
54013.251   -0.663193175604    1.757901600286    0.1046    0.1678  -0.242   77
54014.270    0.091796800376    0.128001596522    0.2471    0.2939  -0.024   48
54020.749  -32.301997854748   10.914199182821    2.6753    2.5880  -0.012   10
54021.272   -0.114724572583   -0.316998011840    0.3035    0.3659  -0.596   23
54025.209    0.048172362438   -0.078998414210    0.1917    0.1605  -0.329   93
54028.270   -0.610765390035    0.565199982816    0.6800    0.4139  -0.721   56
54035.268   -0.120818637014    0.028202387625    0.3159    0.3526  -0.353   24
54042.270    0.355584108369    0.037299597011    0.3025    0.4918  -0.069   42
54048.249    0.103309431209    0.176000398255    0.0840    0.1005  -0.207  287
54049.272    0.361583025727    0.455601585259    0.3374    0.3530  -0.387   12
54055.251    0.056973400675    0.349901995378    0.2020    0.2638  -0.001   48
54056.270   -0.226061955568   -0.029098796972    0.1938    0.2256  -0.037   27
54060.207   -0.028343930241   -0.202698018370    0.1109    0.1978  -0.474  150
54061.270   -0.290099861430    1.102899582861    0.2552    0.3445  -0.401   24
54068.224    0.347943838025    0.518000388183    0.2305    0.2089   0.157   78
54070.270    0.258756456014    0.355100397087    0.2207    0.2728  -0.327   38
54076.249   -0.040724827600   -0.136198815426    0.2476    0.1414   0.406  138
54082.228   -0.220645731552    0.253800001815    0.2458    0.3091  -0.521   21
54084.270    0.461990504211    0.085499991087    0.4003    0.4318  -0.212   22
54087.561    1.318646249019   -4.564198798107    0.3061    0.4097   0.470   45
54091.272   -0.342720349514    0.597999601837    0.4016    0.4958  -0.469   22
54098.270    0.264462872004   -0.584697602335    0.3027    0.4527  -0.272   25
54105.268    0.210681583035   -0.564098399991    0.2335    0.3816  -0.225   69
54112.270   -0.384025561061    0.371901600715    0.3199    0.2518  -0.184   17
54112.274    0.242022646065    0.276699597634    0.4546    0.5396   0.436   28
54119.268    0.973023979772   -1.223398803063    0.5742    0.8917  -0.697   10
54125.251   -0.076418803220   -0.320400013720    0.1029    0.1250  -0.092  109
54126.270   -0.101182907332   -0.161499613682    0.2583    0.3055  -0.141   38
54133.272   -0.043916972297    0.118501202451    0.2197    0.2107  -0.280   61
54140.270   -0.073324180973   -0.129200407173    0.2444    0.3628   0.128   53
54147.272    0.099051698682   -0.101800807784    0.1371    0.1692  -0.272   38
54153.251    1.068303116819   -1.635199214434    0.1499    0.1994  -0.197    9
54154.270    0.084639424519    0.133700385163    0.1885    0.1891   0.189   25
54161.272    0.348524221972   -0.381099619062    0.1735    0.2223   0.124   50
54165.206   -0.093637817052    0.247600800662    0.1256    0.1709  -0.540   70
54166.272   -0.540343194777    0.023299199370    0.6993    0.4021  -0.045   11
54175.268   -0.175277799388   -0.068698813038    0.2064    0.2262  -0.239   50
54182.270    0.394567751137   -0.478800001247    0.2106    0.2627  -0.315   52
54189.268   -0.411401392932    0.074599194022    0.1969    0.2268  -0.033   51
54195.269    0.853075918678   -0.430200003620    0.2247    0.3424  -0.542   40
54203.268    0.299191091641    0.242499601200    0.2003    0.2134  -0.128   62
54210.270   -0.261563261666    0.112802388230    0.1953    0.2065  -0.388   85
54216.249    0.380250690030   -0.543099619676    0.2650    0.2311  -0.026   96
54217.268   -1.512884280062    0.804002394261    0.5460    0.3501  -0.712   74
54224.270    0.420975484638    0.837201591253    0.1719    0.4165   0.062   71
54231.268   -0.090540852418    0.603201584681    0.2151    0.3879   0.095   55
54236.225    1.231490243813    2.612699995552    0.6729    1.5307   0.757   18
54238.270   -0.268818126981    0.893300384064    0.3598    0.5663  -0.072   66
54245.268   -0.063650224430    0.059399985730    0.3163    0.3348  -0.255   66
54252.270    0.079706127982   -0.054198002886    0.2177    0.2688  -0.404   33
54259.268   -0.300256679470    0.240101979898    0.3748    0.4012  -0.101   21
54266.270   -0.208457569699   -0.842997607720    0.3927    0.8053  -0.146   26
54273.269    0.594124417763   -0.830397613072    0.4858    0.7854   0.058   27
54280.270    0.495072719081    0.974599191750    0.5276    0.6668   0.045   16
54287.294   -0.085607555881   -0.248500816724    7.1104    5.5768  -0.990    4
54292.229   -0.325986539565    0.048401986419    0.1703    0.2024   0.031  112
54294.270    0.123525577829   -0.908100014385    0.4355    0.6461  -0.498    7
54301.272   -0.613086958812   -0.833900398334    0.5922    0.5562  -0.242   14
54308.270    1.302490513622    0.609602403756    0.8387    0.5484  -0.330   18
54313.227   -0.122076927357    0.008999981560    0.2809    0.4341   0.291   16
54315.272    0.683504502288    0.149399980387    0.5129    0.6617  -0.187    9
54319.206    0.039659206779   -0.433900800090    0.1624    0.1839  -0.186   23
54321.248    3.765085662202   -2.004098416819    0.5206    2.4063  -0.475    5
54322.270    0.111144680471    0.428900384009    0.2762    0.5193  -0.185   10
54329.269   -1.020906183228    0.376700398874    1.2878    1.2179  -0.643   20
54336.271    0.143839213908   -0.262497607650    0.6771    0.5824  -0.033    7
54343.269   -0.346300208636    0.481701590616    0.5262    0.5923  -0.515   14
54348.207   -0.361680548177   -0.321699607753    0.1744    0.2126  -0.391   32
54350.271   -0.008610678109    0.332899199407    0.7470    0.8021  -0.762   13
54357.269    0.276070649910   -0.128700020241    0.2961    0.3767  -0.505   37
54364.271   -0.223837909241   -0.007898398735    0.2325    0.3022  -0.320   27
54368.208   -0.276170514747   -0.015897606431    0.2245    0.2523  -0.435   15
54371.269   -0.550500012817    0.516200381639    0.3293    0.3936  -0.329   49
54378.271    1.060953071439    1.388102381839    0.7234    0.7189  -0.408   20
54385.269    0.306541137020   -0.236998798187    0.2704    0.2490  -0.553   74
54392.267   -0.066744879668   -0.075999597016    0.2177    0.2966  -0.405   35
54399.269   -0.391280426376    0.682599602442    0.3591    0.3551  -0.293   21
54404.269    0.580002368565    0.135100788157    0.3611    0.4140  -0.370   19
54413.269   -0.105050616040    0.518399991734    0.2297    1.1254   0.114   45
54420.271   -0.212327587803    0.026899186878    0.2018    0.3461  -0.705  122
54425.271    0.299093569190    0.155102401322    0.1840    0.2698  -0.264   95
54433.288    0.215227198141    1.103702396676    0.1589    0.2482   0.102    9
54434.271    0.316407763086    0.050400004170    0.3082    0.2919  -0.483  138
54441.269    0.161638611686    0.161402385856    0.4951    0.4268   0.274   27
54448.271    0.160090162361    0.054799198779    0.1684    0.7012  -0.044   56
54455.269   -0.061328655652    0.493001991231    0.3072    0.3438  -0.617   22
54462.271    0.591900371436   -0.259099212485    0.4544    0.3437  -0.634   18
54469.269   -0.323762493238    0.582299981033    0.6364    0.7083  -0.546   17
54476.271    0.628562445426    0.157499997044    0.3578    0.7477  -0.463   18
54483.273   -0.195591468458    0.991601987721    0.3108    0.4060  -0.662   34
54490.271    0.599057747292   -0.151397998138    0.6564    0.6018  -0.768   25
54497.273    0.413237724836   -0.055198802329    0.1965    0.2958  -0.407   42
54502.225    3.122401134586    2.626901985536    0.3095    0.4560   0.675   45
54504.271    0.507163424466   -0.543499197647    0.2874    0.4601  -0.842   60
54511.269   -0.066552177154    0.414302397189    0.3963    0.3990  -0.662   15
54517.248    0.125364252119   -0.214797600506    0.1655    0.2553  -0.421   16
54518.271   -0.062779648510   -0.027500408351    0.2316    0.2387  -0.383   42
54522.208    0.101470756919   -0.300398400555    0.0754    0.0949  -0.103  136
54525.273    0.246278069197   -0.034199996435    0.2757    0.2415  -0.361   30
54532.271   -0.146065635613   -0.038998820173    0.3507    0.4081  -0.626   12
54539.269   -0.650036915381    0.482000385205    0.3220    0.3635  -0.298   28
54545.270    0.170246980400   -0.231098417203    0.2885    0.4026  -0.202  102
54553.269    0.055039546321    0.048902398930    0.1555    0.1893  -0.241   39
54558.226    0.281391660871    0.405701993600    0.7824    0.4216  -0.447   21
54560.271   -0.260982844728    0.113799580959    0.1978    0.3721  -0.234   52
54567.269    0.352779645104    0.529401597760    0.2413    0.3635   0.080   64
54574.271    0.045075397804   -0.078699619621    0.2661    0.4353   0.025   15
54581.273   -0.091508950789    0.935801989499    0.2260    0.4994  -0.510   36
54586.270    0.090250660445   -1.540497598285    0.3404    0.8698   0.081   12
54594.268    0.213968907797   -0.046598398740    0.1966    0.2462  -0.458   51
54602.271   -0.290002371971    0.301600792341    0.2305    0.2883  -0.528   65
54609.273   -0.040144443653    0.672300001270    0.1463    0.3019  -0.445   85
54616.271    0.043624437938    0.026801984632    0.3527    0.5107  -0.094   37
54623.269   -0.175277799388   -0.249199214863    0.1833    0.2583  -0.585   67
54628.270    0.509194768279   -0.352598411268    0.4148    0.4277  -0.515   15
54637.269    0.099922274602   -0.272599197615    0.3873    0.3624  -0.446   28
54644.271   -1.630605952442   -1.422000002549    0.6396    0.9913   0.503   40
54650.269    0.087734079758   -0.249498009453    0.4602    0.4331  -0.310   29
54658.271   -1.158556119650    0.961801185895    0.6408    0.6285  -0.659   15
54662.209    0.084156563023    0.278200784010    0.1717    0.1515  -0.060   80
54665.269    0.517610434479   -0.043498798163    0.2835    0.4246  -0.281   49
54672.271    1.117926472114   -1.354798820330    0.6705    0.7705  -0.566    4
54676.209    0.019443060159   -0.176799605356    0.1636    0.2356  -0.341   59
54677.224    4.761422753227    5.566302004922    0.6135    0.5940  -0.134   79
54679.269   -0.371644663702   -0.168098418385    0.2742    0.3917  -0.319   40
54686.271   -0.021089064926    0.426099603601    0.2775    0.4865  -0.510   50
54707.270    1.191636025124   -0.378500405418    0.4641    0.4376  -0.512   21
54714.271    0.429100958865    0.405201581088    0.3756    0.4323  -0.249   17
54721.270   -0.153708182360   -0.576500409011    0.2404    0.3849  -0.127   37
54725.207   -0.849595924393    0.115599587502    1.3110    0.5070  -0.236    3
54728.271    0.414591195243   -0.668599204801    0.1989    0.2851  -0.268   27
54733.224    0.616374250583   -0.484999202399    0.8968    1.6207   0.882    5
54735.270    0.149835821871   -0.748000803696    0.2304    0.2958  -0.404   43
54742.271   -0.018379814716   -0.144500398847    0.1511    0.2164  -0.158   36
54747.228   -0.257790700030   -1.094097612508    0.9890    0.8786   0.006   16
54749.273    0.273073517122    0.025700401807    0.4312    0.7639  -0.096   17
54756.271   -0.263982319903   -0.017798396357    0.8383    0.6291  -0.699   12
54763.273    0.197235097848    0.139499982765    0.4773    0.4480  -0.517   15
54770.268    0.760310986941   -0.277700397078    1.5101    1.4168  -0.920    3
54810.208   -0.048462587402    0.186602400731    0.1199    0.1896   0.050   24
54816.209   -0.015090147568   -0.030200405376    0.0899    0.1159  -0.034   52
54817.228   -1.080105972617    1.058799588805    0.4954    0.7183  -0.504   12
54866.226   -0.304704805116    1.249199988251    0.6906    1.2432  -0.594    4
54872.205    0.074482606480    0.022802393573    0.1584    0.2505   0.040  197
54893.207    0.358583550552   -0.278398795217    0.1430    0.1918  -0.032  105
54895.581   -3.382998640268   -2.650600814036    5.8858    6.0116  -0.571    3
54928.206    0.162894592635   -0.615297611262    0.2089    0.2451  -0.236   80
54936.208    0.220643422157    0.012700803609    0.1188    0.1428   0.142  251
54998.206    0.535700024230    0.351601192961    0.1704    0.1686  -0.187   50
55019.208    1.118023994565   -0.701398798242    0.3653    0.3318  -0.060  141
55021.249    0.417010253480   -0.715899608394    0.1781    0.2674  -0.071   29
55068.210    0.084541935060   -0.374799608949    0.4368    0.3741   0.360  118
55089.208   -0.401727469380   -0.244598402332    0.1448    0.1553   0.183  103
55096.206   -0.096732472291   -0.521600401271    0.1389    0.1962  -0.185   79
55154.248   -0.064423310891    0.017499601768    0.0887    0.1046   0.187  243
55216.209    0.092667376295   -0.259999202967    0.1681    0.1745   0.052   44
55245.228   -0.034920922151    0.055000791122    0.4393    0.1839  -0.111  127
55257.208   -0.781690276832    0.363999595265    0.2010    0.1963   0.105   87
55294.230    0.232541392036   -0.587700000665    0.1502    0.2256   0.109   40
55300.227  -86.289883515556  -39.834500395841   70.1650   32.7296   0.999    3
55320.207   -0.034533207727   -0.229399219620    0.1586    0.1819   0.392   89
55321.229    0.088894847651    0.033699583923    0.1780    0.2595  -0.097   53
55334.207    0.624402202359   -4.144197612277    0.4039    2.9992  -0.754    3
55425.209   -0.070807600286    0.439999192281    0.3659    0.5286   0.035   15
55483.229    0.252662358592    0.753602390091    0.1730    0.4411   0.027  224
55519.271    0.541986824167   -0.150498007656    0.2516    0.2858  -0.182   42
55530.207   -0.789137844661    0.541400396514    0.5776    0.6354  -0.694    5
55546.249   -1.295528182666    1.073401182339    0.8771    0.7079  -0.220   15
55553.269   -0.388861368139   -0.319899601209    0.1978    0.2560   0.039   87
55614.207    0.153318158542   -0.079200006553    0.1666    0.1677  -0.048   53
55615.230    0.080674226352   -0.338997617177    0.1595    0.1763  -0.248   15
55642.207   -0.366033460768   -0.847098007739    0.6055    1.0364  -0.419   11
55663.209    0.443030305549    0.564400801295    0.3805    0.5962  -0.502    7
55678.210   -0.158641511889    0.044099994057    0.2675    0.2959  -0.180   49
55694.270    0.694241704274   -0.669499195283    0.5357    0.3962  -0.206   89
55734.228    0.231575636052   -0.081000013097    0.2716    0.3486  -0.102   14
55741.230    0.062777306124   -0.151300795892    0.1810    0.3290  -0.793  236
55803.206   -0.573040037609   -0.291297610033    1.0121    0.6293   0.860    3
55811.208    0.276555853793   -0.243000013711    0.9732    1.7833  -0.864    3
55841.272   -0.107469674277    0.030002394169    0.4417    0.6254  -0.389    3
55853.271   -0.258371116968    1.339700395420    0.5435    0.6910  -0.145    8
55908.208   -0.017509205805    0.213901191159    0.1532    0.1773  -0.008   26
55951.227   -0.279362659444    0.442799998268    0.2014    0.3327  -0.481   12
56016.271   -0.536668155592   -1.647198013188    0.6670    0.8626   0.120   20
56022.268    0.394760420660   -1.696798810258    0.7287    0.8161  -0.362   28
56044.267   -0.250728537229   -0.512999997682    0.4554    0.9378  -0.088    6
56062.208    0.472242502315   -0.249897613003    0.2265    0.2256  -0.658   30
56065.269   -0.015477861992    0.009899997622    0.3489    0.3735  -0.329   19
56072.271   -0.401629946930    0.019799995243    0.3218    0.2933  -0.165   15
56132.208    0.039466504265    0.063302400122    0.1739    0.1887  -0.352   28
56195.207    0.008415633208    0.340401601306    0.2588    0.3255  -0.209    7
56282.271   -0.148677363373   -0.616399219666    0.4458    1.3321   0.836    4
56359.270   -0.627401677533    0.498999600040    0.2886    0.3178  -0.472    8
56394.272    0.091701620312    0.302799602991    0.3767    0.7041  -0.264    7
56401.270    0.267172122214    0.101800782204    0.2065    0.2903   0.372   42
56405.207   -0.439743013778    1.018699185806    0.4730    0.7758  -0.897   12
56408.268    0.915660522287    0.051699598203    0.4775    0.5711  -0.026   32
56420.208   -0.559013168475   -4.625697610550    0.7576    2.8192   0.213    3
56429.270   -0.275202416376    0.876002400219    0.3987    0.4381  -0.489   16
56441.206   -0.082900615066    0.023201997124    0.5143    0.8625  -0.558    5
56476.270    1.573437506866   -1.095699607845    2.2671    1.2660  -0.929    3
56623.272    7.838941159532   -4.852998003457    0.5082    0.9602  -0.679    4
56632.269   -0.166476794142    0.172000781617    0.2062    0.2179  -0.053   57
56661.920    1.295525840280    0.388699197629    0.3946    0.3213  -0.334   33
56674.269    0.402403000399   -0.104698816017    0.3726    0.3752   0.172   22
56679.207    0.463151272105   -0.640900810822    0.4115    0.6425  -0.744    4
56701.250   -0.008705858173   -0.097498815421    0.0729    0.0631  -0.233  299
56749.229    0.530186343746   -0.471099613719    0.1139    0.1265  -0.150  108
56762.206    0.261270727306   -0.171298802343    0.0976    0.1374  -0.179   37
56800.269   -1.014231668868    0.685299599468    0.6958    1.4916   0.675    4
56828.269   -0.445644408686    0.225399602982    0.3505    0.3547  -0.486   24
56867.208   -0.129912209611   -0.226198810083    0.1703    0.1809  -0.104   12
56877.271    0.266881930241   -0.366897603499    0.4069    0.3994  -0.218   15
56905.271    0.182047460821   -0.276800406596    0.2277    0.2649  -0.469   25
56926.269  -18.246013287567   25.957699196510    0.4337    0.6224  -0.579    4
56940.273   -0.967317596774   -0.232200000028    1.2611    0.3551   0.323   12
56958.207   -1.024968903845    0.927601189460    0.5338    0.5848  -0.795   12
56968.269   -0.672769609697    1.542801598475    0.7774    0.8681  -0.880    7
56975.271   -0.084156563023   -0.191098797586    0.1831    0.1906  -0.216   68
56979.209    0.867683171759   -0.359200797106    0.2723    0.5633  -0.718    9
56987.270    1.166196357002   -0.211899617852    0.4570    0.2335  -0.527   17
57046.458    0.244439394907   -0.210999601791    0.1513    0.2112  -0.088  161
57098.207   -0.773854994579    1.874800781820    0.1893    0.2390   0.369   41
57098.832   -0.027183162348    0.286300800667    0.3152    0.2407  -0.246   35
57126.207    1.160392451554    0.909799186388    0.1169    0.1500   0.283   60
57150.270    1.173741414291   -0.917099995945    0.1252    0.1826  -0.310   64
57184.581  698.452067316420  -85.270697996975    9.9565    9.8979   0.096   43
57205.269   -0.165411173322   -0.093200404194    0.1746    0.2475  -0.448   35
57246.206    2.040746712644   -1.512799204306    0.1713    0.2266  -0.428   76
57262.270   -0.153417990387   -0.252799202372    0.1241    0.1437  -0.345   76
57275.229   -0.578553751085   -0.955799995950    0.1268    0.1404  -0.145  244
57318.270   -0.642008963605    1.336302000254    0.6242    0.3736   0.341   11
57322.208   -0.663290698055   -0.896997599398    0.2710    0.3153   0.027   69
57336.208    1.673167111945    4.948901985813    0.1241    0.2458  -0.089   48
57343.209    0.950001060492    0.384101991813    0.1869    0.0830  -0.219  104
57350.208   -1.256834731871   -1.695700808568    0.2011    0.2100   0.014   55
57351.270    0.444673967929   -1.787500809769    0.0615    0.0622   0.103  195
57371.209    0.327144998063   -0.714499205401    0.0862    0.1177  -0.401   90
57372.225   -0.483755133148    0.516999588740    0.5672    0.6203  -0.178   21
57385.209    0.657001555732   -0.352299616679    0.1973    0.1395  -0.214   95
57420.208    0.043914629911   -0.397000806629    0.1194    0.1780   0.095   67
57435.227   -1.322323630591   -1.232100015613    0.6137    0.9809  -0.338   74
57462.208    0.638429071493    0.544201202501    0.1407    0.2162  -0.019   55
57470.229   -0.781690276832   -1.639198805492    0.8339    0.9865  -0.052   10
57479.269    0.004062720618    0.764701198364    0.1352    0.1492  -0.530   59
57486.271    1.611258039355   -2.399000396736    0.1306    0.1248  -0.385   98
57562.250   -0.470986554358   -1.091800800168    0.4121    0.4689  -0.135   72
57567.206    0.278489708147    3.678199198021    0.2917    0.3813   0.097   67
57570.271   -0.822800476469    0.941101200169    0.1724    0.1447  -0.460  191
57596.229  -21.441158219179   -4.640400013045    1.4638    2.0883  -0.764   27
57602.208   -0.675381370448    0.149299197005    0.3624    0.4732  -0.397   31
57626.271    3.385898250606    9.373201197604    0.1996    0.2054   0.136   53
57636.998    2.479811820025    0.720399586385    1.2749    0.8019   0.347   21
57638.207    0.606990519004   -0.078199207110    0.1659    0.1267  -0.196   94
57647.269    0.490234602608   -0.557200800699    0.2106    0.2255   0.216   56
57658.208    0.546629928731   -2.758500014011    0.2979    0.4655  -0.339   36
57660.250   -1.756648110958    4.699799998775    1.2093    1.5239  -0.311   21
57667.230    1.291172927689   -0.109400411930    0.1961    0.2588  -0.311   32
57707.207    1.754034007821    0.668901580525    0.2742    0.4451  -0.010   60
57724.271    1.256544506906   -0.808999203628    0.1033    0.1263  -0.172  167
57735.207   -0.160768068758    0.801302397235    0.2471    0.1818   0.146   46
57737.270    0.940134434425   -1.138298415526    0.2411    0.2295  -0.320   30
57750.207    1.799499462435   -1.157097611326    0.5273    0.6414  -0.514   48
57752.271   -1.082815222827    0.577601991836    0.0980    0.1320  -0.070  179
57766.271  254.075045713735-5264.077100414966    0.1441    0.1820   0.050  103
57777.207  468.063611542572  345.520799990595    0.2603    0.2428  -0.482   17
57785.231   -1.217755909038   -0.754999211949    0.0931    0.1173   0.108  367
57787.269  600.797372885526 -725.636397612561    0.1337    0.1258  -0.019   80
57791.207   -1.597911419005   -1.054098018471    0.1755    0.1604   0.029   43
57809.367    0.288163664690    0.080099997035    0.6789    0.2420   0.432   36
57815.269    0.669770134522   -4.764499195176    0.3232    0.4485  -0.511   34
57819.207    4.507984965788    0.971899194724    0.2699    0.3609  -0.349   23
57839.792    0.233607012857    0.984401987125    0.5331    0.4631  -0.725    6
57843.270   -0.328695822767    2.679699585428    0.3661    0.3055  -0.153   36
57856.272    1.004945426748    1.079099996559    0.1083    0.1280  -0.100  124
57875.189   -0.122269629872    0.538099203595    0.1668    0.1834   0.015  126
57882.209    1.693288045510   -1.225000798399    0.1771    0.2779  -0.502   22
57904.208    1.000687694222   -1.152698416718    0.1644    0.1794  -0.142   96
57932.230   -4.625033416544    0.974001602572    1.0958    0.8848  -0.514    5
57945.207    2.841975229699    2.196000002641    0.2371    0.2576  -0.120   61
57959.207    1.706346849265   -2.500797597804    0.2035    0.2220  -0.264   77
57990.272    0.031921446976    0.350499584556    0.2983    0.2392  -0.186   12
58010.247    9.615998086633  -27.374198396046    8.1998   22.3595  -0.973    5
58022.797   -1.243485769134   -3.263198402692    0.7515    1.4704   0.649   49
58023.228    0.120430922590    0.540899984003    0.6260    0.6593  -0.150    6
58048.076    0.488978621659   -0.657000009596    0.3072    0.2886  -0.067   55
58057.207   -0.788557460715    0.257299180362    0.7217    0.3979   0.277    6
58081.000    0.218612045352    0.261100785792    0.3874    0.5864  -0.020  121
58091.453   -0.695695039519    0.370202403133    0.0571    0.0506   0.051   18
58092.454    2.670857640387    0.738302398418    0.5857    0.5127   0.630    5
58093.451   -1.231007382317   -2.104797616198    1.0716    0.8689   0.676    3
58094.452   -0.615698719563    0.177501584631    0.2414    0.2419   0.127    3
58095.478   -1.398547421902   -0.250300797688    0.3336    0.5008   0.690    6
58109.000   -0.052139935983   -0.039499207105    0.5769    0.8852   0.140   45
58116.268   -0.590741945929    0.620801995410    0.1925    0.2026  -0.095   51
58122.229    0.996334748639   -1.869998402526    0.1603    0.2718   0.014  253
58130.268    1.247933861789    5.707299592927    0.2067    0.2236  -0.161   91
58141.208    0.735354213306   -0.549799207761    0.1482    0.1730  -0.267   22
58151.270   -0.121881915448   -0.436399204773    0.1506    0.1654  -0.037   35
58155.208    0.594704801710    0.487202393629    0.1967    0.3286  -0.311   15
58159.408   -0.663290698055   -2.205799216881    0.3419    0.3769   0.089   21
58165.270   -0.209037953646    0.548600397110    0.1468    0.1583  -0.239   39
58170.230   -0.289034273601   -0.655599606603    0.2095    0.2041   0.509  233
58176.209    0.317858755944   -1.969300805627    0.2100    0.3315  -0.536   21
58198.227    0.952032404305    0.711000001274    0.6672    0.5480   0.053   16
58212.209   -0.649456498443    0.306302388253    0.5245    0.4547  -0.601   11
58216.836   -0.739707158889    0.355600784019    0.2607    0.2641   0.338   45
58221.270   -0.967027404800   -0.705099620291    0.1541    0.1718  -0.298   31
58225.208    0.800648100117    0.274499987540    0.3197    0.4976  -0.333   19
58233.225   -5.063420617528    1.828699188877    3.8850    5.8022  -0.017    3
58247.207   -0.923885828359    0.140101204238    0.2540    0.2583  -0.353   15
58254.227   -3.091447785980   -2.048400003218    0.4576    0.6356  -0.091   16
58261.207   -0.458798359514   -0.172900797679    0.2483    0.2434  -0.449   20
58263.270    0.951839734782    0.999799181045    0.2461    0.2135  -0.130   33
58305.026    1.041024774406   -1.991700014514    0.1681    0.1670  -0.089  104
58316.206************************************    0.3370    0.3593  -0.574    8
58347.271    0.180886692927   -0.584398807746    0.2278    0.3540  -0.319   28
58372.206    1.060082462528   -1.772600396066    1.7163    1.2275  -0.913    3
58380.227   -0.639397202854   -1.603900807368    0.4435    0.3990  -0.040    9
58407.208    0.773950174643   -0.387000000046    0.1885    0.2871  -0.454   23
58431.271    5.334075076413   -9.518097618866    5.5062    5.9413  -0.869    3
58436.227   -4.099585357426   -1.011200416201    1.7699    0.7468   0.313    9
58438.269    0.052525308020    0.101901591165    0.1695    0.2046  -0.037   67
58491.249   -0.025732169490    0.294501600706    0.0971    0.1189  -0.141    9
58504.916    0.265333447924   -0.180799196414    0.6539    1.9137  -0.497    6
58506.209    0.145000014793   -0.420400814960    0.1458    0.2056  -0.420   14
58506.249   -0.114241678096   -0.463399200612    0.2378    0.1296   0.542    4
58519.208    0.166184259783   -0.445798815463    0.1428    0.1392  -0.281   40
58519.249   -0.309833146554   -0.343900805433    0.1096    0.0647   0.395    5
58534.249    0.334787577802    0.003499204126    0.0589    0.0692  -0.274   20
58540.733   -0.692212702848   21.417699588255    0.2481    0.2056   0.018   64
58547.249   -1.414991039878   -0.617000415559    0.0802    0.0682  -0.145   15
58557.271   -2.054678401714   -1.566000014463    3.9585    6.3208   0.949    5
58561.209    0.872518978837   -0.619898398213    0.0764    0.0598  -0.433  662
58561.249   -0.524577450207    0.099201594139    0.1109    0.0751   0.462    9
58571.271    0.136972063016    0.141901185202    0.2175    0.2778  -0.420   21
58575.209    0.352877167554   -0.811598417272    0.0682    0.1373  -0.462  603
58575.249    0.374931988464   -0.515498402365    0.1128    0.1064  -0.424   24
58589.249    0.778108075324   -0.141800401821    0.2738    0.2161  -0.090    6
58591.269    0.638814476521    0.574002004328    0.6299    0.6575  -0.546    4
58597.208   -0.343398255911    0.062301600678    0.2058    0.2070  -0.135   12
58599.271   -0.447480773581   -0.473997596373    0.6765    0.4437  -0.606   11
58603.249    2.408521325252    0.681901204302    0.4392    0.4936  -0.375    5
58606.269   -0.639397202854    1.063202390128    1.0205    0.7215   0.063    7
58624.207    0.393889844741   -0.812300396547    0.9027    0.3009  -0.452    4
58631.757   -1.851059014471   -0.019098015969    0.9540    0.9115   0.307  108
58641.271    0.516642336109   -0.532598400582    0.6168    0.5233  -0.300    7
58645.413    0.469825753473   -0.816897602363    0.2399    0.2093   0.074  108
58646.250   -2.558747203933    0.908801993660    0.7956    0.5009  -0.169    6
58653.230    0.820476565305    0.509299201212    0.3168    0.2848  -0.086   41
58659.249    2.317980472833    0.176500785187    0.5637    0.4095   0.521    6
58670.101    1.468289401367   -2.020899594868    0.2398    0.3166   0.077   84
58673.209    1.677520024536    0.019000788143    0.2969    0.3569  -0.433   15
58677.683    1.109608328365   -1.138399198908    0.2138    0.2548  -0.219   84
58682.249    0.506292848546    1.357199997187    0.6360    0.5358   0.269   10
58683.271    0.381508980374   -0.437000400666    0.5441    0.5492  -0.271   10
58687.249   -0.004160243068   -0.499399203591    0.3588    0.4484  -0.055   10
58701.209    0.218612045352   -0.192099597029    0.0610    0.0588  -0.050  946
58701.249   -2.418970710642    1.855799993677    0.1058    0.1163  -0.573   29
58715.249    1.331414827810    7.454102384941    0.2267    0.2091   0.348    9
58729.209    0.194720859547   -0.074397601679    0.1276    0.1538  -0.206   63
58743.249    5.962732701904   -4.852699208868    0.9953    0.2822   0.371    5
58772.228    0.835181307844   -0.688197607701    0.3169    0.2816   0.232   22
58841.206   -2.521021851508    3.090999584288    0.7513    1.2648  -0.432    6
58844.270   -0.030277784596   -0.565398019603    0.2800    0.4164  -0.318   22
58890.208    0.794939407724    0.977500781119    0.2752    0.3943   0.081   18
58904.208   -0.038693450795    1.143399589409    0.3289    0.3130  -0.302   18
58911.250   -0.612506574866    0.572799586962    0.1294    0.1402  -0.271    9
58918.208   -0.575071414414    0.351702001922    0.5161    0.4343  -0.470    6
58925.209    0.242795732526   -0.360100813168    0.1920    0.2440  -0.261   19
58939.209    0.087058515747    0.103899583337    0.0896    0.1315  -0.215  159
58946.208   -0.239605930215    0.003700796469    0.1199    0.1366  -0.330   58
58977.272    1.032028757251   -0.709797609488    1.0709    0.8056  -0.124    4
58981.210    0.417202955994   -0.408600001833    0.4154    0.4065  -0.531   19
58996.207    0.136003964646    0.357800394113    0.3720    0.2361  -0.183   33
59023.206   -0.174021851431    0.118699188079    0.1497    0.2109  -0.436   67
59044.208    4.038739563270   -5.813100017349    1.2560    1.8966  -0.966   10
59101.209    0.252372166619    1.007600403113    1.0150    0.6031  -0.456    8
59130.250    0.253725637026    0.798602400209    0.6162    0.7713   0.347    4
59177.188   -0.903377180371    0.243399591682    0.6477    0.8332  -0.020   11
59296.187    0.402885894887    1.005400793019    0.8096    0.7462   0.386    7
59332.229   -0.037435160452   -1.634698801922    0.8160    0.4561  -0.256    9
59451.228    0.257498165671   -0.830498396454    0.9947    1.0117   0.060    8
59452.251   -0.097603048211   -0.086997596327    0.3134    0.4182   0.098   36
59478.209   -0.372515272614   -0.447098409495    0.6869    0.5454  -0.109    6
59485.207   -0.291841046261   -0.279799198211    0.3652    0.2179  -0.433   50
59562.209   -2.135255138607    0.240299991106    3.1048    3.7786  -0.978    3
59563.228   -3.854468056122  -11.435400006121    0.2047    0.2384   0.025   78
59600.250    0.009769103616   -0.086198414806    0.0280    0.0330  -0.092  244
59662.251   -0.765729553344    0.622602001954    0.4294    0.5508  -0.154   35
59711.249   -0.902023709963   -0.133199998231    0.2487    0.5447   0.233   42
59716.209   -0.367194228661   -0.405197999953    0.4137    0.4100  -0.045    4
59760.248   -0.513645236312    2.080601981902    0.6788    2.1230  -0.385   18
59802.251   -0.657001588723    0.250901993581    0.2720    0.3684  -0.549   27
59808.209   -0.430166579685    0.191901585822    0.4207    0.4035  -0.533   30
59921.250    0.057843976595   -0.032900402402    0.3078    0.2894  -0.433   58
59989.208    0.456476790736    0.169700388142    0.4634    0.3314   0.151    7
60052.207   -0.475629691913    0.177699595838    0.3310    0.2857  -0.391   15
60193.208   -1.355018164028    0.231501601888    2.0884    2.5250   0.397    4
