%-----------------------------------------------------------------------------
%                R.A. (mas)        Dec. (mas)        Err. (mas)     Corr. Del.
% Uncertainty in R.A. is in R.A. cos(Dec.)!!!!
%-----------------------------------------------------------------------------
47682.354   -6.213315254422   -3.116599202713    1.5168    4.1971  -0.781    6
47726.246    2.010814187702  -46.773000001110    1.3169   22.1606  -0.593    3
47902.425    0.413542266164    1.945501193745    0.9263    2.6582  -0.547    3
47916.352   -6.628839175379   12.613201197098    1.2325    2.8708  -0.157    9
47923.083    3.440114108682    1.857200396671    1.2997    2.4536  -0.039    4
47972.100   -0.498376116256    6.276999592103    0.9989    3.3066  -0.590    3
47986.071    1.859583579977   -6.579399604334    0.8819    2.6014  -0.525    3
47998.164    2.081037906078   -5.971899608426    0.9351    2.7002  -0.621    3
48013.161   -1.677284499773    2.606698792817    0.9146    2.8084  -0.548    3
48027.256   -6.068894347242   17.893299590810    0.8067    2.3077  -0.587    3
48041.271    5.092148622044   -2.708301602183    0.9836    2.4168  -0.466    3
48047.246    6.227077391170  -13.959100806460    0.9549    2.7373  -0.522    3
48082.248   -2.182752691253  -39.587101200311    1.2815    3.2448  -0.159    8
48097.245   -9.863675214354   43.987600800222    0.9150    2.3600  -0.086    5
48104.251   -1.382484173243   12.302899192207    1.1057    2.7534  -0.785    6
48196.403   -0.407723586556   -5.860400408153    0.8681    2.5213  -0.520    3
48260.351   -1.673454055313    9.007099194491    1.0997    2.5244  -0.470    3
48265.352    1.936899567117  -14.060599200150    0.9582    2.5827  -0.383    3
48280.345   -3.512748656526   14.645001601821    1.1544    3.3038  -0.293    3
48285.334    6.830858904500   -0.056700001494    1.2780    2.8463  -0.185    3
48299.247   -1.017746083504    8.634099592086    0.8027    6.3787  -0.398    3
48307.271   -2.574020936913   -5.846299201551    1.2065    2.1667  -0.390    3
48322.232    3.785700266430   -1.928401208318    0.9735    2.5300  -0.373    3
48336.415    5.316013584074  -19.262199604952    0.9599    2.3909  -0.521    3
48349.261   -0.174921146583    8.799598796827    0.8350    3.4840  -0.598    3
48362.285   -3.351021123305    8.245699201836    0.8314    2.3954  -0.390    3
48372.363   -1.002993119360   -2.498900401804    1.0195    2.6365  -0.512    3
48384.270   -1.625361428242    3.834100793654    0.5013    2.7576  -0.136    3
48386.268    1.407315242591    9.650098793657    0.8417    2.5048  -0.504    3
48419.250   -2.313268532486   37.229799595195    0.5115    1.9531  -0.297    6
48454.270   -0.808351517400    0.462599993512    0.6534    2.3859  -0.274    5
48475.254   -0.902408897372    3.392701198379    0.5084    1.6608  -0.494   11
48504.254    1.856035800506   -4.019601598770    0.6648    3.6265  -0.689    5
48559.250    0.925537493199   -2.432800802410    0.6759    3.1093  -0.484    4
48573.254   -0.521641060926    1.053500390924    1.8362    6.7374  -0.917    3
48580.256   -0.834738647353   -6.728601599093    0.6605    0.7932   0.333   15
48602.255   -0.179177088461    1.538200798734    0.8304    3.3744  -0.713    4
48636.252   -0.354098138274   -0.359701209618    0.4472    1.5818  -0.240    8
48664.248    6.033712571774    0.293399992302    5.2266    2.2848  -0.476    5
48692.256   -0.013758846570    1.280199600728    1.4381    5.7767   0.889    5
48831.876   -4.799902054181    0.298900795315    1.0005    1.5856   0.608    3
48833.125    1.973075460159   -5.433400801280    0.5757    1.1156   0.212    8
48840.135    2.186443399922   -0.210999601791    0.9286    1.7294   0.574    4
49056.085    0.109378770733    0.344300396193    0.6345    0.5740   0.272    9
49594.168   -0.558242548156   -0.209199608037    0.4904    0.5414   0.228   10
49741.170   -0.179602682649   -0.199699201175    0.3610    0.4720  -0.429   19
49897.336   -0.714011665978   -1.331798402759    0.1269    0.2712   0.279  204
49909.115   -0.046390347089   -1.544500808848    0.2687    0.7181   0.043  127
49911.329   -0.265573579513    0.476398798810    0.6607    1.6912   0.489    7
49946.334    0.507313594199   -0.136699202358    0.4767    0.4546  -0.010   10
49960.334   -0.291674754299    1.488898796254    0.5076    0.7902   0.437   98
49979.083   -0.629317551677    2.801401197416    0.4756    0.9284  -0.669   44
49979.086    0.626624250760   -0.294199199402    0.3619    0.6055  -0.313    6
49982.081   -1.365320669940    0.887799593841    0.5084    0.4807  -0.405   13
49986.085    0.055470754232    0.258699596145    0.3489    0.3631  -0.085   19
49993.167   -0.355514559858   -0.133099202060    0.4145    0.3018  -0.212   10
49996.085    0.358214441131   -0.452599199718    0.4005    0.4088  -0.044   36
50000.085   -1.927819063204    0.760701594515    1.1149    0.6840  -0.858    8
50003.083   -1.160321684735    0.178401600692    0.3553    0.3955  -0.302   29
50029.253   -0.094622516411    4.247999993368    0.2243    0.4161  -0.122   21
50035.002    0.409711918474    0.342698400857    0.7241    0.5527  -0.459    8
50108.082   -1.569747648042    0.338400002420    1.2917    0.8242  -0.689    8
50112.085    0.086539517021   -0.207601206625    0.3014    0.3451  -0.136   12
50119.083    0.058732578535    0.614001598365    2.4415    1.8896  -0.886    7
50122.662   -0.423470765044    2.339499602044    0.7293    1.7324  -0.344   19
50129.084    0.396232349945    1.443801596679    0.5649    1.2638   0.368    3
50136.085   -0.135054448101    0.092401197094    0.3058    0.4853   0.164    6
50153.877    1.154792153701    0.564800392056    2.6644    1.2235   0.913    7
50153.877    0.245995956564    2.578298393985    0.5886    1.3646   0.486    8
50170.335    3.030405577156    0.148201195316    2.5049    0.7576   0.804    4
50197.250    1.037326996630    0.853801202538    0.9252    0.7188   0.158    3
50234.418   -0.208968971916    0.102499193133    0.2475    0.2684  -0.512    8
50238.085    0.260752307657   -0.067500002388    0.4567    0.3579  -0.685    9
50276.166   -0.382895904155    0.857001599286    0.4161    1.3248  -0.079   21
50276.166    0.137328735187   -0.193600808984    0.1771    0.5120  -0.417   97
50276.170    1.146562838165  -15.184598397866    1.3953    5.2756  -0.359   10
50282.335    0.000000000000   -0.417600008973    0.5767    0.3914   0.139   14
50287.083    5.416311850894  -17.892900000049    1.1520    4.4415  -0.206   13
50287.083    0.264296700180    0.316101602493    0.3605    0.4300  -0.254    9
50322.082   -6.478888930705  -33.917101204395   10.6118   27.6084   0.952    5
50322.085   -0.056036084210   -0.730101598378    0.1874    0.4962  -0.377   85
50324.332    0.407723489786   -0.838800005454    0.1456    0.3856  -0.582  102
50329.168   -0.592573038479    0.750301197172    0.7195    3.3463  -0.869    4
50331.323   -0.329978618280    5.942300398942    0.8467    7.1067  -0.842    3
50333.335    1.703245938768   -6.601201198464    0.7889    3.2627  -0.864    4
50345.323    1.172810329097   -3.154399199445    0.8830    7.0057  -0.920    3
50346.323   -0.277490410311    1.440601199931    0.5210    2.0386  -0.889    7
50347.335    0.575552367605   -2.973398397899    0.4524    1.8962  -0.799    4
50349.874   -3.682136885128    3.328300796568    3.3381    2.1397  -0.973    4
50355.334   -0.660386217696    0.017899192528    0.1190    0.2741  -0.316   51
50359.323   -1.764957773388   12.267399601740    0.8921    6.4932  -0.903    3
50361.335    0.545903510118   -2.115000002334    0.4482    1.8501  -0.857    7
50364.085   -0.275219413404    1.236999597154    0.4307    0.7658   0.296   14
50366.956   -0.105548519813   -0.043599607125    0.5287    0.5243  -0.303   16
50374.323    0.610451478084    0.221799602684    0.5628    2.7563  -0.798    6
50375.335    0.685499855264   -2.099098801978    0.5741    3.0666  -0.875    5
50387.334   -0.139027821760    0.695998791400    0.0907    0.2824  -0.523  121
50392.166   -1.211536497089    5.715799200345    1.0207    6.6407  -0.919    4
50395.322   -0.093345733847    2.336698796057    0.6040    2.6678  -0.874    5
50395.322   -0.054190681490   -0.179701207514    0.0846    0.2036  -0.073  227
50396.333   -0.391125219692    1.565899192713    0.4587    1.8662  -0.859    5
50396.333    0.091221053086   -0.106700402114    0.0792    0.1872  -0.055  229
50399.164   -0.068804006614   -0.887400003080    0.2163    0.3881  -0.391   28
50399.168   -1.689201233801    9.002699999883    0.5123    2.6519  -0.859    6
50401.323   -0.732594977813    4.724200793760    1.2553    7.5068  -0.960    3
50401.323   -0.260040855072   -1.089298801560    0.1304    0.3360   0.079   96
50402.323   -0.446310115526    0.690800402481    0.5035    2.2242  -0.909    5
50402.323   -0.041140094097   -0.898498798563    0.1513    0.3714  -0.255   52
50403.335   -3.289877908841   18.734101195150    1.2044    7.3794  -0.961    3
50403.335    0.225284673791   -0.379000805140    0.0929    0.2421  -0.213  207
50409.417    0.020289075533    0.538700399488    0.1790    0.3144   0.226   15
50413.168   -0.142715240251    1.563001197269    0.2443    0.6762  -0.386   54
50420.166    0.473126129845    1.834801200573    0.3340    0.6727   0.290   14
50422.332   -0.815586715362    2.129601595868    0.0980    0.2144  -0.385  202
50457.272    0.631874406982    0.363398399372    0.4828    1.0793  -0.366    7
50459.832   -0.381762050790    0.929001592453    0.1785    0.3696  -0.136   94
50471.272   -1.430437258063    2.857798797606    0.8189    1.0429  -0.754    5
50477.251   -0.204570004070   -1.816999197501    0.5715    3.5949   0.844    4
50483.168    0.056464968576   -0.534099599747    0.7332    0.7452   0.398    5
50485.907   -1.479663641728    1.225400401950    1.7079    1.1338  -0.934    3
50490.082   -1.452425323400   -1.700398797766    1.4425    1.6721   0.843    3
50492.825   -2.727236489608    2.689300801251    0.7319    0.4454  -0.770    5
50500.083    0.754160835910    3.002698800003    0.5891    1.3432   0.619    4
50505.251   -0.093771328035   -0.117399606836    0.2732    0.5397   0.173    5
50519.251    0.150661890799    1.091901596340    0.4388    0.6525   0.327   10
50527.272   -0.357928582734   -0.240098398763    0.5258    3.6764  -0.630    4
50533.251   -0.979867813711   -0.471898808030    0.3762    0.7483   0.339    3
50539.172   -0.182156247775    2.304298793376    0.1032    0.2825   0.142  117
50546.002    0.256210410611    0.620798401485    2.0391    0.6276   0.638    5
50547.251    0.349842099626    0.445798802673    0.3001    0.6236   0.167    6
50569.272    1.146423199144   -4.912801199453    0.6975    4.6480  -0.697    3
50573.998   -1.610322508931   -0.195501598910    1.3391    0.7443   0.580    5
50583.272    0.875173869221    0.365500794430    0.6372    1.1353  -0.172    5
50588.082   -1.003275784349    5.440100402154    0.0894    0.2352  -0.040  178
50589.251   -0.206129451623   -0.119001602172    0.5563    3.4143   0.875    4
50601.998   -3.882876444738    0.754700391781    3.3073    0.6622   0.735    3
50603.251    0.098456251049    0.639799202418    0.2930    0.5814   0.245    9
50617.251    0.052348568949    0.181198799964    0.2793    0.5707   0.204    7
50631.251    0.678972819709    5.019199200262    0.5747    3.4394   0.825    4
50631.755    0.784803907741   -1.546200006430    0.3072    0.5563  -0.327   57
50643.998    0.642653997468   -2.763100800962    1.5940    2.4125   0.357    4
50645.251   -0.168111542808   -0.045500409840    0.3403    0.7586   0.345    5
50654.331   -0.758130919390    1.054799997746    0.0801    0.2521  -0.269  146
50659.251   -0.737988160003   -2.616001201261    0.3163    0.8078   0.440    6
50665.168   -0.742952361058   -4.974998397245    0.7601    5.2567   0.601    5
50671.998    0.241883040655    0.187200002699    2.0742    1.3762   0.588    5
50673.251    0.090938484867    0.442900794440    0.3367    0.6706   0.325    5
50687.251    0.015321487531    0.514000797125    0.3018    0.6334   0.348    9
50687.836   -0.409282937338   -0.147200408662    0.2648    0.5575  -0.143   66
50700.090   -0.654145234078    1.623700802611    0.2061    0.3874  -0.573  140
50701.251   -0.137894065165    0.996901198391    0.3652    0.9095   0.367    4
50707.000   -3.022458926608   -2.258499601737    3.4581    1.3091   0.296    7
50728.167    0.949653626245   -0.117298797875    0.7945    0.4976  -0.088   10
50729.251    0.934049473725   -1.386799206671    0.4820    0.7529   0.233   11
50742.167    0.285294034890    0.172900797679    0.4073    0.6004  -0.002   11
50743.251   -0.296924910521   -1.142600407888    0.4048    0.7511   0.230    8
50757.251   -0.299761140637    1.705201202640    0.9648    0.7533   0.291    4
50770.002    0.470712106969   -0.449600408103    0.3750    0.6861   0.086    9
50771.252    0.261603592802    0.160700393792    0.9488    0.5964   0.259    5
50773.085   -0.184992477891   -0.320698808309    1.3465    1.1363  -0.167    5
50777.001    3.388051494901    0.776199597396    4.4717    0.9781   0.559    4
50793.272   -2.251131103679    7.562498390712    0.3966    1.1404  -0.521    6
50797.999    0.390985580671   -0.687200402183    0.4847    0.6966  -0.066    3
50800.340    0.093492049994    0.132598802338    0.0777    0.1813  -0.297  157
50813.168    0.318490768618   -0.608399999180    0.3472    0.5631   0.213    7
50826.171   -0.151227220777   -0.943898399441    0.3808    1.8064   0.424    6
50827.252    0.296785271500   -0.795700798051    0.4826    0.7927   0.221    5
50840.167   -0.666913156482   -0.465300003327    1.1241    3.7641   0.865    5
50841.252    1.592164694514    0.800798390799    1.8520    1.1640   0.207    3
50843.001    0.751750199981    0.752399998305    0.3900    0.5711   0.048    8
50854.079   -0.826087124576    0.732398397929    0.3805    0.3723  -0.777  177
50857.001   -0.109092912336    1.364900397505    0.4504    0.4888   0.180    7
50869.252    0.005250156222   -0.334299602400    0.4369    0.8534   0.265    7
50883.252    0.450000727426   -0.788698808663    0.5577    0.8305   0.103    6
50884.271    0.443616814609    0.243000000921    0.4676    0.9578  -0.101   10
50897.252   -0.116896730455    1.653400795476    0.4506    0.9389   0.080    8
50911.252    0.330976122802    0.859201196590    0.5072    0.9010   0.313   10
50912.271   -0.201022224599   -0.208198808593    0.2553    0.6767   0.275    7
50917.001   -0.386869277814   -0.345700799187    0.8692    0.8815   0.724    7
50919.324   -1.924557335671    7.653200390223    0.0815    0.2706  -0.412  151
50925.252    0.995900850596    0.214498793127    2.2929    0.5653   0.433    6
50926.271   -0.235356101870    0.847598394671    0.2891    0.7108  -0.147    9
50937.999    1.572021935127    0.343699200300    1.2301    0.7216   0.512    6
50939.252   -0.011916830798    0.762199199755    0.3629    0.9329   0.037    9
50940.271    0.060295413036   -0.338500798591    0.3269    1.6235  -0.429    6
50953.252    0.327710911551    0.839800792107    0.5969    1.1618  -0.193    5
50954.271   -0.474682190450    0.755600395053    0.3472    0.7653   0.276    8
50967.252    0.012059759997   -0.958201198387    0.4530    0.9599   0.150    7
50979.999   -0.018440382636    0.053301593539    0.4564    0.5783   0.254   12
50981.252    0.666913059712    0.668098792289    0.6019    1.4511  -0.370    6
50982.271   -0.069512265791   -0.546901199527    0.1872    0.3307  -0.083   30
50989.324    0.144846501368   -1.480798805176    0.1488    0.3469  -0.372   92
50995.252    0.116474426445    0.516999601530    0.5208    1.1421   0.015    6
50996.271  -11.376678615779   -8.867098799215    3.2706    2.8450   0.946    5
51007.959   -0.210245754480   -0.383101205159    0.5108    0.7266  -0.171    4
51009.252    0.410420080881   -0.192801601884    0.6753    1.2634  -0.460    8
51010.271    0.569451023007   -0.508298401769    0.3450    0.4042  -0.568   10
51023.252    0.043554020203    2.259799195770    0.3863    0.8539   0.066    7
51024.268    0.462911772568   -2.089299600527    0.5447    2.5312  -0.666    5
51036.087   -0.635984129484    2.074499995786    0.0763    0.1791  -0.252   84
51037.252   -0.421907930544   -0.442799998268    0.5094    0.9494  -0.045    8
51051.249    0.149385108235   -1.433098798032    0.6035    1.4160   0.014    7
51052.271   -0.897870290505   -1.421499602827    0.4934    0.8300   0.326   16
51065.252    0.413256310997    0.098899192835    0.4376    0.9647   0.152    8
51065.811  -95.240049029095  693.946198795459   41.3401  163.3532   0.654    3
51079.249   -0.843962274004    0.565801191499    0.4847    0.9216   0.073    8
51080.717  -97.583960536643 -275.195700007203   52.2944  138.7281   0.576   21
51085.001    6.784329015160    0.819698395560    3.4463    0.7885   0.468    3
51088.084   -0.823673101700   -3.870698398600    0.3691    0.6626  -0.419   37
51093.252   -0.852756822749   -2.709799207423    1.5576    7.5298   0.703    4
51094.271    0.209254927084   -0.228700808691    0.3061    0.4647  -0.084   24
51107.252    0.808211878379   -0.164300406880    0.4876    5.2197   0.281    5
51122.268   -0.339484813150    0.385498800881    0.4407    0.7515  -0.018    7
51123.353    0.899575957434    3.997198795958    0.6531    2.9993   0.820   10
51130.457    0.327710911551   -0.752900398027    0.3152    0.4798   0.038   24
51135.249   -0.328987790884    0.634399195576    0.5500    1.0057   0.253    8
51149.249   -0.397509229279    1.241899191484    0.4746    0.9617   0.383   11
51163.249    0.870917830573    1.107601191563    0.5035    1.0251   0.279    9
51164.271   -0.018300743615   -1.108800002214    0.2782    0.7723   0.079   10
51169.166    0.196200952743    0.060699592552    0.0822    0.2036  -0.270   88
51176.164    0.604636088653   -0.106700402114    0.3062    1.2489   0.202   26
51191.249   -0.499366943652    1.259301591006    0.5722    0.9948   0.025   15
51205.249    0.892340856242    0.950101194519    2.2351    2.7223   0.944   11
51206.272   -0.170239513747    0.174099595540    0.4161    1.6341   0.070   14
51207.042    0.284725511504    0.315100790260    0.2876    0.6840   0.434   16
51214.000   10.997187465126   19.383998393607    1.0858    2.7282   0.854   10
51219.249    0.460640775661    0.219999596140    0.6828    1.1036   0.165   24
51221.002    5.540443682541    9.835898393362    0.6264    1.7535   0.737   17
51224.918   -0.082848808351    0.993099592961    0.8087    0.8010  -0.044    3
51228.000    0.616978416869   -0.798501604038    0.3983    0.4220  -0.173   18
51233.249    0.834884963500    1.422601198442    0.6060    1.2224   0.172   16
51246.084   -0.018726434573   -0.194900403017    0.0702    0.2191  -0.303  191
51247.245   -1.790919309154   -1.022400007855    0.5167    1.1410   0.580   40
51248.272    0.123423572470    0.425800796222    0.2312    0.7361   0.176   17
51253.082    0.327002749144    1.702101602064    0.2582    0.3725   0.018   17
51261.249    0.080724127590    0.067500002388    0.4517    0.5590   0.432   30
51275.249    0.337499674640   -0.537998407424    0.6196    0.7733   0.296   31
51276.268   -0.424035901483   -0.182699999129    0.2917    0.6466  -0.112   25
51288.084   -0.287987335807    2.669500793218    0.2725    0.3023   0.232   12
51288.208    0.713871930188   -1.141700404617    0.5326    1.2009  -0.105   12
51289.249    0.842971349838    1.861801196412    1.0021    1.3902  -0.024   10
51290.268   -0.033479301947   -0.219999608930    0.2416    0.7596  -0.035   32
51302.084   -1.169827879605   -0.109699206519    0.2069    0.3452   0.234   23
51303.249    0.118033777227   -0.072298800546    0.5501    0.6052   0.422   16
51309.086   -0.063839805559   -0.532598400582    0.0824    0.2479  -0.436  162
51317.245    0.670178270964    0.533998790786    0.6010    0.5972   0.369   30
51318.272    0.447021568111    1.580101195486    0.5600    1.1002  -0.158   10
51331.249    0.896310746182    0.457999193770    0.9444    1.1967   0.161   17
51344.080    0.858149908170    0.101401191444    0.2827    0.2761  -0.072    8
51345.249   -0.652582399578   -0.038700000005    0.7332    0.8668  -0.275   20
51351.086    0.076468088942   -0.315000006879    0.3139    0.3152  -0.595  226
51359.249    0.725788760986    3.183699601550    0.9512    2.4006   0.117   24
51360.268   -0.643362256645    0.306601195632    0.2322    0.5876   0.088   20
51373.249   -0.303451946076    0.981799192346    0.3562    0.4235   0.030   31
51379.082    0.216490125046    2.647101597120    0.3582    0.4930  -0.039   12
51387.249   -0.547885164910   -0.965700006361    0.7421    0.7982   0.022   32
51388.268    0.209254927084   -1.759798809076    0.5328    2.2215   0.098   24
51393.082   -0.032485184373   -0.456400805149    0.2149    0.3236  -0.619  149
51400.084    0.609457263740   -1.168300809695    0.4356    0.9137  -0.046   10
51401.249   -1.080452132468   -0.118900806001    0.9323    2.5497   0.323   11
51414.165    0.962990168805    0.650498394350    0.2877    0.7007   0.028   45
51415.249   -1.564075187810    0.634100400987    0.4826    0.6903   0.108   40
51429.249   -0.692023503872    0.370799992311    0.8425    1.7476   0.404   42
51442.084    0.776009358995   -1.949900401144    0.4483    0.5198  -0.313    6
51443.249    0.087108137177    0.242499601200    0.3381    0.8257   0.004   26
51456.165    0.507173955179   -0.682300807853    0.2763    0.6308   0.024   37
51457.249    0.388006324587   -0.639399598867    0.6286    0.6899   0.028   24
51470.165    0.102004030520    0.281401193547    0.3319    0.9408   0.046   23
51471.250    1.346880190535    1.082001598718    0.7364    1.0186  -0.248   34
51477.083   -0.463616644797   10.409399997968    0.4807    0.6203   0.196    8
51484.084    0.554980627082    1.518699598080    0.5328    0.8270   0.128   18
51485.250    2.427332323003    1.696701595222    0.7324    0.9989   0.117   28
51486.272    0.042845857796    0.107798391014    0.3048    0.6140  -0.310   63
51487.291   -5.316435888084    0.905900391501    0.4422    0.3466  -0.048   27
51491.126    0.112643981985    0.535701595084    0.3535    0.5547   0.185   17
51493.292    0.147257137296    0.164498392508    0.4353    0.7758   0.066    9
51494.333   -0.219040399995   -1.213199998062    0.4483    0.6624  -0.108   12
51498.084    0.824527580254    2.946801599535    0.2517    0.5265   0.360   14
51499.250   -0.031208305040    1.061099995070    0.3060    0.8737   0.010   30
51513.246   -0.275501981623    1.068400791837    0.5344    0.6436   0.126   13
51519.083    0.839280544398   -0.463500009573    0.6926    0.7100  -0.547    4
51527.250   -0.538239427790    1.955901591089    0.3439    1.0648   0.262   19
51533.086   -0.131792623797   -0.171298802343    0.0851    0.2064   0.108   96
51541.250   -0.207974757572   -0.926899197395    0.5420    0.6977   0.406   31
51542.269    0.171516199541   -0.500198397901    0.2241    0.5483   0.134   72
51554.085    0.221597255300    2.812100402139    0.2974    0.4477   0.192   15
51556.269   -0.162292766430    0.744400790609    0.2894    1.2097   0.001   21
51569.250   -0.702663455336   -0.021801606920    0.4133    0.5562   0.057   20
51575.072   -0.559093736532    1.284800400470    0.2031    0.3041  -0.315  182
51578.001   -0.335937033679    0.501800393238    0.3983    0.5641  -0.010   14
51582.085    0.857298719794   -1.422698400688    0.3956    0.5262  -0.242   12
51583.250    2.946419722032    2.867799591399    1.6032    1.4172   0.562   10
51584.999   -2.468612056121   -0.695998804190    0.3721    0.5856  -0.256   21
51589.083    0.590873951905    1.238000396597    0.3173    0.5405  -0.087   16
51617.079    0.021422928898   -0.144799206225    0.0579    0.1588  -0.130  191
51625.250   -0.023264944670   -0.189298803832    0.2202    0.2508  -0.060   36
51631.083    0.496816668703   -0.649000801900    0.5490    0.5564   0.103    7
51653.246   -0.454821999282   -0.281199601204    0.2626    0.2834   0.068   42
51659.083    0.293806015416    1.467500399599    0.6023    1.2825   0.068    4
51673.083   -0.746357114561    0.388400390250    0.4497    0.6136   0.266   10
51681.250    0.092354906451   -0.764798400610    0.3709    0.8424  -0.320   10
51687.087   -1.307153227843   -1.645999202537    0.0932    0.2532  -0.403  103
51695.250    0.920004768758    0.297500392321    0.5713    0.7044  -0.007    9
51711.208   -2.475990183282    1.922299196622    1.9452   11.7707   0.572    6
51715.079    1.628766181744   -2.223900001752    0.6393    0.9350  -0.491    8
51715.708   64.212913667738   37.206698394243   11.0624   11.2846   0.729    3
51723.246   -0.066250441487    0.313599591095    0.4110    0.4015  -0.402   39
51732.286   -1.337370705487    0.640000794760    0.2836    0.3759   0.008   29
51736.227    0.376089590558   -0.014198408849    0.3913    0.4345  -0.318   31
51750.085    1.664090789641    0.906299995052    0.7571    1.3388   0.218   30
51766.583    2.204035981130   13.315701590955    1.6067   10.6722   0.518    7
51771.083    0.529730737442   -0.686098806568    1.3562    2.2315   0.400   29
51778.224   -0.351118978959    0.176101194427    0.3316    0.4400  -0.394   32
51794.708  -67.354822889927  -40.011199205026    7.3453    5.4000   0.132   24
51802.075   -0.820554303365   -1.049400003694    2.8316    1.6705   0.746    5
51806.228    0.430848795435   -0.152398797582    0.3806    0.4209  -0.203   29
51808.478    9.012903336576   13.676000402540    0.9766    4.5507   0.603    3
51813.226   -0.002836230116    0.306298794328    0.8250    0.4728   0.035   15
51820.166   -0.965966037942    2.760598802354    0.3548    1.2684   0.550   20
51827.083   19.135911243594   48.442499995360    1.4565    3.6209   0.767   14
51829.271    0.093917644182    1.036598391124    0.3222    0.4231  -0.144   12
51834.162   -2.949824572304   -1.787698808187    0.4889    0.7262   0.163    6
51841.083    1.233102355185   -1.779598804319    0.0706    0.2323  -0.096  107
51848.228    0.054193971668    0.246999591980    0.3312    0.3776  -0.001   27
51851.288   -0.367148725667   -0.215701197703    0.3092    1.2483   0.007   13
51861.709 -104.412977522141 -181.692500405006    6.9591    6.1516   0.043    8
51862.082   -1.011930694074   -1.259701207346    0.3322    0.5305  -0.070   14
51876.228    0.288130265006    0.296999992599    0.3691    0.3675   0.057   18
51883.083    0.077033322151    0.010000793793    0.0582    0.1662  -0.135  151
51885.286    2.537419352913   24.292598396869    1.6475   14.2176   0.553    3
51890.228   -0.991784547739    1.142499598927    1.1488    0.6818   0.128   12
51897.084    0.733592482335    1.245700796915    0.4816    0.6786   0.588   18
51918.085    0.684080046732    1.459400395731    0.4444    0.5469   0.561   29
51920.266   -0.258338478320    4.329201598807    0.4007    1.4669  -0.361   23
51932.224    2.496136232847   -0.483501609949    0.2347    0.2916   0.062   17
51934.266    0.620522809392    1.360699201314    0.6264    2.0684  -0.358   26
51939.084    0.320761765525    0.912898799754    0.1161    0.2723  -0.260  125
51946.224   -0.069512265791   -0.517798808630    0.2869    0.3240   0.274   21
51948.266   -2.058903524595    2.677899591674    0.3441    1.4191  -0.315   13
51953.080   -0.351118978959   -0.352699207440    0.5883    0.9284   0.186    8
51955.268   -2.720426885834    6.921698401641    0.5596    0.7649  -0.381    6
51955.271   17.022670721363   -2.016100809499    1.0189    6.5182   0.318    3
51959.709 -112.370253215241  517.592998797056    3.1846    7.1208  -0.259   23
51960.082    0.635704754672    1.252900797510    0.4764    0.7704   0.283   13
51962.266    1.195792705548    6.246799199516    0.3449    1.3854  -0.378   14
51974.224   -1.083148723564    0.654001192402    0.1826    0.3787   0.001   30
51976.266   -0.664785185543   -1.545699606709    0.5032    1.7094  -0.426   16
51981.080   -0.262308465031    1.002801592165    0.0813    0.2129  -0.121   77
51988.082   -0.546608382347    0.025498796674    0.5038    0.4174   0.511   14
51990.266    0.350553648981    0.431899201203    0.3368    1.3660  -0.414   28
51995.223    0.673722663487   -0.142498799960    0.5658    0.4753   0.144   34
51996.274    1.083291652762   -0.090298802036    0.5465    0.3925   0.119   17
51997.264    0.386586612825   -0.464698807434    0.4459    0.4383   0.258   24
52002.082   -0.040857525878   -0.979099208109    0.5075    0.6760   0.238   13
52004.266   -0.419354365417    1.911499195728    0.5854    1.7319  -0.439   26
52009.168   -0.211662176064    0.346798800877    0.0623    0.1679  -0.042  125
52016.228    0.069089961781   -1.746000003777    0.2014    0.3832   0.100   21
52018.266   -0.413538975986   -0.837900002182    0.5373    1.7578  -0.310   27
52032.266    0.486884879645   -1.152500405510    0.5673    1.7597  -0.227   26
52037.226    2.279932159738   -0.502898407717    0.5758    0.8411  -0.169   10
52039.272   -1.073642528694   -0.111499200273    0.0602    0.1433  -0.300  104
52044.228    0.274936748414   -5.283899999142    0.2766    0.6924  -0.185   17
52046.266   -0.458369875523    1.263999592993    0.4894    1.6650  -0.489   22
52046.288   -1.369433585850    1.726999190055    0.6710    3.5139   0.669    8
52051.226   -0.217906546630    0.205099195227    0.2097    0.5996   0.036   23
52054.079   -0.599382642253    0.959698790837    1.0487    0.6327   0.517   12
52060.266   -1.003136145328    5.151200400633    0.6729    3.2273  -0.837    5
52065.080   -0.281320758001   -0.717598805977    0.3319    0.4013   0.277   24
52072.228   -0.733732218125    0.160199994070    0.3413    0.5228   0.248   27
52074.266    1.262468644453   -3.416400001299    0.7376    2.6698  -0.844    4
52074.708  -27.288393771863   13.637699993296    5.6871    4.9137  -0.338    7
52081.264    0.269121358984   -0.960001204930    0.2465    0.6786  -0.191   20
52086.225   -1.261331597680   -0.614300405744    1.2850    2.0340  -0.857   10
52088.266   -0.412970355830   -0.527101204284    0.8981    2.4082  -0.331   24
52094.267    0.367434584064    0.945100791228    0.5832    0.5342   0.172   25
52096.083   -0.610308548885   -0.066099599394    0.1067    0.2106  -0.104  184
52100.225   -0.680814932250   -0.422499603303    0.3801    0.8979  -0.187   15
52102.266    0.976323324418   -6.332000408804    1.0169    3.4819   0.026   22
52107.226    3.299101438722   -7.248801597370    0.7551    1.3951  -0.140    8
52109.268   -0.694434139800   -0.460799999757    0.5755    0.5838   0.444    5
52114.079    0.577397770325   -2.599300806594    0.4001    0.8067  -0.046   34
52116.263    0.567183413048    2.722298393110    0.8043    1.8834   0.178   24
52123.265    0.283591658139    0.219801597723    0.4789    0.3263   0.242   10
52128.082    0.572430182322   -0.916200005463    0.4562    0.5171   0.245   18
52130.266   -2.688789599659    5.255899191070    1.0058    3.0971  -0.622   13
52135.223    0.727634163706   -0.734000406055    0.6223    2.2574  -0.243    5
52137.268    0.271531898142    0.296899196428    0.4544    0.3260   0.186    9
52142.228    0.325582940612   -1.079398803938    0.2845    0.7457  -0.107   24
52144.266   -0.828923257923    1.996300801466    0.5528    2.2257  -0.297   24
52149.227    1.004981451278   -0.261000002411    0.2124    0.5582   0.043   18
52151.268   -2.937764812308   -0.204699604467    0.4655    0.3493   0.288    9
52158.266   -1.640114392386    0.718599592631    0.5641    2.1955  -0.313   23
52163.227    2.347745338956    0.039301195898    0.3978    0.4567  -0.005   15
52165.265   -1.604507119500    0.556999195567    3.6954    0.6241   0.677    4
52172.267    0.258481407519   -0.965498401229    0.6865    1.6925  -0.053   11
52177.081    0.410702649100   -0.550101609065    0.7175    0.6498  -0.128    6
52179.268    2.305611030514    1.673499598098    2.1448    0.5044   0.479    6
52184.082   -0.351684115398    0.039599990487    0.5856    0.5784  -0.146    4
52186.267    0.686916276848    0.299401195036    0.4460    1.7452  -0.233   12
52193.290    0.828640592933    0.107499596425    0.6837    0.6631  -0.043   15
52198.166   -3.680860102564    0.494499596471    0.2767    0.4110   0.201   49
52200.267    0.671594692548   10.837900791216    0.5097    1.6079  -0.451   14
52201.289   -2.000739469446   -1.374098403062    0.4601    0.6953  -0.182   15
52205.227    0.218332044048    0.655999197363    0.2603    0.6092  -0.204   18
52207.265    0.199180112057    0.334699193161    0.5699    0.3372   0.378    8
52212.082    0.780122371675   -2.113898406719    0.1069    0.3329  -0.618  152
52214.267   -0.096750584120    4.750300799117    0.7086    2.5910  -0.629   14
52219.227   -0.269260998005   -0.915300002191    0.4018    0.5236   0.052   20
52221.268   -0.429994316882    0.688499996215    0.4434    0.3506   0.208   10
52226.137    1.453136872754    0.642398390482    0.7257    0.8325  -0.189    9
52228.267   -0.416092541113    0.204001193538    0.4390    1.7809  -0.663    5
52242.267    0.183007436151   -0.832298402997    0.3473    1.4336  -0.538    8
52242.712   -9.487160029608  -38.676801601412    1.8096    3.6165  -0.299   32
52247.227   -0.205989812602   -0.182800808091    0.1737    0.4337  -0.026   28
52249.265   -0.389562481961    0.624301199537    0.4415    0.5130   0.294   12
52257.081    0.511429993827    0.491500792066    1.9881    0.8722  -0.013    3
52263.269    0.144703475400    1.491501591033    2.6638    0.9109   0.383    5
52289.205   -0.166834760245    2.264198390378    0.4595    2.8063  -0.317    9
52291.250    0.046107585330    0.558201600143    0.0826    0.2414  -0.234  130
52297.204    0.339627742349    0.257198396980    0.2680    0.6173   0.079   15
52303.205    0.579808406253    0.389800793243    0.5700    3.3856  -0.174    9
52304.224    0.275222703581    0.836999998910    0.4459    1.5382  -0.419    3
52306.248   -0.288270000797   -0.307800006283    0.3941    0.9009  -0.130   36
52309.999  -51.344365430857   12.602599194622    8.0702    2.3876  -0.821    3
52310.203   -1.771624351194    3.720099594773    0.8262    3.8492  -0.582    7
52312.245    0.241314420499    1.156100393018    1.1720    2.9321   0.748    8
52317.081    1.576277877005   -0.512798405339    3.4723    1.6015  -0.634    3
52318.228   -0.706776468016    0.145101594740    0.5042    0.4449   0.105   11
52325.204    0.114060403569    1.485298795956    0.4519    3.2174   0.262    5
52331.201   -0.643930876801    0.801201601064    0.5550    1.8458   0.251   11
52338.203   -0.187120448830   -0.193100409263    0.4487    1.5577   0.076   18
52339.222   -9.575544949348  -11.613898809060    3.1163    4.3832   0.679    3
52340.245    0.930644720223   -0.644601607291    0.0759    0.2249  -0.056  101
52345.205    0.504760029073    0.688701601348    0.2677    0.4859  -0.043   30
52346.228   -0.853751037093    0.994600792126    0.2987    0.5059   0.178   34
52347.250   -9.207684674326   34.112800801722    1.0043    2.6128  -0.867    4
52352.203    0.883968417966    2.169500393734    0.4132    2.0318   0.075   11
52359.201    0.271957492330   -0.482299205373    0.3341    1.6975  -0.002   23
52367.208   -0.247412474919    1.606100391882    0.7119    2.2052   0.386   11
52368.241   -1.139041685035    4.658198396612    0.6033    2.0929  -0.744    5
52373.205    0.311824190812    0.418899590215    0.4274    0.9755   0.084   21
52374.228    1.514566042385    1.082800793029    0.5591    0.5657   0.090   32
52380.203   -0.704791426275    0.651099590243    0.3994    0.7154  -0.321   13
52382.252  -18.866078335256  -35.695101607303    2.1601    4.7994  -0.762    7
52387.205    0.121581556698   -1.701601202342    0.3843    0.6603   0.142   24
52394.207   -1.995771881443    3.179001599563    0.4055    1.7245  -0.040   16
52401.205    0.246564576721   -1.103500804334    0.3383    2.3857  -0.102    8
52402.228    0.051922974761    0.665301593017    0.2101    0.3119  -0.171   36
52403.251   -0.307847526975    0.975200400433    0.0801    0.2507  -0.103   80
52408.203   -4.652219322697   -0.464198407713    2.5195    0.9341   0.378   10
52409.164   -0.463477005777    0.557798402667    0.3044    0.8456   0.144   45
52410.242    0.038589819149   -1.167501602595    0.9566    3.0070  -0.765    6
52415.216    0.169674280539    0.699501602242    0.2884    0.6220   0.150    8
52421.710  107.651218314618   -6.386799607583   16.7368    5.9975  -0.334    4
52423.204   -1.465475910793    8.112801592119    0.5140    2.8104  -0.203    5
52429.205   -0.023407970639    0.748900794179    0.2991    0.6809  -0.009    8
52436.203    1.548613964489    0.824399991473    1.8999    0.8097   0.306   13
52438.245   -0.020003217136   -0.548499600939    0.7253    2.9418  -0.387    6
52443.216    0.573567422634   -0.756298805982    0.2782    0.5152  -0.259    6
52445.251   -1.777582766593   -9.254098799261    0.6410    1.2310  -0.507    3
52450.207   -0.336931248024    2.924899196444    0.5521    4.5427   0.309    3
52451.226    0.827506836338   -0.207601206625    0.5076    0.8846   0.012    9
52457.205    0.213367939763    1.527501594012    0.4406    0.6991  -0.271    4
52464.204    0.965683372953   -3.593599197416    0.4857    3.4436  -0.019    4
52465.226   -1.375674569468    2.878801197426    1.0369    2.8060  -0.816    8
52471.213   -0.463051411589    0.389800793243    0.6222    0.9063   0.226   13
52471.688   20.784254951517   39.996900000006   12.1613    8.4727  -0.122    4
52478.204   -0.193361432449    3.053001601927    0.5347    2.3532  -0.117    8
52480.253   -6.310777387897    0.312800396784    0.1528    0.3771  -0.167   54
52485.209    2.697161844394   11.181099591795    0.7761    3.1556  -0.024    7
52492.204   -0.374101258640   -4.596001198820    0.4631    2.7107   0.046   12
52492.708  -15.758925294346   23.279400001286   33.5416   19.5947  -0.901    4
52493.226    1.313397501640    0.546098398502    0.8460    1.0848   0.253   21
52499.213    0.873754060689    0.442799998268    0.5665    3.2872  -0.315    5
52501.251   -0.102143766310    0.575200802189    0.8449    1.0180  -0.116    6
52506.204   -0.550156161818   -0.222001207817    0.3638    0.8195   0.047    9
52513.205    0.537817123780   -0.058500008038    0.4534    0.6559   0.329    5
52521.204   -0.574415320832   -1.176098399469    0.2579    0.7185  -0.050   14
52527.216    0.893617638805    0.581799594102    0.7307    0.8752   0.473    5
52529.251    5.708555128580   13.085999995610    0.5415    0.9021  -0.116   15
52535.226   -0.179459656680    0.275299194641    0.3599    0.3558   0.406   26
52541.206    0.545760484149    0.684500392367    0.6022    0.9029  -0.185   10
52543.244    0.440920223514    1.063598399753    0.1892    0.4020   0.418   86
52548.204   -0.086396587822    0.089301596518    0.2773    0.6004   0.034   12
52555.206   -0.549587541662   -0.203198405302    0.3714    0.5618   0.059   14
52556.228    0.729762134645   -0.035798397846    0.3248    0.3227  -0.100   17
52557.251   -1.325314332438    2.564899192237    0.7908    0.5195   0.077    5
52563.226    1.083860176149   -1.452398406343    0.4369    0.4746   0.036   27
52564.242    0.466456165091    1.633798798650    0.2207    0.4116   0.065   36
52565.243    0.292103638665    0.588200400387    0.2222    0.3017   0.107   30
52566.236   -0.214076198940    0.303800402435    0.2193    0.4267  -0.016   28
52567.241    0.196769572899    0.562701590923    0.1873    0.3543   0.115   36
52568.241   -0.083982564946   -0.424800009569    0.1586    0.2141   0.137   32
52569.238    0.531715682412    0.866901596908    0.2353    0.4353   0.059   28
52570.243   -0.350407332834    0.344901592086    0.2541    0.4857  -0.028   28
52570.707  -11.707082731477  -49.658000399688    6.2614    9.9071  -0.449    4
52571.244   -0.087955938605    0.024901194706    0.2521    0.4621   0.147   26
52572.237   -0.037027178188   -0.000399603550    0.2337    0.5025  -0.061   28
52573.242   -0.121860834740    1.231401591895    0.3809    0.5814   0.052   24
52574.242   -0.934046183547    0.634298399405    0.2863    0.4824  -0.063   13
52575.236   -0.022131188075    0.861098392591    0.2856    0.5791   0.158   16
52576.244   -0.133352071350    0.700498794970    0.2088    0.3949  -0.052   23
52577.245   -0.060292026088    0.669200400694    0.2505    0.4567   0.085   21
52578.242   -0.405309563680    0.148100399144    0.2138    0.2530   0.197   29
52583.206   -0.584629678109    0.772599597099    0.2783    2.0322  -0.010   11
52584.228    0.403184882919   -0.414698406814    0.3141    0.3392  -0.031   13
52585.247    0.017023864282    2.440598392184    0.5497    2.2067   0.122    5
52590.204    1.151669968418   -0.851799603652    0.3715    0.6663  -0.339    5
52591.223    4.975109059161   -1.018000800457    0.8233    0.7083  -0.708    7
52596.997   -0.038303960751   -0.307299606561    0.3577    0.4844  -0.096    5
52597.206    0.071500500939    3.559899600702    0.3854    2.2519  -0.158    9
52598.225    0.263871105992    0.105998397260    0.5209    0.5648   0.066    8
52599.244   -1.349713130473    0.916898390813    0.3888    0.4136  -0.189    8
52604.204   -0.065824847299    1.044399600403    0.2052    0.5448  -0.101   16
52611.228    0.922840902104   -1.552701608887    0.4334    2.5016   0.236    8
52613.244    1.789077196612   35.345300395306    0.3163    2.9821   0.176    3
52618.204    0.029226650247    0.792000001582    0.2682    1.6299  -0.162    7
52620.246   -1.673736720302   -2.290298408525    0.1628    0.4015  -0.508   62
52625.202    0.474402912409   -0.791301603442    0.2906    2.0069   0.089   10
52626.225    1.309284488960   -9.676299607975    2.3392    9.0672   0.498   14
52627.291   10.486894614842  -32.700700809585    0.9442    2.6231  -0.946    5
52639.202    0.336934538201   -0.701899197963    0.6324    0.4393   0.284    7
52646.204    0.203579176674    0.240699594656    0.2018    0.2911   0.039   12
52653.202   -0.449714869029    0.804898790818    0.4641    0.7974   0.693   11
52660.124   -0.792178841494    2.949400800389    0.6550    1.1546  -0.168    5
52661.205   -0.089375747137    1.080799194142    0.5949    0.6135   0.495    4
52662.227    0.194358936971   -1.604800797850    0.4300    0.7311  -0.088    8
52666.585  -10.656848173422  -15.008198408850    2.9779    4.4487   0.007    6
52667.206    0.465322311726   -0.262800008954    0.2170    0.4136   0.154   25
52668.221    1.159899380725   -0.310500003309    0.2584    0.3888  -0.052    8
52669.244   -0.079018363891   -0.129700806895    0.4871    0.7111  -0.089    7
52674.208    0.196486907910   -0.232300808989    0.2119    0.2774  -0.598   12
52675.227    0.218332044048   -0.322498802063    0.2455    0.2879  -0.053   19
52681.206    0.330550528615   -0.758998803008    0.2562    0.8660  -0.451    6
52683.584  -23.424665872168   49.145101198178    2.1740    3.0752  -0.248    7
52689.205   -0.151795744164   -0.554400007502    0.2041    0.3232   0.229   24
52695.206    0.276073891957   -0.105598806499    0.2213    0.5894  -0.116   12
52697.251   -0.210810987688   -1.199700000143    1.5300    4.9632  -0.943    3
52702.204    0.304588992849   -0.109299602968    0.1752    0.3425   0.137   22
52709.206    0.150661890799   -0.383101205159    0.1752    0.3736   0.157   27
52711.248    0.510718347702   -0.462099606580    0.0949    0.2016  -0.365  113
52716.204   -0.360339121892    0.124999198192    0.2120    0.2861   0.101   21
52717.223    0.277350674520   -2.195798397508    0.6575    4.9699   0.721    3
52723.202    0.042702831828    0.669499195283    0.2254    0.4214   0.077   23
52724.229    2.145442944845    1.226401201393    8.7285    9.2893   0.568    6
52730.204   -0.192510244073   -0.185900408667    0.2490    0.4006   0.177   18
52737.202   -0.682091714814   -0.541598407722    0.1960    0.4409   0.145   17
52738.221   -0.257487289945   -9.319500000515    0.8540    4.5016  -0.016    3
52739.303    2.943014871760   -2.638800000909    0.4688    0.3492   0.104    5
52739.584 -232.134718400340  126.833198395104   28.1128   16.4649  -0.948    3
52744.204   -0.241171491300    0.254001594158    0.2313    0.2907  -0.363   11
52751.202    0.134063523935    0.918201591560    0.2001    0.5836   0.193   16
52758.204    0.123141004251   -0.799999209278    0.1801    0.5415   0.047   17
52765.202    0.419640223814    0.772599597099    0.3405    0.5142   0.088   21
52766.225    2.941881115165  -74.917198806190    1.5519   19.7316  -0.612    3
52767.244   -0.143852383794   -0.177501597420    0.0855    0.1604  -0.183  192
52772.204   -0.049369506404    0.124498798471    0.1526    0.2628  -0.071   20
52779.206   -0.412544761642   -0.331599605374    0.3226    0.4066   0.236   14
52780.225   -0.264579461939    0.435999601223    0.7561    0.5553   0.287   15
52780.587    3.945868352099  -11.144800807017    6.9855    4.9465   0.557    5
52787.205    0.560373809273   -1.277200809113    0.2059    0.5062  -0.158   11
52788.250    0.542073065658    1.255798792954    1.1981    2.1284   0.156    8
52793.206   -0.190668228301   -0.051098402309    0.2054    0.2669   0.239   12
52800.204   -0.612010925637   -0.298799999143    0.2602    0.6688   0.155   17
52807.206    0.543206919023   -1.385600408810    0.2430    0.4397   0.018    7
52808.225   -4.684139177091  -27.005799606172    0.5901    2.7368   0.575    5
52809.248    0.094482877390   -0.645400801602    0.2325    0.5667  -0.538   57
52814.204   -0.560227493126    0.485099998571    0.3065    0.3859   0.134   15
52821.206   -0.189531084759    0.597099598565    0.2906    0.3878  -0.316   14
52828.204   -0.783666860968   -1.242500400167    0.2780    0.6305  -0.037   13
52830.246    0.222162488508   -0.369100807518    0.1398    0.2993  -0.238   47
52835.203   -0.036175893042    1.337601594287    0.2113    0.4896   0.125   23
52836.222   -0.479081158297    1.086199200984    0.6472    1.1058  -0.463    5
52836.583  210.080619870616  207.630000002723    8.0334    7.1079   0.828   12
52842.204   -0.861268803275    0.275399990812    0.3872    0.6918  -0.556   11
52849.206   -0.176197929146    0.207201590285    0.3149    0.4557  -0.439   10
52856.208    0.281606713168    0.220499995862    0.4324    0.4234   0.281   12
52863.206    0.307568248934   -1.810598404006    0.4329    1.1182  -0.306   14
52870.204   -0.511283677680    0.257500798284    0.3109    0.6169  -0.413   18
52877.203   -0.058446623368    0.568501201315    0.4231    0.6827  -0.278   20
52885.205   -0.242305247895   -0.306900003011    0.1972    0.3139   0.106   25
52891.203    0.150804916767    0.653698791098    0.2488    0.5440   0.260   22
52892.583   -0.730041412686  114.394499991022   11.4450   15.3014  -0.280    3
52898.205    0.434536213927   -0.235800000326    0.3670    0.2788  -0.575   13
52899.224   -0.889075741760   -4.546198809408    1.5828   10.0498   0.481    3
52900.250   -0.752172503991   -0.182498406787    0.0854    0.2320   0.171  105
52905.206    0.738556683390   -0.245699997947    0.9776    0.7613  -0.514    7
52912.205    0.470855132938    0.039398398144    0.1906    0.3465   0.044   15
52919.203   -0.800976777187    0.308599200594    0.2799    0.4125   0.149   10
52921.241   -2.009677044159    0.053499591957    0.8337    0.3861   0.058    8
52926.205   -0.289832738527   -0.347500805731    0.1955    0.2872   0.126    9
52927.238    0.785089959678   -8.832301200812    0.4333    2.2037  -0.341   12
52933.203   -0.108384749929    0.430599594381    0.1626    0.2083  -0.182   24
52934.240    8.143830908722    1.342299596274    4.3087    0.5806   0.585    5
52940.205   -0.114486094526    0.907498792913    0.3095    0.6692  -0.241   10
52947.203    0.078596156651    0.207698396082    0.2839    0.7950   0.245   11
52954.227   -0.324731849006    0.727498790809    0.1910    0.6099  -0.052   18
52955.224    0.348425678042    1.242298795034    0.7050    0.7662  -0.232    5
52961.203    0.005393182191    0.201700800062    0.2154    0.3762   0.168   19
52962.229    0.409568892506   -0.301701601302    0.4626    0.7148  -0.062    7
52963.245   -0.061851473641   -0.871200008135    0.7641    0.8153  -0.328    5
52968.205    0.253091612276    1.280300396900    0.2439    0.3547   0.208   24
52975.203    0.018018078626    0.435898792261    0.2087    0.3779   0.236   21
52976.229    0.023693925806   -0.181400405097    0.3209    0.6596   0.266   10
52977.245    0.945680252586   -0.698900406348    0.5305    0.5826  -0.307    7
52983.227   -0.215635549723    0.062398790135    0.1552    0.2448   0.157   21
52989.229   -0.405878183836    0.856299594432    0.3764    1.4726  -0.640    9
52990.229    0.287422102599   -1.027400398357    1.3912    2.6030   0.196   15
52991.252    0.028375461871   -0.139100404795    0.0615    0.1305  -0.165  150
52996.205    0.239472404727   -0.063399602368    0.2245    0.2244  -0.011   10
53003.203   -0.050928857187    0.598399192597    0.1548    0.2209  -0.294   11
53010.205    0.056747536795    0.345499194054    0.2311    0.3131  -0.055   14
53017.203   -0.096185350911    0.401198396105    0.1770    0.3339   0.042   13
53018.226    2.296530429832    0.544600793262    1.1955    0.4146   0.397    9
53025.206   -0.039155149127    0.370699196139    0.3226    0.9388   0.290    3
53031.203    0.362470479779    1.245700796915    0.2884    0.6475   0.304    3
53045.207    0.229540615669   -0.055598405879    0.2833    0.4705  -0.449    9
53046.226    0.163004219015    2.368598399016    0.7257    1.2247  -0.246    5
53047.245   -0.764800884144   -0.006598804703    1.3202    0.8592  -0.675    9
53053.228   -0.580656207681   -0.021099602066    0.6235    0.2907   0.039    8
53054.250   -0.176480497366    0.382499996476    0.8553    0.7193  -0.485   11
53059.203   -0.510006895117    1.523901593714    0.3487    2.9072  -0.789    3
53066.205    0.141298721897    0.001799993754    0.2529    0.2394   0.135    6
53066.585  -16.462296912090    7.332300002361    1.9857    2.3562  -0.262   20
53068.250   -2.424492802709    4.383201590485    0.1154    0.2665  -0.121  150
53073.203   -0.923688800302   -0.029401198276    0.4685    0.2989   0.068    5
53074.237   -0.463191050610    0.592999198545    0.4996    0.7648  -0.121   23
53080.205    0.183007436151   -0.074599206812    0.3643    0.3530   0.057   13
53094.209    0.138888085969   -0.226400402425    0.3436    0.4288  -0.183   12
53101.207    0.466173500102    0.155998797879    0.2687    0.3286   0.153   43
53101.583    7.206805565860    7.013001597045    1.4544    1.7898  -0.224   35
53108.205    0.161870462420   -0.535701607873    0.1699    0.2647  -0.056   36
53109.246   -0.413113381799    0.308300393215    0.2841    0.3862   0.059   29
53115.229   -0.438366658387   -0.228599999730    0.2219    0.4158   0.071   44
53122.205    0.707770585590    0.018500401211    0.4123    0.5250  -0.085   12
53125.576    0.857155693825   -0.390301205755    0.3291    0.6150  -0.147   45
53129.207    0.048943815446    0.350200789967    0.1247    0.2327  -0.076   57
53131.252   -0.038869097190    0.482000397994    0.0886    0.1864   0.014  133
53134.021    1.229128981527   -6.661400404084    0.2098    0.4818   0.021   45
53136.227   -0.192935838261    0.161398791931    0.1156    0.1393  -0.124   50
53137.224    0.384601571084   -0.297000005389    0.3249    0.4315  -0.180   19
53143.207   -0.019860191168    0.390398395211    0.1385    0.2021  -0.130   39
53145.581  -35.300289127589  -92.609899205343    6.1909   14.1725  -0.354    5
53150.205    0.783527125177    0.976499994465    0.3020    0.7297  -0.059    9
53152.747   -4.119509329171  -11.680898398936    0.2520    0.5080  -0.032  135
53158.208   -0.082848808351    0.758199595907    0.5565    1.0453  -0.062    6
53171.203    0.299481862596    0.843699599784    0.2724    0.4663   0.030   26
53172.237    0.121155962510   -0.025700401807    0.8686    1.0417   0.648   11
53178.205    1.170396306221   -2.160601208345    0.9803    1.5008  -0.241    4
53185.207   -3.070125959491   -2.419801204212    0.8203    3.9445  -0.660    9
53193.206   -0.669180766442    0.128599198490    0.3656    0.7755  -0.215   24
53199.225    0.139456706125   -0.045900000600    0.3475    0.3180   0.008   10
53200.230   -1.550030482843   -1.860998408176    1.4434    3.2022  -0.076    7
53201.256   -0.315082628168   -0.039398398144    0.1266    0.3733  -0.251   85
53206.205    0.059018533703   -0.069300008931    0.2190    0.4465  -0.128   28
53207.228   -0.947522365128    8.470598392307    0.6801    4.6089   0.138    7
53213.207   -0.048232266091   -1.011700803133    0.6468    0.6632   0.222   13
53227.225    0.102286598739    0.146599199979    0.2312    0.3346  -0.049   30
53234.205    0.122007150886    0.475498795538    0.1942    0.4368   0.090   27
53235.228    2.749510510112    0.799099193216    0.8168    1.2817   0.378   12
53241.225   -0.344591943404   -0.013798805298    0.3168    0.4098   0.133   33
53243.249   -0.018865976824   -0.010400397343    0.1007    0.2026   0.043  121
53248.205   -0.348139819645    2.938701595667    0.3705    0.8812  -0.079   26
53256.204   -0.517102454059    3.396499197095    0.4536    2.8900  -0.393   11
53262.224   -0.225567338780   -0.821599198275    0.3215    0.4297   0.057   29
53262.582 -120.362428018820  -45.110599198495    5.4898    5.7371  -0.049    9
53264.247   -0.804521169710   -0.504298797921    0.4641    0.2841  -0.095    7
53269.204   -0.535117145737    1.428901195766    0.2329    0.3368   0.022   14
53276.205    0.306999628777   -0.404798409193    0.3564    0.3811   0.247   23
53278.247   -0.431271099445    0.818099994149    0.3649    0.3383   0.063   12
53283.207    0.484048649529    0.563101194473    0.1944    0.3029   0.048   23
53284.226   -1.520378141638    0.610401598067    0.8947    1.3838  -0.113   12
53285.253   -1.093363080841   -3.828398398298    0.1074    0.2914   0.195   79
53290.205   -0.159882130502   -0.321598798791    0.1670    0.3074  -0.038   24
53297.204   -0.149385205005    0.367898390152    0.1554    0.2729  -0.057   41
53304.224    0.466030474134    0.929199590871    0.3210    0.8767  -0.093   22
53305.228   -1.130955395467   -0.207201603075    0.8736    1.0512  -0.008    5
53318.206    0.499370233830    0.975099591471    0.5598    5.6411  -0.753    3
53319.225    1.628909110943    4.442000393112    1.6863    2.2279  -0.274    5
53325.226   -0.213933172971    0.771299990276    0.7160    0.9284  -0.232    8
53326.223   -0.553135321133   -0.017301603350    0.7894    0.9666   0.353    6
53332.206   -0.412544761642    0.115300792913    0.2928    0.3466  -0.078   19
53339.204    0.303594778505   -0.166500004184    0.2603    0.6353   0.146   22
53340.226   -0.879426520921   -3.488000403706    0.8044    1.3771  -0.162    6
53341.249    0.099024871205    0.395798402053    0.0764    0.1738  -0.085  252
53346.228    0.358497009350   -0.436500000944    0.3099    0.6593  -0.017   23
53347.225    1.705659864874   -0.389401202483    1.1190    0.8353   0.132    5
53348.251   -1.306019374479   -0.872200807578    0.4654    0.7605  -0.058    8
53353.204    0.106542637387   -0.087501602763    0.3188    0.5961  -0.057   29
53360.206    0.105408880792    2.476800000295    0.3580    0.9659  -0.081   20
53367.226    0.538525286187    0.477698392842    0.3625    0.5306   0.046   33
53374.206    0.374952447016   -0.077601605142    0.3463    0.3148   0.176   36
53381.207    0.567748646256    0.022399196098    0.1876    0.2821   0.064   34
53389.206    0.372541811088    0.415699193468    0.3044    0.3592   0.087   25
53390.247   -0.631302496648    1.693400402303    0.3416    1.3384  -0.731   19
53395.204   -0.182295886796   -0.392000403338    0.2149    0.3856  -0.051   16
53402.206    0.288555859194    0.053398795785    0.2182    0.3086  -0.076   14
53403.225    1.335389050694    1.794398396271    1.1115    0.8870   0.398    3
53404.247    0.148251254871    0.193298394890    0.4999    0.6843  -0.279   13
53410.227    4.476872581926  -17.574501598006    0.2269    0.9826  -0.755   10
53411.253    0.063557140570    0.222300002406    0.1108    0.2347  -0.120  172
53416.206   -0.277490410311    0.426200399772    0.2501    0.4026  -0.001   19
53430.206    0.068238773405   -0.373600798298    0.1906    0.2831  -0.040   22
53437.204    0.624213614832   -0.161600409854    0.2346    0.3822  -0.053   19
53451.208   -0.200171036223    0.278999991110    0.1297    0.3006  -0.064   21
53458.206    0.511143941890    0.065199596122    0.3107    0.3346   0.121   27
53465.204   -0.371830261733   -0.183099602680    0.5134    0.4893   0.307   14
53466.227   -0.164138169150   -0.071701198578    0.5168    0.4134   0.097   17
53472.206    0.080724127590    1.639501194006    0.2720    0.8031   0.085   15
53479.204    0.053342783293   -0.075898800844    0.3966    0.2735  -0.091   27
53486.206    0.286853482443   -0.749901606412    0.3190    0.4210  -0.130   33
53488.251   -0.614564587533   -0.010000806583    0.2095    0.3583  -0.416   96
53493.204    0.242025969854    0.176900401527    0.1283    0.2068  -0.029   50
53507.204    0.089093082147    0.294699599124    0.3897    0.3076   0.116   27
53514.206   -0.126968061763    0.362998795822    0.2893    0.5229  -0.083   10
53522.205   -0.262308465031    2.948400000946    0.3751    0.9725   0.018   18
53528.206   -0.794306812433   -0.585399607189    0.3540    0.4337   0.141   26
53535.204   -0.362184524612   -0.088700400624    0.2875    0.2022   0.131   32
53542.206    0.069232987750   -0.191199606547    0.3720    0.3596   0.106   25
53543.225   -0.546468743326    2.074600791957    0.6075    2.0976  -0.816    7
53549.208    0.152932887706    0.005101199463    0.1888    0.2784  -0.063   28
53550.223   -1.269417887248    1.497898790603    1.0874    0.7615   0.171    5
53551.250   -0.346294416925    0.022798799648    0.5880    0.5154  -0.223    4
53552.287    0.002127970939   -4.545399602307    0.2627    0.5018  -0.133   45
53563.204    0.178751397503    1.638298802220    0.3173    0.8190  -0.105   23
53564.223    2.264045342229    0.035398794296    0.4280    1.5359  -0.765    7
53570.206    0.484899837905   -0.000601208683    0.1631    0.1747  -0.356   50
53577.204    0.349133840449   -0.510199204484    0.2152    0.2415  -0.336   36
53584.202   -0.020711379543    0.623199591132    0.2287    0.3095  -0.237   33
53591.204   -1.725659695063    0.435599997672    0.5483    0.4756  -0.003   20
53598.210    0.460358110672    0.297799199700    0.2851    0.7449  -0.150   29
53600.248   -1.547616459967    5.747900395647    0.8158    3.7723  -0.774    6
53605.208   -0.384172686719    0.826801193909    0.5301    1.2315   0.081   23
53607.250    0.260040758302    3.427200002193    0.1239    0.2095  -0.051   98
53612.206    0.186980809810   -0.109598397557    0.4000    1.0873   0.092   22
53620.205    1.115919669564   -1.109300401936    0.6905    5.1441  -0.507   10
53626.195    0.091221053086    0.461599194068    0.1554    0.2598   0.156   24
53626.498   -0.074905447982   -0.543398401476    0.2275    0.3227   0.112   19
53627.196   -0.263159653407   -0.600598802691    0.2376    0.4825   0.111   15
53627.499   -0.286567527276   -0.977299201566    0.2647    0.4126   0.042   17
53628.197    0.208260712739    0.297399596150    0.2007    0.2235   0.029   24
53628.500    0.319910577150   -0.186098407085    0.2387    0.3282   0.078   25
53629.198   -0.062988617183   -0.090000007447    0.1564    0.2407   0.044   21
53629.501   -0.022556782263   -0.524700001847    0.1981    0.2401   0.216   22
53630.195   -0.208968971916    0.094201190848    0.1484    0.2302   0.065   20
53630.498   -0.014610034946    0.511401596270    0.1769    0.3246   0.057   25
53631.196    0.291109424321    0.704998798540    0.1328    0.2257   0.087   21
53631.499    0.284299917316    0.550299594693    0.2236    0.3536   0.090   20
53632.196    0.152507293519    0.384001195641    0.1911    0.2016   0.202   24
53632.500    0.571578993946    0.160099197899    0.2914    0.2572   0.099   18
53633.197   -0.350975952991    0.220100392312    0.2037    0.2713   0.084   23
53633.500   -0.406021209805    0.645699596191    0.2437    0.3700   0.060   22
53634.205    0.604775727674   -0.342601198611    0.3361    0.5444   0.557   19
53634.501    0.192087940063    0.202100390823    0.2388    0.4277   0.228   25
53635.195    0.219608923381    0.860900394173    0.1594    0.2510   0.215   33
53635.498   -0.052774259906    0.690699593520    0.2657    0.3091   0.311   28
53636.196   -0.053339493115   -0.464799603606    0.1820    0.2669   0.266   26
53636.499   -0.285576796649   -0.742201206094    0.2535    0.3544   0.195   25
53637.197    0.251389138755    0.814899597401    0.1526    0.3135   0.107   25
53637.500    0.019294861189    0.415101591500    0.2027    0.3812   0.050   25
53638.197   -0.186412286423    0.255700791740    0.1693    0.2876   0.138   31
53638.497   -0.163004315785    0.300700801859    0.1994    0.3534   0.153   23
53639.198   -0.155908756843   -0.687398400601    0.2143    0.2621   0.145   16
53639.501   -0.270537780568   -0.289900800965    0.2058    0.3842   0.056   19
53640.199    0.083277692717    0.492299999166    0.2431    0.3316   0.145   19
53642.248    0.859569716701   -1.229799609348    0.1449    0.3021  -0.079   78
53647.208    0.177900209128   -1.881899999034    1.2719    1.9518   0.667   13
53654.206   -0.014610034946    0.227300392908    0.3725    0.2389   0.230   12
53655.225    1.051797295785   -0.452901601022    0.4305    0.2333  -0.015    8
53661.204   -0.797428997716    3.074198393449    0.8744    1.6442   0.552    6
53668.206    1.568048561469    1.606100391882    1.2555    2.2189   0.702    4
53675.205    0.031068666019   -1.882900798478    0.3330    0.7905  -0.300   14
53682.203    0.403610477107    1.129798795318    2.3977    3.2299   0.849    7
53683.225    1.294957119004    0.941000391208    0.7629    0.6810  -0.372    6
53684.248    0.194072981804    0.622299600650    0.6430    0.6450   0.113    4
53689.216   -0.486316356259    0.324698399368    0.5713    1.3377   0.277    6
53690.227    1.797728816158   -3.499599598911    4.3337    6.9994  -0.446    3
53703.205    0.590305331749   -0.247798799080    0.9222    1.0976  -0.465   11
53704.242    0.763667030779    0.602899196167    0.4680    0.4920   0.280   12
53710.203    1.034773334734   -1.284001206159    0.4055    0.6408  -0.205   13
53711.225   -0.510149824315   -1.009598408075    0.1937    0.2373   0.009   26
53712.248   -0.743377955246   -0.206301599803    0.9903    2.4159  -0.543    3
53717.205    0.205707147613   -0.441601200407    0.3462    0.4659  -0.034   27
53718.224    0.118316345447    0.561898802687    1.7977    6.7750  -0.664    6
53719.250    0.309696219873    0.626500796841    0.1125    0.1992  -0.237  160
53725.226  -32.449772091479    0.277099201185   19.4736    0.9391   0.671    3
53739.207   -0.356934368390   -0.094600807188    0.2882    0.2738   0.162   16
53745.205    0.228406859074    0.157201202455    0.2222    0.2066   0.019   16
53753.204   -0.033904896135    0.431899201203    0.2413    0.5154   0.299   22
53759.201   -0.281885991210    0.181900792029    0.3147    0.2997   0.226   12
53766.207    0.324306158048    0.004100400020    0.1792    0.2004  -0.032   20
53767.226   -0.151370149976    0.066700795287    0.5607    0.6539  -0.007   11
53768.252    0.116188374508    0.450399602414    0.0880    0.3619   0.061  127
53773.205    0.230674469034    0.300999596448    0.1526    0.1920  -0.114   32
53774.227    0.135200764248   -4.157301600571    0.9621    1.0050  -0.011   18
53775.247    0.009223529881    1.488999592425    0.6306    0.8223  -0.269    3
53780.207    0.262168729241    0.386600396496    1.8815    0.4472  -0.694    3
53787.205   -0.022270730326    0.862200000995    0.2265    0.2721  -0.315   29
53794.229    0.216064530858   -0.019900804205    0.1913    0.3003  -0.228   21
53801.205   -0.116471039497   -0.251899199100    0.1770    0.2255   0.071   35
53808.203    0.387012207013    1.223301600817    0.2077    0.3879   0.033   16
53815.205    0.085262734457    0.242099997649    0.2958    0.3909   0.177   10
53824.248   -0.103985685312    3.861601202004    0.4756    1.8844  -0.678    8
53829.205   -0.041422759087   -0.600998406242    0.2653    0.2855  -0.188   34
53836.207   -0.840697062752    1.316901595771    0.8767    1.4489   0.721    4
53844.206   -0.808920137556    1.698400792804    0.5702    0.6317  -0.226   11
53850.203    0.049512435603    1.727099999016    0.3981    0.5535   0.048    4
53852.249    0.592858896876   -4.474598407000    0.8362    5.6485  -0.830    3
53858.202   -0.173075743863   -0.285901209907    0.2655    0.4420   0.000   18
53864.207   -0.283162773773    0.115401601875    0.2421    0.3764  -0.033   21
53871.205    0.655990540028    0.939700797176    0.3226    0.6013   0.029   24
53878.207   -0.157185539406   -0.102600002094    0.1788    0.2407   0.008   38
53879.226    0.002270996908    2.217801596771    0.3398    0.4848  -0.226   23
53886.206    0.179176991691   -0.118699200868    0.1559    0.2834  -0.054   37
53893.204   -1.846529799176   -0.068698800249    0.7348    0.8352   0.118   23
53906.203   -0.516676859871    0.834800401606    0.6385    0.8821   0.052    9
53913.205    0.564343795984    0.978800400731    0.4303    0.6194   0.417    8
53914.224    2.159062055625   -2.156101204775    0.5114    0.4689   0.118   27
53922.205    0.116331400476    0.898199991184    0.2444    0.5203   0.145   39
53927.205    0.388714583764   -0.224999999432    0.3838    0.3349  -0.140   33
53928.228    0.025961438995    0.990201597517    0.2403    0.3667  -0.007  119
53934.207   -0.241028465332   -0.299001604276    0.2530    0.3653  -0.087   34
53941.205    0.548031481057    0.254498399954    0.3005    0.3135  -0.118   13
53948.203   -0.397366203310   -0.190101604858    0.3682    0.4176  -0.029   13
53949.226   -1.109818421736    0.119098791629    0.4247    0.4952  -0.127   34
53955.205    0.191519319907    0.145699196707    0.2729    0.3548  -0.114   21
53964.209    0.064833923133   -0.202899597923    0.2423    0.3850  -0.391   40
53969.238   -0.259754803135   -0.422701208436    0.2913    0.7833   0.071   25
53976.207    0.566897361111   -0.172101603368    0.2191    0.2896  -0.054   33
53978.249    0.064976949102    0.035200795878    0.1379    0.2620  -0.436  144
53982.993    6.333620028557   -2.000498403731    0.7805    2.3721   0.340   14
53984.210   -0.516108239715    0.679701594208    0.2828    0.4180  -0.005   25
53990.207    0.470855132938   -1.003298397961    0.2620    0.6380   0.087   29
53991.230   -0.157754159563    0.447199192877    0.2119    0.3549   0.128   56
53992.249    0.572716234259   -1.588100403183    0.1857    0.2372  -0.164   67
53997.205   -0.744372169590    0.593200790888    0.3463    0.4859  -0.335   17
54004.207    0.013619110779    0.209901600101    0.2206    0.3156  -0.026   34
54011.205    0.059869818848    0.168901193831    0.2835    0.4186   0.195   32
54013.251   15.385109990873  -47.780200800673    0.7465    2.4817  -0.932    3
54018.218    0.239046810539    0.396899997668    0.2934    0.5112   0.012   29
54019.230   -0.464467833173    0.060300001792    0.2825    0.4019   0.074   43
54025.209    0.089801244554    0.415501195050    0.3183    0.3804  -0.023    7
54039.209   -0.070223815146    0.301298391037    0.2330    0.3934  -0.277   28
54046.207   -0.172367484686   -0.152798401132    0.1782    0.3139  -0.060   31
54047.226   -1.520521167606   -1.008399597424    0.6342    0.8402  -0.254    3
54048.249   -0.167399896683    0.008200800039    0.0649    0.1234  -0.215  260
54053.205    0.156480667177   -0.912301197786    0.2782    0.3420  -0.012   28
54055.251   -1.865964299386    2.147900391947    1.3303    4.4937  -0.832    3
54060.207   -0.029366386038   -0.146700008941    0.4088    0.2841  -0.039   39
54067.209    0.190668131531    0.226400402425    0.2539    0.3347   0.129   33
54068.224   -0.911206833065   -0.826498805395    0.4587    0.5025   0.346    6
54069.244    1.638415305813   -0.030801601270    0.8252    0.5018  -0.867    4
54074.207    0.091503718076   -0.194601608428    0.2342    0.2938  -0.015   13
54075.226  -13.639161220277   -2.692699209206    0.6282    0.4990   0.227   18
54076.249   -0.088524558761    0.015400800635    0.1849    0.2777   0.689  154
54081.205    0.582079403160   -0.297601201282    0.3467    0.4574  -0.151   13
54087.561    1.316802255142   -8.792499605192    0.3869    0.5522   0.147   36
54088.207    0.196343978711    0.026200801528    0.2121    0.2836  -0.127   24
54097.207    0.404179097263    0.261298797000    0.2617    0.2351   0.271   14
54110.206   -0.544340772387    0.426398398190    0.1910    0.2990  -0.467   20
54112.274   -0.415949515145   -0.821001609097    0.4624    0.8676   0.092   28
54116.207    1.326451475981   -0.047599198183    0.2905    0.1750   0.006   48
54123.209    0.019577526178   -0.583099200924    0.1341    0.3079  -0.109   36
54125.251    0.143569718805   -0.638100004835    0.1346    0.3028  -0.558  109
54130.207    0.369845219992    0.317001592975    0.3934    0.3042   0.246   17
54137.209   -0.177331685741    0.014601593534    0.1458    0.3108   0.327   20
54139.244   -0.320615449379    0.578401198936    1.1317    0.8649  -0.536    4
54144.207   -0.808777111588    0.758098799736    0.3178    0.3323  -0.116   22
54145.226    0.913195164983    0.660301202515    0.2591    0.2831  -0.368   10
54150.994    0.225567242010    4.369399191262    0.7025    2.4625  -0.024   21
54152.206    0.027806841715    0.071301595028    0.1371    0.1302   0.051   41
54153.251    4.502125858515   -2.130998404937    0.2185    0.1647   0.064   18
54158.207    0.246707602689    0.653500792680    0.1475    0.3272  -0.175   42
54165.206   -0.041283120066    0.135500391707    0.2213    0.2331  -0.298   17
54172.208   -1.033779217160    0.289101593864    0.4535    0.2488  -0.107   17
54179.206   -0.298770313241    0.252698393410    0.2979    0.4797  -0.347    9
54186.208    0.009931692288    0.270900000032    0.1491    0.3254   0.033   28
54193.209   -0.256493075601    0.735699590848    0.1276    0.2876   0.114   41
54201.208    0.271674924111    0.054899994950    0.1934    0.2425   0.155   26
54208.207   -0.229962919679    0.350200789967    0.2373    0.2089   0.025   24
54214.208    0.146405948921    0.133898396371    0.1980    0.4605   0.099   40
54216.249   -0.319338666816    3.841898396217    0.4623    3.8171  -0.679    4
54223.207    0.127253920160    0.353498401751    0.2682    0.3067  -0.003   34
54228.208    0.049938029790    0.292798796409    0.2679    0.2751   0.140   19
54235.206   -0.111220883275   -0.018298808868    0.1650    0.1764   0.012   33
54236.225    0.384884139304   -0.551300406926    0.4966    0.4873  -0.487    4
54242.208    0.186412189653   -0.247899608041    0.1982    0.2424   0.007   12
54243.227    2.923437345581   -3.571999208418    1.7054    7.0710  -0.526    7
54250.207   -0.107533464783    0.243100797093    0.1713    0.1808  -0.067   47
54256.208    0.011351500820    0.057801597109    0.1545    0.1601  -0.064   34
54263.206    0.196769572899   -0.208299604765    0.2657    0.2183  -0.366   31
54270.208    0.092780500639   -0.103701597709    0.1735    0.2053  -0.058   50
54277.206   -0.025818606567   -0.293698799680    0.2147    0.2290  -0.118   35
54278.229   -0.002693204147   -0.593999997989    0.1355    0.3056   0.001  110
54279.251   -9.490707809079    2.859501601904    0.4817    0.6293  -0.281   10
54284.208    0.332252905366    0.091101590272    0.4314    0.2996   0.371    6
54291.206    0.338350959786    0.304801201878    0.1786    0.1621   0.065   33
54292.229    0.105834474980    0.612698397617    0.1438    0.2976  -0.055  120
54298.208    0.720681533962    0.723200392372    0.4563    0.6533   0.001   14
54305.206    0.176197832376    0.673599595302    0.2296    0.2264   0.080   50
54312.208    0.324306158048    0.042598794892    0.2198    0.2002  -0.014   44
54313.227   -2.230419724135   -1.534100398715    0.5741    0.8172   0.411    5
54314.250   -0.457375661179   -0.290199608344    0.3050    0.6304   0.111   52
54319.206   -0.195349861137   -0.051501599785    0.2008    0.2352   0.170   23
54326.208    0.208829332896    0.107701201557    3.0995    0.6497   0.862    5
54333.206    0.034473419521   -0.340801204857    0.2224    0.3113   0.136   18
54340.208    0.443334149620    0.046598398740    0.2606    0.4918   0.612   16
54348.207    0.322464142277   -0.725299206294    0.3570    0.2529  -0.143   20
54354.208    1.362484343054    1.975201199400    0.4110    0.7670   0.612   10
54355.227    0.863257135193    0.524800798019    0.3609    0.3539  -0.003   97
54356.250    0.030503432810   -1.318899600733    0.2244    0.4778   0.171   12
54361.206    0.322178187109    1.939798798389    0.3767    0.6828   0.213    6
54375.210    0.105974017231    0.607399199737    0.1963    0.2739   0.133   13
54383.209    0.039866601712   -0.012499198476    0.1709    0.1911  -0.051   26
54384.228    0.053625351512    0.507499194669    0.2234    0.3051   0.022   79
54390.207   -0.041565688285    0.040201199170    0.1236    0.3748   0.105   39
54396.208    0.265999173701    0.131101197098    0.1317    0.1918  -0.100   37
54398.250    1.136065815899    1.360598392353    0.6212    0.6102   0.672    4
54403.206   -0.209108610937   -0.204501606049    0.5393    0.6571   0.644    4
54410.208    0.343032495851    0.074599194022    0.2356    0.1929   0.271   10
54411.227   -0.643079688425    1.029099595939    1.0174    0.5587  -0.699    5
54412.246   -1.077329947185    0.781599591448    1.1703    0.7914  -0.877    5
54417.206    0.713871930188    0.308901601898    0.2039    0.2628  -0.119    6
54418.225    0.060860549474    0.447699592598    1.1917    0.9618  -0.894   11
54419.248    0.428295230308    5.054500792312    0.3783    0.3618  -0.623   17
54424.208    0.414393454540    0.412498796720    0.3108    0.2753  -0.063   11
54431.206    0.726496923393    0.756399602153    0.3218    0.2150   0.078   20
54432.225    0.251671803744    0.791099998310    0.2627    0.3269   0.025   41
54438.208    0.094343238369    0.586799997393    0.3532    0.2423   0.176   12
54440.250   -0.018440382636    0.524001590918    0.1368    0.2798  -0.034  137
54445.206   -0.058732675305    0.144601195018    0.1661    0.2439  -0.059   21
54447.248   -1.026544115967    2.038798800186    0.1812    0.5159  -0.114   26
54447.584   -5.233726718753    4.326699600199    5.2330    9.0895  -0.962    4
54461.208    0.238195622163   -0.597999601837    0.3437    0.5073   0.387    7
54468.206    0.180453774254   -1.254301200504    0.2728    0.4771   0.319    7
54473.206    0.180171206035    0.313801196228    0.3699    0.3467  -0.038   10
54480.208    0.343175521820   -0.087299997631    0.2584    0.3188  -0.111   12
54488.207   -0.029791980225   -0.034099200263    0.2621    0.2797   0.185   13
54489.248   -0.096185350911   -0.106898400531    0.0839    0.1897  -0.078  192
54494.208    0.199605706245    0.118501202451    0.1986    0.2531   0.212   30
54501.206    0.377649038111   -0.253800001815    0.2123    0.3639  -0.182   59
54502.225    1.388302852851    2.068700398183    0.2601    0.2130  -0.015   26
54508.208    0.162578624827    0.057301197387    0.5451    0.5149   0.691    9
54509.227   -1.556414492430   -2.542201201550    0.3054    0.4596  -0.069    5
54510.250    0.750616443386    1.602100800824    0.2517    0.4336  -0.173    6
54516.207   -1.103434412149   -0.604400408122    0.2317    0.2710   0.430   15
54517.248    0.215352884733    0.152899197303    0.2082    0.5262  -0.208   25
54529.207   -0.095899298974    0.245998792536    0.0972    0.2125  -0.021   52
54537.205   -0.353672544086   -0.347299200598    0.3556    0.2872   0.475   41
54543.207    0.111932432630    0.336599995876    0.1160    0.2935  -0.004   24
54551.209   -0.096324989932   -0.079300802724    0.2030    0.2450  -0.053   13
54557.207   -0.062563022996    0.491698790483    0.1799    0.2726   0.234   17
54558.226    0.029366289268   -0.154000805708    0.7187    1.0716   0.817   13
54564.208    0.276639125166    0.386099996774    0.1099    0.2153   0.012   48
54571.207   -0.017023961052    1.098298795910    0.1185    0.2786   0.094   36
54579.209    0.459081328108    0.368398802664    0.4333    0.3823   0.266    8
54592.208    0.246707602689   -0.832298402997    0.5788    0.5599   0.772    5
54599.207    0.404604691451    0.224899190471    0.2396    0.1891  -0.160   32
54606.209    0.034759471458    0.043898401714    0.4447    0.7955   0.003   20
54612.995    1.208843196171   -1.267498809909    1.0254    1.6605   0.103   23
54614.207   -0.988240155216    0.214401590881    0.3672    0.6598   0.190   15
54620.209    0.366440466490    0.288500397971    0.1327    0.2613   0.017   34
54627.207    0.986112087507    0.830800797758    0.3266    1.2350   0.643   13
54634.209   -0.123563308261    0.531298793760    0.1922    0.2010   0.090   38
54641.207    0.678121631333   -0.210099598519    0.3284    0.3538  -0.101   20
54642.226   -1.902565786616    0.609199193491    1.0705    0.8070   0.006   14
54648.209   -0.117604892862    0.114400802431    0.2082    0.2794   0.037   23
54655.207    0.156194712010    0.344998794333    0.2192    0.2768  -0.115   34
54657.249   -0.245284503980    0.816001193016    0.1873    0.3376   0.164   44
54662.209    0.610594504052    0.810799197382    0.1480    0.2732  -0.053   64
54669.207    0.252240423901   -0.395200800085    0.1735    0.2239  -0.110   71
54671.581   -1.067541184096  -10.837800007835    0.6310    1.0446  -0.198   39
54676.209   -0.226701192145   -0.110700005962    0.3898    0.2831   0.060   35
54677.224    3.134959882624    3.679898395603    0.4600    1.1285   0.209   14
54683.207   -0.016455437665   -0.388699197629    0.1820    0.2631  -0.001   72
54690.497    0.111367199421    0.462599993512    0.2661    0.2659   0.111  110
54691.502    0.032345448582   -0.403200007781    0.2123    0.4817  -0.735  116
54692.499    0.049086841415    0.279399594660    0.1296    0.2378  -0.040  102
54693.500   -0.124557425835    0.471200397101    0.1458    0.2707  -0.059   58
54694.500   -0.562355464065   -1.085198401540    0.1506    0.3510  -0.094   82
54695.501    0.411839889413    0.027100792011    0.1725    0.3885  -0.109   60
54696.502   -0.171090702123   -0.108899999418    0.1885    0.4192  -0.152   72
54697.499   -0.189956678946    0.200001602479    0.1491    0.2879  -0.164   84
54698.500    0.008511883756   -0.429901209031    0.1847    0.3182   0.150   55
54699.501    0.208543280959   -0.197100000321    0.1216    0.2354  -0.255  107
54700.501    0.089518676335    0.093898802334    0.1247    0.2372  -0.006   91
54701.499   -0.238192331986   -0.051501599785    0.1243    0.2101  -0.124   75
54702.499   -0.103985685312    0.299498397283    0.1191    0.2497  -0.251  110
54703.500    0.036887442397    0.370198796418    0.1264    0.2715  -0.220  120
54704.501   -0.031208305040    0.211798796101    0.1178    0.2366  -0.084  103
54706.579   19.136762431970    3.376699201851    5.9462    4.8456   0.224   11
54710.999    3.154537408803   -1.494500408228    0.7190    1.8947   0.094   25
54712.208   -0.401622241958    0.300700801859    0.3061    0.3144   0.000   40
54713.249    0.340764885892    0.015998402603    0.1089    0.3326   0.277  305
54718.209    0.396092710925   -0.361598405618    0.1828    0.2607  -0.282   20
54719.239    0.380628197426    0.793900791507    0.2712    0.4330   0.075   47
54720.251   -1.974209313524   -0.178999202660    0.4718    0.5149   0.112   14
54725.207   -0.033196733728    0.685000792089    0.4487    0.3705   0.341   17
54732.209    0.187123739008   -1.253300401061    0.1707    0.4088   0.004   39
54733.224    1.000868438599   -0.464900399777    0.2719    0.4012  -0.122   40
54739.207   -0.118599107206    0.523101600436    0.4548    0.3042  -0.153   43
54746.209   -0.212656390408   -0.927298800946    0.5102    0.5639   0.324   11
54747.228    0.885245200530   -1.193500798990    0.7155    2.8551  -0.216   25
54754.208    0.000000000000   -0.343598404129    0.3168    0.4400  -0.033   16
54760.209    0.073771497847   -0.688899599766    0.1954    0.3922  -0.600   75
54776.247    0.653579904100   -0.141998400238    3.3512    2.5105  -0.985    4
54777.270    0.885388226498   -2.736899999434    0.5928    0.7598  -0.230    4
54782.226    0.259332595895    2.592799191348    0.3261    0.8811   0.181   12
54783.249   -1.066975950887    2.115298796923    0.8001    0.8128  -0.319   10
54784.268    0.232945465941   -0.878400008730    0.5028    0.5037  -0.447   13
54790.251    1.677995952358   -0.222400798577    0.4358    0.4577  -0.473   12
54791.273   -0.141864051876    0.764398797060    0.8232    1.1994   0.521    4
54796.270    1.031368581231    0.823298395858    0.4623    0.7221   0.655   10
54797.998   11.362494175021   24.747299991645    3.3239    4.5226   0.848   16
54805.270   -1.073216934506   -0.926798401224    0.6290    0.9070   0.710    7
54812.272   -0.067527224051   -1.459699203110    1.2361    2.7199   0.850    3
54817.228   -0.494828336785    1.363798801890    0.4415    0.8423   0.060   16
54818.251    0.053768377481    0.979801200174    0.1383    0.3902  -0.349  412
54819.270    0.455250980418    1.206601193360    0.5558    1.3677   0.497   11
54823.207    0.082426504341   -0.261698400550    0.1724    0.6677   0.099   16
54837.207   -0.027663912517    0.241801190271    0.1196    0.3242  -0.185   58
54840.268   -0.383464427542    0.179200795003    0.2812    0.4034  -0.117   20
54844.205    0.505185623260    0.318599994387    0.2877    0.5877   0.038   87
54847.266   -0.955751680665   -1.120100402829    0.9341    1.3386  -0.578    8
54850.999   -1.950518871436    4.393000791936    0.5525    1.5311  -0.768   32
54853.249    0.049938029790    0.645699596191    0.1031    0.2548  -0.211  178
54854.272    0.525614337815    0.385498800881    0.9270    1.3997   0.759    3
54861.270    0.093492049994    0.158601592659    0.2891    0.3801  -0.299   24
54866.226    1.485764986326   -0.759398406558    0.4542    0.4662  -0.060   18
54867.245   -0.334946206283   -0.103500005366    0.6752    0.5420  -0.518   17
54868.272   -0.251385848577    1.449298792977    0.2991    0.5132   0.021   19
54873.225    0.067104920041   -0.265798800569    0.5910    0.6657  -0.302   12
54874.247    0.068664367593    0.376300795324    0.4171    0.5193  -0.308   14
54875.270    0.788351687212   -0.419000399177    0.3659    0.5618  -0.322   22
54881.249   -0.150518961600   -2.033899205856    0.7624    1.1738  -0.533   20
54882.272    0.814456248945    0.385099197331    0.3205    0.3596  -0.215   17
54886.187    0.407158256577   -4.356900005575    0.4890    2.3102   0.056    8
54887.206    0.158608638116    1.594400400506    0.1909    0.7596  -0.128   28
54889.270    0.300898187410    0.228099600008    0.6773    3.8188  -0.630    7
54896.268   -0.535828791862   -0.530701204582    0.5412    0.7862   0.648   12
54901.206   -0.137751039196    0.462398401169    0.1443    0.2194   0.154  103
54903.270    0.305579820246   -0.179701207514    0.2501    0.2871  -0.183   15
54914.209   -0.596120817950   -1.019498405697    0.8106    0.5662  -0.036    9
54915.999   -0.138884795791   -0.903200407265    1.1379    4.1940  -0.561    9
54917.270   -0.901132018039   -1.859400006765    0.5963    0.8392   0.341    8
54924.268    0.731747079615    0.518698799112    1.1431    1.4854   0.832    4
54928.206    0.101861004551   -0.782301609092    0.3173    0.2799  -0.041   46
54929.228    0.520081516603    0.131101197098    0.4717    0.6999   0.104   22
54930.269   -0.657407058382    0.056599192533    0.4085    0.6285  -0.250   11
54937.249   -0.550299187786   -0.000900003272    0.6024    0.4932  -0.339    9
54938.272   -0.295079507801   -0.537501601627    0.2757    0.3957  -0.202   18
54945.270   -0.098878555059   -0.256298406498    0.5975    0.5073  -0.138    9
54949.207   -0.351401547179    0.231001202167    0.3852    0.2787  -0.178   22
54951.267    0.283591658139    0.779198401801    0.8139    1.0553   0.629    9
54958.269   -1.078749755717    2.826201595951    0.6505    3.3048   0.408    4
54966.268    1.173375562306   -0.703000806368    0.4383    0.4846  -0.102   12
54973.270    0.454964928481    0.711000001274    0.5911    0.5368  -0.332    9
54976.999    6.634518312737   15.114301196206    1.3443    7.8978  -0.473    6
54980.268   -0.011065642423    0.230299197312    0.4845    0.6087   0.400    9
54993.271    0.077458916338    0.071701198578    0.2996    0.3635  -0.295   18
55001.270    0.335657755638    1.501999190623    0.7656    1.4346   0.487    3
55005.208   -0.042985496817    0.322498802063    0.3512    0.2269  -0.301   49
55006.227   -0.607329389571   -3.861698404251    0.7347    1.3264  -0.006   12
55008.268   -0.153215552696   -0.141901197992    0.4792    0.6475  -0.230    9
55014.269    0.403610477107   -0.444600004812    0.4778    0.5867   0.159    9
55022.268   -4.188881955941   -4.225600797270    1.4133    1.4814   0.824    3
55029.270    2.483085742224   11.335500001053    0.9616    3.9276   0.084    8
55034.208   -0.321327095504   -0.143999999125    0.2277    0.2872  -0.113   28
55036.268   -0.300472689992   -0.583700409607    0.4130    0.4788  -0.215   15
55043.270    1.031651149451   -0.726901201631    0.5057    0.5128  -0.356   17
55050.269    0.133637929747   -0.045298804707    0.2947    0.3749  -0.202   14
55054.206   -0.774729286254    0.388198797907    0.3458    0.4126  -0.155   31
55057.270    1.865685021345    8.218101591240    0.6026    2.1709   0.389    8
55063.582   46.831037677847  -90.734799603354    3.2271    9.4958  -0.735    5
55064.269   -0.769056922792   -0.209700007758    0.4841    0.6188   0.306   15
55069.225    1.738856598602    1.873198799274    0.8108    2.2982   0.435   10
55071.292   -1.730484353867    0.193600796194    1.2237    0.9792   0.077    4
55078.269   -0.784943643531   -0.477799201803    0.5026    0.7323  -0.217   18
55082.001   -4.666689621852   -6.634000804695    1.7172    6.4914   0.801   12
55085.270    7.462021762127    7.839100798890    3.1770    3.1370   0.978    3
55089.208   -0.480926561016    0.555199201813    0.2233    0.2807  -0.092   31
55096.206   -0.840983017919   -1.002099600100    0.3626    0.5414   0.013   16
55099.270    0.140590559490   -0.168001203349    0.4541    0.6537   0.250   11
55106.269   -0.094908568348    1.205099994195    0.5159    0.7908  -0.064   19
55113.270   -0.921986423551   -0.056001603355    0.5510    1.2274   0.254   11
55119.250   -0.167685948620    0.020901590858    0.3181    0.4056   0.164  131
55120.269    0.437801425178    0.309398394904    0.4153    1.1708   0.188   11
55124.210    0.774450008213    0.765601201635    1.1783    1.1013   0.509    4
55125.229    5.796797119121   -3.040200002147    1.8723    2.3532  -0.584    7
55127.274    1.747225553159    0.563198396719    0.9226    1.2952   0.569   10
55134.269    0.130658770433    0.374900392330    1.3921    1.7897   0.762    9
55141.271    0.006244370566   -0.857498405082    0.9529    1.3729   0.884    6
55146.227    2.618994668878   -7.843201198909    0.9129    1.8671  -0.105    8
55147.250  -15.564995241741    8.918301591621    3.5569    2.4074  -0.929    4
55148.269    0.967954369860    1.529200791595    0.7021    1.0331   0.397   18
55153.229   -0.325014417225    1.151499593277    1.2434    2.6119   0.541    8
55154.248    0.001702376751    0.388299594078    0.0801    0.1738   0.084  201
55155.271    0.090087296491   -0.879400808174    0.5281    2.2366   0.345    8
55159.208   -0.031776925196   -1.555498808159    0.2434    1.3110   0.283   26
55160.271   -0.225141744593   -1.572699602548    1.0894    2.4644  -0.235   27
55168.252   -0.228260542928   -0.458600402453    0.0895    0.2778  -0.104  273
55169.271   -0.050785927988    0.150501601581    0.4009    1.5602   0.336    7
55176.269   -0.076747366983   -2.257401600048    0.4020    1.4931   0.282   11
55181.229   -1.083574317751   -2.156698806743    0.3913    0.6597   0.043   25
55183.271   -0.071926191897   -0.694501198950    0.3890    0.7945   0.475   26
55188.271    1.001433671807    0.002098801133    0.3520    0.4929   0.074   21
55194.206   -0.009928402110   -1.099900804036    0.1734    0.8698   0.105   31
55195.273   -0.777568806548   -0.079300802724    0.3433    0.9010   0.106   13
55201.208   -0.031208305040   -0.170701200375    0.1371    0.4420   0.102   47
55204.273    0.021991452285   -0.245401203358    0.3502    0.4189   0.540   11
55211.271    0.207978144520   -0.685000804879    0.4427    0.6893   0.640   11
55218.269   -0.103420548874   -1.124398801267    0.3301    0.8087   0.433   15
55222.206    0.548171023308   -0.389901602205    0.3762    1.4875  -0.640   13
55225.271    0.346723301291   -0.223599609228    0.3322    0.3949  -0.210   24
55232.269   -0.935179940142  -12.531999604448    0.8591    3.6875  -0.145    7
55237.229    4.324794269543   -2.823098401450    0.9887    0.6317  -0.813   10
55238.248    1.386317907881   -0.528699605695    2.0692    1.2603  -0.846    6
55239.271   -0.063553850392   -0.406699199118    0.3604    0.5651  -0.305   13
55246.269    0.087673273615   -0.127699208008    0.2154    0.3725   0.366   21
55250.206   -0.902694852539    0.933501596023    0.2823    0.4180  -0.043   13
55253.271   -0.067670250019   -0.579801601930    0.4113    0.6374   0.284   15
55267.271    0.230248874846   -0.426600003323    0.2805    1.1548  -0.297   15
55278.206   -0.785512263688   -0.412099205960    0.2210    0.2635  -0.027   12
55281.271    0.152507293519   -0.018399605040    0.2260    0.3726  -0.116   32
55287.272    0.148676945828    0.902800790925    0.2918    0.6111   0.002   20
55295.271    0.265008346304    0.428299200905    0.3602    0.4615  -0.253   18
55299.208   -0.698264487490    1.998698397188    0.5625    1.5183  -0.274    8
55300.227    5.404252090898    0.765698391092    3.6417    1.8971   0.750    8
55302.269   -0.782390078404   -0.937900803422    0.5193    0.6913   0.785    6
55306.206   -0.101292577935    0.042598794892    0.2744    0.3032   0.019   28
55309.271    0.228689427294    0.094100394676    0.2456    0.3585  -0.073   35
55316.269    0.373961619619   -0.362998808612    0.4453    0.8918   0.198   17
55323.271    0.156480667177    0.315899997361    0.8178    1.4367   0.769    4
55330.269    0.362753047998   -0.412700401853    0.2942    0.5496  -0.485   21
55334.207    0.511143941890    0.550799994414    0.2320    0.2954   0.033   17
55335.229    1.254950878271    0.651200399204    0.6790    0.5822   0.019    9
55337.271    0.511569536077    1.138298402736    0.3274    1.1749  -0.070   34
55342.209   -0.131367029610    0.025200002085    0.3188    0.5177   0.081   19
55344.269   -0.017732220229   -0.401101206648    0.2724    0.2922  -0.315   15
55351.271    0.041426049264   -0.359200809896    0.3389    0.4302  -0.285   19
55358.269   -2.892794370520    5.502700797422    0.6057    2.0620  -0.709    6
55365.271   -0.346862940311   -0.187801198592    0.3394    0.5240  -0.016   17
55372.269   -0.124983020023   -0.462099606580    0.5216    0.6469   0.209   18
55379.271   -0.683651162366   -0.796399208980    2.5769    2.3910   0.909    4
55397.209    1.012073623272    0.186501591770    0.6566    1.8250  -0.426   20
55398.228   -0.637403841246   -1.716098405780    0.8939    2.9034   0.683   10
55400.269    0.997463685096    3.138800400393    0.6547    0.9245   0.239   10
55404.207   -0.257344263976    0.162500400336    0.2781    0.2260  -0.065   38
55407.271   -0.152504003341    0.291898793137    0.5783    0.7645   0.496   23
55421.271   -0.020568353575   -0.515700007497    0.2990    0.6339   0.030   21
55425.209   -0.202585059099    0.405201593878    0.2571    0.3268   0.321   63
55434.581  570.326787947263 -185.595199202737    7.3115    4.3077   0.043    7
55439.209    0.294939868781   -0.520999205378    0.2440    0.4319   0.106   31
55442.269   -0.430705963007   -0.498499200319    0.3755    0.3901  -0.404   15
55454.228    0.206132741800    0.118900793211    0.1090    0.2154   0.047  154
55460.207   -0.371830261733   -0.050698798759    0.2300    0.4374   0.071   25
55461.230   -0.235495740890    3.004898397307    1.1878    6.2302   0.196    4
55463.271    0.032205906332   -0.397598408597    0.6926    0.6997   0.036    4
55467.209   -0.706919493984   -0.115200009532    0.2836    0.3617   0.048   33
55470.269   -0.763949695769   -9.039301198754    2.2860   12.4559  -0.507    5
55474.207    0.056464968576    0.006199201152    0.3444    0.4092   0.087   14
55484.270   -0.995475353178    0.243201593264    0.4160    0.5033  -0.370   14
55505.271    0.422479840878    0.197999990803    0.4378    0.3201  -0.646   17
55509.209    0.747351232135   -0.599500801002    0.2318    0.3029  -0.021   61
55517.230   -2.441234098772   -4.869500399707    3.5135    4.9487  -0.381   15
55518.249   -0.067101629863   -0.308001598626    0.1387    0.2649  -0.248  286
55523.209    0.350979243169    0.130701593548    0.2734    0.3998   0.254   52
55537.209   -0.073628665418   -0.498999600040    0.1082    0.2041   0.082   93
55540.270   -0.960007719313    0.628700394145    3.6139    2.0168  -0.975    5
55546.249   -0.224290556217    0.307101595354    0.3810    0.9306   0.199   67
55547.271    0.162153030639    0.428900396798    0.3367    0.4459  -0.122   25
55560.271    0.649323962222   -0.338799605970    0.4046    0.6872  -0.070   35
55565.209   -0.006809603775    0.071301595028    0.1427    0.2476   0.295   58
55574.581  -33.293734268713   47.912500795633    6.1391    9.4876  -0.961    5
55586.207    0.036036254022   -0.160801202753    0.1446    0.3558  -0.017   73
55589.272   -0.083699996727   -0.158198407973    0.4430    0.5607  -0.209   20
55593.209   -0.167117328464    0.036698401118    0.1736    0.1904   0.044   75
55594.228    0.614564490763   -0.143798406782    0.3850    0.3875  -0.076   14
55595.251   -0.805232719065   -0.059900398242    1.2185    0.7350   0.077    4
55601.230    0.287279076630    0.207500397664    0.4436    0.4080   0.008   15
55602.249   -0.743803549434   -0.791600398031    0.6253    0.6799   0.288   11
55607.209   -0.183572669360   -0.653500805470    0.2189    0.7626   0.236   36
55610.270   -1.772475539570   -2.206800003535    0.7435    1.1916  -0.079   33
55615.230   -0.187971637206   -0.230500802445    0.1616    0.2123   0.289   54
55621.209   -0.109518506524    0.088700400624    0.1811    0.2232  -0.330   59
55624.270    0.661097767051    0.403300791163    0.4561    0.4925   0.068   17
55636.210   -0.801542010395    0.630201593310    0.4259    0.4614  -0.294   22
55638.270    0.052066000729   -2.975799600335    0.9673    1.7986  -0.446   27
55643.226    0.140590559490    5.702698793186    0.9102    4.4091   0.217    9
55650.228   -0.104979899656    0.123699591370    0.1090    0.2114   0.145   79
55652.270   -0.070080789177   -1.051801206131    0.2551    0.7474   0.049   34
55656.207    0.111506838442    0.057898799355    0.2363    0.3205   0.024   24
55657.230    0.097748088642    0.365299202087    0.0770    0.1719   0.040  175
55665.247    0.079304319058    0.434901599533    0.1652    0.6765  -0.025   21
55671.270    0.024827682401    1.002398394689    0.5546    0.7478   0.499    4
55680.270    2.574163866112   -1.041998397966    1.4733    0.6790  -0.806    4
55685.226    1.249983290269   -1.374501600537    0.4859    0.8325  -0.044   12
55687.272   -1.273105305740    0.522899995303    1.0370    0.8785  -0.349    6
55691.206   -0.184992477891   -0.154000805708    0.4265    0.3896   0.281   47
55694.270   -0.373389709285   -0.572698803580    0.4607    0.6619  -0.307   11
55698.207   -0.145694399566    1.023598792926    0.2452    0.4650  -0.006   65
55701.272   -0.255359222236   -0.046699207701    0.3842    0.4844  -0.163   16
55708.270   -0.445176262162   -1.149998406902    0.6405    0.7936  -0.051   19
55715.272    0.011491139840    0.384901198913    0.5560    0.6635  -0.111    9
55719.206   -0.009077213734   -0.676699208668    0.3639    0.5020  -0.581   54
55729.272    0.153215455926   -0.074800799155    0.3811    0.3497  -0.232   41
55734.228   -0.150236393381    0.201301196512    0.2104    0.1784  -0.387   98
55735.580  -17.772007092008   -4.389400804428    5.7507    4.1166   0.354   10
55736.270    1.020303035579    0.095900401220    0.5788    0.6619  -0.244   21
55740.207   -0.006809603775    0.386301601907    0.3427    0.5805  -0.102   66
55741.230    0.085545302676   -0.335998799983    0.0963    0.4334   0.120  215
55743.268    0.879286881901   -3.540301197802    0.7568    1.2695  -0.186   21
55746.997    3.393298264175  -11.861100006172    1.6846   16.8097   0.546    7
55750.270   -0.398786011842   -0.394099204470    0.4910    0.4816  -0.316   39
55755.230    0.235642057037   -0.103201197987    0.1869    0.3454  -0.072   41
55757.268   -0.516676859871    0.453700795333    0.3623    0.5421   0.011   26
55764.270   -3.284910320838    3.542799602485    0.8739    1.4934  -0.439   19
55768.208   -1.278498487931   -2.948101206357    0.8722    3.5486   0.884   11
55778.270    0.272383086518   -0.635101200430    0.7406    0.5395  -0.575    9
55785.268    0.155343523635   -0.639000008107    0.8760    1.6699   0.552    8
55792.270    0.179745611847    0.118400393490    0.7387    1.1077  -0.227   23
55796.208   -0.603638584131    0.383500795920    0.7754    0.7495   0.118    5
55797.227    2.069260811070   16.567300798442    1.7257   15.5712   0.932    7
55799.268    0.099733033612   -0.621698404757    0.3834    0.5342   0.214   13
55806.270   -0.255073267069    0.236199591086    0.3385    0.5947  -0.090   28
55811.208    0.068664367593   -0.217101600697    0.3624    0.8138   0.097   32
55813.272   -0.202299007162   -0.593701203400    0.3939    0.5334   0.193   41
55817.206   -0.180736439244    0.184100402123    0.2511    0.2464   0.046   34
55819.500    0.079447345027    0.152899197303    0.0980    0.1246   0.115   67
55820.497   -0.058307081118   -0.090799201757    0.1086    0.1200   0.158   62
55821.498   -0.195206835168   -0.171601203647    0.1003    0.1243   0.074   56
55822.498   -0.118742036404    0.070498794003    0.2066    0.1398   0.394   49
55823.499    0.143144124617    0.043898401714    0.1348    0.1501   0.126   30
55824.500    0.024259062244    0.280799997654    0.1012    0.1403  -0.026   50
55825.497   -0.331967046969    0.123300000610    0.1109    0.1446   0.185   47
55826.498    0.128105205306   -0.158500809277    0.1125    0.1530  -0.103   46
55827.499   -0.298058763886   -0.147301204834    0.1146    0.1478   0.115   44
55828.499   -0.069512265791    0.166201196805    0.0911    0.1124   0.080   69
55829.500   -0.182438912765    0.068900392591    0.1579    0.1212  -0.240   43
55830.501    0.078596156651   -0.015098399331    0.0999    0.1169   0.016   47
55831.498   -0.333383371783   -0.069901204824    0.1053    0.2139  -0.234   52
55832.499    0.019012292970   -0.216000005082    0.0940    0.1124   0.087   48
55833.500    0.294088680405    0.043801199467    0.1490    0.2208   0.046   23
55838.208   -0.354663371482    0.188798391321    0.1297    0.1636   0.075   49
55841.272    0.006526938785    0.057599991976    0.5084    0.5804  -0.430   15
55848.270   -0.500218132028    0.182300395579    0.2631    0.4648  -0.134   37
55853.271   -1.319495556059    0.521701197442    0.5546    0.6468  -0.384   23
55859.206    0.673297069299   -0.872701207300    0.2059    0.2820  -0.101   22
55862.270    0.454825386230   -0.069800408653    0.5817    0.4821  -0.361   17
55867.190    7.366830625560   -2.942701199515   13.4575    5.5815  -0.983    5
55868.209   -0.215635549723    0.238600793523    0.2820    0.4067  -0.230    5
55869.269   -0.610448187906    0.589399198248    0.5674    0.7845  -0.063   29
55881.231   -0.211662176064    1.388498391464    1.2904    1.2618   0.529   18
55883.269   -0.235356101870   -3.097598401780    0.4219    0.9486  -0.194   27
55887.206   -0.806366572429   -0.702698405064    0.4725    0.7045   0.785   17
55888.269    2.139910123634   -0.086198402016    0.6290    0.7843  -0.043   39
55889.295    4.503120072859   -2.231899209448    0.8404    0.7655   0.098    4
55895.231   -0.681097500470    0.216799199393    0.2694    0.4493   0.249   20
55897.269   -0.312529063041    0.482400001545    0.4512    0.3837  -0.353   44
55902.229   -0.122712023115   -0.370101606961    0.1952    0.7356   0.468   32
55904.270    0.360907645279    0.406198799396    0.3791    0.3412   0.074   23
55909.227    0.864251252767    3.342301194209    1.5344    2.3492   0.815    6
55917.270    0.589454143374    1.545901199052    0.3446    0.6791   0.016   36
55939.269   -0.112923260026   -0.410400008377    0.3145    0.5000  -0.328   25
55942.998    0.828075359725   12.768199195534    1.8835   10.8536   0.356    3
55946.384    0.692874595477    0.765500392674    0.3710    0.5480   0.200   10
55951.227    0.361758833654    0.469000799797    0.1310    0.2209  -0.057   40
55953.269   -1.114642983770    0.441601200407    0.4638    0.8312   0.208   12
55960.271    0.078878724870   -0.100400404790    0.3375    0.4759  -0.213   13
55967.272   -0.026387129953    0.221601591477    0.5210    1.1622   0.357   10
55972.229    0.838572381991    0.306799194050    2.1331    1.0800   0.091    3
55974.271    0.082566143362   -0.547700406628    0.5016    0.6630  -0.612   26
55981.272   -0.324306254818    1.379998796835    0.6671    0.9725  -0.362    8
55988.267    0.720964102182    0.835401597499    0.9187    0.6368   0.615   12
55992.208   -0.071357668511   -0.522298799410    0.2107    0.4386  -0.198   23
55995.273   -0.353103923930   -0.334598409779    0.6094    0.6976   0.018    5
56002.271   -0.866233004330   -1.423000801992    0.4446    0.4881   0.156   42
56009.273   -0.365020754728   -0.001699197583    0.4990    0.5365  -0.241    8
56013.206   -0.051354451374   -0.504000003332    0.3157    0.2308   0.214   19
56014.229   -0.702520526138    1.875499192749    1.2388    5.8922  -0.644    7
56016.271   -0.667052795503    0.933501596023    2.9849    5.4074  -0.887    3
56021.249    0.078027536495   -0.431899201203    0.1658    0.2140   0.193   39
56022.268   -3.051117053469    5.266299601203    3.1436   10.7686   0.806    3
56029.584  -21.160198225929   29.562501592295    2.6373    1.6527  -0.383   10
56030.271    0.369705580972    0.240598798484    0.7291    1.0846   0.755    8
56036.250   -0.388003034409   -0.142801201264    0.2050    0.2676   0.168  200
56037.269    0.461491964036   -1.125201602292    0.3891    0.5039  -0.209   24
56044.267    0.791899563452    0.076100393187    0.4006    0.5607  -0.040   30
56050.210   -0.396658040903   -1.223600408196    0.2314    0.3399   0.191   53
56051.269    0.650740383806    0.293399992302    0.5857    1.0332   0.378   17
56055.206   -0.218471779839   -0.113799606538    0.1571    0.2624  -0.004   55
56056.229   -4.690523186678    6.408298800409    8.6658   35.4883  -0.803    4
56058.267    0.664785088773   -0.100800008340    0.2413    0.4424  -0.293   40
56065.269    0.054762591825    0.227300392908    0.3370    0.5170  -0.363   24
56077.209    0.092497835650    0.085701596220    0.1876    0.2118  -0.230   48
56078.250    0.021565858097   -0.048099597905    0.2215    0.3716  -0.161   42
56079.269   -0.220885802715    0.490399196451    0.2380    0.3271  -0.050   16
56086.271    0.160311111637   -0.614401201915    0.2633    0.2834  -0.007   25
56092.582   -8.011183806371   11.856398397470    0.8212    1.9102  -0.309  108
56093.269    0.480361231038   -0.220600804823    0.3338    0.4138   0.072   15
56100.271   -0.921703758561    1.077998400945    0.7739    0.6812  -0.335   17
56106.250   -0.022131188075   -0.025099205914    0.1405    0.2651  -0.069  104
56114.271   -0.141012766730    0.136400394979    0.2710    0.4153  -0.414   15
56119.231   -0.123280643271   -0.266698803841    0.1925    0.2475   0.116   16
56120.582 -119.822768879268  124.260501600304   18.3931   15.5935  -0.890    4
56121.269   -0.334520612095    0.410500791759    0.4295    0.3172   0.087   32
56128.271   -0.851054445998   -0.567900005422    0.2412    0.2880   0.127   55
56135.273    0.114346358736    0.339199196731    0.3573    0.4147  -0.149   11
56142.271   -0.144703572170   -0.751298402690    0.3193    0.5793   0.223   14
56149.269    1.211965381454    2.903698798207    0.6278    1.3435  -0.169   17
56156.271   -0.279900949469   -0.143499599403    0.2343    0.3309   0.278   47
56160.208   -0.071214642542   -0.080100009825    0.1774    0.2748   0.146  153
56163.269    0.138605517750   -0.038098804112    0.2887    0.4344  -0.272   44
56170.271    0.198328923682    0.054698402607    0.3395    0.4987  -0.098   15
56174.000    0.955329376655   16.726798800448    1.7583   11.8913   0.688    3
56177.273   -0.444464712807   -0.425800809012    0.2854    0.3838  -0.028   38
56182.229   -1.063996791573   -0.279399607450    0.7754    0.5728   0.281  194
56183.584  -35.086212928649   -1.301698806344    8.7020    8.4315  -0.418    5
56184.271   -0.339484813150    0.591098395830    0.2758    0.3160  -0.602   31
56188.209   -0.099304149246    0.147398394290    0.1352    0.1755   0.080  131
56191.269   -0.530578635639   -0.285501606356    0.2347    0.2947   0.019   42
56196.229    0.289407047569    0.058100391698    0.4050    0.2617   0.341    8
56198.271   -0.025535941578    0.070300795585    0.2414    0.3765  -0.195   25
56203.224    0.145272095556    0.180399592864    0.3559    0.3165   0.131    5
56204.250   -0.095759756723    0.302101192062    0.0916    0.1922  -0.217  177
56205.269   -0.623641704498   -0.643701604019    0.2551    0.4179   0.056   23
56212.271    0.403753503075   -0.540799200621    0.2201    0.3345   0.104   80
56217.228   -0.631871116804    0.067399193426    0.4783    0.4853   0.206   64
56219.269   -0.061568808651    0.021801594130    0.3689    0.3474  -0.540   53
56226.271   -0.819417159822    0.659800790004    0.4299    0.4915  -0.209   22
56233.269    0.002553565127    0.042901196196    0.1459    0.2150  -0.095   81
56237.207   -0.019860191168    0.561398390175    0.4876    0.5756   0.271   56
56238.230   -0.396658040903    1.738198794499    6.0092    3.0565  -0.690    3
56239.249   -0.433967690540    0.727898394359    0.8675    0.9554  -0.427    7
56245.228    2.759156247233   -6.131498406603    0.5892    1.2642  -0.576   29
56246.250   -1.195081156193    0.614599200333    0.3893    0.4349  -0.358   27
56246.583    2.236095474545    2.325301193196    6.8073    4.9104  -0.274    3
56247.269    0.222448443675   -0.244198798782    0.2904    0.4316   0.130   39
56252.266   -0.032202519384    0.042400796474    0.2336    0.3529  -0.171   42
56254.001    0.683654452544   -5.741200807563    2.0229    4.2734   0.070   13
56259.228    0.180879368442    0.134301593846    0.4207    0.2194   0.217   12
56261.269    0.116474426445   -0.737100006631    0.3953    0.5265  -0.319   36
56268.271    0.042134211672    0.463600792955    0.3161    0.3555  -0.277   15
56272.209   -0.071926191897    0.000000000000    0.1497    0.2689   0.064  200
56273.231    0.119593224780    0.049100397348    0.1927    0.3177  -0.174   19
56274.583    9.523339212828   19.754200796740    0.7266    1.0371  -0.065   91
56275.270    0.005675750410   -1.458298800117    0.3608    0.5946  -0.227   47
56280.540   -0.346437346124    1.026500395085    0.8119    0.8573   0.243   29
56281.230   -0.314943085917   -0.524098805954    0.6721    1.8195   0.240   14
56282.271    0.167685851851   -0.001000799443    0.1941    0.2713  -0.050   67
56289.273    0.284017252327   -0.658598398218    0.2048    0.3098   0.289   63
56296.271   -0.113634906151   -0.557600404250    0.3537    0.3661  -0.246   78
56301.228   -2.187859918276   -6.989500805332    2.2833    9.3776   0.937    3
56302.251   -0.312103468853    0.986500801048    0.1454    0.2680  -0.404  191
56303.270    0.553703844519   -0.263599203265    0.2745    0.3999  -0.200   65
56310.271    0.101578436332    0.120801595926    0.3069    0.3816   0.234   51
56313.540    1.104997149880   -1.298998809318    0.6977    0.8056   0.056   43
56315.210   -0.185135503860   -0.008701199761    0.1462    0.1302   0.142  111
56316.583   25.070176736923   -4.517899206746    1.3467    1.6015  -0.186   85
56317.270    0.441345817702   -1.212199198619    0.3534    0.7824   0.077   23
56324.271    0.127822540317   -0.209001609619    0.2793    0.4451  -0.178   48
56331.270    0.265573579513   -0.338601607552    0.2282    0.4462  -0.082   58
56335.185    0.732172673803    0.266799600013    0.7303    0.7804   0.176   35
56337.227   -2.543943001520    0.774100796264    0.9706    0.6852   0.240   16
56338.271    0.525049104606   -1.352401199028    0.2256    0.5070   0.259   43
56343.228    0.665636277149   -0.392799597648    0.3039    0.5719   0.180  164
56344.262    0.153641050113   -1.163599200993    0.8575    1.7973   0.207    6
56345.270   -0.082423214163   -0.212799608335    0.3171    0.3801   0.258   60
56359.270    0.480643896027    0.212399991995    0.2249    0.3022   0.079   44
56365.581    3.717039285785   -6.074499597730    1.1932    1.4590   0.018   77
56366.272   -0.252380062921    0.335001594465    0.2447    0.3028  -0.128   68
56372.251   -3.036646657544    7.467001199757    5.0163   20.5260   0.950    3
56373.270    0.188965754780   -0.154699203847    0.2835    0.4810  -0.437   46
56378.270    0.262311755209    0.158799591077    0.2758    0.4936  -0.326   46
56385.206   -0.146263019722    0.310399194348    0.1643    0.4424   0.212  111
56387.270   -0.503197291342   -0.135799199086    0.3675    0.5193   0.347   21
56393.249    0.158748277137   -0.145598400536    0.1250    0.2425   0.087  151
56394.272    0.609743315677    0.274798794919    0.2571    0.3364  -0.092   88
56401.270    0.108527582357   -0.515901599840    0.3090    0.4853  -0.195   46
56406.230    0.331827311178   -0.414399599435    0.4584    0.8255  -0.329   61
56408.268    0.372824379307   -0.527601604006    0.3640    1.0070   0.118   23
56415.270    0.708056540757    0.038901592347    0.3202    0.4067  -0.364   18
56418.999   -4.300106226163   -1.205200803156    2.0544    5.1066   0.377    6
56422.275   -0.158322779719    0.602499592617    0.3501    0.7361  -0.024   30
56427.228    0.102712192927    0.195501598910    0.2243    0.2170  -0.044   33
56429.270   -0.532137986422   -0.042998398442    0.3218    0.5196   0.402   23
56436.268   -0.191233461510    0.561599995308    0.5161    0.4996  -0.728   29
56443.270   -0.250534660202    0.843501601366    0.4497    0.5387  -0.294   23
56447.207    0.076607727963   -0.564400801295    0.1806    0.1962   0.002  127
56456.583    4.180516291561   -8.956101601143    2.8135    5.9839  -0.224   21
56464.272   -0.034047922103    0.430700390552    0.2456    0.4201  -0.138   56
56468.206    0.899007434048    0.903499201854    0.1667    0.2243   0.550  247
56469.228    0.150804916767    1.055901593361    0.2817    0.7023   0.038  212
56471.270   -0.321892231942    0.149601598309    0.4645    0.7551   0.210   16
56475.207    0.170665011165   -0.254700005087    0.1314    0.1406  -0.251  258
56477.793    0.266567697087   -1.626400799637    0.1730    0.4169   0.135   26
56477.998   -4.871402651890    7.659899991097    1.3029    4.4858  -0.413   16
56485.270   -0.196058023544   -0.591501606095    0.3537    0.3638  -0.211   32
56490.208    0.164706692536   -0.203299201473    0.1356    0.1703  -0.051  117
56491.582   23.544262387126   51.244099191194    2.9654    5.1590   0.258   38
56492.272   -0.229680351460   -0.245401203358    0.3584    0.4036   0.337   21
56499.270   -0.061711834620   -0.563101207263    0.4438    0.7841   0.469   10
56506.272   -0.360907742049    0.978699591769    0.2913    0.5520  -0.130   27
56511.787   -0.613427347221   -0.670500007516    0.2567    0.8665   0.238    7
56513.270   -0.296356290365   -0.301399199998    0.2551    0.2534  -0.199  149
56517.207   -0.209820160292   -0.714099601851    0.1247    0.3493   0.114  167
56518.270    0.157757449741   -0.272498401443    0.1517    0.1891  -0.224   99
56525.228    0.533700724153   -1.403798408717    0.2828    0.4898   0.007  371
56533.253    0.010925906632   -0.417301201594    0.3894    0.4174  -0.050   18
56534.272   -0.608745811155   -0.971600400135    0.3006    0.4242   0.127   13
56537.998    4.701023499123  -15.462399603905    1.1515    3.3903  -0.581   21
56539.206    0.169531254570   -0.417301201594    0.2215    0.2407   0.234  117
56540.583   -6.592806308305   13.276198802714    1.0510    1.8502   0.058   24
56541.270   -0.220317182558   -0.668700000972    0.2581    0.4614   0.190   35
56545.208   -0.512277892024   -1.155801598429    0.2799    0.3253   0.402  140
56548.272   -0.516108239715   -0.797500804595    0.5299    1.1079  -0.079   16
56551.793    0.274511154227    0.452300392340    0.3318    0.7120   0.291    8
56555.270    0.440780584493    0.058499995248    0.2913    0.3958   0.145   12
56561.249    0.290258235945    0.241999201478    0.2975    0.4782   0.135   13
56562.272    0.113920764548   -0.091699205029    0.2110    0.2613   0.096   74
56565.789   -0.412119167454    0.953499602474    0.2836    0.6978   0.245   12
56567.228   -0.042134308441    2.081599200210    0.1926    0.5099   0.165   97
56568.251    0.890921047710    0.411998396999    0.7432    0.6789   0.573   10
56569.270   -0.393392829652   -0.376700398874    0.2244    0.4253  -0.222   39
56573.208   -1.184015610541    0.038599191043    0.6748    0.5685  -0.804  104
56574.227    0.321752592922   -0.453999602712    2.4807    1.6116  -0.680    5
56575.582  -19.239188766500  -47.650701598911    1.3780    2.2746   0.377    8
56579.793   -0.199888468004   -1.490698802797    0.1712    0.4222   0.051   34
56583.270   -0.170665107935   -0.303098397580    0.3148    0.3757  -0.267   43
56587.208   -0.228546498095    0.529599596177    0.1845    0.3219  -0.177  155
56588.793    0.029083624279   -0.922298397654    0.1762    0.3958   0.140   25
56590.272    0.480786921996   -0.256798806220    0.4370    0.2101  -0.058   82
56596.269    0.780973560050   -0.475599604499    0.1865    0.2087  -0.163   92
56600.791   -0.159173968095   -0.126601206318    0.1735    0.3918   0.112   35
56602.208    0.071786552876   -0.309301205448    0.1507    0.2136   0.253  191
56604.272    0.410420080881   -0.387399603596    0.2161    0.2287   0.053  117
56608.188    0.262594323428   -0.336301201287    0.3466    0.3459  -0.225   37
56610.229    0.061997789787   -0.456001201599    0.3135    0.4813  -0.289   53
56610.584    5.417588633458   -5.956898398551    3.1235    3.7302   0.713    4
56615.208    0.188400618342   -0.096800404492    0.1504    0.3526   0.013  121
56616.227    0.015607539468   -1.040400009344    0.4442    0.6640   0.167   30
56617.249   -0.170804746956   30.318800398277    1.3283    5.4019  -0.015   25
56617.249    0.701386576003   -0.357901203074    0.2791    0.3921  -0.119   30
56618.272   -1.687212805113    0.869500797762    0.4945    0.5690  -0.611   67
56622.210   -0.115051327735    0.166701596527    0.1343    0.2985  -0.355  112
56623.272   -2.193535668686   -5.931900001599    0.3060    0.3897  -0.202   53
56625.329   -0.353812183107   -1.636801209770    0.2047    0.4729   0.192   22
56627.283    0.237201407819   -0.621399597378    0.2165    0.7382   0.471   11
56630.581   22.506084202120  -80.112898804430    3.7979    5.8201  -0.141    3
56631.271    0.539093906343    0.710099998003    0.2310    0.4922   0.066   19
56632.269   -0.144417617003    0.821901599579    0.1685    0.3363  -0.209   68
56633.266    0.014044704967   -1.091998798586    0.1610    0.3988  -0.034   30
56635.260    0.143569718805    1.235599194160    0.1741    0.4746   0.040   26
56637.254   -0.557248333812   -0.292500001819    0.1776    0.4184   0.194   32
56639.270    0.104414666448   -0.274899603880    0.1358    0.2439  -0.049  127
56640.268    0.064125760726   -0.481399202101    0.2323    0.9601   0.422   10
56642.207   -0.330547238437   -0.966398404501    0.1776    0.4534   0.198   30
56643.208    0.098456251049    0.066999602666    0.1028    0.2008   0.085  187
56644.227    0.140733488689    4.506299998752    0.7688    1.0291   0.061   83
56646.272    0.334380973075   -0.040201199170    0.1649    0.2206   0.057   74
56650.206    0.240888826311    0.173599195818    0.1456    0.3683  -0.297  101
56653.270    0.143995312993   -0.344699999744    0.6014    0.6616  -0.689   23
56657.208    0.125694569378   -0.153000006264    0.2122    0.3800  -0.254   54
56660.269   -0.601370974172    2.941999194661    0.6321    1.1149  -0.015    4
56667.270    0.063131546382   -0.084700809566    0.1854    0.2651  -0.061   45
56673.582   -5.220393563141    1.559800800521    2.3433    3.0926  -0.127   20
56674.269    0.265716508712   -0.141501607231    0.2905    0.2233   0.121   71
56677.998    0.752744414325    5.242600798283    1.1970    3.4500  -0.435   13
56681.270   -0.263871202762   -0.328100401248    0.2608    0.4456  -0.110   50
56686.209   -0.570159282184   -0.620200799517    0.2430    0.2317   0.287   69
56687.250   -0.254082439673   -0.435301203083    0.0933    0.1351   0.070  179
56688.269   -0.228686137116   -0.301399199998    0.2361    0.2596  -0.238   76
56693.791    0.250677589400   -0.411998409788    0.1601    0.3438  -0.078   51
56695.271   -0.582927204588   -0.399200403933    0.2592    0.4402  -0.397   26
56702.265    0.461634893235    0.039398398144    0.2119    0.2476  -0.038   63
56707.229    0.567465981267   -0.182901604262    0.3427    0.2975   0.090   70
56708.248    0.787643524804    0.349199990524    0.3412    0.3842  -0.383   33
56714.227    1.010796840709   -0.417499200012    0.2652    0.3587  -0.198   62
56715.250   -0.619246123599    0.661298395244    0.4636    0.4582  -0.112   29
56721.229   10.864543652953  -16.030299609326    0.4264    0.4826  -0.153   20
56723.271   -0.048657860279   -0.122299201166    0.1744    0.1950   0.090   84
56728.209   -0.280043975438   -0.516999601530    0.1457    0.1831   0.182  171
56730.272   -0.215352981503   -0.287798405907    0.2613    0.2683   0.096   54
56734.206   -0.609171405343    0.175399202362    0.1760    0.2001   0.063  167
56735.583   67.621533612983   39.606699590422    3.5677    3.5853   0.405   13
56735.791   -0.657264032413    0.057200401216    0.1700    0.3574   0.054   54
56744.269    0.126263189534   -0.245599201776    0.1621    0.1657  -0.066   74
56750.270    1.823550712903    1.136599192364    7.1757   17.4078  -0.934    4
56751.271    0.469295685385    0.488998793458    0.2446    0.2610   0.352   99
56755.208    0.098030656861   -0.397400397389    0.3551    0.3942  -0.269   83
56756.227   -1.765948600784    0.076600792909    0.4253    0.4795   0.155  113
56762.206   -0.151087581757   -0.013298405577    0.1069    0.1250   0.011   98
56763.273    0.153215455926   -0.185000405395    0.1596    0.2136  -0.009   51
56772.273   -0.123988902448   -0.334699205951    0.2979    0.5063  -0.232   22
56776.206    0.052209026698    0.363599991715    0.1327    0.1437  -0.054  136
56777.269   -0.003687418492   -0.149198400834    0.1925    0.2800   0.099   66
56783.497    0.394529973194   -0.128901599794    0.1828    0.1737   0.593  123
56784.497   -0.722240981515   -0.880300798656    0.2692    0.2055   0.854  315
56785.498   -0.078024246317   -0.205700403910    0.0784    0.0957   0.110  308
56786.499    0.002696591095   -0.367801200696    0.0756    0.0931   0.179  306
56787.500    0.110655650066   -0.064101607222    0.0752    0.0964   0.002  250
56788.501   -1.624510239866   -1.370599198935    0.4706    1.1137  -0.451  295
56789.498   -0.173501338051   -0.276098401741    0.0649    0.0871   0.047  308
56790.498   -0.215067026336   -0.199900806308    0.0863    0.1074  -0.087  275
56791.499    0.255502151434    0.275900390534    0.2363    0.2348   0.835  270
56792.500   -0.025535941578    1.368399601631    0.3946    0.9247   0.014  329
56793.497   -0.292525942675    0.084099600883    0.0936    0.1009  -0.113  243
56794.498    0.192370605053    0.047300390804    0.0698    0.0976   0.110  286
56795.499   -0.031494356977   -0.308901601898    0.0784    0.1034   0.107  183
56796.500   -0.067384198082   -0.097498802631    0.0759    0.1000   0.161  258
56797.500   -0.110230152648   -0.166298399051    0.0940    0.5370  -0.200  230
56799.582   -0.789625179597    1.458100801699    1.1067    1.5854  -0.267   80
56800.269   -0.610734143073   -0.135601200668    0.3128    0.2217  -0.104   90
56803.794   -0.148816584849   -0.792399605132    0.1408    0.3340  -0.135   58
56805.207   -0.160307724689    0.038998794594    0.0977    0.1351  -0.118  207
56807.271    0.339913697516    0.062200791717    0.5765    0.5175  -0.569   42
56809.214   -0.079301028880    0.017301590560    0.1868    0.3667   0.344   64
56812.790   -0.072491425106   -0.008600403589    0.1352    0.3381   0.039   43
56814.269   -0.019434596980    0.192398391619    0.2352    0.2738   0.132   22
56817.881    0.063274572350    1.525499995125    0.1445    0.3246  -0.101   81
56821.271   -0.392259073057   -0.108799203247    0.4155    0.3788  -0.307   15
56828.269   -0.304160108484    0.051598802031    0.3591    0.2802  -0.250   15
56833.229    0.031354621186   -0.152600402714    0.1317    0.3011   0.033   56
56835.271    0.265859534680   -0.498398404147    0.3235    0.7300   0.176    7
56838.792   -0.274225199059   -0.045100806290    0.1009    0.2651  -0.072   54
56839.208   -0.320050216170    0.627400800113    0.5087    0.9748   0.297   31
56841.272    0.124560812783   -0.441298799103    0.1978    0.2486  -0.270   87
56842.291    0.073771497847   -0.390398408001    0.1601    0.3317   0.253   22
56846.206   -0.014327369956   -0.227199609526    0.1597    0.1667   0.139   75
56848.248    1.185578348271    2.602101599791    0.9935    4.1580  -0.277   15
56849.267   -0.492843295044   -0.154598407676    0.2109    0.2692  -0.182   58
56850.498   -0.481209129236   -0.045201602461    0.1456    0.3596   0.223   23
56851.499    0.236493245412   -0.249400807206    0.1397    0.3392   0.217   29
56853.208   -0.107250896564    0.432201602507    0.2362    0.2022  -0.196   55
56857.500    0.488587256397   -0.802699206304    0.3563    0.3155   0.045   36
56858.501    1.017466805463    0.012999598198    0.3584    0.2857   0.042   23
56860.206    0.003265114482    0.009399597900    0.1073    0.1399  -0.059   60
56863.275   -0.187120448830    0.546001196255    0.4564    1.1897   0.339    3
56875.043   -0.079869552267   -0.117201608418    0.1956    0.4031   0.171   78
56875.792   -0.059583863681   -1.243800006989    0.1718    0.3951   0.390   21
56877.271   -0.344166349216   -0.647899206285    0.2863    0.3784   0.115   53
56878.498    0.945115019378   -0.353800803055    0.3794    0.6262   0.106   12
56878.498    0.290826856101    0.284698792541    0.1691    0.3891   0.069   57
56879.503    0.172653439853    0.181501201268    0.3440    0.6882   0.058   10
56884.269   -0.417651988666    0.350899200896    0.4827    0.5386  -0.699   12
56885.496   -0.313380251416   -0.527799602423    0.1526    0.2134   0.252   52
56886.501   -0.116614065465   -0.181501201268    0.1538    0.2146   0.308   60
56888.207    0.017449458470   -0.079599597314    0.0852    0.1273   0.102  100
56891.271   -0.104128711281   -0.090500407168    0.3340    0.6351  -0.211   11
56898.269   -0.338065004618   -0.004701608702    0.2641    0.3082  -0.278   31
56899.496   -0.180736439244   -0.008899198178    0.3182    0.3077   0.101   24
56900.501   -0.398074462487    0.134499592264    0.2650    0.2714   0.208   33
56901.790    0.060434955287    1.183499992408    0.9026    0.9947   0.724    5
56901.794    0.194498575991    2.597198398746    0.5800    2.3101   0.844    4
56904.248    0.072212147064    0.277999191667    0.1038    0.2451  -0.060  202
56904.665   -0.234218958327   -1.147899605769    0.2510    0.9149   0.491    8
56905.271   -0.223864962029    0.073299599990    0.4472    0.6842  -0.353   10
56905.662    0.748488472447   -3.755498401858    0.3000    0.9972   0.284    9
56906.659    1.061303490655    3.671200802557    0.2694    0.9187   0.200    9
56907.656    2.670917740409   -7.662301206324    0.3363    1.0211   0.212   10
56908.412   -0.261743231823   -4.991500806284    0.3488    1.3621   0.445    6
56910.227   29.030372555748  -17.843900398873    0.9962    0.5710   0.062   13
56910.969   -5.233869744722    8.164501190322    1.3092    2.2417  -0.611    4
56911.645    0.045964656132   -1.747501202942    0.2594    0.8869   0.268    9
56912.642    0.554129438707    0.407699998561    0.2623    0.9556   0.421    9
56913.639   -2.692476921380   -6.095098800074    0.2865    1.0593   0.485    8
56914.636    0.044687776798    1.386298794159    0.2660    0.9169   0.317   10
56915.399   -0.198468659472   -4.510101604183    0.3197    1.2731   0.596    5
56916.959    8.067083541739   -5.620899598568    1.4330    1.9976  -0.565    4
56917.627   -1.617700636092   -2.557800000602    0.2502    0.9283   0.365    9
56918.625   -0.102994954686    3.495099595341    0.2783    0.9680   0.360   10
56919.603   -0.095473704786    0.289900800965    0.2874    1.1234   0.470    6
56920.619   -2.019748375468   -8.685100804939    0.3562    1.0759   0.516    9
56921.616   -0.820128709177    1.179000001628    0.4033    1.8009   0.441    5
56923.208    0.596549702315   -1.138500007869    0.8333    0.8364  -0.660   16
56924.790    1.401356827192    2.765098793134    0.4508    1.0888   0.649    6
56926.269   -1.048814846293   -3.413401209684    0.1533    0.1900   0.182   57
56932.270   -0.077741581328    0.422600399475    0.4297    0.5155  -0.632   11
56934.498   -0.511709271868   -2.793898808306    0.2826    1.1309   0.502    7
56935.499    3.264627922431    6.905001600899    0.3522    1.1195   0.548    8
56939.250    0.565620578547    5.827798800340    0.1937    0.7651   0.417   13
56940.273    0.359630862715   -0.351100806029    0.4605    0.6064  -0.469   11
56941.496    1.198060218738    0.229100399451    0.7541    0.8364  -0.222    9
56942.501    1.864973375220    1.081699197414    0.6127    0.7043   0.070   12
56945.792   -0.885670891488   -1.832399998136    0.5226    1.0270   0.674    7
56947.271    0.122572384094   -0.767901607901    0.3922    0.3258  -0.355   21
56948.498    0.098313225080   -0.565700408117    0.8713    0.6702   0.033    6
56952.271    0.233939680286   -0.466200006599    0.2652    0.2318   0.119   34
56961.271   -0.001416421584    0.255700791740    0.1717    0.1956   0.056   42
56962.502    0.020289075533   -1.924999206437    0.1840    0.2836   0.313   48
56963.503   -0.771893056138   -0.199900806308    0.2014    0.2745   0.277   57
56967.250    4.768833291392   -8.055500407522    0.2281    0.2326  -0.117   32
56973.229    1.236224540468   -0.061700404785    1.6754    0.7533  -0.527    4
56975.271    0.607754886989   -0.275698798191    0.7282    0.7057  -0.861   23
56979.209    0.738413657421    0.992300398650    0.1804    0.1944  -0.214   22
56982.269    0.170099874727   -0.103798799955    0.2262    0.5098   0.165   30
56987.270   -0.154066741071   -0.583099200924    0.4509    0.4402  -0.292   10
56991.503   -1.363475267221   -1.285999198331    0.3053    0.4025   0.261   15
57002.230   -5.952705875964   11.478801602038    1.4146    1.0788   0.273    5
57010.269   -0.373532735254   -0.181400405097    0.2398    0.2743  -0.003   31
57015.270    0.392827499673   -4.805798408825    0.3115    0.3193  -0.305   10
57021.209   -1.232673470820   -2.367201602738    0.3815    0.5463  -0.377   66
57038.269   -0.623641704498    0.640598396728    0.4140    0.3087   0.070   12
57039.497   -0.482342982600   -0.100400404790    0.2770    0.3318   0.373   42
57040.501    0.244154037563    0.703598395546    0.2067    0.2647   0.254   65
57041.999   -2.020456634645    1.886900402326    0.6335    3.0001  -0.006    7
57043.208   -0.159599562282   -0.662101209059    0.1172    0.1420   0.040   52
57046.499    0.811477089631   -9.954000005052    0.4233    0.7082  -0.120   28
57047.499   -1.534565872574   -1.865800800260    0.3720    0.5936  -0.049   24
57049.209   -0.442197102847    0.562499998580    0.1922    0.4747   0.236   33
57052.270    1.827946293802   -0.054201609601    0.2512    0.2453   0.128   40
57053.511   -2.376825673056   -5.006800797958    0.9090    1.3061   0.525   13
57054.501   -2.707941531649   -1.490101200829    0.9063    1.3669   0.614   14
57057.230   -0.516533833902   -2.882401197724    0.2789    0.4840   0.285   29
57057.230   -0.097462133475   -1.358798398599    0.4001    0.4874   0.262   10
57058.249   -0.256775643820    0.051598802031    0.3510    0.5384  -0.219   12
57060.342   -0.285716338900    0.300700801859    0.2803    0.4765   0.323   29
57061.291    0.528593497129    1.037199599807    0.2384    0.4011   0.259   28
57062.230   -0.022413756294   -1.035900005775    0.2373    0.4338   0.064   29
57064.228    0.915180109954    1.527998399808    1.0414    1.6680  -0.371    9
57065.247    0.765651975750    0.051699598203    0.5133    1.8284  -0.585    7
57066.273   -0.082140549174    0.085701596220    0.1992    0.2108   0.132   33
57067.289    0.430566227216   -0.711201606407    0.2352    0.4371   0.227   29
57068.289   -1.131098324666    1.279598392046    0.2351    0.3978   0.248   29
57069.228    0.306574034590    0.827600401010    0.2772    0.4697   0.289   29
57070.207    0.978876986314   -0.134200797675    0.1294    0.1503   0.203   50
57071.226   -0.866518959497   -0.112600808677    1.1058    2.7829  -0.698   34
57072.249    0.570162572362   -0.970099200970    0.2458    0.4462   0.254   23
57073.271   -0.135623068257   -0.685799999189    0.2101    0.2225   0.098   29
57074.290   -0.488018733010    0.295401591188    0.2257    0.3966   0.291   28
57075.291   -0.040145879753    0.435801590015    0.7149    0.6403   0.383   10
57076.394    0.283591658139   -0.110098797279    0.3014    0.5160   0.421   29
57078.228   -0.357502988546   -0.687801598076    0.2368    0.4194   0.204   29
57079.229   -0.052062710551   -1.202101202580    0.2477    0.4253   0.261   29
57080.273   -0.628466266532    0.543099594097    0.3022    0.2784  -0.270   33
57081.289    0.596832270535   -5.823601198074    0.3925    0.6379   0.197   28
57082.293   -2.219636843472   -0.720100804585    0.3167    0.4708   0.227   29
57085.208    0.510010185295   -0.881200801928    0.1504    0.1764  -0.020   70
57087.271   -0.089232721168    0.155699990501    0.2349    0.2533   0.162   37
57094.270   -0.703228688545    0.071600402407    0.3401    0.2679  -0.059   24
57101.271    0.187688972217    0.062099995546    0.2841    0.2661   0.275   18
57102.499    0.680532267261   -3.314001604338    0.4447    0.4403   0.132   30
57108.270   -0.164563763337   -0.186400808388    0.5622    0.3120  -0.088    4
57109.497    0.243016797250   -0.449100008382    0.3790    0.3670   0.353   20
57110.501   -0.506602044845    0.716698802705    0.3612    0.3650   0.382   27
57113.226   -0.544054720450   10.892599193824    0.9244    4.4306   0.285    6
57120.206    0.963555402014    0.163198798475    0.2093    0.4150  -0.009   69
57126.207    2.019040116291    0.449798393731    0.2331    0.2104   0.416   20
57129.272    0.344026710195   -0.121500006856    0.1926    0.2449   0.123   20
57133.209    0.035893228053    2.164798797821    0.1927    0.2197  -0.047   62
57135.251   -0.084551185102    0.086000390809    0.1091    0.2210  -0.018  130
57136.273   -0.737562565816    0.708901200142    0.1889    0.2264  -0.122   46
57147.209   -1.331272747837   -0.202201199784    0.2134    0.2738   0.137   25
57149.251   -6.248639959089   -4.146901203228    2.4633    0.9553   0.750   18
57150.270   -0.216912332286   -0.261399605961    0.1857    0.1967  -0.049   50
57154.207   -0.551432944381    1.168599591495    0.1184    0.2125   0.246   40
57157.268   -0.273942630840   -0.117900006558    0.1976    0.1908  -0.131   63
57161.209    0.150661890799    0.205898402328    0.1483    0.1824   0.101   70
57164.270   -0.078875434692    1.221598796519    0.2863    0.2370  -0.098   33
57171.268    0.123283933449    0.320198395798    0.3545    0.3147   0.287   11
57177.583  -44.602030988348 -422.412098400571  110.3090  166.0785  -0.907    3
57178.270    0.997320659128    0.394599591402    0.7307    0.3884   0.546   14
57184.581  149.280159785992   35.065501197096    7.9780   19.9786   0.500   16
57185.268   -0.387720466190   -0.076798804116    0.2590    0.3349   0.154   25
57189.209    2.718867341511   -1.837800004978    0.3078    0.4584  -0.057   23
57192.270   -0.250817228421    0.169700400932    0.2261    0.3341  -0.277   32
57203.209   -0.069655194990   -0.435599997672    0.1265    0.1521   0.154   72
57204.363    3.018345817159   -1.528700404663    0.8913    0.6905   0.018   15
57205.269    0.239329378758   -0.206100007460    0.1398    0.1888   0.121   83
57218.232   -0.067809792270    0.782600390892    0.2780    0.3881  -0.035   53
57220.270    5.571086754372   -5.311101600114    0.2449    0.2470   0.012   23
57234.270   -0.338065004618   -0.515401200119    0.3740    0.2378   0.312   18
57239.208   -0.316359507501   -0.033400802124    0.1217    0.1316  -0.069   68
57241.268   -0.360621690112   -0.454798809812    0.2765    0.2855   0.449   33
57246.206    2.802992932426   -0.368499598835    0.1264    0.1864   0.089  150
57252.207   -1.049526395648    0.698299197666    0.1351    0.1134  -0.066   66
57259.209    0.050363623978   -0.617000402769    0.1867    0.1582  -0.225   34
57260.228   -3.034658325626   -5.954000403108    0.4588    1.1257   0.285   29
57267.230   -1.428023235187    1.040299200383    0.3152    0.4376  -0.157  155
57274.206   -0.510006895117   -2.559999597906    0.1438    0.1498   0.017   81
57283.268    0.416947116437    0.133999192542    0.2391    0.2140   0.061   48
57290.270   -0.295930696177   -0.468900003625    0.1773    0.3474  -0.210   41
57291.501  -24.491502184035  570.550201196340    1.4798    4.3089  -0.052   19
57297.272    0.729762134645   -0.272998801165    0.1609    0.1775   0.061   29
57302.228    1.354823550904    0.371699995583    0.8804    0.5748   0.186    5
57304.241   -0.872759943115    1.389999590629    0.1128    0.1494  -0.202   72
57309.208   -0.245144864959   -0.653000405748    0.1308    0.1148   0.114   91
57311.272   -0.035750298855   -0.335901597737    0.1353    0.1750  -0.079   66
57315.209   -0.054333707459   -0.330998409481    0.0917    0.1497   0.215  428
57322.208   -0.842259897253   -0.419101208138    0.2730    0.2923  -0.034   61
57330.206   -0.757848351171    0.156801598905    0.1068    0.1219   0.104  160
57332.270   -3.251574044860   -0.357598801770    0.1784    0.2641  -0.004   28
57336.208   -0.122998075052    0.227699996458    0.3323    0.1890   0.499   14
57337.227    0.054050945700   -0.137700001801    0.7072    0.9825   0.126   22
57338.249   -0.326999458966   -0.084600000605    0.7319    0.5512  -0.047   15
57343.209    1.675299361262   -0.839401201347    0.0872    0.1886   0.281  246
57344.228   -0.290397971736   -0.668700000972    0.4695    0.6475  -0.206   10
57345.247   -0.488587353167    1.258498789980    0.4792    0.6427  -0.357    9
57346.270   -1.936899663887   -1.125601205842    0.1533    0.2075   0.223   57
57350.208   -1.086693116087   -0.716799598877    0.1317    0.1626   0.181  104
57357.209    0.280895067044    0.451400401857    0.0771    0.0956   0.040  168
57359.251   -0.724934185662    3.825399593893    0.0666    0.1414  -0.155  145
57360.270   -0.432690907977    1.315598395024    0.1582    0.1601   0.016   57
57364.208    0.986680707663    0.256701591184    0.1435    0.1350  -0.053   92
57365.227    1.685796383529   -1.606899598983    0.2236    0.4106   0.021  458
57371.001    7.324413748900  -13.221698398524    1.2502    1.9782  -0.353    3
57371.209   -1.069386586816   -0.852001208784    0.0907    0.1130   0.165  190
57372.225   -1.024555687279   -8.467700409653    1.3497    5.2295  -0.265   14
57373.248   -2.177788490198    2.154700801782    1.5899    4.8207  -0.195    8
57379.271   22.161917852904   -4.192300804107    0.2344    0.2239   0.093   28
57386.269    1.130250426468   -2.394000006234    0.1093    0.2256  -0.139   35
57392.208    0.499938853986    1.719201600281    0.1633    0.2807   0.054   70
57395.272   -2.462228046534   -1.331701200513    0.3559    0.4483   0.152   23
57398.771   -0.002128067709   -0.470699997379    0.1605    0.2100   0.005   60
57402.270   -1.738284688268   -1.172700004304    0.1805    0.1972   0.342   70
57406.208   -0.750756179177   -0.491000405134    0.1219    0.1552  -0.185  162
57421.227   48.326591427262  -12.350098799629    0.1788    0.2438  -0.165   46
57423.269    0.303169184317   -0.299599206244    0.1420    0.1705  -0.055   93
57427.206    0.631731381014   -0.943898399441    0.2721    0.2288   0.079   52
57428.225    0.934049473725   -0.331099205653    0.6242    0.5414  -0.297   17
57428.229   -0.167685948620   -0.237099607148    0.0716    0.1711   0.030  174
57429.248   -0.817006523894   -0.859600800140    0.6298    0.6616  -0.435   12
57430.270    0.732029744604    1.633600800233    0.2273    0.2267   0.016   71
57435.227   -0.877867170139    0.608698793769    0.4558    0.9928  -0.324   58
57436.257   -1.388302949621   -0.675100807257    0.7613    0.8981  -0.235   11
57442.236   -0.099872769403   -1.848700802043    0.2254    0.3752   0.358   30
57444.270   -0.633290925336   -1.065200407879    0.1968    0.2295  -0.189   66
57463.231    0.456527762981   -0.919101607622    0.4967    0.4276   0.254   15
57464.250  148.065783768610   -4.445701202371    2.1607    1.2583  -0.569   10
57469.206   -1.418520427265   -1.295398809020    0.1971    0.1893   0.246   87
57477.209    2.048406405559    3.143001596584    0.2004    0.2349   0.023   85
57480.496   -2.759156344003   -2.770099209215    0.9537    0.8514   0.570    5
57481.497    0.314517394959   -0.384598797609    0.4628    0.3677   0.127   15
57484.229    0.011351500820   -1.797199202258    0.4032    0.8455   0.120  133
57485.251    0.475111074816    0.447098396705    0.7241    2.3213  -0.530   62
57490.208    0.377649038111   -0.201999607441    0.2421    0.1713   0.086   23
57491.231   -0.040714499910   -0.433699207747    0.1882    0.2354   0.356   50
57499.251   -2.639845687442  -14.580799198427    1.9373    1.2414   0.379   19
57500.271   -1.338364919831    1.418500798422    0.5709    0.5612   0.547    8
57512.207    0.858149908170   -4.285101604751    0.3429    0.3816  -0.134   29
57514.271   -4.844446901781    3.726799195647    0.7600    0.8156  -0.758   29
57520.250   33.758487960283   16.151500796013    1.0492    1.5292   0.289   60
57521.269   -0.203150195538   -3.775201207645    0.2954    0.4529   0.063   33
57526.207    0.075330945399   -0.578401198936    0.2187    0.2554   0.148  155
57535.269   -2.656444054306   -2.582099999415    1.3694    1.9777  -0.341    8
57542.271    0.964549616358    0.102398396962    0.2415    0.3257   0.269   36
57548.250   -0.038160934783    0.680299196176    0.1595    0.2552   0.296   57
57549.269   -0.839563209387   -0.643399202715    0.2720    0.3700   0.070   21
57554.229   -0.109804461691    0.577598397911    0.1619    0.2785   0.299   42
57556.271    0.574418611010    0.520099202106    0.1962    0.2865  -0.038   25
57561.227   -0.069229600802    0.741999600962    0.3935    0.9955  -0.564  135
57569.248   -1.363900861408   -4.842900007418    0.2224    0.2970  -0.069   44
57581.206   -0.449997437248   -2.701400408966    0.1470    0.3895  -0.029  227
57582.229   10.142016716271   23.588499601601    0.9337    1.0001   0.312   24
57583.248    0.832896631581   -1.023199202166    0.4439    0.4222  -0.250   51
57584.271    0.759693657121   -1.810299609417    0.2204    0.2818   0.129   30
57595.206   -0.552141106788   -3.153700801306    0.1099    0.1858   0.222  195
57596.229    3.811236208008   -2.763399608341    0.3997    2.1560  -0.528  241
57605.269   -1.523925921109   -7.564100398838    0.3173    0.5283   0.087   31
57612.271   -3.716610401419   -1.179799208728    0.2238    0.3210  -0.337   40
57617.209   -1.977614163796   -1.094101206434    0.2698    0.3352  -0.139  128
57619.269   -3.128290014640   -2.176700407119    0.2199    0.3430   0.011   30
57624.229    0.537391529592   -2.577499199674    0.6166    1.0734  -0.641   61
57626.271    9.161580282404    9.556898402252    0.1699    0.2303   0.218   61
57633.269    1.584078308176   -0.420400802170    0.2585    0.3291  -0.434   28
57636.998   -1.748499045545   -7.991701201604    1.4259    5.3415  -0.138    8
57637.082   -1.034630502305   -0.232498807407    0.4331    0.3800   0.200   15
57644.208   -1.407737546601   -1.977699604083    0.2830    0.3169  -0.170   74
57646.250    0.281606713168    0.091299601479    0.0925    0.2065   0.040  191
57647.269   -1.550881671218    0.254300401537    0.2504    0.3339   0.217   26
57652.229   24.429650710394   47.240398792781    0.3173    0.5641  -0.050   37
57653.248    0.361333239466   -2.402301602444    0.5084    0.5032   0.302   22
57654.271    0.686490682660   -1.737698407567    0.1907    0.2689  -0.079   54
57665.188   -1.343897741042    1.189198793838    0.9667    1.0752  -0.149    4
57666.207   -0.751038747396   -0.032799606231    0.3080    0.2303  -0.349   64
57667.230    0.950930408808    1.359100799903    0.2591    0.3321  -0.191   10
57669.345    3.487216005126   -2.715001203057    0.4935    0.4296   0.325   25
57670.313    0.596124108128   -1.684400407953    0.5559    0.5057   0.244   19
57673.209   -0.082140549174    0.245300394397    0.2569    0.3449  -0.080  102
57675.269    3.405358024172   -1.241200806135    0.1861    0.1705   0.036   43
57680.229   -1.083148723564   -0.780199201245    0.6410    0.6391  -0.128   22
57685.189    0.051922974761   -0.679298409523    0.3480    0.3270   0.317   27
57689.269    0.334663541294   -0.183999605952    0.1741    0.2557   0.068   30
57694.229   -1.222884707730   -1.859900406487    0.2332    0.4015   0.328   36
57696.271   -0.893331683638    2.540098793702    0.1527    0.2451   0.163   43
57699.186    0.887941791625    0.453999602712    0.4223    0.4355   0.405   24
57700.208   -3.833507035104    0.890798398245    0.5105    0.9088  -0.692  111
57701.227   -2.423641614333    3.968099998986    1.0519    1.1738  -0.646    4
57709.248   -1.269135319029    1.853398791241    1.1304    1.1010  -0.636    4
57714.208    0.605487277029   -1.190300402243    0.1715    0.1828  -0.041   65
57717.313    2.028828879380    3.095798395236    0.4386    0.3364  -0.110   60
57723.248    0.129381987869    0.339598800281    0.1005    0.1876  -0.068  220
57724.271   -2.568488115702    0.039200399726    0.2940    0.2642  -0.149   14
57728.208    1.205295416700    1.300499995693    0.1456    0.1755   0.474  182
57729.228   -1.536693940283   -1.356199197744    0.3346    0.3607   0.142   42
57730.250    1.667356000893    2.423001600960    0.4959    0.5443   0.069   30
57732.292    1.773612683113   -1.529499598973    0.4387    0.3872  -0.020   56
57743.209   -1.091092083933   -0.436798808323    0.1439    0.1383  -0.213   64
57750.207   -7.111468113147    4.139798392089    0.7662    1.2323  -0.549   42
57757.209    1.372130080175   -0.897998398841    0.3332    0.2182   0.221   16
57758.272 1344.515769896748 2287.723100391759    0.5117    0.5433   0.242    3
57766.271 7807.699733354140-3496.779100809988    0.3269    0.4455  -0.092   33
57770.475   -0.150375935632    0.226501198597    0.1540    0.3522   0.125   89
57773.269 1058.016634484693 -966.088699202317    0.1094    0.1704   0.093   55
57775.461   -0.040714499910    0.585601199532    0.1255    0.2888  -0.114   56
57780.271  803.492306308677  999.798098391125    0.2363    0.2195   0.034   33
57794.271   -1.733177461244   -1.515301202915    0.1433    0.1871   0.136   66
57798.209   -0.298201693084   -0.060501606924    0.1933    0.2023   0.357  102
57801.269   -1.410148085759   -1.323500400474    0.1639    0.2120   0.111   50
57806.208   -0.286853579213   -0.351900000339    0.2629    0.5290   0.110  109
57809.367    0.301323781598    0.286599595256    0.1437    0.2991   0.291   45
57815.269   -0.188679896383   -4.180100400220    0.2639    0.4084  -0.059   51
57821.249   -2.524651430509    3.338701193911    0.1651    0.4522   0.159   14
57826.209   -1.228134863952   -0.916801201356    0.2033    0.2205  -0.075   42
57828.250    1.367448544109    3.453299994760    0.1223    0.3573   0.457   32
57829.269   -1.106270642265   -0.636998409220    0.1468    0.1889  -0.091   67
57833.207    0.668332868244    1.708401599387    0.2347    0.2927  -0.204   51
57834.230  -46.236615946471   -1.561201203515    2.8287    0.6196   0.135    6
57836.271   -0.310261453081   -1.524301197264    0.2347    0.3798   0.084   27
57840.209   -0.646341415959    0.519800394727    0.1485    0.1450   0.119   99
57841.228    0.669892315796   -3.128198397917    0.7395    2.7149   0.096   11
57842.250   -0.877441575951    3.021501602518    0.6789    0.7057   0.164   16
57843.270    0.083417331737    0.439599601521    0.2538    0.2217   0.154   25
57849.249    0.615841273327   -1.927699203463    0.1457    0.4299   0.231   17
57855.228   37.622072834010   -2.415499199060    0.7849    0.4929   0.073   26
57856.272   -0.788917017190   -1.372201207062    0.3742    0.2981   0.107   20
57868.209    1.545348753237   -4.047800405260    0.4103    0.6481  -0.301    9
57869.228   -1.749067665701    1.094799591783    0.4810    0.4775  -0.517  102
57871.270    0.997746253316   -1.896598807605    0.2525    0.2585  -0.457   36
57872.197   -0.779410822320   -3.543300002207    0.5558    1.0405   0.831    6
57875.167    0.567465981267    0.403099198820    0.4331    0.2962  -0.099   11
57877.227    0.152224725299    3.191299192906    1.3171    6.6530  -0.601    6
57878.271   -1.701400632818    0.814499993851    0.1005    0.1301  -0.125   70
57882.209    0.059018533703   -0.151498807099    0.1251    0.1652  -0.072   50
57885.270   -0.265147985325    0.605800798326    0.1898    0.2039  -0.211   44
57890.230    0.904397132521    3.003699599446    0.4613    0.6372   0.051   26
57892.271    0.146123283932   -1.697101198772    0.1383    0.2095   0.129   25
57896.209    0.631305786826    0.853300790027    0.1248    0.2324   0.392   94
57904.690    0.280043878668    0.151199999721    0.1940    0.3646   0.014   74
57913.270   -0.922697972906    0.184499992884    0.2007    0.3632  -0.439   13
57914.628    1.437815288454   -2.045300402642    0.1861    0.3890  -0.069   45
57917.207    1.463494256000   -3.241501198659    0.1579    0.1577  -0.068   35
57919.271   -1.068960992628    0.328100401248    0.4275    0.2861  -0.180   10
57920.301    1.389014498976   -1.330300797520    3.3658    3.9785  -0.992    3
57924.209   -1.460511709738    0.022798799648    0.1472    0.1667  -0.057   58
57933.249    0.699827225221   -0.493498809817    0.1561    0.2668  -0.411  136
57938.209    0.646058750970    0.567899992632    0.1582    0.2749  -0.227   48
57939.228   -2.910809062198   -0.830901606719    1.4691    6.2542  -0.161    6
57946.230  -39.859445187888  -29.962299598196    1.1313    0.7567   0.367   10
57948.268   -1.735165889933   -0.703598408336    0.1287    0.1654  -0.015   76
57960.230   -4.443389989801    1.009900796589    0.3709    0.4834  -0.157   73
57969.270    0.386160921867    0.248399994973    0.1644    0.2030  -0.157   46
57973.207    1.902994670982   -0.727099200049    0.0908    0.1171   0.041  202
57976.272    1.254664923104   -1.623600006440    0.1511    0.1798   0.062   84
57994.209   -0.819703114990   -2.154200402060    0.1527    0.1639   0.183   41
57997.270    0.201594134933   -2.994800401268    0.1456    0.1617  -0.196   71
58001.189    1.917608092875   -1.616500802015    1.2757    0.9375  -0.430    7
58002.208    0.714297524376   -0.267098407392    0.1445    0.2437   0.011  116
58009.228    4.577313874715   -2.676700806603    0.9092    1.7715   0.263   11
58011.270   -4.393455346959    0.029998800244    0.1168    0.1712   0.278   98
58016.230   -0.177614253960    0.879299999212    0.1596    0.4962  -0.040   20
58022.209    2.043016707086    2.237101192293    0.2618    0.2734   0.172   54
58032.268    0.032771042770   -1.842199199587    0.2222    0.2354   0.126   17
58037.206    0.681526481605    0.249001190866    0.1104    0.1295  -0.092   65
58038.229   16.367534756659   -4.841398808253    0.4819    0.4330  -0.301   95
58039.270   -1.276084465055   -0.005601599185    0.3970    0.3134   0.164   10
58043.207   -0.517385022278    0.336801601009    0.0860    0.1194   0.192  157
58046.268   -1.115068577958   -0.919299606039    0.2280    0.2584   0.083   28
58048.076   -2.278086853788    0.443599192579    0.2706    0.6549  -0.373   50
58059.249   -1.896042234778    2.896999197333    0.1461    0.3764   0.087   28
58060.272    3.655610116154    2.234300399095    0.1989    0.2096   0.115   35
58066.247   -1.352266695600    1.524499195682    0.7479    0.4720  -0.239    9
58067.270    2.752346643458   -5.712901204902    0.3022    0.3887  -0.069   14
58072.226   -4.521134958077    4.905399593724    2.2883    3.5266  -0.887    6
58073.249  -25.106492268986   -2.516698798161    0.1770    0.1649   0.164   94
58074.272    2.197651971543    0.251499595549    0.2232    0.2326  -0.087   19
58079.272   -3.782578177917    1.790398792423    0.4484    0.3150   0.328   11
58085.500    0.230534830013    0.762001201338    0.1006    0.2100   0.056   42
58086.500    0.904683184458    1.502701195477    0.0703    0.0980   0.035  168
58087.498   -0.385306443314   -2.216901606289    0.0850    0.2077   0.015   76
58087.498   -0.851762608405   -0.765900009014    0.0840    0.1076  -0.032  165
58088.498   -2.329727260330   -0.899600406967    0.1048    0.1178  -0.101  115
58089.499   -0.224004504280    3.214900793580    0.0462    0.1457   0.021  216
58089.499    0.518665191789    0.511401596270    0.0875    0.1132   0.052  130
58090.496    0.322321116308   -0.394099204470    0.0579    0.1331  -0.264  213
58090.500    0.608606075364   -1.209499201593    0.0861    0.1042  -0.053  131
58091.453   -0.621656759527   -2.999098799705    0.0214    0.1597   0.319   16
58091.497    0.284868440702    2.629198797877    0.0512    0.1341  -0.259  149
58091.497    2.654884606754    0.945201600189    0.0964    0.1416  -0.340  115
58092.454   -0.325583037382   -1.249801209724    0.3651    2.0436  -0.729    7
58092.498   -1.054633622671    0.162201592957    0.0762    0.0959  -0.075  161
58093.499    0.089093082147    2.015200793437    0.0635    0.1310  -0.310  120
58093.499   -4.578304702112   -0.314499607157    0.0962    0.1059   0.055  109
58094.496   -0.643219230676   -3.311600401901    0.1182    0.1117   0.140  114
58095.478    0.005818776378    1.571900395447    0.1758    0.9395  -0.724   12
58095.497   -0.606478201195    0.233999993782    0.0726    0.1639   0.264  176
58095.500   -0.562924084222   -5.720601605219    0.1420    0.1265  -0.047  107
58096.497    0.353672447316   -0.460501205168    0.0524    0.1299  -0.232  173
58096.497   -1.703954197945    1.113299992994    0.0817    0.1074  -0.060  179
58097.498   -0.171373270342   -0.471700809612    0.0545    0.1147  -0.114  160
58097.498   -0.703514643712    0.435499201501    0.0904    0.1173  -0.040   95
58098.499   -0.983133024962    1.422601198442    0.0718    0.1419  -0.236  109
58098.499    2.380516381726   -0.206999997943    0.1452    0.1260   0.110   94
58099.500   -1.760841373761    2.154099593099    0.0825    0.1242  -0.130  134
58102.268   -1.084282480158   -2.424898809750    0.1953    0.2531  -0.093   45
58116.268   -1.027677872562    1.358899194770    0.2592    0.6397   0.405   11
58122.229    1.097479383698   -4.031798408732    0.2667    0.3829   0.142   66
58123.270   -1.284170851393    1.505901592225    0.2165    0.3470   0.172   41
58127.208    0.660815102062   -1.139601603484    0.1838    0.2362  -0.242   71
58130.268    3.764137795281    7.699100390823    0.1596    0.2754   0.115   49
58134.209   -0.352252735554    0.597599998287    0.1370    0.1734   0.051  136
58136.247   -1.216075103956    6.173701191869    0.5607    2.9851  -0.168   11
58137.270    0.372541811088   -0.492199202995    0.1863    0.2183  -0.117   37
58142.227   -0.475393739805    0.634798799126    0.3024    1.1002  -0.040   43
58144.268   -4.341106681240    0.478501193868    0.3259    0.5101  -0.299   10
58151.270   -0.740967319318   -0.898200003974    0.1760    0.2426  -0.042   54
58164.248    6.547835769748    8.449999202753    2.5383    6.3763   0.672    6
58169.208   -0.380059674039    0.244400391125    0.1778    0.2174   0.147   34
58172.272   -0.695142302207    0.626799591430    0.1849    0.1901   0.050   28
58176.209    0.034333877271   -1.763200798166    0.1548    0.1925  -0.052   36
58177.229-1205.207387410049  347.329598400847    1.6516    1.4935  -0.021   19
58191.229    0.741253274485    0.732999593822    0.1611    0.4514   0.128   37
58198.227    0.226844024574    0.393400793541    0.3877    0.3662  -0.039   55
58205.269   -0.227834948740   -0.426600003323    0.1555    0.2225  -0.033   35
58212.209   -0.013901775769    0.285998399363    0.1601    0.1726   0.077   98
58213.228    0.257347554154   -0.396601203079    0.4273    0.8270  -0.069   20
58214.269   -0.681097500470   -6.333001208247    0.2508    0.5306  -0.284    7
58216.836   -1.766799789160    2.539598393980    0.1456    0.3270  -0.058   90
58218.206    0.000000000000   -0.363301209916    0.3006    0.2367  -0.191   27
58219.229    0.090938484867   -1.469098801010    0.4074    0.3062  -0.208   17
58220.248    0.782250342614    0.062798393685    0.1563    0.4541  -0.110   20
58221.270    0.352113096533   -0.400701603098    0.1694    0.2083  -0.177   33
58232.210   -0.344166349216    0.335498400261    0.2827    0.2156   0.194   32
58235.270   -0.951070144599   -5.303098798493    0.2134    0.3046  -0.081   32
58238.207   -0.238760952142    2.272499999378    0.1982    0.4113   0.062   56
58240.165    0.323029375485    1.087300796598    0.2711    0.3926   0.471   82
58245.742   -0.485747736103    3.650399995081    0.1528    0.3438  -0.249   45
58246.184   -0.542352343699    1.594501196678    0.9771    4.3981  -0.369    9
58247.207    0.040292195900    0.179798396971    0.3902    0.2155   0.098   13
58253.208   -0.452837054312   -0.662000400098    0.2052    0.3483   0.501   42
58254.227   -0.783527221947    2.143101593788    0.7340    0.5002  -0.163   22
58255.250   -0.089515386157   -1.614898806679    0.2695    1.0035   0.161   12
58256.272    0.124135218595    0.695599200640    0.1236    0.1822  -0.048   73
58258.146    0.571722019915    2.001398394214    0.1945    0.2893  -0.234   81
58261.207   -0.569025525589    0.032000399131    0.2209    0.2500  -0.021   37
58263.270    0.864533917756    0.407800794733    0.4450    0.4868  -0.505    9
58277.271    1.016755256108   -2.820898804146    0.3491    0.3685  -0.173    6
58279.305   -0.456807041023   -1.244498405129    0.2766    0.6005  -0.078   36
58282.227    1.566063519728   -8.510299204545    0.1505    0.5145   0.007   34
58284.269   -0.601085019005   -0.809899206899    0.2444    0.4792  -0.430    7
58288.206   -0.216061143910    0.009601190243    0.1708    0.1835   0.076   35
58295.208    0.204573294248    0.246898795808    0.1204    0.1528   0.003  100
58298.269    0.078735698902    0.825598802123    0.1559    0.2981   0.037   49
58302.210   -0.709755627330   -0.341398806825    0.2154    0.2435   0.066   41
58303.229    0.200882488808   -1.944799201681    0.4548    0.4004   0.406    8
58305.271   -0.009788859859    0.636501590634    0.4072    0.4832  -0.258   16
58312.269    0.098030656861    0.234298801161    0.2013    0.3347   0.070   67
58316.206************************************    0.1242    0.1384   0.098   72
58319.271   -0.256636101569   -0.447699605388    0.2349    0.2791   0.162   27
58323.208    0.262737349397   -0.114598800849    0.1455    0.1594   0.037   68
58324.227   -2.845978429243    1.832900397858    0.4764    1.1464   0.061   28
58326.269    0.205564121644   -0.066200408355    0.2073    0.2471  -0.052   23
58326.959   -3.921891954844    4.538800797604    2.1289    2.8358  -0.981    3
58330.955   -1.039169012402   -1.600199998109    0.4125    0.7354  -0.191   15
58331.229   -0.020993947763    0.431701189996    0.9237    0.7853   0.283    4
58332.255    0.288273290975    0.826199998016    2.5615    1.9353   0.826    3
58333.271    0.492560630055   -0.898898402113    0.4007    0.6179  -0.459    7
58337.208   -0.358211150953   -1.464699606402    0.2271    0.2208  -0.104   53
58340.269   -0.008369051327    0.377499593185    0.3218    0.5051  -0.243   18
58344.206    0.267844576420   -0.820400400414    0.2737    0.2542   0.365   20
58350.185    1.671043419384   -0.946501207011    0.7303    0.7525  -0.269    4
58358.206    0.323029375485   -0.489898809519    0.2772    0.2185   0.263   30
58363.696   -0.540649966948    1.224500398678    0.1506    0.3239  -0.085   36
58366.227    0.982707334004   -0.089200800346    2.4943    1.1291   0.323    5
58368.269   -0.380910862415   -0.792399605132    0.4050    0.3616  -0.036    9
58372.206    0.843962177234   -1.739800802625    0.4412    0.4377  -0.591   34
58375.271   -7.029327563972    3.965601594302    0.4267    0.6150  -0.180   35
58379.208   -0.315225654136   -0.568101597764    0.1173    0.1501  -0.122  182
58380.227    0.845524914964   -2.416701603636    0.2676    0.2298   0.024   45
58382.002    0.469721279573    0.157701602177    0.1738    0.3468   0.034   45
58386.484   -0.109804461691    0.613598400889    0.2095    0.4362   0.033   24
58389.271    0.258624336718   -0.660398404762    0.4432    0.4156  -0.099   25
58393.208    0.910215908899    0.143701191746    0.1567    0.1756   0.047   51
58396.269   -0.176054903178    0.329101200691    0.4191    0.5296  -0.434   10
58408.227   -6.274032874698   -3.817198806644    0.4065    0.1936   0.083  179
58410.269-3461.300503304487 1595.563801197386    0.2416    0.2988  -0.041   37
58414.206   -0.633290925336    0.349599594074    0.2636    0.1824  -0.019   34
58417.271    0.167546212830    0.223898391027    0.3156    0.2109   0.189   31
58422.271    0.281463687200    0.329299199109    0.2688    0.3233   0.059   38
58428.206    0.709759014278   -0.076701601870    0.1825    0.1875  -0.062   34
58430.248   -1.693457272449   -1.623801598782    2.0271    1.8480  -0.024    3
58431.267   -1.828229055561   -0.976899598015    0.9579    0.6345   0.325    6
58437.246    2.482234553848   -0.476100004221    0.3848    0.6538  -0.010   18
58437.250    0.039723672513    0.277700397078    0.0750    0.1562  -0.194  167
58438.269    0.793315888266   -0.062899202646    0.4070    0.3516   0.502   12
58442.206    0.747776826323    7.405498793389    0.2673    0.7837   0.613   30
58450.227   -1.089815301370   -6.334599609659    0.9532    2.2515   0.720    5
58456.206    3.447066738425   -3.352100408449    0.3400    0.5495   0.004   29
58457.233    1.323897910854   -2.883499199413    0.6152    0.4899   0.065   15
58459.271    0.055327825033    0.272300390236    0.2025    0.2526  -0.251   57
58463.208   -1.435118794129   -0.654901208463    0.3836    1.6546   0.659   57
58464.227    0.807360690004    1.956700798189    0.5393    0.4116   0.182   18
58464.227   -1.963994956247    0.014400001191    2.8065    1.0546   0.793   14
58466.269    0.712026527468    0.320698795520    0.4304    0.3795  -0.050   27
58473.271    0.374812807995    0.188798391321    0.2350    0.2996  -0.193   29
58479.206    1.684805556132    0.755999998603    0.5112    1.0590  -0.106    4
58480.269    0.073063335440   -0.047401199765    0.2853    0.5816  -0.199   20
58486.208   -0.249826497795    0.804099596508    0.1827    0.2393  -0.042   29
58487.271    0.506605431792   -0.621500406339    0.3394    0.3553   0.127   19
58491.208   -0.268692377848    0.732801595404    0.2406    0.2742  -0.175   61
58491.249    0.383750382709    0.512999997682    0.0550    0.3380  -0.076   18
58494.386   -0.116328110298    0.569498394043    0.3420    0.3049  -0.202    7
58498.207   -0.299052881460   -0.619801208757    0.1955    0.2327   0.227   23
58501.271   -0.306145053454   -0.605300398604    0.2721    0.2931  -0.021   64
58504.916   -0.610308548885    0.262400392614    0.4234    0.6488  -0.155   38
58506.249   -0.191093822489    2.320999200833    0.0356    0.2284  -0.118   31
58508.269    0.168397401205    0.873298796478    0.2187    0.3616   0.207   15
58512.207   -0.436238687448   -0.172400397958    0.1891    0.1863  -0.014   32
58519.208   -0.310826686290   -0.766198803603    0.1503    0.1798  -0.077   69
58519.249    0.450994941770    1.878098393604    0.0211    0.1269   0.304   15
58520.228    0.607754886989   -0.546699607185    0.4919    0.5038  -0.565   12
58526.207   -0.296781884553   -0.324201606361    0.3143    0.2231  -0.012   14
58527.229    2.277664549778   -7.877098806830    0.5152    0.3850   0.116   39
58534.209    0.286288249234    0.339098400559    0.1163    0.1395   0.035  104
58534.249    0.047667032883   -1.505199600160    0.0275    0.1477   0.199   29
58540.207   -0.764940523165    0.321400800374    0.2240    0.2328  -0.297   20
58547.249    0.727634163706   -3.088900808734    0.0214    0.1363   0.383   31
58550.269    0.165418241891    0.260701195032    0.3533    0.3646  -0.214   51
58561.209    0.356937658568   -1.091998798586    0.1773    0.3240  -0.274   72
58561.249    0.003122185283   -1.879401607141    0.0322    0.1505   0.588   16
58562.228   -0.044827512589    0.104500792020    0.4095    0.4321  -0.774  136
58564.269    0.100727247956   -0.464198407713    0.4412    0.4917   0.264   15
58575.209    0.496248048547   -0.303001208124    0.1457    0.1577  -0.285   51
58575.249   -0.327142388164    0.673401596885    0.0393    0.2079   0.178   26
58576.228    0.758559803756   -0.312800409574    0.0511    0.0959  -0.119  112
58577.250   -1.720126970621   -2.525101203332    0.3309    1.1524  -0.033   45
58578.269   -0.682660334970    0.089899198485    0.3229    0.3158  -0.261   15
58582.207    0.020714669721    0.800899199760    0.1126    0.1623  -0.092  113
58584.249    0.230391804045   -2.862900009859    0.5782    0.5762   0.225    3
58589.209   -0.377506108912   -0.765698403882    0.3065    0.2537   0.210  146
58589.249   -0.361190310268    0.602899196167    0.2525    0.8689  -0.619   11
58590.228   -0.211236581876   -0.129499201762    0.1891    0.3248  -0.671  137
58591.269    0.549733857808    0.097700394974    0.2659    0.2414   0.055   29
58597.208    0.469295685385    0.211600797684    0.1399    0.2210  -0.160   83
58599.271    0.511569536077   -0.247899608041    0.5695    1.2897  -0.437    3
58603.209    0.143995312993   -0.408600001833    0.1352    0.1587  -0.090  130
58603.249    0.361758833654   -4.142998801626    0.4456    1.8628  -0.796   14
58606.269   -0.874887914054    0.514900800397    0.3342    0.2852  -0.470   53
58611.208    0.339488103328   -0.354898804744    0.1621    0.2158  -0.162   34
58617.209    0.222588082696   -0.274798807709    0.1456    0.1642  -0.365   78
58617.249   -0.440494726096    0.348800399763    0.2780    1.1489  -0.770   13
58622.004   -1.761409993917    0.741499201240    0.2954    0.7446  -0.353   55
58624.207   -0.429711748663   -0.239698808002    0.1857    0.2182  -0.234   48
58627.271    0.464753691570   -0.094701603359    0.1970    0.2893   0.363   47
58631.757   -1.058463970362    3.911299201320    0.2720    0.9479  -0.530   63
58632.210    0.323172401454    0.289900800965    0.1373    0.2100   0.086   35
58634.270    0.672020286735   -0.021999605337    0.1840    0.2188   0.000   65
58635.004    0.918584960226   -2.112400801479    0.4817    0.8113  -0.024   43
58638.207    0.042134211672    0.141800401821    0.1218    0.1692  -0.116  104
58639.226    0.523772322043   -1.151701198410    0.1976    0.3792  -0.394   15
58641.271   -0.135054448101   -0.028198806490    0.2070    0.3279  -0.021   37
58646.250    0.317357012023    0.476301596564    0.3523    1.4289  -0.711   16
58648.270    0.081575315966    0.335800801565    0.1741    0.2107  -0.125   55
58653.230    0.834033775124   -0.356799607459    0.2200    0.2049  -0.199  134
58659.249    0.822256583346   -1.313499606681    0.2628    1.1063  -0.403   22
58662.270    0.062705952194    0.349099194352    0.1447    0.1762  -0.184   63
58666.207   -0.112783717775    0.139600791726    0.1371    0.2048  -0.075  173
58669.271   -0.647761224491    0.449999998864    0.2012    0.2601   0.004   38
58673.209    3.401810244701   -1.160600409378    0.3143    0.1684  -0.327   93
58676.270    0.723517764078   -0.056901606627    0.2976    0.2832  -0.213   32
58680.207   -0.287844309839    0.223700392610    0.1649    0.1767  -0.254   60
58682.249    0.271817950079   -0.262501201576    0.3848    0.2723  -0.074   40
58687.249    0.589454143374   -4.747899609470    0.3731    1.4118  -0.732   16
58694.207    0.501641230737   -0.389300406312    0.1149    0.1513  -0.085  114
58697.271   -0.025249986410   -0.221698806513    0.1805    0.2155  -0.103   48
58701.249    0.501072610581   10.153299602678    0.0415    0.2495  -0.105   49
58703.251    0.320475810358   -0.728899206592    0.1562    0.1334   0.076  353
58715.249    1.416960979712    7.341598791299    0.1421    0.3194   0.028   24
58722.207   -0.221876533341   -0.541501205475    0.1674    0.2347  -0.077   34
58725.272   -0.484188385320    0.193899590784    0.2825    0.2642  -0.115   93
58732.248   -0.841973845316   -2.364300000579    0.1775    0.2874   0.776   53
58743.249   -3.193406602763    3.081398394045    0.0928    0.2283  -0.554   32
58744.228  -34.107904562491   -1.025701200774    1.1134    0.5767   0.164   14
58750.207   -0.707484630423    1.663599600477    0.3462    0.5611  -0.392  104
58757.209   -0.357359962578    0.318599994387    0.2023    0.2991  -0.165   44
58757.209   -0.549161947474   -0.087598805010    0.1975    0.4526  -0.143  168
58757.209    4.496593134073   -1.945501206535    2.4796    0.9933   0.675   21
58757.249   -0.565195081129   -1.646701207392    0.4057    1.3097  -0.445   26
58765.208    0.738699709358   -1.790899204934    0.8147    0.6543  -0.688   19
58771.209    1.020871655735   -0.519998405935    0.2644    0.2402  -0.101   42
58771.209   -0.380910862415    0.433198795236    0.0954    0.2376  -0.702  293
58772.228    0.415670237103   -1.554400806469    0.2858    0.4971   0.221   25
58774.270    1.522366473556    1.743299993962    0.2032    0.2489  -0.105   37
58781.272   -0.408431748963    0.611301601339    0.3850    0.4923  -0.088   38
58785.249   -0.460211794525   -0.591800400684    0.3395    1.3365  -0.855   15
58787.269    0.199891758182   -0.221299202963    0.3055    0.2856   0.045   32
58792.207   -0.110512720868    0.471999591412    0.1876    0.2519   0.167   29
58795.272   -0.110087126680   -0.483699608367    0.2439    0.5012   0.281   21
58800.228  -14.180522736580  104.713801201228    1.2832    1.8899  -0.829   26
58802.248    0.816158625697   -3.713698801278    0.0332    0.1161  -0.704   23
58809.272   -0.916028008152    1.133200797199    0.4479    0.3609  -0.266   15
58813.209   -0.232516484806    0.206398802050    0.2126    0.1813  -0.056   86
58813.249    1.594861285610   -6.485198400696    0.2148    0.6464  -0.969   19
58814.272    0.066536396654    0.856799994153    0.2623    0.2912  -0.142   33
58816.084    0.115197643881    2.730398396977    0.8447    1.4014  -0.092   10
58827.209   -0.078167175515    0.188200802143    0.3103    0.3233  -0.443   11
58827.209    0.036601487230   -0.614800805465    0.0578    0.1759  -0.274  350
58830.270   -0.003118798335   -0.169200001210    0.2507    0.3206  -0.008   30
58837.272   -0.107250896564    0.399599994694    0.1740    0.2655   0.031   74
58844.248   -0.066676035675    0.717501590941    0.2091    0.8672   0.763   11
58844.270  -21.781003700311  -54.765399600853    3.8539   10.1003   0.992    3
58856.206    0.571722019915   -1.263499206061    0.5829    0.6359   0.439   16
58858.248 -340.610461005034  480.275600396851    5.6998    7.0949  -0.916    3
58858.270   -0.115762877090   -0.440499604792    0.2631    0.2986   0.061   34
58865.272   -0.303026351889   -0.140698806206    0.3507    0.4304  -0.335   46
58870.206   -0.607186363602    1.711000800242    0.1090    0.1911  -0.032  108
58870.250    0.433685025551    0.273099597337    0.1409    0.6114   0.370   15
58872.270   -0.184566883704   -0.051400803613    0.1503    0.2445   0.041   68
58876.207    0.113352241162    0.247201197112    0.2168    0.2449   0.231   21
58877.230    0.590448357718    1.525600791297    0.1084    0.3246   0.067   64
58879.272    0.490150090897    0.157201202455    0.1425    0.2327   0.054  106
58883.249   -0.115476921923   -0.320799604481    0.1163    0.4146   0.080   20
58886.270   -0.130798409453   -0.285998399363    0.1940    0.2551   0.044   71
58893.272   -0.390839264525   -0.812998807476    0.3259    0.4832   0.349    9
58900.248    0.156194712010    0.509500793555    0.1076    0.4191   0.021   14
58905.227    0.387155136211    0.020800794687    0.2437    0.9794   0.173   16
58911.250   -0.492557339877   -1.143298806028    0.0644    0.1794   0.236   43
58920.249   -1.435684027337   -0.182901604262    0.1268    0.3906   0.220   37
58921.268   -0.161301939034    0.484401600431    0.2574    0.2187   0.153   71
58925.209   -0.004113012679   -0.353901599226    0.1687    0.2353   0.179   74
58925.250   -0.116328110298   -4.955101199755    0.0920    0.2234   0.171   46
58932.208   -0.106539347209    0.196999191360    0.1317    0.1536   0.088   71
58935.268    1.172949968118   -0.127900800351    0.6047    0.6571  -0.720    9
58939.209    0.032345448582    0.130100397655    0.1744    0.2926   0.147   16
58939.250   -0.508164879345   -0.633600001265    0.2328    1.1018  -0.800    9
58941.251   -0.015178558332   -0.313099204163    0.2428    0.8282   0.275   16
58947.227   -0.676276325383   -2.612800804513    0.2311    0.5155   0.068  105
58948.271    0.126545757753   -0.502999203889    0.3127    0.2798  -0.442   70
58954.207    0.004398967846   -0.190800002997    0.1328    0.2021   0.002   52
58955.229   -2.672473801014   -4.288399203745    2.2593    2.4603   0.627   44
58956.270    0.068095747437    0.307400402733    0.2130    0.2405  -0.019   46
58960.208    0.116474426445    3.668399996570    0.2503    0.6362   0.819   51
58962.271    0.514409153141    0.275698798191    0.2034    0.2908  -0.123   87
58967.210   -1.413552839262    1.292101197237    2.2098    2.0058  -0.936    4
58969.270   -0.967951079682   -0.269600406000    0.2940    0.4073   0.022   18
58977.272   -0.003261824304    0.068399992870    0.1561    0.2126  -0.085   44
58983.251   -0.036884152219    0.072399596718    0.1600    0.2299   0.077  192
58995.188    0.380202603238   -0.222001207817    0.1352    0.2811   0.106   74
58998.270   -0.109092912336   -0.027601204522    0.3637    0.3125   0.020   25
59003.209   -0.324445797069   -0.026798403496    0.1378    0.2146  -0.124   68
59005.269    0.217341313422   -0.034801205118    0.2913    0.3137  -0.101   15
59009.250   -0.113774448401    1.689098397151    0.2402    1.0379  -0.746   32
59010.229   -0.535685765893   -0.782499607510    0.1209    0.3646  -0.001   52
59011.270    0.380345629206    0.655700389984    0.1921    0.2815  -0.091   42
59016.208    0.831480209997    0.452401201301    0.4940    0.8492   0.021   35
59017.230    4.527236205904    2.030601594072    0.4642    0.3868   0.286   34
59023.206    0.316505823647   -0.127900800351    0.1145    0.1817  -0.113   88
59023.250    0.307282196997    0.989899196213    0.2491    0.7013  -0.590   51
59031.227   -0.522917843489   10.038599992868    1.9243    3.9714  -0.187   70
59032.271    0.438227019366    0.151199999721    0.2233    0.2615  -0.076   59
59037.250   -1.721972373341    4.093199993349    0.2428    0.8127  -0.653   44
59038.229    0.564629847921    0.048398392494    0.3236    0.5489  -0.161   44
59040.270    0.492417604087   -0.060800401513    0.3594    0.3243  -0.366   26
59051.210    0.126263189534    0.100000801240    0.1056    0.1381   0.042  157
59051.250   -0.139735984167    0.907300794495    0.0796    0.2841  -0.035   53
59053.248   -0.958022677572   -1.307098800396    0.4464    0.3816  -0.040  118
59058.208   -2.567068307170    0.922899593547    0.2982    0.3427   0.031   43
59061.269    1.548896629478   -0.621298801207    0.5999    0.4463   0.163    8
59071.916   18.948504742827  -12.453800397338    0.8382    0.5748   0.302   11
59074.250   -0.378922433727   -4.486500003509    0.2865    1.0656   0.030   30
59075.269   -0.187546043018   -1.027699205736    0.4553    0.7179  -0.200   23
59080.207    0.047527393862   -0.252601203954    0.3439    0.3610  -0.329   44
59080.251    0.166126404298   -3.861601202004    0.0721    0.3526  -0.539   36
59081.230   -0.837435238448   -0.481399202101    0.4047    1.4421   0.264    6
59086.208   -0.036315532063    0.245599201776    0.1582    0.1923  -0.117   92
59089.269    0.768631231834   -0.582598801202    0.4020    0.4039  -0.035   33
59093.206    2.448469199964   -0.510001206067    0.2238    0.2150   0.234   45
59093.250    0.655139351652   -4.231501203833    0.1673    0.5184  -0.621   53
59101.209   -0.718550272846    0.528699592905    0.2269    0.3306  -0.625   67
59103.269    0.463619934975   -0.922201208198    0.3458    0.5434  -0.379    8
59107.250    0.255927745622   -1.768701601179    0.1575    0.7567  -0.717   34
59110.271   -0.055610490022    1.229000402247    0.4626    0.4916   0.224   28
59115.231   -0.088950152949    0.559501194175    0.0925    0.1889  -0.015  128
59121.206    0.257912787363   -0.149101198588    0.1705    0.1803   0.010  103
59121.250   -0.825661530389    3.781799999558    0.0771    0.1754  -0.451   57
59122.229    0.074197092035    0.362098792550    0.2437    0.8643   0.384   38
59131.269    0.184709812902   -0.349099207142    0.2536    0.2998   0.114   15
59138.271    0.268838693995    0.291898793137    0.3689    0.4007  -0.082   17
59143.231   -0.635275870307   -0.419698797316    0.2292    0.6537   0.148   45
59145.269   -0.738413754191   -0.158799603867    0.2598    0.2667   0.168   69
59152.249   -1.861425692519    3.504801594545    0.2004    0.3610   0.017   49
59152.271    0.174355816605    0.781801196581    0.2100    0.3094   0.013   45
59159.269   -1.247286795943   -0.562798805959    0.2979    0.3396   0.102   37
59163.206   -0.040857525878   -0.534398407126    0.2128    0.1940   0.101   36
59163.250   -0.145837425534   -0.120301208995    0.0621    0.1819  -0.262   73
59165.248    0.503769201676    0.933001196302    0.2138    0.7217   0.451   34
59170.208   -0.214076198940    0.092998799062    0.2328    0.2545  -0.103   37
59172.250    0.000994117574    0.292899592580    0.0939    0.2219  -0.362  118
59178.207    0.008511883756   -0.371800804544    0.2976    0.2529   0.208   20
59184.208   -1.155783077868    1.242899990928    0.5750    0.3917   0.112   25
59186.250   -0.204852572289   -0.017600397939    0.1561    0.6705   0.344   42
59192.229   12.308174427607  -38.951200805570    1.3451    1.6067   0.191    5
59194.249    0.965118139744   -2.883099608653    0.0743    0.3218  -0.788   48
59201.269    0.277490313541    0.063298793407    0.3711    0.2722   0.015   23
59206.251    0.141724316085   -2.738599209806    0.0567    0.2667  -0.575   68
59206.269    0.375946564590   -0.473400007195    0.5649    0.3450  -0.137   11
59222.249   -0.021988162107   -2.133399607374    0.0617    0.2921  -0.235   36
59226.208    0.262168729241    0.066801591458    0.2261    0.2426   0.114   29
59229.269    0.346011655166    0.097300791424    0.3000    0.3946   0.285   60
59231.585   -0.496530713536    1.065398393507    0.2516    0.3047  -0.324  139
59233.206   -0.123423669240    0.133999192542    0.3183    0.3106   0.144   30
59234.229   -0.011773804830   -1.061100007860    0.1356    0.3436   0.097   82
59236.249   -0.048092723841   -0.148701607827    0.0861    0.3596  -0.005   46
59236.271    0.912057924671   -0.390200409583    0.4770    0.3788  -0.206   12
59240.208    0.864676846955   -0.062398802925    0.2334    0.2242   0.089  113
59243.269   -0.097319107506   -0.515901599840    0.3213    0.4154   0.168   24
59247.207   -0.156051782812   -0.392101199509    0.2166    0.2338   0.156   73
59247.250    0.465890931883   -1.728698400427    0.0986    0.4143  -0.092   27
59249.248    1.011934081021   -0.389498404729    1.1302    0.6289   0.550    9
59250.271   -0.011065642423    0.868499998319    0.7367    0.4114   0.283   18
59262.207   -1.134503174938   -1.327298399190    0.4484    0.4753   0.314   86
59262.248    0.286996508411   -0.619099203902    0.0560    0.1751   0.212   25
59268.208    0.536114747029    0.078901199174    0.1875    0.2092   0.181   76
59269.227   -0.588177457580   -0.427701598937    0.2142    0.2749  -0.217   36
59270.250   -0.299052881460    0.110401198583    0.1155    0.3112   0.261  121
59275.207    0.178894423472    0.267501592077    0.4018    0.2727   0.031   47
59276.229   -1.863128069270    0.222098397273    0.2245    0.4250   0.242   70
59277.248   -0.553986509508   -0.227998803837    0.2266    0.5398  -0.100   55
59278.249    0.196626546930   -1.781200799655    0.0809    0.3394  -0.239   33
59283.227    0.380345629206   -0.010101602754    0.1482    0.3581   0.097   85
59284.250    0.129524917068    0.004600799741    0.1799    0.2744   0.218   72
59289.250   -4.583554955104   10.324799997363    0.0896    0.4374  -0.376   22
59290.226    0.329413385072    0.459298800592    0.1968    0.3826   0.171   40
59291.248   -0.062420093797    0.118198801147    0.1396    0.2452   0.143   70
59299.269    0.031494260207    0.866199592053    0.2525    0.3165  -0.123   40
59303.207   -1.474130917287   -0.662299207477    0.4311    0.4303  -0.022   15
59305.248   -0.051923071531   -2.871601209620    0.0873    0.4258   0.062   26
59305.270   -0.076182230545    0.816199191433    0.6380    0.7351  -0.432    7
59311.209   -0.656981464194    0.762400792098    0.2006    0.4400  -0.042   35
59313.269   -0.002410635928    0.239799591384    0.4090    0.2611  -0.275   26
59317.207    0.532566870788    0.771001195687    1.5150    0.6175   0.333   27
59318.229   -0.138033607416   -3.984598801310    0.2530    0.6541   0.028   60
59320.249    0.119879179947    2.084299197236    0.0388    0.2535   0.367   38
59320.271   -0.540936018885   -0.047599198183    0.3664    0.4950  -0.154   28
59324.209    0.286996508411   -0.611798407135    0.3113    0.3172   0.266   16
59325.217   -0.277916004499   -0.578800802487    0.1619    0.4115  -0.022   35
59326.250   -0.130372815265   -1.173398402443    0.1284    0.3310   0.033  102
59327.269   -0.467164424268    1.660499999900    0.4082    0.8544  -0.386   27
59334.249   -2.627220791007    9.936698401702    0.0365    0.2321   0.020   33
59334.271    0.056604607597    0.434699994400    0.5362    0.5503  -0.290    7
59341.269    0.263162943585   -0.634600800709    0.3847    0.5921   0.175   31
59345.207    0.359773888684    0.681001201031    0.2890    0.3118   0.166   52
59348.249    0.669466721609   -3.108700803978    0.3108    2.0761  -0.502    7
59348.271   -1.372695410154   -0.065498403501    0.3539    0.3251  -0.183   29
59352.187   -0.828640689703   -0.328298399666    0.3635    0.4121  -0.064   15
59355.269    0.345020924540    0.444200401262    0.2417    0.2480  -0.100   28
59361.249    0.058875604504   -0.616100399498    0.1296    0.3305   0.325   63
59362.249    0.077033322151    1.956700798189    0.1935    0.8127  -0.556   43
59362.271    1.346168641180   -0.465800403049    0.3164    0.3209   0.083   27
59366.209    0.560513448294    1.023199202166    0.5871    0.7125  -0.178    3
59367.228   -0.137751039196    0.157399200873    0.0934    0.2358   0.233   86
59369.269   -0.211379607845   -0.054298799057    0.3026    0.3742   0.348   34
59373.207   -0.129807678827    0.461498397897    0.5647    0.5911   0.012    6
59375.249   -0.257061695757    1.483599598373    0.3091    0.9885  -0.527   40
59375.270    0.610308452115    0.502199996788    0.2169    0.2912   0.015   32
59380.209   -0.021419541950    1.599699598387    0.2961    1.3227  -0.204    8
59383.269    0.101292481165    0.592401596577    0.2480    0.4415   0.039   12
59390.249    0.241600375666    0.423100799196    0.2486    1.0980  -0.509   41
59390.271   -0.279049761094   -0.305999999739    0.2399    0.3261   0.207   21
59397.269    0.166409069287   -0.040899597309    0.1892    0.2762   0.091   36
59402.208    0.120444413155    3.022599591418    0.1568    0.2609   0.021   74
59404.249    0.337642700609   -1.693400402303    0.2430    0.7940  -0.507   38
59404.271    1.095916549197   -0.582901202506    0.4195    0.4343   0.368   21
59408.209   -0.151513175944   -0.424598404436    0.2079    0.2205   0.038   40
59408.209    0.329838979260   -0.708199208077    0.1922    0.2948   0.262   69
59410.250   -0.122003860708   -0.150998407378    0.4456    0.3968   0.423   58
59411.270    0.087816299584    0.443199601818    0.2361    0.2769   0.230   28
59417.249   -0.227269715532   -0.474501602810    0.1130    0.3165   0.152   85
59418.249    0.883828875716   -1.763701197888    0.2233    0.7795  -0.632   28
59418.271    0.610451478084    0.035600399428    0.2207    0.2843   0.100   33
59425.270    0.154635264457   -0.337201204559    0.1951    0.2028   0.157   69
59431.249    1.359787751959   -5.079499202054    0.3906    1.0036  -0.812   41
59437.210    0.435247860052   -0.109299602968    0.2214    0.3181   0.106   54
59438.251   -0.172081529519    0.294098390441    0.1175    0.4033   0.337   76
59446.249    0.597400890691   -2.325700809536    0.1586    0.7142  -0.654   54
59450.209   -0.419214726396    0.490798800001    0.2242    0.3908  -0.404   54
59453.270    1.226575416400    0.144298793714    0.5285    0.4538   0.293    9
59460.271   -0.119307269613   -0.215200797982    0.2880    0.3049  -0.109   14
59467.270   -0.074762422013    0.107200801835    0.3401    0.3020   0.132   28
59471.207   -0.307282293767   -0.163198798475    0.2072    0.2252  -0.102   49
59473.249   -1.355531906851    0.058399199077    0.3901    0.2440   0.016   68
59474.224    0.744515098789    1.615798797161    0.4928    1.0528  -0.165   26
59474.271   -0.153641146883   -1.011301199583    0.3585    0.4193  -0.107   13
59481.270   -0.032345545352   -0.470199597657    0.4050    0.5003  -0.536   10
59486.230   -0.678261367124    0.969800393591    0.1837    0.6302   0.285   79
59488.250    0.885813820686   -1.521900007617    0.2721    0.6018  -0.059   58
59488.272   -0.115337282902    0.171399598514    0.2729    0.3150   0.029   21
59493.228   -0.016172772676    0.124199991092    0.1327    0.5519   0.227   24
59495.270   -0.747208302936   -0.335401198015    0.2351    0.3839  -0.230   39
59499.189    1.110672900289   -0.564501597466    0.4702    0.5139  -0.053   45
59500.208   -0.570867444591    0.646199995913    0.1369    0.1968  -0.215  117
59502.272   -0.119024701394    0.582598801202    0.3124    0.3235   0.082   19
59506.209    0.184144579694   -0.084801605738    0.1540    0.1784  -0.058   87
59507.228   -3.222633349780   -2.217600004428    0.3398    0.3279  -0.139   10
59508.251    0.142435962210   -0.256499998841    0.1640    0.3185   0.234   70
59513.207    0.043271451984    0.787499998012    0.2712    0.2835   0.240   32
59514.230   -0.653433587953    0.589201199830    0.1205    0.3492   0.129   71
59516.250   -0.052205639750    0.036899993461    0.2770    0.8083   0.664   60
59522.229    0.030929026998    0.321199195241    0.1193    0.4466   0.306   55
59528.230    0.121155962510   -1.414400398403    0.1188    0.3713   0.061   64
59534.209   -0.931775186640    1.762801194616    0.2627    0.3381  -0.080   43
59536.251    1.219908838594    0.501800393238    0.7922    1.0989   0.155   15
59537.270    0.083703286905   -0.242398805028    0.1460    0.2302  -0.010   57
59541.189    0.097179468485    0.119300396761    0.1008    0.2532   0.179  114
59542.208    0.054050945700    0.073299599990    0.1570    0.1898  -0.032   33
59542.248   -0.390699625504    0.504698401471    0.1319    0.6564  -0.653   15
59544.272   -0.774729286254   -0.082400403301    0.2832    0.4575   0.079   30
59548.209   -0.136474256633   -0.369601207240    0.1777    0.2356   0.044   89
59555.207   -0.513411648619   -0.634701609670    0.1814    0.3162   0.334   60
59557.249    0.305865775413    0.378799200007    0.1193    0.3468   0.096   73
59558.250   -0.129096032702   -0.872099998617    0.1701    0.6476  -0.251   37
59563.228    0.530721564838    1.403600397509    0.0925    0.2884   0.225   69
59564.251   -1.123294603317    0.346399197326    0.4156    0.3771   0.063   27
59571.271    0.174212790636    0.064198796679    0.3085    0.4038   0.443   29
59576.209   -0.252662631141    2.018098801670    0.3187    1.1550  -0.446   76
59578.269    0.349985125595    1.265601601119    0.3356    0.4702   0.253   18
59583.207    0.177049020752   -0.019400404483    0.1844    0.2694  -0.014   66
59586.272    0.105122828855    0.236001592668    0.1759    0.2649  -0.019   37
59590.209   -0.071357668511   -0.055000803911    0.2273    0.2564  -0.099   73
59592.284   -2.048832096516   -1.190300402243    0.4848    0.6959   0.506   23
59593.248   -0.264436435970   -0.145299605947    0.0453    0.1911   0.228   79
59593.270   -0.063979444580    0.100299595829    0.1460    0.3894  -0.471   79
59594.585   -0.110795289087    1.427000393051    0.6617    0.6794   0.173   23
59597.083    0.201025514777   -0.608101204591    0.1294    0.4126   0.374   72
59598.208    0.082991737550    0.046900800044    0.1864    0.2525   0.031   73
59600.250    0.036887442397   -0.575701201910    0.0696    0.2332  -0.639   56
59600.272   -0.161867172242   -0.146498403808    0.1328    0.1877   0.067   62
59607.248    0.091221053086   -1.054699201575    0.3286    0.4404  -0.559   51
59607.270    0.104414666448   -0.001000799443    0.1675    0.2433   0.078   33
59611.207   -0.069512265791   -0.751500007823    0.1529    0.2061   0.050   44
59614.250    0.017166890250   -3.280701598385    0.0349    0.1805   0.260   38
59614.272   -0.112072071650   -1.413100804371    0.2580    0.5569   0.135   49
59621.248    1.121595516744   -7.687400399448    0.1282    0.2013  -0.940   51
59621.270    1.227995128162   -0.821098798554    0.1842    0.2476   0.131   47
59625.207    0.102569263728    0.560401197447    0.2491    0.2967  -0.102   47
59626.230    0.920430362946   -0.555598805363    0.4157    0.4070   0.177   45
59628.250    1.140039286327   -2.216998808535    0.0350    0.1257  -0.327   64
59628.272    0.136334520842   -0.114598800849    0.1712    0.2402  -0.082   44
59632.209    1.596989256548   -0.386499600324    0.3170    0.1911   0.141   84
59633.228   -0.180310845056   -0.356400003909    0.1322    0.3482   0.315   88
59635.248    0.607615247968   -3.047000399192    0.0445    0.1059   0.014   64
59639.207   -0.110795289087    0.082101595922    0.1603    0.2202   0.000   42
59642.250    0.332535570355   -1.643299205512    0.0263    0.0773  -0.411   80
59646.209    0.093774714983   -0.201999607441    0.2473    0.3396   0.185   23
59649.248    0.288555859194   -0.772498800927    0.1035    0.2843  -0.444   46
59653.207   -0.304303134452   -0.553399208059    0.1990    0.2164  -0.349   55
59654.230   -0.322317826130   -0.510199204484    0.1345    0.6271   0.161   40
59655.249    0.101435410363   -0.016099198774    0.1693    0.1633   0.216  111
59656.250    0.126545757753   -1.271901598443    0.1588    0.5722  -0.860   27
59663.270   -0.010214454047    0.149299197005    0.3147    0.4747   0.213   24
59667.207   -0.317353625075   -0.230400006274    0.1932    0.2412   0.128   38
59670.272   -0.466170209924   -0.193899603573    0.2300    0.2435  -0.097   17
59674.209    0.232094277566    0.363999595265    0.2048    0.2224  -0.018   30
59677.248    1.212105020475    4.462898390045    0.0752    0.1964   0.128   66
59677.270    0.823250797691   -0.616600799219    0.4102    0.3715  -0.052   17
59683.249    0.514266127173   -0.142498799960    0.3037    0.9564  -0.201   36
59690.251    0.266285128868    0.189899999725    0.1028    0.2576   0.044   82
59691.248   -0.124557425835    1.707800390705    0.0340    0.0996   0.049   93
59698.272    0.854319560479   -0.192700805712    0.3844    0.5919  -0.022    9
59705.248   -0.206841000977    3.180398395841    0.0581    0.2533   0.211   27
59705.270    0.212091060430    1.116100798981    0.2857    0.4757  -0.122   41
59716.209    0.540227662938   -0.467301602214    0.2836    0.4419   0.003   10
59719.248    0.075899565556   -0.160801202753    0.1614    0.3181  -0.298   62
59723.208   -0.513980268776   -0.727300805181    0.2410    0.3321   0.178   43
59724.230   -0.106964941397   -0.617198401187    0.1068    0.2714   0.202   96
59726.250    0.645067923574   -0.609800402174    0.1073    0.3282  -0.311   47
59730.082    0.109664822670   -0.708300004248    0.8377    0.6036   0.265   48
59731.207   -0.303877540264   -0.609098397319    0.2368    0.3303  -0.094   39
59733.248    0.174212790636    3.592799990315    0.5739    0.7140   0.542   46
59737.120   -0.066819061643   -0.128498402319    0.1500    0.3107  -0.005   47
59738.208   -0.181019104233   -0.196999204150    0.2801    0.2908   0.201   18
59739.227   -0.676415964404    0.280101599515    0.5067    0.3699   0.432  124
59740.250    1.220191406813   -5.736898802411    0.0602    0.2061  -0.031   64
59744.209   -0.766928855083   -0.853200006645    0.2629    0.3382   0.449   52
59747.248   -1.981301582288   -3.750300000149    0.0639    0.1437   0.105   90
59753.249    0.626055630604    0.436399191983    0.4171    0.5378  -0.026   21
59754.268   -0.358919313360   -0.481798805652    0.1886    0.2738   0.021   40
59767.249    0.655282377621   -1.448100007906    0.0568    0.3831   0.140   39
59774.251   -0.740681364151   -0.021200398237    0.4543    0.2632  -0.018   53
59775.248   -0.451274219811    3.808101597258    0.0634    0.3465   0.204   33
59786.210   -0.221311396902   -0.875001600775    0.2726    0.3351   0.247   47
59789.270    1.313114933420   -0.397501206351    0.5099    0.4699   0.204   12
59794.230   -0.126116873387    0.486201594185    0.1542    0.4268   0.443   57
59795.250    1.166426319510   -2.547900002980    0.1094    0.3626   0.042   22
59803.248   -1.344605903449    0.259300792038    0.3244    1.0020   0.375   14
59808.209   -0.649177646075    1.179899992110    0.5579    0.3955  -0.459   34
59810.272    0.245287794157   -0.168199201767    0.4290    0.5231   0.257    7
59817.270    0.440069035138    0.425300396500    0.3782    0.3962   0.200   33
59821.208   -0.276639221936   -0.461800799201    0.1804    0.2469   0.136   32
59824.250    0.256496365779   -2.109700804453    0.1397    0.4919   0.133   36
59824.272   -0.016172772676    0.169401593553    0.1931    0.2252   0.123   42
59831.249    2.548770950503   -2.993198405932    1.2675    1.2560   0.939   44
59831.270   -1.304742591915   -0.802299602753    0.3584    0.3916   0.137   25
59835.208    0.249969426993   -0.702201599267    0.2938    0.2641   0.205   66
59842.210   -0.144134952013   -0.425998807430    0.2149    0.2107   0.199   50
59843.229   -0.313097683197    0.457999193770    0.1691    0.4253   0.077   38
59845.249   -0.114768662746   -1.944000007370    0.1181    0.3468  -0.644   49
59845.271   -0.169953558580    0.051598802031    0.2936    0.3337   0.156   28
59857.207   -0.700392458429    0.080899191346    0.2319    0.2828   0.139   48
59859.249   -0.037452772376   -5.455799997378    0.0497    0.1836   0.005   61
59863.084   -0.074336827825    0.769100392972    0.1181    0.3290   0.084   73
59864.209   -0.230248971616   -0.043498798163    0.2341    0.1944   0.123   52
59870.210   -0.329978618280   -0.051098402309    0.1391    0.1906   0.139   48
59873.271   -0.199180208827   -0.288399601800    0.3037    0.2489  -0.348   21
59877.208   -0.070931977553    0.068698800249    0.2315    0.3170   0.157   38
59878.227   -0.344449014205    4.739400002052    1.1789    1.4727   0.023  115
59879.250   -1.044558807645   -1.038801607933    0.2161    0.5781   0.438   29
59879.272    0.182581745193   -0.179398806210    0.2062    0.2796  -0.075   30
59884.206    0.210388683678    0.340898394313    0.4033    0.4304  -0.243   58
59887.271    0.434679239895    0.172598396375    0.1805    0.2353  -0.174   44
59893.268   -0.214501793128    0.558799202111    0.4595    0.4016  -0.181    7
59898.206   -1.024130093091   -0.254700005087    0.2139    0.2903   0.223   37
59899.229   -0.135623068257   -0.873900005161    0.1582    0.5896   0.262   36
59905.208   -0.789199585409    0.546299990845    0.2049    0.2070  -0.012   55
59948.209    0.078453130682    0.504899993814    0.2538    0.2604  -0.068   45
59957.271   -0.752172503991    0.335699992604    0.3849    0.3250   0.171   31
59962.227    0.056604607597   -0.023799599091    0.1548    0.1711   0.171  146
59963.250    2.067418795298   -2.157300002636    0.1752    0.4401   0.293   52
59964.269   -0.289689712559    0.368600395007    0.2455    0.2961   0.003   30
59971.271    0.029934909424   -0.010598408551    0.1976    0.1991   0.091   82
59975.208   -0.347853767708   -0.941299198587    0.5018    0.5110   0.358   43
59977.250    1.034773334734   -2.358298797844    0.2422    0.8245   0.297   37
59978.269    1.444624892229   -0.098499602075    0.4595    0.3977   0.208   27
59982.206   -0.553843580310   -0.149698800556    0.3002    0.3920   0.256   42
59984.248    0.335371703701   -0.759999602451    0.1700    0.6265  -0.083   39
59985.271   -0.679255581468    0.303699593474    0.3979    0.3079   0.165   58
60024.206    1.726514270386   -1.399701602622    0.6283    0.8380  -0.272   15
60032.227   -0.297633169698    0.145400402118    0.1955    0.1802   0.207   94
60040.248    0.206415310020   -2.246698801400    0.0285    0.1518   0.098   87
60048.269   -0.143001195418   -0.007099204424    0.3104    0.2460  -0.073   13
60055.249    0.913334707234   -2.069798399873    0.0157    0.0618  -0.287   56
60055.271    0.494688600994    0.277801193249    0.3183    0.2873   0.097    7
60059.208    2.345760297215    0.459201598346    0.3017    0.3808  -0.027   21
60067.207    0.005393182191    0.783201599575    0.4088    0.4019   0.579   64
60069.271    2.288161475275    0.347101202181    0.5859    0.3330   0.160   24
60081.229    0.190528589281   -0.097200008042    0.1233    0.3679   0.119   32
60087.208    7.486280921142    1.129798795318    4.9255    0.9820   0.834    4
60090.269   -0.070223815146   -0.059698805899    0.2610    0.2951  -0.154   20
60096.270    0.538525286187    0.581101195962    0.3997    0.3690  -0.017   19
60102.228    0.586617913258    1.954699199302    0.2224    1.0968   0.488   14
60104.269    2.151401360244    0.873000001889    0.6845    0.5330  -0.092   11
60118.269    0.623788020644   -1.190401198414    0.4076    0.6153  -0.213   14
60122.207   -1.387877355433    1.289901599932    0.4553    0.5071  -0.423    8
60125.271    0.371973190931    1.654401594919    0.5589    0.5533  -0.197   12
60159.250   -0.233510699150    0.504899993814    0.1533    0.5488   0.189   19
60160.269   -1.062008362885   -0.435499201501    0.3265    0.3076   0.149   32
60167.249    1.561807577850   -4.598798398092    0.1156    0.2900  -0.839   41
60167.271    0.156480667177   -0.401198408895    0.3607    0.3965   0.034   11
60178.053   -1.413127245074   -5.283100804832    1.2417    5.0805   0.835    3
60181.271   -0.705782253672   -0.440798399381    0.3747    0.4476  -0.161   11
60185.209   -0.821831085929   -0.196401602182    0.5675    0.4934   0.077   12
60188.269   -0.667195821471    0.346201198909    0.3416    0.3470   0.080   22
60193.208   -0.822396319137   -0.008600403589    0.4687    0.4121  -0.017   35
60195.238   -1.415823836169   -0.669898798833    0.2834    0.5444  -0.116   39
60206.207    0.089375650367   -0.434001609051    0.3125    0.3747  -0.162    8
60206.207    0.094200309171   -0.435398405330    0.3125    0.3747  -0.162    8
60206.207    0.094200309171   -0.435398405330    0.3125    0.3747  -0.162    8
60207.230    0.968805558236   -0.806000399223    0.2015    0.6140   0.154   11
60208.249    1.303608738550   12.086499596364    0.0667    0.2544  -0.324   62
60208.271    0.126545757753   -0.646599599463    0.3704    0.3898  -0.246   12
60220.207   -0.952064358943   -1.282399198033    0.8654    0.5554   0.424    4
60223.249   -0.577963100303    1.364299201612    0.1057    0.1746  -0.559   92
60223.271   -0.485039573696    0.225900002704    0.3013    0.2549   0.100   15
60227.209   -0.534126415110    6.217898400962    1.0472    1.9223   0.728   14
60230.251    0.684505640920   -1.058101203455    0.1430    0.3564  -0.777   31
60230.270    0.099307439424    0.195400802738    0.2774    0.2989   0.030   23
60235.211   -0.164846331557    0.062301600678    0.3264    0.3294  -0.022   11
60237.271    0.255927745622   -0.799099206006    0.7990    0.4249   0.249   12
60241.209   -0.545900123170    0.393001189991    0.4131    0.3552   0.096   18
