%-----------------------------------------------------------------------------
%                R.A. (mas)        Dec. (mas)        Err. (mas)     Corr. Del.
% Uncertainty in R.A. is in R.A. cos(Dec.)!!!!
%-----------------------------------------------------------------------------
47459.252    6.526834669703    5.225597995917    3.3277   16.5778  -0.245    5
47463.179   -0.681104497990    0.718099199304    2.2670    1.7977   0.044    5
47649.252    6.565220390258  113.078998798244    1.0095    4.8322   0.218   12
47924.263   -0.540019376449   -0.639702000171    0.6785    2.9744   0.007   12
48713.258    0.960345654802    1.585400399762    0.6511    2.1923   0.065   12
48733.251    1.258338560093   -1.370401200518    0.6131    1.3522   0.173   12
49022.175   -1.564095092991    3.445199997287    0.6042    2.1869  -0.222   13
49659.339    0.089809222830   -3.160799999335    0.3748    1.9055  -0.159   16
49694.334   -0.109148087715   -0.501001198927    0.4292    1.1034  -0.046   14
49706.168    0.465888510110   -0.194101202311    0.2863    0.2783  -0.073   34
49763.253   -0.415344033521   -1.884902403759    0.3579    0.8985   0.406    8
49770.251    0.402158448369   -0.423000003025    0.4615    0.9718   0.712    6
49784.251   -0.007619521759   -0.965001601827    0.2289    0.4324   0.207    9
49791.249    0.402158448369   -1.002002404249    0.7517    2.6326  -0.889    3
49798.251    0.211699685269    0.076399200566    0.3299    0.5736   0.025    9
49805.249    0.069883241539   -1.281200400172    0.3321    0.7459  -0.069    7
49812.251    0.026662879714    1.001998797534    0.2674    0.5162  -0.028    7
49819.249   -0.061532497527    0.122097596034    0.3511    0.7786  -0.149    4
49826.251   -0.147677914117    0.685598400452    0.2169    0.3769  -0.182   19
49833.249   -0.121746356591   -1.314601202296    0.3840    0.8654   0.265    4
49840.251    0.147677814183    0.122597995755    0.2426    0.5473   0.040   21
49847.249   -0.154418310256    0.449899196298    0.3316    0.6494  -0.063    7
49854.251   -0.000291909280    0.453999596317    0.2423    0.4243   0.040   19
49861.249    0.193535352999    0.417599996183    0.2494    0.5272   0.021   14
49868.251   -0.393955407854   -0.196300799615    0.2409    0.4411   0.138   16
49875.257    0.092446299886    0.663598801509    0.3866    0.6279   0.146    6
49882.251   -0.329050913433   -0.277001998938    0.2306    0.5127   0.056   21
49883.336    0.196464339336   -0.047401199765    0.3803    1.0541  -0.273   12
49896.251   -0.464861880862   -0.041601602163    0.2752    0.5224   0.155   33
49910.251   -1.731111772059   -2.567102402651    0.5239    0.6632   0.594   11
49917.253   -0.385017347567   -0.342601198611    0.4451    0.7092   0.379    6
49924.251   -0.149583668986   -1.627502401647    0.2830    0.6700   0.009   17
49931.250    0.230307128031    0.194097595596    0.2652    0.4076  -0.118   11
49938.251    0.511746048926    0.369799199262    0.2933    0.6176  -0.052    8
49945.253   -0.906724588314    1.870397999681    0.5153    1.0808  -0.461    6
49952.251    0.237926649790   -0.466801202492    0.2389    0.4057   0.081   36
49959.250   -0.318358399424   -0.180201600841    0.2105    0.4460  -0.025   30
49966.251    0.380330309860    0.880599599640    0.2895    0.5096  -0.050   10
49980.252    0.676125551003   -1.773900002888    0.4001    0.7869  -0.191   10
49987.253   -0.047907399533    0.758800798195    0.5032    1.3102  -0.525    5
49994.252   -0.305904236395   -1.110002400395    0.2749    0.5250   0.029   13
50001.250    3.564778639387   -4.934901600961    1.1464    3.9435  -0.834    3
50008.252    0.382672079856   -0.108000002541    0.2111    0.4998   0.206   45
50015.250    0.651952044847    0.714898796161    0.3352    0.5026   0.063    7
50022.252    0.198661903549    0.268300799178    0.3041    0.4929  -0.050   12
50029.250    0.056697756322   -0.726901201631    0.5186    0.6836   0.107    3
50036.252   -0.004834741205    0.028699199817    0.2193    0.3291  -0.074   19
50050.252   -0.280264488215   -0.093099601628    0.2876    0.3743  -0.084   12
50064.252   -0.221077358333    0.091699198634    0.2376    0.3638   0.110   13
50065.333    0.129070471355    0.131097596778    0.2493    0.5148  -0.248   27
50078.252   -0.147677914117    0.156297598863    0.2107    0.3312  -0.007   17
50085.250   -0.568735614594   -0.634600800709    0.3265    0.6159  -0.083    7
50092.252    0.419299649105   -0.750401999738    0.2506    0.5185   0.075   24
50106.252   -0.475118479677    0.258199196423    0.4108    1.0148  -0.295    5
50113.250   -0.290812896375   -1.066600804478    0.2680    0.6271   0.181   21
50120.252    0.123356704465    0.472197596224    0.1752    0.3396  -0.020   33
50127.254   -0.060066255502    0.546998395379    0.2666    0.7099   0.035   12
50134.252   -0.426184350961   -0.400500004361    0.2912    0.4330  -0.079    6
50141.250    0.301656611596   -2.344499998941    0.3542    0.6817  -0.040   17
50148.252    0.091859083546   -0.796899602307    0.2063    0.3621   0.140   28
50155.250   -0.632613379832    1.236200396448    0.3085    0.5003   0.005   13
50162.252   -0.431898017917   -0.849499203781    0.3094    0.7590   0.368   14
50168.169    0.117938344569    0.465299996932    0.4437    0.8463   0.058   11
50169.250    0.166724769788    0.617900399646    0.2195    0.3481  -0.010   27
50176.252    0.163500476391    0.197100000321    0.2921    0.5011  -0.008    7
50183.250    0.320995376546    0.267400795906    0.1939    0.5512   0.068   37
50190.252    0.528447636885   -0.433699201352    0.4318    0.5805  -0.112    8
50197.009    1.003857925907    2.036897997471    0.5369    1.4490  -0.084   34
50197.250    0.731357065299    0.153698398009    0.3799    0.5562  -0.200    5
50198.335    0.380034902865    0.557499601683    0.2375    0.4230   0.014   18
50204.252    0.089369709987    0.592700397561    0.3507    0.4454   0.059   15
50205.333    0.102994708047    0.357800400508    0.1915    0.4220  -0.102   38
50211.250    0.047759696035   -0.117100799457    0.3721    0.7957   0.102   10
50218.252   -0.126872907142    0.170600397809    0.2064    0.4372  -0.011   25
50225.250    0.521415431401    0.361497596657    0.4539    0.5715  -0.129    8
50239.250    0.521999050092    1.233100795872    0.4075    0.6814  -0.151    7
50246.252   -0.037358991372   -0.849801598690    0.4061    0.5365   0.200   12
50253.254    0.221664474739    0.734097595512    0.4230    0.6169  -0.149   11
50255.025   -0.309272635640    2.896498797611    0.3024    0.7537   0.344   40
50256.026   -0.133173790437   -0.392900400215    0.3392    0.8945   0.357   44
50260.252    0.241586958314   -0.548499600939    0.2397    0.3931  -0.012   31
50267.250   -2.620550953854   -0.147902400727    0.7031    0.6410  -0.175    7
50274.252    0.262831478133    0.383399999748    0.2781    0.3888  -0.168   26
50281.250   -0.485227374995   -1.462399200136    0.5576    0.8492   0.134    4
50288.252    0.128630958513    1.330397999766    0.3494    0.5584   0.054   15
50295.254   -0.257409620523    0.308998797749    0.2768    0.3974  -0.095   21
50302.252   -1.067735691146    1.683197996982    0.4379    0.7243  -0.431    6
50303.333   -0.173609471643   -0.024800398535    0.3522    1.0766  -0.027   12
50316.252   -0.073838957059   -0.054399601623    0.2606    0.2949  -0.055   23
50323.250   -0.100501836773    0.486899998720    0.5839    1.2463  -0.659    4
50330.252    0.084826878062   -0.070002000996    0.2172    0.4016  -0.195   21
50337.251    1.146409289474   -0.286200004496    0.8018    0.8790  -0.842    4
50344.252   -0.241734661812    0.655398001470    0.3051    0.4595  -0.276   12
50351.254    0.138595648048    0.391499997221    0.2341    0.3980   0.019   16
50358.252    0.165550437042    0.663699597681    0.2612    0.3741   0.044   16
50365.254   -0.511158832586    3.066998399248    0.8313    2.6588  -0.810    4
50372.252    0.557599990093   -0.519400803967    0.2352    0.3298   0.043   17
50379.251   -1.103188927649    0.244800001070    0.3146    0.4036  -0.177   16
50386.252    0.272353157111    0.387500399768    0.4371    0.4993   0.321    8
50393.251   -0.258288646208    0.185799599706    0.2536    0.4079   0.077   12
50400.252    0.298432318199    0.409697997128    0.3586    0.4985  -0.288    8
50407.247    0.050252667244   -0.249199202074    0.5654    0.5943  -0.128    4
50414.253    0.002784780554   -0.419601601465    0.2073    0.3702  -0.135   18
50421.251   -0.612979207887    0.112499999716    0.7541    0.6810  -0.290    3
50428.249    0.310151661326    0.037799996733    0.2905    0.3156  -0.249   17
50435.251    0.099918118147    0.252799195977    0.2328    0.5407  -0.342    9
50441.084    0.452115808553   -0.304199999590    1.2010    3.6622  -0.925    3
50448.254    0.457829475508   -1.091300400446    0.3889    0.7926  -0.200    8
50456.253    0.238366162633    0.012898795632    0.3909    0.6891   0.137    6
50458.831   -0.112224677614   -0.019800001638    0.1654    0.2478  -0.122   87
50463.254   -0.208039476679    0.507797995652    0.2411    0.4688  -0.295   13
50470.253    0.037798504215    0.061099196103    0.3098    0.4694   0.265   15
50477.251   -0.303558968684    0.871398000157    0.4222    0.8319  -0.585    8
50484.253    0.023442084032   -0.530899203000    0.2815    0.5735  -0.026   10
50491.251   -0.564927702506    0.561499199137    0.3731    0.7187  -0.140    7
50498.253   -0.062559226710    0.681699599170    0.2777    0.4208   0.167   12
50505.251   -0.159692564304   -0.195001199188    0.6197    0.6992  -0.369    7
50512.253   -0.699272327975   -0.260301604271    1.2474    1.0412   0.774    3
50519.255   -2.304977434918    6.846400796690    1.3004    4.7528  -0.877    3
50526.253   -0.285978255105   -0.184302000861    0.3222    0.4045   0.154   10
50533.251   -0.024760722495   -0.471700803217    0.4676    0.7602   0.196    7
50539.172   -0.827903286487    2.304399595943    0.0938    0.2720  -0.457  202
50540.253    0.176394152263   -0.173102402812    0.2806    0.3965  -0.034   15
50547.251    0.438051197715   -1.422799203254    0.3138    0.6584  -0.030   10
50554.253    0.152364851890    1.094500797194    0.3635    0.8688  -0.136    5
50560.082   -0.066514842295   -0.239202002206    0.3353    0.7758   0.078   21
50561.251    0.011719243191   -0.528901204433    0.4536    0.7213  -0.123    9
50568.253   -0.311617903351    1.185497997369    0.4704    1.1049  -0.767    6
50575.251   -0.462080598022    0.394498801626    0.4008    0.9785  -0.335    7
50582.253    0.189871546760   -0.610599602879    0.3137    0.6636  -0.200   10
50588.082   -0.304146085090    2.686798796248    0.0544    0.1884   0.080  291
50589.251   -0.275137937665    0.149198400834    0.3551    0.5621  -0.110    7
50596.253    0.385164951130   -0.184802400582    0.3223    0.4969  -0.046    7
50610.253   -0.429995760763   -2.298401999923    0.2720    0.6162   0.125   11
50617.251   -0.303267059404    0.814197598942    0.3644    0.9947  -0.159   11
50624.253    0.254920147029    0.333899998850    0.2967    0.5652  -0.018   11
50631.251   -0.465301393704   -0.829101600175    0.3779    1.0723  -0.213   15
50638.253   -0.179031329254   -0.002199603699    0.2574    0.6372  -0.148   18
50645.251    0.303267059404    0.721699199602    0.4038    1.0763  -0.510   15
50652.253    0.708502197607    1.173099601459    0.3478    0.8071  -0.224    7
50654.331    0.990232927847   -3.472502400825    0.0594    0.1348  -0.101  322
50659.251   -0.565071808354    1.063900801057    0.3415    0.9651  -0.358   10
50666.253    0.002197564214   -0.915699599346    0.2402    0.7009  -0.092   17
50673.251   -0.439517539676    0.083699997333    0.3867    0.9534  -0.330   13
50680.253    0.168922334001    0.874598396905    0.4299    0.7090   0.061    8
50687.251   -0.121746356591   -0.355500000637    0.5591    1.3291  -0.260    4
50694.253    0.150606800519    1.284497999166    0.2375    0.6588   0.009   18
50700.090   -0.272209051263    1.339999196404    0.2241    0.4665  -0.420   17
50701.251    0.765491763275   -0.290800804237    0.3602    0.7852  -0.536   15
50708.253    0.057576782008    0.222299996011    0.5118    1.4932  -0.357    7
50715.251   -0.300338173002    0.570398397315    0.3321    0.8408  -0.459   16
50722.250    0.388093937466   -1.439100000766    0.5329    2.2374  -0.515    4
50729.251    0.000147703497    1.054198795458    0.4020    1.2249  -0.213   10
50736.253   -0.285246832982    0.399297599785    0.3959    0.8253  -0.285    9
50743.251    0.385896373253    0.691099197070    0.2626    0.6136  -0.305   21
50750.253   -0.014504123680   -0.251099998394    0.2486    0.8397  -0.319   17
50757.251    0.205694208968   -0.503499603610    0.2269    0.5883  -0.404   24
50764.253    0.208478989522    0.259498796851    0.2375    0.6421  -0.192   12
50771.252   -0.228257267315    0.455198400573    0.2191    0.6510  -0.329   14
50778.253   -0.002928986337   -0.577000802338    0.3313    0.8579  -0.288    8
50785.252   -0.634810944046    1.846400395777    0.5437    1.1837  -0.676    5
50792.250    0.683301962269    0.538797595340    0.3288    0.8766  -0.234    7
50799.252   -0.052594437240   -0.152701198886    0.2792    0.6514  -0.352   16
50800.340   -0.132147061255    0.276897596052    0.0602    0.0838  -0.144  266
50806.166   -0.286565471445    1.484398799079    0.3131    0.7857  -0.175    5
50813.168   -0.388972963152    0.660898798088    0.3359    0.9469  -0.163    8
50820.250   -0.021828238444    1.136700001325    0.2761    0.6193  -0.085   11
50827.252   -0.236608111262   -0.328899601953    0.3192    0.9209  -0.171   12
50834.254   -0.015383149365   -0.321901200095    0.1846    0.5370   0.112   23
50848.254    0.200128145575    0.415097997575    0.3720    0.7108   0.169    7
50854.079    0.351905781125    0.379400395900    0.1960    0.1474   0.061  362
50855.252    0.024321109718   -0.071899203391    0.4937    1.4035  -0.650    7
50862.254   -0.144601324218   -0.345902404320    0.2254    0.5014   0.061   17
50869.252   -0.548665527455    0.109998001108    0.3418    0.8208  -0.078    7
50876.254   -0.197635174366    0.220899599412    0.2474    0.4506   0.064   30
50883.252   -0.220345936211   -0.176900401527    0.2832    0.5038  -0.303   10
50890.254   -0.023002571190   -0.083800799899    0.2813    0.4384   0.048   15
50904.254   -0.298724227479   -0.651902404059    0.5488    0.5630   0.063    6
50911.252   -0.294624406112    0.595598399400    0.5161    0.7652  -0.420    7
50918.254   -1.024954842163    0.448300801281    0.5717    0.6851   0.412    8
50919.324    0.401279422683    1.027699199341    0.0580    0.1288  -0.168  387
50925.252    0.121454447311    0.227199596736    0.5325    0.6096  -0.210   10
50932.254   -0.381209335545    0.130600797377    0.2724    0.4984   0.106   17
50939.252    0.142551363567    0.682099196325    0.3448    0.4735  -0.178   19
50946.254    0.519361973035    1.399197596186    0.6707    1.4340  -0.497    4
50953.252    0.701909405031   -0.497300402458    0.5253    0.8862  -0.386    8
50960.254   -0.233236114368    1.055700001018    0.2266    0.4500  -0.123   29
50967.252    0.607265440997    0.596800797581    0.3672    0.4291  -0.230   15
50974.254   -0.371539953070    0.590799601241    0.3064    0.4111   0.285   24
50981.252    0.152952068230    0.770997595367    0.4214    0.5069  -0.230   15
50988.254    0.067246164483    0.232397998445    0.3425    0.3933   0.203    9
50989.324    0.125410162831   -0.905500800741    0.0965    0.2216   0.043  293
50995.252    0.119988205286    0.418298400717    0.3701    0.5573  -0.232   16
51002.254    0.382088361231    0.327499198960    0.2198    0.3139  -0.119   32
51009.252    0.777506413461   -0.615099600054    0.4938    0.5380  -0.154    9
51016.250    0.491232851296   -0.375800401997    0.4203    0.4566  -0.317   13
51023.252   -0.943496363346    0.365500800825    0.4679    0.4732  -0.235   10
51030.254    0.090832454298   -0.504799204037    0.3116    0.5346   0.051   12
51036.087    0.009669382475   -0.518601603261    0.0651    0.1268  -0.300  292
51037.252   -0.157347296593    0.832899598890    0.3979    0.5163  -0.116   12
51044.254   -0.468086174258   -0.369500404673    0.3613    0.5162   0.038   17
51051.252   -0.470575547817    0.615797998194    0.4843    0.6158  -0.223    7
51058.254   -0.430579479389   -0.199501202758    0.3449    0.4358  -0.037   24
51065.252    0.791862833643    0.538199999767    0.5016    0.5852  -0.505    9
51072.250    0.004103319082   -0.481201203684    0.3721    0.5168   0.092   16
51079.252    0.386188182598   -0.208202402519    0.4275    1.0381  -0.436    4
51086.254    0.013185485217    0.127299598063    0.3147    0.3901   0.018    9
51088.084   -0.249937802261   -0.102902403398    0.1070    0.1907  -0.037  102
51093.252   -0.339599321594    1.115999996415    0.9937    2.9420  -0.837    5
51100.250   -0.313815467565    0.990298799763    0.3026    0.5102   0.119   11
51107.249   -0.316744453901    1.567000801117    0.3300    0.4827  -0.057   16
51114.251   -0.512477371114    0.490798800001    0.2502    0.3744  -0.073   27
51121.249    1.088684803969   -0.327402003109    0.7233    1.2107  -0.645    7
51128.251    0.629680895781    0.837698397049    0.3636    0.4598   0.061   13
51135.252   -0.609171295800    1.049000400144    0.3359    0.4635  -0.287   13
51142.251   -0.343115524270    0.378399596457    0.2724    0.4027   0.035   19
51149.249   -0.291987329056    0.921297598211    0.2409    0.3957  -0.159   27
51156.251   -0.352201188120    0.065199596122    0.3346    0.4169   0.167   16
51163.249   -0.561411499830    0.774799200798    0.2358    0.3911  -0.283   22
51169.166   -0.245103061056    0.872099998617    0.0735    0.1107   0.064  318
51170.251   -0.199540929235    0.195400796343    0.2491    0.3434  -0.011   23
51177.249   -0.259023466111    0.821397599537    0.4222    0.5298  -0.118   16
51184.251    0.078965407674   -0.303602404017    0.4438    0.4845  -0.200    6
51191.253   -0.112368783462   -0.162201599352    0.2437    0.4086  -0.044   21
51198.251   -0.363920531246    0.531500398893    0.2325    0.3984   0.025   25
51205.249   -0.507055513504    0.323398798940    0.4773    0.4853  -0.451   14
51212.251    0.062998639618    0.267598800718    0.5277    0.5045  -0.239   11
51219.249    0.545149324779   -0.947699998477    0.2944    0.3872  -0.297   18
51226.251   -0.268397541526   -0.327200404371    0.2660    0.3954   0.107   30
51233.253   -0.395857565073    0.090500400773    0.3189    0.4147  -0.210   19
51240.251   -0.370660927385    0.037598397995    0.2753    0.5038   0.071   19
51246.084   -0.125702072111   -0.484902000153    0.0674    0.1291   0.229  418
51247.249   -0.341065563619    1.006700399842    0.3109    0.4500  -0.169   17
51254.251   -0.423694877467   -0.240101999083    0.2813    0.3594  -0.145   15
51261.249   -0.263418694473   -0.528699599300    0.2226    0.4155  -0.119   25
51268.251    0.220198232713   -0.130100404050    0.2596    0.5018  -0.075   16
51275.249   -0.135223751088    0.054597600041    0.2847    0.4037  -0.117   22
51282.251   -0.326561539874   -0.709401599863    0.3333    0.4724   0.212   26
51284.084   -0.109000384217    0.109900798861    0.0628    0.1369   0.030  349
51289.249   -0.057724485505    0.125600400480    0.3076    0.3700  -0.162   22
51296.251    0.160715695837    0.265499999585    0.3502    0.4790   0.002   25
51297.270   -0.038969439180   -0.088099198337    0.3080    0.6878  -0.407   24
51303.249    0.570641369462   -0.332802003555    0.2992    0.4142  -0.077   28
51309.086    0.061240588247   -0.179802003686    0.0730    0.1627   0.212  312
51310.251    0.040727390617   -0.209599198797    0.3461    0.4154  -0.216   14
51317.249    0.256825901897    1.272297601673    0.3142    0.5220  -0.353   13
51324.251    0.304877407278   -0.523900801142    0.3800    0.4927  -0.327   12
51331.249    0.277187798381   -0.556901999715    0.3259    0.7341  -0.445   18
51338.251    0.132734277595   -0.520902003132    0.3452    0.4686  -0.115   14
51345.249    0.152512555388   -0.529902003876    0.2574    0.3797  -0.286   27
51351.086   -0.458564395346   -0.180201600841    0.2297    0.2214  -0.510  317
51352.251    0.371392249573   -0.420001198620    0.4544    0.5417  -0.451    9
51359.249    0.555402425879   -0.528800401867    0.3856    0.4413  -0.250   19
51366.251    0.530349894039    0.357598795375    0.3419    0.4324  -0.141   14
51373.253   -0.400840009775    0.331300797995    0.2826    0.3503  -0.069   25
51380.251    0.478782185981    0.728398800476    0.3280    0.4692   0.206   18
51387.249   -0.091419670638    0.209700001363    0.3573    0.4322  -0.306   15
51393.082    0.095522989720   -0.383399999748    0.1086    0.1669  -0.061  349
51394.251   -0.054208382763    0.441500397841    0.2801    0.4211  -0.052   18
51401.249   -0.173169958801    0.591897596536    0.3423    0.3817  -0.305   21
51408.251    0.675098821820    0.742798801667    0.3070    0.4271   0.136   23
51415.249   -1.071104190325    0.886899596964    0.4853    0.5143  -0.270    6
51422.251    0.423255364625    0.479800800690    0.3173    0.4386   0.175   20
51429.249   -0.498852373054    1.271800795877    0.3691    0.5242  -0.088   16
51436.251   -1.647898739585    1.692100795481    0.6306    0.5646  -0.414    6
51443.249   -0.015530852863   -0.029599203089    0.2612    0.3441  -0.131   28
51449.166   -0.033403375787   -1.267300798702    0.5622    2.2394   0.525    4
51450.251    0.059043024033   -0.631202399148    0.3771    0.4456  -0.130    9
51457.249   -0.148265130458    0.554900400829    0.3048    0.4078  -0.359   15
51464.251    0.785709553910   -0.159699600744    0.4169    0.4060   0.023   12
51471.250   -0.139035260825    0.888598800941    0.3808    0.4853  -0.274   12
51478.251    0.106950423566    0.402199195548    0.2657    0.4552  -0.022   25
51485.250   -0.567856588908    0.478097996393    0.2704    0.5307  -0.242   26
51492.251    0.567564779563   -0.250002003099    0.3974    0.4346  -0.151   14
51499.250   -0.237926649790    0.613198797339    0.2268    0.3444  -0.150   30
51506.251    0.839186514551   -1.343102403695    0.5327    0.6731  -0.496    5
51513.250   -0.641695545967    1.303300801681    0.2811    0.3628  -0.201   22
51520.251   -0.059626742659   -0.107600398991    0.1890    0.2911   0.049   31
51527.250   -0.674951218257    0.529300801588    0.2250    0.3647  -0.181   23
51533.086    0.125262459333   -0.985302003187    0.0641    0.1764  -0.232  249
51534.251    0.251695853632   -0.807501598388    0.4855    0.5338  -0.172    7
51541.250    0.121306843749    0.003898801282    0.4000    0.3479  -0.225   14
51548.252    0.658249530363    0.287798399512    0.3058    0.3789  -0.013   15
51555.250   -0.388385846746    1.091300400446    0.3769    0.4571  -0.293   10
51562.252   -0.238805675475    0.329698796264    0.4597    0.5580   0.147    6
51569.250    0.860722943649    0.203698798629    0.5004    0.6326  -0.654   11
51575.072   -0.671730422575    1.276300799447    0.1471    0.2715  -0.288  500
51576.252    0.356448613050    0.539798401178    0.2387    0.3936  -0.020   21
51583.250    0.007324114764    0.542098801048    0.3028    0.5859  -0.462   20
51590.252   -0.805196022358    0.187099200133    0.3055    0.4246   0.197   18
51597.250   -0.266199977312    1.259697600631    0.3869    0.6782  -0.540   13
51604.252   -0.698980518629    0.901198795589    0.4373    0.5388  -0.388   12
51611.250   -1.219661030193    0.884897998077    0.4239    0.6145  -0.324   12
51617.079    0.054939704951   -0.040302001736    0.0516    0.0936  -0.136  430
51618.252   -0.664990026437    0.732999600217    0.3565    0.4387  -0.212   11
51625.250   -0.229867715123   -0.188499603127    0.3420    0.4474  -0.245   19
51632.252    0.180349867782    0.330800398274    0.3950    0.5697   0.019   15
51639.250   -0.294916215457   -0.556502402560    0.3704    0.7411  -0.227   13
51646.252    0.127899536390    0.936000000706    0.3799    0.5609  -0.288   13
51653.250   -0.160423886492   -1.146599998947    0.4959    1.4247  -0.642    9
51660.252    0.602430799726   -0.335199599277    0.3071    0.6350   0.019    9
51667.250    0.967817473063   -1.493402400143    0.5910    1.4515  -0.666   11
51674.252   -0.206425531156   -0.330699602102    0.3062    0.4839  -0.048   16
51681.250    0.844313065101   -0.643701604019    0.4156    0.6353  -0.166   11
51687.087   -0.276896088970   -1.045101598862    0.0540    0.1428  -0.129  375
51688.252    0.310886481228    0.027100798405    0.3793    0.5036  -0.093   10
51695.250    0.234410447113    0.693399596940    0.5433    0.5893  -0.125    9
51702.248    0.157786709501    0.017099998217    0.4287    0.5998  -0.026   15
51709.250    0.129949497041   -0.768002404072    0.5024    0.7877  -0.218   11
51716.252    0.027541905400   -0.124001999069    0.2710    0.4762   0.271   23
51723.250    0.579575832100   -0.170200800653    0.3155    0.5224  -0.154   15
51731.249   -1.190361073422    0.393497995788    2.1031    1.4888  -0.948    4
51732.286   -0.125849675674   -0.029901604393    0.0872    0.1754  -0.117  320
51737.250    0.637887533945    0.664797599370    0.3408    0.6650  -0.394   12
51744.252    0.112955999802    0.114699597020    0.3530    0.3548  -0.052   14
51751.250    0.139914186576   -0.484200001694    0.3566    0.4635  -0.420   22
51758.252    0.110318822811    0.273898798042    0.2425    0.3320  -0.033   26
51765.250    0.568004292406    0.605800798326    0.3298    0.5223  -0.467   22
51772.252    0.020805006976    0.787298399274    0.4676    0.6551  -0.240    9
51779.250    0.195293404370    0.339699596452    0.3031    0.4449  -0.332   18
51786.252    0.948770517459   -0.735199203916    0.4808    0.4912  -0.088   17
51793.250    0.203936057662   -0.236599201031    0.5950    0.9730  -0.148   10
51800.252    0.060801075404    0.406198799396    0.2793    0.5004  -0.047   17
51807.250    0.510427510398   -0.010299601172    0.5625    0.6445  -0.211    8
51814.252    2.289886094898    0.216399595843    3.8030    1.2872   0.896    3
51828.249   -0.009229869632    0.285699598379    0.3384    0.5732  -0.082   12
51835.250    0.355569587364    0.487299595875    0.3139    0.4593  -0.160   16
51841.083    0.630707624964   -1.363399198340    0.0661    0.1639  -0.414  181
51842.252   -0.629828599278    0.044697596024    0.3569    0.3908  -0.035   19
51849.250    0.058016294851    0.299498397283    0.3441    0.5136  -0.377   12
51856.252   -0.154418310256   -1.389999603418    0.5247    1.7263   0.663    3
51863.250    0.075449304932    0.333500401695    0.2877    0.3487  -0.164   25
51870.249    0.075305099150    0.372297597551    0.3104    0.3103  -0.082   15
51877.250   -0.174196588049    0.491799599445    0.3114    0.4793  -0.149   12
51883.083   -0.064900896772    0.346798800877    0.0442    0.0975  -0.383  362
51884.252    0.081163071823    0.405500401257    0.2570    0.2703  -0.138   20
51891.250    0.139474673733    0.670899598276    0.2697    0.3588  -0.030   22
51898.249    0.063142845401   -0.443300404385    0.3090    0.3584  -0.126   16
51906.248    0.135519058149    0.048200400471    0.3582    0.4392  -0.301    8
51912.249    0.415196330023   -0.338400002420    0.1847    0.3070  -0.140   22
51919.251   -0.149583668986    0.484797597267    0.3185    0.4694  -0.423   19
51926.249   -0.350003623906    0.440100001242    0.2816    0.4150  -0.072   24
51933.251   -0.085266390905    0.764999999348    0.4434    0.6346  -0.591   20
51939.084    0.294624406112    1.046199600552    0.0913    0.1784   0.151  361
51940.249    0.289933870690    0.254498399954    0.2097    0.2737  -0.148   29
51947.251   -0.223422626045   -0.142099202805    0.2621    0.3522  -0.141   23
51954.249    0.000000000000   -0.644299199593    0.2751    0.3721  -0.031   29
51961.251    0.612539695044    0.391499997221    0.2689    0.4405  -0.249   32
51968.245    0.179031229319    0.269499597039    0.2374    0.2663  -0.203   20
51975.247    0.296382457483    0.324399598384    0.2703    0.4270  -0.163   33
51981.080   -0.111637461274    0.585799197950    0.0842    0.1627  -0.280  105
51982.245    0.027837212460    0.644500798330    0.2066    0.3080  -0.080   24
51989.243    0.662644658791    0.239799597779    0.6328    0.6549  -0.365   17
51995.223   -0.100501836773    0.138700801244    0.2670    0.4900  -0.255   19
51996.249    1.727011850757    0.932097599105    1.1534    1.0079   0.566    7
51997.268    0.443325451763    0.595299598416    0.2692    0.3853  -0.152   18
52003.247   -0.748937778878    1.669500000645    0.3435    0.5890  -0.394   14
52009.168    0.120280114566    0.161398798326    0.0619    0.1121  -0.167  243
52010.249   -0.002637176991   -0.063601201106    0.2337    0.3763   0.283   30
52017.251   -0.052302627895    0.312299997063    0.2159    0.4252  -0.176   45
52024.249    0.115740780356    0.191397598570    0.1643    0.2595  -0.060   41
52031.247   -0.216829833469   -0.123501599347    0.2892    0.3491  -0.008   15
52038.245    0.186503047580   -0.139899599105    0.2403    0.3127  -0.075   24
52039.272   -0.939688451258    0.021999598943    0.0452    0.0954  -0.162  255
52045.247   -0.143282685755   -0.935200800001    0.1955    0.2841  -0.062   20
52052.245   -0.705573311205   -1.014699601143    0.1518    0.2387  -0.107   31
52059.247   -0.338428486563    1.151899196827    0.2276    0.3996  -0.036   18
52066.245    0.494748954038   -0.402800404231    0.2234    0.3448   0.290   39
52073.247   -0.033403375787   -0.290401200687    0.3079    0.4776   0.137    9
52080.249   -0.052594437240    0.063399595973    0.3996    0.3737  -0.461   18
52087.247   -0.038677529900    0.350100000190    0.2216    0.3007  -0.025   21
52093.248   -0.449186922151   -0.070099203242    0.2166    0.3020  -0.068   18
52096.083    0.006592692641    0.029599196694    0.0590    0.1384   0.162  324
52101.247    0.062411423278    0.465598797916    0.2608    0.3239  -0.074   21
52108.249    0.261952352513    0.207698396082    0.2445    0.3856   0.092   25
52115.251   -0.446549745160    0.607499995908    0.3054    0.5095  -0.059   10
52122.249   -0.329346320428   -0.345200399465    0.1985    0.2637  -0.056   38
52129.251   -0.560824383424   -0.143999999125    0.3144    0.3677  -0.034   14
52136.249    0.222395796927   -0.044100000451    0.1820    0.2829  -0.058   34
52143.251   -0.215215887946    0.794897997025    0.2564    0.3176  -0.234   19
52150.249    0.031058008142    0.448397997133    0.1602    0.2480  -0.057   34
52157.251    0.183131050686    1.387000799014    0.2453    0.5009   0.112   17
52164.249   -1.041364620777   -0.118299603713    0.2956    0.4127  -0.236   17
52171.251    0.536211364427    0.055598399484    0.2861    0.4703  -0.073   12
52178.249    0.373589813786   -0.313200000335    0.2696    0.3725  -0.235   22
52185.248    0.003516102742    0.218098799820    0.5820    1.0639  -0.371    4
52192.249   -0.018459739265   -0.014400001191    0.2639    0.3138  -0.164   16
52199.251   -0.076328430552   -0.216601200975    0.3074    0.4812  -0.397   14
52206.249    0.386775398938   -0.050601602908    0.2424    0.3500  -0.202   21
52212.082   -0.087903567896   -0.939301200020    0.0771    0.2262   0.342  151
52213.248    0.976460126356   -0.540201598653    0.9872    1.4007  -0.885    5
52220.249    0.091271967141    0.232200000028    0.1973    0.2532  -0.071   25
52227.240   -0.307809991264   -0.595202402565    0.5769    0.7052  -0.201    5
52234.249   -0.136250480271   -0.100202399977    0.1857    0.2895  -0.103   24
52241.251    0.111785064836   -1.037599203357    1.9278    3.4503  -0.959    3
52248.249    0.272940373451    0.047199601028    0.2117    0.3448   0.072   29
52262.250    0.122917191622    0.122597995755    0.2914    0.3642  -0.205   16
52271.249   -0.093469531354    0.229798797591    0.2209    0.3041   0.315   25
52278.269    0.819112929698    0.144298800109    0.6923    0.8108   0.065    3
52285.271    0.837867976023   -0.330800404669    0.4344    0.4339  -0.365    6
52291.250    0.118082550352   -0.192002401178    0.0682    0.1854  -0.287  163
52299.271    0.256530494902    0.027899999111    0.1959    0.2757  -0.290   27
52306.269    0.029887173111    0.920998797227    0.3182    0.4034  -0.017   12
52313.268    0.470723251315    0.425199600329    0.1679    0.3102  -0.094   29
52320.269   -0.108413167877    0.285300001224    0.1910    0.3624   0.062   12
52327.271    0.215511195006    0.564199196162    0.3633    0.3017  -0.183   13
52340.245    0.456366831132    0.144500398847    0.0497    0.0998  -0.044  277
52348.270   -0.473360328371    0.623300400093    0.2149    0.3089  -0.096   23
52355.271    0.329929939118    0.217997997254    0.2369    0.3120  -0.145   22
52360.250   -1.159594874626    1.151099996122    1.3029    1.9662   0.537  124
52369.271    0.138156135205    0.283100397525    0.1518    0.3144  -0.196   36
52383.268   -0.132147061255    0.537400799061    0.3341    0.4715  -0.178   11
52390.270    0.019191061453    0.292899598975    0.5243    1.0699   0.385    6
52397.271    0.120719627409    0.284698798936    0.1787    0.3475  -0.089   47
52401.205    0.627922744475    0.147200395872    0.2541    0.6316   0.079   13
52403.251   -0.053621166423   -0.208501203502    0.0592    0.1029   0.046  247
52404.270    0.066219435300    0.080697599003    1.0417    1.8902  -0.891    5
52408.203    0.157934412998   -0.164199604313    0.2729    0.5556   0.125   13
52411.272   -0.178591816411    1.336298399934    0.2016    0.4572  -0.125   15
52415.216    0.218587884840    0.065199596122    0.1848    0.3646   0.012   14
52418.270    0.266639390220    0.293597997114    0.2020    0.3290  -0.015   19
52423.204   -0.099331001742    0.460900795929    0.1963    0.5729   0.029   37
52425.272   -0.234850059891    0.430797599194    0.5064    0.5597  -0.113    5
52429.205   -0.062703332558    0.270900000032    0.1871    0.4399  -0.203   14
52439.272    0.735460384381    1.608800401698    0.3692    0.7003   0.188    8
52443.216   -0.136250480271    0.315298801468    0.2785    0.3482  -0.132    9
52444.228   -0.221664474739    1.466999999877    0.8239    1.0381  -0.147   42
52446.270    0.173901181054    0.280900800220    1.3218    1.8956  -0.890    5
52450.207    0.957269064903    1.879398000426    0.5407    0.9576  -0.264    8
52453.272   -0.230159524468    0.013197596616    0.1684    0.2627  -0.203   53
52457.205   -0.069591432194    0.692499600063    0.1551    0.3655  -0.084   30
52458.268    0.517751625162    0.307497598584    0.2542    0.6409   0.194   13
52464.204    0.228549076660    0.594698396128    0.1928    0.6241   0.076   32
52467.268   -1.731846591962    2.571299998522    0.7926    1.2176  -0.787   12
52471.213   -0.359673006381    0.086698795343    0.3338    0.4967   0.035   12
52471.688  -83.930847286888    9.486197996722    4.7141    3.8487   0.036    7
52474.270    0.135079545306   -0.434901599533    0.2064    0.3967  -0.089   34
52478.204    0.115593076858   -0.934200000557    0.1836    0.5759  -0.022   36
52480.253   -2.753285231448    0.225597601400    0.1530    0.3180  -0.031  149
52481.272    0.270742709302   -1.151899203222    0.5091    1.0492  -0.393   22
52485.209   -0.447281167282   -0.182102403556    0.3076    0.6777  -0.200   29
52488.270    0.021388625666    0.818200796715    0.2917    0.5839   0.009   34
52492.204    0.513356396800    0.322200001079    0.3457    0.7890  -0.234   34
52492.708    2.496751138896  -29.021702404464    3.2120    2.4162   0.066   11
52495.272    0.138447944550    0.466300796376    0.1991    0.4305  -0.126   35
52499.213    0.428969031580   -1.138600804040    0.2686    0.7702  -0.204   22
52502.270    0.160863399334   -1.169402398915    0.2991    0.6014  -0.435   30
52506.204    0.329198616930    0.679899599021    0.2272    0.4951  -0.189   12
52509.272   -0.146211672092    0.634298399405    0.1801    0.4064  -0.029   37
52513.205   -0.032376646605    0.339199196731    0.1685    0.4008  -0.071   16
52516.270    0.044830809633   -0.471499204480    0.1790    0.7267   0.096   35
52519.999    0.652535763473    0.385397998315    0.6687    1.2137   0.233  116
52521.204    0.172730346023   -0.663400803091    0.1583    0.3949  -0.029   31
52523.268   -0.477316043891    1.498298400548    0.5798    1.0095  -0.727   19
52527.216    0.156028658130    0.407599195995    0.2704    0.6020   0.315   15
52530.270    0.312205119691    1.204397995735    0.1858    0.6358   0.090   39
52534.204    0.252722582815   -0.738601199402    0.1656    0.5491  -0.083   27
52537.272   -0.503687114259    0.501598800895    0.5267    0.8919   0.064   23
52543.244    0.600089029730    1.239098398287    0.1675    0.3493   0.578  122
52548.204    0.144748927781    0.233697598873    0.1710    0.3590  -0.069   22
52551.272    0.011866946689    0.709700400847    0.1740    0.4963  -0.126   27
52555.206   -0.101236756610    0.496799996341    0.1852    0.3127  -0.033   28
52558.270   -0.135810967429    0.076899600288    0.3132    0.6035   0.347   22
52562.207   -0.133173790437    1.032400801648    0.1890    0.5199   0.060   14
52570.707  -12.570200215652  -25.410402000148    3.7595    4.0336  -0.236    9
52579.272    0.038969339246   -0.696200402928    0.2695    0.6433  -0.169   14
52583.206   -0.365386773272    1.231300795723    0.1858    0.5010  -0.031   34
52586.270   -0.051275898712   -0.228002404157    0.3640    0.4649  -0.318   24
52590.204   -0.071641392845    0.709599598281    0.2570    0.6269  -0.334    7
52593.272    0.098743685467   -0.239299204452    0.1715    0.5335   0.057   35
52597.206   -0.199832838515    0.640497600557    0.2085    0.4359  -0.066   34
52600.270    0.039704259083    0.048200400471    0.1640    0.2922  -0.139   22
52604.204    0.151194016859    0.471499198085    0.1698    0.3124  -0.027   20
52605.270   -0.414465007835    0.815597995540    0.1626    0.4855   0.107   42
52611.228    0.557455784310    0.347698797754    0.2100    0.4094  -0.025   38
52612.228   -1.189921560580   -0.189399600004    0.6478    0.9870   0.044   49
52614.270   -0.111637461274    0.605699995759    0.1577    0.3273  -0.003   30
52618.204    0.271329925643    0.063197997235    0.1443    0.3426  -0.003   33
52620.246   -0.187526279049   -1.525500001520    0.0802    0.1532  -0.119  136
52621.268    0.276456476193    0.695599200640    0.2562    0.5334   0.003   32
52625.202   -0.185768227678    0.843998400768    0.1954    0.4730  -0.342   44
52628.267    0.267518415906    0.466999200910    0.1977    0.6345   0.003   20
52642.270    0.293158164086    0.520300800844    0.1682    0.2789   0.030   27
52646.204    0.162181937863    0.364100397832    0.1495    0.2260   0.051   23
52649.268    0.036188056407    0.467297995499    0.3449    0.4433  -0.510   22
52653.202   -0.597451952674    0.357998398925    0.2993    0.8385   0.444    6
52655.248   -0.015235445868   -0.478400404091    0.1457    0.4654  -0.170   61
52656.270    0.026810583212    0.316400397082    0.2008    0.2964   0.139   26
52661.205   -0.908190830339    3.947198395338    1.5406    3.6108  -0.984    3
52663.272   -0.010840317441    0.045900000600    0.4195    0.4730  -0.182   13
52667.206   -0.044391296791   -0.137300404646    0.1313    0.2948  -0.045   25
52670.274   -0.251551747784   -0.893401199420    1.6879    2.2733  -0.897    6
52674.208    0.143134982258   -0.032400002681    0.1597    0.2680  -0.412   26
52677.268    0.055231514297   -0.124502398791    0.1456    0.2551  -0.074   28
52681.206    0.174048884552   -0.061599602219    0.1461    0.4033  -0.060   12
52683.244    0.098304172624    0.720899998896    0.1489    0.4588   0.555   73
52684.270    0.182399728498    0.303800396040    0.2773    0.4923  -0.454   14
52689.205   -0.002197564214   -0.343900799038    0.1338    0.2489   0.009   21
52691.272    0.058455807693    0.423799197335    0.1522    0.4457  -0.072   63
52695.206    0.007471818261    0.007797596169    0.2281    0.5279  -0.330    5
52698.270   -0.352932610243    1.392998401428    0.5725    1.1386  -0.734   11
52702.204    0.125554268679   -0.264600002708    0.1438    0.2324  -0.089   19
52705.272   -0.061240588247   -0.015602399372    0.2552    0.2757  -0.299   78
52709.206    0.166285256945   -0.134701203791    0.1175    0.2283  -0.010   32
52711.248    0.608879386520    0.320698795520    0.0801    0.1153  -0.244  213
52712.270    0.433072350663   -0.695501998393    0.3651    0.7497  -0.586   12
52716.204    0.149288261991    0.157100399889    0.1287    0.2263   0.068   28
52719.269    0.117938344569    0.459197998026    0.1292    0.3346   0.114   99
52723.202    0.049225938061    0.037000796027    0.2745    0.3436   0.259   10
52724.229    0.142843172913   -0.314499600762    3.6420    1.8184  -0.905   53
52725.248   -0.134784238246    0.586000796687    0.1316    0.2512  -0.082   33
52726.270   -0.392341462331    0.271000796204    0.2959    0.4712   0.278   33
52733.272    0.656491478992    0.827899195599    0.3046    0.5171   0.607   71
52737.202   -0.265029042347   -0.150901198737    0.1354    0.2663   0.007   28
52740.270    0.188261098951   -0.607899599459    0.1656    0.3579  -0.011   45
52744.204    0.534161403776    0.051199198481    0.1733    0.2192  -0.214   20
52746.272   -0.087755864399   -0.415202400461    0.2591    0.2839   0.076   14
52751.202    0.099478605305    0.254199598970    0.1283    0.3285  -0.090   33
52753.244    0.113982728985   -0.019602003221    0.1024    0.2173   0.116  111
52754.270    0.058016294851   -0.188899200282    0.2467    0.2999  -0.010   13
52758.204    0.181520702813   -0.478000800541    0.1512    0.3020  -0.039   29
52759.271    0.318797812332    0.287100001373    0.2418    0.4887   0.539   57
52765.202    0.489035287082    0.039599996882    0.3646    0.4694  -0.077    7
52766.225   -0.822484926592    2.497298400073    0.4135    0.8440  -0.199   37
52767.244    0.074130766404   -0.235800000326    0.0813    0.1173  -0.211  229
52768.271   -0.339747025091   -0.128800803623    0.3383    0.3666  -0.089   16
52772.204   -0.148848749148   -0.373100398576    0.1914    0.3673  -0.247    9
52775.269    0.109879309968   -0.558201600143    1.6594    2.2606  -0.917    7
52779.206   -0.393515895011   -0.079300802724    0.3206    0.3891   0.064    5
52780.587  -22.786197158259   -0.999302400828    1.6430    1.2175  -0.042   43
52781.248   -0.068417099448    0.094399195660    0.1774    0.2348   0.035   39
52782.267   -0.361575263535    0.412999196442    0.2947    0.3823   0.028   13
52787.205    0.211116066578   -0.610401604462    0.2073    0.3154  -0.404   26
52789.269   -0.225911999604    0.070797601381    0.1326    0.2588  -0.057   39
52793.206   -0.212726514387    0.318099601060    0.1268    0.2862  -0.103   37
52796.271   -0.114714051173   -0.080499600585    0.4040    0.3639   0.081   12
52800.204    0.685355420635   -1.515902398808    0.6283    0.9101  -0.710    6
52803.269   -3.391169267679    0.325598396245    2.3539    2.1985  -0.076    7
52807.206    0.473508031869   -0.025099199519    0.2711    0.3334  -0.040   10
52807.586    0.915514945103  -42.088302001986    3.2206    2.2566  -0.049   21
52809.248   -0.047907399533    0.166100400634    0.1043    0.2472  -0.501  167
52810.271    0.498412860212   -0.768499203474    0.2739    0.4946  -0.056   11
52814.204    0.310151661326   -0.551401203097    0.4573    0.9709  -0.447    4
52817.269    0.368902876014    0.176000398255    0.2609    0.5089  -0.195   47
52821.206   -0.670411884047    0.878097601031    0.2617    0.4925  -0.406    9
52823.270   -0.473947544711    0.022600801231    0.2364    0.4130  -0.111   33
52828.204   -0.569762343777   -0.430300799792    0.2799    0.3924  -0.040   14
52830.246    0.199393225737   -0.079200000158    0.1162    0.1838  -0.193   93
52831.269    0.389999692335    0.101998799806    0.3935    0.6523  -0.300   21
52835.203    0.497681438089    0.905097596871    0.2572    0.4963  -0.427    9
52836.583  271.494788728650  151.154499598505   44.4030   16.1310   0.670    4
52837.244   -0.213313730727   -0.055000803911    0.1628    0.3403   0.051   45
52838.267   -0.328611400590   -0.584200802933    0.1961    0.4251  -0.290   18
52842.204    0.123504407962   -0.658800003350    0.3707    0.5256  -0.565   21
52845.269    0.354542958116   -0.459500399330    0.2869    0.4832  -0.188   36
52849.206    0.046880670350    0.273599997058    0.5713    0.4394  -0.662    7
52852.271    0.488595774239   -0.213199199095    0.4432    0.5468  -0.043   16
52856.208   -0.815596826956   -0.032400002681    0.4843    0.3643   0.153    6
52859.269    0.150023081894   -0.870699602018    0.2958    0.6521  -0.411   43
52863.206    0.657810017521   -0.745401602842    0.5710    0.7478  -0.323    7
52866.271   -0.473068519026   -1.594101599522    0.3250    0.7917   0.017   38
52870.204   -0.134052816123   -0.131400004477    0.4086    0.4735  -0.502   10
52872.250    6.229573186534   -5.178402001604    1.6766    1.1847  -0.302    7
52873.269   -0.229575805843   -0.751399198862    0.2830    0.5969  -0.211   23
52877.203    6.232505670586   -0.586299604066    8.0737    2.9560  -0.791    3
52879.244   -0.187234469703    0.506897998775    0.1687    0.3416   0.142   58
52880.271   -0.051131692929    0.239900400345    0.2083    0.2797  -0.003   33
52885.205   -0.112516486959    0.046900800044    0.1753    0.4294  -0.154   14
52886.250    1.040046082249   -4.423100401141    0.9495    0.9970   0.032    9
52887.269    0.143722198598    0.497599197047    0.3251    0.4259  -0.376   60
52891.203    0.022123545504    0.373197600823    0.2475    0.4830   0.065   10
52892.583  -62.567072883739 -154.583200799863   11.8173    8.5371  -0.576    5
52893.244   -0.221664474739   -0.468900003625    0.2333    0.3295  -0.064   12
52894.271   -0.166137653382    0.335300395449    0.2078    0.3340  -0.178   38
52898.205   -0.238218459135    0.061099196103    0.3005    0.3960   0.158    6
52900.250   -0.078965507609    0.237797998892    0.0755    0.1350  -0.085  124
52901.273   -0.293889586209   -0.653601601641    0.2248    0.4488  -0.304   20
52912.205   -0.133173790437   -0.626101199686    0.1628    0.4798  -0.114   12
52914.586    5.065586781130  -24.248901600288    2.3822    1.9346  -0.265   15
52915.269    0.299898560225    0.121697998878    0.2961    0.4551  -0.348   27
52919.203   -0.193535352999    0.797900395355    0.8431    2.7536   0.958    5
52921.241    0.109000284282    0.364298396249    0.3167    0.4350  -0.255   13
52922.271    0.199832738580    0.006998395463    0.1998    0.3361  -0.075   35
52926.205   -0.048199308813    0.293198399959    0.3775    0.6644   0.353    5
52929.269   -0.170093268967   -0.550501199825    0.2431    0.6809  -0.514   36
52933.203   -0.066219535235    0.298299599422    0.4112    0.6873   0.231    5
52934.240   -0.909801278148    2.457100801223    1.0925    2.2584  -0.845    5
52936.271    0.127899536390   -0.092001599938    0.1937    0.4045  -0.087   29
52940.205   -0.475705596082    0.506599197792    0.2586    0.4672  -0.041   12
52943.269    0.089074302992    1.047099597429    0.2803    0.5106   0.050   56
52947.203   -0.328467294742    0.114897595438    0.2994    1.1241   0.135    5
52949.245    0.386775398938    2.908900800236    1.0110    2.1964  -0.710    6
52950.271   -0.094496260537    0.066200395565    0.1686    0.2938  -0.009   37
52954.227   -0.111050244933    0.736199996965    0.2113    0.4115  -0.203   12
52956.246   -1.409384973390   -0.556502402560    0.7159    0.5253  -0.103    5
52957.269   -0.183131150621   -0.745401602842    0.2983    0.4410  -0.164   39
52961.203   -0.351613971780   -0.546501602372    0.3509    1.1392   0.582    5
52964.271   -0.343263227768    0.075297598556    0.1617    0.3337  -0.170   24
52968.205    0.317918786647   -0.102002400126    0.4299    0.7939   0.348    4
52969.268   -0.219611116308    0.127900800351    0.2336    0.4350   0.101   24
52975.203   -0.026662879714   -0.116801998473    0.2395    0.5435  -0.248   10
52978.271   -0.422963555279    0.606398400294    0.3333    0.3972   0.102   16
52983.227   -0.025931557526   -0.468500400075    0.1670    0.4241  -0.218    9
52984.250    0.937782596455   -0.191502001456    0.3871    0.4081  -0.138   12
52985.266   -0.107681845689   -0.088901999362    0.1987    0.3513   0.005   32
52989.229    0.007324114764   -0.186400801994    0.2176    0.3358  -0.040   11
52990.229    0.759046674196   -0.326800800821    0.3822    0.8652  -0.158   93
52991.252    0.143430389253   -0.194101202311    0.0711    0.1026  -0.143  174
52992.267    0.094643964035    0.093398396217    0.1454    0.2887  -0.151   27
52996.205    0.374468839472   -0.018899998366    0.2491    0.2522  -0.013    6
53003.203    1.240757846514    0.605098799866    0.4767    0.1922   0.153    5
53012.250    0.687552984849   -0.474199201506    0.2856    0.4285  -0.432    9
53013.269   -0.079552723949    0.232898398167    0.2489    0.3484  -0.089   14
53020.267   -0.118961576038    0.082598395323    0.1824    0.4266  -0.347   17
53025.206    0.537821712300    1.042300799270    0.2147    0.4099  -0.167   12
53027.269    0.313375954722    0.382600799043    0.2376    0.3726  -0.025   34
53031.203   -0.031645324416    0.534398400731    0.2621    0.3599  -0.133   10
53034.267    0.198953712895    0.119897998729    0.1524    0.3571  -0.290   17
53040.250   -1.691263307193    0.929599200816    0.3982    0.5203  -0.338    6
53041.269   -0.011575137343    0.342597598291    0.1925    0.2863  -0.191   32
53048.271   -0.674367499632    0.075599999860    0.4537    0.4951   0.251   11
53052.205    0.148848749148    0.271997995327    0.1008    0.2760  -0.041   26
53055.269   -0.358498573701   -0.692802001367    0.2185    0.4357  -0.178   20
53059.203    0.263418594538    0.579200399642    0.1101    0.3238  -0.045   20
53062.271   -0.012746072309    0.375699599431    0.1847    0.4338  -0.158   18
53065.873    0.997852349672   -2.666700000020    1.6202    2.3750   0.226    6
53066.585   -1.862383305343    5.549399998728    2.2620    1.9638  -0.111   15
53068.250    0.039264746240   -0.589302002396    0.1770    0.2871  -0.305   33
53069.269   -0.084826878062    0.052397996342    0.1883    0.3029  -0.056   30
53073.203    0.109879309968   -0.304002001172    0.4786    1.1099   0.224    3
53074.237    0.288323422882    1.698098397895    1.6303    3.0275   0.748   10
53076.271    0.077794572643   -0.816501599132    0.1778    0.5142  -0.340   18
53082.254    1.296868386496    3.829697998725    0.4653    0.3614  -0.122    6
53083.269   -3.031791668292    3.400599597114    1.9146    3.2753  -0.958    4
53090.271   -0.442594129575   -0.317102401937    0.2424    0.5297  -0.169   18
53097.269    0.065340409614   -0.057301203782    0.2389    0.4426   0.026   26
53101.583   -8.495285875212   34.376799595748    6.9998    4.2689  -0.728   10
53102.230    0.906872191876   -2.492899199069    1.5994    1.9117  -0.839   26
53103.271   -0.166429462727   -0.271900799476    0.1691    0.2614  -0.098   16
53109.246   -0.180933586407    0.956998800206    0.6273    0.8107  -0.446   16
53110.250    0.023002571190   -0.724302000776    0.4877    0.4915  -0.170    4
53111.269   -0.301948520876   -0.186001198443    0.1939    0.3882  -0.173   25
53118.268   -0.085266390905   -0.040302001736    0.2863    0.5228  -0.328   21
53122.205    0.420030971293    0.596498396277    0.4250    0.4394   0.028   11
53125.270    0.430727082951   -0.045302398632    0.1838    0.3078  -0.120   16
53131.252    0.345168882701   -0.246099601497    0.1482    0.1842   0.198   88
53132.271   -0.088343080739    0.623699997249    0.2237    0.4833  -0.164   23
53137.224    1.701519906008    0.086299198188    0.6659    0.3110   0.016   26
53138.247    2.579380452745   -3.667201198709    0.2374    0.3050  -0.013   17
53139.270    0.207744069684   -0.201999601046    0.2688    0.4491  -0.059   26
53145.271   -0.386923102436    1.408298399497    0.2636    0.8832  -0.582    6
53145.581  -58.622695256680   -3.806099998371    4.4995    6.1850  -0.605   18
53150.205    0.118082550352    0.616798797637    0.3040    0.4480   0.153   10
53152.251    6.709234498136   -1.955001600606    0.7155    0.4911  -0.151    4
53153.270   -0.078086481923    0.437500800388    0.3345    0.6599  -0.139    9
53160.275    0.054060579331    0.210297596936    0.1997    0.4667  -0.240   20
53164.205    0.296674266828   -1.314399603558    0.2479    0.6489   0.137   15
53167.270   -0.663084271568    0.584600400089    0.8086    0.9276  -0.363   14
53172.237    1.045320236361    2.169000000407    0.6260    1.0651   0.249   28
53174.271   -0.167895704753    1.091599201430    0.3291    0.7301  -0.376    9
53181.270    0.660007581734    1.115798397677    0.6709    0.5388   0.332   13
53185.207    0.370805033232   -0.516401999562    0.3483    0.6672  -0.554   23
53188.271   -1.031695238302    1.570399196282    0.8001    0.6937  -0.006   21
53195.270   -0.594814875617    0.790099198866    0.3026    0.6154  -0.165   22
53199.225   -0.020805006976   -0.112701598454    0.5023    0.6810  -0.159   11
53200.230    0.064169574584   -0.033901201846    0.5000    0.8386  -0.275   71
53201.256    0.027981418242    0.450698397003    0.1349    0.2563  -0.083   87
53202.272   -0.504857949290    0.842597997774    0.2986    0.5825  -0.268   24
53207.228    1.538019329683   -1.930802404360    0.6223    0.9511   0.000   23
53209.273   -0.210676553736   -0.627300003941    0.4588    0.9603  -0.089   22
53215.253    2.332227431037   -2.057500800134    0.3722    0.6144  -0.119   10
53223.270   -1.938564032398   -6.112299600858    0.6324    1.7355   0.735   12
53236.247   -7.828393691556    1.785398395526    0.5968    0.5404  -0.075   10
53237.270    0.053033950083    1.293998399632    0.3971    0.7519   0.183   25
53241.225    0.028129121740    0.103100395421    0.4912    0.2946   0.217   10
53244.268    0.290668690593    0.416998800290    0.4410    0.6717   0.249   70
53251.270   -0.304877507213    0.788997596857    0.2564    0.5856   0.009   37
53257.253    0.462959523773   -2.790900003902    0.5137    1.4206   0.117    9
53258.272    0.155881054567   -0.602701204144    0.2823    0.6940  -0.206   37
53262.224    0.807833099414   -0.025999202791    0.6931    0.7767   0.300   14
53262.582  124.283387613298    9.102599998556    7.2970    4.9617   0.665   11
53263.228    0.745861188979    0.502700396510    1.0425    1.8558   0.119   12
53265.270   -0.026810583212   -1.041102001409    0.2361    0.4393  -0.127   36
53279.270   -0.604776067438   -0.778201202678    1.0208    0.9732   0.665    3
53283.207   -0.187526279049   -0.269499603434    0.4377    0.3345   0.152    9
53284.226    6.979829603876   -2.888499602705   11.0642    8.6570  -0.969    3
53286.272   -0.246717006579   -0.048999601177    0.4756    1.5832  -0.617   13
53292.247    1.121940476259   -0.356900403631    0.5006    0.6232  -0.280    4
53293.270   -0.055671027139   -0.449999998864    0.7655    0.5584   0.271    8
53300.268    0.486106300745    0.560199598709    0.3532    1.6241  -0.580    3
53307.270    0.810617879968   -0.653299200337    0.5141    0.6716  -0.218   26
53314.268   -0.573278546453    0.558399598560    0.2970    0.5370   0.038   17
53321.270   -1.620940552811   -1.940702401981    0.7763    1.0295   0.370   34
53327.249   -0.808272712192   12.801297596354    0.5540    0.8151  -0.201    4
53328.268   -0.010840317441   -1.871402399445    0.6054    0.8205   0.036    9
53333.272   -0.040875194049   -1.673600400665    1.2634    1.3850  -0.140    8
53341.249    0.169361846844    0.272998801165    0.1030    0.1559   0.129   76
53341.249    0.006740396139    2.269198800064    0.4981    0.6790  -0.287    4
53342.272    0.091711479983    0.439599601521    0.3173    0.5634  -0.358   11
53346.228    1.079746743682   -1.395500400037    0.7266    1.1234  -0.486   11
53349.270   -0.964593279601   -0.758102400056    1.2414    1.4100  -0.013   10
53356.272   -0.529910481131   -0.121100403305    0.2369    0.4657   0.266   43
53362.269    0.251112135007   -0.272502001764    0.4056    0.8703  -0.735   18
53369.271   -0.170824691090    0.347000399614    0.1726    0.4038  -0.191   23
53377.266   -0.212726514387    1.560797999645    0.2159    0.4821  -0.180   23
53383.249    3.267520653934   -2.810800801711    0.4794    1.2673   0.062    9
53384.268   -0.270890512734   -0.423399600180    0.2595    0.5644  -0.430   23
53390.247    0.594375262840   -1.767099599448    0.7716    1.9433  -0.940    5
53391.270   -0.069735637977    0.550800000809    0.3202    0.7395  -0.594   19
53398.272   -0.066075329452   -0.522900001698    0.2233    0.7068  -0.300   17
53403.225   -1.125604282499    0.348998398181    1.5305    1.5987  -0.446    7
53405.270    0.010108895318   -0.517899598407    0.1896    0.5557  -0.104   38
53409.204    0.188553008232   -0.280101599515    0.3700    0.4977  -0.528    7
53412.268    0.098012363279    0.208198795804    0.1703    0.4183  -0.312   22
53418.255   -3.995505822273   17.197398001656    0.9161    3.4210  -0.919    3
53419.270   -0.156468270907   -0.188200802143    0.1654    0.4512  -0.102   39
53423.208   -0.043951783948   -0.825199198573    0.4778    0.6838  -0.301   21
53426.268    0.167456091976    0.495698400726    0.1664    0.4970  -0.057   45
53430.206   -0.340038834436    1.010199597573    0.1550    0.4813   0.001   18
53433.270    0.024321109718   -0.596102399442    0.1623    0.4467  -0.101   41
53440.268   -0.262244261793    0.972900000562    0.2275    0.6009  -0.244   17
53446.248    2.904918761151   -6.789200401869    0.1644    0.3428   0.137   17
53447.270   -0.026662879714   -0.087602398935    0.1948    0.3615  -0.039   10
53452.223   -0.128191445670    3.278897997916    0.6849    1.0658  -0.099   68
53453.268   -0.593056824246    1.689400798455    1.0959    2.8116  -0.948    4
53460.248    1.732869723495   -1.246100400465    0.1855    0.2701  -0.078   27
53461.270    0.014943536588   -0.297702003849    0.2691    0.5059  -0.029   23
53466.227    1.277969134389    0.986500801048    1.1844    0.7111  -0.011   15
53468.268    0.208623095370   -0.228200402574    0.1824    0.4506   0.017   31
53472.206    0.360991544909    0.324899998105    0.1662    0.4148  -0.123   42
53475.270    0.473212624874    0.931298398399    0.3433    0.5053  -0.007   25
53479.204   -0.369634198202    0.358599601213    0.3420    0.3765  -0.345   10
53481.249    0.257704927583   -1.871499601691    0.3377    0.8762  -0.324    7
53482.269    0.382232467079    0.125100000758    0.1747    0.4719  -0.130   35
53488.251   -0.507203217001   -0.037699200561    0.2143    0.2819   0.036   37
53489.267   -0.429556247921   -0.181299602531    0.2925    0.5172  -0.224   18
53500.206   -0.107973655034    0.310100399759    0.3255    0.7563   0.386   43
53503.270   -1.930652701294    1.568300401544    1.0999    1.6056  -0.824   11
53510.269    0.482150685161    0.000000000000    0.2618    0.5585  -0.581   14
53514.206   -0.599062400482    0.356299201343    0.7899    0.9703  -0.300   12
53516.248    1.885090469538    6.673697997428    0.7291    2.9695  -0.918    9
53516.584  -20.489865974283   17.131798795589    1.5759    1.6154   0.149   59
53517.270    0.175806935923    0.526499995601    0.2598    0.4697  -0.076   25
53524.269   -0.014504123680   -0.171701999818    0.2158    0.5140  -0.328   17
53531.270    0.266495284372   -0.366501600269    0.3076    0.6239   0.020   11
53537.582    6.154415690947  -15.802099200357    2.2520    3.2979  -0.626   66
53538.269    0.179323138599   -0.389300399917    0.2053    0.5148  -0.274   16
53542.206   -0.323045337197    0.385599597053    0.3422    0.3662  -0.131   19
53545.270   -0.084679174565    0.556397999674    0.2954    0.4632  -0.032   10
53549.208   -0.222103987582   -0.310100399759    0.3692    0.2901  -0.126   11
53551.250    0.553791978071    0.416897997724    0.2465    0.2110   0.284   55
53552.269    0.222395796927    1.181599196087    1.0401    1.6056  -0.422   26
53559.271    2.210920587289   -1.210399198470    0.5741    0.4729  -0.224    6
53565.250   -0.951703101445  -11.586999602997    0.8047    2.1044  -0.691    8
53565.586    3.275431985038    3.989700000773    1.4399    1.3951  -0.085   47
53566.269    0.323337146543   -0.252799202372    0.2670    0.5082  -0.029   14
53573.271   -0.288323522816   -0.363700800676    0.1977    0.4032  -0.122   30
53577.204   -0.607413244429    0.236300400047    0.3160    0.2524  -0.151   13
53580.269    0.915954457946    0.298497597839    0.6538    0.9085   0.122    3
53587.271    0.050544476589    0.763797601167    0.2239    0.4637  -0.040   15
53591.204   -0.625725280196   -0.212101203800    0.3955    0.6751   0.198   27
53594.269    0.281291217398    0.949399196060    0.4971    1.1760  -0.051   12
53599.583   -2.705377831916   -3.293402401994    1.9252    1.5734   0.029   48
53601.271    0.423694877467   -0.156099600446    0.2472    0.3521  -0.123   19
53607.250    0.109439797125    5.393699995437    0.1081    0.1847  -0.159  130
53608.269   -0.189432033917   -0.117100799457    0.3502    0.5042  -0.475   15
53612.206   -0.202469915571    0.726098400605    0.3241    0.7115  -0.394   23
53615.271    0.374616542969   -0.816001199411    0.2271    0.3628  -0.041   21
53621.250    3.503102036012   -1.937599201085    0.4504    0.9977  -0.573    7
53621.582    0.520536405716   -9.579599999654    2.9287    2.1199   0.263   38
53622.269    2.044783033841   -0.124401602619    0.9898    0.9302  -0.626   15
53626.195   -0.024613018998    0.284698798936    0.1602    0.2597  -0.109   27
53626.498   -0.245103061056    0.424497595475    0.2655    0.3238  -0.089   20
53627.196   -0.009229869632    0.181598397120    0.3071    0.4189  -0.084   14
53627.499    0.050396773092    0.659498401490    0.3327    0.4476  -0.298   16
53628.197   -0.035453236504    0.656899200635    0.2547    0.3728  -0.418   18
53628.500   -0.095667195503   -0.121701599198    0.3668    0.6091  -0.638   14
53629.198   -0.092150992826    0.167799598216    0.1998    0.3339  -0.480   11
53629.501   -0.222687706207   -0.172299601786    0.1998    0.3015  -0.233   16
53630.195   -0.569762343777    0.361598399223    0.1619    0.2335  -0.287   26
53630.498   -0.376374694275    0.941597999571    0.1979    0.2723  -0.307   28
53631.196   -0.020949212758    0.478097996393    0.1740    0.2360  -0.323   22
53631.499    0.202030302794    0.550497599505    0.2486    0.3519  -0.400   20
53632.196    0.565659024695    0.079397998576    0.2600    0.3368  -0.451   13
53632.500    0.162473747208   -0.274302001912    0.3027    0.4083  -0.142   13
53633.197   -0.264297720159    0.324597596801    0.1771    0.2548  -0.293   28
53633.500   -0.252283069972    0.554997596680    0.2224    0.3400  -0.219   32
53634.205    1.018949165993    2.893499999601    7.6088   13.5730   0.998    3
53643.271    0.546320259744   -0.663800400247    0.6542    0.5410  -0.259   12
53647.208   -0.178883625756    0.447400798009    0.6852    1.7011   0.740   33
53650.269   -0.313228351159   -0.712800001423    0.5089    0.6252  -0.370    7
53654.206  -11.205790257678   -4.569300003965    3.2614    1.7430   0.902    4
53655.225   -0.185624121830   -0.076201202148    0.2255    0.3642   0.137   24
53656.580   -7.509304069878    1.886900395931    1.5688    1.4146   0.040   58
53657.271   -0.198514299987   -0.617799603475    0.2660    0.3673   0.184   15
53662.227   -2.595203114953   -1.088301602437    1.0234    1.9512   0.359    3
53664.269   -0.177417383731   -1.451800804375    0.7966    1.6078  -0.796    8
53671.267   -0.196316635838   -0.272401199197    0.2645    0.3737  -0.198   13
53678.269    0.358646277198   -0.778600799833    0.2556    0.5287  -0.213   13
53684.584   -5.513455064818   14.105800796216    2.0238    1.4806   0.206   49
53685.271   -0.394686730042   -0.049201199914    0.4526    0.4894  -0.197   16
53692.269   -0.039996068429   -0.508201199523    0.2803    0.4791  -0.311   17
53697.269    0.621038142554   -0.101699998822    0.4140    0.4888   0.271   18
53704.242    1.280753914943    1.452599998686    1.7013    2.9609   0.496    5
53706.269    0.147530210620   -0.622602001954    0.2526    0.4112   0.216   29
53713.271    0.798163716939    0.191300396324    0.4540    0.4604  -0.032    6
53720.269    0.355421983802   -0.755701204014    0.4034    0.6524  -0.427   13
53725.226   -0.277922718218    0.203299201473    1.9569    1.9315  -0.771    8
53727.271   -0.436149040496    0.551199597965    0.5430    0.7843  -0.378   27
53734.269    0.553644374508    0.818100000544    0.5737    0.7083  -0.405   22
53740.270   -0.773990310719   -0.507600003630    1.5239    1.1749  -0.502    5
53747.582   17.310543995436  123.583100399571    1.3160    1.1579  -0.126   81
53748.287    0.368902876014   -0.274802401634    0.4554    1.7274  -0.734   11
53754.256    6.119841480129  -14.766400799715    0.8490    1.7110  -0.855    3
53755.267   -1.437953607973    0.739097998803    0.2005    0.5533  -0.099   30
53762.269   -0.109587600557   -0.557301603266    1.8971    4.1489  -0.976    5
53769.271    0.398494642130   -0.307000799182    0.2548    0.6392  -0.226   15
53774.227    0.511011129089   -5.540601603116    1.9134    1.1847  -0.100   19
53776.269    0.212578810889    0.745599601260    0.2317    0.6481  -0.228   28
53782.584    4.979293661042  -22.684600802592    0.7749    0.6723   0.017  112
53783.271   -1.004884655090    2.250899997591    0.7868    1.7088  -0.637    5
53787.205    0.094204351257    0.561499199137    0.4837    0.4945   0.391   12
53797.271    0.462080498088    0.656499597085    0.2350    0.9874  -0.209    8
53804.269   -0.008059034602    0.114400796036    0.2191    0.6062  -0.039   35
53808.203    0.715534403091    0.753300001577    0.3694    0.9140  -0.420   10
53811.271   -0.113687421925    0.183599996006    1.8674    2.0611  -0.653    7
53817.583   -5.198173355227   -2.928999602858    0.6512    0.6246  -0.063  122
53818.269   -0.187086766206   -0.125701203046    0.2017    0.4891   0.141   47
53825.271    0.263858107381    1.858798798082    0.2715    1.2933   0.278   16
53832.269    0.759777996384    1.298699995544    0.4725    0.7479   0.129   21
53838.270   -0.713336938812   -0.452700002285    0.7313    1.3689   0.023    6
53846.277   -0.189140224572    1.899900000524    0.2547    1.0025  -0.151   17
53850.583   -3.231184894030    2.927300398881    0.5912    0.5919  -0.076  114
53851.229   -0.718463489362    0.167997596634    0.0895    0.1980   0.034  129
53852.249    2.762806910426   -1.132401602888    2.3786    0.7531  -0.595    6
53853.271    0.349855920409    0.511397995950    0.5021    1.0641  -0.156   16
53858.202   -0.623088103205    0.532900795491    2.3163    1.3491  -0.164    3
53860.269    1.422865765667   -2.586499200419    0.6875    1.1015  -0.625    7
53864.207    0.071201780068    3.570897600014    1.4744    3.4701  -0.559    4
53867.271    0.442006913235   -2.022800403978    0.3902    1.3689   0.163    7
53874.269   -0.261512939605   -0.439502399274    0.2998    1.0394  -0.546   11
53879.226   -4.459636281012   -8.891701199332    1.5822    3.8622   0.783   10
53880.581   -4.101869129434    5.697597600118    1.0987    1.1252  -0.050   75
53881.268   -0.099331001742    2.686698000076    0.6626    2.0080  -0.018    6
53884.997   -0.254628337684    0.007498801580    0.3958    0.8840  -0.048   86
53888.269    0.190163356105    0.596498396277    0.2669    0.6639  -0.368   18
53893.204   -1.422570458607    0.015098399331    0.6793    0.7562   0.277   11
53894.249   16.557063384633   19.047898797453    1.1306    1.8280   0.817    5
53895.271    0.186942560423   -1.204001998900    0.2857    0.8397  -0.745    4
53900.268    0.351026755440   -0.748900800573    0.3366    0.8097  -0.627   10
53908.249   -2.248571487941  -19.773201604067    0.7842    1.1709   0.729    6
53908.577   -8.634321136037   13.015097997737    1.2556    1.2071   0.071   61
53909.271    0.079113111172   -0.296100002117    0.5323    1.3929  -0.762    8
53909.582   14.686476938841   18.429299999667    1.4151    1.2146   0.132   51
53914.224    2.038921663388   -0.047300403594    1.5150    1.4623  -0.212   14
53915.247   -1.075791128098    0.980398795747    0.5244    0.5881  -0.526    9
53916.270    0.047759696035   -1.399301999072    0.2901    0.9158  -0.339   11
53919.995    0.772084555851   -3.220700403972    0.5031    1.6428   0.462  135
53928.228    0.071641292910   -0.059702399824    0.2386    0.3453   0.140   44
53929.251   -0.679202240836   -2.698801201717    0.9336    1.7447   0.756    5
53930.270    0.879326788762   -0.511700403649    0.3626    0.9045  -0.395   11
53936.245    0.683741475112    1.627898398482    0.7726    0.9921  -0.313   10
53936.581    5.382478838594  -10.954501203742    1.4357    1.4170   0.084   66
53941.205   -0.517899328659    2.807398799831    1.4186    1.8267  -0.371    3
53944.270   -1.041216917279    1.105398000334    5.6884    1.9775  -0.644    3
53951.268   -0.118669766692    0.191800796046    0.3409    0.4900  -0.059    5
53958.270    1.324705698891   -1.432400399892    0.4100    0.6869   0.191   11
53964.581    0.881084840133  -31.193200803159    1.7022    1.5397   0.200   51
53965.268    0.844604874446   -0.008200800039    2.2171    1.5577   0.119   10
53978.249   -0.319821043801    0.342100798889    0.1844    0.2510   0.088   66
53982.993    1.514577245650    5.210099999431    0.2802    0.5786   0.017  144
53986.273    0.227670050975   -1.373900404644    1.6703    1.6853  -0.587    6
53990.207    0.436293146344    0.671198399260    0.2859    0.3880   0.365   35
53991.230    1.013087795540    3.020597998926    0.7047    1.6031   0.731    5
53992.249   -1.064071884906   -0.119700000312    0.1591    0.2347  -0.184   69
53992.581   -7.606876920315    1.640300401107    1.2629    1.2178   0.014   65
53997.205   -0.121746356591    0.066099599394    0.3951    0.4273   0.021   25
53998.228    2.710064869623   -0.461502004612    0.2481    0.3870  -0.265   17
54011.205   -0.059043024033    0.090399598207    0.5432    0.5214   0.059   10
54013.251   -1.028179135560    1.265997597955    0.3712    0.4081  -0.559   15
54014.270   -0.114714051173    1.087099197861    0.6286    0.8100  -0.591   16
54018.218    0.786004960905    0.276598801463    0.6031    0.5160  -0.588   22
54019.230   -0.428237709392    0.468197998771    0.4192    0.4940  -0.009   10
54020.749   -7.868829372762   -2.161000799106    1.7573    2.4577  -0.438   36
54021.272    0.362601892783   -0.041601602163    0.2866    0.4851  -0.212   42
54028.270    0.364068134809    2.520900000746    0.3756    1.0539  -0.303   38
54035.268    0.167603795473   -2.899601998507    1.7623    2.4174  -0.789    3
54042.270    0.627483231632   -0.663001199541    0.4040    0.9767  -0.222   38
54048.578    4.367485288186   -4.173101998362    1.0954    1.0281   0.004   67
54049.272   -0.006300983231    1.479700797091    0.8338    1.2667  -0.586    6
54054.224   -0.056110539982   -1.434002401624    0.3759    1.0357  -0.009   51
54055.251    1.945304428537   -0.450702003718   10.4022    1.5595  -0.942    3
54056.270   -0.255212056309   -0.014799598347    0.2946    0.4090  -0.214   38
54061.270   -0.160863399334    0.877197597760    0.5122    0.7644  -0.079    9
54070.270    0.326121927096   -0.198601199486    0.3257    0.4444  -0.029   26
54082.228   -0.686818164946   -0.053100001196    0.7264    0.5023   0.018    6
54083.583   43.101574535279  -38.470100404453    0.9379    0.9403  -0.377   50
54084.270   -0.537677606452   -0.304902004444    0.7316    0.9856  -0.403   20
54091.272    1.404258322905   -0.745300800276    2.0776    1.0310  -0.286   11
54098.270   -0.369781901699   -0.567899999027    0.4134    0.8880  -0.371   40
54105.268    0.374468839472   -1.005699600398    0.2856    0.6352   0.200   44
54108.997    0.012014650186   -0.243900004193    0.3227    0.7361   0.070   99
54110.206   -0.507934539189    0.065898000656    0.2841    0.2749   0.144   20
54111.583  -10.668699867566    5.923900800298    0.4195    0.4291  -0.111   77
54112.270   -0.753920223581    0.312598798047    0.7400    0.5722  -0.115    4
54119.268   -0.835230898966    0.618699600352    0.7882    0.8085  -0.077   10
54126.270   -0.505005652788   -0.115300799308    0.4387    0.6310  -0.017   25
54133.272   -0.402158548304   -0.399301200105    0.3416    0.4870  -0.087   16
54139.583   10.746933953052   -5.547002403006    0.5031    0.4980  -0.159   39
54140.270   -0.225620190258    0.575297998040    0.2751    0.4731  -0.194   71
54144.207   -0.983053018866    0.552099601236    0.3259    0.3204  -0.154   39
54150.994   -0.242321878152    0.361299598239    0.5599    1.5343  -0.393   48
54154.270    0.265176745844    0.321400800374    0.3432    0.3317   0.007    7
54161.272   -0.252870286313   -0.380599200156    0.5281    0.4880  -0.181   21
54166.272   -0.411827930779    0.228599999730    0.6559    0.6723  -0.604   19
54174.582  -17.230991371422   19.258397999522    0.5117    0.6821  -0.222   64
54175.268    0.036919478529    0.315197998901    0.3794    0.4212   0.210   20
54182.270    0.209797528050   -0.148500002695    0.3197    0.3950   0.026   36
54188.249    0.449334525713    0.351799197773    0.2783    0.3086  -0.196   12
54189.268   -0.303998481527    0.339897601265    0.3563    0.4517   0.011   21
54193.209    0.015674958711    0.414799196591    0.2312    0.3255   0.282   27
54195.269    0.387067208283   -0.941900400875    0.3633    0.4664  -0.086   29
54201.208    0.070470457879   -0.022899602214    0.1847    0.2249   0.086   53
54203.268    0.200711764266    0.250200001517    0.2897    0.3798  -0.032   46
54210.270    0.477755456799    0.238100400196    0.2774    0.4271   0.148   66
54216.249    0.427502789555   -1.256601600375    0.4348    0.5003  -0.153   16
54217.268    0.854274256921    1.693799999458    0.5663    0.9019  -0.282   35
54223.207   -0.690773880465   -0.443199601818    0.2068    0.2770   0.215   75
54224.270    0.464861780927    0.544298398353    0.4286    0.5338   0.354   43
54231.268    0.850758154179   -0.423601198918    0.4883    0.4787  -0.049   33
54236.225   -0.984666864455    1.388599200425    1.0271    1.1286   0.793   23
54238.270    0.744250741171    0.798699596061    0.5908    0.8184   0.246   52
54243.227    0.946281143900   -1.612699202980    0.5298    1.2888   0.068   60
54244.582   -2.941398726837   -8.030901601330    1.1137    0.9099  -0.180   37
54245.268   -0.111929270619   -0.296802000577    0.7437    0.5847   0.145   31
54252.270   -0.106510910723    0.400499997966    0.6173    0.5010   0.052   15
54259.268   -0.917712509317    0.264999599864    0.7844    0.7910  -0.024   11
54272.582    0.280264488215   -8.098502399889    1.3778    1.4893   0.093   36
54273.269    0.532695161750    0.287798399512    1.2684    1.6505  -0.237    6
54273.583   14.001121518206    0.385797595470    1.1093    0.9986   0.018   52
54279.251  -21.142549441253   -3.910802401919    1.5158    0.5715   0.172    4
54280.270    2.108952608425    1.417600801545    2.7152    1.7455   0.691    7
54285.223   -1.887727646529    1.128898798441    0.9787    1.2169  -0.043   48
54287.294   -3.696633991231   -0.723301201333    3.9475    2.9447   0.884    4
54294.270   -2.152025366687   -1.717801203682    1.9780    1.2208   0.547    7
54300.578    9.663083890287   -2.804799598977    0.8008    0.9946   0.042  104
54301.272   18.227816991910   -5.366800802165    7.4383    2.8087  -0.734    3
54308.270   -0.602138990381   -0.645602400340    1.5014    1.3031   0.085   17
54314.250    0.006445089078   -0.714301200588    0.3838    0.6265   0.171   23
54315.272    1.783414300019    3.539800798080    2.9748    1.5561   0.594    6
54321.248    3.292277778779   -4.658702403049    0.4620    0.9251  -0.190   11
54322.270   -2.787567632921   -0.281300403771    3.7029    2.7393   0.791    3
54329.269   -1.572445936938   -0.791301603442    1.4469    1.4897   0.156   13
54335.580   -8.341454781296  -17.206700403705    0.8878    1.3044  -0.181   67
54336.271    0.383551105541    1.040799600105    2.5806    1.6020   0.751    4
54340.208    0.144309414938    0.095597999916    0.1811    0.2795   0.205   49
54343.269    0.760952429065    3.031898399541    2.0766    1.8971  -0.724    5
54346.994    0.374029326629   -0.382899600027    0.7492    1.1103   0.395   55
54350.271    0.945110308869   -0.225399602982    1.6764    1.0286   0.282    8
54355.227  -11.411923979488   -0.603500398455    9.1292    3.2156   0.113    3
54356.250    3.235727725954    0.218300398558    0.3095    0.3686  -0.193   18
54357.269   -0.162621450705    0.211600797684    1.4480    1.1254  -0.569    5
54361.206    0.403624690395    1.184299199508    0.4121    0.7103   0.286   16
54378.271   -1.765249967749    0.071697598258    1.7805    2.4563  -0.821   12
54384.228   -0.037067182027   -0.222699599561    0.4314    0.9403   0.467    9
54385.269   -0.211995092264   -0.349099200747    0.3334    0.5981  -0.016   35
54391.580  -15.635687069077    9.578498397644    1.0111    1.3522   0.038   79
54392.267    0.027689608897    0.836999998910    0.3210    0.5295   0.002   28
54399.269   -0.565071808354    0.104900395570    0.6506    0.7610  -0.599   24
54404.269   -0.842263204385    2.233198797086    0.7421    0.9369  -0.334   19
54412.637  -15.454605879106    0.014299198625    2.4794    2.7553  -0.193   10
54413.269    0.490649132670    0.565599599156    0.7750    0.9937   0.608   47
54420.271    0.333301936012    0.350499597346    0.3174    0.6869  -0.113   19
54424.208    1.039166956628   -0.019602003221    0.5216    0.4796  -0.245    3
54425.271   -0.033842888630    0.198900000470    0.2411    0.6259  -0.114   30
54426.999    0.710847465318   -0.519102002983    0.8844    1.1882   0.176   21
54432.225   -0.883722017124    0.172800001508    0.4445    0.4786   0.213   13
54434.271   -0.429408644358    0.594500397710    0.3831    0.6790  -0.286   51
54441.269    0.086293120088   -0.181699199686    0.4988    0.6109  -0.243   32
54445.206   -0.335351896663   -0.029901604393    0.2306    0.3156   0.379   14
54447.248   -1.209844044155    3.219098395846    0.2814    0.3925   0.263   18
54448.271    0.020217790636   -0.761799602600    0.5108    0.6300   0.304   38
54452.208   -0.024904828343   -0.225201604565    0.2541    0.3799   0.312    9
54455.269   -0.008350843947   -0.009500400466    0.2638    0.3556  -0.272   41
54462.271    0.896907502341   -0.010699198327    0.3465    0.4764  -0.645   33
54469.269   -1.320018761118    0.607600798475    1.2117    0.8462  -0.145   10
54476.271    0.297845201794    0.396298795380    0.3391    0.3883  -0.201   30
54480.208    0.501197640766    0.457599596615    0.5289    0.6011  -0.331   18
54483.273    0.934122287931    0.843897598202    0.6044    1.1005  -0.168   28
54485.559   -9.389559898146    9.213400800689    0.8247    1.1995  -0.199   69
54486.995   -5.499974272541   -3.782599200264    1.5241    2.2184  -0.250    6
54488.207    0.478634482484   -0.287801999832    0.5703    0.4311   0.028   21
54490.271   -0.127899636325    0.392597998911    0.7864    0.6872  -0.082   33
54494.208   -0.319089721613   -0.137401200817    0.8141    0.5269   0.052   14
54497.273    0.352053484622    0.198698395337    0.3205    0.5169  -0.126   32
54501.206   -0.170240972464   -1.904601602831    0.2483    1.0240   0.234   10
54502.225   -2.331200801789    1.667199600774    3.8548    1.2273  -0.456    4
54504.271    0.176098845203   -0.248500803934    0.3679    0.6602  -0.256   37
54508.208    0.119548692443   -0.037299603406    0.3694    0.4637  -0.267   23
54511.269   -0.272940373451    0.380199596606    0.3285    0.3343  -0.308   24
54516.207   -0.570641369462    0.664700397124    0.1827    0.2423  -0.154   29
54517.248    1.055133824619    0.232397998445    0.5234    0.4242  -0.121   23
54518.271   -0.302827546562    0.385397998315    0.2315    0.3764  -0.096   68
54525.273   -0.433803772785    0.497897998031    0.6088    0.7309  -0.374   14
54529.207   -0.149875478331    0.296398796706    0.1147    0.1781   0.277   56
54532.271    0.100062323930    0.051199198481    0.2796    0.6028   0.317   43
54538.582    4.884649697008   -8.260401604332    2.7643    1.9541   0.294    6
54539.269   -3.584265207770    0.067197601084    0.9494    0.8089   0.125   24
54543.207   -0.194119071624    0.336898796860    0.1196    0.1884   0.061   48
54545.270    1.801290320658   -1.198900799437    1.2318    1.4062   0.504   11
54551.209   -0.320260556643   -0.018799202195    0.2669    0.3050   0.153   19
54553.269    0.027981418242    0.087098398893    0.2494    0.3952   0.050   40
54558.226   -0.722566808444   -0.210700800807    0.9639    1.3748   0.008   23
54559.230   -0.216094913631    0.194997598868    0.1285    0.1857  -0.086  119
54560.271   -0.228988589503   -0.450399602414    0.2971    0.7866   0.145   52
54567.269   -0.577234162038   -0.599299202264    0.8657    1.2736   0.386   11
54574.271   -0.456806343975    1.525298396388    0.3107    0.6800   0.124   46
54577.997   -8.093127426843    3.630700796009    2.9068    2.4681  -0.595   14
54581.273   -0.502368475796   -0.555400800550    0.4400    0.8254   0.329   16
54586.270   -0.386923102436   -1.072202403662    0.8243    1.0500  -0.701   15
54594.268    0.078234085486   -0.087602398935    0.3671    1.0228  -0.164   12
54601.584  -10.959955874433    1.231099196985    1.0776    1.6056  -0.127   41
54602.271   -0.236312804201    0.584100000367    0.5281    1.0521   0.127    9
54609.273   -0.485374978557    2.366697596301    0.7317    1.3975   0.538    5
54612.995    0.785125935220   -1.082199603530    0.3529    0.6359   0.270   86
54614.207   -1.553986197674   -1.826301599550    0.5274    1.0270   0.721   17
54616.271    0.333446041860   -1.126000802998    1.2916    1.9926  -0.096    4
54620.209   -0.136398083834    0.263699999437    0.1262    0.2423   0.021   25
54623.269   -1.084876891882   -0.028202400415    0.7842    1.1794  -0.615    6
54627.207   -0.190458763100    0.887799600235    0.2443    0.4701   0.272   15
54634.209   -0.209797528050    0.258699596145    0.1901    0.2928   0.351   33
54635.542   -1.707964995087   18.466898397662    0.8068    0.9379  -0.054   64
54636.583    1.822826649822   -4.661499602321    0.8502    0.7292  -0.039   71
54637.269    0.826584747959    0.344498401006    0.7107    0.6399  -0.101   15
54642.226   -0.446989357937   -0.942901200318    0.6411    0.9156  -0.108  106
54644.271   -3.405089672733    1.278399600579    1.1816    1.2761   0.086   18
54650.269    0.038238017058    0.958899596526    0.7370    1.0786   0.083   10
54656.230   -1.915709064771  -14.442102003898    0.5597    0.7451   0.294   50
54658.271    0.000731322188    1.467298800861    0.6654    1.3624   0.243   11
54665.269    0.180349867782    1.316199597312    0.7443    0.9945  -0.375   20
54671.581   -4.998045209652    1.073098800219    0.6558    0.6504  -0.174  129
54672.271   -0.884309233464   -0.207799198648    0.6181    0.7767  -0.405   26
54677.224    9.735604208883    4.897598397235    0.6072    0.9645  -0.035   33
54679.269    5.548468788479    4.240299599445    4.5305    2.6899   0.797    4
54686.271   -0.477024134610    1.537300795462    0.3836    1.0654   0.199   17
54690.497    0.193239946004    0.240299997500    0.2569    0.2864   0.310   77
54691.502    0.159105347964   -0.760600798344    0.1843    0.4246  -0.208   88
54692.499    0.149144056208    0.545997595935    0.2114    0.2911   0.118   45
54693.500    0.055231514297    0.319899601209    0.1550    0.2271   0.182  110
54694.500    0.301948520876   -0.252899998543    0.1940    0.2763  -0.071   52
54695.501    0.090832454298   -0.146599199979    0.1732    0.2965  -0.052   92
54696.502   -0.161890128517    0.781700400410    0.2378    0.4108  -0.085   54
54697.499    0.344581666361   -0.041500799597    0.1842    0.2720   0.003   88
54698.500    0.018899252107   -0.397101602800    0.2961    0.3874   0.418   39
54699.501   -0.007763627607   -0.173199598663    0.2291    0.2733   0.068   44
54700.501   -0.438199001147    0.147099599701    0.1874    0.2589   0.327   67
54701.499   -0.382380270511   -1.030201204344    0.3949    0.6428   0.691   22
54702.499   -0.093469531354    0.073799999711    0.2218    0.2562   0.100   56
54703.500   -0.208039476679    0.102398396962    0.1648    0.2612  -0.190   80
54704.501   -0.163060963548    0.048200400471    0.2022    0.2846   0.347   46
54706.579   17.332811746723   -4.248399603313    4.7820    2.3936   0.172   18
54707.270    0.168774730439   -1.147500002219    0.9736    0.7681  -0.278   21
54710.999   -1.915856768269   -2.151201604050    0.4751    0.6792   0.145  130
54714.271   -2.413390602795    1.978397995828    1.1479    0.8320  -0.627    6
54719.239    0.508669359092    0.163997999181    0.5148    1.1812  -0.091   35
54720.251    0.572399420833   -0.638701200728    0.3578    0.7419  -0.130   36
54721.270    0.403037474054   -0.838602000641    0.6132    1.0652   0.265   10
54725.207    0.870536431972   -1.013500803282    0.5475    0.5891   0.094   23
54739.207   -0.439517539676    0.575899200328    0.6931    1.1904   0.419    5
54742.271    0.108121258597   -0.161100003737    0.2062    0.6061  -0.003   21
54746.209    1.578455010889    2.087200799394    0.8269    2.3745   0.476    3
54747.228    0.798750933279   -0.751802402732    1.3484    1.1807  -0.281   11
54748.247    0.257409520588    4.296200400233    0.9961    1.2909   0.010   30
54749.273    0.888704361892   -0.705099601106    0.2814    0.4544  -0.083   52
54756.271   -0.400548100495    1.904399997699    0.9133    0.8613   0.116   12
54763.273    0.206573234653    0.299699996020    0.7338    0.7767  -0.381   19
54770.268    0.232065179402   -0.345402004598    0.6926    0.6986   0.353   10
54777.270   -0.745273972639   -0.506102398390    0.6241    1.2103  -0.023    7
54782.226   -0.640964223779    2.917400401259    0.4902    1.0508   0.621   29
54783.581   -8.018117634753    4.313998796590    1.6899    1.0258  -0.446   48
54784.268    0.342236398650   -0.273801602191    0.8413    0.7990  -0.623   15
54789.228   -1.153585800676   -1.538402403867    4.9093    0.7640   0.640    6
54791.273    0.708794006952    0.590399997691    0.5196    0.6815   0.365   12
54796.270   -0.343115524270   -0.283201200091    0.5177    1.2961   0.426   10
54797.998    3.578699044442    4.753998001661    4.2891    3.0971   0.176    4
54805.270   -2.728672312385    0.064000798261    2.3321    1.6533   0.423    6
54812.272   -0.127607727044   -0.205599601344    0.2736    0.6107   0.130   19
54817.228   -0.887973039704    1.765699196454    0.8061    3.2132  -0.307    8
54818.251   -0.155297335942    1.319400000455    0.1994    0.4291  -0.414   58
54819.270    0.456806343975    1.425700799018    0.4617    0.8539   0.310   12
54824.266   -0.460762059494   -0.458899203437    0.4119    0.8111  -0.266   33
54837.207    0.188844817577   -0.429199204177    0.3301    0.5249   0.449   14
54840.268   -0.138448044485   -0.018201600227    0.2239    0.4322  -0.013   19
54845.228   -0.021828238444    0.608799596336    0.4458    0.5495  -0.362    8
54847.266    0.073986560621    0.226198797293    0.2898    0.5936   0.325   43
54847.584  170.709911980955  -95.291200798897    8.1302    5.2956  -0.885    4
54850.999    0.169945565469   -4.947501602004    0.4051    0.8914  -0.546   27
54852.208    0.542656353570    0.237898801458    0.4610    0.5394   0.364    7
54853.249   -0.238218459135    0.557200800699    0.1021    0.2064  -0.039  134
54854.272   -0.740587034866   -0.520902003132    0.3564    0.7088   0.267   12
54858.209    0.160423886492    0.712497600119    0.2601    0.4304   0.088   98
54861.270    0.136542189682   -0.057499202200    0.2680    0.5260  -0.032   15
54865.207    0.204083761160   -0.380199603001    0.3897    0.3024   0.049   12
54866.226   -4.067147215118   -1.637200800531    1.3049    1.7036   0.062   11
54868.272   -0.273379886294   -0.038599203833    0.2225    0.4934  -0.047   21
54872.205    0.484640058720   -0.154699203847    0.2913    0.4641  -0.071   30
54875.270    0.107973555100   -0.280202402081    0.3258    0.4525  -0.090   25
54880.208   -0.260046697579   -0.317102401937    0.3956    0.3855   0.184   14
54882.272    0.564779999009   -0.847602001386    0.2421    0.4593  -0.057   20
54887.206   -0.022563058347    1.348199996443    0.2023    0.3604  -0.230   70
54889.270   -0.102994807981    1.289897999612    0.3302    0.9966  -0.444   14
54895.581  -40.699611466265   22.461699597898    6.6489    4.6245  -0.813    6
54896.268    0.375347865157    2.125198800940    0.4358    1.4954   0.091   10
54903.270    0.840505053079   -1.346702403993    0.4232    1.6686  -0.025    5
54910.268   -0.471310467655   -0.975301202999    0.3833    0.5075   0.257   17
54915.999   -0.234554652896   -9.738601202258    0.6612    2.3041   0.041   14
54917.270    0.179614947945    0.457498800444    0.2276    0.6592  -0.018   41
54924.268    0.020509599981    0.487198799703    0.6794    0.9031   0.538    7
54928.206   -0.049225938061   -1.052899201426    0.3800    0.4810   0.222   10
54929.228    0.576646945698    1.447397996657    1.0959    1.8216   0.728   10
54930.269   -0.250964531444    0.295898396985    0.4673    1.4565   0.158   12
54936.208   -0.116032689636    0.250498796106    0.1715    0.3153   0.067   38
54938.272   -0.094496260537   -0.477701999557    0.5409    0.5710  -0.376   10
54942.209   -0.082042097508   -0.459201598346    0.1947    0.3534   0.222   35
54945.270    0.104752859352   -1.160100003261    0.6351    0.9640  -0.214    4
54951.267   -0.330517155459    0.053600400918    0.4268    0.6525   0.349   22
54958.269   -0.537969415798   -0.264002400741    0.2247    0.4841   0.189   38
54965.249   -0.721979592104   -0.577299603322    0.1542    0.2875  -0.346  128
54966.268    0.585289598990   -0.991299599207    0.3605    0.4984  -0.184   16
54970.209    0.202765222631   -0.164001599501    0.4630    0.5784   0.642   11
54972.580    5.646041638915    5.323298397286    2.2358    1.8648  -0.654   19
54973.270    0.123796217308   -0.036000002979    1.2759    1.1216  -0.008    9
54976.999    2.776723817766   -1.541901601598    0.7873    2.7621  -0.617   72
54980.268   -0.066954355138   -0.336002400303    0.3207    0.5990  -0.012   13
54987.270   -1.132488884420    0.633398396133    0.7791    0.7506   0.046    7
54993.271    0.143574495101   -0.031899602959    0.2503    0.4051   0.040   28
54993.582   10.316941690003   -2.000102400501    0.7413    0.7970  -0.265   63
55001.270    0.752162072275   -0.366001200547    0.4057    0.9122   0.038   13
55006.227   -3.288178057347   -4.990201199462    1.7052    3.7562   0.696    4
55008.268    0.017141200736   -0.187902001159    0.9626    0.8026  -0.207   13
55012.206   -0.447281167282    0.147898800407    0.2744    0.4266  -0.015   28
55014.269   -1.002539387379   -0.594900001261    1.7017    1.9146   0.797    4
55019.208    0.637739830448   -1.024801203897    0.4531    0.4974   0.127   45
55021.249    1.122088179757   -0.247500004491    1.0480    0.8762  -0.290    5
55022.268   -3.060212599377   -5.019001201845    1.5130    2.0240   0.830    9
55026.206   -1.154464826361    0.783799201542    1.2130    0.6194  -0.356    5
55028.584    2.890854150313   10.539198000714    0.7652    0.8666  -0.294   52
55029.270    0.142111850724    2.491498796076    0.8320    2.0024   0.202   50
55032.999   -0.238070855572   -4.333399201073    0.4510    0.8892  -0.171   52
55034.208   -0.010108895318    1.743098401619    1.0634    3.7664   0.919    4
55036.268    0.669237451367    0.243399598077    0.4208    0.6710  -0.270   22
55040.206   -1.189186640742    2.018599201392    0.4010    0.5230  -0.260   35
55043.270    0.358793880761   -1.882202400338    0.6017    0.7302  -0.384   20
55050.269    0.463690945896    0.052999198630    0.3127    0.5079  -0.217   22
55057.270    0.006592692641    0.375998400415    0.2293    0.6377  -0.011   43
55061.208   -0.505884678473    0.233697598873    0.4014    0.3870   0.146   17
55063.582    5.797383359272   10.245898798189    1.0016    1.0428   0.027   34
55064.269    0.083360636036   -0.433699201352    0.3365    0.5111  -0.076   36
55068.210   -0.327588269057    0.396500400512    0.2416    0.6335  -0.279   40
55069.225    0.093325325572    0.203799601195    0.8161    1.3061   0.344   21
55071.292   -6.292132413244    3.146399998144    7.6102    4.9363   0.623    4
55077.250   -0.070322854317   -1.141002000082    0.4179    0.8120   0.406   37
55078.269    0.315425815438   -1.777201202202    0.3199    1.3567  -0.188   20
55085.270   -0.616055897721   -0.809402401103    0.4063    0.9531   0.196   21
55089.208   -0.018607442762    1.050400796743    0.2779    0.3659   0.122   20
55092.269    1.376421110445   -1.028699998784    0.8374    1.6356   0.346   10
55106.269   -1.122675396097    0.836398796622    0.3625    0.5030  -0.380   58
55111.229    0.449334525713    0.245800800514    0.4324    2.0302  -0.221   21
55113.270   -1.293060474409   -1.453802403262    0.7205    1.8796   0.291    8
55120.269    0.173169858866    0.085697995900    0.1869    0.5072   0.028   67
55125.229    0.450797270024    1.034398800215    1.0840    1.6198  -0.131   73
55127.274    0.656639082555   -1.711101602808    0.4778    0.6558  -0.066   31
55134.269   -0.626020587256   -0.279201602638    0.4179    0.5587  -0.281   31
55138.206   -0.137421315302   -0.034999203535    0.1995    0.2866  -0.051   56
55141.271    0.291987229121   -0.410601600720    0.1576    0.3905   0.035   65
55145.208   -0.184010176307    0.433000796818    0.6632    0.4594   0.440   58
55147.582    1.033453289673   -3.790299600581    1.6149    1.5903   0.057   12
55148.269   -0.179615047879   -0.529300801588    0.4311    0.5375  -0.341   37
55152.206   -0.289789764842   -0.749102399311    0.1030    0.2103  -0.150   92
55153.229   -0.153391581073    0.322898399219    0.5309    2.4749   0.574  133
55155.271    0.221956284084   -0.463802404482    0.3358    0.7535   0.128   19
55159.208    0.006592692641   -0.074502004566    0.1326    0.4626  -0.020  107
55160.271   -0.737658048530    0.358397996081    0.5701    0.7944  -0.011   64
55169.271    0.092738209166    0.182599196563    0.1898    0.7711   0.163   19
55173.208    0.027541905400   -0.098802003379    0.1120    0.1466   0.028   98
55176.269    0.124235730150   -0.641699998738    0.2189    0.5871   0.079   50
55181.229   -1.355180088342   -1.392300003289    0.2820    0.6162  -0.230  159
55183.271    0.221077258399    0.371199595861    0.2304    0.4452   0.062   51
55188.271    0.103138913829    0.307900796059    0.1659    0.6104  -0.056   66
55195.273   -0.613126911384    0.192599996751    0.2749    0.5688   0.085   32
55204.273   -0.275869359787    0.872899199322    0.2333    0.4140   0.024   38
55208.206   -0.008938060287    0.341999996323    0.1371    0.4138  -0.280  135
55210.584   -4.372759542234   -6.789599999024    2.2593    1.7507  -0.302   11
55211.271    0.094788069882    0.154299600297    0.2239    0.4823   0.528   74
55216.209   -0.306491352801   -0.165200403757    0.1872    0.2127   0.065   61
55218.269    0.117203424732   -0.125701203046    0.1489    0.4754   0.116   56
55222.206   -0.297845201794    0.760298397040    0.1732    0.4688  -0.213   32
55225.271    0.318942018115   -0.612702004332    0.1983    0.4293   0.023   38
55229.208    0.365970391962    0.158198401579    0.1921    0.3233   0.032  108
55232.269    4.660056235933   -5.285599203120    0.4877    1.0492   0.142   22
55237.229  -14.135030228481    9.930599996721    4.4866    3.1782  -0.987    5
55239.271   -0.646090774329    0.062999998818    0.4448    0.6063  -0.289   12
55246.269   -0.104018039450    0.477899997975    0.1138    0.3138   0.047   55
55253.271   -0.130828522726    0.645598800020    0.3166    0.7256   0.329   24
55258.227    0.287883910039    0.417898797167    0.3058    1.0639  -0.040   54
55267.271   -0.107829449252   -0.624099600799    0.1251    0.4735   0.065   91
55271.208    1.106996839737    0.716997597294    0.1623    0.3816  -0.196   28
55278.206   -0.393515895011   -0.089402399084    0.1491    0.2105   0.079   72
55281.271   -0.012014650186    0.118497595736    0.1644    0.2928  -0.050   64
55285.208    0.038529826403   -0.198799204298    0.0987    0.1822   0.024   95
55287.272    0.039264746240    0.281397599622    0.2169    0.5053   0.475   40
55294.230    0.160276182994   -0.902102399181    0.1824    0.3795  -0.009   41
55295.271    0.376374594340    0.227199596736    0.4010    0.4653  -0.498   17
55299.208    0.531228919724    0.667900800266    0.4684    0.8431  -0.347   61
55302.269   -0.100797243768    0.126597599603    0.1574    0.4119  -0.004   30
55306.206    0.129218074918   -0.080600403152    0.2578    0.2629   0.071   43
55309.271    0.048786425218   -0.015300004463    0.1443    0.3894  -0.107   87
55313.208   -0.268545245023   -0.148600798866    0.2411    0.2979   0.154   27
55316.269   -0.205254696125   -0.481399202101    0.2234    0.4625  -0.017   71
55320.207   -0.051275898712    0.432399600925    0.2619    0.3346   0.187   30
55321.229    0.657078595398   -0.033299999558    0.2402    0.4674   0.008   36
55323.271   -0.357914955010   -0.115200003137    0.1818    0.5290   0.107   44
55330.269   -0.432777043602   -0.544899600641    0.1891    0.4908  -0.080   34
55334.207    0.160131977212   -0.239900400345    0.1939    0.2521  -0.063   24
55336.248    0.793037166389   -4.362501598365    0.7407    3.0095  -0.169    4
55337.271    0.028568634583   -0.787201203423    0.1697    0.4678  -0.093   71
55342.209   -0.311617903351    0.037598397995    0.1321    0.4434   0.123   57
55344.269   -0.634515636986    0.069699599692    0.3598    0.4304  -0.383   15
55351.271   -0.278362231061   -0.187502404003    0.3757    0.4872  -0.252   22
55358.269   -1.945012619191    1.015498795454    0.4036    0.7923  -0.163   14
55365.271   -0.288031613536   -0.428702398381    0.3763    0.6463  -0.234   11
55369.208    0.048346912375   -0.093700803916    0.2051    0.2780   0.091   33
55370.228   -4.997313887464   18.007099197348    2.0609    3.2345  -0.715   21
55371.250   -0.507790433341   -0.435999601223    0.1149    0.2928   0.255  208
55372.269   -0.282462052428    6.547798795964    0.4565    2.6039  -0.371   18
55376.207    0.661034310917   -0.171000001359    0.2506    0.1975   0.054   84
55377.229    0.430287570109    0.712900797595    0.3262    0.5549   0.132   20
55379.271    0.309128429857   -1.222300801373    0.3558    0.6283   0.350   16
55383.000    1.309174945963    1.209700800331    0.5163    1.2752   0.255   36
55384.209    0.018020226422    0.322498795668    0.3262    0.5261   0.029   61
55386.269   -0.041606516237   -0.865900803859    0.2550    0.3716  -0.137   79
55390.207   -0.359817212164   -0.586601998975    0.2037    0.2737  -0.092   56
55393.271    1.234017450376    1.017197999431    0.4197    0.8364  -0.054   28
55400.269    0.263418594538   -0.882000002633    0.2129    0.6471  -0.055   59
55404.207   -0.263710503818    0.974998801695    0.3203    0.4404  -0.227   25
55411.209   -0.644480326521    0.398397596513    0.2117    0.3783  -0.448   69
55413.250    0.041314606957    0.211600797684    0.1260    0.2158  -0.203  131
55421.271    0.320995376546   -0.992700002200    0.1466    0.3922  -0.082   81
55425.209    0.586024518828    0.448498799699    0.2600    0.4006  -0.070   40
55434.581  -56.553886420181 -218.780301599963    5.8230    2.7233   0.178   10
55435.271   -0.188553008232   -0.883202400814    0.4753    0.5699  -0.281   37
55445.999    0.031792927979    5.822099998909    0.3950    1.8528   0.154   58
55449.271   -0.141376930887    0.342298797307    0.2338    0.4292   0.124   50
55453.209    0.202765222631    0.418697997873    0.3612    0.3288  -0.101   34
55456.269   -0.137716722297    0.116297998431    0.3297    0.4558  -0.288   24
55470.269    0.392049553051   -1.464102004434    0.5628    3.0360  -0.398   29
55477.268   -0.159836670152   -1.358402401763    0.3648    0.4937  -0.460    6
55482.206   -0.004395228362    0.169397999628    0.1576    0.1899  -0.062   63
55483.229   -0.250672622164   -0.129200400778    0.1471    0.3155   0.608  267
55488.207   -0.105192372195    0.175600801100    0.2150    0.2276  -0.091   41
55489.248   -4.500219565781   -6.918300000081    6.5618    5.2401  -0.390    5
55491.293    0.524052508458   -1.071500398808    0.2788    0.5851  -0.132   27
55495.209    0.444791693789    0.514799997831    0.3725    0.6464   0.225   39
55498.273    0.071054176505   -0.393901199658    0.4038    0.7117  -0.263   18
55512.270    0.019778277793   -0.123199204438    0.2496    0.6557   0.078   16
55519.271    2.447233391490    1.308099599839    1.3914    0.5947   0.880    4
55523.209   -0.089513915770   -0.726901201631    0.4491    0.5503   0.022   14
55524.268   -1.257167725063    0.779400000539    0.5828    0.7557  -0.417   12
55525.791   22.930066960420   51.683097596822    3.9639    2.6410  -0.158    6
55525.999    0.365530879120    2.211800400431    0.3950    0.8866  -0.282   40
55539.251    1.682325246906   -0.615499203604    1.1598    1.2723  -0.263   31
55540.270    0.277775014721   -0.599900404552    0.2988    0.8520  -0.152    7
55544.207   -0.092446399821   -0.287701203661    0.1689    0.2897   0.077   36
55546.249    0.504418336513    1.173600001181    0.3972    0.9111   0.314   43
55551.209   -0.187234469703   -0.037501202144    0.1022    0.2019   0.062   57
55553.269   -0.314694593185   -0.406400404529    0.3272    0.5875  -0.195   43
55558.207    0.449626335059   -0.379501198466    0.2356    0.4814  -0.074   41
55572.207    0.067246164483    0.401597999655    0.0919    0.2152   0.088   95
55575.272   -0.008642653292    0.001198797861    0.2554    0.4500  -0.054   62
55578.997    1.495530290046    0.520700397999    1.7376    4.8244  -0.133    4
55582.270   -0.258436349706   -0.532602000902    0.3915    0.5917  -0.197   30
55589.272    4.111538411974   -4.109702402388    0.9384    1.7428  -0.691    7
55593.209   -0.222687706207   -0.057999601921    0.1507    0.2736   0.086   19
55596.270   -0.291691922061   -0.588600003937    0.5173    0.6836   0.527   48
55600.207   -0.015530852863    0.146300398995    0.2183    0.4821   0.347    9
55603.268   -0.236608111262   -0.865202399325    0.6638    1.8786  -0.384   11
55610.270    0.718023876585   -0.730800002913    0.2332    0.6523  -0.033   44
55615.230   -0.444499884443   -0.247701603229    0.1981    0.1567   0.338   28
55616.249   -1.888019455874   -4.465202403026    0.0935    0.1774   0.370  239
55617.272    0.345313088484    1.686297597558    0.9847    1.0272  -0.224    3
55621.209   -0.020217790636   -0.072601201850    0.2218    0.4389  -0.208   19
55624.270   -0.022123545504   -0.808200002922    0.6392    0.7934  -0.554    5
55628.207   -0.734725564478    0.502099200617    0.2065    0.2432  -0.191   26
55636.210   -0.387362615278    0.300999596448    0.3636    1.0062  -0.489   11
55643.226    4.073300394917   -0.778100400112    9.0706    4.8747  -0.935    3
55645.272   -0.399373767750    0.618598797786    0.2298    0.4039  -0.015   25
55649.205    0.085118687407    0.381797998017    0.1351    0.2450   0.017  113
55650.228   -0.257996836863   -0.145602000856    0.1418    0.1589   0.112   66
55652.270   -0.114861754670   -0.146800798717    0.2434    0.5558  -0.346   74
55659.272    1.031255725459    2.091797998816    0.4673    0.8969   0.267   38
55663.209    0.118230153915    0.318797999199    0.2222    0.3671   0.049   51
55664.228    3.788201265432  -13.269301203422    1.5546    1.2772  -0.163    9
55665.247   -0.113247809147   -0.234601202465    0.1089    0.3024  -0.068   56
55666.270   -1.217023953137   -0.103302000554    0.4836    1.0120   0.252   69
55670.207    0.290229177750   -0.155300399740    0.1447    0.2219   0.091  107
55671.270   -0.293010560524   -0.115999203842    0.2410    0.5272  -0.086   28
55680.270    0.456806343975   -0.087800403747    0.4963    0.5752   0.012   15
55684.207    0.323632553537    0.200397599315    0.2070    0.2474   0.010   35
55685.226    0.143869902095   -0.568900798470    0.5780    1.0928  -0.041    5
55687.272   -0.543535479190   -0.606902400335    0.7306    0.7842   0.153    9
55691.206    0.020949112824   -0.135201603513    0.4837    0.3496   0.179   26
55694.270   -0.570201856619   -0.874900804604    0.3028    0.6628  -0.130   45
55700.582   69.749959519591  577.047200397374   21.2766   19.0639  -0.424    6
55701.272   -0.315281709591   -0.073101601572    0.2270    0.5195   0.183   57
55705.209   -0.538117119295   -1.225299599383    0.2532    0.3390   0.171  121
55708.270   -0.065927625955   -0.254102403119    0.6759    0.7088   0.004   11
55727.208   -0.238070855572   -0.208202402519    0.3013    0.2975   0.071   31
55729.272   -0.429995760763    0.100598396813    0.7718    0.7336  -0.688   21
55734.228    0.108708474937   -0.059799602070    0.2431    0.1616  -0.272   64
55740.207    0.329490426276    0.056897999912    0.3428    0.5136  -0.118   92
55741.230    0.049517747406   -0.142502400280    0.1213    0.3651   0.619  194
55746.997    0.526250072671    7.985599196303    0.7702    1.8129   0.095   29
55748.206   -2.061776531080   14.674899599498    0.6498    0.8224  -0.415    5
55754.208    0.019486468448    0.309297598733    0.2416    0.5424   0.053   60
55757.268    0.108413167877    0.440999998119    0.3188    0.6164  -0.394   21
55761.206    0.185915831240   -0.132199198788    0.4227    0.3186   0.135   47
55763.247    0.571812204493    0.775097995387    0.3533    0.6430  -0.227   42
55775.209    0.201886196946    0.585500396966    0.2086    0.5264   0.290   32
55776.228   -0.349268704069   -0.142902003830    0.1583    0.2108   0.103   76
55778.270    1.604091161420   -2.418699602202    0.9063    1.0663  -0.821   19
55782.208   -0.044830809633    0.332697600669    0.3574    0.3153  -0.119   18
55790.207   -0.610781643673   -0.129002402360    0.4670    0.3842  -0.100   29
55791.251   -0.313963171062   -1.552201202770    0.6003    1.3937   0.216   38
55796.208    0.585289598990    0.490197597713    0.3292    0.4276   0.287   43
55797.227    1.256140995880    1.789797596530    3.1987    5.2024   0.870    3
55799.268   -3.833763397253    4.185597596518    3.7115    5.1020  -0.960    4
55803.206   -0.586168724610    0.097898399787    0.2768    0.2391  -0.224   55
55811.208    0.200272251423   -0.358099201492    0.2443    0.5860   0.242   30
55812.582 -216.072804076483   25.691000399064   14.7287    6.1303  -0.482    6
55813.272   -1.379353594497    0.047498395617    0.6234    0.8799  -0.280   12
55817.206   -0.575328407170    0.199900799913    0.1906    0.2875   0.022   42
55819.500   -0.209941733833    0.084297599301    0.0802    0.1007  -0.045  116
55820.497   -0.079700327512    0.134798399642    0.0729    0.0944   0.005  136
55821.498   -0.198514299987   -0.046699201306    0.0844    0.1027  -0.106   98
55822.498   -0.080871262477    0.018698399629    0.2034    0.1238   0.364  118
55823.499   -0.021096816321   -0.093999598505    0.0906    0.0911  -0.005  109
55824.500   -0.036919478529    0.378399596457    0.0902    0.1324  -0.251  100
55825.497   -0.172582742461    0.206999997943    0.1309    0.1521  -0.350   33
55838.208   -0.545588937556    0.191098797586    0.1402    0.1675  -0.027   59
55840.713  -12.592615670436   19.434297601606   19.5916   14.5440  -0.925    3
55841.272   -0.603165719564    0.200897999036    0.3761    0.4723  -0.252   20
55846.229    3.251989901005   -6.584601599968    2.4808    3.8022  -0.132    3
55847.251   -0.042046029080    0.093499198783    0.0636    0.1115  -0.087  304
55862.270    2.827415997852    0.988700398352    3.2904    1.7310   0.838    4
55868.209    0.019191061453   -0.085600800048    0.1492    0.2691  -0.022   28
55869.269   -1.084729188385   -0.025801204373    0.7882    0.8716  -0.676   13
55876.270   -0.267958028683    0.383997595321    0.5808    0.7887   0.129   12
55880.208   -0.200272351358    0.147499196856    0.1227    0.1297   0.030   42
55882.250    1.046930684170    1.802397597572    2.2637    2.7158   0.565    3
55882.582  118.949107983582  -37.322701198406   11.8468    4.6713   0.365    3
55887.206   -0.641108329627   -0.800099999054    0.3792    0.7542   0.639   38
55888.269    0.743371715485   -0.517500001251    0.5440    0.6364   0.195   29
55894.208   -0.306783262081   -0.275799600757    0.1700    0.2206   0.040   31
55897.269    0.143134982258    0.054698396212    0.3107    0.3384  -0.024   37
55901.206   -0.153243977510    0.607899599459    0.1885    0.2247   0.030   30
55903.580    8.799727367296   -5.125302000408    4.0993    2.9408  -0.205   12
55904.270   -0.122625382277    0.219898799969    0.2248    0.3444  -0.339   36
55908.208   -0.086145416590    0.328197597099    0.1464    0.2374   0.069   49
55915.206    0.198953712895   -0.024901201101    0.2276    0.5574   0.611   64
55916.229    0.028276725302   -0.276699604029    0.1240    0.1321  -0.206  327
55923.209   -0.310151661326    1.112097601208    0.2166    0.5332  -0.192   36
55925.269    2.398155056992   -1.490101200829    3.9142    3.1791  -0.986    3
55930.207    0.020509599981    0.086299198188    0.1536    0.1891   0.038   37
55932.271    0.559945257804   -0.157899600595    0.7775    0.7080  -0.174    9
55936.208   -0.092150992826    0.084797999023    0.1409    0.2079   0.239   65
55939.269   -0.179615047879    0.119700000312    0.3772    0.4517  -0.315   17
55942.998   -1.085460510573    2.414699998354    0.9937    1.8425   0.139   11
55944.207    0.046441157507   -0.155300399740    0.1972    0.1825   0.023   14
55946.384    0.291108203435   -0.170301603220    0.5352    0.5405   0.303   14
55950.208   -0.076184224770    0.210297596936    0.1638    0.2348  -0.079   60
55951.227   -0.000439512843    0.280900800220    0.1436    0.2033  -0.256   34
55964.208   -0.428677222235   -0.505601998668    0.1691    0.2502  -0.206   16
55967.272    0.627630935130    0.921700795686    0.5093    0.8368   0.400   13
55971.206    0.152364851890   -0.333899998850    0.1286    0.1870  -0.371   85
55972.229    2.255895602705    5.927597996447    6.7379   14.6462   0.977    7
55979.209   -0.643161787993    0.484599598849    0.2980    0.3437  -0.077   19
55985.206    1.000341823165    0.146599199979    0.4497    0.2976   0.177   27
55988.267   -1.248082061213    1.024300797781    1.1723    0.8631  -0.686    6
55995.273   -0.605655093123    0.429300000349    0.5528    0.7148  -0.247   16
56000.207    2.901694467754   -0.472802398832    1.6918    1.1828   0.071    3
56002.271    1.058649927361    0.512798398944    3.4637    2.8280   0.928    5
56009.273   -0.181081189970   -0.064900801533    0.2449    0.4471   0.163   15
56013.206   -0.097281041091   -0.554900400829    0.1389    0.2418  -0.101   39
56021.249    0.188844817577   -0.213800401383    0.1740    0.2868   0.069   32
56028.211    0.582360612654    0.348497998459    0.1579    0.1789   0.054  129
56030.271    0.273967002699   -0.452300398734    0.3070    0.4177  -0.440   22
56034.208    0.311178390508   -0.426700799494    0.1849    0.1848  -0.008   20
56041.206    0.053329257143   -0.051501599785    0.1409    0.1478  -0.094   65
56050.210   -0.074570279247   -0.984200401177    0.1639    0.3447   0.141   50
56051.269   -0.174196588049    0.811299597103    0.2602    0.6446  -0.058   68
56055.206    0.194558584467   -0.396900004063    0.1503    0.2790   0.237   71
56058.267    0.114714051173   -0.153601202157    0.1376    0.3129  -0.145   81
56062.208    0.054939704951   -0.417600002578    0.2039    0.3844  -0.243   13
56064.582   22.617130518541    5.392098000101    3.3008    1.9641  -0.388   12
56065.269   -0.056697756322   -0.168101999520    0.2047    0.6780  -0.076   20
56072.271    0.454608779761    0.080697599003    0.2991    0.5226   0.058   14
56078.250    0.056550052825   -0.555101999566    0.2091    0.4199   0.149   31
56079.269    1.137323525690    0.147200395872    0.4421    0.4859   0.155   10
56084.207    0.023146677037   -0.559400404399    0.2052    0.2174  -0.006   35
56086.271    0.150606800519   -0.361400400806    0.2349    0.3329  -0.043   37
56091.205    0.285099129485   -0.084099600883    0.1612    0.2639  -0.007   38
56092.582    1.854032461396    2.995199998423    0.7357    1.7343  -0.262   87
56093.269    0.720369144296   -0.352900799783    1.8571    2.2745  -0.951    7
56098.251   -0.287592100693   -0.219002403412    0.4366    0.5029  -0.014   15
56100.271    0.685939139260    0.508197599203    0.4618    0.4104   0.067   32
56104.208    0.189579737414    0.965397598662    0.2254    0.3933   0.306   23
56107.273   -0.082629313848   -0.919202403793    0.1787    0.3811   0.060   61
56112.229    1.800115987913   -2.620299599698    0.7658    1.5353  -0.168   10
56118.208   -0.695608521735   -0.196902001903    0.3147    0.2475   0.422   42
56119.231   -0.142990876410   -0.070700399135    0.1514    0.1870   0.102   35
56120.582   -9.616055516440    4.070397599776    5.4054    3.5751   0.046    5
56121.269   -1.132636587917    0.814197598942    0.6713    0.8278  -0.289    5
56125.207    0.152364851890   -0.376902004007    0.1633    0.1860   0.016   37
56128.271   -0.183718366961   -0.806299200207    0.3322    0.2994   0.086   21
56132.208    0.330808964804   -0.342702001177    0.1206    0.2232  -0.172   77
56133.227   -0.107681845689    2.055599997419    3.1550    3.0108   0.292    5
56135.273    0.569027423939    0.329598000093    0.3209    0.3584  -0.321   43
56139.207    0.251551647850   -0.852602404677    0.1203    0.1968  -0.332   77
56142.271   -0.357035929325   -0.470800799945    0.2032    0.4104  -0.049   48
56149.269    1.423449484293    0.066599999116    0.5031    0.5590  -0.085   16
56156.271   -0.494309541130    0.383097598444    0.7173    0.3528   0.116    5
56162.250   -0.004103319082   -0.449402403291    0.1237    0.2490   0.222  327
56163.269    0.245982086742   -0.252899998543    0.1894    0.3184  -0.128   81
56167.207   -0.644332623023    0.718300798042    0.2084    0.3702  -0.226   58
56168.229   -0.256386389055   -0.332402400005    0.2927    0.3703  -0.052   13
56170.271    0.199393225737   -0.180799202809    0.1932    0.4803  -0.067   28
56174.000   -0.617230230467   -2.031699602156    0.2426    1.0347   0.295  156
56177.273   -0.049373641558    0.090500400773    0.3827    0.5124   0.378   40
56181.207    0.007179908981   -0.529700398744    0.1513    0.2875   0.354  107
56183.584  -21.139620454917   -5.038300803761    4.4265    3.2802  -0.095    9
56184.271    0.220345936211   -0.302799602991    0.4995    0.5132  -0.615   12
56196.229   -0.226351512446    0.017099998217    0.2111    0.1401   0.153   36
56202.209   -0.207744069684    0.201700800062    0.1345    0.2009  -0.142   93
56203.224   -0.236168598419   -0.095000404343    0.2287    0.2519   0.181   26
56204.250   -0.056845459820   -0.162100803180    0.0604    0.1174  -0.119  461
56210.186   -0.187673982546    0.446500801132    0.3599    0.4012   0.185   29
56211.208    0.040435581271   -0.294102003551    0.1777    0.2694  -0.074  104
56219.269   -0.346927034007    0.084999597760    0.4143    0.3585  -0.568   31
56223.207    0.589540621570    0.369500398278    0.6626    0.4919   0.161    6
56230.209   -0.489035287082   -1.038301201817    0.2684    0.3383   0.168   14
56233.269    0.194558584467   -0.251402399698    0.1830    0.2398  -0.158   32
56237.207   -0.330225346113    0.208799998092    0.6921    0.6799  -0.107   41
56240.268    0.419299649105    0.482500797716    0.6192    0.7196   0.251   20
56244.209   -0.084239661722    0.119300396761    0.1713    0.3778   0.034   44
56246.583    6.768717035012   -1.016802002596    2.9750    1.6572  -0.102   11
56247.269    0.510719319743   -0.572299200030    0.4193    0.5553  -0.093   24
56254.001    0.503099797984    0.087199201459    0.6801    1.2092  -0.194  225
56258.205    0.359673006381    0.098499595680    0.1347    0.1875  -0.174  140
56259.228   -0.342236498585    0.001997998567    0.2224    0.1789   0.038   15
56268.271    0.247596032265    0.800600398776    0.3647    0.4434  -0.390   18
56272.209   -0.330956668301    0.075297598556    0.1569    0.2260  -0.123  103
56273.231    0.162329641360   -0.298202403570    0.2074    0.2282  -0.172   31
56274.583  -70.787220821286   12.067898398982    2.2840    1.6537  -0.344   17
56275.270   -0.218587884840   -0.517302002834    0.1896    0.4028  -0.080   76
56282.271    0.065635716675   -0.091602002783    0.2429    0.2948  -0.223   35
56289.273   -0.055379217794   -0.222102003988    0.1453    0.3014  -0.163   59
56295.209   -0.793620885014    0.513500397403    0.4209    0.5869   0.078   26
56296.271   -0.253309799155   -0.143301600986    0.3712    0.3924  -0.319   31
56300.209   -0.010256598815    0.172097996654    0.1536    0.2702   0.118  100
56303.270    0.673048961103   -0.044801998911    0.2590    0.3515  -0.338   62
56308.208   -0.150023181829   -0.441601200407    0.2039    0.3579  -0.196   23
56310.271    0.573570255864   -0.078300003281    0.3111    0.4185  -0.051   35
56314.001    0.209649824553   -2.322201599014    0.8770    1.9966   0.081   37
56316.583   64.447328712006   -1.965402004345    4.5906    1.9594  -0.171   22
56317.270    0.097133337594   -0.024400801379    0.3246    0.5563   0.335   31
56322.230   -0.206720938151   -0.898401602711    0.1343    0.1655  -0.144   97
56324.271    0.150314991174    0.390797998762    0.3560    0.4650  -0.127   27
56328.209    0.132294764752    0.949100401471    0.2563    0.2895  -0.092   16
56331.270   -0.036771775032    0.173998799369    0.3335    0.4689   0.132   22
56336.208   -0.134492328966    0.245300400792    0.2325    0.2160   0.210   59
56338.271    0.127020510704   -0.625301998980    0.1179    0.3991   0.219  102
56342.209   -0.168922433936   -0.103302000554    0.1771    0.2936  -0.034   56
56343.228    1.366899331533   -1.522601999682    0.5214    0.8609   0.118   30
56345.270   -0.503687114259    0.077500796181    0.4309    0.4199   0.389   21
56352.272   -0.422668148285    0.300200395742    0.3509    0.3364  -0.333   23
56356.205   -0.174048984486   -0.116200802580    0.1529    0.1771  -0.215   53
56359.270    0.089222006489    0.106498796981    0.2157    0.2709   0.068   43
56364.208   -0.240416123284    0.087400800197    0.1535    0.2414  -0.061   73
56365.581    1.045172532864   -5.830200002777    1.1558    1.1009  -0.058   87
56366.272   -0.629241382938    0.327398396394    0.4314    0.4016  -0.428   15
56370.209   -0.489914312767    0.185399996155    0.2424    0.3336  -0.299   51
56372.251   -1.004737051527    0.257198396980    0.3509    1.2483   0.233  110
56373.270   -0.259754888234    0.316900796804    0.1413    0.3038  -0.294  121
56377.207   -0.320260556643   -0.209401200379    0.1437    0.2675   0.033   66
56378.270   -0.075744711927    0.070199999413    0.1660    0.3108  -0.093   95
56385.206   -0.319676937953    0.133898396371    0.1656    0.3937   0.425  142
56387.270    0.077942276141    0.767998797357    0.2122    0.4377  -0.054   40
56391.207   -0.204815183282   -0.060501600530    0.1388    0.1824   0.082  127
56392.230   -0.184449689149   -0.079300802724    0.1697    0.2212   0.151   43
56394.272    0.225472486761   -0.124801199775    0.3445    0.4148  -0.051   19
56399.206   -0.427063376647    0.093499198783    0.1789    0.1985   0.007   56
56400.247    0.641108329627   -2.875201203523    0.9975    3.1863  -0.682   33
56401.270   -0.114422241827    0.428500799643    0.1493    0.3225  -0.091  124
56406.230    1.281045824223   -1.170399604433    0.4986    0.7004   0.074   50
56408.268    0.209941633898   -0.145799999274    0.3616    0.6584   0.042   42
56415.270   -0.063730061741    0.126298798619    0.2576    0.3953  -0.409   29
56418.999    0.698245598792    1.544198401149    0.2889    0.9402   0.112  256
56420.208   -0.115301267513    0.011998798755    0.4311    0.3401   0.285   36
56426.209   -0.088343080739   -0.200502002201    0.2034    0.1851   0.274   85
56429.270   -0.409777970128   -0.067100398837    0.2430    0.5499  -0.103   53
56433.185    4.394148167900   17.785997999198    0.9176    1.8310   0.643   18
56434.208   -0.905258346288   -0.548802002243    0.5820    0.7591   0.273    9
56436.268   -0.519217867187    0.444599998417    0.4923    0.3842  -0.555   38
56441.206    0.194558584467    0.267998397874    0.3896    0.5831  -0.053   11
56443.270   -0.563900973324    1.097398799033    0.7301    0.7409   0.042    5
56450.268   -0.440983781701   -0.234701998636    0.4628    0.3755  -0.053   25
56454.206   -0.096254311908   -0.145202403701    0.2302    0.3634  -0.190   23
56456.583    1.649509087459    4.693197600147    1.7577    5.8853  -0.684   36
56457.270    0.317183966744    0.549000000660    0.3520    0.3833   0.201   26
56461.207   -0.631878459994    0.755200797897    0.3100    0.5272  -0.378   11
56463.249    0.898521447864   -0.669401999431    0.4389    0.7567  -0.784   99
56464.272    0.255946876212   -0.016700401062    0.1611    0.3100  -0.138  119
56468.206    0.754651545769    0.547498801495    0.2512    0.2012   0.480   77
56469.228   -0.427798196550    0.568497600995    1.1600    1.3114  -0.521   18
56470.251   -0.119256983032   -0.104601600981    0.2523    0.3254  -0.080   39
56475.207   -0.076767943395    0.104500798415    0.2656    0.1621   0.225   27
56477.998   -0.768424247326   -3.992500800365    0.5185    1.0143  -0.001  196
56485.270   -2.221613301167   -1.159901998449    1.2379    0.9669  -0.090    3
56491.582   10.489084919621   40.721799596355    2.8980    5.4427  -0.201   28
56492.272    0.264589529504    1.037599196962    0.2314    0.5718  -0.003   55
56496.209    0.042485541922   -0.256302000423    0.1827    0.2412   0.282   35
56498.251    0.266055771530   -2.149300801335    0.1663    0.4245   0.174  166
56499.270    0.585584906050   -0.380502004305    0.2368    0.3661   0.153   65
56503.211   -0.327588269057    1.577300395894    0.5490    0.8782  -0.496   11
56510.209    0.293449973432    0.098697600492    0.2575    0.3373   0.500   19
56513.270    0.264297620224   -0.551800800253    0.2688    0.3485  -0.423   56
56517.207    0.478926391764   -0.738601199402    0.3381    0.4364  -0.148   12
56524.209    0.109000284282    0.329097600371    0.1872    0.2289   0.028   38
56525.228   -0.135223751088   -1.713600001096    0.6430    0.6056   0.044   26
56526.251   -0.865118172012    1.223398796668    0.3920    0.7138  -0.637   11
56527.270    0.988766685822   -0.755402403030    1.1072    1.1109  -0.867    4
56531.208    0.105923694383    0.379699196884    0.2236    0.2109  -0.022   26
56534.272   -0.039848464866   -0.502502404487    0.2533    0.3860   0.089   14
56539.206   -0.365239069774   -0.005101199463    0.1974    0.3030  -0.052   39
56540.583  -13.269033030784   22.808199597790    0.9533    0.9261  -0.326   47
56541.270    0.226938728787   -0.781999201394    0.1651    0.5014  -0.022   73
56547.249   -0.314986402530   -0.445899598844    0.1625    0.2313  -0.417  221
56569.270    0.244079829588    0.249299998245    0.3299    0.5778   0.195   20
56573.208    0.004247424930    0.313498801319    0.7243    1.3017  -0.404    6
56575.582    5.455582875815    6.042600001166    0.7880    0.8340  -0.227   24
56576.268   -0.372563184538    0.407699998561    0.2876    0.4043  -0.101   38
56588.793   -1.075499318752    2.038298400464    0.2940    0.6738   0.288   24
56590.272    0.127607727044    0.288597600218    1.1009    0.2385  -0.008   14
56594.206   -0.108708474937    0.609897598025    0.2213    0.3367  -0.101   13
56609.207   -0.445378910129    0.101300401667    0.2235    0.2905  -0.290   25
56610.584   -6.497095200090    6.722398797621    1.2387    1.0945   0.388   24
56615.208   -0.960637564082   -0.957200398943    0.5303    0.7983   0.811   14
56618.272   -2.333837878846    1.617299996326    0.6316    0.8867  -0.373   11
56623.272   -4.423595928103   -6.228500403438    0.3754    0.4573   0.010   10
56626.286   -0.492259580479    1.243800000594    0.3968    2.1868  -0.366    3
56630.581    8.620404228697    0.894499201110    0.6193    0.7563  -0.056   58
56632.269    0.226938728787    0.673898396286    0.4711    2.2678  -0.378    3
56638.251   -0.470575547817    0.004899600725    0.4323    2.0658  -0.295    3
56641.243   -0.218000668500    6.386299201466    0.4825    2.3914  -0.350    3
56644.227  -32.867265656838  -26.339000401521   30.2243   27.2093   0.987    4
56660.269   -0.186355444018    0.029599196694    0.3519    0.5701   0.299   19
56667.270   -0.366705311800    0.219099599263    0.1512    0.1888   0.014   88
56673.582   -3.059773086535   -4.255002001941    1.1261    1.3431  -0.181  138
56681.270   -0.514966844608    0.118497595736    0.2046    0.3401  -0.153  122
56695.271   -0.575620216515   -0.282999601353    0.1440    0.2980  -0.333   86
56701.250   -0.127899636325   -0.293299202525    0.0842    0.0924   0.026  165
56702.265    0.363480918469   -0.247500004491    0.3511    0.3238   0.346   12
56707.229    2.414121924983    0.629398798679    5.3825    4.2069   0.951    4
56709.271   -0.313228351159    0.258098400252    0.7731    0.6947  -0.474   10
56720.206    1.577280578209   -0.270900000032    0.4187    0.1675   0.040   37
56730.272    0.009521678978    0.335098796711    0.5864    0.5165   0.029    8
56737.271    1.781656248648   -1.209999601315    0.7468    0.6393  -0.587   17
56741.208   -0.078381788984    0.157697995462    0.2144    0.1894  -0.319   14
56750.270    0.569175127436   -0.960400802086    0.7740    2.5843  -0.395    6
56751.271    0.171703616840    0.675399595451    0.2660    0.3448   0.400   54
56755.208    0.358354367918   -0.475002002531    0.2032    0.2613  -0.051   92
56756.227   -2.496751238831    0.491198397157    0.6253    1.1884  -0.183   16
56770.209    0.111345551994   -0.202302002350    0.1138    0.1968  -0.214   68
56772.273   -0.148996452646   -0.154299600297    0.2068    0.3716  -0.286   40
56777.269   -0.317331670242   -0.460501198773    0.1615    0.2315   0.219  103
56805.207    0.352640700963   -0.311702401490    0.1082    0.1405  -0.169   65
56807.271    0.800361281153    1.044100799419    0.6327    1.0779  -0.121    4
56819.207   -0.268105732181    0.104698796832    0.2822    0.7378   0.055    6
56832.206   -0.107829449252    0.671597996416    0.1565    0.2163  -0.047   20
56834.248    1.242955410728    0.123897596183    0.0937    0.1088  -0.102  249
56835.271    0.208183582527   -0.528800401867    0.1838    0.3960  -0.003   34
56839.208   -0.379451284174    0.676000797739    0.3755    1.0679  -0.063   31
56842.291    0.484348249374   -0.096901200664    0.3784    0.5175  -0.141   12
56848.248    1.584752396470   -0.370299598984    0.6654    1.4002  -0.207   79
56850.498    0.072372715033    1.235699996727    0.4982    0.5217   0.063   13
56851.499    0.289933870690    0.377398797013    0.5356    0.5462   0.047   11
56855.582    8.884993758201   -5.991501598857    2.2344    2.5997  -0.395   38
56856.269   -0.112516486959   -0.042300000302    0.3281    0.2094  -0.101   25
56857.500   -0.156320567410    0.339497997714    0.4538    0.5317   0.005   19
56858.501    0.496946618186   -0.233802001759    0.3911    0.4216   0.079   18
56860.206    0.435561824156   -0.135201603513    0.2346    0.1910  -0.290   12
56863.275   -0.122477678779    0.470800799945    0.3605    0.5849   0.076   37
56867.208   -0.100062323930    0.192798001564    0.0949    0.1730   0.081   85
56875.792    0.566538050380    0.166600800355    0.3865    0.5177  -0.048   13
56878.498    3.283635125487    2.097698398984    2.3715    1.6346   0.811    4
56879.503   -2.608536303667    0.455900399032    2.2228    1.3033   0.452    5
56881.208   -1.365580892940    3.634099197569    0.6750    2.7328  -0.394  139
56884.269    0.221516771241   -0.133599601781    0.1842    0.2090   0.148   53
56885.496    0.226059603166   -0.718200001870    0.3493    0.4797  -0.169   12
56886.501    0.518922460193   -0.285501599961    0.4770    0.6111  -0.293    9
56891.271    0.144161711441   -0.263102403864    0.4410    1.0308   0.613   14
56901.998   -0.088195377241   -5.974902000361    1.6319    4.2228   0.207   60
56904.665   -2.021780462652    0.858297599393    0.3793    0.5096   0.002   12
56905.662    1.527323218025   -5.356800001977    0.4725    0.7287   0.019   14
56906.659    0.580015344942    1.065700801206    0.3839    0.6246   0.050   14
56907.656    5.397274771620  -11.171199600568    0.5815    0.9670  -0.151   12
56908.412    2.374421163614    0.100900798117    0.5742    0.7796  -0.110    6
56909.208   -0.385896373253    0.164599201469    0.1796    0.2227   0.087   96
56910.969   -1.807004087549    1.927198797347    0.5628    0.9677   0.085    6
56911.645    0.221077258399    0.923799596819    0.4061    0.6970   0.009   13
56912.642    1.066269449120    0.676000797739    0.5667    0.7138  -0.107   11
56913.639    0.191190085288    0.850499996830    0.4532    0.6884  -0.115   14
56914.636   -2.315525843078    1.504198800717    0.4766    0.6777  -0.192   12
56915.399    0.376079287280    4.027600800072    0.5741    0.7321  -0.096    7
56916.207   -0.376226990778   -0.310399200742    0.1897    0.1215   0.134   58
56916.959    2.511842478917   -5.559300002744    1.5239    2.5973  -0.666    4
56917.627   -0.811349302091   -1.322301602613    0.4180    0.7156   0.100   12
56918.625    1.592371818294    6.695398795387    0.4739    0.7137  -0.055   14
56919.603   -6.242319258843    6.881299197659    0.7621    1.0067  -0.536    6
56920.619   -2.584510501010   -4.415799604374    0.4817    0.6996  -0.111   10
56921.616   -0.029887173111    4.549197601023    1.1197    1.3071  -0.304    4
56923.208   -0.466767635730   -0.397000800234    0.2852    0.5662   0.462    9
56924.790    1.339941144759   -0.226799999581    0.8698    0.9435  -0.480   11
56930.207   -0.067833380823    0.097398000065    0.2737    0.2824  -0.172   11
56934.498    2.541877255590    0.161099997342    0.5078    0.9624  -0.299    8
56935.499    3.919177491656    0.354200400210    0.8400    0.8579  -0.139    9
56939.250    7.513699198306   -2.576001600829    1.1289    1.0325  -0.534    7
56940.273    0.185768227678    0.100998000363    0.2597    0.4137  -0.205   27
56941.496    6.933096537089   -3.763501203480    1.4087    1.5819  -0.787   10
56942.501    3.147532448648    2.425499999248    1.3988    1.6224  -0.781   10
56944.207    0.291691922061   -1.085101199294    0.4031    0.8797   0.415   15
56945.792   -3.601993524912    2.953598396260    1.4551    1.7308  -0.768    7
56948.498   -0.836254130434   -0.995702400530    0.5687    0.6067   0.198   15
56951.208    1.062605542946    0.779299197973    0.2009    0.2520   0.044   30
56962.502   -2.811885244924   -0.950000398348    1.4498    1.6483  -0.765    4
56963.503   -6.477316922297    1.731999599741    0.6813    0.7520  -0.429   11
56965.209   -0.128486852665   -0.086400000754    0.1950    0.1863  -0.127   51
56973.229   -0.510719319743    0.285497999641    0.9806    0.3292   0.121   15
56976.498   -1.327195172385   -0.896101202841    0.7270    0.8732  -0.010    6
56977.499  -13.269620247124    8.016897596974    1.4491    1.4696  -0.445    3
56980.228   -0.928552826758   -0.606999602581    1.6296    3.4667   0.730    3
56982.269    0.131563342629   -0.538300802333    0.1571    0.4333   0.322  100
56983.497  -10.011477066385  -14.610600000253    1.3095    1.4696   0.675    5
56984.501   -3.273086817261    0.363297596806    0.6787    0.7414  -0.260    9
56986.207   -0.317183966744    0.841798797069    0.1766    0.2416   0.071   41
56988.997    1.022904881512   -0.472201202939    0.8220    1.2438  -0.623   21
56990.498  -12.237925008822    0.035297998124    0.6140    0.6351  -0.265   13
56993.205   -0.546907476085   -0.529401604155    0.1617    0.1672  -0.124   14
56995.250   -0.264589529504   -0.386899203875    0.1120    0.1734   0.167  347
56996.269   -0.251256340790   -0.205599601344    0.1633    0.3479   0.371   38
57003.271    0.013772701557    0.632300400838    0.2463    0.4213   0.227   39
57004.498    0.492551389824    0.914198400181    0.4168    0.4546  -0.123   15
57005.499   -0.789665269430    1.423000795597    0.5388    0.5451   0.063   12
57011.610   -0.471602277000   -1.881302403461    0.8812    0.9764   0.437    6
57012.501    1.506518211049   -0.212101203800    0.5090    0.5294  -0.084   15
57015.270    1.418470637240   -2.434802401297    0.2067    0.3045   0.250   15
57038.269   -0.600233235513   -0.406699199118    0.2410    0.1811  -0.133   74
57039.497    7.460222237665   -3.411100803419    0.8031    0.9978  -0.546    7
57040.501   -0.840209746019   -0.160599604015    0.8640    0.9480   0.045    5
57041.999   -0.441423294544   -0.509799600934    0.4793    0.6722   0.013   11
57043.208    0.380330309860   -1.425099603125    0.1382    0.1061   0.080   81
57044.581 -272.983874029552 -129.110601601923    7.1493    4.0355   0.816   18
57046.499  -44.536894563909  -19.047402004446    3.9685    1.9217   0.575    3
57047.499    9.484935084434    3.677299201144    3.1752    1.7918   0.628    3
57053.511   -0.825853425771  -10.370401203375    5.9689   15.9460   0.977    4
57054.501   11.755334810819   24.299200795497    3.3641    5.9438   0.929    4
57056.207    0.178735922259   -2.539101600973    0.1931    0.4208   0.317   80
57070.207    0.531228919724   -0.625802398702    0.1074    0.0954   0.039  214
57086.581  -24.708646619169   -5.416700400218    2.7150    3.8845  -0.402   18
57093.579    5.049764118922    1.988200797598    3.5672    3.0619  -0.584    7
57095.497   -0.504713743508    0.862599598150    0.7206    0.7541  -0.272   15
57096.501    1.254235241011    0.038897998422    0.5981    0.6259  -0.216   15
57098.207    0.726670027592   -0.543499204042    0.1644    0.1701  -0.279  106
57107.251    0.016409778614   -0.292201200836    0.1077    0.1354  -0.013  178
57109.497    0.714655377406   -1.012399201272    0.5338    0.5911  -0.432   12
57110.501    0.592617211469   -1.669399204474    0.5708    0.6405  -0.287   11
57112.207   -0.074278469901   -0.547401599249    0.2557    0.2594  -0.144   45
57113.226    0.369194685359    1.290999601622    0.2876    0.7575  -0.062   55
57120.206    1.079307230840   -1.106701201081    0.1921    0.3351   0.130  119
57123.497   -0.387214911781    0.944099998179    0.5289    0.5624  -0.282   15
57124.501    0.081602584665    0.785397596559    0.4801    0.5256  -0.376   15
57126.207    1.786930402761   -0.882201601371    0.1394    0.1290  -0.022   80
57130.499   -0.203204735474    0.780897599384    0.5440    0.6487  -0.441   15
57131.500    0.740734638429   -1.151600402238    0.4923    0.5448  -0.338   15
57143.290  135.085992593489  -45.469501201012    1.2817    1.1431   0.056   26
57148.228   -1.589734741237   -1.779602404639    0.9614    1.8520   0.016  145
57161.209    0.030766198796    0.090100797223    0.1615    0.1790  -0.045   81
57173.500    0.529910381196    0.037900799299    0.5847    0.6295  -0.478    9
57175.209   -1.981344881380    0.298198796855    0.1495    0.1626   0.056   58
57176.228   -0.422376338939    1.103997597340    0.5266    0.4841  -0.151    8
57177.229    0.459587626814   -0.865501200309    0.4400    0.4158  -0.244   11
57179.289    2.241686886020   -2.864599201047    0.5841    0.5013  -0.401    9
57180.293   -0.010987921003   -0.991299599207    1.0480    0.8491  -0.713    5
57183.208    0.019046955605   -0.231501601888    0.1023    0.1536   0.087  123
57184.227   -0.637152714042   -0.235800000326    0.6921    0.6938  -0.324    7
57184.581  188.416605450744   10.495400401567    7.8160   14.2020   0.341   20
57186.291    0.171559510992    0.731897998207    0.5828    0.5414  -0.205    9
57187.291    3.218586525218    2.292497999434    0.5538    0.5622  -0.203   12
57190.246    0.703815159900    0.721497600864    0.7379    0.6820  -0.220   11
57191.123    2.187770412536   -0.458100002731    0.8578    0.8012   0.051    6
57193.289    2.843825776466   -2.998602000304    0.7675    0.7046  -0.275    9
57194.290    0.166429462727    1.313798401270    0.9312    1.1470  -0.626    7
57195.228    0.030766198796   -1.112400002512    0.6151    0.5474  -0.412   10
57196.207    0.264002313164    0.302900399163    0.1439    0.1434   0.066  104
57197.226    0.947012466088   -3.558999603825    0.5151    0.5627  -0.299   16
57198.227    2.114666275381   -1.889802004484    0.6169    0.6381  -0.561    9
57198.249   -0.590419647255    2.382299995674    0.3246    0.4018  -0.177   21
57201.500    1.296137064308    0.750700800722    0.6437    0.6878  -0.614    8
57224.207   -0.931337607311    0.363200400955    0.1065    0.1066   0.006  196
57231.205    1.315475829258    0.902599198582    0.1237    0.1069   0.027  165
57237.999    0.135519058149   -1.896102001808    0.4672    1.8371  -0.271   35
57241.268    0.063290448963    0.091900797372    0.1389    0.1267  -0.108  121
57246.206    3.453876097951   -1.249002002623    0.1902    0.1804   0.167  105
57252.207    0.507350820564    0.937497599551    0.2396    0.1000   0.174   51
57260.228   -3.108854918748   -4.389001200877    0.3406    0.9389   0.462  124
57262.270   -0.173461768146   -0.476301602959    0.1321    0.1284  -0.023  111
57272.997   -0.450213651334   -0.143999999125    0.3818    1.0275   0.067   95
57275.229   -0.368463363171   -0.812300402941    0.1045    0.1685  -0.026  239
57283.268    0.808125008694    0.328798799387    0.2516    0.1752   0.120   48
57287.206    0.009521678978   -0.769802404221    0.0848    0.0848   0.023  185
57291.501-6402.275042271882-7391.940102003502  122.9544   88.3948   0.947    3
57297.272    2.588905629437   -0.066099599394    0.1352    0.1217  -0.111   77
57301.209    0.231038450219    0.381099599878    0.0954    0.1209  -0.073  180
57302.228    0.409777970128    0.965498401229    0.4229    0.4425   0.033   31
57304.241   -0.907311804654    0.299998797004    0.1088    0.1107  -0.255  103
57309.208    0.464422268084   -0.582199204047    0.1171    0.1103  -0.038   97
57311.272   -0.415344033521   -0.689399999487    0.1534    0.1389  -0.138   76
57315.209    0.335499500226   -0.224999999432    0.0846    0.1499   0.252  193
57317.207 -114.815301820320   41.112298800527   17.8081   12.4013  -0.265   15
57322.208   -1.226985144957   -0.044701202739    0.2618    0.2798  -0.004   93
57325.268    0.630707624964    0.986399998482    0.1726    0.2276   0.035   67
57330.206   -0.536063660929    0.118997995457    0.1440    0.1222  -0.035   94
57336.208    0.399229561967   -0.285001200240    0.1541    0.0980   0.015   88
57337.227   -0.027250096054   -1.233799200406    0.8439    0.8553   0.004    6
57338.249    0.051423502275    1.310500795881    1.5079    1.2456  -0.572    3
57338.582   26.530446639743   92.500700398546    3.2337    7.7842   0.397   42
57343.209    1.928602740643   -0.733302001521    0.0943    0.2130  -0.312  204
57344.228    0.130828522726   -0.997902004229    1.2869    1.0637  -0.485    6
57345.580 -974.577585620173   25.073297997835   18.6286   11.9622  -0.287   10
57346.270   -1.246911126247   -0.001501199165    0.1757    0.1750   0.236   91
57350.208   -1.509450795035    0.606200395481    0.1899    0.1442  -0.064   70
57357.209    0.441715103889    0.134499598659    0.0989    0.0900  -0.212  155
57360.270   -0.435122311314    0.416098797018    0.1269    0.1186  -0.056  135
57371.209   -0.585585005985   -0.483299998422    0.1037    0.1059   0.048  114
57372.225    0.041754119800    0.239799597779    0.5464    1.4062   0.432   38
57373.248   -0.735165077321    0.073799999711    0.6999    1.2599   0.175   63
57374.270    1.814328202313   -0.213300001661    0.1587    0.1586   0.043   58
57386.269    0.637008508259    0.857800799992    0.1002    0.1840   0.143   72
57400.207    0.115445373361   -0.835700398483    0.1019    0.1092  -0.080  136
57402.270   -1.012648282697   -1.043899200681    0.1799    0.2314   0.144   67
57406.208   -0.624406741668   -0.465400799499    0.1321    0.1318   0.104   78
57409.269   -1.244565858536   -0.564299998729    0.1581    0.1195   0.002   49
57412.998    0.805343725855   -0.496699200170    0.4772    0.8103   0.034  196
57414.207   -0.046149348162   -0.152701198886    0.0855    0.0764   0.058  184
57416.270    1.874250252032    0.208000797386    0.2094    0.1449   0.003   45
57420.208    0.958148090588   -0.394502401946    0.1075    0.1611   0.064   74
57421.227  230.714597909188  -16.382800799164    0.4038    0.2393  -0.094   19
57428.225    1.386090492921    0.568900798470    1.4222    1.2080  -0.490    6
57428.229   -0.153978797413   -0.190101598463    0.0672    0.1260   0.024  222
57429.248    2.112468711167   -2.562001203188    6.0273    4.1515  -0.975    4
57430.270    0.534453213121    0.396500400512    0.1937    0.2258  -0.089   72
57434.208    1.182741551664   -0.412902000591    0.1652    0.2277  -0.071   81
57436.257   -1.758361868113    0.169498795799    1.6446    1.3446  -0.650   12
57437.269   -0.309128529792    0.039999600432    0.1912    0.2221  -0.091   56
57441.206    0.223566731892   -1.172401203320    0.0860    0.1002   0.000  145
57448.208   -0.346339817667   -1.242000000445    0.1255    0.1161   0.025   94
57451.269    0.840944565922   -0.260301604271    0.2103    0.3055  -0.217   46
57455.206    0.736923128692    2.296900800758    0.1459    0.1612  -0.293   57
57458.270   -3.130683157191    0.168598798922    0.2746    0.3667  -0.169   24
57462.208   -0.080284046137    0.285400797395    0.1977    0.1883   0.235   52
57463.231   -0.173461768146   -1.564200001525    0.8133    0.8553  -0.230    6
57464.250   19.774918587663   47.130098396764    1.0911    1.1834  -0.091    4
57465.269    9.894857260344   -3.033899998428    0.1543    0.2488   0.170  110
57470.229    0.048934128716   -1.949400001422    0.3463    1.2922   0.067  207
57471.270    6.418273898263   54.516999599485    0.2060    0.6643   0.273   62
57477.209    2.564876329065    0.954597597769    0.1788    0.2457  -0.190  102
57478.228    3.205840552844    3.125199599907    0.5630    1.5499  -0.069    8
57479.269   -0.217561155657    0.085399201311    0.1754    0.1851  -0.263   43
57480.496   -0.814134082645   -0.872200801183    0.9778    1.0467  -0.514    4
57481.497   -1.208085892850    3.995499598375    1.1375    1.2693  -0.447    4
57483.206   -0.769155669449   -0.339102000879    0.2015    0.1938  -0.135  117
57485.251    0.164527205574    2.101499998020    0.3181    1.2322  -0.169   57
57490.208    0.189432033917    0.037400399577    0.1388    0.1204   0.046  213
57498.229    0.078673598329   -0.262299602838    0.0965    0.1835   0.153  198
57500.271    1.901500348086    1.155999596847    0.1831    0.3454   0.464  130
57514.271   -2.588905729372   -0.130600803772    0.2926    0.3751  -0.203   69
57518.208    0.797432394751   -0.005500803013    0.2682    0.5406   0.166   43
57520.250   13.560141234219   11.720498395817    1.1299    1.8057  -0.048   20
57521.269    0.638327046788   -3.259800001132    0.5676    0.5503   0.261   10
57528.271   -1.987937673956    1.016099997742    0.2553    0.4167  -0.048   57
57542.271    0.227817754472   -1.023800404454    0.2845    0.2904  -0.131   22
57547.209   -0.048199308813   -0.903200400870    0.2152    0.3739   0.360   84
57548.250    4.296575317464   -3.202300798932    0.8021    1.3798  -0.494    3
57560.208    0.830979876387    0.126500397357    0.1670    0.2283   0.266   83
57561.227    0.627191422287    1.045198801108    0.5435    1.0671   0.355   57
57562.250   -0.294476702615    0.534797997886    0.2794    0.9865  -0.308  116
57577.269    3.049519985434   -5.212202400884    0.2993    0.5239   0.085   24
57581.206   -0.777654116958   -2.766700801260    0.1514    0.3669   0.160  158
57584.271   -0.083360636036   -2.448000004307    0.1285    0.2207   0.053   67
57588.208    0.354838265176    2.583597598260    0.1634    0.3118   0.107   81
57598.271    1.514577245650    2.099599195304    0.2775    0.3519  -0.067   23
57602.208    1.179956771110   -3.055701598953    0.3223    0.5258  -0.216   37
57612.271   -1.083850162699   -2.913699598395    0.1757    0.2522  -0.121   42
57619.269   -0.335204193166   -1.937401202667    0.1783    0.2970  -0.092   44
57626.271   11.553304408090    6.682499999755    0.2262    0.2483   0.146   43
57636.998    0.244811251711   -0.971200802979    0.2627    0.6736   0.021  259
57637.082    1.670018787375   -2.585102404140    0.3712    0.4371  -0.180   25
57651.206   -4.338769050041    1.404597596633    0.1752    0.3094  -0.640  158
57652.229   39.905698671970   -0.876099602465    2.2829    1.9429  -0.201   10
57653.248    0.666747977873   -4.251902401364    0.4972    0.7162   0.295   27
57658.208   -1.302582153387   -4.322800798917    0.1908    0.2886  -0.165   75
57666.207    0.226938728787   -0.352299603890    0.2532    0.1970  -0.335   74
57669.345   -1.392683285496   -4.466199602149    0.4989    0.6101  -0.018   28
57670.313   -0.583971060462   -3.162099599763    0.7980    0.9189  -0.477    8
57674.228   40.138055760652  -35.979501598860    1.3202    1.2517   0.053   14
57675.269    1.087218561944    0.204497999334    0.1207    0.1394  -0.096   48
57680.229   -0.917860212814   -2.635300803178    1.3790    1.1123  -0.157   22
57685.189   -0.421789122599    0.088999201608    0.4770    0.5797  -0.262   20
57689.269    2.238314889126   -0.847202404231    0.3127    0.2552   0.089    9
57693.207   -0.179470842097    0.735199197521    0.1273    0.1664   0.069   74
57696.271   -0.311326094006   -0.163299601041    0.4702    0.3654  -0.073    3
57699.186   -6.376080265621   11.382098399793    0.6352    0.7284  -0.243   16
57707.207   -0.082189801006   -1.344002400572    0.1789    0.3715   0.120   74
57708.229    1.020707317298    0.329500797847    0.4403    0.4325  -0.025   18
57716.999   -0.030766198796    0.385199999897    0.3567    1.1370   0.022  244
57717.313 -149.040381144842    5.749498797059    6.6833    1.0044   0.209    4
57721.207    0.888117145552   -0.260701201427    0.1581    0.1348   0.065   61
57724.271   -0.976607929788   -0.881402400665    0.1554    0.1425  -0.108   58
57729.228   -0.312205119691    0.294400798140    1.2478    2.0752   0.867    4
57732.292    6.194119950031   -5.114401203343    2.4363    0.9436   0.035    8
57737.270    0.082189701071    0.287600401094    0.2021    0.1491   0.106   46
57743.209   -0.604628363940   -0.212702399693    0.1421    0.1597   0.077   40
57750.207    0.976755533350   -2.611699202504    0.2209    0.8246   0.228  148
57752.271    0.374468839472    1.538499599718    0.1375    0.1775   0.090   49
57757.209   -0.919910173465   -1.012399201272    0.1352    0.1458  -0.090   63
57766.271 3694.481912099759-2582.318102403747    0.2414    0.5202   0.489   18
57771.209    0.964740883164    0.733600796110    0.1478    0.1177   0.092   50
57777.207 1884.419962116016 -453.697599604652    0.0818    0.0716  -0.044  179
57778.229    0.708649801170    0.831200401308    0.2646    0.2308  -0.149   38
57784.209 4141.79380610673111479.038400798203    0.1045    0.2047   0.082  100
57785.231   -0.809443547223    0.970999197847    0.0705    0.1101  -0.281  292
57786.247    1.083262946359   -2.937099600331    0.5217    1.0993   0.077    6
57791.207    0.094496260537   -0.141501600837    0.1053    0.0894  -0.297  202
57792.229    0.067246164483   -0.089802002634    0.8985    0.5454   0.444   31
57793.249    0.108560771440    2.501899199814    0.3071    1.2178  -0.222  265
57799.228    3.795085867353   -2.346602400394    1.0963    1.1561  -0.444    3
57801.269   -1.324558095328   -1.456599602534    0.1915    0.1605   0.053   55
57807.227   -0.408603637382    1.797400800996    1.1696    0.8628  -0.733    4
57808.271   -2.246226220230    0.733600796110    0.3720    0.3087   0.048   18
57815.269   -0.558479115713    0.219898799969    0.8439    1.0005  -0.082   10
57819.207    0.656786786052   -4.668001198382    0.1341    0.3205   0.134  176
57822.271   -1.162376157465    0.122698798322    0.5244    0.3405   0.020   13
57826.209    0.153683390418   -1.174500004453    0.1890    0.1919   0.040   48
57834.230  -13.895637336665  -33.571900798535    1.7625    2.3525  -0.044    6
57840.209   -0.173901280989    0.043099201008    0.1622    0.1563   0.051   43
57841.228   -0.624993858073   -1.782000000361    0.9414    1.2881   0.374   21
57843.270   -2.343067748478    1.444500001213    0.3229    0.1621   0.129   36
57847.207   -0.190898275943    0.980600400879    0.1933    0.1548   0.055   32
57850.271   -0.918443931440    0.034398001247    0.1632    0.1244   0.108   44
57855.228  102.343258073796  -39.397399199004    1.2842    0.5721  -0.060   14
57856.272    0.739707909246   -0.245199604620    0.1254    0.1979   0.019   87
57864.271   -2.457194683245   -0.701499600808    0.2822    0.2101   0.210   49
57871.270    0.455487805447   -1.264302000692    0.1178    0.1739   0.040   49
57875.167    0.069735538042    0.611600395928    1.4104    0.5840   0.629    5
57877.227   -0.351905881060   -1.289700001195    0.2344    0.8619  -0.236  167
57882.209    0.152364851890    0.115797598710    0.1606    0.1465  -0.027   42
57889.002   -3.359963556040   -5.776099202137    0.1792    0.4036   0.332   39
57892.271    1.232115193222   -0.625301998980    0.1369    0.1611  -0.064   48
57896.209    2.442690559565    0.871498796329    0.2762    0.3163   0.111   33
57897.228    0.952873936475   -1.878602400041    1.0459    1.2388   0.473   12
57899.270   -1.293060474409    0.901000797171    0.2492    0.2188  -0.044   22
57906.271    1.078136395809   -0.996501601236    0.3512    0.2267  -0.093   12
57911.206    0.318942018115   -1.151899203222    0.2627    0.1344   0.066   61
57917.207    0.327732374905   -2.405599201438    0.1011    0.0953  -0.059  115
57919.271   -0.748498266036    0.645699596191    0.2707    0.1688  -0.015   40
57931.207    1.659178469934    0.291599998548    0.1186    0.1981   0.024   95
57932.230   -2.772184483556    0.562899595735    0.6171    0.5126  -0.104   16
57933.249    0.518338741567   -0.214599602089    0.1193    0.1906  -0.025  243
57938.209   -0.392049652986   -1.347699603116    0.1577    0.2223   0.237   79
57939.228   -0.449918244339   -2.645200800799    0.2782    0.9851   0.029  119
57941.270   -0.425161119493   -1.895000399799    0.1171    0.1542  -0.006   76
57947.249   -8.495581282206   -1.651399202984    3.6327    0.9187   0.904    5
57953.206    1.736533629669    0.245599195381    0.1613    0.2220  -0.192  136
57955.270    2.120963660962   -0.135601200668    0.1328    0.1400  -0.106   69
57966.209    1.863114627531    0.989298000320    0.2648    0.2276   0.039   27
57973.207    0.628509960815    0.506599197792    0.1003    0.1145  -0.057  141
57976.272    3.650340437287   -0.735400802654    0.1407    0.1520  -0.054  129
57987.207    0.549544553141   -0.333799202679    0.1176    0.1377  -0.049   68
57994.209    0.287736206541   -1.226599199811    0.2747    0.1357   0.190   19
57997.270   -0.325243001346   -2.430702001277    0.1573    0.1391  -0.169   54
58008.209   -1.947354389188   -2.220800401176    0.2003    0.1737   0.073   38
58010.247   -0.992282888499    2.324300400147    0.6296    1.4595  -0.148  195
58023.228   -0.102115782296   -0.676699202273    0.4908    0.5339  -0.151   25
58025.270   -0.767105708798   -1.222099202636    0.3674    0.5058   0.730   32
58032.268   -0.792450049984   -2.025100803849    0.2153    0.2055   0.196   20
58046.268   -0.123356804400   -1.568800801266    0.5522    0.6188  -0.488    9
58053.270    1.395467966116   -0.406800001684    0.1718    0.1523  -0.091   57
58057.207    0.486545813588    0.613900795798    0.1070    0.1002  -0.039  103
58064.209    4.207648618035    1.715997596818    1.1488    0.2563  -0.269   16
58065.228    0.622796293860   -2.140401603157    1.9471    1.2490  -0.818    3
58067.270   -2.699955974305   -4.638002404533    1.1587    1.3896   0.587    3
58078.209   -0.091711479983   -2.426799599675    0.2798    0.4326  -0.058   18
58081.000    0.408603537447   -0.387201598784    0.4835    1.4849  -0.131  118
58085.500    0.799042742625   -1.594699201490    0.0598    0.1217  -0.040  255
58086.497   -0.239389394101    0.783000000837    0.0551    0.1015   0.026  254
58088.498   -0.157199593095    2.690099995561    0.0534    0.2213  -0.337  208
58089.499    0.607560847991    1.897599600653    0.0436    0.1221   0.198  311
58091.453   -0.667627103493    0.156797998585    0.0420    0.1755  -0.703   18
58091.497    0.277335501878    0.548099997388    0.0398    0.0848  -0.234  253
58092.454   -0.822924439435   -1.196402401149    0.2215    0.8474   0.006   20
58092.498   -0.389999692335   -3.704202001131    0.0389    0.0889  -0.100  281
58093.451   -1.115347783618    1.006498801104    0.4477    0.7116  -0.008   12
58094.452   -0.168922433936    0.892699200961    0.1862    0.5730  -0.546   12
58094.496    0.714507773843   -0.419299200161    0.0631    0.1316  -0.453  201
58095.478   -1.010303014986   -0.261702000870    0.3428    0.5373  -0.308   19
58095.497   -0.728572384680   -0.375300002275    0.0701    0.1524  -0.185  276
58097.498   -0.077794572643   -1.036101604512    0.0394    0.0753  -0.229  281
58098.499    0.132294764752   -0.711399598430    0.0488    0.0939  -0.264  206
58102.268   -2.655564677515    4.276198799857    0.3351    0.2240  -0.029   26
58109.000   -0.687697190631   -2.859699600322    0.5912    1.8798  -0.001   54
58116.268   -0.574301677987    2.403298801568    0.1690    0.4570   0.078   19
58121.207   -2.415440463511   -2.155500002488    0.4128    0.1754  -0.267   18
58155.208    0.537677506517    0.148197601391    0.1299    0.1332  -0.026   46
58158.272    0.784686422377    0.470998798363    0.2388    0.1876  -0.201   14
58164.248   -1.511208846406    0.421700396203    1.2800    1.8810  -0.025   12
58169.208    1.602041200769   -0.584402401671    0.4914    0.2250  -0.154   13
58170.230   -0.671730422575   -2.001099599624    0.1153    0.2060  -0.286  217
58177.229 8401.531986643229-1129.490402404087   60.8805   50.4767  -0.074    6
58183.208   -2.594324089268   -2.310300002506    0.3589    0.4424  -0.341   17
58204.206    0.655612353372   -0.000399603550    0.4507    0.2831   0.411   21
58205.269    0.680812588710   -0.091000800495    0.2329    0.2037   0.026   16
58212.209    0.360404328569    0.081000000307    0.5972    0.3636  -0.014   27
58213.231   -0.164231898514   -0.083800799899    0.0957    0.1351  -0.134  240
58218.206    0.483616927186   -0.619401598811    0.5507    0.7944   0.766   16
58233.225    0.497094221749    0.019198799350    1.0180    0.5954   0.483   26
58240.165    1.253651522386    1.043200796147    0.2921    0.3514   0.443  235
58246.082    0.021244519819   -0.923101198680    0.1264    0.5036  -0.318  131
58247.207   -0.101820375301   -0.084801599343    0.5073    0.3902   0.038   14
58253.208   -0.560971986987   -1.077001201821    0.3248    0.3854   0.300   31
58254.227   99.063578563893  -69.953500803166   14.5348   10.9554  -0.961    5
58261.207    0.178591716476    0.372599998855    0.2466    0.2304   0.295   51
58270.269    0.711578787506   -2.296699202020    0.2495    0.1490   0.193   73
58274.210   -0.159984373649    0.713599195734    0.3874    0.5761  -0.271    8
58281.208   -0.413438278652   -0.322999201785    0.4181    0.2839   0.201   11
58282.227    1.958342210256   -9.909900004601    0.4402    1.2908  -0.328   10
58295.208    0.401427126181    0.248597999786    0.1631    0.1226   0.010   39
58302.210   -0.214192756412   -1.621799999896    0.8469    0.8668  -0.719   10
58312.269    0.218292477845    0.352299597495    0.4104    0.3235   0.013   13
58316.206************************************    0.4813    0.2913  -0.274   12
58323.208    0.287296693699   -0.006300003719    0.4122    0.2400  -0.152    8
58330.206    0.054647795671    0.005198395314    0.3704    0.1808   0.253   28
58331.229    3.314401424218   -0.473000403645    1.3825    1.3943  -0.488    3
58332.255   -0.731504768797   -0.081601202595    1.0321    1.1775  -0.551    6
58347.271    0.082189701071   -0.285199198657    0.8795    0.4074   0.307   14
58349.163   -6.390436685804    8.352399597555    4.7862    5.2617  -0.991    3
58350.185   -4.009570433111    4.472899196628    0.9558    1.1319  -0.743    6
58351.208    0.348389678383   -1.357801199475    0.1665    0.1394   0.005   75
58358.206    0.138447944550   -1.837602000165    0.8251    0.9179   0.756   19
58361.271   -0.182547431996    0.037198800840    0.7935    0.2705  -0.050    8
58366.227   -2.585241923133   -0.747000004253    0.7481    0.9009   0.293   31
58368.269    0.583826854679   -0.357699604336    0.2048    0.2398  -0.121   56
58372.206    0.701469892188   -1.788199201513    0.6641    0.5027   0.334   19
58374.252    0.260046697579   -0.292100404664    0.1517    0.2099  -0.192  111
58381.250   -0.616351204781    0.443498396407    0.5043    0.7150  -0.411    9
58386.206    0.674072092637   -1.902401999132    0.9657    1.0909  -0.316    3
58389.271    1.027883728565   -1.322301602613    1.2612    0.4072  -0.163   12
58393.208    0.725351489063    0.252500401388    0.1679    0.1563   0.144   39
58402.252   -0.217561155657   -1.577800802011    0.3276    0.4063  -0.048   15
58408.227   -0.781314425483   -1.947099601551    0.6555    0.2445   0.344   19
58414.206   -0.100941349616    0.178999196265    0.2212    0.1584   0.036   28
58417.271   -3.415490477331    1.051498798432    1.3283    0.4364  -0.415    4
58421.208   -0.518338841502   -0.437799601372    0.1731    0.1417  -0.016   49
58422.271    0.151781233200    0.114998398004    0.3470    0.3650  -0.005   18
58428.206    0.024904828343    0.014000397641    0.1430    0.1227  -0.116   72
58429.225    3.189578377793   -6.499000799920    1.4745    1.1978  -0.367    4
58430.248   -0.998436068297    2.286597599266    1.0088    1.1108  -0.550    6
58431.267    4.922448201223    0.923399999664    4.6261    0.7569   0.826    7
58431.271    0.862480995020   -0.208800004486    1.4141    1.6957  -0.003   11
58436.227    0.162181937863   -1.506301202170    0.6897    0.4633   0.187   28
58438.269   -0.002928986337   -0.343602004449    0.1404    0.1724  -0.016  121
58449.208   -0.494896757470   -0.088599604453    0.1692    0.2597  -0.117   73
58457.233    0.946572953245   -3.796300803316    0.4322    0.7536   0.193   24
58459.271    0.338136577283    0.443397600236    0.1836    0.1930  -0.137   50
58463.208   -2.310103985468   -0.463600799350    0.2484    1.8344  -0.479  104
58464.227   -2.217073966957    5.194997999780    1.0653    1.2325  -0.633   10
58470.207   -2.699664164960   13.065199200923    0.3265    1.1712  -0.653   60
58473.271    0.115445373361    0.129599997933    0.1932    0.2404  -0.342   57
58491.208   -0.166137653382    0.249400800811    0.3429    0.2021   0.215   43
58491.249    0.048055103030    0.712000800718    0.0440    0.1229  -0.239   56
58494.386   -0.846363025752    0.556999195567    0.2243    0.1839  -0.399   67
58506.249    0.278801743904   -2.397402001719    0.0648    0.1832  -0.344   15
58512.207   -0.340038834436   -0.197499603871    0.3249    0.3988   0.311   13
58514.248    0.061680101090   -0.425700000051    0.1063    0.3289   0.067  135
58519.208   -0.315865428216   -0.635702402718    0.1287    0.1177   0.003  161
58519.249   -0.256678198400    0.340099200002    0.0207    0.0555  -0.280   26
58534.209    0.140497905201   -0.101599202651    0.1124    0.1083   0.019  140
58534.249   -0.008642653292   -0.432302398679    0.0218    0.0778   0.089   54
58540.207    0.307370378486   -0.247500004491    0.1799    0.1599  -0.096   37
58543.271    0.607852657337    0.480200397845    0.3548    0.2931   0.067   22
58547.209    0.365238969840    0.153399597025    0.1940    0.1720   0.199   35
58547.249   -0.285538742262    0.447498000256    0.0243    0.0870  -0.170   52
58554.207   -1.027300109874   -0.546800403356    0.4126    0.2068   0.327   18
58561.249    0.125262459333   -0.384102004602    0.0317    0.1021  -0.812   33
58562.228    0.261804748950   -0.222800402128    0.2238    0.3931  -0.324   91
58564.269   -0.455192498386   -0.120499201017    0.3743    0.4731   0.300   18
58568.207   -0.038969439180   -0.600199199141    0.1193    0.1179   0.013  205
58570.249   -0.543095966348    0.847598401066    0.4479    0.9854   0.237   35
58575.209    0.310738877666   -0.394401599380    0.0953    0.0852  -0.172  226
58575.249   -0.157786809435   -0.560699998431    0.0296    0.1518  -0.220   63
58576.228    0.146946491995   -0.138999602228    0.1060    0.1524  -0.328   61
58578.269   -0.560824383424    0.134798399642    0.5849    0.5980  -0.327    4
58584.249   -1.819602456360   -2.627301601876    0.4951    0.4261   0.057   12
58585.271   -0.942325528315   -0.671500800564    0.4961    0.5307   0.107    9
58589.209    0.673193066951   -1.456099202812    0.1899    0.3776  -0.546   84
58589.249    0.553060655883   -1.897902001957    0.1191    1.0114  -0.293   16
58599.271   -0.110758435588   -0.069300002536    0.2175    0.2172  -0.019   53
58603.249    0.296087050488   -3.230499599027    0.2285    0.9194  -0.519    9
58606.269   -0.490062016265    0.372297597551    0.3096    0.2473  -0.296   21
58610.083   -0.707183659079   -1.269000002679    0.1980    0.3929  -0.001   70
58613.271   -0.018899252107   -0.278801999087    0.2274    0.2021   0.178   55
58617.209   -0.001610447808   -0.141699599254    0.1129    0.1164  -0.039  116
58617.249    0.468377983604   -1.071399602637    0.1572    0.9177  -0.568   15
58618.228   64.139666424240  -57.468999600729   63.0234   86.8042  -0.605    5
58624.207   -0.334472870978   -0.277401602489    0.1857    0.1426  -0.164   87
58627.271   -1.682181141058   -2.770999199697    3.9850    7.4374   0.983    3
58638.207   -0.529766275348   -0.261702000870    0.2168    0.1636   0.043   40
58646.210    0.522733969929   -0.821901599579    0.1555    0.2209  -0.440   91
58646.250   -0.191190085288   -0.690102004341    0.3756    1.1067  -0.675   21
58659.209    0.161450615675    0.136997996947    0.1413    0.1543  -0.160   28
58659.209    0.164527205574   -0.049500000898    0.1040    0.2050  -0.331  144
58659.249    1.115055874338    2.262999598912    0.3230    1.1224  -0.493   25
58666.207   -0.038238017058   -0.417801601316    0.2997    0.3489   0.074   62
58668.249    2.949601867287    0.070397997831    1.5921    0.7687  -0.129    3
58669.271    0.192508623816   -0.306900003011    0.5489    0.2675   0.116   14
58673.209    3.028275465616   -0.373600804693    0.2917    0.1659  -0.254   54
58673.209   -0.242174174655    0.805100395951    0.0977    0.2067  -0.136  155
58681.230   -7.654784319847   41.285699997928   37.4070   45.9276   0.572    5
58687.209   -0.006153279733   -0.903600004420    0.3190    0.3933  -0.188   67
58687.249   -0.267813822901    0.493797598011    0.2914    0.8851  -0.503   26
58690.270    0.071933202190    0.294998400108    0.4004    0.3035  -0.352   53
58694.207   -0.739855612743    0.344397598440    0.8794    0.3803   0.745   11
58701.209    0.065340409614   -0.194101202311    0.1646    0.2399  -0.357   96
58701.209    0.002928886402   -0.207399601493    0.0667    0.1350  -0.187  281
58701.249    0.668653732741    2.593497595882    0.0299    0.1511   0.060   50
58704.270   -0.054500192109    0.227800799024    0.9854    1.4043  -0.630    5
58708.207   -0.641403736622    0.020998799499    0.2320    0.2313  -0.132   26
58715.249    4.064365932279    2.662898400985    0.1547    0.2304   0.275   40
58718.270   -0.243640416680    0.339699596452    0.2474    0.4158   0.044   16
58723.230    0.050983989432   -1.304301601124    0.2555    0.2771   0.010   40
58725.272   -1.022609574452    0.478000800541    0.3648    0.3157  -0.402   26
58730.228   -1.243834536348   -3.743099999554    0.0311    0.0815  -0.139  182
58737.230   -1.774184430387   -3.597300000280    0.7880    1.0181  -0.293   21
58738.249    0.148704543366   -1.459900801848    0.1918    0.2604  -0.059   66
58743.209   -0.314842196748   -0.627300003941    0.1749    0.1634  -0.019   28
58743.249    2.109096714273   -4.037500804088    0.5962    1.3611  -0.991    5
58746.270    0.146946491995    0.746398795570    0.2696    0.2580   0.371   59
58757.209    0.264881338849   -0.248400001368    0.2430    0.3827  -0.199  169
58757.209    0.218440181342   -1.267502403834    0.5758    0.4190   0.107   46
58757.249   -1.029937186931    1.469397595599    1.8428    1.3409  -0.750   15
58758.268    0.893830912442    0.070999200119    1.0407    0.6899  -0.202    3
58765.208    1.375542084760   -1.165802398617    0.6173    0.4532  -0.466   17
58767.272   -7.827806575151   -3.172600799672    0.2448    0.1834   0.056   27
58778.211   -0.584118763959   -0.633700803832    0.5260    0.3329  -0.070   14
58785.249   -0.105631885038   -0.627199201375    1.6254    1.0460  -0.634    8
58792.207    1.592811331137    1.069700398659    1.0243    0.4098   0.659   13
58802.248   -1.160913413154    1.412398799516    0.0992    0.0962  -0.471    8
58802.270   -0.300042766008    0.166100400634    0.1370    0.2138  -0.213   77
58813.209   -0.210820759518   -0.069199199970    0.0562    0.0955  -0.139  262
58813.249   -0.034282401473   -1.279699201007    0.0746    0.1510  -0.840   29
58823.272   -0.369194685359   -2.260000800902    0.3878    0.7152  -0.305   48
58827.209   -0.016553984396   -0.232502401332    0.2015    0.2218   0.003   47
58827.209   -0.654881131119   -0.322200001079    0.0763    0.1206   0.323  386
58827.249   -0.593200930094    2.078298000896    0.1471    0.2621  -0.177   51
58834.083    0.019191061453    0.631097996262    0.1203    0.5355  -0.227   81
58835.208   -0.137421315302   -0.837702003764    0.2640    0.2840  -0.029   70
58841.206   -2.488108585539    2.701799999727    1.0347    0.9225  -0.857    9
58844.248   -0.403329383334   -0.148600798866    0.1075    0.3540   0.604   29
58844.270    0.724616669161    2.431299596850    0.5017    1.5779   0.759    6
58856.206    0.308688917015   -0.552600000958    0.5940    0.4499   0.282   63
58858.248    2.892612301619   -8.054899198839    0.1359    0.3365  -0.240   48
58870.206    0.360112519224    1.391799597172    0.1010    0.1310  -0.041  100
58870.250    0.132294764752   -0.651200399204    0.0915    0.1781  -0.308   75
58877.230   -0.174780306674   -0.453099599440    0.2738    1.3914  -0.148   10
58883.209    0.011719243191   -0.157600799611    0.1143    0.1311   0.061   97
58883.249   -0.184305483367   -0.346499999893    0.0740    0.1572  -0.003   76
58890.208    1.505055566673   -0.236199603876    0.4768    0.3025   0.057   13
58900.248   -0.234850059891    0.247899601646    0.0454    0.1696  -0.151   62
58904.208   -0.149875478331    1.697399999756    0.2400    0.2101   0.337   72
58905.227    0.473068519026    2.929798797169    0.3770    2.5353   0.135    9
58911.209    0.708354494110   -0.742600803250    0.2749    0.6428   0.260   55
58911.250    0.145480249969    1.918699196324    0.0537    0.1204  -0.093   34
58914.270    0.131563342629    0.230500796050    0.4687    0.5759   0.131   27
58918.208   -0.285099229420   -0.172202399540    0.4221    0.2753   0.236   37
58920.249    0.874787454552   -0.429800400070    0.4427    0.8330  -0.105    9
58921.268    0.553352465228   -0.442601999850    0.7668    0.3904   0.154    6
58925.209    0.095962502563   -0.549500400382    0.1524    0.1723   0.141   64
58925.250   -1.034332315358    0.541900796236    0.0729    0.1392   0.109   49
58928.270    0.189871546760   -0.189799203554    0.1788    0.1972   0.028   48
58932.208   -0.105776090820   -0.101401204233    0.0998    0.0982   0.025  123
58939.209    0.068856512356    0.031399196843    0.1028    0.1230  -0.002  130
58939.250   -0.743515921268    0.453700795333    0.1200    0.4923  -0.532   11
58954.207    0.021975842007   -0.042901202590    0.0707    0.1250   0.043  213
58956.270   -0.239097584755   -0.042602401606    0.3505    0.2565  -0.032   17
58960.208   -1.537871726120    3.992198399061    0.1743    0.7976  -0.753   82
58969.270   -0.551302604512   -0.402199201943    0.2155    0.3998  -0.134   49
58974.208    0.024025802658   -0.122601602470    0.1509    0.2098  -0.043   65
58989.230    0.916102061509   -0.020199598794    0.0599    0.1599   0.058  291
58995.188   -0.341796985742   -0.639399598867    0.2777    1.0642  -0.002    8
59005.269    1.126043795341    0.908999998472    0.5016    0.3873  -0.116    6
59009.250   -0.178296409416   -0.250999202223    0.2174    0.7059  -0.780   31
59010.229    1.537579816840   -1.498701604419    0.3061    1.0632  -0.086    6
59016.208   -0.739708009181   -0.638802003294    0.4593    0.8529   0.080   28
59019.269   -0.416810275546   -0.183200398851    0.5304    0.3273   0.461   22
59023.250   -0.313667864002    0.932000396858    0.1989    0.4759  -0.556   43
59025.251    0.588366188889    0.268700396333    0.2662    0.2251  -0.375   79
59030.208   -0.381353541328   -0.219200401830    0.2785    0.1528   0.402   83
59037.250   -0.314402683905    1.585000796211    0.2079    0.3711  -0.495   98
59038.229   -0.262100155945    0.621100796394    0.1426    0.3217  -0.564  192
59039.251   -0.190750572445    0.748497596703    0.2597    0.7306   0.490   64
59051.250    0.541925031382   -2.054502002125    0.0818    0.1496  -0.245  172
59054.270   -0.162181937863    0.227699996458    0.1991    0.2273  -0.060   49
59068.271    0.067393867980   -0.824900403984    0.3260    0.6026  -0.149    7
59074.250   -1.483519237509  -12.793302001768    0.7031    7.9574   0.702    7
59080.207    0.194706188030    0.014400001191    0.1606    0.2816  -0.028   93
59080.251   -0.187382173201   -2.299600804179    0.0482    0.1381  -0.397  115
59082.271    1.359719422552   -1.220299202487    3.4164    2.2834  -0.535    5
59089.269    1.056308157365   -0.894002401708    0.5475    0.3554  -0.099   19
59093.206   -0.859843917964   -1.058500800610    0.4523    0.1975   0.514   54
59103.269    1.549007250686    0.242499601200    3.3951    1.0694   0.888    3
59110.271    9.794794936414    3.897298797284    4.5008    1.3197   0.927    6
59114.208    0.024173406220    0.570798000865    0.7288    0.5369  -0.053   30
59115.231   -0.138739853830    0.189597598421    0.0762    0.1090  -0.086  196
59116.250   -0.339159808751   -0.700999201086    0.5246    0.5160   0.185   22
59117.269   -0.023146776972    0.847400396253    0.4885    0.6776  -0.007   10
59121.206    0.250672622164   -0.005500803013    0.1860    0.1311   0.131  151
59122.229   -0.073838957059  -12.184700403850    0.5011    9.5506  -0.016    3
59124.271    0.525223343489    0.347900396491    0.8780    0.4966  -0.409    8
59128.208   -0.073107634871   -0.084902401909    0.1946    0.3113   0.192   27
59130.250   -0.924157598395   -1.248501602902    0.3538    0.2725   0.192   48
59136.207    0.328611400590   -0.230000402723    0.1006    0.1357  -0.075   79
59143.231   -0.020949212758   -1.444302002795    0.4336    3.0910   0.214    9
59149.206   -0.038825233398   -0.086601599492    0.3012    0.2400  -0.129   30
59157.209   -0.181812612093    0.430498798210    0.2616    0.2730  -0.029   31
59163.206    0.304437894435   -0.449802000446    0.1458    0.1225  -0.031   84
59165.248    0.103873733732    5.508899998574    0.3976    3.1238   0.196   11
59166.271    0.419591458451   -1.443002402368    0.5030    0.6965   0.031    5
59170.208    0.307075071426    0.108698400680    0.6134    0.3107   0.235    6
59173.269    0.637152614107    0.093600001350    1.0773    0.3352  -0.049    5
59180.271    1.956879565880    0.018799195800    1.1590    0.5674  -0.116   10
59184.208   -2.334277391688    1.068199199494    1.1559    0.2959   0.226   22
59186.250   -0.035161427158   -7.334402403814    0.3520    3.1074   0.331   10
59187.269    0.144309414938   -0.624499204349    0.4945    0.3677   0.226    8
59191.206   -2.600333163218    0.880599599640    0.7111    0.3786  -0.232   39
59192.229   32.248424978564  -48.798601204680    1.4855    1.8178   0.286    4
59194.271   -1.861504279657   -0.162799201320    0.5034    0.3442  -0.024   51
59201.269    0.247448328768    0.227800799024    0.2069    0.2424   0.054   26
59222.249    0.088490684301   -0.780199201245    0.0364    0.1206  -0.093  207
59226.208    0.027250096054   -0.054000004468    0.1717    0.1448   0.141  135
59229.269    0.395857565073    0.747500397580    0.3296    0.7742   0.257   35
59231.585   -1.317965302752    0.872297997034    0.5874    0.9242  -0.566   16
59233.206   -0.011866946689    0.037497595429    0.2682    0.2036  -0.022   75
59234.229    0.483177414344   -1.434600003591    0.2789    0.5638   0.022   42
59236.249   -0.120575521561    0.040798801137    0.0437    0.1711  -0.227  150
59242.250   -0.111929270619    0.036198001396    0.0893    0.1774  -0.149  277
59243.269   -0.035748643499   -0.209001603224    0.2627    0.3260   0.079   37
59250.271   -0.153243977510    0.112798800700    0.4058    0.2690   0.142   33
59254.208   -0.006445089078    0.264798001126    0.3652    0.2308   0.116   52
59257.269    1.126043795341   -0.555400800550    0.9470    0.6654  -0.219    6
59264.267   -0.684036882107    0.292798796409    0.7813    0.5058   0.114   13
59268.208   -0.092298696323    0.161099997342    0.1794    0.1365   0.051  154
59269.227   -0.148704643300   -1.326402002633    1.0155    0.7436  -0.641    9
59270.250    0.170972294652    0.530298000712    0.3509    0.9001   0.107   25
59271.269   -0.580750264780   -0.274899603880    0.5864    0.4016   0.084   12
59271.737    0.880501221442   -0.823399198424    0.0936    0.1514  -0.268  111
59278.271   -0.018167929919   -1.286301599634    0.9479    0.9113   0.420   26
59282.208    0.479805417450    0.062099995546    0.5113    0.3662   0.005    5
59283.227   -0.334764680323    0.906300001446    0.3538    0.8406  -0.087   12
59289.207    1.516922513362   -0.100000801240    0.7149    0.4044   0.283   13
59299.269    0.114126834833    0.184697997696    0.2123    0.2677  -0.288   55
59304.229   -3.256676938713    2.767698000383   14.5214   52.8388   0.916    3
59305.248    0.028716338080   -0.339800399018    0.0428    0.0751   0.203  275
59305.270   -0.033695185133   -0.003499204126    0.2998    0.4176  -0.007   24
59311.209   -0.029155850923    0.432900000646    0.1502    0.3254  -0.480  150
59313.269   -0.641108329627   -0.404301603396    0.4685    0.2295   0.060   26
59317.207   -3.784393253410   -0.828000004560    0.5079    0.4970   0.132   65
59320.271    0.020217790636   -0.179402400136    0.3933    0.4511  -0.029   23
59324.209    0.340186537934   -0.418600802021    0.2537    0.2063   0.347  119
59325.217   -0.545880746902    0.195400796343    0.9329    1.0712  -0.457    9
59327.269   -0.283780690891    1.146499196381    0.3589    0.8536  -0.563   73
59334.271   -0.020805006976   -0.581201998529    0.5188    0.4474  -0.024   21
59341.269   -0.524783930580   -0.765900002619    0.3890    0.3715   0.182   42
59346.229   -1.044001697833   -0.060699598947    0.6215    0.5447  -0.108    5
59348.271   -0.949065924453   -0.343602004449    0.2466    0.2107  -0.096   77
59352.187   -0.064609087426   -0.461700003029    0.6451    0.4697  -0.090   24
59361.249   -0.466619932233   -1.742601602217    0.5848    1.1327   0.563   11
59362.271    0.029739469613   -0.240101999083    0.2977    0.2732  -0.094   39
59367.228    0.261660543167   -0.850301998412    0.2769    0.5722  -0.303   19
59369.269   -0.133173790437   -0.127601999367    0.5442    0.4617   0.085   16
59375.270    0.140793212262    0.133898396371    0.2585    0.2363  -0.140   39
59380.209   -0.177125574385   -0.308102401192    0.3792    0.2592   0.110   31
59383.269   -0.159397157309    0.034398001247    0.2546    0.2756  -0.130   47
59387.207   -0.166429462727   -0.163202398795    0.7615    0.3274   0.026   20
59390.271   -0.155736848784   -0.398401203228    0.1890    0.2523  -0.181   72
59394.209   -0.612687398542   -0.455500801877    0.3389    0.2015  -0.003   30
59403.249   -0.646677890735   -1.181901603786    0.1179    0.2312   0.414  242
59404.271   -0.318210695927   -1.058900404161    0.2363    0.2970   0.164   64
59410.250   -1.229769925511   -0.734601601948    1.4045    0.8391  -0.261    8
59417.249   -0.401719035461   -0.131299201911    0.3146    0.7529  -0.172   23
59418.249    0.266347580875    0.164800800206    0.2097    0.2980  -0.463  163
59418.271    0.312644632534   -0.280501203065    0.2538    0.2237  -0.050   47
59425.251   -0.041022797611   -0.701100003653    0.1053    0.2946  -0.525  113
59431.249    0.171411807495   -0.816199204223    0.1716    0.5097  -0.892  136
59437.210   -0.085853607245   -0.158000403161    0.1865    0.2369   0.111   68
59438.251   -0.336522731694    0.975797996006    0.2954    0.9404   0.167   20
59444.208   -0.054792001454   -0.416599203135    0.2200    0.2036  -0.140   85
59446.249   -0.107534142191    1.763600395321    0.0947    0.3697  -0.083  143
59450.209   -0.108413167877    0.190198800709    0.1576    0.2903  -0.469  110
59453.270    2.469209233497   -0.379000798745    0.7971    0.4097   0.414   16
59457.207    0.077502763298   -0.016099198774    0.1160    0.1735   0.046  162
59460.250   -0.132294764752    0.473597999218    0.0738    0.2410  -0.579  124
59460.271   -0.069004315789    0.299498397283    0.1866    0.2457   0.028   26
59465.206    0.167456091976    0.654299999781    0.1857    0.2740   0.050   41
59467.270    0.062703332558   -0.004701602307    0.7601    0.4585   0.571   16
59474.224    0.636568995417    1.392598797878    0.2917    0.6887   0.412   96
59474.271   -0.043220461760   -0.203500800211    0.3194    0.2694  -0.041   32
59486.230   -0.366118095460    1.535097597838    0.5193    1.3794   0.148   27
59488.250    0.273671695639    0.170499601637    0.2056    0.3653   0.521  169
59492.209   -0.093469531354   -0.157899600595    0.2085    0.1765   0.060   79
59499.189    0.308833122797   -0.558799202111    0.4657    0.5233   0.052   23
59500.208   -0.736044103007    0.385300796069    0.1843    0.1728  -0.177   68
59502.272   -0.192069210908    0.187498797288    0.3109    0.2025   0.160   54
59506.209    0.148704543366   -0.280299604327    0.1674    0.1471   0.182   87
59509.270   -0.378424554991   11.098900800022    0.3258    0.3471  -0.004   25
59514.230   -0.045709835319   -1.067101204200    0.2763    0.7724  -0.064   17
59516.250   -0.187382173201    0.366098396398    0.7003    0.5985   0.526  105
59521.210    0.444499884443    0.235997998743    0.4083    0.2976   0.132   11
59522.229   -0.076767943395    1.027400398357    0.2869    1.3077   0.359   15
59523.270   -0.183278854119   -0.032202004263    0.2390    0.2330   0.084   53
59528.230    0.160131977212   -1.564300804091    0.3047    0.7772  -0.082   18
59530.272   -0.076476034115    0.030599996137    0.2776    0.3207  -0.121   29
59534.209   -0.784538718880    1.044597598820    0.2592    0.2645   0.023   43
59537.270    0.232065179402   -0.274600802896    0.1693    0.2722  -0.013   23
59541.189   -0.425452928838   -0.504900000209    0.2972    0.7514  -0.096   18
59542.248   -0.096546221188   -0.766602001079    0.1041    0.3350  -0.697   23
59543.249    1.224935184306    0.559497600250    0.0562    0.1079  -0.128  287
59544.272   -0.573278546453   -0.094600800793    0.4724    0.3869  -0.132   34
59555.207   -0.263270990976   -0.474001203088    0.3002    0.6961   0.112   18
59557.249   -0.010108895318    2.485400397489    0.3040    0.6399  -0.096   21
59558.250   -0.049078334498   -0.293500801263    0.2002    0.3203   0.695   86
59562.209    0.233383717930   -0.000900003272    0.2085    0.2326   0.019   56
59564.251   -0.226203808949    0.365000401104    0.4167    0.4000  -0.169   57
59569.207    0.112368783462    0.137199595684    0.1387    0.1788   0.031   89
59571.271    0.048494615873    0.205797599762    0.2562    0.4436   0.044   31
59578.269    0.529910381196    0.400100400810    0.2316    0.3271   0.165   59
59583.207    0.003516102742   -0.355899604187    0.1133    0.1645  -0.045  183
59586.272   -0.046297051659   -0.426099603601    0.2101    0.2693  -0.149   29
59593.248   -0.087611658616   -0.207201603075    0.0454    0.1454  -0.269  308
59594.585    1.095569405891    0.744497999250    0.8379    0.6381   0.221    8
59597.083   -0.103726130169    0.513100800248    0.2938    1.1274   0.194   19
59600.250    0.034282301538    0.105497997538    0.0458    0.1394  -0.722  117
59604.209   -0.253453905003    0.102099595978    0.1428    0.2096  -0.361  155
59607.248    0.571664600930   -0.671500800564    0.2390    0.2448  -0.637  140
59607.270    0.093617234852   -0.037101598593    0.2535    0.2270  -0.053   32
59611.207    0.430727082951   -0.564299998729    0.1247    0.1581   0.044  107
59614.250   -0.773258988531    0.970199997141    0.0440    0.1304  -0.863  115
59621.248   -4.005470611743   -1.945000800418    0.0695    0.1661  -0.918  154
59625.207    0.194998097310    0.550497599505    0.2155    0.2579  -0.148   56
59626.230   -0.121454547246   -0.755701204014    0.4457    0.6395   0.189   43
59628.250    0.689015729160    1.054198795458    0.0349    0.0636   0.195  163
59628.272    0.215071682163   -0.162701999074    0.1596    0.1732   0.001   59
59632.209    0.437028066182    0.141699599254    0.1595    0.2240   0.084  126
59633.228    0.004834641270   -2.031001204017    0.2787    0.8895   0.085   26
59635.248   -0.084679174565   -0.719499602297    0.0224    0.0723  -0.143  159
59642.250    0.140497905201   -0.506401199374    0.0219    0.0431  -0.494  162
59649.248    0.265616258687    0.088797596476    0.0777    0.1704  -0.491  126
59653.207    0.178591716476   -0.444200401262    0.2052    0.1895  -0.180   78
59654.230   -0.214924078600    2.395699197422    0.3335    2.2434   0.130   11
59655.249   -0.128926365507   -0.370101600566    0.2366    0.2064   0.019   78
59656.250    0.032816159447    0.237099600753    0.0467    0.1324  -0.595  110
59670.272   -0.029595363765   -0.177800398404    0.2361    0.1890  -0.010   38
59677.248    0.618988281838    0.030898797121    0.0801    0.1392   0.098  193
59681.208    0.190750572445   -0.884699999659    0.1953    0.2358  -0.085   45
59683.249   -0.220050629151    0.261399599566    0.2179    0.8929  -0.565  118
59683.271    0.098012363279   -0.376902004007    0.1739    0.3054  -0.327   50
59690.251   -0.734141945788   -0.078699600436    0.3336    0.5276  -0.025   22
59691.248    0.178591716476    0.272700000181    0.0268    0.0603  -0.196  214
59691.270   -0.235289572733   -0.168602399242    0.1681    0.2515  -0.057   34
59698.272    0.358646277198   -0.048801602759    0.2229    0.4917  -0.342   50
59703.207   -0.367288930491   -0.469101602363    0.1091    0.1456   0.072  217
59704.251    1.505055566673   -0.504702001791    0.0635    0.1226  -0.012  297
59705.248    0.075597008430    1.202299200997    0.0465    0.1441  -0.157   93
59716.209    0.155589145287    0.027500395561    0.1572    0.2438   0.016   37
59723.208   -0.138448044485   -0.439200004365    0.1623    0.1937   0.128  111
59724.230    0.981003058215   -1.223402403383    0.7726    0.6985  -0.161   16
59726.250    0.337841270223    0.281397599622    0.1008    0.1791  -0.097  112
59726.268    0.106215503729   -0.732999600217    0.2656    0.2466   0.345   30
59730.082    1.619913723694   -1.215100800778    0.8466    0.6147   0.405   48
59731.207    0.347658356195   -0.171799202064    0.2812    0.2612   0.124   66
59733.248    0.652243954128    0.698400000232    0.3129    0.6873   0.839  167
59733.270    0.018459739265    0.303800396040    0.2461    0.2549   0.037   58
59737.120    0.091567274201    0.126698395775    0.5660    0.7224   0.111   12
59738.208   -0.380330309860   -0.082602002038    0.2712    0.2628  -0.106   50
59739.227   -1.628851883915    0.290498396538    0.6390    0.4137   0.354   51
59740.250    0.075449304932   -0.405701999995    0.0461    0.1232  -0.154  114
59740.268   -0.319968747298   -0.177699602233    0.3778    0.3403   0.012   18
59747.270    0.013477294562   -1.985299201834    0.2206    0.4286  -0.144   91
59758.210   -0.438346604710   -0.592401602972    0.1707    0.2006   0.120  162
59765.208    0.178004600071   -0.453999602712    0.1277    0.1411   0.185  294
59766.230    0.394099513702    1.075298397524    0.1247    0.3548   0.195  165
59767.249   -0.230746740809   -0.217101600697    0.0433    0.1633  -0.253  163
59774.251    0.056258243480    0.230698800863    0.6667    0.4224   0.012   20
59775.248    0.004247424930    1.270097997974    0.0421    0.2618   0.152   51
59786.210   -0.586608237453   -0.538999200472    0.2276    0.2508   0.163  108
59794.230   -0.586903544513    0.654497998198    0.2811    1.1835   0.179   18
59795.250   -0.261952452447    5.721497995381    0.0616    0.1708  -0.553   60
59803.248   -0.838747101643   -0.466401598942    0.2339    0.4838   0.555   52
59808.209   -0.771500937160    0.086997596327    0.4304    0.2933  -0.273   58
59810.272   -0.195437610153   -0.871200001740    0.4411    0.6350   0.231   16
59814.210    0.297261483169   -0.516999601530    0.1217    0.1482   0.103  235
59824.250   -0.300777685845   -0.312501602195    0.0909    0.3048   0.494  130
59831.249    1.061726517260   -0.229100399451    0.5628    1.5684   0.978  128
59843.229    0.315721222433   -2.445199198320    0.3671    0.7250  -0.125   17
59857.207   -0.609758412205   -0.429602401653    0.2556    0.1479   0.177  272
59863.084   -0.229575805843    1.226998796966    0.2912    0.5814   0.118   31
59870.210   -0.101380862458   -0.012099601321    0.1188    0.1401  -0.116   81
59873.271    0.502516179294   -0.474001203088    0.5470    0.3271  -0.100    7
59878.227    0.927381891792    3.927200401677    1.2054    1.2803   0.539   64
59879.250   -0.637887533945   -0.747201602991    0.1696    0.4376   0.762   68
59879.272    0.515406357451   -0.113900402710    0.3159    0.2784   0.105   21
59884.206   -0.177856896574    0.722199599323    0.3664    0.5197  -0.416   23
59887.271    0.149727774834   -0.246499198653    0.3046    0.2432  -0.164   15
59891.208   -0.264150016661   -0.173800800951    0.2197    0.1973  -0.052   39
59893.268   -2.111589685481    0.314899197917    0.9328    0.7068   0.231    5
59899.229   -0.226203808949    0.319798798643    0.3479    2.1516   0.452   10
59948.209    0.461201472402   -0.068000402109    0.2327    0.2083   0.140   85
59961.208   -0.052742140738    0.079099197592    0.2272    0.1782   0.139   63
59963.250    1.153585700741   17.774600396336    0.3630    2.0636   0.603   15
59968.206    0.462520010931   -0.035499603257    0.1658    0.1598   0.215   76
59975.208   -0.387654424624   -1.195902001427    0.4389    0.5172  -0.088  151
59977.250   -0.258583953268   -3.386800804606    0.5398    2.2209   0.361   13
60019.268    0.414025494992   -7.357301999633    0.9514    3.0132  -0.684    3
60052.207   -0.326413836376    0.104198397111    0.1501    0.1963  -0.012  130
60055.249   -0.449039218653   -0.120301202600    0.0104    0.0280   0.041  163
60059.208    2.937734920598    0.329900401397    0.2346    0.2762   0.303  119
60069.271    2.156125088120    0.180298796693    0.5454    0.2750   0.294   39
60081.229   -0.923865789050   -0.935200800001    0.3082    0.7098   0.210   18
60106.041   -0.474091750494   -0.225900002704    0.2889    0.2157   0.316   36
60122.207   -0.228109563817   -0.215899202516    0.2801    0.3652  -0.246   52
60159.250   -1.335985529174    2.811599996022    0.4218    1.1776   0.066    9
60167.249    0.454608779761    0.180597597677    0.0488    0.0768  -0.372   83
60185.209   -1.718952916090   -0.541699203893    0.5755    0.3848   0.260   46
60195.238   -1.013966921160    0.212997600357    0.2659    0.4290  -0.436   93
60199.209   -0.077355059801    0.617900399646    0.2754    0.2475  -0.081   61
60207.230   -0.548517823958   -0.485701200859    2.2722    1.0356   0.166    5
60208.249    0.867755149133    6.365699999122    0.0823    0.2315  -0.548  117
60227.209   -1.489964326587    6.318500398095    0.6596    2.5620  -0.747   35
60230.251   -0.494165335347    0.673898396286    0.0832    0.1866  -0.513  109
60241.209   -0.292131434904    0.113799600143    0.3545    0.2266  -0.001   56
