%-----------------------------------------------------------------------------
%                R.A. (mas)        Dec. (mas)        Err. (mas)     Corr. Del.
% Uncertainty in R.A. is in R.A. cos(Dec.)!!!!
%-----------------------------------------------------------------------------
47385.928  -15.430312509105    0.277199984566    2.6135    1.4987   0.019    9
47391.933   11.284472202216   -6.376798813790    2.3797    3.7358  -0.357    3
47395.918   -2.525760550417    2.066302789672    0.6053    0.8467  -0.237   11
47415.251   -1.987277503531   -0.032698810060    2.0735    2.5551   0.162    6
47502.921    0.039829396980   -0.446198419013    0.8056    2.0485   0.312    6
47516.918   -1.299872324476    0.371501997165    0.8801    0.9420  -0.053   18
47577.107    2.894094428162   -2.851797620451    2.8574    3.1761  -0.756    4
47640.018  627.964574125217 -687.327199213428    4.0284    3.0173  -0.604   20
47655.329    2.303728358055    1.026403180049    0.9705    1.0275  -0.282    7
47667.996    3.209673210483   -1.117299609632    2.2187    1.4491  -0.523    7
47678.906    1.806558905091   -0.265597208227   13.3562   11.6882  -0.975    8
47682.354  -10.166106659768   -2.721196810285    0.9494    0.8547   0.447   26
47688.914    2.593365658556    1.075003177675    1.1309    1.2264  -0.106    4
47705.314  -16.653320400376  -17.562196816812    1.6157    2.1259   0.606   30
47710.340   -1.664187711147   -2.846700002124    0.9433    0.9036  -0.283   17
47717.290   -0.924113410584   -1.428699616213    0.2453    0.3433  -0.029   72
47726.246   -1.248163274804    0.708703188934    0.7173    0.6557  -0.046   30
47731.053   -4.255981173128    0.933400787062    1.6277    1.7327   0.446   40
47743.205   -0.267102244595    1.846000779437    0.5403    0.5424  -0.063   22
47746.054   -5.722158030060   -0.113097601684    0.9103    0.8883  -0.298   46
47756.252   -0.253388362564   -3.365100019437    1.0080    1.2645   0.247   24
47763.158   -1.960025798318    0.896803194905    1.2587    1.1857  -0.262   22
47770.336    3.938656101522   -5.177898020747    0.9084    0.7395  -0.001   17
47777.232    2.117071005708   -4.017599999884    0.9312    0.7749   0.101   16
47780.311   -5.615683537198    3.874100400481    0.3388    0.4776  -0.091   38
47787.258    4.549896971745   -2.935699197337    0.9101    0.7676  -0.193   16
47797.258   -1.245454887964    1.106503202664    1.1183    0.8993  -0.101   16
47805.352   -0.671072995117   -0.732999606612    0.8919    0.5369   0.281    8
47811.360   -0.231901437708    0.437900391148    0.5387    0.6089   0.133   10
47816.324    4.000758521645    8.090503192193    0.8883    1.3948   0.013    4
47823.180   -6.100537331159   -1.828299610906    1.3527    1.0228  -0.552   21
47830.343   -1.138020323265   -0.384498014228    1.3462    0.9401  -0.518   22
47840.328    1.121335962051    0.531601182274    0.9894    0.7059  -0.122    5
47852.239   -1.987365562745   -3.025497599651    0.8454    1.1755  -0.165    7
47857.232  -27.406820565769  -29.628900011858    4.0751    4.6137   0.936    3
47865.352    0.605650063414   -0.391096818930    0.7321    0.6165   0.066    8
47874.242    0.666792352121    0.307101595354    1.6624    0.7902   0.045    5
47878.095    3.715575837689   -0.810597617829    0.8419    0.6197   0.082    7
47888.151  -17.235737309230   -1.237698020873    0.8743    0.5508   0.304   12
47895.090   -0.217053450712    0.761302777619    0.8019    0.9879   0.261    7
47902.425   -1.977320139391    1.474603197948    0.6360    0.5116   0.217   13
47909.233   -0.933894656296   -0.747298798842    0.5727    0.4433  -0.003   10
47916.352   -6.120888065750    0.241700394099    1.3119    1.2203  -0.377   16
47919.244   -2.671278282391   -0.116398820182    0.9994    1.5346   0.315   12
47923.083    2.756525738281    7.360300784853    2.2744    1.1581   0.282    6
47929.260    0.532804180863    1.640300388317    0.8391    0.8809   0.473    3
47943.183    0.267362192058    0.245501999530    0.5257    0.5007   0.053   16
47958.100   -0.069963522162   -3.184797603240    0.6609    0.6607  -0.254   22
47972.100    1.038184768263   -0.454899605984    0.6161    0.6485  -0.330   15
47986.071   -1.038010794714   -0.054496797475    0.5343    0.5677  -0.152   19
47998.164    0.611502902986   -1.573999222160    0.9357    0.5534   0.144   11
48000.067   -0.183512959195   -0.151099203549    0.4522    0.6698  -0.025    6
48013.161   -1.944827719345   -4.529397605779    0.5558    0.5439  -0.046   16
48027.256   -2.827887483470   -0.020700011305    0.5851    0.5617  -0.388   22
48041.271   -2.596772144050   -0.292500001819    0.8326    0.8689   0.041   12
48047.246    1.863858761572   -0.461898014237    0.7136    0.7102  -0.130   19
48055.318   -5.096417179518   -0.736898414289    0.6096    0.5581   0.164   19
48069.234   -1.000015627073    1.818500396666    0.6000    0.7607   0.065   11
48078.168   -0.668366693576   -0.137599218419    0.7994    0.9161  -0.045   11
48082.248    7.450456304638  -18.191898010400    1.1948    1.2674  -0.207   13
48090.364    0.627923086558   -8.870299208752    0.6822    0.6337   0.095   17
48097.245   10.586147501886   -9.500698800480    0.9653    0.8858  -0.104   15
48104.251    0.817462799294    2.219302783146    0.5721    0.4443  -0.081   18
48167.242    3.325840949423    0.792302390096    0.6295    0.7523   0.068   16
48169.247    1.509498653741   -0.313599616675    0.4144    0.4614   0.085   18
48181.275   -2.010424684177    2.035303202774    0.6728    0.7027  -0.124   17
48196.403   -2.710147607535   -1.662897608412    0.6503    0.6196   0.106   20
48204.253   -0.953023226708    1.571399982936    0.3478    0.5192  -0.225   22
48210.316   -0.965076912529    0.077101179841    0.8866    0.8360   0.272    6
48224.224    0.282124205139    0.308203178179    1.5748    1.5073  -0.339    4
48229.250   -1.067096729266    0.295801194738    0.6365    1.3093  -0.068    8
48237.333    0.218361529226   -1.890698413831    0.8174    0.7103  -0.016   11
48253.423    1.518233853702    1.768600779428    1.5175    1.8778  -0.138    4
48260.351    1.701658753684    1.780102797966    1.0636    1.0216   0.018    9
48265.352   -0.132940099788    0.137203196005    0.8206    0.7065   0.011   13
48272.328    0.716405139692   -0.893397611890    0.7734    0.7189  -0.015   10
48279.249    0.173553450176    0.834400785266    0.5666    0.5724   0.009   17
48280.345    1.550202208223    3.252401995724    0.8493    0.8660  -0.036   16
48285.334   11.769673943275    5.814802796067    0.8612    0.8711   0.081   13
48295.342    1.498143066574   -2.311498806762    1.0691    0.9137  -0.019    7
48299.247    1.104915778480   -0.483199221435    0.4600    0.5971  -0.003   21
48301.409    0.824275710702    0.242802002504    0.6302    0.7506   0.019    9
48307.271   -0.382921976857    2.558401183705    0.6242    0.5883   0.210   21
48315.332    0.006898885323   -0.195199197606    0.9980    1.0142   0.055    5
48322.232   -0.298634592804   -0.757396807671    0.8398    0.6616   0.227   14
48327.269    2.541044484144   -2.506298400817    0.8113    0.6982  -0.103   13
48329.259    1.350617072133   -3.427797616951    0.4439    0.7856  -0.339   17
48336.415   -3.710685214833   -2.742098413933    0.5785    0.5867   0.231   17
48349.261   -0.108482695749   -0.928598407768    0.5494    0.5715  -0.262   15
48350.364    0.721033729786    1.448801987181    0.5948    0.5839   0.172   18
48356.259   -5.963404707169    0.907502399627    0.9533    0.5365   0.090   16
48362.285    8.277090369784   -2.657700005670    0.6608    0.6721  -0.226   20
48372.363   -1.408267020591    1.587502788425    0.7875    0.5470  -0.097   19
48379.346    0.702079132922    0.147801591766    0.6511    0.6649  -0.229   29
48384.270    0.627399021032   -1.083798011337    0.2987    0.3805  -0.118   24
48386.268    1.328432108204    2.688602390322    0.4912    0.5508  -0.022   28
48407.357   -0.385804337246    1.732600802029    0.8263    0.7631  -0.088   11
48419.250    0.770646517357    1.592099994241    0.2910    0.3594  -0.083   25
48454.270   -3.353618805462    9.260701185099    0.3145    0.3787  -0.280   27
48475.254   -0.175477883608   -2.794197615685    0.3871    0.5675  -0.010   12
48495.423   -0.776587416143    0.214102783502    0.5040    0.4798  -0.216    8
48504.254    0.876770858662   -0.654998410710    0.4865    0.6027  -0.144    6
48524.255   -0.285532775933   -0.796798812530    0.5832    0.6545  -0.400    6
48580.256    0.489394324840    0.264200386368    0.5771    0.6518   0.091   10
48602.255   -0.278019740151   -4.359499206430    0.4445    3.7602   0.336    3
48636.252   -0.075030203866    0.339001198313    0.4151    0.5929   0.270    3
48650.340   -1.524522759165    1.256000385297    0.7437    0.6279  -0.650    4
48692.256   -0.325624205675   -0.764398797060    0.3132    0.5736   0.368   14
48741.250    0.398117910951   -0.374497207645    0.3779    0.7247  -0.050    6
48754.257    0.428514009316    0.808001985320    0.4537    1.4097   0.022   12
48797.251   -0.591066254060   -0.645098413088    0.3132    0.4121  -0.369   35
48888.249    0.834845199581   -1.816398014398    0.3975    0.9162  -0.556    7
49121.421   -0.002010347766   -3.086499606297    0.5765    1.6342  -0.026   16
49576.501   -0.746277232112    0.043199977995    0.4776    0.4360  -0.280  116
49848.331    0.685134883825   -0.138196807598    0.4725    0.7119  -0.057   17
50085.250   -0.082717272777    0.094499998227    0.2623    0.2545  -0.119   35
50253.254    0.016508242786   -0.084499217223    0.3180    0.4741  -0.492   12
50316.252    0.120972387881    0.242999988131    0.1458    0.1624  -0.089   45
50358.252   -0.127001286301    0.094903182912    0.1720    0.2020  -0.102   36
50421.251    0.911097508047   -0.231300009546    0.3888    0.4593  -0.637   15
50456.253    0.181938617740    0.052199985134    0.1951    0.2457  -0.184   12
50458.831    0.267886257583    0.475603198424    0.1861    0.1645  -0.059  122
50505.251   -0.130057679819   -0.310698001726    0.2683    0.3412   0.015   23
50539.172   -0.818074924033    2.194199996097    0.1574    0.3030  -0.327  251
50568.253    0.139226800792   -0.139798802934    0.1532    0.1906  -0.109   64
50588.082   -0.118266086340    0.170701187585    0.1273    0.1639   0.309  208
50603.251    0.561104017127   -0.930099619723    0.3260    0.4026  -0.104   17
50652.253    0.561890115415    0.341902787682    0.2576    0.2960  -0.035   36
50654.331    0.089702072434    1.627199981158    0.0847    0.0881  -0.055  514
50700.090    0.826460032017   -0.438098402356    0.3052    0.2205  -0.633  617
50701.251    0.819034995870   -0.047898018352    0.2469    0.3181   0.062   44
50757.251    0.372352487978   -0.287999998250    0.2194    0.3478  -0.289   41
50764.253    0.284220467240   -0.195498017774    0.1881    0.2803  -0.053   75
50771.252   -0.233997759389    0.032399989891    0.1973    0.3164  -0.084   49
50778.253   -0.143945594978   -0.188596811768    0.2840    0.3740  -0.456   69
50785.252   -0.256882907272    1.008601202557    0.3108    0.4584  -0.384   32
50792.250    0.219235686728    0.160300777452    0.3225    0.3687  -0.255   44
50799.252    0.134948302675    0.033501598296    0.2625    0.3120  -0.135   53
50800.340   -0.087083830107    0.091202386443    0.0512    0.0584  -0.265  726
50806.166   -0.148400151943   -0.204397215953    0.2809    0.2490  -0.017   52
50813.168   -0.497693518490   -0.053596806993    0.3850    0.4989   0.271   25
50820.250   -0.249021805233    0.118799997040    0.2419    0.3208  -0.323   85
50827.252   -0.358464632399   -0.090900010719    0.3667    0.3834  -0.102   54
50834.254    0.102629856177   -0.145299605947    0.2369    0.2193   0.052   58
50841.252    0.304833234594   -0.342000015507    0.3727    0.4651   0.149   24
50848.254    0.183860906293   -0.102499205923    0.2222    0.2447   0.230   64
50855.252   -0.188491581685   -0.394599604192    0.4284    0.4727   0.355   40
50862.254   -0.099661581454   -0.021798012995    0.1851    0.2419   0.128   55
50869.252   -0.431748606561   -0.253699218433    0.3503    0.3082   0.119   20
50876.254    0.001222104599   -0.244998005883    0.2841    0.2639  -0.331   39
50883.252   -0.110667076644   -0.073497611197    0.2441    0.2990  -0.097   17
50890.254    0.040439376840   -0.168998408867    0.2889    0.3043  -0.112   19
50897.252    0.128483338364   -0.692899203614    0.3309    0.3700  -0.271   11
50904.254    0.299244572664    0.050601596513    0.2306    0.2997  -0.019   38
50911.252   -0.168140906674    0.333302384092    0.4261    0.5423  -0.219    9
50918.254   -0.107172531936   -0.058996801044    0.2810    0.2572  -0.240   63
50925.252    0.642335007662   -0.581799619681    0.4290    0.4221  -0.142   18
50932.254    0.252688178611   -0.243000013711    0.2304    0.2281   0.251   41
50939.252    0.095030846481    0.317901583458    0.2596    0.3247  -0.253   39
50946.254    0.060092072357   -0.208998002904    0.2577    0.2850  -0.015   44
50953.252    0.212334716105    0.154601988811    0.7119    0.4758   0.136    4
50960.254   -0.110316984668    0.473702382919    0.2008    0.2518  -0.240   61
50967.252    0.248321621280    0.019601984036    0.2885    0.3118   0.090   25
50974.254    0.276621457544    0.210103192444    0.2173    0.2533   0.004   33
50981.252    0.087257803656   -0.050198411827    0.3122    0.3206   0.014   28
50988.254    0.078172511719   -0.075697221291    0.1986    0.2424  -0.132   34
50989.324   -1.119853909989   -0.823697999408    0.2344    0.1651  -0.248  753
50995.252   -0.179058342651   -0.027496801636    0.2971    0.3316  -0.154   21
51002.254    0.396021648850   -0.025797604053    0.2242    0.2445  -0.037   45
51009.252    0.437861334016   -0.392497221924    0.3239    0.4178  -0.053   18
51016.250    0.313132428244   -0.215697616568    0.2453    0.3057  -0.184   30
51023.252   -0.316190966641    0.487900791768    0.3246    0.3390   0.109   19
51030.254   -0.344664776453   -0.262396798689    0.2242    0.2680   0.069   35
51037.252    0.329378638267    0.294602384088    0.2591    0.2815  -0.111   39
51044.254   -0.363095307792    0.000000000000    0.2039    0.2411   0.003   54
51051.252   -0.345362875107   -0.075099606534    0.4362    0.3595   0.061   13
51058.254    0.046292216412    0.126702002490    0.2196    0.2606  -0.319   39
51065.252    0.233473634284    0.604400395332    0.2733    0.3575   0.216   21
51072.250    0.122108518566   -0.022096807584    0.2351    0.2430  -0.040   49
51079.252   -0.014936046210    0.254800801258    0.2825    0.3162  -0.105   24
51086.254    0.322477667644    0.099601197689    0.1907    0.2005  -0.066   42
51093.252    0.611066837095   -0.083700010123    0.4244    0.5034   0.233   15
51100.250    0.128135391266   -0.091598408858    0.1873    0.2449   0.057   42
51107.249   -0.009695331377   -0.242499601200    0.3105    0.3581   0.101   22
51114.251    0.025329416661    0.047901599487    0.2248    0.2810  -0.143   38
51121.249    0.017468314622   -0.027298816008    0.2948    0.3897  -0.296   28
51128.251    0.804535015551   -0.410198416034    0.2117    0.2438  -0.128   35
51135.252   -0.389822947480    0.539200786420    0.3227    0.3410  -0.064   16
51142.251   -0.011355587167    0.104601588191    0.1898    0.2113  -0.133   49
51149.249    0.127785299290    0.089200787556    0.1923    0.2242  -0.029   31
51156.251    0.385890311161    0.089503188860    0.2114    0.3356  -0.006   14
51163.249    0.267800283669   -0.070199999413    0.3474    0.3129  -0.090   12
51170.251   -0.117568047267   -0.242099997649    0.2061    0.2415  -0.074   29
51177.249   -0.388686757215    0.326602796008    0.6641    0.6929  -0.541    5
51184.251   -0.045420203789    0.094701590569    0.2122    0.2455  -0.109   16
51191.253   -0.206048015102   -0.199897212383    0.3132    0.3368  -0.245   10
51198.251    2.047021569211    0.909500391799    0.9447    0.6430   0.782    7
51205.249    0.398117910951    0.408902377558    0.6969    0.4303  -0.025    6
51219.249    0.549138450100    0.069602384656    0.5716    0.5140   0.254    5
51226.251   -0.092674636917   -0.044899201157    0.3144    0.4048   0.258   22
51233.253   -0.495685315603   -0.017398818386    0.3560    0.4043  -0.015    5
51240.251   -0.026465606926   -0.326797200501    0.3025    0.4067   0.045    9
51247.249   -0.367985930647    0.569203180589    0.2770    0.3181  -0.116   15
51254.251    0.153900814239   -0.357699610731    0.2644    0.2770  -0.086   14
51261.249   -0.539445204022    1.085302778847    0.5312    0.7574  -0.700    6
51268.251   -0.029872092420    0.113500786370    0.1989    0.2773  -0.021   19
51275.249    0.611502902986   -0.375796801677    0.3542    0.3286  -0.477   11
51282.251   -0.066121030357    0.186800386359    0.4022    0.4226  -0.064    9
51289.249    0.349117248119    0.316800000633    0.2436    0.3012   0.020   17
51296.251    0.312346329956    0.916700392395    0.3429    0.8488  -0.097    7
51297.270   -0.443976265930   -0.274996818916    0.3550    0.3985   0.265   19
51303.249   -0.151020539149   -0.037497608218    0.5382    0.5212  -0.560    7
51310.251   -0.103242040496    0.722203199643    0.2645    0.3196   0.023   13
51317.249   -0.525731321991    0.016502383460    0.3708    0.2883   0.079   13
51324.251    0.859824524266   -0.692697611271    0.5117    0.5054  -0.686   12
51331.249   -0.261425523451   -0.213098402924    0.2764    0.3322  -0.239   15
51338.251   -0.341608382936    0.196199997049    0.2622    0.3378  -0.170   14
51345.249    0.736493841521    0.456400792359    0.3861    0.3635  -0.273    9
51351.086   -0.859214544406    0.227001598319    0.2822    0.2213  -0.643  452
51352.251   -0.908915331611   -0.273297621334    0.4377    0.6898   0.049    5
51359.249    0.001484137362   -0.374799608949    0.4616    0.6784   0.238    7
51366.251   -0.236270139918    0.006001189945    0.2573    0.2742  -0.084   19
51373.253   -0.094420866621    0.588103185351    0.4138    0.4787  -0.187    9
51380.251    0.347721110391    1.061200791241    0.4773    0.6992   0.028   11
51387.249   -0.531408102715    0.277300793528    0.5044    0.5783  -0.560    6
51394.251    0.754574280882   -0.276897608842    0.3204    0.3170  -0.349   10
51401.249   -0.008037160887   -0.153399597025    0.2856    0.3079  -0.396   19
51408.251    0.234259732572   -0.074599219602    0.4654    0.3650   0.054   10
51415.249    0.162636014200   -0.643096814201    0.3631    0.3906  -0.210    9
51422.251    0.223340211296    0.384703187706    0.3901    0.3102  -0.192   13
51429.249    0.067081102193    0.380699989933    0.4009    0.4292   0.057   10
51436.251   -0.179670467390    0.555501577537    0.3459    0.3555  -0.323   13
51450.251    0.342916461450    0.163101583439    0.3001    0.3943  -0.112    7
51457.249   -0.174341693343    0.563803186537    0.3202    0.2991   0.001   12
51464.251    0.367635838671   -0.470599201208    0.2183    0.3347   0.012   13
51471.250    0.000000000000    0.695602781775    0.8663    0.7146  -0.336    5
51478.251   -0.327458494594    0.089600391107    0.2510    0.4656  -0.228   21
51485.250    0.675265578899   -0.992397613686    0.4011    0.7746  -0.451    8
51492.251    0.104552144730    0.082202379303    0.3174    0.2946  -0.165   17
51499.250    0.058957967392    0.099100785178    0.2579    0.2598  -0.300   12
51506.251   -0.052757180723   -0.029098822552    0.3398    0.3726  -0.210   12
51513.250    1.388962331751    0.600400778694    0.3096    0.4187  -0.007   12
51520.251    0.060792256310    0.193701592366    0.2549    0.2623  -0.335   21
51527.250   -0.340560251885    0.256003193044    0.2016    0.2194  -0.093   15
51534.251   -0.185347188534    0.022499992269    0.3218    0.3735  -0.455   13
51541.250    0.165518374589    0.081201579860    0.4391    0.3552  -0.283    7
51548.252    0.044893993384    0.237301199491    0.2364    0.3770   0.017   20
51555.250   -0.191285942440    0.786002379982    0.2735    0.3085  -0.146   12
51562.252    0.069701429820   -0.081097215343    0.1657    0.2135   0.055   42
51569.250    0.217051365413   -0.122497212374    0.2129    0.2471  -0.193   21
51576.252    0.181328578300    0.277401602489    0.1793    0.1933   0.079   31
51583.250    0.408513366701   -0.053798399335    0.3058    0.3046  -0.034   12
51590.252    0.112675279531   -0.203198405302    0.2361    0.2704   0.091   29
51597.250    0.429824232709    0.508600777493    0.2917    0.4203   0.138    7
51604.252    0.654388633903    0.118400393490    0.2601    0.3220  -0.434   24
51611.250    0.227708853926    0.836902796664    0.2878    0.3505   0.269   13
51618.252    0.089092092574    0.351403181753    0.2532    0.3532  -0.464   17
51625.250   -0.326846369854   -0.253497600511    0.3307    0.3849  -0.301   12
51632.252   -0.560932128878    0.578300389975    0.3820    0.3532  -0.232   21
51639.250    0.074592052676   -0.218700014898    0.3889    0.5761   0.381    9
51646.252    0.015198019393    0.315899984571    0.3029    0.3748  -0.180   23
51653.250   -0.391657176818   -0.523396801100    0.5355    0.5039  -0.241    4
51660.252   -0.118266086340   -0.497700006008    0.2620    0.2876  -0.037   23
51667.250    0.262733601965    0.641901584686    0.3820    0.6020  -0.030    4
51674.252   -0.031270315447   -0.392997608856    0.2705    0.2604  -0.304   25
51681.250    0.366499648406    0.115901988806    0.3445    0.4153  -0.240    8
51688.252    0.487822128264    0.135500391707    0.2178    0.2952   0.154   21
51695.250    0.096078977531    0.482500797716    0.7198    0.7965   0.338    5
51702.248    0.367373805908   -0.079898404692    0.3326    0.3400   0.203   39
51709.250    0.041749600233   -0.402199208338    0.5371    0.6588   0.075    6
51716.252   -0.035374840015    0.210301178072    0.2464    0.3493   0.159   26
51723.250   -0.262821661179    0.019400391693    0.2886    0.3567  -0.177   14
51731.249    0.546344089345   -0.081997205825    0.5051    0.3604  -0.086   11
51737.250    0.180804512775    0.427701598937    0.2274    0.3155   0.081   18
51744.252   -0.030834249556   -0.012600020227    0.2379    0.2250  -0.014   15
51751.250    0.184384971818    0.479401197140    0.3674    0.3410   0.155   13
51758.252    0.548090259469   -0.169999208310    0.4851    0.3134  -0.051   10
51765.250    0.478038737673    0.230900380416    0.3215    0.2864  -0.127   10
51772.252   -0.230155267584   -0.200998820787    0.4486    0.4502   0.018    7
51779.250   -0.058347987532    0.387802788282    0.3309    0.2896  -0.053   11
51786.252   -0.243345084089   -1.478797219079    0.9173    1.1501   0.715    4
51793.250    0.200281089864    0.326901590597    0.3743    0.4925  -0.160    6
51800.252    0.240460578821   -0.104598007056    0.2558    0.3467  -0.021   15
51814.252    0.007248917720    0.417801601316    0.2913    0.2764   0.211    9
51828.249   -0.031444288996    0.219599979800    0.2772    0.2959   0.114   12
51835.250    0.612551034037   -0.131698811856    1.4155    1.0221  -0.607    3
51841.083    0.486161872475   -0.815598008330    0.0533    0.1497  -0.095  239
51842.252   -0.362833275029    0.459601201896    0.4118    0.5014  -0.576    7
51849.250    0.487996101813   -0.050698798759    0.2865    0.3534  -0.095   12
51856.252   -0.216267352424    0.660902398408    0.3994    0.4049  -0.029    9
51863.250   -0.304399373162    0.026801984632    0.2642    0.2362  -0.236   13
51870.249    0.027163646000    0.024001178645    0.3743    0.3346   0.200   16
51877.250    0.619452004659   -0.368798419004    1.6901    0.8849  -0.906    3
51884.252    0.000173973549    0.401803185923    0.2491    0.2278  -0.184   12
51891.250   -0.053979344902    0.260002784103    0.2680    0.2645   0.010   11
51898.249   -0.316014848213   -0.117298810665    0.2611    0.2418  -0.096   10
51906.248    0.198534860160    0.038102385247    0.3971    0.3010  -0.025    5
51912.249    0.162898046962   -0.074797205230    0.1761    0.1964  -0.186   26
51919.251    0.183860906293   -0.038700000005    0.2065    0.2177  -0.032   28
51926.249    0.190237811390   -0.525196807644    0.2811    0.3718  -0.522   14
51933.251    0.061140203408    0.084200397055    0.2849    0.2393  -0.182   20
51940.249    0.091624360987   -0.031996805205    0.1750    0.1727  -0.061   35
51947.251    0.116429712123   -0.107499622004    0.3059    0.3132  -0.234   13
51954.249    0.004890622856   -0.151498807099    0.2276    0.2355  -0.133   36
51961.251    0.038781265929    0.506102398390    0.2657    0.2635  -0.112   24
51968.245    0.043147823260    0.036701982253    0.1651    0.1649  -0.124   34
51975.247   -0.492714836420    0.323002782920    0.2585    0.2865   0.142   19
51982.245   -0.073284033742    0.253303196018    0.1885    0.1816   0.180   27
51989.243   -1.870497699432   -1.061596813656    0.9810    0.6029  -0.127    7
51996.249   -0.285706809061    0.455803177601    0.1716    0.2922   0.314   13
51997.268    0.248233562066    0.394901979917    0.2069    0.2008   0.030   17
52003.247    0.052493062661   -0.207997203461    0.2386    0.2717  -0.015   13
52010.249   -0.093984800730   -0.106696808189    0.1906    0.2474   0.454   31
52017.251   -0.026989672451    0.361702782925    0.1806    0.2467  -0.221   16
52024.249   -0.442928134880    0.074300399433    0.1342    0.1723   0.075   33
52031.247   -0.214957188611   -0.092397615958    0.2798    0.2541  -0.011   12
52038.245   -0.030222124817   -0.074599219602    0.2425    0.2548   0.026   18
52045.247   -0.055727659906    0.568202381146    0.1538    0.1818   0.117   13
52052.245   -1.997758933196    0.720403193100    0.1121    0.1441   0.082   27
52059.247   -0.085075627220    0.772801189441    0.2047    0.2788   0.141   14
52066.245    0.220021785016   -0.085399207705    0.1998    0.2199   0.428   36
52073.247    0.094506780956    0.136702783493    0.2011    0.2293   0.023   20
52080.249    0.014061888708    0.068000389319    0.3589    0.3289  -0.464   16
52087.247    0.030396098365    0.001501186375    0.1773    0.2406   0.124   13
52093.248   -0.054679469275   -0.088498808282    0.1888    0.2105  -0.003   18
52101.247   -0.528439708831    0.021700785169    0.3255    0.2633  -0.023   10
52108.249    0.142109220760    0.030002394169    0.2974    0.2421  -0.187   18
52115.251    0.510619216933    0.768401994833    0.2607    0.3886  -0.053    9
52122.249    0.195390467008   -0.009399610690    0.1739    0.2083   0.017   31
52129.251   -0.230767392323    0.425800783432    0.4023    0.2124   0.182   11
52136.249   -0.129183522317   -0.163396822472    0.1478    0.1585   0.170   24
52143.251    0.142285279608    0.359200797106    0.3172    0.2077  -0.201    8
52150.249   -0.009871390225    0.137300398251    0.1460    0.1561   0.240   29
52157.251    0.210938578378    1.173502792540    0.2068    0.3196   0.480   16
52164.249    0.164296269989   -0.041896802827    0.1686    0.2142  -0.104   25
52171.251    0.391917124281    0.545302785326    0.2093    0.2462   0.192   15
52178.249    0.016070091595   -0.105397214156    0.1290    0.1998  -0.159   43
52185.248   -0.006464964311    0.113803187674    0.2401    0.3643   0.092   29
52192.249   -0.260639425163    0.062902796572    0.1736    0.1954   0.142   19
52199.251    0.352087727302   -0.166197602880    0.2155    0.4391   0.077   16
52206.249    0.356892376243    0.023399982751    0.3352    0.3218   0.111    8
52212.082   -1.174357320416   -0.189198007661    0.2579    0.1100   0.403   91
52213.248    0.003842491805    0.518803201999    0.2371    0.3259  -0.265   67
52220.249   -0.113723410582   -0.053197203442    0.2076    0.1977   0.130   12
52227.240   -0.684174811989   -0.000997218308    0.3235    0.3282  -0.291   60
52234.249   -0.206310047864    0.181101597718    0.2016    0.1826   0.139   11
52241.251    0.094418721742   -0.416898004119    0.1991    0.2783   0.042   71
52248.249    0.206133929436    0.069202781106    0.1736    0.1830  -0.048   24
52255.248   -0.091626505866   -0.251499608339    0.1911    0.2151   0.172   54
52262.250    0.158181397655   -0.096300004770    0.1268    0.1508  -0.046   38
52271.249    0.026377547712    0.150400779830    0.1820    0.1827   0.313   47
52278.269   -0.071187712061    0.271501195925    0.1207    0.1886  -0.047   55
52285.271   -0.056425698980   -0.113097601684    0.1237    0.1423   0.048   66
52292.269    0.363267196041    0.008402392382    0.1590    0.1869   0.018   35
52299.271   -0.035026833338   -0.025398000503    0.1301    0.1617  -0.120   70
52306.269    0.105862368123    0.411602400163    0.1591    0.2104  -0.106   43
52313.268    0.009083206638   -0.022597220095    0.1190    0.1532  -0.070   78
52320.269   -0.201419365428   -0.008398811246    0.1143    0.1458  -0.005   60
52327.271    0.322739700407   -0.185198416602    0.1850    0.2233  -0.092   31
52334.270    0.056423554100    0.135701984050    0.1941    0.1859  -0.100   32
52341.271    0.071883665835    0.617702394834    0.2170    0.2132  -0.087   26
52348.270    0.040615495268    0.148402787659    0.1230    0.1472   0.098   80
52355.271   -0.217839608580    0.323200794128    0.1892    0.1899  -0.299   86
52360.250   -0.054853502404    0.563500785233    3.1677    1.9070  -0.031    7
52361.269    0.211636677032    0.244702792429    0.1991    0.2687  -0.057   13
52369.271    0.052581062295   -0.034297198681    0.1230    0.1345   0.031   86
52376.270   -0.205261857234   -0.153698417193    0.1700    0.1950   0.010   66
52383.268   -0.092236545306    0.087400781013    0.1384    0.2371   0.079   85
52390.270   -0.002446354078    0.044999984539    0.1490    0.3543  -0.019   52
52397.271   -0.375584999924    0.232901979302    0.1370    0.1744   0.078   69
52404.270    0.105774308909    0.294202780537    0.2327    0.3056   0.182   39
52411.272    0.238714349117    0.200300397069    0.2129    0.2511   0.070   15
52418.270    0.056947619625    0.083203178747    0.1445    0.1684   0.020   53
52425.272    0.028473809813    0.291801578101    0.1124    0.1881   0.033   68
52432.266   -0.216179352790   -0.131896797484    0.2188    0.2624  -0.075   27
52439.272   -0.325536206041    0.201103185304    0.1704    0.2264   0.181   50
52453.272    0.027163646000    0.186299999427    0.1156    0.1790  -0.122   80
52458.268   -0.049786761120   -0.011998798755    0.2294    0.2594  -0.141   23
52474.270   -0.089006118660   -0.131997606445    0.1313    0.1683   0.117   67
52488.270    0.408687399830    0.259401588210    0.2063    0.2629   0.366   68
52495.272    0.282474297116    0.138401981076    0.1502    0.2380   0.053   25
52502.270    0.131279784418   -0.342900005990    0.2236    0.3436   0.025   24
52509.272   -0.079834912388    0.167601587009    0.1298    0.1878   0.188   55
52516.270   -0.079134728434    0.092001593544    0.1595    0.2983   0.045   44
52519.999   14.032002793073   -3.727699211709   26.7512    7.1066  -0.980    3
52530.270    0.426417747215    0.411101987652    0.2038    0.2441   0.398   41
52558.270    0.039479305003    0.052603195400    0.2829    0.3477   0.550   31
52593.272    0.190673817701   -0.078498001699    0.1069    0.2157   0.184   70
52612.228   -4.277556097617   -4.116697203926    2.6039    4.1487   0.649    3
52666.585  -43.178391365832  -19.419796817033    2.3477    1.7279  -0.111   12
52683.584   -4.677334264358   -2.592399613377    1.4887    1.4643  -0.099   18
52711.248    0.238626289903    0.427600789976    0.1516    0.1066  -0.653  370
52739.584    8.204156487599   -4.061098798047    2.1160    1.7092   0.162   14
52767.244   -0.021050918544    0.059702387034    0.0962    0.1031  -0.175  225
52780.587  -21.367601641745   19.396799993388    5.5596    6.1071  -0.748    8
52836.583 -174.408056923870  -91.891598407301    3.1333    2.7628   0.333   23
52955.582    5.086109723402    3.924100801100    3.8972    2.4304   0.267    6
53066.585  271.616424916046 -161.894098818038   11.8935    6.5371  -0.829    3
53073.203   -0.287891130376    0.114602394774    0.1829    0.1669  -0.211   10
53080.205   -0.143421469873    0.109799989900    0.2789    0.2627  -0.324   15
53109.246   -0.119052184628    0.167101200077    0.4247    0.3543  -0.340   12
53122.205   -0.204737791709   -0.004698014777    0.4161    0.2230  -0.310    6
53129.207   -0.065946997228    0.069501601274    0.0986    0.1297   0.002   59
53131.252    0.150232295982    0.090100778039    0.1262    0.1216   0.167   91
53137.224    0.203601601444   -0.120297602280    0.2379    0.3338  -0.111   30
53145.581  -12.028305165550  -22.153197599550    4.6042    5.3137  -0.141   14
53150.205   -0.352175786516    0.103201185198    0.9943    0.3952  -0.761    4
53158.208   -0.107172531936    0.084801592948    0.1685    0.2936   0.050    8
53164.205   -0.051709049672   -0.348897614799    0.1598    0.2660   0.211   22
53171.203   -0.305097412236   -0.264999619048    0.1561    0.2045  -0.126   25
53172.237    0.190585758487    0.389699997072    0.3657    0.4957   0.042   17
53178.205    0.163422112488   -0.213300020846    0.1434    0.2582  -0.181   22
53185.207    0.407115143674   -1.388498404253    0.4026    0.8209  -0.587    3
53199.225    0.148574125492    0.329803179966    0.1728    0.1969  -0.079   47
53201.256   -0.115121633609    0.024501591156    0.1030    0.0941  -0.189  308
53207.228    0.223166237747   -2.076598809708    0.5428    0.5566  -0.568   54
53220.202   -0.236880119778    0.137001578082    0.1400    0.2024   0.086   49
53227.225   -0.141237148558   -0.143100021432    0.1628    0.1858  -0.120   23
53235.228    1.409751157953    0.849103187761    0.4643    0.5453   0.447   19
53241.225    0.129619528628   -0.197100013111    0.2575    0.2139   0.015   55
53248.205   -0.332349117450    2.098400378259    0.2773    0.3586   0.007   43
53254.995    0.634735997966    0.861800384655    0.7720    0.8903   0.239   89
53262.224   -0.047428466256    0.435103191876    0.1943    0.2087  -0.096   38
53262.582  -62.487613765900  -56.409897604226    9.7184    3.8152   0.223    3
53263.228    0.690725631054    2.621001578973    1.2482    0.9456   0.232    3
53264.247    0.392703222569    0.778701596005    0.9208    0.7426   0.760    5
53276.205   -0.074156046364    0.133300781613    0.1501    0.1959   0.031   59
53278.247    0.200019057102   -0.018197999907    0.3235    0.3635  -0.184   18
53285.253    0.263869792229    0.017200781599    0.0756    0.1099   0.262  209
53297.204   -0.155911162005    0.373802390641    0.1323    0.1725   0.033   54
53304.224   -0.062626485649    0.203101177476    0.1707    0.2654  -0.063   18
53311.204    0.206483961833    0.226000798875    0.1590    0.2651   0.033   25
53318.206    0.068827272318    2.503501201545    0.2605    1.0231   0.268   12
53326.223   -0.020876885416   -0.042598807681    0.4602    0.3850   0.108   17
53341.249   -0.089530243765    0.026701201250    0.0689    0.0749   0.027  272
53347.225   -0.193994329281   -0.740898005347    0.5021    0.5827   0.348   11
53353.204   -0.102455882629   -0.162496806411    0.1679    0.2447   0.543   78
53367.226    0.198970926051    0.265499980401    0.2673    0.2774   0.122   29
53374.206    0.026377547712   -0.437497206462    0.2089    0.2617  -0.255   55
53381.207   -0.092586577703   -0.009000007140    0.1895    0.2317  -0.003   24
53395.204   -0.361435052002    0.017200781599    0.1651    0.1847  -0.175   53
53410.227   -0.500487879245   -0.471297599347    0.1198    0.1399  -0.222   48
53411.253    0.057821777127    0.013499985130    0.1197    0.1506  -0.037  123
53416.206   -0.510621302233    0.435599997672    0.2699    0.1841  -0.174   56
53423.208    0.242818873685   -0.467596802878    0.3431    0.5813  -0.253   60
53430.206   -0.024107312062    0.146602781115    0.0801    0.1245  -0.102   71
53437.204   -0.116781889399    0.232300783409    0.1286    0.2155  -0.204   19
53444.206    0.056423554100    0.025502390599    0.1444    0.1788  -0.094   54
53452.223    1.390446469113    0.894502801430    0.8393    0.8873  -0.151   43
53460.248    2.210007675387   -2.866698008575    0.1286    0.1791  -0.472   63
53465.204    0.142809345134   -0.166500004184    0.2902    0.4339   0.304   50
53467.246    0.897295626382    0.089999994657    0.1254    0.1507  -0.152   30
53472.206    0.030308039151   -0.066099599394    0.1215    0.1541  -0.007   51
53479.204    0.037557016451   -0.003898807677    0.2460    0.2391  -0.455   51
53486.206    0.375058789519   -0.983098811957    0.2403    0.4240  -0.568   64
53488.251   -0.116781889399   -0.196297199295    0.1646    0.1350   0.346  200
53500.206   -0.034850714910    0.171701987028    0.3508    0.5533   0.825   33
53509.246   -0.106474492862   -0.052297212960    0.1406    0.2337  -0.232   73
53514.206    0.113285259391   -0.011797206412    0.1782    0.2207  -0.213   32
53522.205   -0.224652519988    0.730900779899    0.2304    0.3244  -0.260   12
53523.418   -4.056660155100   -2.638098021635    0.3176    0.4093  -0.035   90
53528.206   -0.353049944018   -0.267397214770    0.2350    0.2586   0.573   27
53535.204    0.105948282457   -0.449197210628    0.2511    0.2074  -0.263   19
53542.206   -0.264917923280    0.044200777438    0.2831    0.1728  -0.050   20
53543.225   -0.364929537130    0.087501589974    0.2914    0.3164   0.029   65
53549.208    0.045856210100    0.078602391795    0.1123    0.1465  -0.093   79
53551.250    1.088843601585    0.256802400145    0.2581    0.1031  -0.379  199
53555.994    1.162127575747   -1.361998820926    1.3129    1.4592   0.273   10
53557.207   -0.003494544708    0.203803182330    0.2209    0.3402   0.208   20
53561.356    5.338361895701   -4.103899198071    0.3786    0.4299   0.051   45
53563.204    0.392005123916   -0.095497216535    0.2360    0.2684  -0.431   24
53564.223    0.885503973324   -1.810497607835    0.1824    0.2326   0.081   53
53577.204   -0.167354748806    0.322901999539    0.1147    0.1448  -0.086   86
53584.202    0.077386413431   -0.058500020828    0.1607    0.2282  -0.103   38
53598.210   -0.630719532612    0.506300384018    0.3426    0.3344  -0.194   11
53599.583   -1.992956309974   -0.437896810013    1.9413    1.6156  -0.043   25
53600.248   -0.541541525703   -0.186699602978    0.2282    0.2740  -0.117   52
53605.208   -0.144643634052   -0.297399608939    0.2194    0.3553   0.019   16
53607.250   -2.212978154570    1.016002795495    0.0894    0.0855  -0.202  272
53612.206   -0.393665439285    0.076802385252    0.1886    0.2819   0.018   36
53618.996   -2.025884795912   -4.189197622395    1.5445    3.2289  -0.346   11
53620.205   -0.422315367526    0.032201978684    0.5997    0.6687  -0.554   11
53621.582   47.806198816534  -13.629297600914    3.7714    2.1618  -0.133    9
53626.195    0.209714388479    0.155203184704    0.2463    0.1890  -0.346    9
53626.498    0.078260570933    0.002300393476    0.2141    0.2103  -0.312   17
53627.196    0.001310163813   -0.254199605365    0.1765    0.2175  -0.202   20
53627.499   -0.451313242864   -0.593298005924    0.1952    0.2748  -0.137   12
53628.197   -0.343616645403    0.045802798354    0.1470    0.1378   0.097   32
53628.500   -0.198885011717    0.048301177458    0.1740    0.1664   0.065   33
53629.198    0.218449588440    0.198100786974    0.2775    0.2451   0.606    8
53629.501    0.131365758333    0.000403184686    0.2671    0.2664   0.505   13
53630.195    0.100097587765    0.179801978106    0.6306    0.7318   0.846    3
53630.498   -0.038257200404    0.169401593553    0.4506    0.5373  -0.155    4
53631.196    0.006462819432   -0.314298014814    0.1163    0.2161  -0.261   16
53631.499    0.095728885555   -0.483699608367    0.1709    0.2896  -0.280   13
53632.196   -0.011529560716   -0.091598408858    0.1681    0.1427  -0.235   21
53632.500    0.112761193866   -0.303897604681    0.1321    0.1389  -0.364   34
53633.197    0.125252971297   -0.066398419563    0.1267    0.1384  -0.311   20
53633.500   -0.319597392555    0.464500783437    0.1723    0.2210  -0.361   16
53634.205   -0.377681262025    0.222501594749    0.2820    0.3158   0.827   40
53634.501   -0.302827117006    0.166802379908    0.1703    0.1703   0.302   29
53635.195   -0.088132020738    0.175402783498    0.1076    0.1031  -0.232   41
53635.498   -0.119838282916    0.139499982765    0.1226    0.1353  -0.148   48
53636.196   -0.151980610986    0.384800389952    0.1275    0.1354  -0.232   25
53636.499   -0.420042986997    0.324899991710    0.1736    0.1790  -0.209   24
53637.197   -0.429476226032   -0.488599215487    0.2043    0.3259  -0.187    7
53637.500    0.245701293654   -0.068400018449    0.1916    0.1913  -0.160   17
53638.197   -0.053805371353    0.046601979875    0.1495    0.1573  -0.143   17
53638.497   -0.421267176896    0.122900397059    0.1897    0.3448  -0.162    6
53639.198   -0.114509568450    0.048700781008    0.1519    0.1988  -0.031   12
53639.501   -0.023321154194   -0.145098013604    0.1700    0.1921   0.069   20
53640.199    0.193468178456   -0.074797205230    0.1612    0.1763  -0.206   20
53642.248    0.416984448600   -0.360198015414    0.2323    0.1409  -0.089  110
53654.206    0.171807280052   -0.365198405916    0.2880    0.2430   0.052   13
53656.580   -1.645933238657   -2.461899612172    1.3413    1.2102  -0.074   34
53668.206    1.097228709569    2.179000787805    0.5876    1.6923   0.885   69
53682.203   -0.290947523894   -1.610999999002    0.3925    1.5861   0.882   27
53684.584   33.241739730115   28.531101602880    2.4066    1.6412  -0.262   23
53689.216    0.072931796886    0.601603196060    0.1556    0.3581   0.212  103
53690.227    0.166916597616    0.648000002457    0.2309    0.3135   0.425   30
53696.203    0.224650375109    0.954500401917    0.2265    0.3018   0.068   36
53703.205    0.230153122704    0.896500793601    0.2526    0.2604   0.220   43
53711.225    0.293741825069    0.000302401304    0.1264    0.1321  -0.015   53
53712.248   -0.330602887745   -0.063698422537    0.1701    0.2395  -0.127   30
53717.205    0.129531469414    1.209103191968    0.3094    0.4708   0.219   12
53718.224    1.448618338217    1.136700001325    0.6045    0.6690   0.263   47
53719.250    0.017904320934   -0.181098016583    0.1309    0.1752  -0.101   65
53732.205   -0.178272244363   -0.074599219602    0.2114    0.3015   0.080  101
53745.205   -0.132590007811   -0.109396805215    0.1034    0.1528   0.075   62
53747.582   21.350829280897   58.070699992641    1.2713    1.2150  -0.307   60
53759.201    0.006200786669   -0.343198800579    0.2470    0.3338   0.347   14
53761.246   -0.193208230993    0.585302379363    0.3741    0.2938   0.224    6
53766.207   -0.054417436513    0.039103184690    0.1131    0.1556   0.025   33
53782.584   -4.368220386768  -29.264400004081    0.9019    0.7512  -0.120   57
53808.203   -0.478915040054   -0.171698405893    0.2619    0.1944   0.338   51
53815.205   -0.283960579357    0.453902387676    0.2720    0.3203  -0.326   19
53816.224    1.489757958590   -2.143198821614    0.9067    1.6970   0.011   10
53817.583    7.601650817336  -13.228297203227    0.6468    0.5514   0.001   74
53824.248   -0.186221346036   -0.113400002988    0.2623    0.4242   0.342   10
53836.207    0.083851377742    0.725101182297    0.2362    0.3313  -0.168   11
53844.206   -0.203863634207   -0.341298010653    0.1163    0.1441  -0.013   48
53850.203    0.780341789154    0.257900401834    0.3401    0.2265   0.607   31
53850.583   -4.399052551024    4.613601583969    0.6475    0.5941  -0.067   73
53851.229   -0.373138586266    1.149101984765    0.1254    0.0943  -0.071  163
53852.249    0.076862347905   -0.105497997538    0.1773    0.2639  -0.032   38
53864.207    0.035374780435    0.812401179928    0.2550    0.2800  -0.012   46
53878.207    0.167352663507   -0.068400018449    0.1919    0.2017   0.013   36
53880.581   -1.157673018782   15.940303183015    1.8133    1.4306  -0.031   26
53884.997    0.289985307178    0.034001985227    0.6401    0.5506   0.098  216
53886.206   -0.089354125337   -0.231699613096    0.1178    0.1136  -0.285  185
53893.204   -0.684524844385   -0.410997597555    0.2194    0.3871   0.614   79
53899.205   -0.372004540881   -0.072496811754    0.2546    0.6383   0.803  122
53908.577    3.410042359562   -5.121097197502    1.7816    1.4818  -0.163   28
53909.582  -43.283467576087   -4.148499604639    2.3666    1.9358  -0.244   38
53913.205   -0.020526853019    0.092901584026    0.1662    0.2440   0.200  293
53915.247    0.175825830705   -0.400698021963    0.1596    0.2603  -0.199   57
53919.995   -1.377608829884   -2.067300007980    1.1616    1.5839  -0.107  104
53936.245    0.446420475129    0.037202394765    0.2617    0.4550   0.410   49
53936.581    6.649413688916   10.123502394777    3.0897    2.2037  -0.252   15
53941.205    0.282036145925    0.189899986935    0.2494    0.2207  -0.333   32
53949.226    0.159229528705   -0.230997608242    0.2335    0.2964   0.092  101
53969.238   -0.132327975048    0.397400384600    0.2520    0.5509   0.716   32
53976.207   -0.036336997151   -0.258098413042    0.1239    0.1959  -0.013  163
53978.249    0.090576229936    0.074300399433    0.2040    0.1034  -0.041  220
53982.993    0.023321154194    1.633701583614    0.3859    0.6304   0.359   71
53990.207   -0.188055575374    0.351702001922    0.1364    0.2624  -0.288   90
53991.230    0.152590590846   -0.089899211275    0.3435    0.3474   0.053   23
53992.249   -0.828818386461   -0.320698808309    0.1911    0.1848   0.013   78
53998.228   -2.552750163288    3.840101996389    0.1490    0.2104  -0.152   12
54013.251    0.038169141190    1.628600384151    0.1486    0.1622   0.004   13
54018.218   -0.127611325741    0.278301592971    0.1897    0.2304  -0.149   63
54019.230    0.089964105197    0.280501177485    0.3319    0.3978   0.075   22
54032.207   -0.326410363543    0.216802780528    0.3935    0.2866  -0.723  226
54039.209   -0.170847208215    0.209001584039    0.1131    0.2350   0.138  178
54048.249   -0.004630734973    0.143301588196    0.0734    0.0668   0.013  341
54054.224   -0.043149908559   -0.626799604220    0.5530    0.6605   0.512  229
54068.224    0.806719336866   -0.011397602862    0.8031    1.1632   0.492   14
54074.207    0.037121010140   -0.297997198118    0.1066    0.1827  -0.140   84
54076.249   -0.091276413889   -0.271198820201    0.0712    0.3662   0.030  139
54082.228   -0.077824564621    0.345401991808    0.2022    0.2235  -0.112   16
54083.583    9.933679011655   -7.543299616941    1.4055    1.3584  -0.386   31
54103.208   -0.045944269314    0.787402782976    0.2569    0.3414   0.105   35
54108.997   -0.643997408332    0.238201189973    0.3984    0.6770  -0.081   53
54110.206   -0.031008223104   -0.194698810674    0.0744    0.0924   0.143  227
54137.209   -0.008385167564    0.156902382287    0.0661    0.0937   0.063  204
54150.994    0.795625842041    0.219002390622    1.1755    2.0919  -0.299   15
54152.206   -0.013887915159    0.045601180432    0.0916    0.0968   0.009   74
54158.207   -0.051184984147   -0.215499605360    0.0911    0.1394  -0.099  170
54165.206    0.073543921625   -0.004399220188    0.0716    0.0940  -0.078  156
54172.208   -0.268324408774   -0.171097210000    0.1055    0.1820   0.379   64
54186.208   -0.166568650518    0.073501192333    0.0730    0.1125   0.051  256
54187.230   -0.018954596863    0.017402399521    0.1348    0.1098   0.255  267
54188.249    0.459522292000    0.041201985823    0.1498    0.1804  -0.297   13
54201.208   -0.143857535764   -0.102999618434    0.0895    0.1044  -0.024  144
54214.208   -0.015810203712    0.229903187687    0.1004    0.1576   0.152  123
54223.207   -0.224478546440    0.343900779853    0.1906    0.2340  -0.071   82
54235.206   -0.044110039976   -0.057798015973    0.1009    0.1428   0.071   63
54256.208   -0.006288845883    0.145303187082    0.0880    0.1108  -0.140   91
54263.206   -0.013451849268    0.114501585813    0.1255    0.1573  -0.043   36
54270.208   -0.107610683127   -0.258098413042    0.0966    0.1222  -0.044   88
54278.229    0.144817607601   -0.284598021949    0.1383    0.1142   0.124  208
54292.229    0.373748625706   -0.038599216623    0.1676    0.1613  -0.207  211
54305.206    0.042797731283    0.244000787575    0.1995    0.3002  -0.041   22
54312.208    0.129881561391   -0.010699204722    0.1757    0.2167  -0.164   22
54314.250   -0.302389025396   -0.104198403506    0.4988    0.4637   0.258  136
54319.206   -0.332611150212    0.213299995266    0.1236    0.1665   0.083   39
54340.208   -1.025083010971    1.241701193067    1.4790    1.1352  -0.967    5
54354.208   -0.433232803503   -0.055299611290    0.2178    0.2653   0.158   15
54355.227   -0.195042519911   -0.234997199300    0.5498    0.3551  -0.094   24
54356.250    1.119065726402    0.125902795389    0.3752    0.6540   0.156    6
54368.208    0.242294808159    0.149201994759    0.2157    0.2177  -0.089   24
54383.209   -0.014411980685   -0.089197206421    0.1269    0.1693  -0.031   27
54384.228   -0.769686445520    0.343303190675    0.6691    0.5362  -0.529   11
54396.208    0.157831305678    0.041101202441    0.1826    0.1265  -0.356   79
54403.206   -0.017208426739   -0.035899219597    0.1033    0.1314   0.260   59
54410.208   -0.007861102039    0.049802389412    0.1005    0.1229   0.282   37
54417.206   -0.011443646381   -0.044499597607    0.1117    0.1251   0.102   52
54424.208    0.131977823492    0.361799985171    0.1162    0.1402   0.098   56
54431.206    0.080792898925    0.170200800653    0.0821    0.1802  -0.245  130
54433.288    0.468519524724    0.086000378019    0.1391    0.1683   0.008   22
54438.208    0.204735706409   -0.046497615358    0.1891    0.2201   0.144   55
54440.250    0.512103354295   -0.287999998250    0.1544    0.1725  -0.110  201
54447.248    1.230692815302    2.213503185544    0.4792    0.5174   0.203    9
54461.208   -0.001048131051   -0.131198399345    0.1055    0.1340  -0.083  107
54473.206    0.041487567470    0.303101978716    0.1008    0.2106  -0.023  101
54488.207   -0.381087747519   -0.366796820117    0.5912    0.2732  -0.288   14
54489.248    0.180280447250   -0.051796800449    0.0939    0.1264  -0.111  396
54494.208   -0.033802583859    0.287402383492    0.1228    0.1578  -0.071   94
54508.208   -0.161764001577   -0.200797202865    0.5845    0.3401  -0.099   18
54516.207   -0.220810028183   -0.338497204666    0.1386    0.1378   0.156   38
54517.248   -0.457166082436    0.097603179938    0.2943    0.2120   0.021    9
54529.207    0.020700766988    0.037601998315    0.0619    0.0616  -0.039  212
54537.205    0.036858977377   -0.523998022572    0.2006    0.5098  -0.865  108
54543.207    0.032316301618   -0.113799606538    0.0593    0.0774  -0.045  179
54551.209   -0.011967711906   -0.108198020143    0.1032    0.1169  -0.041  164
54559.230   -0.111977240457   -0.326296813569    0.1711    0.0944  -0.009  243
54566.250   -0.082367240380    0.112499986926    0.1155    0.1458   0.249   65
54592.208   -0.046380275626    0.146102394183    0.2389    0.2591  -0.344   40
54599.207    0.025067324319   -0.278298011835    0.1680    0.1606  -0.243   29
54601.248    0.131889823858   -0.626997615427    0.1639    0.4742  -0.638  153
54606.209   -0.039567364217    0.291103179961    0.3876    0.3285  -0.219   20
54608.250    0.082191121952   -0.636199214910    0.1556    0.2523  -0.051   39
54614.207   -0.250069936284   -0.283698005887    0.4469    0.4594   0.618   41
54620.209   -0.125953155251    0.242301589992    0.0712    0.0886  -0.174  226
54627.207   -0.335493570181    0.299300398865    0.1699    0.2599  -0.031   72
54655.207    0.152590590846    0.824500787644    0.2097    0.2448   0.241   37
54656.230   -4.370054675686   -5.121298815425    0.7986    1.1109   0.088    9
54657.249   -0.143421469873   -0.478098021972    0.1679    0.1542   0.004  263
54669.207   -0.067081102193   -0.113997617746    0.1317    0.1726   0.179  160
54676.209   -0.135648486628   -0.066196801640    0.1330    0.2585   0.308  111
54683.207    0.196612571608   -0.118998008247    0.4169    0.3785  -0.305   15
54690.497   -0.009347324700    0.396601177499    0.2273    0.2130  -0.065   31
54691.502   -0.101233778029   -0.231598804135    0.3750    0.4016   0.467   18
54692.499    0.143857476184    0.508903178797    0.1665    0.1665  -0.084   47
54693.500   -0.130319712581    0.086302779323    0.2040    0.2765  -0.182   33
54694.500    0.066642951003   -0.081097215343    0.1931    0.2281  -0.021   17
54695.501   -0.145343758425   -0.286200017285    0.3310    0.3280  -0.226   25
54696.502    0.472273957315    0.206503179356    0.2628    0.2405   0.429   57
54697.499    0.086557679283   -0.050698798759    0.1896    0.2150   0.199   39
54698.500    0.169622899157   -0.006300010114    0.1490    0.2861  -0.011   42
54699.501   -0.080883043438   -0.031698010616    0.1546    0.1966  -0.061   36
54700.501   -0.505728594077    0.423701982299    0.2862    0.4235  -0.728   23
54701.499   -0.500663997673   -0.452296811204    0.1906    0.2134  -0.176   34
54702.499    0.033714524645    0.476902792457    0.1853    0.2993   0.247   43
54703.500   -0.100883686053    0.006101998906    0.2030    0.2138  -0.090   29
54704.501   -0.131891909157    0.045900000600    0.1668    0.1708   0.098   42
54710.999   -3.680289056888    0.320900400652    0.9018    0.8436  -0.243   38
54712.208   -0.096867220699    0.208501197108    0.1746    0.2618  -0.068  101
54719.239    0.470353754062    0.369701990621    0.2963    0.3772   0.185   67
54720.251    0.484503701984   -0.570600002447    0.3762    0.5160   0.236   53
54725.207   -0.565996784862   -0.363898811884    0.2888    0.4316   0.186   24
54739.207   -0.206922113024   -0.026197207603    0.3921    0.2179  -0.797   61
54746.209   -0.399430219643   -0.108298803525    0.2697    0.3233   0.422   64
54747.228   -0.587221617375   -1.107496814257    1.1454    0.8008  -0.340    8
54754.208    0.167440663141   -0.020898022512    0.1931    0.2778   0.029   27
54760.209    0.065944911929   -0.265996811777    0.1785    0.2803   0.008  145
54774.209    0.461268462125   -0.441097219550    0.2095    0.3651   0.060   34
54777.270    0.381871700928   -0.875098803022    0.2902    0.3390   0.030   24
54781.207   -0.018780623315    0.228902388244    0.1255    0.1209  -0.138   80
54784.268    0.081755056061   -0.278899207729    0.2472    0.3243   0.067   48
54789.228    1.929891673135    1.398502791972    1.3249    1.1935   0.555    3
54791.273    0.216789332650    0.436003182358    0.1720    0.2460  -0.054   55
54796.270   -0.078436689361   -0.229698014209    0.2285    0.2615  -0.029   44
54797.998   -4.860585190791   -3.957598818261    3.7461    3.7124  -0.914   38
54805.270   -0.010219396903    0.191602791233    0.2517    0.2859   0.014   83
54812.272   -0.141063175009   -0.443296804065    0.2314    0.2821   0.255   63
54819.270    0.034500622933    0.106001991185    0.2296    0.3262   0.016   76
54824.266   -0.846288845962   -0.651999619095    0.3795    0.4462  -0.225   60
54831.294    0.588531781189    1.304902784227    0.5840    0.8950  -0.051   17
54837.207    0.125515004060   -0.100800008340    0.1307    0.1297  -0.070   72
54840.268   -0.094158833858    0.024400782195    0.2121    0.1578  -0.074   81
54847.266    0.369556041924    0.004100400020    0.2948    0.4261   0.586  112
54850.999  -14.143193935243  -15.268899616672    1.0435    1.0388   0.817   11
54854.272   -0.035112747673    0.035902800732    0.2273    0.2156   0.111   94
54861.270    0.034500622933   -0.190497601693    0.1487    0.1880  -0.104   90
54865.207    0.038605147501   -0.165797999330    0.3019    0.1869  -0.674  150
54868.272   -0.018342472124   -0.023698802920    0.1378    0.1535  -0.151   97
54875.270   -0.014850072295    0.049903198374    0.1437    0.2005  -0.268  100
54881.249   -0.071973810349   -0.645598800020    0.3429    0.4636   0.243   45
54882.272   -0.039567364217   -0.183499219020    0.1621    0.1867  -0.084   78
54889.270    0.578748450177    1.160301601999    0.2950    0.6093   0.214   84
54894.230   -0.118528119103    0.808199996527    0.3564    0.3652  -0.127   25
54896.268    0.043759947999    0.080902785271    0.2734    0.3263  -0.289   59
54903.270    0.060092072357    0.143200779235    0.1371    0.1617  -0.063   77
54907.207   -0.059658151345    0.007401592939    0.0765    0.0994  -0.042   86
54910.268    0.231027280206   -0.011898015373    0.2422    0.2037  -0.051   81
54915.999   -1.464866693120   -1.583596818477    0.3855    0.6971   0.210   43
54917.270    0.057385770816    0.134801993568    0.1532    0.1893   0.166  109
54924.268   -0.480487236630    0.028900785765    0.1834    0.1998   0.083   85
54928.206   -0.431660606927   -0.300798004105    0.2051    0.1902   0.250  159
54930.269   -0.323177851598    0.404301590606    0.3014    0.3339   0.029   41
54938.272   -0.298720507139    0.148100386355    0.1543    0.2069  -0.135   96
54945.270    0.239848454082   -0.026100005357    0.3313    0.3158   0.318   49
54951.267    0.085073482341   -0.012196809962    0.1839    0.2566   0.127   97
54958.269   -0.179582408176   -0.179596804628    0.1836    0.2336   0.304  133
54966.268   -0.087433922084    0.058402793002    0.1584    0.2214  -0.255   90
54973.270    0.152766709274   -0.424098004714    0.2431    0.2149   0.104   48
54976.999    1.966488617749   -2.930799615797    0.8502    3.1420  -0.368   44
54980.268    0.216965391498   -0.561798006515    0.1816    0.2497   0.170   76
54987.270    0.183162807639    0.039502788240    0.2564    0.3021  -0.103   56
54991.208    0.061054289073    0.047300378014    0.0856    0.1222   0.007  336
54993.271    0.056423554100    0.065602793597    0.1347    0.1633   0.061   97
55001.270   -0.089180151788   -0.513496803478    0.2210    0.2580  -0.147   88
55005.208   -0.029610000077    0.099100785178    0.1593    0.1579  -0.005   82
55008.268   -0.011529560716   -0.101797201069    0.4794    0.3576   0.123   27
55014.269    0.142633286286    0.111801588787    0.1752    0.2383   0.110   87
55019.208    0.116779804099   -0.816098420842    0.2158    0.4002  -0.221  203
55021.249    0.244479129474   -0.407599202390    0.1658    0.2018   0.066   43
55022.268    0.091974452963   -0.072900022019    0.3403    0.4620   0.266   64
55026.206   -0.466685295385    0.227203190661    0.2863    0.1818  -0.015  122
55029.270    1.534392004511    1.802501981274    1.6737    1.4697   0.404  163
55032.999    0.850305311317   -3.072600017617    0.3593    0.4540   0.182   78
55036.268    0.191285942440   -0.110296821276    0.2035    0.2541   0.093   83
55043.270    0.185521162083   -0.634798811916    0.2601    0.4618   0.053   46
55050.269    0.022358937478    0.067201182219    0.1400    0.2098   0.177   75
55057.270   -0.580670738730    0.436802389459    0.2010    0.2768  -0.190  231
55063.582   -4.691746245042    5.076900001200    2.0969    1.5550   0.015    6
55064.269   -0.162812132628   -0.300798004105    0.2066    0.2456   0.179   81
55071.292   -0.544771892769   -0.349498810692    0.8099    0.7283  -0.095   12
55078.269   -0.046032328528   -0.003697215334    0.1974    0.2599  -0.054  114
55082.001    0.634912056814   -0.004798798159    0.7912    0.7390  -0.158   18
55085.270   -0.209192408253   -0.508298401769    0.2856    0.3552   0.137   36
55092.269    0.780865854679   -1.358398807838    0.4380    0.7416  -0.479   49
55096.206   -0.402748645923   -0.323499614296    0.1245    0.1384   0.190  182
55099.270    0.293479792306   -0.034797611193    0.3123    0.2382   0.103  141
55106.269   -0.344140710928   -0.051397222478    0.2451    0.2782   0.114   85
55113.270   -0.003668518257    0.180100798275    0.2860    0.3241   0.628  137
55120.269   -0.231989496922    0.131000388137    0.1465    0.2526  -0.142  164
55124.210    0.053367220163    0.308501998347    0.3479    0.3656   0.327   53
55127.274    0.432096553658   -0.065199608912    0.3145    0.3427   0.502   78
55134.269   -0.217577575817   -0.494298004128    0.2754    0.2699   0.411  109
55141.271   -0.157309385032   -0.147196814737    0.1611    0.2044  -0.337  290
55147.582   -1.164924021801    7.456003200446    1.5910    1.8177  -0.030   16
55148.269   -0.054765443190   -0.108597598114    0.2066    0.2759  -0.022  142
55152.206   -0.212772867296   -0.065998816012    0.0744    0.1009   0.006  317
55153.229    0.539181085960    1.307699983499    0.9356    2.4029   0.765   16
55154.248    0.481271190039    0.314902791843    0.1271    0.1308   0.209   85
55155.271   -0.323527943574   -0.151397998138    0.2827    0.2880  -0.067   96
55160.271    0.259763122782    0.327401977529    0.4292    0.4342  -0.069  154
55161.998    0.622682371725   -3.714699613511    1.1111    2.6208   0.261  267
55169.271    0.167178630378   -0.046998002290    0.1626    0.2347   0.111  131
55176.269   -0.026465606926   -0.032097614167    0.1989    0.2418   0.185  128
55181.229   -2.234029013535    0.242802002504    1.8299    1.2765   0.679    8
55183.271    0.352437759698    0.187502391213    0.1831    0.2232   0.020  135
55187.208    0.147611968356   -0.149598017174    0.1630    0.1300   0.183  460
55188.271    0.109704859928   -0.056098818391    0.1640    0.1885   0.309  216
55194.206   -0.191810007966   -0.231796815342    0.1268    0.1414   0.217  415
55195.273    0.479174927938    0.457102797213    0.2224    0.2804   0.016   86
55204.273   -0.117653961601    0.245501999530    0.1293    0.1887  -0.227  108
55208.206   -0.036685003828    0.278402401932    0.2498    0.4286  -0.540  450
55210.584   -3.506211541187    0.295502400149    1.5320    1.5549  -0.007   17
55211.271   -0.243257024875   -0.427096821909    0.2808    0.3144   0.749  273
55214.996    2.382165047416    4.687300787509    1.0877    1.7596   0.885   91
55218.269    0.115731673049   -0.385297221328    0.1472    0.1831   0.112  155
55224.248   -0.014850072295    0.197301579874    0.2178    0.3081  -0.540  123
55225.271    0.157919364892   -0.243597602889    0.1782    0.2811   0.274   89
55229.208    0.367983845348    0.185000379815    0.1703    0.2254   0.159  415
55232.269   -2.224333682157   -3.698596808022    0.3476    0.4186   0.038   69
55239.271   -0.405021026452    0.266803181148    0.3922    0.3771   0.195   30
55246.269    0.019214544327    0.031600782791    0.0767    0.1297  -0.157  215
55253.271   -0.111715207695    0.655502378777    0.5024    0.5170   0.436   80
55258.227   -0.151370631126   -0.282297602894    0.3026    0.4133  -0.049   84
55264.206   -0.153466893227   -0.089596809971    0.1183    0.1921   0.366  419
55267.271   -0.217315543055    0.158803197792    0.2369    0.2585   0.540  329
55269.707   15.165916506471   38.883801599354    2.6808    3.4706  -0.170    8
55281.271   -0.200457208292   -0.349898414242    0.1497    0.1413   0.153  264
55287.272    0.295314021645    0.142102777545    0.4509    0.2532   0.644   75
55293.207   -0.469743774202   -0.300099605965    0.2392    0.3773  -0.374  502
55295.271    0.209890447327   -0.061797607032    0.1870    0.2254   0.096  119
55299.208    0.328854572742   -0.223696798685    0.4752    0.7628  -0.482  220
55300.227    0.778069408625   -1.192597201793    1.3446    1.2616  -0.499    6
55302.269    0.018604504887    0.219200401830    0.1341    0.2035   0.410  161
55309.271   -0.249109864447   -0.109897217726    0.1073    0.1481  -0.089  232
55313.208    0.067605167719    0.088199988113    0.1240    0.1540   0.033  187
55316.269   -0.250069936284   -0.369000011347    0.1477    0.2118   0.164  219
55323.271   -0.142547371951    0.255502780533    0.1271    0.1930  -0.042  167
55330.269   -0.345450874741    0.063701978092    0.3325    0.2682   0.392  145
55336.248   -0.457690147961   -0.994500021534    0.6753    0.9622  -0.257    8
55337.271   -0.537348941921   -0.554896800509    0.2559    0.2163  -0.060  344
55342.209   -0.264393857754   -0.136198815426    0.1176    0.2161   0.221  172
55344.269   -0.390432986920   -0.229996808798    0.2022    0.2038   0.082   83
55351.271    0.006724852194   -0.249897613003    0.1798    0.3531  -0.142   73
55355.208    0.081755056061    0.023201997124    0.1335    0.1775   0.120  181
55358.269    0.075204177415    2.095102792055    0.2148    0.4826   0.294  103
55365.271   -0.097827292535   -0.203997612402    0.3050    0.3844   0.230  101
55370.228    9.483763991818   13.239802802900    1.9594    2.3868  -0.049   11
55372.269    0.037032950926   -0.543999610159    0.4760    0.8223  -0.320   70
55383.000   -0.053107272699   -0.642600008405    0.6374    0.7018  -0.029   52
55390.207   -0.356980435457   -0.123498011817    0.1404    0.1230  -0.230  470
55393.271   -0.024545403673    0.381301185826    0.2118    0.3428   0.181  194
55398.228   -0.878343114818   -0.956098816118    0.6494    0.6596   0.124   28
55404.207   -0.139140886457   -0.250099205346    0.2666    0.1752   0.361  109
55421.271   -0.071449744824   -0.452700021469    0.1129    0.1794   0.055  161
55428.269    0.451573130747    0.095000385159    0.3223    0.3713  -0.310   48
55434.581  -22.982264624535 -147.008599213905   11.9946   14.2802   0.179    3
55435.271    0.477428757813   -0.213796801063    0.4052    0.4300  -0.057   84
55442.269   -0.191374001654   -0.222498013613    0.2483    0.2854  -0.061   49
55445.999    0.949440682366    0.166402801938    0.7445    0.7216   0.143   31
55460.207    0.448778829572   -0.304099197024    0.2075    0.2431  -0.017   34
55463.271    0.134686269912   -0.311698801170    0.3208    0.2718  -0.767  179
55474.207    0.139226800792   -0.247597219527    0.2039    0.3027   0.049  123
55477.268   -0.006288845883   -0.495698407121    0.1520    0.2121   0.069  116
55488.207    0.105338243018    0.047001583425    0.1564    0.1288  -0.221  116
55517.230  -10.969681603482   -1.992297603692   44.1980   70.8897   0.991    3
55518.249    0.095554912006   -0.146098813048    0.1915    0.1577   0.589  243
55519.271   -0.227534880377   -0.181897198104    0.2095    0.2469  -0.189   33
55523.209   -0.818336956796   -0.060897616549    0.6282    0.4919  -0.276   79
55525.999    0.496119177035   -0.404298009471    1.0540    1.1595  -0.389    6
55533.271    1.684188294182    3.136701599260    0.5122    0.6924  -0.022   93
55544.207   -0.127961417718   -0.173797207026    0.1610    0.1928  -0.407   44
55582.270    0.132501948597   -0.327697216562    0.3523    0.4582  -0.345   73
55600.207   -0.084987568006    0.191901585822    0.1504    0.1970  -0.310   40
55603.268    0.108830702426   -0.138297616559    0.5024    0.4858   0.229  199
55610.270    0.402136461604   -0.310996821895    0.7004    0.2816  -0.435  220
55615.230   -0.492278830108   -0.265597208227    0.1671    0.1715   0.064   22
55650.228   -0.188141549289    0.162000000614    0.1319    0.1492  -0.040   74
55665.247   -0.010657548093   -0.264798001126    0.1632    0.2430  -0.221   63
55670.207    0.240372519607   -0.284896816538    0.1304    0.1373   0.047  115
55691.206   -0.437251354156    0.373301978129    0.3735    0.5346  -0.092   14
55701.272    0.234259732572    0.051202792406    0.2916    0.3258   0.431  119
55705.209   -0.571587532092   -0.233798414229    0.2525    0.2457   0.046   54
55734.228    0.414888186499    0.524401181679    0.2994    0.2952  -0.306   16
55736.270    1.023160722419    0.766799999496    1.0728    0.9838   0.349    7
55743.268   -1.828221948374   -0.600796801109    1.0336    1.0064   0.386   17
55746.997    1.446086069805    4.848602389984    2.8923    2.5880   0.611    7
55754.208    1.230954907645    0.332402393610    0.5162    0.9670  -0.222   12
55755.230   -0.218625706868   -0.136897213565    0.1729    0.2659  -0.077   38
55776.228   -0.132504033897   -0.193298407680    0.2644    0.2339  -0.310   86
55791.251   -0.601633598060   -1.296198016121    1.5252    1.2033   0.283    9
55796.208    0.156871233842    0.134301581056    0.2804    0.3120  -0.038   57
55799.268   -0.657361198386    0.736300799531    1.2227    2.4339  -0.271   11
55817.206   -0.094682899384    0.395099991124    0.3610    0.4253  -0.705   15
55819.500   -0.382748003309    0.638999995317    0.5942    0.6615   0.391    4
55820.497   -0.427730055907    0.388202391832    0.4202    0.5165  -0.750    8
55822.498   -0.126301161928    0.614102381746    0.3663    0.3942  -0.567    9
55823.499   -0.010133422988    0.172202399540    0.7416    0.4746   0.278    3
55824.500   -0.335581569815    0.075103187669    0.1600    0.2004  -0.135   28
55825.497   -0.296276238361    0.643003193090    0.3802    0.5066  -0.457   11
55827.499   -0.174079660581   -1.040896802351    0.6094    0.9040   0.046    4
55828.499   -0.383272068834    0.151199986931    0.2881    0.3102  -0.802   20
55829.500   -1.408440994140    0.025901994150    0.8878    0.8390  -0.845    3
55830.501   -0.509397112334   -0.024098406470    0.6945    0.4394  -0.819   12
55831.498   -0.092062512177   -0.020296801040    0.2403    0.2844   0.124   18
55832.499   -0.031182256233   -0.312897611821    0.1513    0.1686  -0.400   22
55833.500   -0.202029404868    0.426801582876    0.7156    0.3613  -0.057    3
55838.208   -0.432358646001    0.043102801328    0.1427    0.1701  -0.488   38
55869.269   -0.894589324841   -1.354899603712    1.1624    1.4181   0.069    5
55895.231   -1.570378969266    0.388900789972    1.1818    0.4203  -0.007    4
55901.206   -0.023147180646    0.042501579856    0.1949    0.1856  -0.058   34
55902.229   -0.466511321837    0.179099998832    0.1974    0.2003  -0.132   33
55930.207    0.639540706487   -0.345398410673    0.4523    0.3399  -0.563    3
55939.269   -0.634912116394   -0.837097201156    0.8314    1.4952   0.557    5
55951.227    0.834059101293   -2.255198421608    1.9638    4.0054  -0.987    3
56021.249    0.060354105120    0.565801178709    0.4078    0.3872  -0.697    5
56078.250    0.023321154194   -0.022197616545    0.4186    0.3611  -0.027    5
56097.206   -0.080270918699   -0.023497210577    0.3261    0.4320   0.024    7
56107.273    0.238190283591   -1.355997605401    0.4646    0.3990  -0.180   12
56268.271   -0.963504656373    0.568303190107    0.4343    0.4384  -0.493    8
56498.251   -1.125442631499   -1.714899607919    0.2822    0.3789   0.553   59
56645.250   -0.312522448384    0.195101995359    0.5391    0.2848  -0.616    3
56743.250    3.777766257447   -0.974498408368    0.2363    0.2309  -0.112    7
56817.881    0.431484488499    0.015001197085    0.1543    0.1572  -0.066  111
56875.043    0.383181864741   -0.128498402319    0.2303    0.2003  -0.078   72
56878.498   -0.843144393231   -0.239698820792    0.2113    0.1613   0.106   72
56932.270    0.028123717836    0.737200790013    1.0081    0.5985   0.805    4
56975.271    0.218885594751    0.349801186417    0.2374    0.3753  -0.373   12
56987.270    0.354095930189   -0.137397600497    0.1596    0.1674  -0.152   36
56995.250   -0.375672999558   -0.237196809394    0.1379    0.1347   0.187  352
57011.551   -0.361785143978    0.229903187687    0.2921    0.2428   0.230   45
57041.999    1.037746676652    0.185702384670    0.3120    0.2764   0.263   49
57043.208    0.165868466565   -0.654098420227    0.0805    0.1003  -0.141  115
57045.271    0.198884952137   -0.235098008261    0.1478    0.3050  -0.483   12
57071.226   -0.169713103250   -0.655099219671    0.9499    1.1925  -0.392   96
57077.209   -0.249545870758   -0.320698808309    0.0975    0.1101   0.060  209
57113.226   -0.085947639843    0.414403180571    0.3069    0.4324  -0.324   73
57120.206    0.154862971375   -0.904298408955    0.2630    0.2496   0.307  125
57121.251   -0.893279161028    0.474400781059    0.2500    0.2428  -0.167   46
57133.209    0.697712575592    1.303300788891    0.1212    0.1930   0.171  284
57148.228   -1.163787891117   -0.604598406539    1.4944    1.4493  -0.013   18
57149.251   -1.241612396158   -0.490597207659    0.3284    0.4021  -0.291   30
57204.363    1.049976361741   -0.731397611275    0.5512    0.5848  -0.270  183
57237.999   -0.407029229339    0.036500389911    0.3391    0.7275   0.152  240
57239.208    0.138354728589   -0.579697211833    0.1016    0.1147   0.017  166
57241.268   -0.554205191384    0.730900779899    0.1267    0.1141   0.080  207
57246.206    2.810679056731   -2.450397619214    0.1375    0.1591   0.385  376
57248.270   -0.591240227609   -0.117900006558    0.1031    0.1346   0.063  153
57252.207   -1.003684145330    0.270601179864    0.0959    0.0983   0.111  170
57255.272    0.613687224301   -0.021398409444    0.1287    0.1272   0.051  152
57260.228   -3.964597642922   -1.808798410252    0.6319    0.6201   0.513   51
57269.272   -0.011879652692   -0.571698004137    0.1515    0.1623   0.267  399
57272.997    0.366411589192    0.060703186477    0.4291    0.7696  -0.242   28
57276.270   -0.092062512177    0.117302391800    0.1004    0.1065   0.170  322
57283.268   -0.164210355655    0.048801589969    0.1268    0.1588  -0.048  243
57287.206   -0.242821018564   -0.283399211298    0.0645    0.0690   0.090  339
57290.270   -0.240636697249   -0.089798402314    0.1200    0.2435   0.320  546
57302.228    0.341170231745   -0.110098810069    0.2456    0.2993   0.044   56
57303.247    0.160539752099   -2.067300007980    0.2256    0.1932  -0.044   44
57309.208    0.648711912760   -0.014097599887    0.0808    0.0867   0.125  270
57311.272   -0.070313554559    0.244303188879    0.0898    0.0999  -0.190  270
57315.209    0.364229353177   -0.225298819601    0.0929    0.1285   0.614  459
57317.207  -21.466127032934  -48.389400006954   11.0378   11.1482  -0.113   65
57336.208    1.122298178767    1.316401196050    0.0945    0.1042   0.043  163
57337.227    0.293479792306    0.107701188767    0.7453    0.6478   0.059  176
57339.268    1.297337911185    0.764999992953    0.0696    0.0804  -0.095  380
57345.247    8.130612506394   -8.065299621762    5.4728    5.7644  -0.984    3
57346.270   -0.748111461451    1.073901594850    0.1251    0.1174   0.520  277
57352.290   -1.160555379171   -2.626696812058    0.2155    0.2227   0.002   82
57360.270   -0.372876553503    0.079102778727    0.0882    0.0931  -0.246  335
57371.209   -0.301864959871    0.067500002388    0.0740    0.0763   0.355  405
57372.225   -0.339598094749   -0.192697211787    0.4340    0.5824   0.326   80
57373.248    2.316742115713   -5.039596797474    1.7739    2.6444  -0.624    6
57398.771    0.392791222203   -1.062799205442    0.4696    0.3977  -0.310   10
57407.230    1.138892335888   -0.438098402356    0.2029    0.1219  -0.653  429
57409.269   -0.306581609178   -0.324399604779    0.0813    0.0826   0.079  166
57412.998    0.869083789752    0.110401185793    0.7348    0.5640  -0.445  274
57420.208    0.342566369473    0.270100792932    0.1367    0.1364  -0.104  528
57428.229    0.114421449656   -0.198000003593    0.0843    0.0896   0.209  362
57435.227   -1.409665243618    0.788803185969    0.7980    0.6654   0.289  356
57436.257   -3.498524472276    0.676900788221    1.9776    1.7987  -0.538    9
57437.269   -0.022361082358    0.145799992879    0.1265    0.1444   0.107  196
57451.269    1.051024492792   -0.100299621408    0.1692    0.2488   0.048  173
57464.250   22.977021764823    1.963000795513    1.2837    0.9556  -0.368   24
57470.229   -0.381175747153   -0.511099207756    0.5931    0.7229   0.435  480
57484.229   -3.215962115946    0.552103182372    1.3557    0.4148  -0.695  407
57485.251    0.940095442965    0.043502379299    1.0238    0.6520   0.113 1056
57498.229   -0.005502747595   -0.321498015410    0.0798    0.2075  -0.112  336
57499.251    3.272997794786    2.768900398564    0.5857    0.5369  -0.160   30
57500.271    6.213124551476   -0.503398820229    0.2867    0.2568   0.283  113
57505.209    0.027687711525    2.562101980175    0.1883    0.1521   0.238  336
57520.250   12.135039546296   12.619202399833    0.9887    1.7200   0.126  249
57549.269    0.588443721975   -0.854099997127    0.1966    0.1925   0.070  148
57556.271   -1.465564732193   -0.392198401755    0.1180    0.1341   0.218  202
57561.227    1.007088485944   -0.135698402914    0.7656    0.5549   0.465  332
57562.250   -0.267364277357    0.188902794207    0.2606    0.4183   0.009  230
57570.271    1.134787811320    1.566899979366    0.1245    0.2412   0.645  533
57595.206   -0.138792879780   -0.813999619709    0.0836    0.2053   0.075 1145
57624.229   -0.703391441615    0.042299987513    0.6656    0.4736   0.748  366
57626.271    9.178842698010    2.695100386063    0.1149    0.2271  -0.305  286
57636.998    0.782176078073   -0.617799597080    0.4165    0.4123  -0.236  803
57639.230   -0.635612240767    0.007700387528    0.2162    0.1950   0.333  124
57652.229    7.295155182073    6.649001988990    0.2970    0.2797   0.148  134
57658.208   -2.032261641429   -1.896796806022    0.2210    0.2733  -0.122  374
57660.250    2.400069368349    1.886702378329    1.1998    1.3377   0.284  343
57667.230    0.295750087536   -0.793299608404    0.1481    0.1535  -0.019   59
57679.207   -0.057299856481    2.496200391988    0.1333    0.1935   0.153  146
57680.229   -0.370694317488   -0.248598018970    0.3905    0.3528   0.073  317
57682.271   -1.580774425016   -2.029996804254    0.1850    0.1999  -0.076   76
57689.269   -0.546344089345   -2.356797611469    0.1476    0.1478   0.175  214
57693.207    0.112151214006    0.403199982202    0.1391    0.1518   0.027  475
57696.271    0.084375443267   -1.355799619773    0.1576    0.1570  -0.063  128
57701.227   -4.288823625570    2.367500397327    1.5705    1.4788  -0.668   15
57707.207   -1.044823706123   -2.399598011493    0.3439    0.3443  -0.007  431
57708.229    0.377941149908    0.318401995969    0.5607    0.3424  -0.487  181
57709.248    0.600497407796    0.131101197098    2.3489    1.8226  -0.805   12
57716.999    0.100969600387    0.006001189945    0.2687    0.5144   0.387  297
57721.207    0.861834872032   -0.151696818307    0.1436    0.0979   0.030  380
57724.271    0.902712400063    0.609400785834    0.0806    0.0909  -0.042  594
57729.228   -0.682340523070   -0.461599219648    0.2762    0.2390   0.393  114
57736.229    1.814419947550   -1.434599997197    0.3077    0.3519   0.080   35
57743.209    0.212946840845   -0.139899611895    0.0769    0.0808   0.318  437
57750.207    0.773614851660   -2.855498416920    0.5438    0.6613   0.571  439
57757.209    0.128833430340    0.543902382333    0.1236    0.1361  -0.477  798
57765.248    0.450262966934   -0.698299197666    0.1935    0.2197  -0.118   27
57770.187  -65.266762619301 -127.640199619350    0.7136    0.6326   0.047   58
57777.207 1361.403431314254 -435.068798421412    0.0576    0.0660  -0.104  460
57778.229    0.492188685595    0.031600782791    0.1970    0.1766  -0.095   31
57785.231   -0.874588682227    1.515401999086    0.0848    0.0987  -0.370  386
57787.269  800.989171464931  890.054701199006    0.0614    0.1434   0.009  422
57791.207   -0.396983865565   -0.279900007172    0.0898    0.1127  -0.666  753
57792.229    0.057209652388   -0.349797605281    0.4997    0.3592   0.185  212
57793.249   -0.542151505563    0.624002379368    0.1629    0.5489  -0.427  409
57805.189   -0.967697240155   -2.761297213283    0.9546    1.0001   0.052   33
57808.271   -0.599713394807    1.127203188389    0.2639    0.1981   0.129  193
57815.269   -2.994368074775   -1.633298398929    0.2630    0.2841   0.329  177
57819.207   -0.092412604154   -4.722897605802    0.2647    0.2823   0.252  281
57822.271   -1.139592519841    0.275101183433    0.2365    0.3141  -0.036   54
57826.209   -0.106824584839   -0.769798816691    0.1096    0.1576   0.014  432
57833.207   -1.586277172612   -0.843699612574    0.2020    0.2048  -0.127  117
57834.230   23.412524863555   -1.989399621039    0.8184    0.5701   0.139   40
57839.792    0.649410011413   -0.315298814257    0.1941    0.1623  -0.186  126
57841.228   -0.925423574397   -1.025298016089    0.6196    0.6751   0.580  247
57854.209    0.149534256908   -1.641196797664    0.2707    0.3216   0.321  327
57855.228  315.014926126109 -117.976798813402    0.8293    0.7059  -0.192   30
57864.271   -0.049700846785    1.180202380624    0.1607    0.1683  -0.146  220
57869.228   -0.303263182898    0.126100781017    0.2893    0.2885   0.167  257
57875.167   -0.801218734150    0.274802388844    0.6461    0.3627  -0.235   15
57877.227   -0.396983865565   -0.098100011314    0.2639    0.3949   0.111  357
57878.271    0.029171848887   -0.762199212545    0.0664    0.0802  -0.129  389
57885.270    0.755272319956   -0.690498001177    0.0852    0.1041  -0.134  467
57897.228   -0.052145055984   -0.047199620212    0.4258    0.4404  -0.168  113
57914.628   -0.078436689361   -1.669996800047    0.2612    0.2281   0.581   45
57924.209    0.953371233385    0.355301989430    0.1065    0.1095   0.226  511
57934.272    0.414802212584   -1.407398409015    0.0852    0.1063  -0.347  618
57939.228    0.467471393673   -0.466797621357    0.4269    0.3506  -0.035  144
57943.713    0.015808058832   -0.455497220742    0.2798    0.2077  -0.575   45
57945.207    3.062321249171    1.538301594906    0.1566    0.1698  -0.095  496
57946.230    2.463744044628   -9.265500008837    0.4653    0.3505  -0.558  363
57959.207   -1.022114676668   -1.109898016693    0.1349    0.1775   0.163  365
57962.272   -1.695719999777    1.195102794327    0.1497    0.1662  -0.163  387
57976.272    3.754619076801   -0.619099216692    0.1135    0.1382  -0.158  398
57978.131   -0.270508730089   -0.934498814331    0.2977    0.2674   0.601   39
57989.249    8.613455952588   -4.003498818861    3.0768    2.6686  -0.647    5
57997.270   -0.756148622338   -2.167999207359    0.0807    0.1004  -0.099  434
58009.228    0.043933921548   -3.139999211044    1.2339    1.7538   0.115   25
58010.247   -1.254714213030    1.761101984243    1.1031    0.8855  -0.416  514
58015.324    0.838251685076   -1.532898019718    0.2988    0.3481   0.183   61
58033.499   -0.794667855504   -4.632796802184    0.1497    0.1760  -0.057  114
58044.230    1.321445163667   -0.060796807588    0.8323    0.9053  -0.495   19
58053.270    0.486511904871   -1.160197211902    0.1357    0.1408  -0.339  238
58060.272    1.629160818230   -0.540997211829    0.1603    0.1675  -0.102   68
58065.228  -16.104791989716    9.024001181501    2.0345    1.5754  -0.851    6
58066.247   -6.955995298094    2.498101181914    3.0624    1.7659  -0.883    3
58072.226    1.902639967921    0.801601191824    0.5028    0.5401   0.346   43
58073.249   51.223230205932  -24.818198414778    0.3181    0.2174  -0.282   60
58081.000    0.446508534343   -0.292899605370    0.2837    0.5226   0.044  296
58085.500    0.555777328380   -0.361897212997    0.0638    0.1962  -0.060  454
58086.500    0.114247476107   -0.388497605286    0.0628    0.0662  -0.295  395
58087.498   -0.074244105578   -0.626497202916    0.0691    0.0771   0.009  266
58088.498    0.525293170801   -0.649800009001    0.0532    0.0636  -0.026  468
58089.499   -0.089354125337   -0.129600010723    0.0628    0.0797  -0.141  429
58090.500    2.195857787045   -2.622697221000    0.0648    0.0659  -0.019  272
58091.497    1.663925618805   -1.121400009652    0.0656    0.1031   0.097  402
58092.498   -1.886219843930   -0.394398011849    0.0550    0.0653  -0.053  465
58093.499   -1.297950035924    1.689299989494    0.0539    0.0674  -0.035  305
58094.496    1.105439844005   -0.207399614283    0.0496    0.0630   0.025  419
58095.500    0.905768793580   -1.681498818584    0.0852    0.0905  -0.480  325
58096.497   -0.612989185227    0.275500786984    0.0593    0.0630  -0.012  467
58097.498    0.790473126843   -0.996199219117    0.0626    0.0713  -0.034  237
58098.499   -2.195071688757   -2.931498013936    0.0712    0.0674   0.216  380
58099.500   -0.050748977836    0.604000791782    0.0832    0.0681  -0.069  387
58109.000    1.090591857009   -2.162797198935    0.3760    0.8182   0.077  149
58123.270   -1.037486729189   -0.156297605258    0.1887    0.2742   0.535  165
58137.270    0.050310826645    0.397799988150    0.1382    0.1607  -0.221  129
58144.268   -2.238133538103   -1.605600004950    0.1242    0.1163   0.056  505
58155.208    0.608096417492    0.062902796572    0.0904    0.1004  -0.043  244
58156.227   -8.628568117226   -1.929697208425    2.2315    1.5684  -0.785    6
58163.229   -1.543913362340    0.150101985241    0.7908    0.4891   0.196   47
58164.248    0.440655694771   -3.088396815087    0.6475    0.8490  -0.171  246
58170.230    0.319857340018   -1.044997202371    0.1487    0.2581  -0.599  364
58172.272   -0.209978506541   -0.494499622050    0.1676    0.1381  -0.081   47
58191.229    7.240477798097  -10.063198811849    3.1636    9.3865  -0.907    3
58193.270   -3.566653705520    0.464400000055    0.2937    0.3266  -0.111   64
58200.272   -0.027077731665   -0.208299604765    0.0995    0.1005  -0.036  161
58212.209    0.415674284787    0.292301990612    0.1409    0.1547  -0.174  188
58213.231    0.231725319280   -0.188499609521    0.1147    0.1250  -0.281  586
58216.836   -0.982809345213   -0.339199209520    0.1889    0.2031  -0.207   78
58220.248  -10.534090505116   24.994400379796    2.7130    6.5041  -0.856    4
58220.251   -0.753528235131    0.378403177592    0.3788    0.3597  -0.243   26
58233.225    1.143435011646    1.095800391226    0.6557    0.5926   0.088   38
58238.207    0.788376864742    0.138801584626    0.2153    0.1840   0.012   67
58240.165    1.522600411033    0.711403185960    0.4239    0.2893   0.368   50
58245.742    1.421280718669   -1.830697206628    0.1484    0.1317  -0.064   76
58246.082    0.062276393672   -0.693496818371    0.1430    0.2052  -0.159  318
58247.207   -0.114161561772    0.352799978032    0.1349    0.1634  -0.193  212
58254.227   -1.509586712955    2.307401987878    0.2998    0.3282  -0.331  144
58268.209    0.024019193268   -0.879897601180    0.1101    0.1432   0.197  445
58270.269    0.844190438982   -1.721797207210    0.1272    0.1186  -0.067  136
58274.210   -0.129533614294    0.715402802598    0.1437    0.2453   0.000  115
58281.208    0.171719220838   -0.413100005403    0.1725    0.1853   0.074  102
58284.269   -0.504768522241    0.829303192518    0.2275    0.2099  -0.504   31
58291.271   -1.582258621958    0.505601985878    0.1074    0.1197  -0.162  281
58297.250    0.923849232942    1.564700394852    0.4778    0.6066   0.460   11
58302.210   -0.847248917799    0.003502785262    0.1745    0.2221  -0.140   97
58303.229   -0.402400639246   -0.365997613017    0.4132    0.5463  -0.098   28
58304.233    0.302038933419   -0.077097598705    0.2214    0.2761  -0.031   90
58305.271   -0.632729880378    0.688402781179    0.3958    0.4385   0.028   39
58310.227   -1.511420942294   -2.708596815637    0.3132    0.5507  -0.207  185
58312.269    1.084739077017   -0.581299207170    0.5303    0.2005  -0.514  109
58319.271   -0.761563310719    0.068500801831    0.2653    0.2172  -0.238   53
58326.269    0.339860067932    0.146401188772    0.2883    0.2455  -0.117   30
58333.271    0.288587084151    0.064799979782    0.1975    0.2427  -0.201   98
58337.208   -0.572461689593   -0.942796816616    0.2521    0.2730  -0.364  109
58338.227    0.970753574093    1.020002386554    0.4196    0.3800   0.258   16
58344.206   -0.219935870681   -2.387296811435    0.3796    0.3158   0.145   34
58351.208   -0.098263358426   -1.323000000752    0.1503    0.1557   0.031  149
58358.206   -0.154076932667   -0.543898801197    0.2694    0.2569  -0.147   36
58361.271   -0.111017109041    0.214700398260    0.2259    0.2082  -0.337   65
58363.696    0.913193829728    0.062999998818    0.1696    0.2922   0.018   44
58365.208   -0.699198857833   -1.008496812460    0.2079    0.1793  -0.271   99
58366.227   -1.192261700930    0.578800802487    0.8449    1.0033  -0.133   18
58367.250    1.533255814247   -2.060398801973    1.0482    1.1864  -0.240  389
58375.271   -4.405429456121    3.592400386765    0.4068    0.5720  -0.161   91
58382.002   -0.167354748806   -0.170100017272    0.1795    0.2274   0.276   49
58382.269   -0.911011593712    0.167601587009    0.2714    0.2373  -0.361  118
58386.484   -0.068043318909   -0.172497612994    0.2360    0.2333   0.244   42
58389.271   -0.486252016988   -0.517197599947    0.5097    0.3679  -0.171   23
58401.229    0.120098230379    0.015299991674    0.1089    0.2128  -0.233  213
58402.252   -0.266840211832   -0.854197199374    0.3415    0.3637  -0.095   15
58408.227   16.025219110091   11.314400398987    0.7978    0.5528  -0.129   19
58410.269-1275.142469817117-8586.885499201457    0.2155    0.2933  -0.427   62
58428.206   -0.440919872413    0.153403178160    0.1266    0.1314  -0.077  104
58436.227   -0.475070462949    1.808600399045    0.4044    0.4533   0.203   48
58442.206    1.205537431770    7.965701979629    0.2616    1.1149  -0.422   33
58449.208   -0.111103082955    0.067500002388    0.1901    0.2168   0.128  470
58456.206    2.007540178908   -2.082196814968    0.2560    0.6469  -0.102   39
58463.208   -2.369937447626    0.050702379895    0.4783    1.8340   0.682  236
58464.227    6.017557966040    8.351301602261    2.5567    1.1467   0.169    6
58465.250    1.127362775172   -1.079697611317    0.9752    0.8817   0.425   27
58472.708   -7.443119327705   -5.448499200611    0.2552    0.2726  -0.216  109
58479.206   -0.252952356253    1.523800784753    0.2513    0.6752  -0.741   70
58494.386   -0.189713745865    0.246801593562    0.1756    0.1857  -0.481  128
58501.271   -0.384930239324   -0.169297203456    0.2615    0.2966  -0.358  199
58506.209    0.256968821607    0.055000791122    0.0719    0.0748   0.030  252
58514.248   -0.087781928761    0.210599998240    0.1286    0.1695   0.008  467
58515.271    0.016944249097    0.019202380486    0.1377    0.2182  -0.343  105
58536.269   -0.191898067180    0.381103200198    0.5196    0.4513  -0.640   56
58543.271    0.549050390886    0.267001192356    0.2943    0.2093   0.141   45
58564.269   -0.132415974683    0.615002397808    0.1909    0.2393   0.010  176
58570.249    0.556125335057    0.986000401326    0.3847    0.4748  -0.281  108
58571.271    0.119574164854   -0.117496821872    0.1688    0.1586  -0.053   71
58578.269    0.119662164488   -0.127998015387    0.1477    0.1437  -0.314   47
58585.271   -0.833885127745   -0.472996822509    0.3238    0.2764   0.476   48
58590.228   -0.272080926665   -0.049996819484    0.1258    0.2837   0.182  196
58603.209   -0.070663646536    0.035701182810    0.1006    0.1136  -0.145  833
58610.083   -0.192422132705   -0.249598818414    0.1417    0.1748   0.100  319
58611.208   -0.072497935454   -0.243097215957    0.0893    0.1626  -0.246  298
58618.228  -62.904250267402   -2.380500021104   37.0261    1.6617  -0.310    8
58620.269    0.107870571010   -0.194198398162    0.1818    0.2020   0.091  132
58634.270    0.258367044634   -0.528998413074    0.4126    0.3677  -0.325   16
58648.270    0.042973790131    0.083401189954    0.1523    0.1966  -0.140  103
58655.271   -0.167964788246    0.156902382287    0.1521    0.1930  -0.079   93
58659.209    0.018166413276   -0.155296805815    0.1313    0.1447  -0.120  125
58662.270    0.072145698598    0.036802791215    0.2099    0.1959  -0.305   40
58669.271    0.055637455812   -0.193597202269    0.2025    0.1869   0.067   73
58670.101   -2.177341281792   -3.262698015760    0.4712    0.3757   0.125   28
58673.209    0.681116273592    0.668699988182    0.2102    0.2089  -0.182   89
58677.683   -1.310789820033   -2.295597619195    0.4657    0.4423   0.505   21
58683.271    0.002882360389   -0.108799216036    0.2440    0.1921  -0.057   60
58687.209   -0.133290132184   -0.343897198718    0.2514    0.4975  -0.408  186
58703.251    1.359526305223   -0.945097210092    0.9775    0.8120  -0.637   16
58718.270   -0.598141198231   -0.047898018352    0.1805    0.2799   0.287  135
58723.230   -0.362221150290   -1.527998412598    0.1933    0.2000  -0.112   83
58730.228    1.208593825287   -0.070199999413    0.0348    0.0355  -0.153  382
58738.249   -0.472712108506   -1.502099999584    0.1537    0.1966  -0.111   86
58747.059   -0.501798043058    1.028800801350    0.2955    0.3491  -0.287   45
58750.207   -0.279679995941    0.068900379802    0.1995    0.3953   0.135  116
58753.268    0.356542284266    0.091702798954    0.1943    0.2234   0.416   96
58774.270    0.216703358736    0.462502791265    0.1997    0.2098   0.127   52
58781.272    0.046466249540    0.022201197680    0.3607    0.2661   0.145   78
58787.269   -0.285094684322   -0.543600006608    0.3568    0.4302  -0.237   37
58792.207   -0.020002787494    0.742301989476    0.4467    0.3942  -0.426   11
58795.122   -1.247027144119   -0.236700003597    0.2058    0.2052  -0.062  117
58795.272   -0.113899529010   -0.661697998794    0.3011    0.3736   0.601   49
58809.272    0.134424237150    0.665902788910    0.3464    0.2496   0.188   32
58813.249    0.421177032382   -0.635896813606    0.0413    0.0457  -0.053   91
58814.272    0.326496277878   -0.124297218917    0.1541    0.1292  -0.103  124
58827.249    0.514899800349    0.063500385750    0.2011    0.1481  -0.430   41
58830.270    0.245265227762   -0.012297618923    0.5085    0.5249   0.010   17
58834.083    0.269458454159    0.512701177513    0.1615    0.3576   0.696  352
58837.272    0.229104991654   -0.315698417808    0.2005    0.2653  -0.503   35
58844.248    0.888998518032    0.014000397641    0.1560    0.1671   0.396   30
58844.270    0.894065199736    1.311501588930    0.2788    0.3285   0.440   30
58848.207   -0.752654137209   -1.209499214383    0.6123    0.6572   0.864   75
58857.229   -0.178272244363    0.587501989457    0.0710    0.0770  -0.014  550
58858.248   -4.703451924186   -7.512397206710    0.1650    0.1835   0.135  433
58858.270   -0.557437643749    1.085702382397    0.3353    0.4095  -0.376   12
58865.272    0.830040491060    0.048902398930    0.3469    0.3945   0.092   12
58870.206   -0.069527456271    0.657201601939    0.0856    0.0864  -0.077  242
58870.250    0.257842979109   -0.551397621962    0.1129    0.1428  -0.439  238
58872.270    0.222468139093    0.018899979182    0.1646    0.1596  -0.256   54
58879.272    0.356454284632    0.535402787705    0.1648    0.2184   0.143   61
58883.249    0.357416441768   -0.242197199896    0.0724    0.0775  -0.235  564
58886.270   -0.072671909003   -0.315900010150    0.1605    0.1850   0.067   54
58893.272    2.723509252709    6.410300386506    4.1322    7.7619   0.986    3
58899.905   -0.633077887056    0.178603193035    0.1659    0.1478  -0.159   82
58900.248    0.028735842575    0.028702800137    0.0465    0.0952   0.179  650
58911.250    0.627575079881    0.768599980461    0.0840    0.1114  -0.337  381
58921.268    1.110506585289   -1.339898406627    0.4313    0.5021  -0.610    9
58922.379    0.081142931322   -0.529200005417    0.7305    0.6850  -0.917  120
58925.250   -0.287016972875    0.076301998320    0.0822    0.1042   0.358  516
58926.228   -0.309201936804    0.177202790042    0.5760    0.4911   0.101   15
58934.249   -0.514551853252   -1.281697205968    0.4324    0.6284   0.022   17
58935.268    0.220895942518    0.311601598924    0.1365    0.1680  -0.208   82
58939.250    0.188665555234   -0.391597205862    0.1106    0.1374   0.372   94
58942.270    0.031006137805    0.105703196596    0.1504    0.1624   0.202  148
58942.891   -0.164210355655    0.056102399526    0.2100    0.2241   0.041   77
58948.271   -0.203515687109    0.058402793002    0.2003    0.2769  -0.123   48
58954.207    0.136258466488    0.128300391111    0.0624    0.0760  -0.079  428
58960.208   -1.191127595964    4.516001985166    0.1183    0.9385  -0.815  622
58962.271    0.025679449058    0.070700386345    0.1678    0.2083  -0.227   78
58967.210   -0.004280642996    0.265802381705    0.2836    0.3336   0.424  121
58974.208   -0.061316321836    0.151199986931    0.0926    0.1018  -0.104  372
58981.210   -0.171895339266   -0.219099618448    0.1484    0.1801   0.122  170
58983.251    0.621198174783    0.312501589406    0.3281    0.2856   0.130   35
58989.230    0.594120502698    0.109501195311    0.1134    0.1023   0.471  519
58991.269   -0.030134125183    0.905201980572    0.3989    0.4726  -0.403   10
58998.270   -0.053369305462    0.045403194804    0.2668    0.2720   0.026   25
59003.209   -0.039655423431   -0.609998400591    0.2807    0.2592  -0.103   13
59005.269   -0.136608558465   -0.238500010141    0.3911    0.3404  -0.446   14
59009.250   -0.094070774644    0.421700383413    0.1609    0.3742  -0.266   73
59011.270    0.089616158100   -1.080597601799    1.4662    1.0470  -0.610    3
59016.208   -0.555079289306    0.428702398381    0.3368    0.6299   0.618   77
59017.230    1.342319963783    1.991300385384    1.2568    1.9441  -0.264    4
59023.206   -0.342480455138    0.186602400731    0.0745    0.0818  -0.093  546
59023.250    0.380213530437    0.353800777475    0.1803    0.2182   0.211   71
59025.251    0.069351337843    0.365101178090    0.2078    0.2137  -0.410  186
59026.270    0.114509508870   -0.107697607632    0.4735    0.7272   0.030   28
59032.271    0.467471393673    0.339299992902    0.3926    0.7301  -0.502   18
59037.250    1.482158889314   -0.182897997547    0.2081    0.2301  -0.292   93
59038.229    0.138178669741    0.219301185211    0.1106    0.3161  -0.019  447
59039.251   -0.087869987975    0.032601582234    0.7650    0.4700   0.550   45
59040.270   -0.259853326875   -0.413499608953    0.2227    0.2056  -0.167   70
59044.208    0.135472368200   -0.080499600585    0.0984    0.1045   0.033  156
59047.269    0.182026617374    0.218300385768    0.3268    0.2966   0.060   24
59051.210    0.181676584978   -0.203497199891    0.1150    0.1605  -0.003  108
59051.250    0.191983981514   -0.266896802259    0.1341    0.1497  -0.210  242
59058.208   -1.973303674037    0.472903201398    0.2053    0.2114  -0.154  108
59061.269   -0.698674792307    0.188701201864    0.4141    0.2863   0.382   40
59065.206    1.718166996469   -0.908596820182    0.5640    0.5210  -0.431   10
59075.269   -0.270508730089   -0.317498398772    0.6773    0.5118   0.472   21
59080.251    0.696752444175   -0.627699620281    0.0726    0.1286   0.182  352
59081.252    0.446770567105   -0.042497998720    0.1180    0.1137   0.186  354
59086.208    0.590890135632   -0.020797213551    0.1969    0.1590  -0.765  223
59089.269    0.430786389845   -3.109500011078    0.9094    0.6681   0.172   23
59096.271   -1.969373123018   -0.056498421941    1.5294    1.4135   0.582    7
59103.269    0.479086868724    0.154400396468    1.1362    0.6268   0.793   13
59107.250    0.061228262622   -0.456796814774    0.0954    0.1331  -0.215  390
59110.271   -0.514987859563    1.891303190860    1.4548   10.8656   0.927    6
59114.208   -0.126039129165    0.700401579934    0.4299    0.3687  -0.048   94
59115.231    0.183598873530    0.089200787556    0.0790    0.0771  -0.114  330
59121.206    0.406941170125    0.299800785797    0.1149    0.1352  -0.045  211
59124.271    0.651332299966   -0.389898008279    0.5082    0.3336  -0.210   31
59130.250   -0.347373163294   -0.869997603559    0.5227    0.4725  -0.033   10
59131.269   -0.538659105734    0.488901591211    0.7692    0.6217  -0.831    7
59142.208   -0.190413870238   -0.501998417235    0.3731    0.3823  -0.141   28
59145.269    0.412443917721   -0.777697215426    0.5286    0.6632  -0.259    4
59152.271   -2.512048753686    1.893401991993    0.6740    0.8970  -0.614    3
59159.269    0.202553470394    1.262102384203    0.4856    0.7847  -0.071    3
59163.250    0.260287247887   -0.424598417226    0.0731    0.0901   0.371  892
59166.271    1.407216744661    0.255902384083    0.5881    0.6066   0.429    7
59171.227    1.249297379769   -1.391799597172    2.9393    2.2183   0.764   10
59173.269    0.418120638865    0.236102388840    0.3618    0.3561   0.203   11
59180.271   -0.676313709950   -1.805198397165    0.5958    0.6756   0.192   29
59187.269   -0.029436026529   -0.401698821406    0.2483    0.3895  -0.086   34
59191.206    0.664172024495    1.232801994888    0.2821    0.2845   0.147   96
59194.249    0.444062180265    0.192301189372    0.0705    0.0706   0.338 1165
59198.208    0.203687515779   -0.432597599342    0.1378    0.1693   0.140  203
59201.269    0.340208074609   -0.103500005366    0.1831    0.1960  -0.024   31
59205.206   -5.796750082736    1.217102399664    0.2345    0.2888  -0.118  212
59206.251    0.660591565452    0.415702800183    0.0731    0.0883   0.258 1152
59206.269   -0.131279843998   -0.556797616014    0.4160    0.3252   0.380   29
59213.293    0.785058438462    0.015602392978    0.5543    0.5205  -0.174   28
59222.271    0.556475427034    0.285800388156    0.9302    0.6092  -0.117   41
59229.269    0.476292567549   -0.079200006553    0.3006    0.2333   0.338  122
59231.585   -0.490356541556   -0.798498010113    1.1235    2.0419   0.668    4
59233.206   -0.271120854828   -0.074199616051    0.2793    0.2662  -0.168   66
59236.249    0.251902080323    0.138103186487    0.0624    0.1045   0.090  710
59242.250   -0.338287871356    0.105400795292    0.1226    0.1140   0.073  437
59250.271   -0.241596769085   -0.011599220784    0.3045    0.1446  -0.039  147
59264.267    0.173553450176   -0.959400009037    0.4888    0.5626   0.009   20
59271.269    0.316624887652    0.232502401332    0.3022    0.3451  -0.396   47
59278.271    0.461706613315    0.277801180459    0.3956    0.5328   0.327  108
59285.269    0.206920027724    0.043300786956    0.3720    0.3964  -0.347   24
59292.271    0.347721110391   -0.359499617275    0.2460    0.2623  -0.255   87
59296.187   -0.145081725663    0.016502383460    0.4761    0.4772  -0.012    9
59299.269   -0.026727639688    0.297802793625    0.1497    0.2259  -0.301  158
59303.207   -0.610804863912   -0.107798416593    0.4994    0.4322  -0.375   20
59313.269   -0.090578374816    0.053301593539    0.1674    0.1335  -0.025  197
59320.249    0.249893817856   -0.763099203027    0.0445    0.0547  -0.320 1161
59320.271   -0.181328578300    0.084502798359    0.3161    0.2689   0.513  134
59327.269    0.107346505485    0.908099988806    0.3557    0.7309   0.596  221
59331.207    0.165344401040    1.807300779433    0.6324    1.0348   0.471   55
59334.249    1.714584452127    0.626302798423    0.0526    0.0506  -0.189 1132
59334.271    0.069787403734   -0.178200008349    0.3684    0.1832  -0.259  209
59341.269   -0.757282727303    0.093002392987    0.4053    0.1519  -0.099  174
59345.207   -0.129969620605   -0.050198411827    0.2433    0.2554  -0.029   87
59348.249    0.185345043655    0.114800380402    0.1459    0.3122  -0.029  519
59348.271   -0.358640691247   -0.058399211866    0.1390    0.1694  -0.236  282
59352.187    2.886845450862    4.081003183387    2.6795    2.5432   0.815    4
59353.209   -0.131541876761    0.362300397683    0.0986    0.1008   0.194  352
59362.249    0.374622783208   -0.080298008243    0.1792    0.2273   0.285  319
59362.271   -0.359250730687   -0.387000000046    0.2967    0.2935  -0.515   52
59369.269    0.007861042459   -0.363999620845    0.4201    0.4013  -0.061   48
59373.207    0.460570423051   -0.161596815929    0.3776    0.3000  -0.331   30
59375.249    0.466247144195   -0.088498808282    0.1848    0.2503   0.387  417
59375.270   -0.086821797345    0.557503202003    0.1520    0.1828  -0.333  160
59383.269   -0.030920223470   -0.038098804112    0.1824    0.2032  -0.365  152
59387.207   -0.832836996694    0.084002385847    0.5055    0.4146  -0.374   22
59390.249   -0.726362503832    0.344699986954    0.3133    0.3342   0.694  357
59390.271    0.023233094980   -0.342799197028    0.1688    0.2135  -0.311  183
59403.249   -2.868329005189    0.217601987629    0.3208    0.1163  -0.171  320
59404.249   -0.580846857158    0.214102783502    0.1690    0.1795  -0.299  373
59404.271   -0.308591897364   -1.228996808322    0.1874    0.2516   0.141  157
59408.209    0.075028118567   -0.078300016071    0.1179    0.1217  -0.004  289
59418.249    0.557697531633   -0.069199199970    0.2203    0.1968  -0.385  108
59418.271    0.253300303350    0.192200380411    0.2081    0.2115  -0.269  108
59431.249   -0.021312951307   -0.297698403529    0.3574    0.2263   0.802  159
59446.249    1.324501557184    0.730501201929    0.2227    0.2064   0.639  186
59450.209    0.031094197019   -0.050497206416    0.0930    0.1935   0.286  394
59451.228   -5.912133749108   -7.146997208451    3.9000    3.6779   0.899    3
59453.270    0.832398845504   -0.213598815435    0.2773    0.2797  -0.141  102
59460.271   -0.021312951307    0.209300378629    0.1064    0.1300  -0.185  164
59465.206    0.013363790054    0.261000002411    0.0909    0.1165  -0.081  270
59467.270    0.386764409083   -0.069796814728    0.2288    0.1908   0.016  118
59474.224    1.225278126921    1.102802380615    0.4271    0.5470   0.498   93
59474.271    0.554991230092    0.016199982156    0.2194    0.2430  -0.248   43
59478.209   -0.051358957696    0.371203202576    0.1267    0.2582  -0.346  139
59481.270    0.878081082055    0.499600795933    0.4370    0.4730  -0.052   39
59488.250    0.647139716184    0.185900395877    0.3974    0.3507  -0.077  190
59492.209    0.132501948597   -0.446896817152    0.2201    0.1907  -0.091   78
59502.272   -0.116431857002    0.037400380393    0.2075    0.1671  -0.172  150
59516.250    0.059482032917    0.449701178695    1.0967    0.5227  -0.209  350
59521.210   -1.448794456645   -0.221097610620    0.5896    0.3774  -0.030   18
59530.272    0.250155850618    0.310003184723    0.2727    0.2736   0.064   63
59534.209    0.503194180786    0.243302389435    0.1832    0.1920   0.146   83
59537.270    0.057647803579   -0.094096813541    0.0873    0.1134  -0.239  277
59542.208   -0.353662009177    0.083901602466    0.0753    0.0953   0.067  353
59542.248    0.197136637133   -0.451198809515    0.0776    0.1187  -0.116  142
59544.272   -0.191285942440   -0.267796818321    0.3554    0.4422  -0.224  131
59548.209   -0.468519524724    0.146102394183    0.1450    0.1377   0.220  172
59558.250    0.334181261489    0.014101181023    0.3410    0.1629   0.823  247
59564.251   -1.169902703871    2.089400396699    1.7413    1.3080  -0.724    9
59571.271   -0.021138918178    0.482000385205    0.1464    0.4963  -0.413  229
59576.209    1.083602886753    0.999802787760    0.9825    0.5501   0.272  253
59578.269    0.163422112488    0.080701192928    0.1873    0.2236   0.162  413
59586.272    0.165780407351    0.054701996532    0.1374    0.1798  -0.172   86
59590.209    0.110490958216   -0.011700004166    0.1476    0.1738  -0.137  307
59594.585   -4.652178880825   -2.392398010898    7.8039    7.5146   0.913    6
59600.250    0.231901437708   -0.084898820774    0.0265    0.0313  -0.075  234
59607.248    0.898693849409   -1.149199212591    0.1820    0.2633  -0.828  131
59607.270    0.480223058988    0.003301192919    0.2624    0.1788  -0.512  297
59628.250    1.427831597315    0.367300788184    0.0800    0.0540  -0.168  488
59628.272   -0.045070111812   -0.199497608833    0.1010    0.1284  -0.229  216
59634.247    0.303961221972   -0.805096814815    0.3521    0.4571  -0.246   48
59635.248   -0.123594860387    0.169200001210    0.0240    0.0784  -0.131  466
59635.270   -0.009085291937    0.185900395877    0.1016    0.1274   0.033  293
59642.250   -0.140015043959    0.083001586404    0.0225    0.0317   0.254  551
59649.248    0.317673018703   -0.216399621422    0.0625    0.1045   0.257  387
59649.270    0.104290111967   -0.214398022536    0.1453    0.1990  -0.121  206
59655.249   -0.432184672452   -0.143499599403    1.5345    0.5211   0.560   20
59656.250    0.220719824090    0.066002397148    0.0362    0.0379  -0.061  260
59667.207    0.047602380225    0.177101981080    0.0912    0.1039   0.085  217
59677.248   -0.179582408176   -0.116100000014    0.0949    0.1220   0.419  551
59677.270   -0.119140243842    0.272102391818    0.3202    0.4607  -0.595   37
59683.249   -0.294878015334    0.598201194180    0.4239    0.8497   0.180  291
59691.248    0.281688198828    0.170402392996    0.0294    0.0510   0.136  391
59696.227    5.248483704839   -0.516297609465    0.7660    0.9336   0.031   17
59705.248    0.475506409681   -0.296899222008    0.0657    0.0872  -0.367  347
59705.270   -0.495073190863    1.550203191414    0.4603    0.6103  -0.416   18
59712.268   -0.211812795460    0.359402389449    0.2524    0.2873  -0.795  216
59719.270    0.088567967469   -0.195897621325    0.3424    0.3965  -0.252   25
59723.208   -0.159579680262    0.321800391134    0.2557    0.2180  -0.224   56
59726.250    0.339336002407   -0.630900004239    0.1532    0.1281  -0.483   92
59726.268   -0.337415858734   -0.282600004198    0.3135    0.1803  -0.044   89
59733.248    0.109268794037    1.361700000757    0.5472    0.8415  -0.039  101
59733.270    0.126125043500    0.485701181674    0.2723    0.2387  -0.073   63
59738.208    0.207270119701   -2.045397604888    0.7948    1.1376   0.192    3
59739.227   -0.105776394208   -1.633197615547    6.5928    3.1455   0.742   11
59740.250    0.350603530360    0.066103180529    0.0595    0.0946  -0.155  204
59740.268    0.023407068529   -0.138600017863    0.2978    0.2868   0.141   31
59744.209   -0.557349584535    0.027302397143    0.5241    0.4421  -0.098   18
59747.248    0.391042966780    0.027802784075    0.0502    0.0913  -0.117  244
59747.270   -0.247537667871   -1.577498400707    0.2775    0.3136   0.058   88
59752.208   -0.329640730609    0.335300401844    0.2571    0.2391  -0.254   30
59766.230   -0.293393877972    1.505800796053    0.1631    0.3972   0.022  222
59767.249    0.230939220992    0.080999987517    0.1049    0.1493  -0.304   65
59775.248    0.516734029688    0.099500388728    0.1446    0.2183  -0.057   16
59779.208    0.110490958216    0.087800384563    0.2654    0.2354   0.350   44
59789.270    0.332172999022    0.485301578124    0.6864    0.7797  -0.257   21
59793.208   -0.503458298848   -0.129999614273    0.2686    0.2911  -0.103   70
59795.250   -0.267190303809    3.378599978987    0.1021    0.2053  -0.691   83
59803.248   -0.016334269237   -1.270098010764    0.4141    0.4683   0.248   47
59817.270    0.219323745942    0.116002797768    0.3766    0.4308  -0.059   27
59821.208    0.315926788999   -0.364996813573    0.2497    0.2352  -0.240   72
59824.250   -0.072409876240    0.497602778182    0.1589    0.2879   0.663  122
59829.229    4.073516344983    1.010300400139    0.7108    0.3161   0.299  340
59831.249    0.135296249772    0.123703185295    0.3896    1.9171   0.613   46
59831.270   -1.650823861513    0.913499982858    0.5117    0.5174  -0.101   22
59842.210   -0.337939924259    0.173102390022    0.6258    0.5864  -0.644   11
59845.249    1.577191880674    0.800002777623    0.0834    0.1093  -0.060  191
59845.271   -0.496995479416   -0.751899611373    0.4385    0.4272   0.309   15
59859.249   -3.479831908176   -1.666497621500    0.1153    0.1225   0.538  156
59859.271    0.268934388634   -0.240397218931    0.1693    0.2169   0.174   45
59866.269    0.194254276744    0.266101201873    0.2578    0.3253  -0.247   34
59873.271   -0.257669005560   -0.403797622539    0.2560    0.2384   0.138   11
59877.208   -0.456989964008    0.340102781138    0.3292    0.3965  -0.281   14
59879.250   -0.235133949654   -0.990298812553    0.3482    0.3850   0.604   54
59879.272    0.808903658181   -0.383799616088    0.4595    0.5443  -0.458    5
59884.206    0.275399352945    1.220101191279    0.6345    0.9703  -0.278    3
59887.271    0.230415155467    0.023399982751    0.3184    0.3818  -0.139    6
59893.268   -0.678410031631    0.579401998380    0.3998    0.5082  -0.504   10
59905.208   -1.464866693120    0.653900383440    0.5089    0.3548  -0.033   20
59926.206    0.272690906525    0.043801199467    0.1839    0.3435   0.211   14
59948.209   -0.233823726261   -0.129898805312    0.3370    0.2770  -0.381   16
59954.206    0.518130167415    0.378802781142    0.3520    0.4033   0.075    6
59957.271   -0.293043785995    0.358199997663    0.2619    0.2401   0.171   37
59961.208    0.004628590093    0.056102399526    0.2316    0.2546  -0.089   13
59964.269    0.626176856853    0.284601577505    0.2169    0.2433   0.143   19
59971.271    0.021048773665   -0.117698414215    0.3734    0.3666   0.387    7
59975.208    5.638566540202   -7.080598814468    4.7248    3.4318  -0.692    4
59978.269    1.080458434021   -0.182700011919    0.4863    0.6785   0.572    9
59984.248   -0.377245255714   -2.220598821623    0.3976    1.0271   0.617    8
59985.271    0.845500602795    1.244501999054    0.4334    0.8056   0.528   12
59996.206    0.500225846482    1.242601183549    1.2208    0.4321   0.393   14
60024.206   -0.896075607082    1.620302381866    1.2949    0.9745  -0.144   11
60032.227   -0.331563019162    0.293000388751    0.9221    0.6127  -0.663   10
60052.207   -0.060006158022    0.114800380402    0.1783    0.1834  -0.049   71
60055.249   -0.776673330477   -0.129099598212    0.0225    0.0237   0.247   61
60059.208    2.624285882026    0.641300388793    0.3450    0.4633   0.057    5
60087.208    0.783486241886   -0.047998801733    1.5763    1.2885   0.288    5
60090.269   -1.143261038098    0.739000796557    0.8144    0.6747   0.195    4
60096.270    2.530127048168   -0.971398807792    2.5561    1.2990  -0.934    4
60101.208   -0.505466561315    0.658799990561    0.7770    0.5925  -0.484    5
60108.207    2.216208462056    0.529102777591    3.5388    0.7361   0.043    4
60118.269    0.070225495345    0.462801585854    0.3327    0.4658  -0.091   23
60125.271   -1.442419696427   -0.227797198704    0.3686    0.3662  -0.214   48
60167.249    1.225102068073   -0.738997215421    0.0590    0.0709  -0.081  207
60173.250   -0.448780914872   -0.006199201152    0.4013    0.3662  -0.129   14
60188.269   -0.332785123761    3.311402377904    1.1092    1.4487  -0.092    8
60195.238   -0.748373494213    0.173001581061    0.6328    0.8303  -0.544    4
60208.249   -0.826374117683    0.992800798372    0.0932    0.1482   0.349   36
60223.249   -0.326496277878   -0.354297608851    0.0900    0.0924  -0.167   71
60230.251   -0.280816186205   -0.140598010034    0.0747    0.1535   0.047  123
60237.271    0.246837483918   -0.102798000512    0.2373    0.3306  -0.279   33
