%-----------------------------------------------------------------------------
%                R.A. (mas)        Dec. (mas)        Err. (mas)     Corr. Del.
% Uncertainty in R.A. is in R.A. cos(Dec.)!!!!
%-----------------------------------------------------------------------------
48766.383   -1.672576910233   -0.022100414299    3.3549    1.9488   0.167    5
49534.544 -225.463785143147  539.648697593975    0.3640    0.8189  -0.131   14
49629.086   -0.288823052793   -0.725500811427    0.5390    0.4741   0.266    7
49741.170    1.035972981041   -0.706899601255    0.3654    1.0372  -0.294    6
49895.086   -2.193954900739    2.771499586629    0.9580    1.3555   0.295    8
49896.281    0.434462933676   -1.845601201467    0.5013    1.0650  -0.007    8
49897.336    0.229163357933   -1.100800807308    0.3442    0.8778   0.657   43
49897.395    0.033224140217   -1.094900400744    0.6301    2.0028  -0.354    4
49909.115    0.892556649991   -4.181702408346    0.5973    1.5456  -0.098   77
49911.329    0.231386907767   -0.373500014916    0.3722    0.5150   0.018   46
49917.253   -0.070069987168   -0.774500412604    0.6970    1.3029   0.572    5
49931.250   -0.298649409923    3.298899585502    0.9138    1.9458   0.782    5
49946.334    0.727848149614   -0.048002408448    0.2619    0.4082  -0.121   21
49960.334    2.719664767845   15.506697596379    0.7313    2.5565   0.462   45
49973.250    0.225070066490    0.244000787575    0.4962    0.8913   0.407    8
49979.083    0.085045155630   -0.015501609596    0.8505    2.4370  -0.069   34
49979.086   -0.241679264001    0.173897990408    0.4444    0.8209   0.021    4
49982.081    0.023630782639   -0.230799597034    0.3151    0.4954   0.249   53
49986.085    0.372697625058    0.131000388137    0.2511    0.3421  -0.043   55
49987.253    1.589053273595   -2.143202402749    0.8139    2.6792  -0.179    7
49993.167    0.032873204591   -0.355201206048    0.2287    0.2981  -0.169   42
49996.085    0.812775528758   -1.100199611415    0.3217    0.2950  -0.252   86
50000.085   -0.084809443070    0.454399193472    0.3107    0.4182   0.040   35
50001.250    1.835648508964   -9.201700802919    1.8273    6.5407  -0.922    6
50003.083   -0.503831049592   -0.140000395277    0.3757    0.3395   0.328   67
50015.250   -0.631221958720   -1.429401595487    0.5716    1.0602   0.214   14
50029.250   -0.056383338146   -0.353199607162    0.4249    0.9148   0.043   20
50029.253   -2.086449545835   -9.747100816071    0.2747    0.5956   0.206   10
50035.002   -1.250045947446    0.462398401169    0.4317    0.4902  -0.563   60
50038.085    0.037550431213   -0.133300807192    0.3127    0.3602   0.057   18
50043.250   -0.065625600510   -0.309801617959    0.3291    0.6897   0.069   14
50048.999   -0.256536655978    1.161698398278    0.7422    1.4116   0.174    9
50085.250   -0.702111753216   -1.845100814535    0.7227    1.5166   0.138    4
50099.254   -0.170789629094   -1.160600396588    0.8966    1.7651   0.175    3
50106.252    2.235601495992    1.090800000725    0.8239    1.6158   0.320    3
50108.082    0.007136648605   -0.105699615460    0.2685    0.4255   0.207   39
50112.085    0.665967777518   -0.008402417961    0.2630    0.3359  -0.246   16
50119.083    0.033808075396    0.177098399945    0.7187    0.6783   0.540   62
50122.662   -0.747382927800    3.785597985484    0.9661    2.9180  -0.024   21
50129.084    0.283559018395    1.356699584676    0.4086    0.6774   0.162   19
50136.085    0.068082149895    0.378899983389    0.1991    0.3505  -0.110   15
50149.333   -0.385331467201    1.397700003736    0.4921    0.5032  -0.334    4
50153.877    0.392701115357   -3.294201596304    0.7722    3.4701   0.350    4
50155.250    0.469674751578    2.620198790737    0.4887    0.9057   0.251    9
50170.335    0.155584014500    0.197297998739    0.5227    0.4390   0.176   12
50190.252   -3.896945593580   -3.562300815929    3.1298    3.0828   0.883    3
50197.250    0.086215898585   -0.156999610113    0.2482    0.4731   0.173   13
50225.250    0.727382150510    0.864799201850    0.8470    1.4521   0.667    3
50233.337    1.562030911177   -0.224701204843    0.8944    0.4494  -0.338    6
50234.418    0.036031625229    0.294400791745    0.1745    0.2223   0.264   36
50238.085   -0.023044134452    0.401500784619    0.2101    0.2454   0.149   36
50239.250   -0.789613458232    0.153500405986    0.5736    1.1350   0.054    9
50262.086   -0.104930869444    0.094697983855    0.1321    0.1893  -0.013   14
50267.250   24.703321867119  -87.258902414078    8.3938   30.9845  -0.993    3
50276.166   -0.032050524666    1.249999195352    0.2961    0.7190   0.444   27
50276.166   -0.305432409893   -1.363201212712    0.2326    0.6659  -0.334   85
50282.335    3.691881889986    2.396998797849    1.6252    1.2319   0.388    3
50287.083   -0.091244220422   -0.360500416718    0.2407    0.3650  -0.228    9
50290.086   -0.116511904707    0.315799201189    0.1513    0.2419  -0.029   30
50302.252    0.406623636528    0.903700794197    0.9600    1.3976   0.528    6
50322.085   -0.073930279060   -0.111902397748    0.2463    0.8137   0.106   41
50323.250   -0.924374175105   -2.953799994998    3.2973    3.4519   0.926    4
50324.332   -0.194653411285    0.571298400587    0.2301    0.5445  -0.690   75
50324.335   -0.133356974367    1.166598005398    0.8810    1.5169  -0.126    4
50349.874    0.312686994572    0.459298800592    0.3602    0.5806  -0.196   13
50355.334    0.178628148952   -0.775800006636    0.1311    0.3191  -0.074  169
50364.085   -0.323799158134    1.208498389360    0.5084    0.6319   0.122   18
50365.254   -0.555419065453   -1.472702408023    0.7257    1.0737   0.491    5
50366.956   -0.055799402968    0.207900001215    0.3972    0.4090  -0.123   29
50379.251    0.744578155797    1.575399599574    0.8132    1.2366   0.507    4
50387.334   -1.018776975754    1.995598796611    0.1086    0.3533   0.053   47
50395.322    0.778032422969   -4.241001610694    0.2630    1.1974  -0.619   30
50396.333    0.368955109652    0.589399198248    0.2477    1.3149   0.166   16
50399.164   -0.358660040409    0.176698796395    0.1757    0.8545  -0.159   41
50401.323   -0.436683610913   -4.717202398297    0.3855    1.6740   0.198   24
50402.323    0.413291413432   -1.748199613871    0.2140    0.6013  -0.080   71
50407.247   -0.370592011299   -0.808599600077    0.8455    1.5530   0.503    3
50409.417   -0.092061155152    0.337798806527    0.1438    0.2650  -0.035   27
50413.168    0.147863430717    2.327500803290    0.2789    1.1937   0.079   17
50420.166    0.132890815675    1.388998791185    0.4377    0.6025  -0.206    9
50421.251   -1.252617560309   -3.089502004627    1.1027    1.9014   0.460    3
50422.332   -2.582677788129   -1.754701216328    0.4262    1.6580  -0.717    7
50448.254   -6.696857481762   -5.722599610181    3.1085    3.3815   0.883    4
50457.272    0.259111141438   -0.265802407284    0.5946    1.3663   0.198   10
50471.272   -2.982866487717   -0.629402398999    0.3405    0.8762   0.386    7
50477.251   -0.116511904707   -0.690400798931    0.3196    0.7595   0.359    8
50485.907   -0.356669490128    0.126899988118    0.4426    0.4633  -0.331    6
50490.082    0.492954598590   -0.035701208390    0.5100    0.7835   0.201   22
50491.251   -0.126102389688    0.545097586269    0.3210    0.6794   0.128   12
50491.251   -0.067380438231   -0.958499992976    0.6091    1.6115   0.311    5
50492.825    1.082296962505   -0.597700807248    0.2156    0.1661  -0.473   22
50500.083    0.280636310317    1.550199584699    0.5308    0.9865   0.374   14
50505.251   -1.105340937368    1.084798785200    0.2998    0.6397   0.274    7
50519.251   -0.569338714027   -0.089301596518    0.4550    0.8758   0.029   10
50531.998    0.479852044335    0.737697595810    0.5808    1.0590   0.608    5
50533.251   -0.078141506578   -0.305402397771    0.3887    1.0161   0.451    7
50533.251    0.389778407279   -3.640600806420    0.7870    1.9217   0.458    5
50539.172   -0.241328328375   -1.097802015693    0.2425    0.4236  -0.008   54
50541.272    1.376619921844    0.539798401178    0.9597    2.7374  -0.843    3
50546.002   -0.851143054290   -3.279402017142    0.8536    1.9003   0.469    6
50547.251    0.387203921819    0.183898796990    0.2886    0.6883   0.177   10
50547.251   -0.152540657339   -0.819201602553    0.7221    1.6112   0.363    3
50569.272   -1.270400373372    3.582597591389    0.6672    1.3332  -0.371    5
50575.251    0.192432734048    0.516700794151    0.4861    0.7965   0.423   10
50583.272    0.993158355842    0.735300000088    0.3931    0.9316  -0.021    8
50588.082    3.218933494703  -13.203000011686    0.1950    1.2284  -0.518   28
50589.251   -0.797918136782   -1.257699608459    0.2963    0.6403   0.267   12
50589.251   -0.494706563714    0.208799991697    0.6903    1.3864   0.574    7
50603.251   -0.037314718652   -0.159800416100    0.2800    0.6377   0.213   10
50617.251    0.785753166340    0.488199586357    0.3374    0.7484   0.338    8
50631.251   -0.934315595713   -0.676601993632    0.5362    1.1152   0.110    4
50639.272    0.947421022565    0.166500004184    1.4164    5.2980   0.765    3
50645.251    0.011114876571   -0.038800808966    0.3424    0.9199   0.389    7
50646.811  -14.265684028448  103.447799983769    6.7066   18.9195  -0.725    4
50654.331   -3.402006030314   11.301498003036    0.1702    0.5840  -0.386   58
50659.251    1.004624168039    1.133600400749    0.4209    1.8009   0.357    4
50665.168   -0.146574751688    0.961300798963    0.9059    3.7507   0.667    5
50673.251   -0.260629947421   -0.789699595316    0.3620    0.6749   0.561   10
50686.959  -73.414167976411  -15.179601601290    3.4123    6.7848  -0.108   14
50687.251   -0.985201899910   -0.678499202422    0.3318    0.7857   0.170    8
50700.090    1.268412695688   -3.477999609913    0.3783    1.1380  -0.803   36
50701.251   -0.025851619464   -0.231101998338    0.3325    0.7685   0.091   10
50715.251    0.627597379389   -0.260402413232    0.4227    0.6690   0.137   10
50728.167   -0.303211573068    0.066099599394    0.5046    0.4425  -0.065   17
50729.251   -1.926188145124   -1.970802017581    0.4922    0.7646   0.474   16
50742.167    0.159677305943   -0.212000401234    0.5273    0.5531  -0.082   14
50743.251    0.390244565972   -1.783501193131    0.5054    0.8414   0.095   12
50757.251   -0.375971109174    1.807999203152    0.4332    0.8055   0.079   12
50770.002    0.476109528930   -0.277099201185    0.4411    0.5942  -0.203   11
50771.252    0.534129609134   -1.646499615049    0.5000    0.8267   0.494    8
50773.085    1.330295940381   -0.593499598267    0.6825    0.7733   0.079   21
50777.001    0.822719662375   -0.201902417984    2.1499    1.0453  -0.507    3
50800.340   -0.272679854385    0.553899582201    0.0902    0.2403  -0.331   64
50813.168    0.100368706299   -0.465800403049    0.4575    0.6752  -0.044   14
50827.252   -0.006550000418   -0.350600393517    0.6275    0.9616   0.075    5
50835.273   -8.790561612275   -1.717502402698    5.2336    8.2935   0.042    8
50840.167   -0.145053073108    2.317100393157    1.1694    4.5037   0.770    4
50854.079    0.238638779438   -2.644401612883    0.2466    1.0825  -0.759   58
50863.707   -7.516418723498   22.584599994957    2.7454    6.2292   0.060   10
50869.252    0.014506456350    0.257097588019    0.4607    0.8980   0.288    9
50869.252    2.159214667546    2.921900392039    0.6834    1.2865   0.554    7
50883.252    0.023161910938    1.290499201900    0.5422    1.1191   0.349    5
50883.252   -0.678716683138   -0.172400410747    0.6184    1.2251   0.587    6
50895.999   -0.253378235339   -0.883299603061    0.5727    1.0912   0.093    6
50897.252    0.014388520275    0.746798386331    0.4280    0.7532   0.581    8
50897.252   -0.556704871884    1.238997589326    0.8035    1.4460   0.315    3
50911.252    0.179097020653   -0.333899998850    0.4834    0.9170   0.398    7
50919.324    1.319416776370   -3.088101601634    0.2113    0.9005  -0.629   44
50925.252    0.343805361442    0.281998782725    0.5997    1.1768   0.199    7
50926.271   -0.055097531715    0.741999588172    0.4114    1.0945   0.378    8
50939.252   -0.274083596891    0.227599187497    0.6274    0.7619   0.714    7
50939.252   -3.840913191060   -1.837900813939    4.6296    5.0557   0.965    3
50940.271    1.480613047886    0.088397999320    0.8573    3.0869  -0.645    4
50953.252   -0.027957233223    0.136497584435    0.6466    0.9390   0.656    7
50953.252    0.221911486263    5.105098782110    0.9875    2.3349   0.105    3
50967.252    0.214892773733    1.405900803775    0.6514    1.2935   0.511    9
50981.252    0.681058169046   -0.050101209581    0.7633    1.0479   0.819    8
50981.252   -3.623097709249   -1.332100816853    3.7203    4.4256   0.944    3
50982.271    0.018599747793   -0.658299603629    0.2449    0.4409  -0.014   24
50989.324    0.793473750123    1.876697990610    0.1942    0.5679  -0.366   46
50995.252    0.301456894935    1.149098403630    1.1569    1.7473   0.650    5
51007.959   -0.992571548067   -0.889801205517    0.6089    0.9770   0.331    9
51009.252    0.117682647661   -0.165999617252    0.9493    0.9411   0.754   12
51009.252    0.912678076365    0.495698407121    0.8146    1.4106   0.245    5
51010.271   -0.250570750327   -0.562302000162    0.3727    0.4213  -0.015   14
51023.252   -0.615780631565   -0.488199611937    0.4904    0.6707   0.605   10
51023.252   -0.310230445187   -0.425901617973    0.7410    1.3448   0.466    6
51024.268   -1.330411003858    7.036397985871    0.7629    3.2851  -0.404    3
51036.087    1.897879976275    1.892397585834    0.0859    0.2103  -0.356   67
51037.252    0.615898567640    1.378097994120    0.6457    0.7341   0.682    7
51037.252    0.735102734293    2.849097597846    0.9597    1.5693   0.399    4
51049.999   -0.952800280029    1.279299584667    0.6364    1.0288   0.383   11
51051.249    1.463184043047    0.848498385153    0.9333    1.2785   0.345    6
51051.252    0.161667856225    1.909799985356    0.7009    1.4052   0.315    5
51065.252    0.163888693050   -0.510501592998    0.4848    0.7536   0.464    7
51065.252    2.769262233424    4.828798788026    0.6513    1.1576   0.430    6
51072.250   -0.689828846700   -0.339199209520    1.0821    2.5861   0.809    4
51079.249   -0.395508600369   -0.541101601925    0.4832    0.8811   0.329   10
51079.252   -1.553959391767   -2.598699597911    0.6116    1.1580   0.350    4
51085.001    0.350588361411   -0.064501210773    0.5182    1.0447   0.506   12
51086.254   -0.158506722578   -1.326301193671    0.8581    1.2431   0.717    6
51088.084    0.118266582839   -5.522702397798    0.2333    1.3933  -0.585   21
51091.999   -1.000994162691   -1.934600396680    0.4819    1.0104   0.573   12
51093.252   -0.614258952985    3.966098387309    1.1875    3.6913   0.365    3
51093.252    0.868223836511    1.977998385883    0.6134    1.2546   0.407   11
51094.271    0.379014466335   -0.651099603033    0.4566    0.6406  -0.120   22
51100.250   -3.303041066521   -1.231401617474    2.8571    3.1509   0.888    3
51107.249    0.997136583808    2.832598795521    0.7600    1.6303   0.480    5
51120.000    5.014339150920    6.826698003692    4.8579    4.6561   0.944    4
51121.249   -3.615141253317   -0.259902000721    3.6050    4.0815   0.949    3
51123.353    0.892087778290    1.508997598876    0.7576    3.5440   0.541    7
51128.251    0.069721764550    3.336699595025    0.6627    1.3478   0.270    6
51130.457   -0.150668043132   -0.453301217362    0.4025    0.5927   0.177   18
51135.249    1.456867042181    2.073999596064    0.9574    2.1773   0.643    4
51149.249   -0.335029098182    0.239799604174    0.5725    1.5609   0.319    4
51149.249    0.451075003785    1.531299605517    0.5971    1.1305   0.351    5
51155.001    0.206352382622    1.068098390533    0.7984    1.5601   0.785    7
51163.249    8.068682081321    8.708000387969    3.1219    3.9104   0.953    3
51164.271    0.058842760129    0.274798782129    0.4588    1.0295   0.010    9
51169.166   -1.583202431421   -6.984701994384    0.2601    0.6659  -0.059   28
51170.251   -1.375095370667   -2.424499206199    0.6475    1.5161   0.450    3
51176.164   -1.261977918336   -6.759701994952    0.6541    2.3555   0.285    8
51191.253   -0.710065336551   -0.478299614315    0.7353    1.3014   0.521    4
51198.251   -0.177690405550    2.811297588323    2.5165    2.8495   0.902    8
51207.042   -0.435981739660   -1.476100803188    0.5157    1.3388   0.204    5
51211.086    0.036733496482    3.288297583026    0.7582    3.6392  -0.656    3
51212.251    0.035329753976    6.255500386487    1.1405    2.7732   0.104    3
51214.000   -4.800732183619  -11.666800799048    1.6192    2.6196   0.500    3
51219.249   -8.351185579828   -4.776699611853   16.6316    4.6879   0.900    3
51219.249    0.810436755859   -0.604699215501    0.5681    1.2941   0.383    5
51221.002  -20.381619047911   -5.069700000604    1.8261    1.0213  -0.343    5
51227.891  282.349883817858  -32.480499595522   23.5272    9.7811  -0.162    3
51228.000    0.258176270633   -1.391000415651    0.4690    0.5380  -0.332   11
51233.253   -2.054865020273   -1.907100013909    3.2860    3.6895   0.942    3
51240.251   -1.018659039680    0.665798398813    0.6015    1.2767   0.218    6
51246.084    0.009242262363   -3.706999200404    0.2740    2.1742  -0.506    6
51247.245    2.758268005937    0.633499192304    6.9904    2.1485   0.785    5
51247.249   -0.192898733152    0.166697989812    0.6148    1.2421   0.218    5
51253.082    0.115927809940    3.707297994993    0.8672    1.4499   0.292    3
51254.251    0.614963696835    0.827398795877    0.6325    1.3877   0.041    4
51261.249    0.906361235088    0.254300388747    0.7147    1.4368   0.615    7
51268.251    0.114992939135   -0.764899209571    0.6184    1.3253   0.054    3
51275.249   -0.510265826943   -0.938599214351    0.8584    1.3119   0.531    4
51276.268    0.747267704734    0.280699188693    0.6782    0.8711  -0.136    8
51282.251   -2.522433998503   -3.488799598017    3.0731    4.2505   0.932    6
51284.084    0.669828069409    0.819698382770    0.1782    0.5418   0.191   52
51288.084   -0.562204778431    2.194898394237    0.5343    1.0693   0.609    6
51289.249    0.058140729287    1.324900790678    1.6358    2.3941   0.518    3
51289.249    0.196526025492    1.315497598853    0.6859    1.2231   0.434    4
51290.268    0.762591095814    0.564998390473    0.7112    0.8751   0.053   11
51302.084    1.500265602558    4.161999589769    0.5054    1.1791   0.506    7
51303.249   -2.445460362282    0.676800004840    7.5370    2.2377   0.900    5
51309.086   -0.409428248943   -0.974800809672    0.5515    0.8037   0.512    7
51310.251   -0.488156563297   -1.145300404914    0.6931    1.2123   0.382    7
51317.245  -10.827413532942   -0.543902407912    9.2380    2.4936   0.886    4
51324.251    0.118033583287   -1.399500010280    0.7307    1.3093   0.296    4
51331.249   17.202462406851    1.889200783012   15.8470    3.6359   0.887    3
51331.249    0.400539635214   -1.661601595515    3.5035    3.8401   0.933    3
51338.251   -0.149500172775   -1.183600801369    1.7960    3.2928   0.915    4
51344.080   -1.136223751266   -3.435299993271    0.5221    1.2195   0.698    8
51345.249    1.590692888250    0.913399199476   18.9306    4.7654   0.932    3
51345.249   -0.670294228102   -0.580802401373    0.6803    1.3607   0.501    6
51351.086   -0.798853007587    0.387799207147    0.2988    0.8549   0.154   71
51352.251   -0.792772038459   -1.626800403187    0.6118    1.2736   0.333    5
51359.249  -10.039321593702   -0.418399216073   21.6458    7.5015   0.919    3
51359.249   -8.063297397840  -10.477400400077    3.9972    4.8540   0.934    3
51366.251    4.757684558868    3.631698001527    4.9837    6.2698   0.972    3
51373.249   -0.754519576405    0.956397585128    0.5003    0.6651   0.097   16
51373.253   -3.263617861512   -3.190701616518    0.8458    1.4780   0.564    4
51387.249   21.412799579264    2.986797599647    9.4263    2.8539   0.763    5
51387.249    1.255660917470   -0.578199606593    0.7009    1.2748   0.377    5
51388.268   -0.771128773916    0.484999202399    1.0672    3.7075   0.116    5
51393.082    0.443705196040   -1.683000004959    0.2002    0.7111  -0.350   60
51394.251   -0.001052806879   -0.231800396477    0.7152    1.3760   0.437    7
51401.249    0.804939721909   -1.412402406231    0.6320    1.2067   0.515    6
51415.249    4.195830716064    0.553298386308   10.5482    3.1961   0.812    5
51415.249   -0.075567021118   -2.398802411108    0.7990    1.2940   0.533    6
51429.249   11.624281575853    5.815000781695   10.1480    3.4301   0.732    5
51429.249    0.625022893929    2.618798387743    0.7925    1.3811   0.322    3
51436.251    0.544657837517    1.064498403025    0.7165    1.6236   0.426    4
51442.084    1.703695436691   -0.424400406018    0.4949    1.2316   0.512    8
51443.249   -0.958766345268    0.363499182754    0.7647    1.8144   0.456    3
51449.166   -3.338134948348    3.338398792607    1.2440    6.2085   0.707    3
51457.249   -9.293926503175   -3.323199609895   24.6140    7.1943   0.965    3
51457.249    0.765165581274    1.072400382895    0.6217    1.3078   0.459    5
51464.251   -0.071706729226    2.308899593118    0.9492    2.3325   0.703    4
51471.250    4.111956143798    9.106300788631   11.1698    3.5826   0.760    4
51477.083   -2.576127787712   18.982699188541    0.7405    4.9001  -0.436    3
51478.251  -11.145364561911  -15.707199611370    4.5157    5.9230   0.939    3
51484.084    0.533663610030    0.833500794784    1.2918    1.1786  -0.200    7
51485.250    5.576310929799    2.428300786050   10.5962    2.7458   0.773    5
51486.272    1.031646530457   -0.224100008950    0.4919    0.8124   0.167   23
51487.291   -2.996435200665   -0.835901997220    0.6168    0.6035   0.029   12
51491.126    0.339358261775    0.424900792950    0.5809    0.5740  -0.401   17
51493.292    0.789262522605    1.020700784693    0.4310    0.6094  -0.247   38
51494.333    0.609817438923   -0.069800395863    0.4445    0.5730  -0.328   41
51498.084    0.466867266566   -0.399599994694    0.3555    0.5168  -0.124   18
51499.250    2.306140354861    1.020499192350    1.4555    1.6169  -0.464    5
51499.250    0.843543119590    0.155098794608    0.8225    1.8905  -0.107    3
51513.246   15.442032696386    4.369499987433   15.8048    3.4654   0.932    3
51533.086   -0.257940398484    3.172399200935    0.1606    0.4171   0.024   60
51541.250    1.493364826103   -1.480701615719    9.6736    2.6089   0.729    5
51542.269    0.217116323566   -0.167000416695    0.5767    0.6840  -0.024   20
51556.269   -0.306485216772    4.207499986819    0.9695    4.0065  -0.178    8
51575.072   -0.360414718542   -1.329800397798    0.2669    0.5349  -0.158   41
51578.001   -1.268878694791   -0.138499208902    0.5652    0.6234  -0.315   14
51582.085   -1.052231242926    0.894200400126    0.7439    0.6242  -0.466   12
51584.999   -3.869339295984   -4.360301994666    0.5705    0.5562  -0.534   17
51589.083   -0.975844414481    1.410299998383    0.5695    0.7928  -0.212    8
51617.079    0.096508254819    0.600498006520    0.4114    0.7896  -0.266    5
51625.250    1.900221462183   -0.211500014302    5.2530    0.5563   0.699    9
51653.246   -5.496527095558   -1.128902411551    4.2240    0.5299   0.653   10
51687.087    6.470970480541   30.214800005979    1.1947    6.8080   0.763    4
51715.708   -6.835009618825   55.626199198855    6.2514   15.8287  -0.417    4
51723.246    8.827413044832    1.410699601934    5.1317    0.8288   0.732    9
51723.250   -0.893957679489   -2.724001197407    1.0283    1.8345   0.375    3
51732.286   -0.546527738716   -4.960501206597    0.2280    0.6574   0.173   35
51736.227    7.673173480952    0.147200395872    6.9087    1.0098   0.805    9
51778.224    5.803483737451    0.568299583392    4.5725    0.7162   0.686    9
51806.228    6.562214700963    0.338997591598    9.7978    0.9825   0.792    7
51813.226   32.659818494317    2.020899594868   16.7219    1.6210   0.924    5
51827.083   -8.410963051173    3.522499181940    1.9638    3.7231   0.612    8
51841.083    2.104350135383    2.836997990130    0.2264    0.7440   0.626   27
51848.228    5.208408627027    0.120898798173    6.8765    0.7467   0.701    9
51876.228   10.630070413131    0.961498784591    5.8423    0.6522   0.672    9
51883.083   -0.025031812136   -0.428799600627    0.1192    0.4507  -0.032   54
51890.228    8.867420025430    1.604998783478    9.9752    1.1506   0.623    8
51897.084   -0.398316085381    2.579000386049    0.6248    1.6577   0.392    4
51918.085   -0.452593809768    0.393400793541    0.8422    1.3619   0.530    5
51933.251   -0.774989225396    1.689800402005    1.5042    3.4415   0.872    3
51939.084   -5.922101415506    9.287398805213    1.2904    2.6444  -0.964    7
51953.080   -1.518278702165   -0.120700812545   12.5006   13.1184   0.993    4
51955.268   -1.490672404568    5.902700382876    0.5004    0.5529  -0.370   17
51959.709 -190.182098814833  749.330798396386   17.6383   39.2037  -0.934    3
51960.082   -0.190911055468    0.216899982775    0.5392    0.7290  -0.066   26
51974.224    0.559633165568   -4.439102397669    0.7183    0.9391  -0.053    5
51981.080   -0.063986145443    1.066100398361    0.1429    0.5042  -0.360   61
51988.082   -0.381937174413    2.375798399612    0.5650    1.8443   0.202    3
52009.168    0.378430531156    0.632397583900    0.1361    0.3708   0.238   57
52016.228    1.533604965842    3.360798001495    0.6132    0.8764  -0.049    7
52037.226  -42.135646790148  -37.119402003327    4.3911    4.0537   0.515    3
52039.272   -1.092474095673   -5.666299199447    0.1784    0.4426  -0.619   24
52051.226    0.230334100887    0.887198385158    0.5171    1.0182  -0.222    6
52054.079   -0.603264725497   -2.966299206264    0.9660    1.7205   0.398    3
52065.080   -0.445342097686    0.257698783912    1.3614    2.1127   0.649    3
52072.228   -1.174709053283   -1.030701616855    0.5365    0.8701   0.344    5
52074.708  -32.083225195611 -192.715200009275    6.7348   10.0378   0.191    6
52081.264    0.733814214853   -0.077299216628    0.5343    1.0253  -0.433    8
52086.225   -4.288478678991   -9.087901196381    1.7676    7.2334  -0.675    4
52096.083   -0.282506211516   -0.355600809598    0.1658    0.7278   0.093   58
52100.225    6.928713261230  -34.216902002981    1.9935    7.8593  -0.749    4
52107.226   64.835691652856  -19.181800800538   13.7163    2.9804  -0.318    3
52142.228   -1.477454627247   -1.563199208476    1.5256    1.2990   0.211    6
52149.227    0.864248481142   -1.345302007394    0.3773    0.8902   0.229    8
52163.227    6.626672431116   -8.192699996812    1.2071    1.8484  -0.180    4
52193.290   -2.252561629130   -1.189202413343    1.3828    0.7041   0.104    3
52198.166    1.496054375040    1.956700785399    0.7412    0.5312  -0.058    5
52205.227    2.621985770072    8.799497987866    1.0761    1.4222  -0.054    3
52212.082    0.505001632957    0.982198795896    0.1806    0.7997   0.401   40
52247.227    0.002341485908    0.676097999985    0.6811    0.9313  -0.102    6
52255.248    0.652163192421    2.191899602622    0.4096    1.0581   0.304    3
52291.250   -0.171609276833   -0.643899602437    0.1713    0.7761   0.037   39
52299.271   -1.366321980004    0.119998782111    0.7229    0.4994  -0.569    8
52313.268    0.182839376470   -0.087699601181    0.8875    0.5371  -0.712    5
52327.271   -0.220855966375   -0.051102009024    0.8003    0.5756  -0.673    5
52340.245   -1.219865164390    1.389797998286    0.1606    0.5709  -0.377   34
52341.271   -0.627945602007    1.041998385176    1.0100    3.9500   0.810    3
52355.271   -1.935312471413    1.743497992379    3.5696    3.1461  -0.986    3
52369.271   -0.839211083400    1.071799187002    0.9040    0.6341  -0.459    4
52376.270    0.214659774181   -0.807001211456    0.4802    1.1907  -0.011    3
52403.251   -0.975844414481   -0.637200014353    0.0929    0.2847  -0.054   47
52421.710  464.828162209990  117.547099196713   19.7739   12.0198   0.414    3
52465.226   -0.937942888053    5.659397993441    0.9386    2.6896  -0.780    7
52471.688  -32.616535157006  168.241499989108   10.6731   15.0919   0.349    4
52480.253   -5.810266737421    3.317198394370    0.2219    0.3801   0.112   12
52492.708  272.502408150429  133.200197981864    9.7903   12.2929   0.315    3
52543.244   -0.258524333662   -1.386399603120    0.1922    0.4204  -0.226   30
52556.228    0.168801791821   -0.370900801272    0.4189    0.3284  -0.149    9
52584.228   -0.506871534156    0.347500792941    0.3494    0.3743  -0.079   13
52591.223    0.137335202333    0.115700396464    1.4092    1.0488  -0.857    5
52596.997   -2.101890872989    1.491800398412    0.6225    0.4397  -0.540    6
52598.225    0.555421778461   -0.126900013697    0.6399    0.6308  -0.155   12
52599.244    1.700652079530   -0.276299994084    0.4904    0.3394  -0.494    6
52620.246   -0.291512761319    2.894299200307    0.1955    1.4239   0.109   26
52626.225   -1.411478091111   -4.166499593339    1.2029    3.0814   0.270   16
52660.124    0.046674917090    1.099997993492    0.7848    1.0417  -0.190    3
52662.227   -1.795520719694   -0.078800403003    0.7512    0.9581  -0.568    5
52668.221    1.940579378408   -1.787702402112    0.3075    0.3522  -0.327   10
52669.244   -2.100136194857    1.179900004900    1.4390    0.7740  -0.568    5
52675.227   -0.250685813805    0.292298383897    0.3117    0.4202   0.032   11
52711.248   -1.553372583992    1.635598792404    0.1689    0.4175  -0.694   37
52767.244   -0.120956131777    0.267897601702    0.1001    0.1994  -0.041  186
52780.225    0.048078659596    0.521297999967    1.4789    0.7440   0.692    7
52780.229    0.913963882796    2.109200391942    0.8559    3.0777   0.130    5
52780.587   17.896738353218  -33.856901998774    3.1462    5.3288   0.351   17
52807.586   87.482276045085   23.755399183756    5.5834    9.4416   0.418    9
52809.248   -0.147043623389   -0.047001609005    0.1897    0.2793   0.021  139
52830.246    0.011931970890    0.531900002443    0.1327    0.2232   0.068   92
52872.433    0.292919216833    1.685300398435    0.2634    0.8352   0.479    4
52892.583  369.278259603473-1008.907099202361   11.4363   31.5298  -0.180    3
52900.250    0.502079084468    0.514299591714    0.0703    0.1812   0.086  104
52921.241   -0.805287944527   -0.274302001912    0.4645    0.3875   0.000    9
52955.224   -0.111362933787    0.685098007125    0.6614    0.7226  -0.236    9
52955.582   73.002987762344 -144.017099992766    4.7299    8.3453  -0.768    6
52962.229   -0.678365747511   -0.006300010114    0.5526    0.5911   0.039    7
52963.245    0.611805116608   -0.834901197777    0.8649    0.6797   0.035    5
52976.229   -0.216644738857   -0.430401595963    0.4304    0.5747   0.216    6
52977.245   -0.201203411702    0.143200804814    0.4979    0.4676   0.138    7
52991.252    0.016379070557    0.099799183317    0.0998    0.2183   0.013   60
53047.245    1.347141010041    0.025797604053    1.2231    0.6086  -0.462   12
53053.228   -4.417037618065    2.507399983642    0.5900    0.9845   0.224    3
53054.250   -1.214834129545   -0.343900805433    1.3489    0.6091  -0.161    7
53066.585   12.276093832647    7.484500801525    2.5197    5.2714   0.025    9
53068.250   -3.217060880496    2.663297985350    0.3139    1.0294   0.374   19
53073.203    0.351641168291   -0.140799602377    0.5204    0.5422  -0.604    4
53074.237   -2.233843945262    1.426500006119    0.9943    1.1531  -0.235    6
53101.583   36.261158035135   60.801400803712    3.8903    7.8284   0.730    5
53109.246    0.652632064122    0.699497982737    0.5428    0.5092   0.015    7
53129.207   -0.278527983550   -0.465800403049    0.2382    0.2958   0.027    8
53131.252    0.303913444321    3.561199181945    0.2359    1.4306   0.274   16
53136.227   -0.231268971692    0.178199982770    0.1880    0.2977   0.152    9
53137.224    0.076038765416   -0.506300409597    0.3425    0.5968  -0.013   30
53143.207   -0.301338958861    0.228898807109    0.1788    0.2534   0.085   11
53193.206   -1.406915768378   -1.321901999063    0.7346    0.8785  -0.003    5
53199.225   -0.233725680667    1.614898806679    0.4315    0.7003  -0.548    5
53201.256   -0.422530962787    0.165999591673    0.2008    1.1106   0.334   61
53206.205    0.275723211546   -0.565300817357    0.3711    0.6413  -0.386    8
53227.225   -0.402176536861    0.392900406609    0.3206    0.4676  -0.268   10
53235.228   -2.205886712039   -2.687702399840    1.2431    1.6399   0.027    9
53241.225    0.650877385990   -0.339199209520    0.3741    0.5639  -0.329   13
53243.249   -1.010236425055   -0.657702014450    0.2002    0.4162  -0.038   47
53248.205    1.562381846803    5.031399604150    1.0860    1.3583   0.297    7
53262.582   53.644236268622  170.643499203038   11.5063   13.7112   0.131    8
53264.247    0.955256829414   -0.519400816756    0.4973    0.4327  -0.130    7
53269.204   -0.968241607184    0.498200392940    0.4053    0.4553  -0.590    4
53276.205    1.070600863764   -3.161502010585    0.5423    0.7132  -0.518    4
53278.247    1.179274089025    0.517899604802    0.7686    0.3913  -0.190    8
53283.207   -0.175584791791    0.742100397133    0.2205    0.3781  -0.006   13
53284.226    0.603031725945   -2.041999209723    1.4795    2.0628  -0.033    9
53285.253   -0.259928076168    2.071400382420    0.1539    0.3418   0.206   46
53304.224   -2.514480415168    1.796198390025    1.3602    1.3200   0.476    4
53305.228   -0.699071109063   -0.692802001367    0.5436    0.7444   0.015   33
53319.225   -0.735450956911    1.908899994874    1.5689    1.2487   0.057    6
53332.206   -0.214656901584   -0.109202400722    0.3301    0.3446   0.461    9
53340.226   -2.177693766256   -1.588500006733    0.7908    0.7452   0.107   26
53341.249    0.530738188943   -0.151801208403    0.1545    0.3651   0.083   39
53346.228   -0.333156483975   -1.240200006691    0.4793    0.9816  -0.193    7
53348.251   -0.600457240485   -0.243900004193    0.4317    0.5055   0.263   43
53353.204   -0.244368972528    0.451699196446    0.5834    0.6874   0.181    5
53360.206    1.687201143069    3.764098792658    1.1326    1.5664   0.686    5
53367.226   -0.196641088969    1.856300406189    0.7140    1.4615  -0.340    5
53374.206    1.774936007225   -0.080701192928    0.8307    0.6134  -0.269    5
53381.207    0.128794651634    0.508100390562    0.2137    0.3744   0.041   30
53389.206   -0.136279522857    1.207198795328    0.3987    0.6145  -0.364   10
53395.204    0.054631373022   -0.575999996499    0.2255    0.4687  -0.032   11
53397.249   -0.259577140542   -0.227502010830    0.4232    0.4590  -0.079   28
53402.206   -0.659998999270    0.068097591566    0.4120    0.4801  -0.549    4
53403.225   -0.669707420326    1.092599981689    0.4572    0.7721   0.144   25
53404.247    0.166345242436    0.840398394075    0.5202    0.5618   0.192   24
53409.204   -0.294320246331   -0.183402016773    0.2111    0.4356   0.033   12
53411.253   -0.394219921340   -0.233600403021    0.2042    0.4355   0.179   50
53416.206   -0.255483849098    0.894200400126    0.3203    0.5332  -0.111   11
53417.225   -0.200035381757   -2.250900010381    1.1392    1.1216  -0.004   10
53437.204    1.205712516264    0.700099204209    0.7882    0.6934   0.213    4
53444.206    0.542319224207    0.334900798293    0.4248    0.4693   0.168    7
53451.208   -0.088902734513    0.056800797665    0.3106    0.3467   0.021   10
53458.206   -0.690179782326    1.376697591127    0.4971    0.6618  -0.261    5
53465.204   -0.714978594911   -0.763999193509    0.7184    0.9756  -0.497    3
53472.001    0.192550510534    1.766498397160    0.5437    3.1420  -0.267   15
53479.204    0.344156297068   -0.723002406744    0.3707    0.4685  -0.203   12
53486.206    0.949992795017   -0.617900406041    0.4822    0.4470  -0.210   22
53488.251   -0.618588116577   -0.799999196488    0.2077    0.3164   0.117  101
53493.204   -0.204479768415    0.214498805917    0.1784    0.2825  -0.036   18
53501.437    0.488625434998    6.070697992300    0.4682    2.4870  -0.342   13
53516.584    6.111726504953   58.443299991495    2.3556    4.2608   0.233   21
53528.206    0.037901366839    0.070498794003    0.3765    0.3099   0.153   18
53535.204   -0.292447632124    0.195098388645    0.3286    0.3547  -0.007   15
53537.582   22.196096196219   -2.328699613940    3.8033    4.2255  -0.152   14
53542.206    0.635318122761    0.194000386955    0.3090    0.5200  -0.165   37
53549.208    0.140375686897    0.085197589783    0.1897    0.3187   0.075   18
53550.223   -1.348542039539   -0.342201607850    2.3303    1.0121  -0.038    4
53551.250   -0.656138707379   -1.708599597805    0.2003    0.6018   0.206   39
53557.207   -0.377492787754    1.006797589298    1.6783    1.4539   0.442    9
53565.586    2.489681602584   19.714298392159    1.6759    3.2315   0.147   15
53570.206   -0.169736662626   -0.119700013101    0.1694    0.2374  -0.151   47
53577.204    0.389076536026   -0.108799216036    0.1887    0.2594  -0.051   41
53584.202   -0.017779940465    0.146998803530    0.2501    0.3017  -0.067   29
53591.204    0.391533245000   -0.506800796529    0.4182    0.6525   0.104   11
53607.250   12.227428365276    8.286400787938    0.4858    0.3682   0.231   26
53612.206   -0.312451122423    0.883799989992    1.2102    1.5788   0.581    9
53621.582 -123.003769023194  191.662498787082   10.5741   12.3633  -0.245    5
53626.195   -0.164472628228    0.271900799476    0.1524    0.2844   0.085   24
53626.498    0.334563099078    0.534398407126    0.3009    0.3903   0.368   20
53627.196    0.654268806180    0.194198398162    1.2086    0.9831   0.357    5
53627.499    0.904255621329    1.246798785814    0.3832    0.7428   0.404    7
53628.197   -0.273732661265    0.669099591732    0.1833    0.2911   0.117   17
53628.500   -0.037432654727    0.096199195809    0.2365    0.3897   0.045   21
53629.198    0.147394559016    0.009298801729    0.1821    0.3251   0.239   19
53629.501    0.003860291891    0.000298794589    0.2196    0.3586   0.147   21
53630.195   -0.014972455454    0.208000784596    0.1693    0.2658   0.063   18
53630.498    0.119670325345    1.021100388243    0.2567    0.3827   0.119   20
53631.196   -0.092530026853   -0.054100800639    0.1528    0.2938  -0.037   14
53631.499   -0.200035381757   -0.596501996597    0.2240    0.4262   0.061   19
53632.196   -0.160261400711    0.139197607041    0.1557    0.2477   0.160   25
53632.500    0.384396436807    0.669999582215    0.2183    0.3360   0.218   24
53633.197    0.054746596088    0.745199997709    0.1720    0.2943   0.105   22
53633.500   -0.020236649440    0.827398795877    0.2157    0.4196   0.107   18
53634.205   -0.066911566530    0.062499586306    0.2270    0.4619   0.227   18
53634.501    0.272564790908    0.590000394141    0.2427    0.4532   0.114   24
53635.195    0.306019058080    1.357397982815    0.1589    0.2841  -0.016   26
53635.498   -0.255483849098    0.828399595321    0.2133    0.3675   0.027   25
53636.196   -0.319354771475   -0.394401592985    0.1867    0.2952   0.207   24
53636.499    0.198867511400    0.317498398772    0.2967    0.4172   0.224   21
53637.197    0.228461486680    0.961898388141    0.2261    0.3453   0.190   16
53637.500    0.204833417050    0.073598394579    0.3018    0.4620   0.264   19
53638.197    0.152894465563    0.762400804888    0.1893    0.3030   0.185   22
53638.497   -0.041876881797    0.036000002979    0.2549    0.3799   0.180   21
53639.198   -0.219921095570   -0.347299200598    0.1611    0.2845   0.189   23
53639.501   -0.682809974581   -0.308001611415    0.2636    0.4215   0.297   25
53640.199    0.137568201885    0.339699596452    0.2226    0.4058   0.293   25
53642.248    3.450553402022    2.964099596170    0.2503    0.5208   0.010   36
53656.580   23.509075322641   46.824098390630    3.1427    4.6867  -0.043    9
53662.227   -1.335675197844   -1.801900810960    0.9146    1.1151   0.345    7
53675.205    0.074517086836   -1.423601997885    0.4840    0.7629   0.027    9
53683.225   -0.448031646624    0.046998002290    0.4143    0.4159   0.234   36
53684.248    0.577180106482   -0.212101210195    0.4862    0.3486   0.117   35
53684.584    9.973462993640  -65.945901616260    2.5302    4.9238   0.274   21
53691.246    0.033926011470    0.728499603042    0.2897    0.3659   0.375   45
53699.001   -0.692285396085   -0.504302417426    1.1622    2.7463  -0.603   12
53704.242   -0.227057744174    0.117100799457    0.2828    0.4342  -0.061   86
53711.225   -3.967602228935   -2.428502403973    0.5160    0.3544   0.412   19
53717.205    0.783296616955   -0.403401600124    0.6259    0.6446   0.141   12
53719.250   -0.326373643594    0.788698795873    0.2752    0.3435   0.388   58
53725.226    0.545244645293   -0.887799606630    1.1338    1.1850  -0.359    5
53732.205    1.250747818699   -0.582400815574    1.0452    0.9323  -0.493    9
53739.207    1.037963371734   -0.444499195851    0.3770    0.5370  -0.280   14
53747.582  -21.880014908859  272.183500800338    2.6278    3.7478   0.179   39
53753.204   -0.371644818178    1.158497988740    0.3028    0.6223  -0.209   22
53766.207    0.176640311679    0.393699588130    0.2464    0.4460  -0.293   12
53767.226   -0.577295169959    0.330800398274    0.4013    0.4178   0.337  104
53768.252    0.044805175480    0.228200383390    0.1939    0.3163   0.484   81
53773.205    0.263673304582    0.177598786877    0.1960    0.2515  -0.280   28
53774.227    1.286661507854    2.619597594844    0.5386    0.9626   0.486  114
53775.247   -1.356731495023    0.478900784628    0.4167    0.3925   0.191   44
53780.207   -0.148562429373    0.411897588037    0.3265    0.2917  -0.262   22
53781.222    0.098498805101   -0.997700405492    0.1686    0.2137  -0.312   43
53782.584   -8.133485161495  -35.950302012111    1.3748    2.6924  -0.308   34
53787.205   -0.165056563407    0.404200807225    0.2878    0.4104  -0.049   19
53801.205    0.029829847430   -0.248201996556    0.2485    0.3170  -0.064   26
53815.205    0.704453079535    0.991900782310    0.3836    0.5197   0.194   29
53817.583   -5.303395362854  -68.447901605850    0.8973    1.7145  -0.362   36
53822.207   -0.025851619464    0.124999198192    0.1824    0.3697  -0.190   19
53829.205    0.159913178093   -0.306201604872    0.3151    0.3603  -0.022   30
53836.207   -0.612855210479    2.246198388889    8.0576    1.1348  -0.373    5
53850.203   -0.902147134973   -0.213199211885    0.2736    0.5043   0.394   34
53850.583   13.351020987407  -40.456000814970    0.8183    1.5025  -0.292   42
53851.229    0.720478501457   -0.255301213770    0.1672    0.4769  -0.099   46
53858.202   -0.061414372992   -0.495100817943    0.3416    0.4278   0.186   36
53864.207   -0.216762674931    0.216298786881    0.2868    0.5255  -0.031   26
53878.207    0.122828745984   -0.887101208491    0.2535    0.4295  -0.297   13
53879.226    1.469969756025   -2.636100003883    0.4434    0.4488  -0.148   17
53880.581   10.111966066330   17.140197587651    1.8455    3.9381  -0.005   19
53893.204   10.113605680985   -3.476700015881    3.0479    1.5220  -0.719    9
53899.205    1.755283452553    5.272300791148    5.4853    5.5087   0.986    6
53906.203   21.487900601278   -7.671902409356   25.4304    1.5318  -0.573    7
53908.577  -30.548567422890  -41.365501206769    2.0753    5.2684  -0.023   11
53909.582   -9.334635514614  174.956299201767    2.3973    4.7879   0.098   20
53913.205    0.365327817313    0.843400792405    0.4962    0.6404  -0.177   28
53914.224    2.360066984033   -0.603399595889    0.3424    0.5662  -0.251   48
53922.205   -0.024916748659    0.442699189307    0.3017    0.6734  -0.117   17
53928.228   -0.459261746260    0.477500407214    0.2963    0.7723   0.096   36
53934.207    0.245306556341    0.205200004189    0.2914    0.4425  -0.210   20
53936.581   22.164626734134  -48.163302005833    2.9987    6.1171   0.206   19
53941.205    0.340762004281    0.891597605346    0.2214    0.3379  -0.106   42
53948.203   -0.201203411702   -0.287100007768    0.3299    0.3728  -0.061   28
53949.226   -0.070889794496    0.193600783405    0.4224    0.6836  -0.004   32
53955.205    0.193016669227    0.090799201757    0.2754    0.3464  -0.097   28
53964.581   10.163789954341  -10.691301616816    2.8439    6.5417   0.292    8
53969.238   -0.226470936399   -0.286401609628    0.3909    0.5265   0.082   15
53976.207    0.067498214717    0.880700389416    0.2739    0.4415  -0.127   15
53978.249   -0.790548488626   -0.879901207895    0.2232    0.4375   0.092   25
53984.210    0.185997797108    0.308699983975    0.3079    0.5221   0.042   13
53991.230    0.285664632154    0.666597605914    0.3452    0.4584   0.126   49
53992.249    0.892323650439   -0.090302395961    0.1838    0.2757  -0.279  106
53992.581    0.741183863009   26.583897604837    1.6685    3.9670   0.019   19
54004.207    0.358544817343    0.664099201231    0.3077    0.5691  -0.026   14
54011.205   -0.673216776591    2.025597584066    0.3852    0.6206  -0.289   13
54018.218   -0.636368216632    1.648400404974    0.4549    0.7233  -0.076   10
54019.230    0.065625600510    0.963298791135    0.4834    0.4378   0.011   24
54025.209   -0.078725601345    0.816699591155    0.2552    0.3073   0.104   37
54032.207    0.474469914274    0.700599591141    0.5423    0.6448  -0.206   31
54039.209    0.072762408703   -0.741600010201    0.3197    0.4519  -0.010   22
54047.226    2.876649811842   -2.135102411671    0.3796    0.4748  -0.113   43
54048.249   -0.210678673618    0.083998804712    0.0998    0.1697  -0.140  105
54048.578   -1.327954454472    8.066998793765    1.6766    3.8497  -0.150   18
54053.205   -0.143649330602   -0.277700397078    0.3378    0.5906   0.062   12
54054.224   -0.324851965014   -0.185900395877    0.4926    0.4805   0.247   25
54060.207    0.040475852299    0.841500002480    0.3337    0.4937   0.049   16
54067.209   -0.135462588126    1.666598404881    0.4571    0.6756  -0.233    9
54068.224    1.977661097508   -0.157802398348    0.2545    0.2862  -0.074   78
54069.244   -0.756274254537    1.202000393619    0.2087    0.2329  -0.229   50
54074.207    0.095806383566    0.080200805996    0.2886    0.3902  -0.278   10
54076.249   -0.091828155600   -0.480999611341    0.2067    0.3796  -0.109   64
54081.205   -0.554717194200    0.009000007140    0.3379    0.7028  -0.162    9
54083.583   -0.445106225537 -106.928899194259    1.2444    2.0991  -0.235   41
54088.207   -0.431770512142    0.661499987586    0.3046    0.5138  -0.371   10
54097.207   -0.224952130415    1.018998005975    0.3073    0.3122  -0.055   35
54110.206    0.368486237951    6.860397587616    0.4893    1.6328   0.833    4
54111.583   -7.753653760429  -24.484500008271    0.6208    1.1081  -0.310   65
54116.207    0.853953252310    0.883400386442    0.2744    0.2704  -0.001   38
54123.209    0.567353749351    1.078999187598    0.3089    0.6543   0.070    9
54139.244   -0.197578832371    0.649198787528    0.4204    0.5339   0.027   93
54139.583    1.953564156177  -34.344702007161    0.5787    1.1750  -0.320   59
54144.207    0.978303676875    2.710000799766    1.5238    0.8307   0.804    4
54145.226   -0.890684035784    2.377000791398    0.1779    0.2192   0.220  183
54146.249    0.078495314802    0.241300790549    0.3024    0.3091   0.236   85
54158.207    0.437621354315    1.360299597764    0.6155    0.5302   0.033    6
54172.208   -0.374101367564    0.092498399340    0.3112    0.3792   0.321   26
54173.241    0.155934950126    0.723999599472    1.2638    1.3192   0.369    4
54174.582   -4.650179203964   36.289299603709    0.7616    1.1960  -0.436   56
54179.206   -0.094986735827    0.422297998171    0.4485    0.6649   0.248    6
54186.208    0.374803238817   -0.633902402569    0.2873    0.5877   0.193    6
54193.209    0.170205534327    0.961898388141    0.2377    0.4599  -0.317   10
54201.208    0.800492622242    0.931697982764    0.4403    0.5709   0.615    5
54208.207    0.000117936075    0.699199188148    0.2022    0.2946  -0.011   27
54209.584  -25.899907184498   -6.981102006876    0.9003    1.3248  -0.178   50
54214.208    0.719310471512    2.365200003851    0.5238    1.1422   0.494    5
54235.206   -0.257704526334    0.036799184500    0.2203    0.2574   0.005   18
54244.582    0.007838519857    2.710098002012    1.0119    2.2928  -0.358   28
54256.208   -0.077321699250    0.209498389836    0.2015    0.2540  -0.041   22
54264.229   -0.825524434378   -1.807002010423    1.4248    1.5543  -0.176   13
54278.229    0.119437325793   -0.922399206615    0.1511    0.4564  -0.290   63
54292.229   -1.044277500003    2.757297596645    0.4550    1.5989  -0.748   36
54326.208   -0.578112264278   -1.737302397942    0.3944    1.3028   0.418    5
54340.208   -0.826695177332   -0.249102012617    0.3793    0.4708   0.446   12
54348.207    0.114524067434    0.593499598267    0.2538    0.3595   0.157   21
54355.227    0.457040909435   -0.064000798261    0.4063    0.5076   0.146   63
54384.228   -0.309059702233    0.466498801188    0.2852    0.3834   0.133   59
54391.230    0.948939988138   -0.629099997695    0.8015    1.2091  -0.205   12
54391.580   23.122926920710    3.802600807035    2.4822    5.9900  -0.336    6
54396.208    0.439260968970   -0.342201607850    0.1887    0.2803  -0.239   37
54398.250    0.543021095460    0.108698407075    0.3526    0.4387  -0.013   26
54403.206    0.485234014807    0.717199202427    0.3017    0.3141   0.478   26
54411.227    0.661756390411    0.244198798782    0.2927    0.3436  -0.301   30
54412.246    0.454466423975   -0.186800411939    0.3213    0.3629  -0.154   34
54412.637    7.513260302859   28.112799589053    2.0110    3.7822  -0.215   18
54418.225    0.293385215937    0.280699188693    0.2268    0.2884   0.015   59
54419.248   -2.696031112609    2.751098395493    0.2471    0.2180   0.023   78
54424.208    0.902149847981    1.302299989447    0.2709    0.3682  -0.016   17
54431.206    1.381766020167    0.519998405935    0.3121    0.3529   0.039   21
54432.225    0.619643796054    0.000000000000    0.5163    0.5255  -0.501    7
54438.208    0.694042946815    0.243100797093    0.2928    0.3727  -0.022   11
54440.250    0.475991592855   -2.960301597454    0.3693    0.9690  -0.416   46
54445.206    0.002925421087   -0.058201200659    0.2488    0.3110   0.010   21
54447.584   -6.975152306171   14.116197593239    1.5108    3.1565  -0.469   17
54452.208   -0.178510212877   -0.005000416081    0.1752    0.2655  -0.247   17
54461.208    0.394455793489    0.102099602373    0.6598    0.8144   0.629    3
54468.206    0.081184863739   -2.183900394925    0.3561    0.9037   0.446    4
54473.206    0.285900504303    0.332798390446    0.3736    0.4678  -0.182    4
54489.248   -0.371644818178   -4.693600797623    0.2056    0.9350   0.404   29
54502.225    1.873550035392   -2.880799215177    0.3580    0.4935  -0.478   25
54509.227    0.377495660352    0.440899182763    0.3596    0.3795  -0.238   11
54510.250    1.532436935896   -1.347800412077    0.2483    0.3466  -0.308   13
54523.231    0.453298553619    1.305799193574    0.9856    1.0680   0.345    6
54537.205   -0.577646105586   -0.405000014325    0.3219    0.5265  -0.472   15
54543.207   -0.087265992456    0.285699604774    0.2127    0.3717   0.160   20
54551.209    0.358544817343    0.922600798958    0.3803    0.5271  -0.432    4
54559.230   -0.181786569590    0.390797998762    0.1649    0.5502  -0.188   68
54585.207   -0.144351201855    0.260398806518    0.3178    0.3560  -0.245   19
54592.208    0.034742946201    0.626198382747    0.1813    0.2915   0.008   25
54599.207   -0.390008693822   -0.082299607129    0.2710    0.2189   0.152   40
54606.209    0.866469158378   -1.634900394265    0.7772    1.1650  -0.722    5
54614.207    0.212085288721    0.444600004812    0.3852    0.7751   0.034   15
54620.209   -0.384160724246    0.618400792973    0.2986    0.3890  -0.153   12
54621.228   -0.950809729747    1.856300406189    1.3440    1.2756  -0.206    7
54634.209    0.291866409954    0.691700392963    0.2505    0.2970   0.076   19
54642.226    1.580164659866    2.148199186536    2.0268    1.1733   0.336   21
54648.209   -0.308124831428   -0.033501598296    0.2429    0.4765  -0.087   16
54657.249   -0.108791161335   -0.075002404287    0.6183    2.5291  -0.912   18
54669.207   -0.289173988419    0.731800795961    0.2100    0.2909  -0.104   35
54683.207   -0.313388865825    0.755200804292    0.2394    0.3393   0.192   11
54690.497   -0.155466078425    0.188999996453    0.2273    0.3564  -0.043   14
54691.502    0.109377969111    1.204797592891    0.2914    0.5255   0.653   23
54692.499   -0.301456894935    0.105497997538    0.1733    0.2726   0.263   21
54693.500   -0.349768554084   -0.068202007242    0.3080    0.4436   0.519   16
54694.500   -2.589112565481   -2.215900806846    0.8686    0.7694   0.728    4
54695.501    0.319472707550    1.566298783473    0.8967    1.0041   0.850    3
54696.502    0.436568547435   -0.889599613174    0.3119    0.4780   0.314   13
54697.499   -0.046789980568    0.784299601264    0.3770    0.4361   0.688   14
54699.501    0.424636576546    1.117997982192    0.1763    0.2715   0.277   24
54700.501   -0.342516842002    0.410799586348    0.1850    0.2794   0.019   23
54701.499    0.315730351733    1.189997988149    0.2333    0.3224   0.497   16
54702.499   -0.036730783474    0.223099183927    0.2177    0.3000   0.307   20
54703.500   -0.143649330602    1.009097982774    0.2238    0.2980   0.265   19
54704.501    0.065510537032    0.567597604118    0.1996    0.3206   0.031   19
54710.999    9.447053968289  -76.860399593670    3.5158   23.8018  -0.237    3
54712.208   -0.908346199764    0.108698407075    0.3822    0.4408  -0.102   12
54713.249    0.088085799783   -0.721400411408    0.1988    0.3539   0.093   54
54718.209    0.425574319948   -0.015001197085    0.3752    0.3682  -0.328   11
54719.239   -0.463590909853    0.872398805996    0.3657    0.4930   0.166   75
54723.348   -0.146223816062  -16.705501212755    0.8970   13.6056   0.640   15
54725.207    0.147161559464    1.591898401898    5.6245    1.1648   0.908    4
54733.224    0.153127465115   -2.211901215787    0.5697    0.6131  -0.369    6
54739.207    3.604147025829   -0.901501209682    1.6861    0.8865  -0.867    4
54741.249    0.387321857893   -0.018000014279    1.0261    1.8263   0.075   17
54776.247   -1.564602683628    1.010897989318    1.7945    1.5359  -0.824    4
54777.270   -3.797629694160    0.517100397701    2.7627    1.2494   0.113    3
54781.207    0.335497969883    0.677800804283    0.3583    0.4574  -0.370    9
54782.226    3.351237662191   -4.838400016638    0.5727    1.0131  -0.096   21
54783.249   -1.395918827882    0.053697590374    1.0892    1.0502   0.027    6
54789.228    0.200622189532    0.826797599984    0.9086    1.6814   0.431    4
54790.251    0.623970087049   -0.271101617955    0.5195    0.5394  -0.472    9
54802.209   -1.244896976526    2.096899191883    0.3514    0.3650  -0.081   16
54817.228    1.024627817927    3.076599583096    1.2819    1.8456   0.437    3
54818.251   -1.077616863286    0.066599986326    0.3490    0.3847   0.087   57
54837.207   -0.453879616200    1.029099595939    0.6326    3.9616   0.790    3
54853.249    0.172196084609    1.964599184134    0.3472    1.9804   0.618   26
54867.245    0.919812011961   -0.278301592971    2.6559    1.9760  -0.931    5
54872.209    0.760485482055    0.479300388179    4.4854    1.9507   0.090    5
54873.225    1.248877917501   -0.533001610847    1.2928    1.0238  -0.741    7
54874.247    1.307366869406   -0.669499195283    1.0379    0.8363  -0.749    6
54929.228    1.597711760368   -0.026899212457    1.0816    0.7865   0.154    4
54971.232    0.823421533628   -0.112100408955    1.0951    1.1273   0.137   10
54998.206    0.770780710887    1.240599584662    0.2633    0.2810   0.227   14
55005.208   -0.995965840854    0.238899588112    0.6701    0.4566  -0.248    5
55012.206    0.551092614869    0.823600797162    0.6099    2.4520   0.800    6
55035.249    0.975027320162   -1.713002399129    1.0157    1.4279   0.166   12
55047.208    0.362638268375   -1.018699211386    0.8771    0.7813  -0.276    4
55075.208   -0.254781977845   -0.287701203661    0.2747    0.4955  -0.004   13
55083.207    1.084871447965   -1.009101615068    0.3640    0.3959   0.047   10
55125.229   -5.745811879865    4.637800799401    6.9258    5.2038  -0.859    5
55131.208    0.019186555569    0.247798786290    0.5323    0.5189   0.088    7
55138.206    0.296894731791   -0.170801996546    0.3658    0.5108   0.078   16
55147.582   -2.605839699067   46.040997600016    2.6594    7.0703  -0.784    3
55154.248    1.641228097231    1.161298794727    0.8499    0.4088   0.218    5
55166.206    0.333392356124    0.874198786960    1.2446    0.3583  -0.041    4
55174.227    0.354448653303    1.523098805478    1.3913    1.4061   0.054    6
55180.206    0.047025852717    0.368600382217    0.1911    0.2677  -0.008   33
55181.229   -2.407909931069   -0.910000804311    1.4916    1.0366   0.508    8
55201.208   -0.042696689124    0.164498405297    0.3619    0.6220   0.318   15
55210.248   -1.056560406519   -2.578802400421    1.9566    5.9320   0.586    3
55216.209   -0.027957233223   -0.138902393587    0.2409    0.3164  -0.204   30
55229.208   -0.342165906375   -0.142401597714    1.2422    0.7555   0.013    9
55231.250   -1.834124117375    0.042400796474    2.0194    1.0265   0.087    3
55237.229    1.651989325167    0.420497991627    0.7003    0.4789  -0.286   10
55238.248   -0.269987432851   -1.293602409191    1.0014    0.7792  -0.492    6
55245.228    1.168512861089   -0.478101603107   11.1535    1.1242  -0.083    3
55278.206    0.684800524863   -1.027101603768    0.3983    0.3476  -0.058   10
55281.895   -3.869923231162    2.599700397354    3.4727    3.1894  -0.985    3
55285.208   -0.468268136475    0.405399592296    0.2063    0.3027  -0.282   23
55299.208    2.046094183030   -0.626500809631    1.0261    1.4730   0.029    5
55300.227  -45.311063788400   32.652500402719   29.3150   21.2871  -0.996    5
55320.207    1.220100876951   -0.087400806592    0.4111    0.5279  -0.084   24
55327.208   -0.543018222862    0.422200795924    0.5843    1.0585   0.190    5
55349.207   -0.394219921340   -0.074300399433    0.3034    0.3169  -0.133   21
55379.271    0.840735474989    0.407699985772    1.8381    1.9748   0.806    5
55384.209    0.025385460771    0.318499198215    0.6240    0.6133   0.091   13
55386.269   -2.139559240277   -2.980299603905    1.0817    1.1971   0.893    3
55390.207   -1.885128198058    0.471398382729    0.5622    0.5439  -0.457    7
55398.228   -1.063930214264   -0.411102013231    1.9920    1.5660   0.620   10
55412.228    0.410248056271    9.699998398105    1.9948    7.1904   0.832    3
55418.207    1.083818641085   -1.520200797245    0.5914    0.7166  -0.625   12
55421.271   -0.676844068931   -1.758200394875    0.5554    0.8448  -0.022   10
55439.209    0.270810112775    0.570297601143    0.2287    0.4394   0.126   20
55447.208    0.114757226574    0.701899185174    0.5372    0.4222  -0.575   16
55453.209   -0.390828501150    0.296899196428    0.2535    0.3332   0.325   33
55454.228    0.043985368153   -0.414601217358    0.1322    0.3001  -0.082   89
55495.209   -1.059836763232   -0.626000397119    0.8555    1.4945   0.086    6
55516.207    0.393989794386    0.053297986824    0.2485    0.2663  -0.191   18
55517.230    1.607420021836    1.862398798380    3.6566    4.6946   0.755    8
55518.249    0.201206124711   -0.438400803660    0.1497    0.3267   0.438   89
55533.271    0.038721174167    7.859300384894    2.8911    1.6959  -0.600   11
55539.251    1.538753936762    3.198999593224    0.6977    2.3323   0.147   42
55545.241    1.435928681077   -2.319699606801    1.0296    0.9931  -0.452    9
55547.271   -0.262384785142   -0.034300805396    1.0846    0.9847   0.706    6
55551.209    0.490964048308    0.363898786304    0.2030    0.4197   0.167   11
55558.207  -18.296573404171   -0.224999999432    7.5750    1.2529   0.021    8
55572.207   -0.080365056411    1.461999596586    0.2331    0.4407  -0.235   23
55574.581   -2.586773952170   15.704697599972    2.1240    4.1761  -0.756   16
55586.207   -1.055858535266   -0.397299601218    0.3615    0.5050   0.247   19
55593.209   -0.253027299713   -0.050201992963    0.1961    0.2925   0.204   38
55594.228   -0.708661594045   -0.363002402537    0.4478    0.6075   0.012   10
55595.251   -1.044277500003   -1.679500800833    0.5322    0.8581   0.349   14
55596.270   -0.184594054602   -0.326699998254    0.6683    1.0931  -0.058   19
55600.207    0.108791161335   -0.185500817906    0.4893    0.9485   0.593    6
55601.230   -0.110545839468   -0.447400810799    0.5414    0.5160  -0.214    5
55602.249    0.846232668527    0.593398789306    0.6015    0.5718  -0.131    7
55615.230   -0.240393457570    0.150598791038    0.2438    0.4815   0.425    9
55631.272    5.034693576846    5.000900404184    2.0809    1.9228   0.831    3
55638.270    2.623858384279    0.098099985735    1.7928    1.5885   0.426   19
55645.272   -0.160612336337    1.416099595986    0.6715    1.6360  -0.521    4
55650.228    0.031351526010    0.339598787491    0.1651    0.3060  -0.104   27
55652.270    0.252676364086    0.759999602451    0.4515    0.7648  -0.292   19
55656.207   -0.263555528096    0.081100796478    0.2992    0.3050   0.123   15
55657.230    0.465230364919    0.265899583951    0.1607    0.2372  -0.002   56
55664.228    5.269705063944    9.362897989718    3.6843    7.4166  -0.540    4
55666.270   -4.316668911766    0.757299605425    2.4735    1.8701  -0.303   16
55684.207    0.005031034846    0.466397992227    0.3495    0.5398  -0.026   15
55687.272    0.345793198715   -0.000201617922    1.4338    1.0046  -0.756    7
55700.249    5.060079197206   -0.930099594143    4.0383    1.1254  -0.806    3
55701.272   -1.280577666129    0.406000788189    0.8769    0.5252  -0.467    8
55705.209   -0.076504764520   -0.397602002522    0.4168    0.5198   0.165   14
55708.270    0.277828825305   -0.944402393088    0.8578    0.5981  -0.253   20
55715.272   -1.030591010569   -0.164901615562    0.6510    0.6362  -0.107   15
55722.270   -0.915951720069    0.946598396467    0.6830    0.8039  -0.053    9
55727.208   -0.040709011440   -0.173401210191    0.2662    0.3082  -0.119   66
55729.272   -0.012047034367    0.148798784494    0.4712    0.4621  -0.266   19
55734.228    0.299586993737   -0.260100011928    0.2281    0.2849  -0.152   67
55736.270   -1.770137971932    1.462600792479    0.8035    0.8337  -0.484   10
55755.230    0.340762004281    0.517298383329    0.2896    0.5078  -0.090   24
55757.268    0.346963941669    0.179899205932    0.4712    0.5063  -0.076   13
55761.206   -0.646079350696    0.418499999455    0.3843    0.3728  -0.483   63
55763.247   -0.312569058497    0.539999993521    0.4259    1.6688   0.410   31
55764.270    1.443180393159    9.948797983839    4.6354    4.0879  -0.764    7
55768.208   -0.051703238927   -1.561600794275    0.6931    0.8705   0.169   17
55771.268    0.961924765907    2.880399586047    0.9902    1.1923  -0.109    5
55775.209    0.066212408285    0.047498389222    0.3845    0.5611   0.164   26
55776.228    0.250570750327   -0.727599612560    0.1935    0.4769  -0.221   64
55778.270    0.571916072084   -0.219301210791    0.5052    0.4657  -0.376   19
55790.207   -0.305901122005   -0.811101611475    0.3666    0.3695   0.088   29
55792.270   -2.467920561555    1.958299199600    1.6089    1.8775  -0.923    7
55797.227   -0.406853763483    1.357898395327    1.5226    1.4808  -0.263   12
55799.268    0.467687073894   -0.293601610224    0.5405    0.5964  -0.005   30
55806.270    0.185180862378    0.426200386983    0.5576    0.5056   0.358    9
55812.582   -8.477172746450   31.974498006093   16.3308    9.1716   0.671    7
55813.272    0.738025442371    0.062200791717    0.4494    0.5284  -0.137   53
55819.500    0.075920829342    0.279698389249    0.1047    0.1455   0.012   65
55820.497    0.047612660492   -0.113500811949    0.1099    0.1697  -0.019   57
55821.498    0.016143198408   -0.171799214854    0.1085    0.1546  -0.029   57
55822.498    0.083523477050    0.052199985134    0.1702    0.1570   0.048   67
55823.499    0.145875593444    0.413798403542    0.1017    0.1582  -0.042   68
55824.500   -0.064923729257    0.407998805940    0.1274    0.1494   0.058   70
55825.497   -0.334796098630    0.378198004114    0.1546    0.1811  -0.242   41
55826.498    0.140142687345    0.060400785173    0.1223    0.1771  -0.029   59
55827.499   -0.141310717291    0.058298402905    0.1252    0.1794  -0.076   62
55828.499   -0.051939111076    0.113097601684    0.1440    0.1684  -0.275   58
55829.500    0.100604418860    0.340300792345    0.1493    0.1575   0.404   70
55830.501    0.231268971692    0.229697988630    0.0979    0.1386   0.085   68
55831.498   -0.150084107953    0.172900797679    0.2014    0.1650   0.334   43
55832.499    0.297481379978    0.335998799983    0.0980    0.1384  -0.024   63
55833.500   -0.306369993706    0.038498382082    0.1734    0.1586   0.212   67
55840.253   -0.189858248588    1.105099192955    0.8994    2.8092  -0.555    3
55846.229    4.020478923825   11.855098790647    5.0067   11.3289  -0.845    8
55848.270    0.024332653892    0.699800384041    0.4607    0.5047  -0.125   12
55852.208    0.171494213356   -1.053701996057    0.3300    0.5458   0.176   24
55853.271    1.400132768408   -2.745399606852    1.1055    1.1949  -0.599   14
55859.206   -0.317600093343    0.197899194632    0.3635    0.4104  -0.258   25
55861.251    0.909634719204    0.723099583411    0.9468    0.7997  -0.097    9
55867.190   -1.236474361902    0.676598386917    0.7949    0.7293  -0.156   19
55876.270    0.639647286353   -2.087100003223    0.7076    1.4061  -0.150    5
55881.231   -0.295140053658   -0.246402015591    0.9560    0.6781  -0.166   14
55889.295    2.485470215477    0.705797992850    0.6286    0.4619  -0.024   39
55894.208    0.362638268375    0.073097982067    0.1883    0.2491  -0.310   53
55895.231   -0.235480358799    0.662400003648    1.0021    1.4283   0.682    6
55896.253   -0.636836928744   -0.617799597080    1.1328    2.6379   0.565    4
55897.269   -0.206116510473   -0.092901609605    0.4540    0.4379  -0.164   68
55902.229    0.814766079040   -2.628900003288    0.3443    1.3381   0.564    9
55908.208   -0.503948826078    0.371699982793    0.3407    0.5897  -0.478    8
55909.227    0.731826377580   -3.731400008178    1.1314    7.2174   0.069    3
55915.206    0.637541672594   -1.085900393605    0.3378    0.4710  -0.190   14
55916.229    0.175236569173   -1.058702412138    0.1882    0.6118  -0.421   85
55917.270   -0.668188454754    0.018399592250    0.5917    0.5142  -0.137    7
55925.269    0.214892773733   -0.516801603112    0.4434    0.5872  -0.064   10
55930.207   -0.029829847430   -0.284702412046    0.2061    0.2803  -0.076   30
55932.271   -0.150202044028    0.201099604169    0.6009    0.8566   0.106   13
55938.582   28.977998833611  -39.138800411820    1.4815    3.2386  -0.443   28
55939.269    0.294322959339    0.053798399335    0.4802    0.4599   0.392   24
55943.170    0.529216510363   -1.774501211571    0.8352    3.3308   0.546    4
55944.207    0.213957902928    0.424400406018    0.1375    0.1816  -0.099  108
55946.384   -0.212318288273   -0.397101615590    1.3284    1.0834  -0.754   11
55950.208    0.893258521244   -1.350799203692    0.5659    0.6697  -0.576   10
55951.227    0.247881041801    0.476600391153    0.2296    0.4079  -0.178   16
55953.269    0.020705361552    1.315699191196    0.7178    0.9161  -0.388    5
55957.210   -0.208107060755   -0.503600412571    0.2384    0.3366   0.270   36
55960.271    0.111598646347   -0.695501998393    0.6353    0.6135   0.108    6
55966.250   -0.084107571817    0.032900402402    0.1987    0.6985   0.122   18
55967.272   -0.989764063055    1.378400395424    1.0340    2.4160  -0.068    3
55971.206    0.288707989315    0.661399204205    0.3279    0.4023   0.434   24
55972.229   -0.348246875503    1.417197597675    0.7373    0.9311   0.247    6
55974.271    1.732938476346   -1.066302016284    0.9382    0.6635  -0.715   12
55981.272   -3.866531651383    6.793797601290    6.3162    4.6491  -0.866    4
55992.208   -1.562615005944   -1.393801196059    1.2660    0.8010   0.155   10
55995.273    0.480786915140   -0.715802406148    0.6238    0.6939   0.433    9
56000.207    0.853484380609   -2.089699216867    1.1408    0.7144  -0.106    4
56002.271   -0.947067373930    0.158399987527    0.9989    0.8173  -0.461   11
56009.273   -1.414869511301    1.266497997676    2.2717    1.4868  -0.822    5
56016.271    6.805533579619   -1.081699210204    3.0642    1.9514  -0.692    7
56021.249   -0.140139974337   -0.092700017262    0.2312    0.3576  -0.180   14
56028.211   -0.591332754608    0.086299198188    0.5611    0.5162  -0.055    5
56029.584   87.120106648410 -389.555402412611    5.8006   24.0265  -0.826   10
56030.271   -0.115341161753    0.558899998282    0.4668    0.7169  -0.170    9
56037.269   -0.222026709329    0.282297602894    0.4671    0.6988  -0.039   16
56050.210    0.481724658542   -0.970401615064    0.5107    0.4629  -0.498   20
56051.269   -0.801660492599   -0.017802003072    0.7971    1.0250   0.027    3
56056.229    0.639998221980    1.511398801313    0.8830    1.3991   0.567    7
56058.033   -0.399133179700    8.281800000987    1.1326   13.3657  -0.888    7
56058.267    0.028075169297    0.346298401155    0.5692    0.6057  -0.250    7
56070.233    0.115108162201    2.826100799780    0.6353    2.6446   0.757    4
56072.271    0.196410962014   -0.554399994712    0.4935    0.5451  -0.263   12
56078.250   -1.183600539609   -0.176500810767    0.4277    0.4870  -0.386   13
56086.271   -0.418785734373   -1.109599196525    0.4136    0.4495   0.272   11
56093.269    0.448851453951   -0.746402415075    0.4400    0.5021  -0.062   10
56100.271    0.465932395761   -0.809499616139    1.6225    1.9675  -0.821    7
56106.250   -0.078843377831   -0.026301597700    0.1868    0.3932   0.281  104
56107.273   -0.004211227518    0.751197606519    0.4086    0.4962  -0.027   15
56114.271   -0.305081474266    0.036000002979    0.3385    0.4069   0.069   26
56121.269    0.323215063367   -0.179600411343    0.4285    0.4693  -0.438   18
56125.207    0.348951619353    0.012798005855    0.1919    0.2651   0.088   48
56128.271    0.614261665993   -0.398300400661    0.6414    0.5764  -0.790    9
56133.227    0.122713682506   -1.555801196673    1.8866    2.0469  -0.757    3
56142.271    0.133006038741   -0.242802002504    0.4288    0.5472  -0.171   17
56148.247    2.515417998981   -0.115999216632    0.8302    1.1142  -0.406   20
56149.269  -15.491046386376   15.784099198868    4.0944    4.9692  -0.926   11
56156.271    1.456283107003    0.550598389282    0.5158    0.7866   0.314   13
56170.271   -0.354563876369   -0.781999207788    0.4790    0.6184   0.057   11
56181.207   -0.060010630486   -0.156002417384    0.1906    0.3448   0.014   85
56182.229   -1.075744249079   -1.820501995553    0.5461    0.6314   0.251   26
56183.248   -0.154295335471    9.347000383286    0.5548    6.0380  -0.708   15
56184.271    0.431422289524    0.266097595158    0.3449    0.4062   0.094    9
56188.209   -0.100834705403    0.009597596318    0.2559    0.2469  -0.308   63
56191.269    0.108791161335   -0.362001603094    0.3342    0.3743  -0.247   37
56198.271    0.340997876430   -1.094799617363    0.5383    0.6261   0.141    4
56202.209    0.054280437396    0.115498804121    0.2081    0.3221   0.355   26
56205.269    0.179097020653   -1.150700398966    0.4577    0.6374   0.011    6
56211.208   -0.268117691241    1.087898385776    0.3663    0.5424   0.287   17
56212.271    0.387788016586   -0.200901592962    0.9542    0.6430  -0.668    9
56216.209    0.177811054633    0.278697589806    0.2921    0.3924  -0.063   24
56217.228   -0.121540066955    1.020297600007    0.5570    1.0736   0.315   13
56219.269   -0.544421965368   -0.605199602433    0.4746    0.3449   0.276   19
56226.271   -1.016671202406    0.172497587414    0.5746    0.5703  -0.164   17
56230.209   -0.139789038710   -1.242601209128    0.2822    0.3816  -0.087   51
56233.269    0.629001121895   -0.263300395886    0.2340    0.2582   0.077   49
56237.207   -0.614025953433    1.400000397211    1.2717    0.7951   0.023   25
56238.230    3.510331032956   -1.992999608547    4.6787    3.1610  -0.920    3
56240.268   -0.014037584649    0.569998806554    0.5448    0.4994   0.085   13
56246.250   -1.384806664320   -1.963900811575    0.4702    0.7678   0.533   12
56247.269   -0.762122383702   -0.739400400107    0.6532    0.6354  -0.110    3
56251.207   -0.010994227487    0.176698796395    0.2169    0.3054   0.337   36
56252.266   -0.239222714616   -0.214801207221    0.4137    0.3638  -0.198   12
56261.269    1.023457074973   -0.529801201310    0.6334    0.5531  -0.090    7
56272.209    0.087383928530    0.230198401141    0.2496    0.3855   0.014   40
56273.231    0.338423390970    3.070098006219    0.5918    2.3354   0.177    3
56274.250    2.235834495544    3.323199584315    3.1786    2.1872   0.049    4
56274.583   16.640726340532   72.106300783048    1.3378    2.7501  -0.451   56
56275.270    0.738845249698   -2.145099611539    1.3360    0.9607  -0.424    8
56280.208    0.064457730153    0.380898001140    0.2234    0.3947   0.069   30
56280.540   -0.915833783995    0.823600797162    1.0746    1.1308  -0.115   20
56282.271   -0.202374154656   -0.083700010123    0.6760    0.4319  -0.399   21
56289.273   -0.246943457988   -0.628801203106    0.3641    0.5230  -0.294   21
56296.271    1.238113976557    0.224499586921    0.5236    0.5455   0.099   19
56300.209   -0.069486051990    0.350100006585    0.4254    0.5355  -0.167   31
56302.251    0.285664632154   -1.309899593593    0.3037    0.6186  -0.500   91
56303.270   -0.063870922377   -0.223599596438    0.4840    0.5214  -0.220   19
56306.834    0.098964804204    7.558099196103    1.1948   12.4477  -0.748   14
56308.208    0.516700604295   -0.237200416109    0.3855    0.3734  -0.111   38
56310.271   -0.436332675286    0.114299993470    0.4037    0.5171  -0.171   31
56313.540   -0.280049662130    1.098100784702    1.0212    1.0246   0.117   31
56316.583   -5.558528116737   18.919299586173    2.2001    3.9397  -0.326   32
56321.207    0.067498214717   -0.456400817939    0.2694    0.4119   0.006   20
56322.230   -5.032001314900    4.260999591565    0.5316    0.6255  -0.682    4
56324.271   -0.610867532794    0.678700794765    0.8628    0.7688  -0.624   12
56338.271   -1.499678954372   -0.217501204247    0.5284    0.9041  -0.197    9
56343.228    1.444935230880    0.505497595782    0.5936    1.1265   0.348   19
56345.270   -0.240744393197    0.247298399358    0.5582    0.5744  -0.572   18
56359.270   -0.125869390136    0.443599205369    0.4290    0.4597  -0.180   30
56365.581   -1.236710234051  -15.028300805398    2.9961    6.1397  -0.801   31
56366.272    4.801551990946    1.944298801959    1.6347    1.2314  -0.605    5
56373.270   -0.248465136568    0.173300401229    1.1547    0.8623  -0.653    9
56377.207    0.304264379947    0.532598400582    0.3252    0.5135  -0.038   27
56378.270    0.689362688007    0.057999582737    0.7199    0.6680  -0.582   12
56392.230    0.687024074696   -1.489100401386    0.3056    0.9318  -0.401    5
56421.245   -0.512955375881   -1.409500816862    0.8563    5.0337  -0.527   11
56436.268    0.519626025381   -1.596999601361    1.3382    1.1523  -0.856    6
56443.270    0.251039462440   -1.142899202478    7.8857    7.5022  -0.984    3
56450.268    2.102477521176   -0.958600801937    2.4081    2.2589  -0.852    3
56469.228    1.389604699613    0.610700405446    2.8460    3.0529   0.743    4
56470.251    0.489209370176    0.258699583355    0.3271    0.8246   0.535    5
56476.270    0.754870512031   -0.329702396584    0.5968    0.5424  -0.416   19
56483.239   37.412589954415    2.195798384719   24.7174    4.5936   0.714    3
56485.270   -0.669005549073   -0.487299595875    0.9909    0.4906   0.387   14
56490.208   -0.160612336337    0.406497593985    0.1971    0.2635   0.176   46
56491.582  -13.518183324162    1.337997591122    5.5197    9.6436   0.071   11
56506.272    1.224545263609    0.021398383865    1.7142    1.8318  -0.859    6
56513.270    0.472951108291   -0.210700807202    0.3418    0.3916  -0.145   33
56518.270   -0.229396357485   -0.835700404878    0.3505    0.3781  -0.161   18
56525.228    0.471311493636    0.823399204819    0.4848    0.5942   0.047   16
56538.187    0.076622700595   -4.749001217874    0.4164    4.5113  -0.731   36
56540.583   -9.036101168168   50.906699988218    3.1868    6.6459  -0.437   10
56541.270    0.000000000000   -0.111402010816    0.4954    0.6209  -0.116   14
56548.272    0.395744472518   -4.512401997658    4.9433    3.6695  -0.844    3
56555.270   -0.718372887698   -1.241899204274    0.4123    0.8258   0.284    4
56569.270    1.385508535573   -0.554299211331    0.7208    0.7031  -0.538    6
56583.270    1.094815581581   -0.887799606630    0.6262    0.5650   0.002   11
56604.272    0.332690484871   -0.651200411994    0.2357    0.2781  -0.025   45
56608.188   -0.085629250398   -0.155502004873    0.4171    0.3347  -0.330   22
56610.229    0.110781711617   -0.667202408522    0.5158    0.3895   0.220   27
56617.249    2.166817315255   -0.132101996542    0.4395    0.4287  -0.155   22
56626.286    0.127741844755    0.100400404790    0.2064    0.3270   0.063   33
56628.225   -0.528514639110   -0.462002404333    0.2723    0.4246   0.083   39
56632.269   -0.231853066460    0.360597593385    0.2317    0.3289   0.024   40
56632.269    1.542378356504   -0.407199598840    0.8501    0.6685  -0.703    9
56634.263   -0.295606052762   -0.439999217861    0.2037    0.2955  -0.030   45
56636.257    0.409080185914   -0.656499597085    0.1920    0.2837   0.057   62
56638.251    0.418906383456   -0.089600416686    0.2028    0.2934   0.033   58
56638.251    0.652045256347    0.331200001824    0.2087    0.7438   0.329   70
56639.270    0.324736741948   -0.039999594037    0.3098    0.3131  -0.062   34
56641.243   -0.060476629590   -0.364802409081    0.1897    0.2682   0.071   67
56644.227   -2.999829493453    1.094198395890    1.0513    1.3006   0.230   17
56645.250   -0.079312249532   -0.013500010709    0.2779    0.4075  -0.323    4
56646.272    0.156987757006    0.109299602968    0.2844    0.3631  -0.009   23
56653.270    0.062703052021   -0.242099997649    0.3304    0.4845   0.084   16
56664.210    0.189858089000    0.036100786360    0.1396    0.3049  -0.039   41
56666.248   -0.110310126907    0.004798798159    0.9090    0.6923  -0.207   14
56673.582    2.649358908527   22.110299997280    2.7332    5.8331  -0.050   34
56674.269    0.010763940944    0.674798405953    0.2287    0.3844  -0.266   55
56686.209    0.494824499789   -0.136000804218    0.3117    0.2890  -0.226   89
56688.269   -0.271391175357   -0.128199607730    0.4024    0.3469   0.058   37
56692.206    0.421596091982   -0.410900395309    0.1817    0.2270  -0.076  102
56695.271   -0.241095328823    0.169599604760    0.5456    0.5269  -0.002   10
56700.789    0.685269396564   -1.080000012621    0.3435    1.2167  -0.250   24
56701.250    0.376206981323   -0.574801211428    0.1187    0.2538   0.026   73
56707.229   -1.183951475236   -1.119801595451    1.0470    0.6401   0.070    6
56708.248    0.386502050566    0.147700782804    0.4712    0.5245  -0.305   17
56709.271   -1.528222835781    1.727600385948    1.0317    0.9836  -0.325    6
56714.227    0.324736741948    0.397400384600    0.6061    0.4439  -0.385   15
56715.250   -0.338889549662   -0.268200003006    0.4044    0.4663  -0.231   17
56730.272    0.311050092925    0.056498396361    0.4825    0.3970   0.056   21
56734.206    0.262269562076    0.565999189917    0.2310    0.2665  -0.078   48
56737.271    0.927650531818    0.756799192914    0.6261    0.5184   0.129   30
56744.269   -0.273263789564   -0.334602003704    0.2713    0.2221  -0.011   41
56756.227   -0.853835475825    0.147898794012    0.7608    0.9930   0.086    9
56758.272    0.113002388853   -0.400701603098    0.5231    0.3988  -0.324   24
56762.206   -0.300988023234   -0.228700795901    0.1333    0.1956   0.180   34
56770.209   -0.197227896745    0.099597590975    0.1846    0.2748   0.088   61
56776.206    0.260514883944    0.336099583365    0.2466    0.1994  -0.054   76
56783.497    0.142366237179   -0.322999201785    0.1525    0.1822  -0.461  127
56784.497   -0.521846862206    0.400100407205    0.2038    0.2169  -0.741  138
56785.498   -0.001052806879   -0.067899605938    0.1001    0.1150  -0.032  164
56786.499    0.339358261775   -0.058399211866    0.0919    0.1086  -0.180  175
56787.500    0.059659694859    0.134297999921    0.0873    0.1166   0.054  125
56788.501   -0.337603583642    0.449297994010    0.1852    1.4987   0.501  108
56789.498    0.069603828476   -0.323100010746    0.0872    0.0986   0.126  173
56790.498    0.162251950992   -0.129301216134    0.1005    0.1181   0.089  134
56791.499   -0.140139974337   -0.011700004166    0.2989    0.3418  -0.874  145
56792.500   -0.468970007728   -1.178600410867    0.5038    0.6244   0.881  123
56793.497   -0.165758434660   -0.177901213760    0.1073    0.1366   0.118   95
56794.498    0.169739535223   -0.182901604262    0.0925    0.1315  -0.026   85
56795.499   -0.189156377335    0.067399193426    0.0881    0.1222   0.025  103
56796.500    0.230334100887   -0.499500012552    0.1114    0.1419  -0.258  124
56797.500    0.039423045420   -0.133801194124    0.2689    0.3756   0.868   95
56807.271    0.063053987647   -0.127202415001    0.6723    0.7331   0.526   13
56811.208    0.118502295400    0.074800786365    0.1365    0.1635   0.027  115
56814.269    0.028311041446   -0.204501606049    0.2204    0.3104   0.345   27
56821.271    0.640113285457   -0.575301598360    0.3759    0.3401   0.240   28
56826.209   -0.200852476076   -0.170899198793    0.1651    0.2346   0.021   74
56828.269   -0.523014732563    0.048499188665    0.2358    0.2667   0.124   29
56832.206   -0.114757226574   -0.043002017946    0.1175    0.1698   0.056  115
56834.248    0.794877652218   -1.638201612764    0.1602    0.3996  -0.078   64
56834.792    0.849975024344  -23.580399610523    0.2604    2.7863  -0.750   41
56840.253   -6.949651781922   -6.077599198306    0.8504    0.9984   0.382   11
56842.291   -0.221675773702   -0.006501602456    0.1618    0.2330   0.267   39
56846.206   -0.152891592965   -0.502099200617    0.1403    0.1846   0.138   95
56850.498   -0.412819828722   -0.153201611397    0.1351    0.1734   0.261   65
56851.499    0.166696178062    0.106599605942    0.1217    0.1557   0.111   69
56857.500   -0.153711400293   -0.299300398865    0.2985    0.2301  -0.005   65
56858.501    0.238523556371   -0.570902403751    0.2663    0.1942  -0.056   57
56860.206    0.056852209847    0.039798001694    0.1160    0.1517  -0.050   79
56875.792   -0.405567957052    0.042098395170    0.1522    0.2179   0.339   40
56877.271    0.019888426822    0.217400395286    0.3654    0.3278  -0.062   56
56878.498    0.196994897193   -0.089200813136    0.3133    0.3962   0.475   31
56878.498    1.482836597719   -2.378901606903    0.6253    1.3910   0.819   46
56879.503   -2.136751755265    0.142099196410    0.7447    0.5990  -0.622   31
56885.496   -0.055330531267   -0.370602006683    0.1353    0.1391   0.122  105
56886.501   -0.007602807297   -0.530099995899    0.1484    0.1460   0.137  103
56895.208    0.021758168432    0.074098807090    0.1228    0.1346  -0.109  100
56899.496    0.231737843393    0.019900804205    0.3647    0.2727   0.072   26
56900.501   -0.318184028521    0.250797603485    0.2922    0.2587   0.147   32
56901.790   -0.819794241288    0.168299985148    0.1307    0.1601   0.028   90
56901.794   -0.280164725608   -0.937000800150    0.3325    0.6941   0.564    7
56903.207    0.116396681641    0.491997585073    0.1042    0.1416   0.037  165
56904.665   -0.126102389688    1.026100804324    0.1704    0.2711   0.057   41
56905.662    1.350063558530    2.172999597860    0.2538    0.4058   0.468   40
56906.659   -0.664443226340   -1.365501606188    0.2138    0.3535   0.362   41
56907.656    1.958477254948    0.263800782818    0.2887    0.4413   0.261   40
56908.412   -1.283267215067   -1.724400001990    0.2777    0.3820   0.223   29
56909.208    0.374803238817   -0.146800817902    0.4038    0.5102  -0.151   15
56910.227    8.957142567271    5.421797999361    0.4171    0.5076   0.035   96
56911.645   -1.508570281109   -0.250401606650    0.2132    0.3832   0.329   37
56912.642   -1.336843068201   -0.491500804856    0.2205    0.3661   0.279   40
56913.639   -0.976664221808   -1.670799613862    0.2152    0.3605   0.267   41
56914.636   -0.551440837487   -0.530802000753    0.2169    0.3718   0.333   38
56915.399    0.246126363669   -2.412900010995    0.2517    0.3498   0.127   34
56916.207    0.217933258297    0.000000000000    0.1605    0.1620  -0.229  136
56917.627   -0.468386072549    0.047700007144    0.2089    0.4291   0.312   41
56918.625   -0.801076557420   -2.203502404541    0.2295    0.3835   0.263   41
56919.603   -1.704276499273    1.468198797738    0.2481    0.4095   0.184   40
56920.619   -0.993742291021    7.166300397898    0.1963    0.3939   0.001   36
56921.616   -0.810434042850   -5.043200417276    0.3188    0.4917   0.136   32
56923.208    0.057554081100   -0.422499616093    0.2757    0.2855   0.033   91
56924.790   -0.816284885023   -0.241300816128    0.3146    0.5506  -0.306   28
56930.207   -0.173948049733    0.404798396403    0.2674    0.2126  -0.215  132
56934.498   -0.784582423386   -0.824201993055    0.2308    0.3403  -0.107   38
56935.499    0.187752475241   -2.201500805654    0.2095    0.2724   0.028   35
56936.792    3.690244988339  -37.250899197261    0.3347    2.9918  -0.832   13
56939.250   -0.117446775512   -2.330701212827    0.2163    0.3262   0.316   18
56941.496   -4.494011254286   -1.503000015646    0.6364    0.6100  -0.085   10
56942.501  -10.190691667675    9.299098783799    1.0601    1.0412  -0.704   10
56944.207   -0.377725787306   -1.550901615133    0.2829    0.5217  -0.144   64
56945.792    0.558229423062    0.913697994065    0.2480    0.5296   0.266   13
56948.498   -1.675617394797   -0.051400803613    0.4830    0.3616   0.029   27
56951.208    0.195709090761   -1.316700016218    0.1844    0.2453   0.318  166
56952.271   -0.780371195868    0.075999597016    0.2890    0.2437  -0.110   56
56958.207   -1.385974534677    0.114498004677    0.2909    0.2289  -0.015  118
56961.271   -0.257940398484   -0.434001609051    0.1886    0.2382  -0.139   76
56962.502    1.291105734924    0.407800794733    0.1668    0.2015   0.190   64
56963.503    1.115754102274   -1.107100817421    0.1857    0.2078   0.198   72
56968.269    0.638827479026    0.308199597043    0.2080    0.1888  -0.126   92
56973.229    2.650880587108   -0.750600017341    1.6656    1.2979  -0.082    3
56975.271   -0.605836497949    0.670399185765    0.4611    0.5249  -0.527   20
56976.498   -0.033805362387    1.024498783408    0.4103    0.4395   0.722   10
56977.499    1.609407859109    2.356999203812    0.2255    0.2910   0.365   12
56979.209   -0.237468036483   -0.369702016201    0.1479    0.2218  -0.056   55
56982.269    0.230452036962   -0.082799994061    0.4979    0.5827  -0.274   14
56983.497   -3.691881889986    3.610299592083    1.1260    4.1263  -0.568    3
56984.501   -0.125400518435    0.042699591063    0.4267    0.3847   0.212   21
56986.167    0.654852741359    0.157600806006    0.2797    0.5219   0.043   17
56990.498    0.575425428349   -0.389001598933    0.3075    0.3014   0.072   27
56991.503   -0.507691341483    0.453099599440    0.2157    0.2738   0.252   46
56997.497   -1.798446140781   -3.454099214650    0.9216    0.6027  -0.221    6
56998.501    1.188749510529   -0.324900017290    0.7450    0.5906   0.043    6
57003.271    0.580571526672   -0.430999210721    0.7832    0.3474  -0.520   10
57004.498   -0.122710809909   -0.137401207212    0.3745    0.2730  -0.033   24
57005.499   -0.671111162832   -0.236102414419    0.4049    0.4439  -0.100   15
57006.792    0.416213961921   -0.258501597727    0.2275    0.3702   0.205   20
57007.209    1.166991182509   -2.557202398634    1.4164    1.8627  -0.678   10
57011.610    2.810207117013   -2.020600800279    0.8587    0.5185   0.019    9
57012.501   -0.222495581030   -0.953301616846    0.4239    0.3563   0.152   20
57015.270   -2.669828557519   -8.424201598700    0.5500    0.8405   0.507    9
57021.209  -11.290653347580    9.382100395783    0.9440    1.1341  -0.742   20
57022.268    1.737500639490    2.446999198469    0.4614    1.0453   0.153    3
57038.269   -0.311165315991   -0.508201199523    0.2428    0.3169  -0.030   45
57039.497   -1.794467912815    0.460198791075    0.2234    0.2240   0.172   69
57040.501    1.129791686923   -0.405900004807    0.1890    0.1901   0.182  104
57044.581  326.596315520741 -180.707900406674   29.9331   16.7298  -0.751    8
57045.271    0.629001121895    0.270500396482    0.3853    0.3656  -0.277    8
57046.499   -0.050299496421    2.459498384155    0.5926    0.6317  -0.120   36
57047.499    0.760019482951    1.141898403034    0.4638    0.5599  -0.130   32
57049.209    0.203895673648   -3.605101215953    0.3233    0.5309  -0.278   15
57050.231    3.024631019045    1.981299604381    0.2472    0.8809  -0.027   15
57051.250   -0.351874327431   -0.269200802450    1.0291    3.4246  -0.715   30
57052.270   -0.618004181399   -0.919900801932    0.2371    0.3615  -0.057   38
57053.511    0.071591665749    0.594298805368    0.7254    0.9043   0.454   16
57054.501    1.621106670858   -2.626902011116    0.6660    0.8324   0.333   20
57057.230   -0.040824074917    1.453399192997    0.1876    0.2837   0.209   74
57058.249    0.000937743402    3.602800796898    0.6642    0.6836  -0.276    6
57060.342   -0.530971188495    1.080500399553    0.2112    0.3020   0.279   51
57061.291   -1.329007261352   -0.067802403692    0.1554    0.2104   0.134   68
57062.230    0.229281294008    0.177897607045    0.2829    0.2079   0.282   60
57064.228   -0.349184618905    0.222300002406    1.2561    1.5406  -0.827    6
57067.289   -0.283441082321    0.335897991022    0.1595    0.2468   0.197   71
57068.289   -0.209625866738    0.026499583328    0.1536    0.2061   0.089   66
57069.228    0.759783610802   -0.939002399036    0.2222    0.2711   0.076   54
57070.207    0.441015647102    0.005000390502    0.1118    0.1585   0.144   52
57071.226    0.254198042667   -2.103602412262    1.0040    1.6515  -0.105   22
57072.249   -0.543838030190    0.462898788101    0.1580    0.2044   0.071   70
57072.581  139.119372304395 -388.604901601752   27.9413  102.4467  -0.762    8
57074.290   -0.160845335889   -0.318902408480    0.1454    0.1994   0.153   69
57075.291    1.344684460656    0.098899192835    0.1759    0.2533   0.161   65
57076.394    0.869043643838    0.194198398162    0.2600    0.2561   0.106   65
57077.209   -0.052405110180    0.540597582699    0.1375    0.2030   0.047  107
57078.228   -0.577528169511   -0.321300004202    0.1552    0.2366   0.178   68
57079.229   -0.225887001220    0.592498798824    0.1627    0.2309   0.206   73
57081.289   -1.456513393546   -1.635102012187    0.2650    0.3947  -0.003   68
57082.293    0.646430286323   -0.050299195209    0.2542    0.3095   0.204   55
57092.232   -0.480085043887    0.003297586204    0.3569    0.4062   0.138   29
57093.251   -0.095337671454   -1.115402400842    0.8740    0.7062   0.236    6
57095.497   -0.697198494856   -0.150102010821    0.5506    0.5228   0.296   20
57096.501   -0.471662429262   -1.645700407948    0.4625    0.4711   0.303   17
57102.499    2.460553626407   -2.306700008603    0.5741    0.4795   0.143   34
57109.497   -0.136866330632    0.142200005371    0.2986    0.2706   0.199   31
57110.501   -0.602677917722   -0.316202411454    0.3083    0.2993   0.232   33
57112.207   -1.660058131568    0.633099588754    0.2353    0.3001   0.278   51
57120.206    0.542552223758   -0.501501611438    0.3075    0.4670   0.012   22
57123.497   -0.146223816062    0.817200003667    0.2551    0.2063   0.020   67
57124.501   -0.175351792239   -0.571302007302    0.2343    0.1913  -0.035   68
57126.207   -0.259108428429   -0.458200798903    0.1474    0.2045  -0.044  170
57130.499   -0.110661062534    0.144597601093    0.2737    0.2847   0.312   36
57131.500   -0.776510903977   -0.281599204754    0.2549    0.2614   0.360   39
57135.251    0.306838865407   -0.037601998315    0.1348    0.2886  -0.121  110
57137.497   -3.416276614514    1.441400394242    0.2422    0.1956  -0.018   62
57138.501   -0.609345854214   -0.132199198788    0.2197    0.1791   0.043   64
57140.207    2.275257700552   -2.658700805114    0.7792    1.0499  -0.773   32
57143.290  253.601166278255  -82.457600402108    0.7676    0.9076   0.544   26
57152.498   -0.617653245772  -10.396699207149    0.3742    4.6728  -0.779   71
57154.207    0.388374664773    0.478598383324    0.1313    0.1899   0.209  153
57155.223   13.904685374728  -10.719900001277    0.3853    3.1434  -0.440   41
57156.249   -0.723285986469    1.580097588771    0.2562    0.7959  -0.344   46
57156.760 -834.545090548641 1934.452000799070   63.6967  140.8277  -0.833    3
57158.499   10.848823638344    2.145398406128    0.8145    6.2077  -0.125   61
57159.507   48.013650327443    0.467200806042    0.6871    0.9422   0.023  166
57162.228    1.594553180141   -7.524500395562    0.3575    2.8475  -0.835   17
57169.208    0.249986655560   -0.800402406753    0.1449    0.2637   0.102   97
57173.500    0.077557571399    0.164498405297    0.1557    0.1578   0.107  109
57175.209   -1.606131502396   -1.585000802606    0.1455    0.2181   0.100   86
57176.228   -0.562670937124   -0.643899602437    0.2069    0.2427   0.494   33
57177.229   -0.297711666521   -0.106801198285    0.1258    0.1517   0.226   86
57179.289   -0.578698912465    0.119699987522    0.1361    0.1764   0.198   71
57180.293   -0.480786915140    0.052397996342    0.1482    0.1973   0.332   74
57184.227   -0.567584035895    0.598298396426    0.1593    0.2275   0.353   71
57184.581  -43.505129903799 -265.854700813861    8.8003   26.6118   0.088   16
57186.291   -1.014798588199   -0.056102399526    0.1305    0.1757   0.212   87
57187.291   -0.379480625027   -0.472100413162    0.1341    0.1870   0.271   84
57190.246    0.544306901891    1.084899594161    0.3286    0.3341   0.462   35
57191.123   -0.926011076752    0.236800786979    0.3169    0.3883   0.497   17
57193.289    0.661287678299    0.150699599999    0.1738    0.2218   0.262   81
57194.290   -0.214072966405    0.773099984031    0.1447    0.1960   0.200   95
57195.228    0.644324672564   -0.534099612537    0.1470    0.1884   0.224   68
57197.226    0.998189390688    0.727300792391    0.2173    0.2570   0.555   51
57198.227   -1.044159723517   -0.282700813159    0.1382    0.1830   0.290   85
57198.249   -2.211150906026   -3.392600402208    1.1804    1.4052   0.531    3
57201.500   -0.484880206583    0.519497993423    0.1928    0.2360   0.089   48
57204.363    2.985791908804    1.207497589917    0.7298    0.6964  -0.067   81
57210.207    0.715801115247    0.647697601153    0.1464    0.2348   0.391  118
57217.209    0.877817194090    0.435499188711    0.2407    0.1813  -0.078  151
57219.251    0.371293882552   -0.244602009047    0.2376    0.4111  -0.092   91
57224.207   -0.113353484068    0.188600392903    0.1174    0.1879   0.117  104
57231.205    0.366380624192    0.659098785150    0.1543    0.1686   0.138   92
57234.270   -0.052523046255   -0.284000407191    0.2177    0.2852  -0.137   63
57239.208   -0.129145746849    0.596098786332    0.1041    0.1204   0.307  188
57252.207   -0.444991162060   -0.008200800039    0.0924    0.1182   0.025  121
57260.228   17.437824669987  -17.002101614594    4.0184   21.9980  -0.477    8
57262.270    0.169972534775    0.049899591659    0.1270    0.1730   0.135   97
57266.207    0.830322469672   -2.951701193865    0.1225    0.1824   0.099   59
57267.230   -5.078443232438   -3.361600815310    0.5340    0.4765   0.071  126
57269.272   26.278688491692   15.051999582738    4.8531    2.5473   0.975    8
57275.229   -2.978071165432   -4.594201217856    0.1757    0.3479  -0.136  115
57276.270   -0.055330531267   -0.280299610722    0.2344    0.3714  -0.204   34
57283.268    0.225421002117    0.373197588033    0.1928    0.2340   0.201   85
57288.228   -0.902966942300    4.638499197540    0.1947    1.4196  -0.314   20
57290.270    0.637774672146   -0.077500808970    0.2588    0.2452   0.281   67
57291.501 -160.227904631114 -373.875299999327    2.4623    3.6886   0.343   61
57294.207   -0.879103000521   -0.742201206094    0.0900    0.1091  -0.201  150
57295.230   -3.357902726086   -5.560700392948    0.6026    0.8469   0.172    8
57297.272    0.737441507192   -0.305402397771    0.1426    0.1986  -0.049   72
57302.228    0.130549489355   -0.293500801263    0.6369    0.7957  -0.380   11
57303.247   -1.256011853097   -4.342600800555    0.3035    0.5289   0.320    7
57311.272   -0.989999935204   -0.116200808975    0.1232    0.1674  -0.102  106
57315.209   -0.106918547128   -0.313200013125    0.0895    0.1236   0.362  283
57317.207   43.131615344011 -254.106500398166   27.4142   55.8943  -0.634   30
57322.208   -0.685850618734    0.393897599338    0.2605    0.3236  -0.011  203
57325.268   -0.146341752137    3.092500796242    0.1551    0.2305   0.225  134
57332.270   -0.101185641030   -0.187901994764    0.1596    0.2361  -0.244   96
57336.208   -0.066091759202   -0.235101614976    0.1057    0.1321   0.035  146
57337.227    0.813362336534    0.816098395262    0.6131    0.9226   0.032   60
57338.249   -0.523834539891    0.651599989965    0.4025    0.4843  -0.199   64
57338.582  -11.925620534714   28.394899206319    6.5097   21.2855   0.396   30
57339.268    1.531033193390   -0.497599197047    0.1157    0.1448   0.011  116
57344.228   -0.264021527200    0.400697996383    0.4780    0.3376   0.080   80
57345.247    0.030416655205    0.014900388123    0.5750    0.4197  -0.175   31
57350.208   -1.185237281667    3.073899586070    0.1385    0.2301  -0.065  106
57357.209    0.393287923133    0.182897997547    0.0921    0.1240  -0.073  153
57360.270    1.117977652108    0.440398795831    0.1397    0.1764  -0.082  101
57365.227    0.869043643838    5.241898793429    0.4830    0.5618  -0.485  195
57367.268   -0.142714459797   -0.626500809631    0.1594    0.1945   0.097   97
57372.225   -0.539977738298    1.627700393669    0.6138    1.8091   0.200   59
57374.270    1.391474441223    2.296497584098    0.1402    0.2039   0.131  103
57378.208    1.108033358903    0.962100006063    0.1376    0.1833  -0.076  143
57385.209    1.723463054841   -4.557599993404    0.4159    0.6780  -0.259   12
57386.269    1.586832596358   -3.729801593977    0.2492    0.3319  -0.378    4
57398.771   -0.256067784277   -2.072599193070    0.1780    0.2364   0.107   48
57400.207    0.413173477357   -0.124300800053    0.1043    0.1508   0.153  261
57414.207    0.948005117333   -0.066600011905    0.0808    0.1119  -0.050  256
57421.227  -60.366712370295   -1.925701198502    0.4441    0.3547  -0.002   59
57423.269   -0.234893551023    0.275900390534    0.1919    0.2379   0.102   53
57427.206    0.844828926021   -0.089499607725    0.3807    0.2398  -0.200   51
57428.225    0.439376032447   -0.344401217944    0.5062    0.6974   0.031   45
57429.248   -1.237996040482    0.358397983291    0.5691    0.5860  -0.031   47
57430.270   -0.569456650102    1.762099202551    0.2499    0.2490  -0.197   64
57435.227   -3.038898890237   -0.036601198872    0.9452    1.1329   0.275   20
57436.257    0.533312674403   -0.216201610215    0.6616    0.6424  -0.043   68
57442.236    2.789967754565   -2.120900396108    0.1613    0.1880   0.113  178
57443.251    3.722882320781   -8.944001993427    0.2627    0.2981   0.185   33
57448.208   -0.115108162201   -2.616602409944    0.1354    0.1460  -0.062  195
57451.269   -1.041119079364   -2.549199609803    0.2929    0.3027  -0.165   57
57455.206   -3.900454949845   -1.050699597727    0.1757    0.1565  -0.192  158
57462.208    0.809617108120   -0.067100398837    0.1649    0.1999  -0.145  177
57463.231    0.683045846730   -0.212702406088    0.2476    0.2097  -0.054   99
57465.269   -0.910100877896    2.882498387180    0.2162    0.2107  -0.001   83
57469.206   -1.107328774641   -0.387100809007    0.1974    0.1703   0.043  159
57477.209    4.155006641146   -2.571199215140    0.3272    0.2502  -0.147  143
57480.496    2.209864940005   -0.344502001326    0.4764    0.3830   0.047   20
57481.497    1.946660507124    0.443998783339    0.4507    0.3439   0.054   27
57484.229   -0.561969065871    2.939198401464    0.8040    1.6837  -0.480   25
57485.251   -1.685794687554    0.227397595154   13.8726   61.9151   0.961    3
57485.251    0.506992183239  -30.542601612638    0.2365    2.7659  -0.774   46
57491.231    0.168919727896   -0.015800404185    0.1447    0.1667   0.089  153
57493.269   -3.307252294038   -6.775999204933    0.5862    0.7144  -0.269   19
57507.269    1.833775894757   -8.626500013520    1.2642    1.3426  -0.889   10
57520.250  -19.431042317715   -4.220600393978    2.9845    1.4838   0.282    6
57521.269    2.322050553717   -0.916599609013    0.7701    0.8719  -0.283   15
57526.207   -1.048370951035   -4.424702396477    0.4391    0.3379   0.193   59
57547.209    0.920864818840   -0.922500015577    0.2384    0.5947   0.208  112
57548.250   -0.187867698307    0.461800786411    0.1646    0.1836  -0.013  100
57553.206    2.105753877889   -1.210302002619    0.3763    0.3084  -0.538   99
57554.229    0.598351626726   -0.121600803027    0.1827    0.2041  -0.013   75
57556.271    1.596307858274   -0.090799201757    0.1956    0.2175  -0.095   52
57561.227   -0.024565813032   -1.264802406808    0.6316    1.1386   0.431   34
57563.269    0.410015056719    6.223197598842    0.6371    0.7676  -0.573   10
57577.269    1.883258456448    2.721999598521    0.7083    0.7504  -0.469   17
57582.229   48.111913419984   50.587398001767    2.0585    1.6961  -0.117    7
57583.248    0.415512090668    1.565600385334    0.3395    0.7881  -0.186   20
57589.227    2.835707800851   -8.284600806974    0.5262    0.8686   0.060    5
57590.254    0.321929256936   -1.669302008622    0.2063    1.3393  -0.482   19
57591.269   -1.155643306386   -4.694101210134    0.5747    0.5456  -0.445   11
57595.206    0.004562163144   -2.694902400435    0.2074    0.1969  -0.012   41
57605.269   -2.238757203622    1.900400400245    0.6258    0.5705  -0.293   14
57609.206    1.039016178614   -5.487199200616    0.3867    0.3527  -0.223   37
57612.271    3.056330608085    8.877499183768    0.8746    1.9090  -0.802    4
57618.228    6.868233759043   11.590599584110    1.3591    1.2125   0.087   11
57619.269   -0.191494990646   -3.295800010505    0.4830    0.6119  -0.465   15
57624.229    1.764873937534   -0.351702001922    1.2280    1.2293   0.402   15
57625.248    0.311518964626    2.386598387716    0.5448    1.6431   0.738    3
57633.269    1.067324507051    1.240700393623    0.3874    0.3159  -0.036   26
57637.082    0.546648387799   -0.752399998305    0.2572    0.1971  -0.052   81
57639.230   -1.453590685468   -2.573200814027    0.3548    0.5664  -0.149    5
57652.229  125.281368209654 -105.892502395477    0.6178    0.7723   0.025   25
57653.248    1.444233200039   -0.665499604224    0.4268    0.3543   0.057   44
57658.208    1.165938375629   -0.203101203056    0.3250    0.4278   0.119   42
57667.230    0.273381725638   -1.226599212600    0.2517    0.3848   0.261   12
57669.345   -0.938526982820   -0.321501596545    0.4329    0.2949  -0.021   42
57670.313   -2.415748450927   -1.509001205591    0.9277    0.6296  -0.418    8
57675.269    1.719018827772    3.209500786738    0.3957    0.3104  -0.133   24
57680.229    1.688018237388    0.805100395951    0.9062    0.8533   0.199   38
57682.271    0.817924499678    1.556697606020    0.2390    0.2756  -0.110   40
57685.189    0.348016748548   -0.891000016168    0.2886    0.2418   0.101   48
57686.208   -1.617712378070    5.311598405910    0.2840    0.4999  -0.746  116
57689.269   -0.038367525532   -0.310302004891    0.1965    0.2690   0.095   33
57694.229   -1.158916790502    1.775699996642    0.3417    0.3612   0.095   21
57696.271    0.758848739997    0.571197591626    0.1928    0.2941  -0.140   44
57699.186   -0.897584971828   -0.159699607138    0.3945    0.3421   0.148   31
57701.227    0.450139973391   -1.488301194286    0.6485    0.7678  -0.004   11
57708.229   -0.588289397447    1.304798394131    0.7474    0.9065  -0.504    6
57709.248   -3.483656893157    4.049499602843    0.8243    1.1375  -0.326    6
57716.294   -2.917473886760   25.565698805963    0.2634    2.3921  -0.763   36
57717.313    3.232269208099   -1.902099597828    0.3712    0.3434   0.274   66
57728.208   -0.419372542148   -0.901900813233    0.1780    0.1968  -0.227  127
57729.228   -0.926830884080   -0.561301200719    0.3502    0.4033   0.104   31
57730.250    1.950638735090   -0.557600404250    0.6244    0.4600  -0.026   27
57731.269    0.746332833929   -0.734299200644    0.3007    0.2450   0.373   15
57732.292   -0.216060803678   -0.069800395863    0.3980    0.4109   0.334   44
57743.209   -2.969648710396    1.112000398962    0.4095    0.2205  -0.184   37
57744.272   -0.704801302153   -4.586202010159    0.2936    0.4497   0.063   17
57750.207   -0.979002835119    8.303900389706    1.2073    1.6365  -0.512   24
57752.271   -4.119090079395   -2.723101206925    1.2935    1.3433  -0.935    5
57765.248    7.397099333779    5.445597585663    0.7976    2.1112   0.536    3
57771.209   -1.015733618593    0.371098786900    0.4072    0.4475   0.170   19
57775.461    0.181671506113   -0.934801215635    0.1898    0.5454  -0.209   35
57777.207 1418.028299472795  -96.071400000142    0.1147    0.1145  -0.093  121
57778.229    0.032988268068   -2.501701195001    0.3707    0.6378   0.278    6
57784.209-7193.856236657999 7267.006497588113    0.3081    0.3324  -0.239   29
57786.247    0.026320491165    0.931798791726    0.4593    0.6213  -0.224   12
57787.269-1968.946440766311  188.119497605044    0.3340    0.3422   0.122   33
57819.207    4.645734976895   -0.177901213760    0.3746    0.3678   0.051   54
57826.209   -1.574897912460   -0.142502406675    0.5335    0.3883  -0.171   38
57829.269    0.225654001668    0.194598001713    0.2113    0.2529   0.163   53
57834.230   29.717894017592    4.259498405190    1.3543    0.6971   0.034    9
57839.792    1.381182084989    8.882697585477    0.4595    1.7573   0.448   28
57840.209    0.320994386131   -1.402099198344    0.3314    0.2540  -0.116   50
57854.209   -0.451541002889   -1.038099603079    0.4247    0.3887  -0.018   39
57856.272   14.769048919347   12.768800391427    0.5220    0.6441   0.289    5
57864.271    1.451485071709   -0.124099207710    0.5605    0.3360  -0.268   29
57870.247   -7.090493467923   -4.159101607115    0.4138    0.4758  -0.079   40
57878.271   -0.154997206724   -0.362401206644    0.2223    0.2705   0.158   26
57885.270    1.640057354277   -3.065299208060    0.4282    0.4708   0.030   10
57889.002   -1.210740678513    2.816798391336    0.2662    0.4447   0.462   32
57891.252    0.203662674096    2.545199993165    0.1957    0.8613  -0.189   18
57897.228   -0.552260644815    1.107197994088    2.5808    1.6437   0.329    7
57904.690    0.720127565831   -1.276999216770    0.2700    0.7963  -0.238   36
57914.628    0.393753922236    0.759099586389    0.3795    1.6475   0.456   21
57919.271    0.063053987647   -0.065800804805    0.6720    0.3620  -0.560   15
57927.270    1.186059802003   -5.072799601180    0.8525    0.9102  -0.023    6
57934.272    0.684098653610   -2.355199197268    0.3976    0.4426  -0.342    5
57941.270   -3.720423058387    0.327999592287    0.7977    0.8843  -0.522    5
57943.713    0.365563689462    0.400499985176    0.4086    1.8250   0.662   28
57946.230  -69.287121441084 -100.842001194223    1.9123    1.4287   0.577   15
57948.268    1.840912702950    2.968300805151    0.4619    0.5406  -0.392    8
57950.916    1.338600459342   -2.932700405722    0.2253    0.4638  -0.245   49
57953.206   -0.271977983132    1.108198793531    0.6331    0.5572   0.394    6
57954.251    1.831319345372   -0.255301213770    1.6904    2.1961   0.289    6
57955.270    1.299528349549    4.242099586804    1.3933    0.9452   0.873    3
57962.272   11.540640162728    9.708400790487    0.7926    0.7726   0.614    3
57970.691    1.065687605405   -0.693302413879    0.2461    0.5133  -0.175   28
57976.272   -5.808046060184   -7.782602415318    0.8548    0.6557   0.639    4
57978.131   -2.007839007967  -10.840600813822    4.2878   12.8399   0.955    4
57981.232    0.412589542179   -2.899800003320    0.4702    5.0916  -0.836   25
57990.272    0.620696602934   -0.390600013134    0.3194    0.3873  -0.150   10
58002.208    0.346728069520    2.786900387264    0.3475    0.4878   0.262    9
58018.268    3.691648730845    7.631600388436    0.5372    1.1459   0.125    6
58029.207    1.004857167591   -4.347900011226    0.3759    0.4849   0.192    4
58032.268    4.210570171965    2.950599585461    0.7710    0.6459   0.467    3
58053.270    1.649883711408   -1.401001196655    0.4716    0.4468  -0.375   10
58060.272   -4.223086078033    1.323000000752    1.2878    0.6451  -0.554    4
58072.226    1.188165415762   -2.316099593713    1.5299    1.3525  -0.191    8
58079.272    2.674042657634   -1.962702000924    1.0573    0.8240  -0.402    7
58085.500  -23.070634160998   45.499899604806    0.9714    3.2124  -0.898   17
58085.500    1.480380048334   -1.668099616836    0.3249    0.5452  -0.308    3
58086.497    4.874314399650   -5.755201217994    0.1853    0.4515  -0.506   46
58086.500    3.075166228027   -0.115300792913    0.2268    0.4387  -0.264   11
58087.498    4.122133436556   -3.709101608251    0.1698    0.3726  -0.333   31
58087.498    1.279993730951   -1.763200810956    0.5241    0.4023   0.037   12
58088.498   -1.222203777701   -4.035600014163    0.1836    0.3881   0.061   59
58088.498   -1.956368928180    1.872399604963    0.4495    0.4944  -0.512   14
58089.499    0.132655103114   -0.953301616846    0.1365    0.3014  -0.504   64
58089.499   -2.154180760104   -1.610999999002    0.4389    0.3735  -0.692   15
58090.500   -0.666315840547   -4.618699202297    0.2120    0.4955  -0.356    5
58091.497   -2.567003301834    4.938400792298    0.1493    0.3024  -0.578   52
58091.497   -3.315323973037    0.957898797083    0.2300    0.2639   0.428   18
58092.498    2.442071655100    1.584799184684    0.1259    0.2891  -0.295   67
58092.498    3.462485372912   -2.758701606353    0.5448    0.3287  -0.708   10
58093.499   -0.284260889648    7.543900787255    0.3378    0.8798  -0.878   28
58093.499   -8.015103515178   -2.389802403968    0.5734    0.4651  -0.527    8
58094.496    0.355970331883   -2.095002008673    0.1525    0.3443  -0.578   59
58094.496    1.893084653990   -4.472200811279    1.1371    0.7153   0.860    7
58095.497    0.906827234192    1.983398405514    0.2837    0.7120  -0.563   21
58095.500   -0.693807074666   -2.193602406919    0.6135    0.4241  -0.781   12
58096.497    2.103648264130  -21.320402416336    0.2283    0.5380  -0.328   44
58096.497    4.176413873951   -1.560999598382    0.4129    0.3797  -0.701    8
58097.498    0.282273052375    1.103598006580    0.1834    0.4683  -0.810   59
58097.498    1.422592967682    6.510599982334    0.6219    0.5012   0.551   10
58098.499   -2.886358073310    8.443900784982    0.1911    0.4657  -0.845   74
58098.499    2.526530162544   -1.332899998374    0.4544    0.4000  -0.719   17
58099.496    0.852080638103   -8.182000817669    0.3438    1.2975  -0.591   18
58099.500    6.065051587863    4.912200003560    0.3948    0.3828  -0.127    8
58121.207   -0.679533617868    5.544298792870    0.5075    0.9203   0.420    5
58123.270    1.919756080781   -4.894599592831    0.5652    0.8149  -0.550   10
58137.058  -10.142497785013   -4.557902394708    0.4868    1.0602  -0.837   21
58143.856  -19.960727699779   42.791198399073    0.8476    3.1753  -0.859   15
58151.270    0.013335713396    0.342900005990    0.6647    0.6495   0.449    7
58158.272   -0.453528680573   -0.126799204736    0.2080    0.3286   0.145   20
58170.230    0.337721519717  -11.329300812690    0.4549    1.2923  -0.573   62
58176.209   -0.725624599780   -2.422202393859    0.8810    0.7994   0.439    3
58203.797    0.274434532518    1.499900389490    0.3791    1.0779  -0.498   28
58204.206   -4.799210505038    0.266500805424    1.0244    1.2148  -0.277    8
58212.209    1.675269331768   -0.808902001381    1.0006    0.8857  -0.427    6
58214.269    1.659943068091   -0.257799592873    1.2453    1.1815   0.829    4
58216.836   -0.400772794355    3.407597992577    0.2379    0.6224  -0.237   49
58218.206   -3.850506389050   -0.306900003011    1.3131    0.8953  -0.360    6
58225.208   -2.263207793588    1.308398407218    1.4385    1.6930  -0.502    5
58232.210    2.762243520895   -0.430002017993    2.6200    0.9944  -0.159    4
58240.165    0.253496171414   -0.897602402006    0.4065    0.3794  -0.065   45
58242.272   -6.029019962634    0.635799585780    0.4512    0.5074  -0.461    7
58246.184   -0.185997797108    0.601199985795    0.3820    2.3918   0.645   26
58255.250    0.007956455932   -0.830599205415    0.3958    1.2646   0.464   22
58260.166    0.918759205081   -1.276700396602    0.6399    0.6692   0.021   36
58261.207    4.558819920065   -0.763502413292    0.6935    0.6126   0.112    7
58270.269   -0.177224406446    1.430899200727    0.4246    0.3232  -0.177   12
58282.227    1.492194083149   -2.204301611641    0.2226    0.3570   0.160   19
58284.269    0.651694320720   -0.053402402500    0.3343    0.3535  -0.366    9
58289.229   -0.258173398036    0.754599582820    2.0832    1.2273   0.352    3
58298.269   -0.291161825692    0.255398390436    0.1617    0.2602   0.028   42
58319.271   -0.139673815644    0.118900806001    0.2117    0.2984  -0.249   47
58330.206   -0.030646782160    0.443098792857    0.1936    0.2649   0.296   25
58331.229   -0.384042788172   -0.939700797176    1.1476    0.7809   0.055    3
58332.255    0.752298739580    0.348800386973    0.8157    0.6438  -0.003    6
58337.208    0.448149582698   -0.141800401821    0.2731    0.3633  -0.103   26
58338.227    0.172780019787   -0.141602416193    0.4132    0.4689   0.131   31
58340.948    4.685391021866    7.210198799612    1.2641    2.6000   0.927   15
58351.208    0.984269742114    0.529200005417    0.2017    0.2809   0.332   23
58358.206    0.972688706851    0.701297989281    0.2585    0.3916   0.196    8
58361.271    0.561738779327   -0.153302394779    0.3457    0.6260   0.095   13
58363.696    1.033867207693   -0.452699995890    0.3098    0.8434   0.005   47
58365.208    0.851263703373   -0.399599994694    0.2469    0.3443   0.278   26
58368.269   -0.347079005146    0.541497598761    0.3704    0.6205  -0.189   13
58372.206    0.585015913331    0.609699606002    0.8640    0.4658  -0.327   12
58374.252   -2.858400999676    5.425700388173    0.4651    4.5634  -0.270   19
58379.208    0.466985202641   -0.186400808388    0.1494    0.2516  -0.097   33
58396.269    1.148273498641    1.673697596516    0.8372    0.8125   0.831    7
58400.206   -0.039420332411   -0.339199209520    0.2453    0.2985   0.234   14
58421.208   -0.577177233885   -0.158702414410    0.1759    0.2110   0.004   36
58429.225    7.194607402637   -5.962399214354    4.8202    2.6209  -0.954    3
58430.248   -0.985903771163    0.092898002890    1.6272    1.2912  -0.885    6
58438.269   -1.180792895008   -0.533901601329    0.7682    0.7142   0.362    5
58440.833    0.209395739784    0.013697996337    0.1660    0.4236   0.033   85
58442.206   -7.302696692719    2.472400805686    0.8593    0.5752  -0.073    7
58451.250   -0.336901712389    0.785397602954    0.4659    0.6513   0.124   11
58456.206    3.882559786313    1.795499991886    0.5444    0.8495  -0.501   11
58457.233   -1.148857433820   -0.466999213700    0.3925    0.3141   0.172   24
58459.271    0.287186310735    1.124499584648    0.3686    0.4881  -0.099   17
58464.227    0.560217100747    1.233298800685    0.5816    0.4731   0.123   25
58466.269    0.150202044028    0.348598794631    0.4513    0.6545  -0.015   12
58470.207  -11.599362114186    4.701499196358    0.9548    1.0258  -0.585    9
58473.271   -0.868689995203    0.893199600682    0.3420    0.4406   0.157   14
58481.840   -5.706155675305   -0.372599998855    1.2323    3.3032   0.877   21
58486.208    0.853953252310   -1.090900809686    0.3094    0.6336   0.105    7
58491.208   -0.182370504769    0.659098785150    0.2916    0.4290  -0.339   18
58494.386   -0.654852741359    0.426099603601    0.2764    0.3576  -0.263   20
58498.207   -0.450137260383   -0.005299210670    0.3465    0.5610   0.396    9
58499.226   -3.634327808886   -6.932901612799    0.6734    2.2135   0.397   10
58501.271   -0.322979350807   -0.087800410142    0.4235    0.5050   0.113   14
58505.161  -12.148231179221  -25.460301617386    0.5318    0.9725   0.065   15
58506.209   -0.672399841861   -0.685800011979    0.2075    0.3058   0.054   16
58508.269   -0.494824499789    0.670100391176    0.2694    0.3285  -0.129   12
58510.833   -0.528396703035   -2.285301599159    0.2602    0.6951   0.071   28
58512.207    0.745746026154    1.639097996531    0.1777    0.2542   0.178   20
58515.271   -0.309761573486    0.014000397641    0.3727    0.5674   0.023    7
58519.208    0.138856880914   -0.571802394234    0.1702    0.3003  -0.156   23
58522.269   -0.466280458790    0.581097589247    0.2853    0.3584   0.000   26
58526.207   -0.516464732146   -0.571499992930    0.1973    0.3057   0.326   14
58527.229    5.774473697349  -18.426099609314    0.6281    0.5583  -0.129   24
58529.271    0.191730703207    0.052199985134    0.2463    0.2716  -0.104   29
58534.209   -0.336550776763    1.330898399488    0.1631    0.2069  -0.253   48
58540.733   -3.214253395484  -23.890499997492    0.3237    0.8165  -0.197   23
58543.271    0.153009529040   -0.518101197144    0.2802    0.4316  -0.190   27
58550.269   -0.277826112297    0.427500006595    0.5195    0.7109   0.015    8
58551.686   -2.486756181497    4.836797995722    0.7438    2.5316  -0.003   10
58557.271   -0.450957067710    0.812498382174    0.8782    0.6213   0.504   12
58564.269   -1.113412616366   -0.341802004300    0.4696    0.5796   0.264   17
58570.249   -0.874891773003   -5.992700403112    0.4964    2.6391   0.849   34
58571.271   -0.310932316440    0.370598399968    0.2127    0.3069  -0.205   25
58576.228   -0.569456650102    0.453398394029    0.1286    0.1236  -0.324   23
58582.207   -0.132419230965    0.338597988048    0.1809    0.2654  -0.266   30
58590.228    0.369889980457    0.172799988718    0.4639    0.3155   0.550   47
58591.269    0.341581811608   -0.625701602530    0.6304    0.6581  -0.268    8
58593.332   -0.318885899774   -0.397000806629    0.4104    1.1150   0.055   10
58597.208    0.621864473290   -0.495799216083    0.2714    0.4013  -0.477   14
58599.271    0.318537836745    1.839499202561    0.9552    0.6732  -0.293    7
58603.209   -0.471544493188   -1.785599994264    0.2059    0.2695  -0.487   70
58606.269   -0.829033790643    0.178700395281    0.3873    0.4628  -0.011   18
58611.208   -0.521027054879    0.306698385089    0.2782    0.5079  -0.496   13
58612.230    1.130142622549   -0.351500409579    1.7666    1.1232  -0.954    3
58613.271    0.063169051124   -0.023400008331    0.2854    0.3246  -0.113   20
58617.209   -0.017429004839    0.273700806019    0.1610    0.2188  -0.444   62
58618.228  -12.324753714414    2.333098782970    2.6057    0.9600  -0.083    6
58620.269   -0.420658348580    0.207799192253    0.2582    0.2985   0.103   22
58624.207   -0.987307513669   -0.102999592855    0.2166    0.3255  -0.327   26
58634.270   -0.452360810216   -0.060001207203    0.3126    0.4447  -0.181   13
58652.207   15.039505383488   -6.121602015696   16.5806    4.4354  -0.973    3
58655.271   -0.372812688535   -0.993099592961    0.3901    0.5916  -0.342   12
58661.251    0.768675097128    0.966999587604    0.4483    0.4626   0.100    5
58662.270   -0.135344652052   -0.057401993558    0.2028    0.3248   0.162   20
58666.207    0.337954519269   -0.530802000753    0.2367    0.3524  -0.416   18
58675.251    1.808508370061   -1.629900003763    0.3565    1.0440   0.208    6
58676.270   -0.523250604712    0.535197588647    0.3264    0.4745   0.279   10
58680.207   -0.402176536861   -0.468702017997    0.1729    0.2751   0.254   15
58683.271   -0.011345163114    0.561898789897    0.3711    0.3817  -0.136   14
58689.251    1.347491945668    1.179597603596    0.6082    1.1631   0.510    6
58694.207   -0.303211573068   -0.188499609521    0.1618    0.2917  -0.296   17
58697.271    0.007838519857   -0.559400410793    0.2173    0.3402  -0.150   22
58701.209    0.018248812167    0.716399995326    0.2410    0.4357   0.002   58
58702.228   -0.914547977563    2.919797984191    0.2598    2.4654  -0.345   25
58703.251   -0.063169051124   -0.071499593446    0.2939    0.2120   0.271   97
58704.270    0.140024751271    0.027698393978    0.3495    0.3920  -0.093   16
58708.207    0.342867777628    0.787298392879    0.2504    0.5233   0.406   10
58711.272   -0.248114200942    0.589600790590    0.2749    0.3990   0.019   13
58712.722   -3.654682234811    6.771999588295    0.3657    0.9877  -0.241   28
58718.270   -0.884249258433    0.517697986879    1.2749    1.5254  -0.857    3
58729.209   -0.208690995933   -0.360702009061    0.1917    0.3179   0.122   11
58732.270   -0.249167007821    0.196898395188    0.3091    0.3710  -0.075    9
58736.207   -0.072995408255    0.305398791056    0.3285    0.3417   0.010   13
58743.209   -0.016727133586   -0.464299216674    0.1805    0.2247  -0.177   28
58746.270    0.805290657536   -0.505799997086    0.3714    0.4421  -0.337   11
58753.268    0.092765899002    1.118599203664    0.3413    0.5196   0.180    7
58774.270   -0.631572894346    1.046098785196    0.2954    0.4135  -0.102    8
58778.211   -0.018832747345   -0.679201207276    0.4189    0.6162   0.081   16
58781.272   -0.599168561457    0.633700784647    0.4378    1.2888  -0.197    5
58787.269    0.402061313795   -0.428101202488    0.4692    0.5362  -0.471    7
58792.207   -0.053926788761    0.678200382254    0.2169    0.4152  -0.172   15
58795.122   -2.676496494011    0.948099582843    0.2397    0.6367  -0.084   49
58795.272    0.465814459687    0.581997605309    0.4148    0.5675   0.032    5
58800.228    2.314329810345  -26.872902009245    2.6150    1.0415  -0.053    7
58802.270   -0.698251301736    1.033599599509    0.3991    0.5096   0.141    8
58803.501    0.446981552753   -0.222800414917    0.4801    2.0308   0.221   21
58814.272    0.160848048897   -0.221799615474    0.3425    0.4396  -0.298    9
58820.207    0.262738433777   -0.028400398833    0.4344    0.4067  -0.163   11
58823.272    0.968008607632   -0.083300406573    0.6392    0.7144  -0.363    6
58829.901   -0.562670937124    3.101299185460    0.2730    0.7584  -0.003   28
58837.272    0.211616417020   -0.487601997179    0.3359    0.4649  -0.224    7
58858.270    0.360883590243    0.349099207142    0.3622    0.5109  -0.044    9
58870.206   -0.570158521355    1.604300385338    0.2787    0.3651  -0.410   30
58872.270   -0.140959781664   -0.185299199984    0.2467    0.3316  -0.334   12
58876.207   -0.095219735379   -0.279100800071    0.2242    0.3733   0.115   24
58877.230    0.418204512203   -0.206402395975    0.1364    0.2368   0.090   51
58879.272   -0.415863185883    0.308599200594    0.3611    0.5710  -0.437    8
58886.270    0.361001526317    0.040798801137    0.3196    0.5381  -0.113   10
58893.272    0.053811565695   -0.547999201217    0.4179    0.7581   0.448    5
58897.209    0.468038009520    0.115700396464    0.3194    0.3879   0.174    7
58904.208    0.984735741218   -0.407102396593    0.2556    0.4502   0.028   18
58905.227   -0.036963783026    0.338500785801    0.3013    0.4625   0.246   37
58911.250   -0.968005894623   -0.869601606723    0.2479    1.1991  -0.509    8
58914.270   -1.063812278189   -0.116402401318    0.8469    0.7412   0.081    3
58920.249   -1.155174434685   -0.338202016792    0.1206    0.1791   0.142  105
58921.268    0.160264113719   -0.842799596512    0.4639    0.8073  -0.038    4
58925.209   -0.023044134452    0.042400796474    0.4279    0.4739   0.336   17
58928.270   -0.364508009985    0.740199607208    0.4100    0.5805   0.179   10
58932.208   -0.636485993117   -0.439999217861    0.1495    0.2292   0.098   20
58935.268   -0.794175780965    2.265299985993    0.4090    0.5274  -0.452    7
58939.209   -0.392816178834   -0.205502405493    0.1755    0.3199   0.101   16
58941.251    0.339945069550    0.619599603624    0.2722    0.4536   0.086   30
58942.270   -0.862373153927   -0.697100412594    0.3805    0.5812   0.434    9
58946.208   -0.170556469954   -0.487601997179    0.1817    0.3424  -0.053   12
58947.227   -1.779026585660   -3.847600817153    0.5788    0.9671  -0.332   27
58956.270   -0.248114200942   -0.687002403765    0.2562    0.3837  -0.125   14
58962.271    0.049482402102    0.309700783419    0.3676    0.4783  -0.146   11
58967.210    4.976670783633   -2.597202018251    1.5818    1.0742  -0.626    4
58969.270    1.776572908872   -1.878901207419    0.7661    0.7840  -0.707   10
58974.208    0.105048805518    0.347299200598    0.3803    0.4574  -0.145   21
58981.210    0.190444896775    1.329598805455    0.5643    0.7173  -0.083    8
58981.988   -0.909165847503   -5.977400411439    1.4233    2.7109   0.407   15
58983.251    0.136282395454    0.751197606519    0.3275    0.3314   0.139   37
58991.269    0.505237505106    0.753598783376    0.2944    0.4700   0.282   11
58995.188    0.726795342734    0.178700395281    0.1273    0.2211   0.134   64
58996.207    0.389191759092   -0.076201214938    0.3757    0.7743  -0.009    9
58998.270    0.162720663104    0.039099603555    0.4412    0.4015  -0.061   11
59005.269    0.202960802843   -0.649299596489    0.2808    0.4004   0.083   16
59009.210   -0.117328839437    0.250700401239    0.2488    0.8730  -0.072    4
59009.250    0.791486072439    2.374797600169    0.4580    2.3411  -0.285    4
59010.229   -1.220449099569   -0.464202014427    0.1262    0.1996   0.214   64
59017.230   -9.372536881453   24.610197604602    7.7391   11.2625  -0.986    4
59019.269   -1.050243565242   -0.966600009633    0.4599    0.6221  -0.307    5
59023.250   -2.238406267995    6.787097987626    0.4463    2.0634  -0.556    3
59025.251    0.044920238958    0.895798788747    0.3319    0.4135  -0.213   24
59026.270    0.170323470402   -0.483699608367    0.6492    0.9363  -0.273    6
59030.208   -0.073110471732   -0.146401214351    0.1539    0.1798   0.057   46
59032.271    0.403698215442    0.543099594097    0.3363    0.4566  -0.022    8
59037.210    0.743525348917    0.257198396980    0.1540    0.2080   0.063   46
59037.250    0.563726457012   -4.491201599421    0.4100    1.5926  -0.513    6
59039.251   -0.169969821767    0.154097995164    0.3467    0.9632   0.547   24
59040.270    0.257123463753    0.451699196446    0.3193    0.5052   0.308   13
59044.208   -0.415276378108   -0.403801203674    0.1471    0.1966   0.241   57
59046.250    0.574838620574    1.216097993506    0.7319    1.6327  -0.084   25
59047.269    0.100719641926   -0.270900000032    0.2644    0.4259  -0.010   12
59051.250   -0.956893731061    4.623299989248    0.4157    2.0882  -0.558    3
59054.270    0.566884877650   -0.081000013097    0.2769    0.4704  -0.044    9
59071.916   15.281889231751    0.288197983878    0.9387    0.4684   0.379   26
59073.209    1.081830803812   -0.892400393582    0.3745    0.6450  -0.201   15
59074.250   -0.735450956911    0.674297993442    0.3819    0.8240   0.086   35
59080.207    0.339125262223   -0.536799609563    0.3172    0.4354  -0.035   25
59081.230    0.062352116394   -0.455601610838    0.5139    1.0540  -0.146   12
59081.252   -0.637421023511    1.662699597205    0.1647    0.4976   0.000   61
59082.271    1.212029357541    0.255999586329    1.6191    1.5101   0.745    3
59086.208    0.231970842945   -0.721101616818    0.2034    0.3185  -0.248   35
59089.269    1.810145112119    0.458200798903    0.7920    1.0916  -0.547    3
59093.206   -0.550155031056    0.374097604094    0.2790    0.2965   0.354   17
59096.271   -0.322746351255    0.253997987443    0.3521    0.6833  -0.137    9
59101.209   -0.339240485289   -0.670899598276    0.2408    0.3556   0.722   26
59103.269   -0.262617784694   -0.342201607850    0.5075    0.4977  -0.250    5
59121.206    0.052640822741   -0.230900405995    0.1701    0.2805   0.096   48
59122.229   -0.453764552722    0.974998795300    0.3878    0.4821  -0.003   43
59124.271    0.455870166481   -0.610401610857    0.3289    0.4192  -0.356   31
59128.208    0.274083596891   -0.071801994750    0.2562    0.4754   0.328   14
59131.269    0.118968454092    0.578397592221    0.2700    0.3429   0.146   14
59136.207    0.666669648771    0.270500396482    0.2227    0.2839   0.093   24
59138.271   -0.018599747793    1.383497988172    0.4203    0.6955   0.259    9
59143.231   -0.087849927634   -0.805201204912    0.3291    0.3948  -0.033   83
59152.271    0.002925421087    0.487799982807    0.2497    0.4065   0.056   19
59159.269    0.402294313347    0.285897590402    0.3577    0.4426  -0.121   11
59163.206   -0.153124752106   -0.858402015069    0.2145    0.2696  -0.085   31
59165.248    0.606423146136   -0.995000408466    0.3060    0.3529  -0.135   85
59170.208   -0.160494400262   -0.223401610810    0.2968    0.2805   0.002   26
59171.227    5.993577858189   -0.773402410914    5.7797    1.4677  -0.884    7
59172.250    0.388138952213    2.980598398494    0.2769    2.1971  -0.187   17
59173.269    0.680940232971   -0.300902394201    0.6450    0.5834  -0.520    4
59178.207   -0.474821009490   -0.730799996518    0.2808    0.3014   0.032   25
59186.250   -1.311224448289   -0.229701595345    0.3142    0.3158   0.406   49
59187.269    0.567117877202   -1.494201600849    0.8853    0.7551  -0.474    3
59191.206   -0.713692788479   -0.757800017936    0.5691    0.7759   0.403   11
59192.229   72.818275771667    9.388699200485    0.7623    0.4970   0.110   46
59194.249   -1.945607700245    1.700499606727    0.3035    1.2555  -0.645    3
59194.271   -1.455345523189   -1.948399201979    1.1071    0.9962   0.302    5
59198.208   -0.589342204326    0.277700397078    0.5729    0.5397  -0.115    8
59205.206    4.163078320145   -2.123701202095    0.4868    1.4904   0.294    7
59229.269    0.353746782050   -0.041900409542    0.3670    0.6259  -0.238   15
59231.585   -0.841083697607   -0.730900805479    0.4625    0.4515  -0.036   20
59233.206   -0.039069396785   -0.200102411441    0.2995    0.5172   0.280   20
59234.229    0.212318288273   -0.841302016852    0.1851    0.3686  -0.502  117
59236.271    0.696965495304    0.091299588689    0.3637    0.4187  -0.135   28
59247.207    0.107623290978   -0.496101617387    0.4735    0.5202   0.405    6
59248.229    0.061883244693    0.549197986288    0.3207    1.2873   0.569   14
59249.248    0.922737433047   -1.669302008622    0.5454    0.6000   0.256   22
59262.207    1.199277579324   -3.082802416543    0.7470    1.1506  -0.313    3
59264.267   -1.043342629198   -0.194799594055    0.4676    0.7056  -0.051   12
59268.208    0.019419555121    0.564699595884    0.2347    0.4034  -0.315   12
59270.250   -0.202374154656    0.743198398823    0.1368    0.2121   0.186  110
59271.269    0.137217266259    0.533498391064    0.3438    0.7397   0.143   17
59271.737   -0.036261911773    0.365299189298    0.1717    0.4405   0.249   70
59276.229    1.273558794010   -1.031299206034    0.7735    0.7489   0.641    6
59282.208    0.003978227966   -1.735099206712    0.7305    0.8446  -0.677    5
59283.227    0.591683690234    0.356198398777    0.1770    0.2605  -0.028   88
59285.269    0.385682243238    0.603500404850    0.2856    0.3880   0.118   19
59291.248   -0.013450776873   -0.217602013208    0.2007    0.2776   0.300   18
59292.271   -0.026904426343   -0.185500817906    0.2659    0.3565  -0.125   27
59298.250   -0.059892694411    2.680700384872    0.2527    0.5592  -0.192   14
59304.229   -0.251623557207   -1.209099610833    0.4508    1.1298   0.040    5
59305.270    1.687434302209   -1.825001999123    0.9191    0.8364  -0.372    5
59318.229   -1.133065171039   -4.216201199370    0.6816    2.0692   0.497    3
59325.217   -0.119903324897   -0.771300003066    0.1664    0.2166   0.072   62
59331.207   -3.396856899805    1.335700804361    2.1916    2.2288  -0.142    5
59334.249   -1.013512781768   -3.454002012404    0.2145    1.2012   0.205    4
59338.209   -0.435981739660   -0.763200011988    0.4146    0.8532   0.155    9
59339.228   -0.214539125098   -1.956402016390    0.2970    2.8142   0.829   42
59352.187   -0.485464301351   -0.316501206044    0.4800    0.5139   0.247   13
59354.250   -0.165758434660   -0.070300808375    0.2012    0.3131  -0.029   74
59355.269    0.175003569621    0.065199583332    0.2454    0.3390  -0.239   17
59360.208    0.120021260972   -0.563299192891    0.2506    0.4217   0.091   11
59361.249   -0.272443982236    0.100799982761    0.1115    0.1547   0.094  134
59362.249   -0.192078925825   -2.747401205738    0.4078    1.5743  -0.662    6
59362.271   -0.748553670754   -0.655002017425    0.3025    0.4438  -0.041   26
59366.209   -1.674095716217    1.532998803100    0.8513    1.3212  -0.773    6
59367.228   -0.420891348132   -0.130201206616    0.0974    0.1308   0.135  131
59369.269    0.111365646795    0.308800792936    0.2868    0.4562  -0.374   20
59373.207   -0.584547041630    0.215600388742    0.2290    0.4432  -0.036   14
59375.249   -0.404046278471    3.693499189694    0.4067    2.0470  -0.434    3
59375.270   -0.646896285426    0.149198388044    0.2429    0.3458  -0.095   19
59383.269   -0.373163624162   -0.088200013693    0.2926    0.4939  -0.291   16
59390.249   -0.310581380813   -2.362201212236    0.3425    3.5633  -0.227    3
59390.271    0.009475421504   -1.143601207332    0.3093    0.4878   0.021    9
59395.228   -0.192547797526   -0.517899604802    0.3279    0.3575  -0.067   26
59397.269    0.015441327155   -0.275500812563    0.2273    0.3606  -0.074   14
59402.208    1.039249337754   -4.879000806568    0.1694    0.3075  -0.030   45
59404.249    0.082588606245   -2.276200808637    0.3245    2.0409  -0.563    3
59408.209   -0.275953498090    0.239000397073    0.2374    0.2791   0.085   50
59410.250   -0.167864048419   -0.078699594042    0.3020    0.3270   0.284   62
59411.270    0.036497624333    0.142898403510    0.2039    0.3162   0.169   36
59417.249   -0.103058255237   -0.031100395859    0.1315    0.1995   0.024   94
59418.271   -0.165174499481    0.076798804116    0.2099    0.3549   0.029   25
59422.209   -0.608994918587    1.132397983383    0.2588    0.4041  -0.272   20
59423.228    1.324094162581   -6.643501211556    1.6101   15.9228  -0.964   10
59425.270    0.526293961874    0.370900801272    0.2248    0.2908   0.095   28
59430.248   -0.177224406446   -0.285300001224    0.2124    0.3343  -0.173   19
59431.271    0.031118526458    0.042998385652    0.2382    0.4391   0.084   17
59438.251    0.019770490747   -1.119801595451    0.1203    0.1911   0.121  139
59439.270    0.448618454399    0.646099186952    0.3874    0.8363  -0.257    9
59444.208   -0.052290046703   -0.082299607129    0.1690    0.2175  -0.366   45
59446.271    0.636603929192   -3.153099618203    0.7297    0.6355  -0.403    8
59457.207    0.320643450504    0.451997991036    0.2521    0.4644  -0.484   16
59460.271    0.459497458821   -0.034002010807    0.5722    0.7979  -0.569    5
59465.206   -0.541732416431    1.178099998356    0.4118    0.5912  -0.447   12
59467.270    0.527579768305   -0.139899611895    0.2705    0.4578   0.088   12
59473.249   -0.288587180644   -0.127601992972    0.6136    0.4099   0.070   19
59474.271    0.140142687345   -0.038800808966    0.2605    0.4295   0.079   15
59478.209   -0.263788527648   -0.098802016169    0.2255    0.2400  -0.133   41
59481.270    1.438034294836   -2.015301615188    0.7258    0.7728  -0.487    8
59486.230   -0.143885202751   -0.438800407210    0.2076    0.3125   0.205  101
59488.272    0.252561141020   -1.361599217375    0.3917    0.5409  -0.444   13
59492.209   -0.242148135703   -0.259401613789    0.2032    0.4080   0.152   10
59493.228   -0.035677976594    0.067298384465    0.1508    0.3059  -0.042   40
59495.270   -0.267999755166    1.032699583448    0.3907    0.5940   0.059   13
59499.189    1.031528594383   -0.132800394681    0.4398    0.4793   0.460   39
59501.227    0.170323470402   -0.666201609079    0.4782    3.1553  -0.068    8
59502.272   -0.522312861310   -0.306399616079    0.2751    0.7353  -0.132    8
59508.251   -0.288472117166   -0.215899208911    0.2445    0.3094   0.197   18
59513.207    1.346203266639    0.785098782785    0.2344    0.3576   0.135   18
59514.230   -0.241797200076   -0.348800412553    0.1534    0.2358   0.116   59
59516.272   -0.253260299265   -0.163101609019    0.2022    0.2921   0.097   32
59521.210   -0.149851108401   -0.879800398934    0.2742    0.3568   0.144   29
59522.229    0.141779429403   -0.230900405995    0.1434    0.2413   0.348   33
59528.230   -0.560450100299   -0.544802398394    0.1221    0.2278  -0.025  103
59530.272   -0.057905016727   -0.720399611964    0.3392    0.4876   0.323   19
59537.270   -0.001636742058   -0.399999598244    0.2230    0.3322  -0.191   15
59541.189   -0.187752634829   -0.434599198229    0.0937    0.1484   0.182   78
59542.208   -0.035444817454   -0.524599192886    0.1388    0.1785  -0.013   28
59544.272   -0.597062947698   -1.215302393121    0.3667    0.5592   0.044   17
59551.270   -0.756156318463   -0.201200413130    0.2320    0.3063   0.051   32
59557.249    0.449320325652   -0.059299202348    0.1030    0.1845   0.057  103
59558.268    0.369889980457   -0.524502016219    0.2355    0.3405   0.508   40
59562.209   -0.071004857973   -0.631000813200    0.1779    0.2462   0.252   35
59563.228   -0.540797545626    0.499197585668    0.0830    0.1491  -0.056   55
59564.251   -0.183656470789    0.251100004789    0.3704    0.3591   0.048   62
59565.270   -0.419838541252   -0.097002009625    0.5146    0.5406  -0.473    8
59571.271    0.713577565413    0.014698795781    0.3170    0.4407  -0.339   13
59576.209   -0.208107060755   -2.910402005796    0.4769    2.3245   0.376   16
59586.272    0.087383928530    0.436600797116    0.2162    0.3022  -0.093   21
59590.209    0.307422800586   -0.142502406675    0.2506    0.3108  -0.055   49
59592.284   -0.294789118032    0.106397988020    0.3328    0.3756   0.218   40
59593.270   -0.112651612815   -0.596901600147    0.2087    0.4129   0.601   37
59594.585    0.904137685254   -0.941601612681    0.8723    1.0173  -0.137    4
59597.083   -0.224601194789    0.394200000642    0.1359    0.2092   0.107   98
59599.249   -0.008888613729    0.187898388049    0.1907    0.2898   0.347   49
59600.272    0.205768287855    0.064000798261    0.1507    0.2309   0.200   27
59604.209   -0.167398049315    0.194399990505    0.2181    0.2378  -0.228   74
59607.270   -0.003975514958   -0.817002018039    0.2549    0.3638  -0.395   17
59611.207   -0.295490989285   -1.337299192983    0.1640    0.2730  -0.056   42
59614.272   -0.752646962198   -0.516999614320    0.4738    0.9738   0.212    3
59618.209   -0.534480704349   -0.433299604197    0.1945    0.2568   0.143   28
59621.270    3.192963939165   -2.875301993299    0.2891    0.3907  -0.105   15
59625.207   -0.033690139321    0.331200001824    0.3796    0.4008  -0.302   31
59626.230   -0.044569303331   -0.484401613221    0.3282    0.3194   0.191   59
59627.249   -0.458559875007    1.040000393004    0.1107    0.2444   0.045   89
59628.272    0.171258341207    0.365997587437    0.2059    0.2878  -0.156   15
59632.209   -0.307305024100    1.677797996535    0.1790    0.5022  -0.516   88
59633.228   -0.262853656843   -0.137401207212    0.1362    0.1821  -0.059  111
59635.270   -0.333976291303   -0.748101612658    0.2165    0.2840   0.077   21
59646.209   -0.189740312514    0.155800799462    0.1818    0.2465   0.409   93
59649.270   -0.747264991726   -0.959702410341    0.2681    0.3180   0.300   21
59654.230    0.013922521171    0.106397988020    0.2095    0.3600   0.728   85
59655.249    0.288357053689    0.084398382683    0.1817    0.1998   0.256  125
59661.206    0.003978227966   -0.335901597737    0.1486    0.2102  -0.104   77
59663.270    0.032873204591    0.946699205429    0.4342    0.7733  -0.300   12
59667.207   -0.231502130833   -0.412801210814    0.1602    0.3291   0.010   56
59670.272    0.563493457460   -0.018399617829    0.2168    0.4976  -0.006   12
59677.270    1.190271189110    1.257098386986    0.3139    0.5538  -0.072   13
59681.208    0.081653735440   -0.042800400024    0.1150    0.1710   0.130  107
59683.271    0.298065474745    0.765698391092    0.2360    0.3041   0.146    9
59689.206    0.039891917121   -0.077601617932    0.1916    0.3045   0.060   37
59690.251    0.091713092123    1.083700783511    0.1083    0.1881   0.225   79
59691.248    0.608879695521    1.743897595929    0.1248    0.1364  -0.346   35
59691.270    0.024214877406    0.088199988113    0.1702    0.2524   0.097   20
59695.208   -0.156518885305   -0.510400809617    0.2278    0.3171   0.181   20
59703.207   -0.266363013108   -0.302000395891    0.1673    0.2335   0.164   51
59705.270   -1.775166293769    0.195400789949    0.4796    0.4335  -0.157   15
59709.208    0.248231977428   -0.467200806042    0.1858    0.2987  -0.174   52
59712.268   -0.137801201437   -0.188600392903    0.2542    0.4154  -0.588   19
59716.209   -0.133239038293   -0.686001604322    0.2895    0.8585  -0.455    5
59719.270   -0.155699237566    0.104900382780    0.2706    0.4200  -0.376   16
59724.230   -0.074048215134   -0.050900416682    0.1046    0.1429   0.130  106
59730.082    0.435049581863    0.721998000586    0.4653    0.5236   0.391  104
59737.120    0.292099409506   -0.166500004184    0.1453    0.1999   0.114   84
59738.208   -0.067262502156   -0.380401195343    0.1607    0.2406  -0.020   90
59739.227   -0.538806995344    0.333698406507    0.3757    0.3720  -0.163  113
59752.208   -0.229278581000   -0.971499616753    0.1281    0.1975   0.038   99
59754.268   -0.013801712499   -0.168300010728    0.2398    0.3708  -0.272   14
59758.210   -0.609345854214   -0.758700008419    0.2055    0.2993  -0.128   76
59761.270    0.019888426822   -0.157100393494    0.2310    0.3792   0.115   14
59765.208   -0.032050524666   -0.469400416137    0.1336    0.2143  -0.066   73
59766.230   -0.250219814701    1.714798798957    0.2510    0.4081  -0.031   33
59767.271    0.273617597787   -0.557801996592    0.3035    0.4664  -0.151   15
59774.251   -1.232614070010    0.086500790530    0.3371    0.3022   0.112   74
59775.270   -0.020820584618    0.182199599408    0.2653    0.4440  -0.364   12
59779.208    0.010763940944   -0.007002014968    0.1903    0.2622  -0.159   77
59780.234    0.572031135562   -1.064901613290    0.4875    1.2152  -0.227   14
59782.269    0.271511984028   -0.276299994084    0.2149    0.3473  -0.007   20
59786.210   -0.280984532935   -0.606902406730    0.2640    0.4436  -0.087   35
59787.229   -0.273732661265   -1.295200797813    0.5446    0.5611   0.290   59
59793.208    0.213138095600   -0.539402404343    0.1461    0.2343   0.065   84
59794.230   -0.138385296204   -0.033001211364    0.1187    0.1792  -0.067  137
59803.270   -0.450370259935    0.230799597034    0.2859    0.2341   0.480   43
59808.209    0.185295925855   -0.258300005385    0.4644    0.5000   0.222   18
59810.272   -0.252676364086    0.358199997663    0.9669    1.1155  -0.766    7
59814.210   -0.192196861899   -0.596501996597    0.1289    0.1932  -0.039   84
59824.272   -0.223899323536    0.403599585752    0.1773    0.3295  -0.009   30
59831.270   -1.418962802745    0.638798402974    0.4009    0.3509  -0.197   41
59835.208    0.701412594971    0.156099594051    0.2208    0.2463   0.004   55
59838.269    0.047612660492    0.172400385168    0.2338    0.3073   0.199   24
59843.229    0.397732150203   -0.226601994768    0.1822    0.3636  -0.609   71
59845.271   -0.120605196150    1.011898788761    0.2839    0.4053  -0.212   10
59849.208   -0.112182741114    0.145198796986    0.1509    0.2964  -0.052   54
59852.269    0.332575421394   -0.462999597062    0.1964    0.2960  -0.080   20
59859.271    0.292919216833    0.207597599911    0.1638    0.2508   0.007   29
59863.084   -0.243316006059    0.797399982844    0.1317    0.2918  -0.572  110
59866.269   -0.151956722160    0.272700006576    0.1989    0.2556  -0.074   50
59870.210    0.164708500378   -0.188301598314    0.1239    0.2155   0.167   64
59873.271   -0.831375276551   -0.829900807275    0.2161    0.2555   0.454   55
59878.227   -0.732994407525   -4.255901998818    0.7722    1.7057   0.144   99
59879.272   -0.179680955831   -0.033901201846    0.1898    0.3436   0.026   43
59887.271   -0.199215574429   -0.086799610699    0.1614    0.2689   0.135   54
59893.268    1.827927925181   -0.336801613798    0.5142    0.6241  -0.235    7
59899.229   -0.326022707968    1.167098392330    0.2133    0.3028   0.102   82
59901.271    0.080600928561    0.438199185737    0.1990    0.3160   0.089   35
59905.208    0.206352382622   -0.100000801240    0.1489    0.2126   0.005  108
59908.269   -0.142363524170    0.252698393410    0.1848    0.2377   0.186   59
59913.207   -0.187283763128   -0.393602411464    0.2045    0.3342   0.014  131
59915.271   -0.095806383566   -0.028400398833    0.1645    0.2290  -0.060   60
59919.208   -0.118148646765    0.371897994000    0.1607    0.2129   0.183  263
59922.269    0.202491931142    0.480797993418    0.1672    0.3795   0.393  117
59928.270   -0.137801201437    0.206499598221    0.1500    0.2467   0.110   46
59935.272    0.095573384014   -0.386301601907    0.2407    0.2820  -0.162   21
59949.268    0.085864962958   -0.056700014284    0.4450    0.4360  -0.218   57
59957.271    0.299938088952   -0.331599605374    0.3324    0.4270  -0.224   45
59962.227   -0.051939111076   -0.377499605975    0.1678    0.1894  -0.036  145
59963.250   -0.955958700667    6.553997997116    0.1862    0.3272  -0.392   94
59964.269    0.326609356155    0.100098003486    0.4764    0.6074  -0.395   29
59968.206   -0.016025262333    0.404600385195    0.1558    0.2331  -0.034  125
59971.271   -0.326255707520   -0.091000794100    0.1998    0.2745   0.052  137
59975.208    0.359246688596    0.003599987508    0.4788    0.4354  -0.356  104
59977.250   -2.029482272510    0.644299205987    0.4137    0.5308  -0.190   58
59978.269   -0.820378336055   -1.092999610819    0.4547    0.5409   0.105   20
59984.248   -0.635315250163   -0.981900001307    0.4646    0.5788  -0.136   10
59985.271    0.081302799814   -0.359899195246    0.3842    0.4401  -0.054   56
59989.208   -0.119552389271    0.208000784596    0.1672    0.2071  -0.159  178
59996.206   -0.247996264867   -0.457401617382    0.1738    0.2566   0.012  117
60024.206   -0.186932827502   -0.712900816779    0.3316    0.4453  -0.120   56
60032.227   -0.587472462716    0.156797992190    0.2863    0.2587   0.247   90
60038.207   -0.802480299926   -0.920401214444    0.4296    0.5194   0.649   58
60040.248   -0.173246178480   -1.201399197726    0.1181    0.3336  -0.174   34
60048.269   -0.199799669196    0.073598394579    0.3519    0.6853  -0.569   17
60052.207   -0.175584791791    0.505497595782    0.2050    0.3165  -0.083   77
60055.271    0.201674996412   -0.217299611904    3.2223    2.4155  -0.964    3
60059.208    1.865711355946   -1.434002408018    0.2554    0.4081   0.042   28
60067.207    0.182373377366    0.361198789278    0.2985    0.4541   0.269   18
60081.229    0.150437916177    0.182300382789    0.1217    0.1890   0.089   56
60087.208   -0.094868799753   -0.995101217427    0.8100    1.0157   0.216   15
60090.269    0.331988613618    0.444398386890    0.2376    0.3164  -0.026   48
60096.270    0.842490153122    0.605098793471    0.5945    0.6969  -0.155    5
60102.228    0.198867511400    0.228797998147    0.2542    0.3878   0.226   39
60104.269    4.802840669975   -0.000500412511    0.9575    0.7921  -0.440   13
60106.041   -0.364976881686   -0.424900792950    0.2314    0.2025   0.143  103
60108.207    0.492134791263    0.309099587525    0.3576    0.3135  -0.179   86
60118.269   -0.044100431630   -0.809600399521    0.4658    0.6523  -0.293   15
60125.271   -0.623268215796    2.649999592563    2.0346    2.6201  -0.852    4
60159.250    0.394806729116    0.044899201157    0.1802    0.2675   0.175   64
60160.269   -0.393635986162   -0.684500417947    0.7017    0.5306   0.058   11
60164.207    0.126806973950   -0.504799197643    0.2549    0.3186  -0.064   64
60167.249   -2.100604906969    4.695699598756    0.2694    0.4158   0.055   29
60167.271    0.068668957671   -0.116899207114    0.4213    0.6632   0.194   13
60181.271   -1.313214998571    0.174798006469    0.7757    0.8512   0.625    4
60185.209   -0.505352728172    0.565397994023    0.3388    0.3611  -0.290   72
60188.269   -1.336259133023    0.011300400615    0.3792    0.5611  -0.032   11
60193.208    0.567002813725   -0.436399204773    0.4848    0.4705  -0.255   27
60195.238   -1.642278191102   -2.064002396196    0.4935    0.6241   0.136   18
60195.271    0.607009953911    0.065599186883    1.8998    1.8977  -0.935    6
60199.209   -0.423583769666   -0.439001999553    0.2565    0.3125   0.268   73
60206.207    0.467569137819    0.116600386946    0.2250    0.2511   0.004   46
60206.207    0.469323815952    0.119897998729    0.2250    0.2511   0.004   46
60206.207    0.469323815952    0.119897998729    0.2250    0.2511   0.004   46
60207.230    0.407440571259    0.304397991613    0.2694    0.3433   0.002   16
60208.249   -0.668772549521    8.727199187319    0.3389    1.0534  -0.288    6
60208.271    0.722117956524    2.052698388866    0.5014    1.0321   0.378    5
60223.249   -1.012224102739    2.521699201452    0.1617    0.2118  -0.473   14
60223.271   -3.830151963124    1.685599193024    1.6752    0.9013  -0.821    5
60227.209   -4.906598083456   -0.933699607231    2.0167    1.2680  -0.760   33
60230.251   -0.683512005423    1.598997593533    0.2358    0.2272  -0.384   42
60230.270    0.971868899523    0.446500794737    0.8583    0.6607  -0.730   12
60235.211   -0.473883266088   -0.306399616079    0.2189    0.2060  -0.032   75
60237.271    1.011876039710   -1.130500800173    1.0033    1.0133  -0.293    8
60241.209    0.381706887869   -0.098701207207    0.3367    0.3642  -0.292   16
