%-----------------------------------------------------------------------------
%                R.A. (mas)        Dec. (mas)        Err. (mas)     Corr. Del.
% Uncertainty in R.A. is in R.A. cos(Dec.)!!!!
%-----------------------------------------------------------------------------
47023.246   -1.837218561120   -1.026500407875    1.5495    1.7773   0.016    4
47285.178    3.771513830066    5.200599592570    0.9941    2.8565   0.497   12
47914.255   -0.042273836121   -1.619100002870    0.5918    1.4879   0.382   14
48497.253    1.193847030311    1.194098400958    0.5399    0.9077   0.568   15
48874.421   -0.424304935661   -0.633099601544    0.6800    1.3009   0.135   16
49576.417    0.131127496598    0.602200798028    0.5650    1.1306   0.081   11
49750.334   -0.177966844365    0.457199999460    0.2229    1.1337  -0.028   29
49819.958   -0.483410057608   -0.511002005510    0.3848    0.3366   0.253  218
49939.333    0.372636814846   -1.019901603172    0.2281    0.9736  -0.097   39
50177.333   -0.383465242287    0.357998392531    0.2832    0.8411   0.165   33
50219.333    0.277129173461   -0.206499598221    0.2037    0.4082  -0.216   45
50255.288   -0.453921754489    0.595699195571    0.3324    0.5635   0.021   37
50631.251    0.086504955804   -0.168001203349    0.3888    0.7463  -0.560   58
50652.253   -0.037705120483    0.481697996690    0.2447    0.5428   0.155   27
50659.251   -0.039533888336   -0.078199207110    0.2542    0.4933  -0.116   35
50673.251    0.039274008925   -0.288500397971    0.2474    0.6086  -0.005   42
50687.251    0.084287970832   -1.157101205251    0.2845    0.5771   0.035   51
50701.251   -0.134127323794   -0.932601605541    0.2114    0.3783  -0.189   49
50715.251    0.127476368879   -0.085701609009    0.2284    0.4755   0.104   76
50729.251    0.037448445066    0.232498794617    0.3723    0.6933  -0.595   47
50743.251    0.043579819159    0.514000797125    0.2170    0.3909  -0.143   54
50749.085   -0.114556090183    0.493999196749    0.4631    0.7203  -0.036   41
50757.251   -0.237595107125   -0.110199606240    0.1906    0.3620  -0.202   55
50771.252    0.054148189190    0.269099993488    0.1929    0.3469  -0.081   43
50785.252    0.127604706588    0.470098801486    0.2462    0.4702  -0.133   31
50799.252    0.028314217782    0.394099191681    0.1928    0.3416  -0.100   63
50813.168   -0.165701248183    0.666500390878    0.3006    0.5708  -0.458   58
50827.252    0.057148194386    0.729100798935    0.2363    0.5236  -0.185   52
50841.252    0.451313348405   -0.769899600073    0.2924    0.6481  -0.240   21
50855.252   -0.418433618977    0.841798797069    0.2641    0.6159  -0.468   53
50868.167    0.281043384583    0.432500397096    0.2678    0.6559  -0.019   25
50869.252    0.195975775520   -0.173199605058    0.2102    0.3423  -0.312   56
50883.252    0.016048443602    0.112798794305    0.1968    0.2991  -0.138   46
50897.252   -0.301657339830   -0.216100801254    0.3035    0.3758  -0.111   14
50911.252    0.162832962689    0.003700796469    0.3608    0.4087  -0.176   30
50925.252   -0.041359452195    0.008499594628    0.3151    0.3809  -0.151   38
50939.252    0.037839866178    0.548798395528    0.2191    0.3576   0.195   51
50953.252    0.060934067799   -0.782600403681    0.3624    0.4776  -0.311   16
50967.252   -0.219198136850    0.236098794915    0.2263    0.3193  -0.070   58
50981.252   -0.112990405734    0.189500396175    0.2207    0.3417   0.085   61
50995.252    0.262909497711   -0.028501207794    0.2163    0.3259  -0.136   51
51009.252    0.002871489487   -0.645199209259    0.2628    0.3403  -0.128   66
51023.252   -0.387510995111    0.184600801845    0.2452    0.3229  -0.179   47
51037.252    0.169618663299    0.245800794119    0.2326    0.2860   0.064   60
51051.252   -0.212021015128   -0.453599999162    0.2848    0.3368  -0.264   40
51065.252    0.314969039639   -0.015501609596    0.2181    0.2507  -0.173   62
51079.252    0.251949528569    0.147797997840    0.1771    0.2668  -0.202   60
51093.252    0.151744655837   -0.143398803232    0.2255    0.3126  -0.179   61
51107.249    0.066805384483    0.314099990817    0.2033    0.3151  -0.223   63
51121.249    0.333494347622    0.383399999748    0.2467    0.3583  -0.109   55
51135.252    0.145873339154    0.474699601227    0.2386    0.2985  -0.188   46
51149.249    0.237466769417   -0.119300409551    0.1596    0.2122  -0.081   60
51163.249    0.004960136750   -0.400201203377    0.1713    0.2628  -0.087   62
51177.249    0.126821864363    0.259599599417    0.1912    0.2933  -0.149   47
51191.253   -0.208889468231   -0.108000008936    0.1667    0.2156  -0.210   58
51205.249    0.283263573548    0.299199589904    0.2112    0.2855  -0.203   58
51219.249   -0.046056683542   -0.609800402174    0.1509    0.2123  -0.104   54
51233.253    0.129170391037   -0.201099604169    0.2529    0.3049  -0.062   29
51246.084   -0.022962481920    0.135601200668    0.0542    0.1780   0.118  298
51247.249    0.270606378255    0.085698002295    0.1771    0.2543  -0.126   53
51261.249    0.055453994228   -0.070199999413    0.1518    0.2432  -0.070   57
51275.249   -0.031050961575   -0.122399997338    0.1750    0.2437  -0.045   63
51289.249   -0.143130009376   -0.267800399456    0.1641    0.2389  -0.156   68
51303.249   -0.084156429130   -0.169498808589    0.1928    0.3154  -0.155   43
51317.249   -0.006782496617   -0.209800803930    0.1820    0.2568   0.009   57
51331.249    0.131782001114   -0.411699602409    0.2097    0.3434   0.034   33
51345.249   -0.123035812950   -0.275400003602    0.1969    0.2871   0.011   46
51359.249   -0.253903430138    0.337798793737    0.2059    0.3401   0.112   59
51373.253   -0.047099405177    0.229600799173    0.1902    0.2808   0.030   48
51387.249    0.439702078739    0.140698793416    0.2028    0.3286  -0.060   44
51394.251    0.076591090289    0.120898798173    0.1587    0.2705  -0.052   41
51401.249   -0.313922936011    0.243298795510    0.1774    0.2986  -0.081   60
51415.249   -0.138824377141   -0.211798808891    0.2017    0.2807  -0.053   45
51429.249    0.286263400744    0.334900798293    0.2069    0.3216  -0.097   50
51443.249   -0.404602160347    0.619801195967    0.2128    0.3083  -0.127   40
51457.249   -0.002999827196    0.176400001806    0.1748    0.2962  -0.113   51
51471.250   -0.367156919274    0.799898400317    0.2364    0.3390  -0.131   50
51485.250   -0.129298728746    0.126197996053    0.2576    0.3883  -0.163   43
51492.251    0.075545164661    0.427201199216    0.1919    0.3116   0.052   49
51499.250    0.063933894996    0.059597996938    0.1816    0.2861  -0.037   45
51506.251    0.603840846467   -0.034300805396    0.3009    0.3609   0.302   31
51513.250   -0.088198977961    0.053600400918    0.2048    0.3195  -0.051   49
51527.250    0.227418158207    0.220201201273    0.1359    0.2355  -0.134   56
51541.250    0.031577128382   -0.057999608316    0.2778    0.3755  -0.049   22
51555.250    0.180447090739    0.211899592273    0.2127    0.3244  -0.207   28
51569.250    0.000000000000    0.038897998422    0.2349    0.3961  -0.258   23
51583.250    0.189058355209   -0.246499205048    0.2008    0.3710  -0.028   36
51597.250   -0.189709655731    0.538099190805    0.2748    0.4698  -0.377   20
51611.250    0.098379308872   -0.010501206305    0.2340    0.3876  -0.199   38
51625.250   -0.005739774982   -0.239400000623    0.2863    0.4337  -0.269   18
51639.250   -0.657722748260    0.035297998124    0.3347    0.4735  -0.123   29
51653.250    0.255340776878    0.182300395579    0.2975    0.6565  -0.248   33
51667.250   -0.494106943347    0.599900391762    0.2726    0.6261  -0.002   32
51681.250    0.168575941663    0.959198391115    0.3524    0.9358  -0.356   11
51695.250    0.437876514880    0.306399590499    0.4100    0.5548  -0.178   24
51704.001    0.450402168471   -0.133001999814    0.2719    1.2325   0.224   18
51709.250   -0.045405205019   -0.660099597383    0.4071    0.6775  -0.113   13
51723.250   -0.217892331812    0.657799191117    0.2371    0.4104  -0.230   37
51737.250    0.124213280280    0.436399191983    0.2130    0.4412  -0.138   27
51751.250   -0.138301414327    0.130600797377    0.2280    0.3483  -0.058   36
51765.250   -0.158787031865   -0.033699609503    0.1999    0.3368  -0.002   43
51779.250    0.047362488580    0.712000800718    0.2487    0.3533   0.221   47
51793.250    0.867529982410   -0.139500008345    0.4031    0.7118   0.060   13
51807.250    0.269563656620   -0.053701209879    0.2894    0.4001  -0.462   55
51821.250    0.339105784895   -0.035899206807    0.1932    0.2992  -0.102   53
51835.250   -0.066933722192    0.045197995746    0.1651    0.2989  -0.058   43
51849.250   -0.385813768960    0.178397993977    0.2471    0.3682   0.058   36
51863.250   -0.146130014572    0.508100390562    0.1986    0.2937  -0.247   32
51877.250    0.075676706362    0.006497995741    0.2333    0.4247  -0.226   15
51891.250    0.492153041779    0.156599993772    0.2627    0.2994  -0.101   27
51906.248   -0.487061363327    0.427499993805    0.2030    0.3509  -0.161   16
51919.251   -0.094070472645    0.068900392591    0.1627    0.2540  -0.100   54
51933.251   -0.185663902907    0.097801191146    0.1860    0.2952  -0.162   49
51947.251   -0.010568370031   -0.399801599826    0.1977    0.2882  -0.058   60
51961.251   -0.203669452070    1.041699590587    0.1759    0.2827  -0.075   47
51967.168   -0.169878542709    0.201200400340    0.2224    1.1227   0.011   17
51975.247   -0.070456512202    0.452800792061    0.2283    0.2996  -0.105   45
51989.243    0.538864229836    1.222599595962    0.3707    0.5214   0.039   29
51995.223   -0.398339422551   -0.165200397362    0.2343    0.2520   0.199   41
51996.249    0.131390580001    0.621197992245    0.1680    0.2425  -0.143   42
51997.268   -0.011479727964    0.381499197033    0.1762    0.2642  -0.203   32
52003.247   -0.264211920758   -0.386200805735    0.1737    0.2452  -0.145   65
52017.251   -0.313660030607    0.299098793732    0.1697    0.2864  -0.112   56
52306.248    0.076068127475   -0.240800403617    0.4744    0.7974  -0.042   80
52360.250    1.548869717106    1.527001194290    1.9196    2.4855  -0.211   20
52401.205   -0.034445413877    0.619898398213    0.1567    0.3848   0.110   62
52408.203   -0.172095527681    0.766097994642    0.2379    0.5649   0.201   30
52409.164    0.075936585773    0.996199193537    0.4013    0.7228  -0.300  177
52415.216   -0.313268609495    0.354301189986    0.1560    0.4155  -0.117   31
52423.204    0.196627076042    0.976100390915    0.1983    0.4789   0.255   49
52429.205   -0.076847765706    0.929300399832    0.1454    0.3866  -0.175   28
52436.203    0.042145498412   -0.233600403021    0.1895    0.3719   0.121   42
52443.216   -0.306614272587   -0.308998804144    0.3626    0.9942  -0.643   13
52444.228   16.024821453109    1.078700393009    3.7763    2.6123   0.243    6
52450.207   -0.049970894664    0.828500391492    0.1976    0.4723   0.182   48
52457.205   -0.048796631327    0.558799202111    0.1494    0.3974  -0.026   24
52464.204    0.272172062704    0.139697993973    0.4714    1.0114   0.638    6
52471.213    0.327494515230    1.882800002306    0.2531    0.6781   0.090   18
52478.204   -0.465141603042   -0.223002007260    0.1951    0.4436   0.036   22
52485.209   -0.268254647588    1.994500794922    0.2297    0.5050  -0.054   25
52492.204    0.112339105211    0.497199593497    0.2499    0.4918   0.120   35
52492.708   77.880188284836  -21.516598806670    8.5744    4.5039  -0.481    5
52499.213   -0.168441195969    0.815399997123    0.1881    0.4818   0.166   27
52506.204    0.770196599165    1.480298392664    0.3542    0.8171   0.370    4
52513.205    0.021659880875    1.484099998095    0.1909    0.3814  -0.169   14
52519.999    1.035842840670    0.493498797027    1.6624    2.0156  -0.337   10
52521.204   -0.094853314869   -0.751500007823    0.2765    0.4316  -0.032    8
52527.216   -0.441004679785    1.522000790999    0.4594    1.4620   0.001    5
52534.204   -0.208106626006   -0.422802004607    0.1407    0.4368   0.301   18
52541.206    0.180838511852    0.669099591732    0.1985    0.7190   0.325   10
52548.204   -0.188795271805    0.656499597085    0.2021    0.4557   0.184   10
52555.206    0.006525821199    0.703000793578    0.2141    0.6808  -0.262    8
52562.207    0.275434973303    0.467297995499    0.1228    0.3200   0.323   34
52564.242    0.077633811924    0.653799600059    0.3867    0.3855  -0.452    5
52566.236   -0.127604528588    0.764200798642    0.2252    0.2244  -0.217   12
52567.241    0.263169377122    0.552099601236    0.5181    0.3105  -0.535    6
52568.241   -0.335971212005    0.222199193445    0.2508    0.3232  -0.373    5
52569.238    0.171052806046    0.635399995019    0.2101    0.2630  -0.244   10
52570.243   -0.279477522135   -0.002300406265    0.3596    0.2999  -0.286    5
52571.244   -0.323054137301    0.232397998445    0.7832    0.8538  -0.572    3
52572.237    0.070328174493    0.340300792345    0.2334    0.3491  -0.083   10
52573.242    1.280743407226    0.112100396166    1.3634    0.5179  -0.705    3
52574.242   -0.949857465688    0.452699995890    0.3196    0.3538  -0.193    4
52575.236   -0.278694679910    0.866300401015    0.3692    0.3366   0.249    5
52576.244   -0.229112180365    0.358397996081    0.3320    0.3366  -0.439    5
52578.242   -0.254294851250    0.053200797367    0.2422    0.2462  -0.172    8
52583.206   -0.322662716189   -0.595699208361    0.1724    0.3825  -0.077   22
52590.204    0.025314212586    0.475700400671    0.1671    0.3895   0.037   16
52597.206    0.141176107807    0.645001198052    0.2042    0.3490   0.165   21
52604.204   -0.167658353745    0.350099993796    0.1761    0.3276   0.293   11
52611.228    0.439961958150    0.609300002452    0.1995    0.3378   0.144   22
52612.228   -2.845530026232    1.923299996065    3.1883    2.5471  -0.355    6
52618.204   -0.174703933765    0.111599996444    0.1303    0.2601  -0.115   20
52625.202   -0.002608406084    0.108100792318    0.1624    0.3583   0.045   17
52646.204   -0.088853482477    0.365198393126    0.1433    0.2488  -0.092   18
52674.208    0.143653150189    0.789998389905    0.1710    0.3013   0.126   14
53045.207    0.121996295308    0.860299198280    0.2706    0.3332   0.306    8
53052.205   -0.018788391387    0.086101199770    0.1907    0.2826  -0.406    9
53059.203   -0.100596293844    0.278798398767    0.1465    0.2897   0.047   12
53125.576   -0.345496860400    0.125200790535    0.2664    0.3868  -0.014  135
53131.252    0.003914211122   -0.018298808868    0.1260    0.1928  -0.186   67
53134.021    1.193718692602    6.629101197575    0.2209    0.3521  -0.172  117
53152.747    4.228047194632    1.125601193053    0.3542    0.5550  -0.043  135
53164.205   -0.117427579670   -1.005101998430    0.1616    0.3715   0.174    7
53178.205    0.196495534341   -1.009400409657    0.2168    0.5876  -0.153    8
53201.256    0.190495701949   -0.066700808077    0.0742    0.1486   0.076  212
53220.202   -0.089896204112    0.719297990770    0.1788    0.3163   0.054   21
53234.205    0.041099750784   -0.060400797963    0.1577    0.3254   0.133   19
53235.228   -0.749187840814   -0.081201605440    0.5304    0.8343  -0.045   13
53256.204    0.136607392169   -1.156701601701    0.2292    0.8730  -0.351   21
53264.247   -0.315225715056    0.279399594660    0.3764    0.4722   0.019    8
53269.204   -0.316663061796    0.865800001293    0.1795    0.3468  -0.019   14
53276.205   -0.748404998590    0.199699201175    0.2293    0.2982  -0.043   19
53278.247   -0.267734888767   -0.006598804703    0.2001    0.3211   0.156   27
53283.207    0.111819346390   -0.395802008768    0.1574    0.2223   0.080   20
53285.253   -0.245943466191   -0.569401204586    0.0621    0.1105  -0.462  203
53290.205    0.271389220479   -0.069901204824    0.1549    0.2513   0.078   19
53297.204    0.299312017149    0.556498795845    0.1877    0.3153  -0.005   18
53304.224    0.138827581134   -0.050299207999    0.1819    0.5383  -0.347   12
53318.206   -0.196232450938    0.779799597694    0.1720    0.8309  -0.196   15
53325.226   -0.090547504635   -0.712501200439    0.2457    0.4540   0.084   27
53339.204    0.581138065957   -0.841500002480    0.6104    0.7755  -0.755   12
53341.249    0.026097232811   -0.037101598593    0.0717    0.1144  -0.013  127
53346.228   -0.466578771782   -2.237399999672    0.3489    0.8613   0.348   11
53354.223    2.034237058275    1.483898392962    3.1191    1.6272  -0.808    3
53360.206    0.171315889449    0.279500390832    0.1245    0.3409   0.034   31
53367.226    0.231723790442   -0.206701203354    0.4830    0.6937  -0.153    5
53389.206    0.319794430694    0.307997991911    0.2361    0.2597   0.232   34
53402.206    0.060151225575    0.021301194408    0.2766    0.3483   0.063    8
53403.225   -0.153698557406    0.880099193523    0.9380    0.8456  -0.242    6
53409.204   -0.024005203555    0.125701190257    0.1440    0.2189  -0.025   25
53416.206   -0.138824377141    1.132498792344    0.2400    0.3281  -0.421   21
53423.208   -0.411387860957   -0.501001198927    0.3983    0.4107   0.066   56
53430.206    0.004177294526    0.086900394081    0.0917    0.2246   0.114   51
53437.204   -0.159438510388    0.267098394602    0.1151    0.2816   0.061   29
53444.206    0.255340776878   -0.302299203270    0.1878    0.2496   0.060   33
53451.208   -0.192318061815    0.036698401118    0.1169    0.1741  -0.021   36
53460.248   -2.124524683499   -5.344002002516    0.1387    0.1911   0.156   23
53467.246    0.068890827753    0.401900400959    0.1354    0.2057   0.022   17
53472.206   -0.050622195187    0.258598799974    0.1069    0.2743   0.002   44
53479.204   -0.215152384026   -0.139399199384    0.3385    0.2657   0.254   37
53486.206   -0.222197964047   -0.036601198872    0.2522    0.2539   0.136   69
53488.251    0.313011934077   -0.487198799703    0.1702    0.2231  -0.064  103
53493.204   -0.085199150765   -0.140698806206    0.1297    0.1980  -0.051   40
53500.206   -0.304528829317    0.579099597076    0.4927    0.5487  -0.038   83
53507.204    0.561175411233   -0.067798809766    0.3493    0.4041   0.116   21
53509.246   -0.160352716314   -0.161899204443    0.1536    0.2552  -0.052   27
53514.206   -0.187229587356   -0.309898807416    0.1361    0.2611   0.201   58
53522.205    0.225332536937    1.255499998365    0.1239    0.3884   0.170   33
53528.206   -0.131910338822    0.207601193836    0.2282    0.3052  -0.026   46
53542.206    0.306357597170    0.277397995774    0.2255    0.2804  -0.324   38
53543.225   -0.270866257665    0.206701190564    0.2689    0.3860  -0.280   15
53549.208   -0.036402519438   -0.008701199761    0.1675    0.2083  -0.041   35
53551.250   -0.288348844014   -1.420099199834    0.0974    0.2923   0.523  234
53557.207    0.171052806046    0.148201195316    0.1376    0.3450   0.145   78
53563.204   -0.016831285826    0.376099190191    0.1240    0.3179   0.140   56
53564.223   -3.158278876906   -0.342201607850    0.3029    0.5417  -0.507    8
53570.206   -0.090419166926    0.195497992195    0.1410    0.2317   0.130   45
53577.204   -0.126821686364    0.137898000219    0.1474    0.2112   0.070   37
53598.210   -0.134650286608   -0.643201204298    0.2015    0.3755  -0.271   20
53600.248   -0.195058187601    0.144900002397    0.2471    0.3196   0.295   16
53607.250   -0.926763442066    2.360897998699    0.1159    0.1567  -0.362   94
53612.206    0.212415640233    0.470498392247    0.1640    0.3529   0.048   44
53620.205    0.777110637484   -0.335401198015    0.3802    0.9757   0.025   24
53626.195   -0.136084429355   -0.131900404199    0.1206    0.2085  -0.053   21
53626.498   -0.099030609395   -0.094399202055    0.1405    0.2567   0.069   21
53627.196    0.481193250636   -0.022701597402    0.3251    0.3647   0.043    8
53627.499    0.091465092554    0.142801201264    0.3398    0.3787   0.013    9
53628.197   -0.228592243544    0.128199594940    0.1202    0.2155   0.221   33
53628.500   -0.004174090533    0.064501197983    0.1520    0.2556   0.262   26
53629.198   -0.140649941001    0.256399189880    0.1012    0.2221   0.176   40
53629.501    0.065631121146    0.217501191457    0.1109    0.2414   0.169   45
53630.195    0.074633806728    0.083199597611    0.0975    0.1660   0.229   33
53630.498    0.126170563840    0.664898395542    0.1258    0.2009   0.249   37
53631.196   -0.007696880543    0.255499199397    0.0845    0.1430   0.254   65
53631.499    0.032359970606    0.053798399335    0.1125    0.2009   0.309   66
53632.196   -0.058973580246    0.133300794403    0.1020    0.1550   0.233   52
53632.500    0.005611437273    0.183499193440    0.1286    0.1992   0.271   45
53633.197    0.102684941107   -0.210401999823    0.1029    0.2330   0.225   28
53633.500    0.298789054335    0.068299196698    0.1480    0.2735   0.312   31
53634.205    0.021791422576    0.031298394276    0.2923    0.3205  -0.665   46
53634.501   -0.116904616856    0.173800800951    0.1289    0.2103   0.013   47
53635.195    0.117036158558    0.066200395565    0.0933    0.1500   0.186   66
53635.498    0.288352048007    0.085399194916    0.1191    0.1820   0.179   66
53636.196    0.305051792131   -0.059101203931    0.1048    0.2075   0.271   38
53636.499    0.311183166225    0.048499201455    0.1580    0.2313   0.268   50
53637.197    0.090290829217    0.168299997938    0.1126    0.1841   0.036   65
53637.500    0.136347512759   -0.073699203540    0.1464    0.2363   0.299   50
53638.197    0.087550881431    0.141998400238    0.1179    0.1617   0.137   52
53638.497    0.076719427997    0.147499190462    0.1349    0.1767   0.077   49
53639.198   -0.148869962357   -0.236998798187    0.0902    0.1379   0.355   78
53639.501   -0.053493684674    0.061199992274    0.1019    0.1815   0.313   69
53640.199   -0.017482586349   -0.276598801463    0.1514    0.2799   0.462   16
53642.248    0.253775092429   -1.676901599978    0.1076    0.2636  -0.212   79
53654.206    0.605143447512   -0.097200008042    0.1985    0.3001   0.106   23
53661.204    0.499721762612    0.919501198382    0.4806    0.4940  -0.035   12
53675.205    0.314705956235   -0.176500797977    0.1921    0.3874   0.080   29
53682.203   -1.766239086104    0.657601192700    1.2099    0.6329  -0.645   27
53689.216    0.166878715513   -0.094798805605    0.2741    0.2838   0.340   40
53690.227    0.047753909692   -0.132699598510    0.1683    0.3657  -0.252   39
53696.203    0.373682740474    1.097798396188    0.3177    0.5970   0.218   16
53703.205    0.960037796599   -0.045298804707    0.2626    0.4084   0.306   24
53710.203    0.060542646687    0.362800797404    0.1350    0.2976   0.059   40
53711.225    0.063542473883    0.777499191429    0.1567    0.2253   0.169   29
53712.248    0.056888136976    0.069699599692    0.1911    0.3385   0.195   13
53717.205    1.110473443405    0.103499992576    0.5718    0.9810   0.127    9
53718.224    0.225069631534   -0.872200807578    0.7464    0.9321   0.356   27
53732.205    0.047234150871   -0.006901206007    0.3064    0.5615  -0.096   32
53739.207    0.346283084617    0.416897991329    0.4086    0.4535  -0.150    5
53745.205   -0.075022023847    0.097498802631    0.1922    0.2633   0.104   23
53753.204    0.297091828185   -1.222099209031    0.2861    0.8252   0.077   12
53759.201    0.384379626213    0.242398792238    0.3703    0.3757  -0.265    4
53761.246    0.608666237522   -0.540201598653    0.4063    0.4826  -0.530   10
53766.207   -0.010045585216    0.339098400559    0.1104    0.1995   0.045   24
53768.252    0.019571233612    0.164199597918    0.1320    0.3181  -0.622  125
53773.205   -0.185926986311    0.413600392335    0.2611    0.5088  -0.663   13
53808.203   -0.390119401195    0.177299992288    0.3264    0.3686   0.063   12
53815.205   -0.234332196526   -0.665600400396    0.2891    0.5915   0.027   10
53822.207   -0.096810420430    0.230698800863    0.1146    0.2056   0.137   49
53824.248    1.127304729231   -0.513702002536    0.3025    0.4974  -0.522    7
53829.205   -0.545123763639   -0.663300006920    0.3443    0.5077  -0.436   21
53844.206    0.197801339379   -0.207201603075    0.1606    0.4119   0.117   26
53851.229   -0.284566174593   -0.279702008754    0.2815    0.3471   0.498   56
53852.249   -0.567175065626    0.137098793118    0.2795    0.3421  -0.382   12
53871.205    0.729225364090    0.161798395482    0.4274    0.5590   0.117   12
53878.207   -0.085981992990   -0.258598799974    0.2195    0.3789  -0.099    8
53886.206   -0.172486948793   -0.390099600622    0.1306    0.2691   0.198   34
53893.204   -1.521469883250   -0.175499998534    0.7232    0.4079   0.366   36
53899.205   -0.404470618646    0.302799590202    0.7044    0.3801  -0.228   39
53906.203   -0.575132003579   -0.850600805791    0.3235    0.6715   0.474   12
53913.205   -0.106204527124    0.466898391949    0.2404    0.3467   0.005   52
53915.247   -0.410082055919   -0.332899199407    0.2790    0.4382  -0.401    8
53928.228    0.038622708402    0.011699991376    0.2379    0.2281  -0.066  147
53934.207    0.135433128833   -0.091501206612    0.2138    0.3228  -0.257   46
53941.205    0.073588059100    0.520397996695    0.2783    0.5144  -0.457   17
53948.203    0.637240334715    1.185400795123    0.3971    0.6348   0.318   20
53955.205   -0.582049245891    0.465901199220    0.3759    0.7681  -0.514   16
53964.209    0.265909324908   -0.909201610000    0.3366    0.5142  -0.264   17
53969.238    0.712394078264   -0.397000806629    0.3459    0.9993   0.077    7
53976.207   -0.283000490144   -0.407998805940    0.1690    0.2635   0.026   42
53978.249   -0.186446745132   -0.177901200971    0.0992    0.2643   0.430  232
53984.210   -0.291871634024   -0.539600402760    0.2553    0.3212   0.077   15
53990.207    0.163878888317    0.386600396496    0.1988    0.2515   0.098   67
53992.249    0.373551198772   -0.248500803934    0.1139    0.1412   0.191  126
54004.207    0.346934385140    0.462898800890    0.2511    0.8173  -0.118   11
54011.205    0.406690807610    0.076399200566    0.2615    0.3271   0.167   25
54018.218    0.397819663730    0.065199596122    0.2036    0.2901  -0.055   56
54032.207    0.155135904146   -0.118501202451    0.2376    0.5792  -0.218   31
54039.209    0.158398814746    0.058100391698    0.1794    0.2941  -0.039   39
54046.207    0.190232796545   -0.217799998836    0.1186    0.1884  -0.190  101
54048.249   -0.078153570745   -0.128599198490    0.0892    0.1026  -0.042  245
54054.224   -1.103296143683   -1.639602002967    0.7910    1.2437   0.505   16
54055.251   -0.511329650285   -0.034999203535    0.3258    0.5007  -0.350    5
54074.207   -0.164918405959   -0.261399605961    0.1852    0.2583   0.145   16
54075.226   -8.711428758156   -1.771498800451    0.5179    0.5276   0.261   16
54076.249   -0.029616818828    0.075797991883    0.2489    0.1201  -0.302  240
54081.205   -0.088198977961    0.054899994950    0.3312    0.5354   0.538   12
54088.207   -0.137650113804   -0.697701608487    0.1290    0.3104   0.314   71
54103.208    0.992654442623    0.543301199230    0.6188    0.2779   0.507   17
54110.206   -0.505458333602   -0.243500400643    0.1333    0.1643   0.246   72
54116.207    0.972172029078    0.241999201478    0.2341    0.2135   0.216   39
54130.207    0.253123791906   -0.136602000111    0.2183    0.3315   0.058   15
54137.209    0.019179812499   -0.117500403007    0.0772    0.1416   0.003  102
54138.225   -1.142438788906   -0.072298800546    0.9715    2.4265   0.221    3
54144.207   -0.918020635895    0.051098402309    0.3010    0.3169   0.141   11
54152.206   -0.062756427666    0.282200400648    0.1621    0.2064  -0.089   19
54165.206   -0.122516054129    0.027799190150    0.1801    0.2268   0.574   52
54172.208   -0.302571723756    0.460198791075    0.3939    0.2708   0.550   35
54186.208    0.311706129039    0.483299992027    0.1116    0.1811  -0.082   58
54187.230    0.250120760717    0.041799600581    0.0999    0.1790  -0.198  142
54193.209    0.080765180822    0.274600796502    0.1007    0.1539  -0.151   72
54201.208    0.075025227840    0.155098794608    0.0952    0.1961   0.216   56
54214.208    0.184492843563   -0.359899208036    0.1388    0.2392  -0.112   49
54228.208    0.261080729859   -0.200401206030    0.2256    0.2862  -0.036   41
54235.206    0.197018497155    0.281599191965    0.1422    0.1970   0.073   25
54236.225    0.148741624648   -0.179200807793    0.2207    0.4201   0.284   23
54242.208    0.299831775970   -0.172198805615    0.1255    0.1752  -0.048   31
54256.208    0.136870475573    0.142700392303    0.1135    0.2015   0.269   32
54270.208   -0.219458016261   -0.253699205643    0.2015    0.3097   0.211   12
54277.206   -0.216326647363    0.371699995583    0.1952    0.2827   0.400   24
54278.229    0.080505301411    0.078400799453    0.0958    0.1598  -0.206  172
54284.208    0.124604701392    0.077000396459    0.1921    0.2597   0.118   22
54291.206   -0.164658526548    0.294598790163    0.2387    0.3874  -0.117    8
54292.229    0.150961813613    0.284399997952    0.1528    0.1848  -0.132  204
54305.206    0.165835993878    0.494499596471    0.3097    0.4534  -0.204    8
54312.208   -0.689168334941    0.121399197894    0.3479    0.3132   0.019    3
54313.227    0.481453130046    1.822600796686    0.4208    1.2027   0.700    6
54319.206   -0.002999827196   -0.189899999725    0.2281    0.5170  -0.245    8
54321.248   -3.203684081925    5.070898798465    0.3152    0.5652   0.328   23
54326.208    0.075808070064    0.499399190801    0.2619    0.2755   0.030   18
54333.206    0.440744800374    0.552301193579    0.2234    0.2269  -0.024   28
54340.208    0.125647601027    0.143600395575    0.1070    0.2338   0.176   35
54348.207    0.444267768384   -0.053701209879    0.3200    0.2762   0.350   26
54354.208   -0.022830940219    0.131799595238    0.1260    0.3169   0.194   34
54355.227    1.379905558323   -0.052700397646    0.7754    0.9404   0.162    4
54361.206    0.449096363433   -0.543801598951    0.4712    0.4676  -0.289    9
54368.208    0.508201485380   -0.225100808393    0.2888    0.4739  -0.330    6
54375.210   -0.052187879636    0.166798798773    0.1914    0.2363   0.009   18
54383.209    0.133607564973   -0.873298809267    0.1342    0.2844   0.083   20
54384.228   -0.418693498388   -0.461001604890    0.2547    0.3759   0.248   21
54390.207   -0.004305632235   -0.231300009546    0.1760    0.3908  -0.457   11
54396.208    0.110381999650    0.089398798764    0.1262    0.2994   0.235   17
54398.250   -8.925538420547   -7.179001201507    1.3880    0.8327   0.928    7
54403.206    0.166878715513   -0.116600399735    0.1872    0.2560   0.469   27
54410.208   -0.090027745814    0.147200395872    0.1686    0.1704   0.150   22
54412.246   -0.016568202423    0.695300393261    2.9701    1.7556  -0.914    3
54417.206    0.002739947786   -0.115801205425    0.1432    0.2290   0.067   18
54424.208    0.764453620191    0.573699590234    0.2606    0.2234   0.414   24
54431.206    0.370679709285    0.298198790460    0.2770    0.2214   0.593   38
54432.225   -1.971345884914    0.579301202208    1.2663    0.5054  -0.370    3
54433.288   -0.087807556849    0.361299598239    0.1619    0.2653  -0.226    7
54438.208   -0.015393939086   -0.333000008368    0.3393    0.2510   0.272   20
54440.250   -0.059756422470   -0.779299197973    0.1097    0.2237  -0.029  154
54445.206   -0.045273841317    0.256798793430    0.1114    0.1332   0.276   76
54452.208    0.106599152229   -0.050698798759    0.1107    0.1990   0.115   31
54461.208    0.038099745588    0.299401195036    0.1055    0.2554   0.068   45
54473.206    0.201064249979    0.125701190257    0.1245    0.3110   0.222   31
54480.208   -0.519421333933    0.875498393782    0.2931    0.4549  -0.226   18
54489.248   -0.068759286051   -0.120700799755    0.1154    0.1454  -0.181  235
54494.208    0.128910511626   -0.201700800062    0.1735    0.2849   0.074   31
54502.225    0.767716530790   -2.205900000263    0.2148    0.3815   0.179   81
54508.208    0.033271150540   -0.341099999446    0.2850    0.5157  -0.198   12
54516.207    0.109207736313    0.123300000610    0.1465    0.2214  -0.061   23
54522.208    0.029097060007    0.102301194715    0.0838    0.1328   0.059   68
54529.207    0.036011098325    0.114800393192    0.0765    0.1377  -0.058   87
54537.205   -0.331145642949   -0.419202004309    0.4132    0.2730   0.692   97
54543.207   -0.064193774406    0.210898792830    0.0765    0.1431   0.065   74
54551.209    0.158398814746    0.072601201850    0.1124    0.1636  -0.066   69
54557.207    0.023357107025    0.334299602400    0.1226    0.1798  -0.015   66
54558.226    0.210978293493   -0.081399603857    0.7895    0.8454  -0.465   26
54559.230   -0.073456339398   -0.008600403589    0.0885    0.2131   0.161  210
54579.209   -0.707433763514   -0.733201198955    0.3218    0.5705   0.070   15
54585.207    0.248946497380    0.052199997924    0.1202    0.2156   0.035   56
54592.208    0.015265601377   -0.241700406889    0.2203    0.3352   0.019   26
54599.207   -0.089244903589    0.294901191467    0.1994    0.2694   0.084   22
54606.209   -0.048536751917   -0.004798798159    0.5309    0.5860   0.362    5
54612.995   -0.130864413195    0.370501197722    0.4475    0.5899   0.106   38
54614.207    0.683300222250    0.957099589982    0.4507    0.6643  -0.362   16
54620.209    0.295917564848    0.133099202060    0.0836    0.1524   0.068   94
54648.209    0.020745496948    0.235501192947    0.1642    0.3504   0.030   32
54655.207    0.275434973303    0.578699993525    0.2100    0.2962  -0.054   26
54657.249   -0.088070640253    0.345200399465    0.1246    0.2072   0.040  171
54662.209    0.012657195293    0.548899191699    0.1556    0.2296  -0.064   25
54669.207    0.183187038525   -0.152600402714    0.1559    0.2493  -0.050   49
54676.209    0.072545159465   -0.626202002252    0.3868    0.2938   0.288   34
54677.224    2.349465977324   -2.549700009524    0.3574    0.7243  -0.421   44
54683.207    0.685517207221   -0.549601209343    0.2784    0.4947  -0.196   37
54690.497    0.521378439494    0.298501191764    0.4897    0.8281   0.728    9
54691.502   -0.191015460770   -0.457599603010    0.3610    0.9680   0.330    4
54692.499    0.227289642499    0.657799191117    0.2589    0.4811   0.657    6
54693.500    0.410213775620    0.275399990812    0.2148    0.3411  -0.027   16
54694.500    0.332320084286   -0.886499999808    0.2695    0.8196   0.583    7
54695.501   -0.171181143755   -1.689699605834    0.4859    1.0620   0.836    5
54696.502    0.222852468562   -0.900100806689    0.2745    0.5793   0.274   11
54697.499    0.271129341069    0.349099194352    0.5108    0.6813  -0.088    4
54698.500    0.048536751917   -1.292900404337    0.2952    0.7641  -0.031    4
54699.501   -0.511201312576   -1.714600800540    0.4621    0.7640  -0.194    4
54701.499   -0.559866402202   -1.420099199834    0.4375    0.8261   0.742    7
54703.500   -0.192841024629   -0.095601606631    0.4819    0.4920   0.288    6
54704.501    0.062368210547   -0.164098801747    0.1698    0.3470   0.377   10
54712.208   -0.485887099990   -0.579301202208    0.2965    0.3408   0.363   23
54713.249    0.017222706938   -0.015901200356    0.1819    0.2981  -0.408   91
54718.209    0.261995113785    0.375098390748    0.1221    0.2602   0.062   27
54725.207   -0.277388874872   -0.120499207412    0.3827    0.4129   0.369   26
54732.209    0.157615972521    0.131000400927    0.1307    0.2829  -0.049   59
54733.224   -0.338974243194   -0.230299210102    0.2192    0.5022   0.290   29
54739.207   -0.097856346058    0.197600400043    0.3674    0.2191  -0.129   61
54746.209    0.244120928325    1.092797992897    0.3363    0.6440   0.294   12
54754.208    0.510550012054    0.552301193579    0.8190    1.5788  -0.731    4
54760.209    0.338322942671    0.174999598812    0.1139    0.3258   0.349   57
54774.209    0.055191088825    0.250498796106    0.1970    0.4385  -0.466   23
54776.247   -3.814307603008    2.185700401469    4.7496    3.6202  -0.973    3
54781.207    0.123953400869    0.378799200007    0.1032    0.2459   0.300   31
54782.226    3.957440816377    3.228098390196    0.3957    0.5035   0.413   18
54784.268   -0.177575423252   -0.128300403901    0.2416    0.4683   0.059   42
54791.273    0.431090814270    0.324298795817    0.2045    0.3472   0.264   50
54795.207    0.130999158889   -0.520199998277    0.6026    0.4752  -0.516   16
54796.270    0.196235654930   -0.537901205178    0.1885    0.4155   0.256   32
54797.998   -1.317928768889    2.820797995184    0.9352    2.5176   0.658   54
54805.270    0.082722286383   -0.068202007242    0.2536    0.4581   0.265   42
54810.208    0.010048789209   -0.080301602168    0.0899    0.1673   0.307   79
54812.272   -0.012134054480    0.321199195241    0.1867    0.3832   0.057   49
54816.209    0.002611610077    0.261399593171    0.1776    0.1653   0.040   69
54817.228    0.189712859724   -0.334699205951    0.3426    0.7615  -0.322   17
54818.251    0.360502760366   -0.789102006138    0.1796    0.3176   0.078   72
54819.270   -0.219849437373    0.061999199374    0.2412    0.4993   0.384   39
54823.207   -0.195058187601   -0.702500406646    0.1483    0.2692   0.139   73
54824.266   -0.135041707720   -0.439700397692    0.4449    0.5982  -0.162   25
54831.294   -0.228069280730   -0.583498804474    0.7353    1.1024   0.102    8
54837.207   -0.074762144437    0.151300795892    0.0859    0.2211   0.248   76
54840.268    0.024791427772    0.307198797600    0.1639    0.2959  -0.061   46
54847.266   -0.475581635363   -0.117799197596    0.4040    0.4833   0.052   64
54854.272   -0.154221520220   -0.422600399475    0.2450    0.4976   0.581   34
54858.209    0.025182848884   -0.009298801729    0.2369    0.3823  -0.007   82
54861.270    0.064585195518    0.190198794314    0.1645    0.3432   0.106   31
54865.207    0.096682082721   -0.349498797902    0.1565    0.2230  -0.251   67
54866.226   -0.341842528688   -1.897599607048    0.2153    0.4126   0.033   48
54868.272    0.169487121597    0.337399190187    0.1401    0.2741   0.223   49
54872.205   -0.007696880543   -0.601002000167    0.1465    0.2861  -0.001  102
54875.270   -0.147175940199   -0.011502005748    0.1845    0.2742   0.314   75
54882.272   -0.109598979425   -0.130201206616    0.2031    0.2831   0.149   42
54889.270    0.130216316665   -0.967201205526    0.2783    0.6398   0.031   28
54893.207    0.006262915795    0.345700799187    0.1179    0.2198   0.345  146
54896.268    0.385425551841   -0.016999202046    0.3085    0.7947  -0.055    9
54901.206    0.376422688259    0.211500001512    0.1356    0.2696   0.264   29
54903.270    0.075153743549   -0.267199203563    0.1559    0.2662   0.068   33
54907.207    0.197932881081    0.012999598198    0.0756    0.1293   0.041   83
54910.268    0.148481745238   -0.470199597657    0.2422    0.4185   0.335   40
54914.209   -0.037445241073    0.428799600627    0.1708    0.3359  -0.132   99
54915.999   -1.473715973557    2.001999590107    0.6771    1.0072  -0.107   13
54917.270   -0.065236496041   -0.133199998231    0.1778    0.3869   0.159   64
54921.207    0.117690663073   -0.547999201217    0.1137    0.2901  -0.344  170
54924.268   -0.104638842675   -0.086000403599    0.1754    0.3194   0.200   47
54928.206   -0.112990405734    0.253598396682    0.1841    0.3169   0.022   83
54929.228    0.480670287822    0.243399591682    0.3737    0.5713   0.254   24
54930.269    0.981957556884   -0.147402001005    0.3072    0.5732   0.051   28
54938.272   -0.136215971057    0.029998800244    0.1747    0.2706  -0.058   55
54942.209    0.034317076168   -0.244198798782    0.1328    0.2095   0.221   91
54945.270    0.124604701392   -1.130900403723    0.2815    0.6100  -0.066   29
54951.267    0.258340782073   -0.156801598905    0.2124    0.4243   0.287   31
54958.269    0.263692339936   -0.093200404194    0.2064    0.3134   0.028   79
54966.268    0.200672828867    0.135799199086    0.2176    0.3432  -0.003   44
54973.270    0.233680896003    0.078901199174    0.2558    0.4565  -0.124   45
54978.208    0.200281407754    0.155401195912    0.2714    0.2613  -0.206  132
54980.268   -0.425870620110   -1.089500406692    0.2380    0.4096   0.424   35
54985.207    0.500241521434    0.210499202069    0.1456    0.1508   0.181   80
54987.270   -0.411779282069   -0.382399200305    0.2944    0.4309   0.217   42
54993.271    0.218023873514    0.753800401299    0.1864    0.2661   0.271   67
54998.206    0.899626869613    2.060999997866    0.2246    0.2645   0.217   44
55001.270   -0.240335054911    0.300599992897    0.2129    0.3557   0.042   30
55005.208    0.466710491483    0.251899199100    0.3163    0.2779   0.501   53
55006.227    0.862832751063    0.095698796088    0.4377    1.1464   0.349   16
55008.268    0.169878542709    0.080899191346    0.3802    0.5643  -0.294   29
55014.269    0.168835821074    0.157201202455    0.2134    0.3605   0.057   35
55022.268    0.569915191411   -0.546800403356    0.4403    0.6891   0.433   18
55026.206   -0.772150500734    0.148698001112    0.5933    0.3388   0.393   70
55029.270    0.910846540166   -2.651000404796    0.7453    2.0821  -0.380  118
55032.999    0.059628262761   -1.731301207997    0.3520    0.8038   0.442  111
55036.268    0.282872152435   -0.234399610122    0.2358    0.4017   0.187   59
55042.251    0.250252302418    0.195098401434    0.1407    0.1851   0.067  237
55043.270    0.574743786460   -0.966401998426    0.3407    0.4877   0.174   35
55047.208   -0.001957105561    0.866599195604    0.3693    0.5508  -0.211   23
55050.269    0.272303604405    0.023900395263    0.1603    0.2709   0.161   47
55057.270    0.269040693806    1.095199195333    0.2689    0.4144   0.515  119
55061.208    0.077893691334   -0.129898805312    0.1881    0.2601   0.571  109
55064.269    0.255472318579   -0.057600004766    0.2661    0.3459   0.107   52
55069.225    1.366337183096    0.033699596713    0.7792    0.9705  -0.040   14
55071.292   -1.345588482155   -0.639899998589    0.6910    1.2540   0.395    7
55075.208   -0.317182820618    0.119098791629    0.2996    0.2510  -0.080   90
55078.269    0.303745987093    0.445499995294    0.2229    0.4811   0.271   40
55082.001   -0.190752377367   -1.641301200550    0.4168    1.0250   0.270   75
55085.270   -0.749316356523    1.248598792358    0.3636    0.6687   0.226   19
55089.208    0.319666092985    0.643298393754    0.1314    0.2026   0.259  127
55092.269    0.376422688259   -0.684100801607    0.4794    0.6811  -0.057   14
55099.270    0.400559611516   -0.639298802696    0.2240    0.3678  -0.128   78
55106.269    0.088725144768    0.678898793183    0.3070    0.4281  -0.219   40
55111.229    0.555563973960    1.200700799586    0.3821    0.9442   0.393   25
55112.251    0.187884091872   -0.160599597621    0.1166    0.2476   0.330  261
55113.270   -0.124081738578   -0.451000798307    0.3883    0.4995   0.310   65
55120.269    0.007177299722   -0.091900797372    0.2114    0.3243   0.245   55
55127.274    0.258863566888   -1.349200802281    0.2936    0.6080  -0.173   43
55134.269   -0.366765498162   -0.807598800634    0.2763    0.4335  -0.131   49
55141.271    0.046971067468    0.232498794617    0.1552    0.2951   0.459  124
55147.582    6.784054113513  -10.836500401012    3.2115    5.5279  -0.715    5
55148.269   -0.157744310230   -0.353901599226    0.2914    0.4170   0.141   57
55152.206    0.435396446505   -0.120600003584    0.0910    0.1541   0.113  159
55153.229    0.047753909692   -0.540000006310    1.5750    1.5163  -0.541   15
55154.248    0.554649590034    0.207698396082    0.2215    0.2764   0.473   38
55155.271   -0.615448912139    0.530899190210    0.3209    0.6206   0.024   29
55160.271    1.030622646510   -0.282099604476    0.5475    0.9161   0.159   52
55161.998   -2.782510515163   -0.532699209543    1.3216    2.0329   0.064  137
55168.252   -0.174052633242    0.201301196512    0.1109    0.1938  -0.389  260
55169.271   -0.025833971408   -0.095000397948    0.1574    0.3642   0.194   40
55176.269    0.324231604631    0.263098790754    0.1775    0.3920   0.244   57
55180.206    0.169095700485    0.285300001224    0.0802    0.1224  -0.122  304
55181.229    0.901324095763   19.554901199115    2.6933   20.3423   0.960    3
55183.271    0.078025233036   -0.129099598212    0.2367    0.4541   0.176   42
55188.271   -0.018525307984    0.073799999711    0.1712    0.3716   0.165   51
55195.273    0.709917035882   -0.123800400331    0.2740    0.5150   0.207   33
55204.273   -0.016699744124    0.508399197940    0.1880    0.3022   0.172   38
55208.206    0.337931521559    0.338000398870    0.2910    0.3166   0.486  271
55211.271    0.060151225575    0.954500401917    0.2887    0.3701  -0.518   62
55214.996    2.341637377079   -1.808802004177    3.8858    4.1777  -0.942    3
55216.209    0.017745669752   -0.149500802138    0.1422    0.2336   0.053   48
55218.269   -0.005871316684   -0.157798804423    0.1447    0.3386   0.245   53
55225.271    0.069805211679   -0.293601597434    0.1988    0.3771   0.107   49
55229.208    0.855395749931    0.440499592003    0.1941    0.2348   0.045   63
55232.269   -2.976917402241    0.969199197698    0.3774    0.8748   0.168   30
55239.271    0.467101912595    2.806397993993    0.4099    1.5793   0.196    6
55244.209   -0.209932367866    0.171500394686    0.2293    0.2635   0.266   10
55246.269    0.014091338040    0.058899598798    0.1447    0.2744   0.464   11
55253.271    0.208892672224   -0.796201197772    0.3109    0.8932  -0.190   23
55267.271    0.187624212461    0.033098400820    0.1814    0.4616  -0.251   28
55278.206   -0.164658526548   -0.159501608721    0.1742    0.2437  -0.005   17
55281.271   -0.312748672674    0.132400791131    0.1472    0.3801  -0.152   69
55287.272   -0.091202009150   -0.604501204293    0.2587    1.0014  -0.304    6
55293.207   -0.381508136725    0.126900000907    0.2825    0.4814   0.429    8
55295.271    0.048799835320   -0.289900800965    0.2323    0.4930   0.078   40
55299.208    0.413608227921    0.352400400061    0.3314    0.5497   0.129   28
55300.227   -0.431741936793   -0.839998803315    1.0714    1.2995   0.307   11
55302.269    0.334148852138    0.019598390111    0.1451    0.2911  -0.232   40
55309.271   -0.081807902457    0.550098002350    0.1319    0.2886   0.018   89
55313.208    0.033402692241   -0.156099606841    0.1757    0.2694   0.134   49
55316.269    0.115733557512    0.016999202046    0.1988    0.3417   0.177   91
55323.271   -0.256903257334    0.024400794985    0.1947    0.3249   0.071   45
55330.269    0.069805211679    0.414899999157    0.2333    0.5456   0.193   43
55336.248   -1.241992361115   -1.762599602273    0.7520    1.4067   0.240    4
55337.271   -0.182272654599    0.519998393145    0.1645    0.3834   0.273  132
55342.209   -0.284303091190    0.467398791670    0.1314    0.2878  -0.155  104
55344.269    0.052842384152    0.141901197992    0.2489    0.3830  -0.320   19
55349.207   -0.043576615167   -0.187801198592    0.1201    0.2150  -0.021   42
55351.271   -0.028702434902   -0.162702005468    0.3126    0.3993   0.041   31
55358.269   -0.883183800906   -3.423898809274    0.2212    0.5247   0.213   49
55365.271    0.374593920407   -0.870598799452    0.4188    0.7394   0.208    9
55369.208    0.354631265683   -0.223099209506    0.2070    0.2259   0.051   63
55371.250   -0.716045205983   -1.050400803138    0.2406    0.2956   0.184  184
55372.269   -0.217369368998    1.890100799073    0.5490    1.2091  -0.075   17
55376.207    0.545386847042   -0.147099599701    0.2328    0.2127   0.131   97
55383.000    0.387902416223    1.183600801369    1.2580    1.7687   0.404    6
55386.269    0.151613114136   -0.088902005757    0.3192    0.3586   0.289   28
55398.228   -0.841564291301    2.762398796108    0.5594    1.4622   0.101    9
55400.269   -0.047362488580    0.674899202124    0.2594    0.4930  -0.149   46
55407.271    0.308966003254    0.721501194789    0.6713    0.7798  -0.066    7
55421.271   -0.250772061240   -0.872600398338    0.1523    0.2820   0.079   61
55432.207   -0.093287630420    0.089600391107    0.1874    0.4621   0.207   72
55439.209    0.478976087664    0.285001193845    0.1950    0.3047   0.040   56
55442.269    0.183450121928   -0.146199609219    0.3662    0.5725  -0.150   14
55447.208   -0.398339422551   -0.565200008396    0.2074    0.3464  -0.235   26
55449.271   -0.133735902682   -0.062398802925    0.3580    0.7068  -0.429   12
55453.209    0.094205218339   -0.468000000353    0.2893    0.4070  -0.072   19
55454.228   -0.056625053572   -0.214300807500    0.1137    0.1786  -0.148  176
55463.271    0.346151542915   -0.065998803223    0.1606    0.3259  -0.257   53
55470.269   -0.989391532023   -2.633799597618    1.4412    2.7300   0.313   15
55474.207    0.071893858942   -0.633402002848    0.3085    0.3108   0.100   33
55477.268   -0.145347172347   -0.510102002238    0.1935    0.4499  -0.276   21
55484.270   -0.495935711199   -0.642600008405    0.2579    0.4760   0.070   17
55488.207   -0.082850624092   -0.255200404808    0.1461    0.1981  -0.188   66
55491.293    0.752059508301   -0.458802007586    0.3111    0.5444  -0.259   12
55495.209    0.201847092203   -0.752299202134    0.2761    0.3990   0.017   44
55498.273   -0.203278030958   -1.423400405542    0.5999    0.6263   0.012    4
55505.271    0.217763994103    0.228499190769    0.5213    0.7247  -0.256    9
55509.209   -0.312877188383   -0.871401600477    0.2821    0.4684   0.207   18
55512.270   -0.821338553174   -2.935501198920    1.1996    2.1746   0.576    6
55519.271   -0.175358438281   -0.284299201780    0.2437    0.5119   0.063   13
55524.268   -1.375728263797   -2.169298801391    0.2823    0.5090   0.057   25
55525.999    0.431873656494    0.822099597997    0.3629    0.4285  -0.084   71
55530.207    0.712002657151   -0.076798804116    0.5791    0.7900   0.643    3
55533.271    2.843836004074   -0.503499603610    0.6459    1.0134   0.022   21
55538.228    0.073979480212   -0.255402009941    0.1235    0.1800  -0.130  194
55539.251   -0.572263718085   -1.895799600504    0.5660    1.2117   0.180   19
55540.270    0.344194437354   -0.103701597709    0.2577    0.5098   0.242   20
55546.249    0.346674505729   -1.053799198303    0.5078    0.7239  -0.077   38
55547.271    0.457576086200   -1.004799609916    0.3224    0.5356  -0.044   89
55551.209    0.009265946984    0.129499201762    0.0885    0.1618  -0.061  149
55553.269   -0.005088474459    0.126601193529    0.2488    0.3392   0.169   58
55558.207    0.180970053553   -0.535600798912    0.1628    0.2823  -0.144  118
55560.271   -0.095767698795   -0.635299198848    0.4080    0.7199   0.260   23
55565.209   -0.072150534360    0.086101199770    0.1557    0.1656   0.404  106
55568.270   -0.009522622402   -4.519198800779    0.2652    0.5256   0.302   64
55575.272    0.472581808167   -0.297298799978    0.2122    0.3211   0.019  112
55586.207   -0.064713533227    0.561898789897    0.1515    0.2213   0.112   76
55589.272    0.020354075836   -0.932500809370    0.2984    0.5822   0.118   33
55593.209   -0.234072317115   -0.360900007479    0.1791    0.2134   0.550   87
55596.270   -0.587266236058    0.312098391930    0.5128    0.7154  -0.780  134
55600.207    0.233680896003   -0.293601597434    0.1340    0.2954   0.102   20
55603.268   -0.148869962357    1.536998394158    0.3395    0.8616  -0.091   26
55610.270    0.884101210826   -0.132001200370    0.4158    1.0251   0.751   71
55615.230   -0.305180129840   -0.151300808682    0.1670    0.1711  -0.183   35
55616.249   -1.781504687481    4.855698000483    0.0897    0.1747  -0.494  308
55617.272   -0.191143798479    0.196099200878    0.5804    0.7768  -0.106    5
55628.207   -0.249074835089    0.566798397017    0.1774    0.1985  -0.067   56
55631.272    0.431482235382   -0.008600403589    0.3850    0.4994   0.046    9
55636.210   -0.055319248534    0.816497998812    0.3097    0.6702  -0.066   12
55645.272    0.051276699703    0.885499200365    0.3606    0.4697   0.256   19
55650.228    0.007960141946    0.054500391400    0.1240    0.1554  -0.114   81
55652.270   -0.019571233612    0.294497993991    0.2607    0.3930  -0.343   50
55656.207   -0.274517385384   -0.470699997379    0.1737    0.2346   0.343  182
55659.272    0.447007716170   -2.283699603822    0.5028    0.8002  -0.362   24
55664.228   11.301492873794    2.848600792049    2.3341    4.1911  -0.197    3
55665.247    0.104642046668    0.420800392931    0.1387    0.2454   0.045   60
55666.270   -0.453007370562   -0.090799201757    0.6260    0.9742  -0.256   46
55670.207    0.160484436015   -0.431899201203    0.1407    0.2091  -0.094  127
55671.270   -0.159961295202   -0.301201201580    0.2830    0.3156   0.209   52
55680.270   -0.023613782443    0.393800397092    0.3831    0.5679  -0.282   22
55685.226    0.454444717302    0.720500395346    0.5843    1.0084  -0.229    7
55687.272    0.102553399405   -0.339400801863    0.5181    0.5609  -0.019   10
55694.270   -0.372636814846    0.767998797357    0.2929    0.4992  -0.309  122
55698.207    0.090942129740   -0.192499200580    0.2259    0.3629   0.146   45
55701.272    0.009134405283    0.110401198583    0.1863    0.3704  -0.324  116
55705.209   -0.020222534135   -0.126298805014    0.2494    0.3120  -0.056  144
55708.270   -0.205498219922    0.154699191057    0.4908    0.7671  -0.162   13
55713.208    0.024922791474   -0.079300802724    0.2005    0.3251   0.214   24
55719.206    0.243206722398   -0.988498806009    0.2583    0.5343   0.464   36
55722.270   -0.239289129283    0.512099994410    0.5925    0.5708  -0.147   20
55729.272    0.018005549163   -0.193399203852    0.4302    0.4900  -0.366   18
55733.209    0.372768356548    0.396601190289    0.1851    0.2969   0.129   63
55734.228   -0.053753564085   -0.400301999548    0.1905    0.2789   0.288   62
55736.270   -0.631368840032    0.751798802412    0.7942    1.2314  -0.615   13
55743.268   -0.741879177390    1.697698800740    0.7311    0.9132  -0.557   32
55750.270   -0.393902070615   -0.846900009321    0.4527    0.5151  -0.113   25
55754.208    0.461622017024   -1.306900801978    0.2139    0.6131  -0.169   84
55755.230   -0.071107812725    0.128098798768    0.1794    0.2933   0.302   31
55757.268   -0.182272654599    0.450298793453    0.3015    0.3790   0.128   46
55763.247    1.391388490279    2.050898395112    0.8960    1.0680   0.814   16
55764.270   -0.052450963039   -0.945399598606    0.3641    0.5768   0.023   77
55768.208    0.497501573648   -0.459500405725    0.3672    0.4562  -0.181   82
55771.268    1.244340887789   -0.584802005221    0.4046    0.5649   0.095   37
55776.228    0.195452812706   -0.348300000041    0.1421    0.1799  -0.196  122
55778.270   -0.210586694382    0.244198798782    0.3883    0.5452  -0.138   19
55782.208    0.402125295965    0.638999995317    0.2870    0.5323   0.315   15
55785.268    0.137781655506   -0.812901605229    0.3507    0.6476   0.040   34
55791.251   -0.248555076268    2.772799193451    0.6744    1.5221  -0.077   18
55792.270    1.591535152339    0.428399997077    0.5696    0.5865  -0.384   72
55796.208    0.262646414308    0.779799597694    0.3206    0.3604   0.048   65
55799.268    0.512898716727    0.381301198615    0.7351    0.9066  -0.256   13
55803.206   -0.443221664757   -0.375901204563    0.2079    0.2373   0.202   71
55806.270    0.125779142728    0.879400795384    0.2775    0.4046  -0.355   48
55811.208    0.287177784670    1.001699996550    0.3454    0.3907  -0.355   85
55813.272   -0.041619509605   -0.286999198806    0.3590    0.3649  -0.045   71
55817.206    0.037839866178   -0.279900007172    0.1190    0.2078   0.142  140
55819.500   -0.000651300523    0.106999196703    0.0899    0.1726   0.019   60
55820.497    0.157484430819    0.006699600874    0.1771    0.2399  -0.105   21
55821.498    0.115079052996    0.172097996654    0.0987    0.1284   0.149   84
55822.498   -0.006131196094    0.106898400531    0.2169    0.1426  -0.101   72
55823.499    0.314446076825   -0.082602008433    0.1016    0.1740  -0.084   44
55824.500    0.446616295058   -0.532101607575    0.1834    0.2746  -0.293   23
55825.497    0.341194432158    0.050698798759    0.1286    0.1575  -0.010   39
55826.498    0.077242390811   -0.129700806895    0.1184    0.1760   0.071   48
55827.499    0.120167527456   -0.104101201259    0.0967    0.1707   0.058   42
55828.499   -0.291348671210   -0.013499997920    0.1318    0.1929   0.451   35
55829.500   -0.216977947886   -0.119700000312    0.1634    0.1896   0.317   39
55830.501    0.170141626112    0.179499602382    0.0825    0.1171   0.013   88
55831.498   -0.133867444384   -0.350301598928    0.1061    0.1775  -0.102   48
55832.499    0.108424894088   -0.019800008033    0.0686    0.1295   0.076   71
55833.500   -0.099290488805   -0.637902006417    0.1483    0.2695  -0.076   30
55841.272    0.365854318229    0.083897995751    0.2049    0.4245   0.274   38
55848.270    0.105293347191    0.321498002620    0.2230    0.2917  -0.124   48
55852.208    0.000522962814   -0.745401602842    0.1312    0.2707   0.025   84
55859.206    0.222461047450   -0.083700010123    0.1458    0.2943   0.100   59
55862.270    0.340539927643   -0.632401203404    0.4641    0.8281   0.143    8
55868.209   -0.149915887985   -0.265201198602    0.1022    0.1909   0.115   63
55873.206   -0.086896376916    0.392399994098    0.2042    0.3637  -0.178   66
55876.270    0.314577618526    0.366497999948    0.4766    0.8046   0.166   13
55888.269    0.333757431026   -0.810399606621    0.4915    0.5750  -0.009   16
55889.295   -4.358911607826  -10.177801206623    0.8279    1.3140   0.585   11
55895.231   -0.300483076493   -0.110001607823    0.2051    0.2072  -0.125  101
55897.269    0.498807378686   -0.119998807691    0.3155    0.2847   0.089   25
55901.206    0.092639355890    0.511099194966    0.1496    0.2014  -0.023   86
55902.229   -0.052319421338    0.076899600288    0.1146    0.2403   0.171   83
55904.270    0.365982655938    0.119800796483    0.2614    0.3148   0.494   50
55908.208   -0.079719255194   -0.213901203949    0.1126    0.1992   0.234   69
55909.227   -0.610491801382   -0.534499203297    1.1263    2.1054   0.935    4
55911.269    0.193627070847   -0.213001200677    0.2501    0.3279   0.149   42
55917.270   -0.157872647939   -0.320900400652    0.3859    0.4666  -0.244   34
55925.269   -0.257949182962   -0.099500401518    0.2384    0.3469   0.287   29
55932.271   -0.279477522135   -0.154400409258    0.7029    1.0186  -0.545   15
55939.269   -0.208238167708    0.108601192039    0.2586    0.4978   0.046   24
55942.998   -0.200146662060    2.155697994510    1.5103    1.9218  -0.451    3
55946.384    0.647026040521    0.257500798284    0.2712    0.4681   0.151   27
55951.227    0.002739947786    0.118900793211    0.1082    0.1761   0.362   48
55953.269    0.055845415341    0.115801192635    0.3586    0.3286  -0.304   49
55960.271   -0.224937911832    0.194598001713    0.2444    0.4666  -0.175   24
55967.272    0.804378929639   -0.892400406372    0.4335    0.8905  -0.060   36
55974.271   -0.119644564642   -0.544100406330    0.3211    0.3165  -0.034   25
55981.272   -0.299568692567    0.133999192542    0.5038    0.4129  -0.433   36
55988.267   -0.314182993421    0.657298791396    0.7454    0.8743  -0.608    7
55992.208    0.055191088825   -0.484200008088    0.1664    0.2698   0.279  135
56002.271    0.022311359397    0.246301193840    0.4918    0.9466  -0.243    9
56006.208   -0.200929504284   -0.184701598016    0.1965    0.4679  -0.445   15
56007.541   -0.663985486056   -1.459101601142    1.3232    4.2062   0.368   13
56020.208    0.238377949350   -0.420102007581    0.1445    0.1895  -0.156  129
56021.249    0.180970053553   -0.203500806606    0.1904    0.2140   0.208   39
56022.268    0.245815128482   -0.077799603559    0.6288    0.9638  -0.115   21
56028.211    0.201975429912   -0.203000406884    0.1216    0.1736   0.164  202
56030.271   -0.226635137983    0.430398002038    0.1938    0.3302   0.173   60
56034.208    0.334277189847   -0.270399600311    0.1127    0.1653   0.041   62
56037.269   -0.085330692467   -0.617500802491    0.1680    0.2667   0.193   31
56044.267    0.022051301987    0.236401196219    0.2883    0.3002  -0.146   88
56050.210   -0.165441368773   -0.275000400052    0.2266    0.2432   0.230   53
56051.269    0.460187696277    0.151300795892    0.3397    0.3978   0.066   70
56056.229    0.274780646787    0.626299191708    0.4892    1.1498  -0.171   11
56057.248    3.345903089367   -5.145901202752    2.0789    2.2624   0.364    3
56058.267   -0.002608406084    0.063900002090    0.1273    0.2045  -0.128  137
56062.208   -0.089504783000   -0.084999604155    0.1608    0.2806   0.038   35
56065.269    0.077110849110   -0.465800403049    0.2099    0.4747   0.181   22
56069.206    0.050102436366    0.138200401523    0.1647    0.2501  -0.030   45
56072.271    0.047885451394   -0.277001998938    0.2615    0.3317   0.379   38
56075.540    1.568572492419    2.035097990927    1.9674    4.5578  -0.653   13
56078.250   -0.175878197102   -0.001101608404    0.1968    0.3417   0.190   29
56079.269   -0.308443040440    0.359398795524    0.2847    0.3831  -0.180   16
56091.205    0.057671157200   -0.159001208999    0.1627    0.2974   0.023   19
56097.206   -0.165701248183   -0.152899210093    0.2901    0.2832   0.330   30
56098.251   -0.443484748160    0.443401194161    0.5046    0.5418  -0.139   11
56106.250    0.138436160022   -0.368398802664    0.0982    0.1945   0.005  172
56107.273   -0.288871806828   -0.213598802645    0.1660    0.2946  -0.496  118
56111.543    0.919980945449    2.227399193089    1.1298    2.0243   0.716   12
56112.229   -1.599883333405    0.084499191644    0.7385    0.8162   0.080   10
56114.271   -0.258340604074   -0.492699602717    0.3446    0.5103   0.159   11
56121.269    0.711611236039    0.178599599110    0.4367    0.4106   0.030   27
56132.208   -0.056233632460   -0.344901604876    0.1276    0.1780  -0.105   76
56135.273    0.147698903013   -0.106300798564    0.1898    0.3210  -0.122   75
56142.271   -0.250640519538   -0.208602006069    0.2050    0.2554  -0.208   39
56149.269    0.115079052996   -2.095700406812    0.2232    0.4362  -0.316   52
56153.207    0.122907653241   -0.309801605169    0.1300    0.2681   0.111   52
56156.271    0.069545332269   -1.019199598318    0.2493    0.3661   0.164   31
56163.269   -0.440873138083   -0.514101606086    0.1635    0.3167  -0.095   69
56167.207    0.732356732988    0.307000799182    0.2364    0.2558   0.087  149
56168.229    0.437613431476   -0.196401602182    0.2337    0.3552   0.357   15
56170.271    0.077633811924   -0.733798800923    0.1559    0.2734   0.113   68
56174.000   -0.885140906468    1.493701201127    0.5319    2.6004  -0.431    3
56177.273    0.234072317115   -0.082400403301    0.3159    0.3851  -0.042   48
56184.271   -0.031442382688    0.298799999143    0.2825    0.3885   0.060   41
56191.269    0.307268777103    0.358099201492    0.2021    0.2811  -0.010   35
56195.207   -0.102161978293    0.108799190457    0.1282    0.1837   0.071  144
56198.271   -0.077893513335   -0.559000807243    0.3017    0.3695   0.148   23
56203.224    0.356851454648    0.102499193133    0.5081    0.4032   0.107    8
56205.269   -0.145218656639   -0.156600006562    0.1757    0.2590   0.243   92
56210.186   -0.047099405177   -0.512398801789    0.3116    0.6009   0.414   28
56211.208   -0.222980806271    0.082799994061    0.1367    0.2241   0.286  149
56212.271   -0.201843888211   -0.165499204741    0.1373    0.1996   0.039  138
56219.269   -0.199626903239   -0.487602009969    0.3124    0.3408   0.379   16
56233.269    0.100204872732    0.008099991078    0.1694    0.3523   0.326   14
56237.207    0.286786363558   -0.529999199728    0.4557    0.5663  -0.469   59
56240.268    0.008351563058    1.166900393912    0.5904    0.7950   0.194   11
56244.209    0.024008585548   -0.069699599692    0.1471    0.2730  -0.184  164
56245.228    1.543652904938   -1.019901603172    0.8140    1.9373   0.293    4
56247.269    0.246989391819   -0.133001999814    0.4906    0.5176   0.071   32
56252.266    0.081679564748   -0.366800401252    0.2803    0.3643  -0.219   16
56254.001    0.625760606752    6.324497994115    0.7283    4.0350   0.286    6
56261.269   -0.047099405177    0.148399193733    0.2199    0.2772  -0.396  105
56265.207    0.015137263668    0.255700791740    0.1301    0.1939   0.060   42
56268.271    0.487587530133    0.343097991617    0.2549    0.3982  -0.149   31
56272.209    0.105947851706   -0.186299999427    0.1163    0.1787   0.103  158
56273.231    0.381248257315   -0.716101200737    0.1802    0.2951   0.349   31
56275.270   -0.036922278259   -0.012301200059    0.1810    0.3474   0.182   77
56282.271   -0.087939098551   -0.628099198252    0.1659    0.2682   0.339   50
56288.207    0.446487779349   -1.357300806148    0.2136    0.7951  -0.228   12
56289.273    0.067196805595   -0.344502001326    0.1907    0.2480   0.340  110
56296.271   -0.022439519106    0.487799995597    0.3387    0.4081   0.180   23
56300.209    0.087287798028   -0.190400399447    0.0906    0.2590  -0.160  195
56302.251    0.248686617970    0.010501193515    0.1226    0.3124   0.420  243
56303.270    0.040708329672   -0.328798799387    0.2976    0.3093   0.302   44
56310.271    0.153310340286   -0.032202004263    0.3278    0.3488   0.032   30
56314.001   -1.022662682563   -3.931999199835    2.4313    1.7799  -0.129    7
56316.583    8.315178160867    4.017301192505    2.6740    2.6280  -0.367    7
56317.270   -0.141041362113    0.150299996449    0.2155    0.4487  -0.130  128
56324.271   -0.122644391838   -0.166899607734    0.3727    0.6848   0.469   12
56336.208   -0.378508131529   -0.199601998929    0.1315    0.2141   0.040   73
56338.271   -0.422999130622   -0.467701205764    0.2467    0.2306  -0.142   83
56343.228    0.628891975650   -0.671299201827    0.3719    0.7418   0.104   10
56345.270    0.055191088825    0.221198394001    0.5591    0.5016  -0.459   10
56359.270    0.614537732206    0.321598798791    0.2412    0.3274   0.219   27
56365.581   -0.669205680217   -1.927198803742    3.0020    3.3870  -0.713    7
56370.209    0.093682255525   -0.444999608362    0.1730    0.3556   0.224   58
56372.251    3.477030585965   -4.674801601823    2.0671    2.9008  -0.796    3
56373.270   -0.105293347191    0.240598798484    0.1455    0.2730  -0.055   77
56377.207   -0.184489639571   -0.154299600297    0.1212    0.2154  -0.087  194
56378.270   -0.003131368898   -0.141501607231    0.2175    0.2978  -0.050   28
56387.270    0.296831948774    0.052999192235    0.1911    0.3965   0.415   74
56392.230    0.267866430469   -0.091900797372    0.1815    0.2564   0.212   57
56394.272    0.370811250986   -0.219499209209    0.2574    0.4128   0.221   22
56400.247    0.141044566106   -1.505300409121    0.4987    1.0452   0.409   14
56408.268   -0.370156746471   -0.531702004025    0.3157    0.7374  -0.147   18
56415.270   -0.071630775539   -0.446500807527    0.2857    0.3229   0.002   18
56429.270   -0.063410932182   -0.833202000194    0.2875    0.4831   0.064   19
56433.185    1.772505027893   -5.179798797883    0.4614    1.4571   0.463    7
56434.208    0.013440037517   -0.482000397994    0.4187    0.4814   0.418   12
56450.268   -5.256709531587   -6.100002001119    9.3561   11.1102   0.997    3
56464.272    0.157093009707    0.203500793816    0.2036    0.4095  -0.121   25
56470.251    0.220895363001   -0.755802000185    0.1391    0.2426  -0.019   87
56476.270    0.414910828967   -1.679000401111    0.4294    0.4683  -0.388   27
56477.793   -0.961208855943   -2.303499599066    0.3965    1.3091   0.173    9
56485.270   -0.189969535142    0.412599592892    0.5753    0.5952  -0.043    6
56490.208    0.175881579094   -0.136400407769    0.2722    0.3333  -0.100   15
56492.272   -0.146261556273    0.338900402141    0.2434    0.4443   0.146   36
56498.251   -0.337928317566    1.452797997104    0.2142    0.3654  -0.576  155
56499.270   -0.062236490845   -0.805600808462    0.2289    0.4732   0.290   36
56506.272    0.334277189847    0.237599994080    0.2676    0.4984  -0.089   19
56511.787   -0.128515886521    0.195001199188    0.8169    1.7279   0.356    6
56513.270    0.602403499726   -1.267498809909    0.3107    0.4127   0.037   31
56527.270   -0.716828048207   -0.742798808062    0.4339    0.7305   0.480    7
56534.272    0.236812264901   -0.607600804869    0.1959    0.3540   0.031   18
56539.206    0.509115869306   -0.150101998031    0.1460    0.2219  -0.072   75
56541.270    0.033142812831   -0.602200798028    0.2888    0.4286  -0.171   35
56545.208   -0.611534523017    0.929699990593    0.3145    0.3278  -0.057   15
56548.272    0.543429741481   -0.095500797670    0.4328    0.4715   0.094   18
56551.793   -0.475190214251    5.971499992086    0.5791    1.5732   0.267    9
56562.272    0.668817463097    0.286700391428    0.3403    0.4235   0.681   18
56565.789    0.954949322139    2.990599192287    0.5483    1.2973  -0.185   10
56573.208   -0.402122091972    0.115099200571    0.6564    0.9872   0.136   12
56576.268   -0.141304445516   -0.590000406930    0.3122    0.4895  -0.028   14
56579.793   -0.039270804932    1.376499592709    0.4344    3.0932   0.419    3
56581.207   -0.856566809275   -0.089899198485    0.2145    0.2211   0.146   40
56587.208    0.213198482458   -0.991699202757    0.2543    0.7637   0.115    7
56588.793   -0.773324764071    1.089197992599    0.4822    1.6000   0.492    7
56594.206    0.014091338040   -0.569502000758    0.1965    0.2537   0.091   24
56596.269    0.019442895903    0.309898794626    0.2385    0.3637  -0.258   18
56600.791    0.203932535473    4.393997997454    0.8369    1.9106  -0.007    5
56604.272    0.194929849892    0.042800400024    1.0381    1.6197   0.927    9
56611.270    0.129042053328   -0.506098804465    0.4211    0.4740   0.174   27
56618.272   -1.419176363255   -1.897700403219    0.4168    0.7473   0.380   22
56626.286   -0.646502899707   -1.155600006086    0.4830    1.9062   0.276    6
56628.225   -0.204452294295   -2.369300403871    0.4586    2.5333   0.484    6
56632.269   -0.175618317691   -0.847900808765    0.4025    1.3968   0.215   10
56634.263    0.776979095783    0.195497992195    0.3838    1.2376   0.163    8
56636.206   -0.097201841543    0.445600791465    0.1225    0.1837  -0.070  169
56636.257    0.027662917259    0.596401200426    0.3951    1.3682   0.088   11
56638.251   -0.406819145319    0.084999591365    0.3956    1.3186   0.171   13
56638.251   -0.135824549945    0.218700002108    0.1598    0.3307  -0.037  279
56639.270   -0.030399661052    0.041799600581    0.1340    0.2267   0.125   40
56641.243    1.988571795845    6.223798794736    0.3767    1.1318   0.259   14
56643.208   -0.000782842224   -0.002998804405    0.0945    0.2078  -0.036   52
56644.227   61.128361834602  -14.394898802550   57.9864   14.5098  -0.996    3
56645.250   -0.025179644892   -0.142200005371    0.0790    0.1936   0.067  106
56646.272   -0.144564330123    0.637397999981    0.1858    0.2528   0.038   39
56650.206   -0.002216984972   -0.130899604756    0.1229    0.3132   0.276   90
56653.270   -0.150044225694    0.221000395584    0.1365    0.2211  -0.090   78
56657.208    0.445313516012   -0.200700000619    0.1543    0.3244   0.199   68
56667.270    0.266432287722    0.218098793425    0.2041    0.3352   0.085   21
56671.208    0.110513541351   -0.283798802059    0.1368    0.2205   0.178   46
56681.270    0.244249444033   -0.240400800067    0.3625    0.4703  -0.251   18
56686.209   -0.122644391838    0.039599990487    0.1612    0.2353  -0.222   31
56687.250    0.166618836102    0.073997998129    0.1021    0.1734   0.217   75
56688.269   -1.218898159494   -1.387900802285    0.9011    0.5167   0.095   12
56693.791    1.291183617548    0.636800398013    0.3705    1.0597  -0.019   14
56701.250   -0.116644737445   -0.176500797977    0.0698    0.0959  -0.284  308
56702.265    0.198192760491    0.141998400238    0.9157    1.5638   0.871    3
56730.272   -0.316271640684   -0.044701202739    0.3808    0.3947   0.187    5
56735.791   -0.261991909793   -0.250599605067    0.3735    1.0777  -0.205   13
56744.269    1.038451246754    0.525700801290    0.2528    0.3810   0.567   12
56749.229    0.072676701167    0.763099190237    0.0966    0.1516  -0.231  155
56751.271   -0.742010719092   -0.998100009042    1.0621    0.7329   0.553    6
56758.272    0.041622713598   -0.304401598328    0.1881    0.2332   0.124   50
56771.250   -6.118105113910   19.180900797267    0.2831    0.2805   0.012   14
56772.273    0.156833130297   -0.370699208929    0.1681    0.3607   0.228   49
56776.206    0.059368205351   -0.503899207160    0.1457    0.3087   0.238   13
56777.269    0.255340776878   -0.930402008237    0.2499    0.3184  -0.066   14
56783.497    0.359199981321    0.602600401578    0.3616    0.6909   0.504    6
56784.497   -0.813381615220    0.925199999813    0.3533    0.5115  -0.264   11
56785.498    0.666988695245   -0.431701202785    0.2445    0.6073  -0.297    4
56786.499    0.038622708402    0.123497999027    0.1193    0.2720   0.021   38
56787.500   -0.027919592677   -0.007200000596    0.1646    0.2188  -0.148   36
56788.501   -1.553043807639    0.341798397585    0.4683    1.5089   0.137   22
56789.498   -0.148741624648   -0.172101603368    0.1527    0.2958  -0.034   18
56790.498   -0.391425206233   -1.574801997606    0.2790    0.7322   0.434    8
56791.499    0.287960626895   -0.436899604495    0.3433    0.2424   0.446   44
56792.500    0.509244207015   -1.401400800205    0.4580    0.8318  -0.460   43
56793.497   -0.202886609846   -0.020199598794    0.3839    0.3596   0.235   12
56794.498   -0.295394424034   -1.083301205540    0.2867    0.5362   0.605    8
56795.499    0.017877211454   -0.671799601548    0.2336    0.3491   0.408   12
56796.500    0.038622708402   -0.510001206067    0.1326    0.2281  -0.092   32
56797.500    0.132041880524    0.039200399726    0.2299    0.5426  -0.447   23
56800.269   -0.008479722768    0.640097997007    0.4106    0.5848   0.303    8
56803.794   -0.161135558539   -0.985302003187    0.3292    0.9650  -0.159   10
56807.271    1.944209312461    1.378000791874    0.7981    1.1744   0.794   12
56812.790   -0.776064711856    0.262299596443    0.3082    0.8062  -0.141   15
56821.271   -0.409430755396   -0.167500803627    0.3743    0.5059   0.201   14
56828.269   -0.682513998033    0.114497991888    0.4461    0.9966   0.322    4
56833.229   -0.933286059273    1.201201199308    0.6351    1.1063  -0.295    6
56835.271    0.127736248289    0.352198794928    0.2151    0.4085  -0.070   19
56838.792    1.280092106703   -0.758800804590    0.2290    0.6403  -0.196   16
56841.272   -0.060930863807   -0.053600400918    0.3525    0.5271   0.022    8
56849.267   -0.105293347191   -0.660700806066    0.2194    0.2708   0.283   36
56870.269    0.277912015685    0.313200000335    0.2282    0.3291  -0.145   36
56874.206   -0.456401822864    0.786499198568    0.4367    1.5879  -0.404   13
56877.271   -0.657854289962   -0.058302009620    0.7673    1.0823   0.601    7
56878.498   -0.535206694131    0.539600389970    0.1527    0.1830   0.174  121
56884.269    0.074370901324    0.177598799667    0.5120    0.7567  -0.503    9
56891.271   -0.170269963821    0.361900794132    0.2540    0.4173  -0.023   24
56903.207    0.117819000782   -0.662299207477    0.2636    0.4188   0.170    8
56905.271    0.641286087539    2.191499999071    0.5496    1.1614   0.644    4
56909.208   -0.454704596713    0.385498800881    0.1617    0.2868  -0.168   58
56910.227    3.236044052532   -6.161698799190    0.5513    3.3737  -0.085    6
56912.269   -0.143912851600   -0.582901202506    0.2663    0.6511   0.027   12
56926.269   -0.309354220373    1.531000798138    0.4987    0.8278   0.476    5
56932.270   -0.432133357905    0.553600800401    0.3139    0.4520   0.138   15
56937.208    0.145481918042    0.045500397050    0.2736    0.5402   0.476   18
56940.273    0.283263573548   -0.361900806922    0.4557    0.6369  -0.512   14
56952.271    0.195975775520    0.782899198271    0.3877    0.4789   0.192    7
56959.229    0.817036124932    0.164897996058    0.3733    0.3378   0.255    6
56968.269   -0.331405700360   -0.296301607250    0.6222    1.1622   0.819    6
56975.271    0.282609069032   -0.894301209087    0.4612    0.9934  -0.513    4
56986.207    1.028145782127    0.031798793998    0.3109    0.3593  -0.094   22
56987.270   -0.237723444834   -0.207900001215    0.1465    0.2574   0.260   43
56988.997    1.040799773427    6.745298399835    1.9182   14.0822   0.211    3
56996.269    0.219852641366    0.055400394672    0.2575    0.3905  -0.137    5
57009.250   -0.930417773778    0.103499992576    0.5102    0.8914  -0.114    7
57011.551    0.386991236289   -0.010800000894    0.1607    0.2797   0.109  126
57014.207    0.003262910600   -3.034101609956    0.3179    0.6498   0.113   29
57015.270   -3.327897362205   -0.863301609400    0.7594    0.4653  -0.168    4
57031.271   -0.427956063380    0.289501197415    0.5574    1.1917   0.765    3
57036.209   -0.187101249647   -1.225501198121    0.1219    0.2570   0.321   37
57038.269   -0.790415929307   -0.133401603364    0.2543    0.2677   0.381   31
57041.999   -0.416344971714   -1.602601200545    0.2678    0.7462   0.044    8
57045.271    0.048016993096   -0.309999603587    0.1494    0.2665   0.243   18
57059.271   -0.713176742489   -0.124498798471    0.5537    0.5022   0.032    6
57070.207    0.051408241404   -1.044298804231    0.0889    0.1428   0.081  100
57071.226    2.189372962421   -1.272700805544    3.3774    1.5159  -0.194    8
57098.207    0.339628747709   -0.919699209589    0.1390    0.2480   0.213   59
57101.271   -0.696473794372   -0.097700407764    0.3990    0.8131   0.363    6
57102.499   -0.708871110254    8.387398794696    0.6205    1.6327  -0.449    9
57107.251    0.149524466873    0.237898801458    0.0961    0.1397   0.012  217
57108.270   -0.121341790792    0.010699191932    0.8544    0.5912   0.383    4
57112.207   -0.405125123161    0.277898395495    0.1443    0.2756  -0.007  114
57114.274    0.139347517955   -0.521100001549    0.2897    0.4968   0.381   22
57120.206   -0.290828912389    0.248101200384    0.1863    0.3653  -0.152  110
57129.272    0.035359797803    0.197499591081    0.2120    0.3488   0.145   23
57135.583  506.542115649641  157.673199591102   25.8506   29.5750  -0.389   17
57136.273   -0.336625716520   -0.713501999883    0.4028    0.8102   0.736   11
57150.270    1.284529280640   -0.560998799415    0.1624    0.2475   0.143   35
57156.760  246.761396051975  133.240698001202   76.6981   66.7815  -0.280    4
57177.583  122.055659419225  116.928500392532   92.0419   75.6003  -0.045    4
57184.581  134.891013084165  220.500698391390   17.3121   25.4737   0.319   14
57192.270   -1.777461960650    0.748799998007    0.5178    1.4818   0.150    3
57199.272    2.512167220311    3.008699989948    2.4010    4.7433   0.936    3
57203.209    0.023748528137   -0.324601209911    0.1740    0.3557   0.149   47
57205.269    0.180578632441   -0.270298804139    0.1942    0.3004  -0.153   21
57213.272    1.538564252479    4.262000391009    0.2753    0.5178   0.305   16
57217.209    0.790679012711   -0.576601205182    0.1560    0.2548   0.080   86
57220.270    5.629218186724    3.576200391819    0.2605    0.3499   0.049   34
57224.207   -0.143521430488    1.524200401093    0.3584    0.3106  -0.026   17
57227.272    0.936552351864   -0.998701204935    0.3561    0.4497  -0.225   31
57231.205    0.488107288955    0.567399592910    0.2811    0.4530   0.458   23
57234.270    0.384379626213   -1.136199601603    0.3240    0.4527   0.045   24
57237.999   -0.399513685888   -0.281700000926    0.4387    1.1060  -0.096   41
57239.208   -0.531683904121   -1.963501208024    0.2318    0.3682   0.222   30
57241.268    0.938118036313   -1.014699607538    0.4462    0.4274  -0.187   19
57252.207   -0.433176257540    0.212799595545    0.2804    0.6497   0.104    8
57259.209    0.095899240497   -0.416901598044    0.2444    0.3480   0.370   27
57262.270   -0.353716881757   -0.569699999176    0.2414    0.3163   0.052   24
57269.272   -2.440273361369   -1.084100399851    0.4746    0.5488   0.460    5
57276.270    0.199367023828   -0.291599998548    0.3304    0.6714  -0.423    6
57283.268   -0.225720754057    0.433998002336    0.4280    0.5670  -0.447   18
57287.206   -0.235638001564   -0.442601999850    0.1271    0.1964   0.015   53
57290.270   -0.030659540463    0.367700391735    0.1881    0.3000   0.030   44
57301.209   -1.015093961729   -2.555499607126    0.2529    0.5338   0.420   19
57311.272   -1.053062343615    1.022900394787    0.2999    0.3387  -0.366   26
57315.209   -0.775541749042    6.908698790653    3.5598    3.8452   0.951    5
57325.268  -24.050078677527  -67.201099200531    2.9774    7.2910   0.981    3
57330.206    0.569786853702   -0.334299602400    0.3274    0.5216  -0.378   10
57332.270   -4.252703876709    4.177198798061    0.6170    0.9495  -0.833   17
57336.208   -0.001434142747    2.851801201587    0.1799    0.4053   0.208   23
57339.268    1.442925069392    0.062899202646    0.1324    0.2201  -0.208   30
57343.209    2.277835023785   -1.846198803435    0.1965    0.2937  -0.239   13
57346.270    1.905721171753   -0.004899607120    0.2422    0.2768  -0.147   36
57350.208   -0.776716012379    0.682397997309    0.2128    0.2255  -0.086   49
57351.270   -0.422867588921    2.715299997647    0.0904    0.1469   0.304   43
57359.251    0.064065436697   -2.755602005777    0.0754    0.1427   0.002  128
57367.268   -0.759624847143    1.604199601957    0.3611    0.4410  -0.156    9
57372.225   -0.175749859393    0.572799599752    0.4283    0.6629  -0.235   46
57373.248   -1.333194370266    5.442998397598    0.9159    2.0475  -0.070   48
57373.248   -0.067325143304    0.257598000530    1.9429    2.1149  -0.471   12
57374.270    1.191498503637    2.221498799315    0.2052    0.4174  -0.225   22
57385.209    0.998917358418   -0.208699208315    0.2472    0.3943   0.084   18
57386.269    2.843053161850    1.972501202374    0.1337    0.2147  -0.241   34
57395.272   -1.856789794732    1.443398399203    0.6295    0.4510   0.133    7
57400.207   -7.069268384636  -11.755699198090    2.3306    3.7777   0.968    4
57409.269    2.057202744188   -3.285399600372    0.4071    0.6368  -0.786    4
57412.998    0.282609069032   -1.346799599844    0.5091    0.9115  -0.219   37
57414.207   -0.242552039883   -0.709498802109    0.2433    0.4740   0.517   19
57423.269    0.085202354758    0.026398799946    0.2923    0.3319   0.382   30
57427.206   -0.082719082390    1.145300392125    0.1881    0.2953   0.031   42
57434.208   -0.209540768754    0.267598794323    0.1729    0.1873   0.217  112
57435.227    0.689171538933    1.198000802560    0.6541    1.1553   0.056   12
57437.269    9.698997930312   -1.858500003493    0.8212    0.6826  -0.506    6
57441.206   -1.345979903268   -3.515400003096    0.1453    0.2672   0.105   26
57444.270    0.044102781973   -1.489701610069    0.2441    0.4677  -0.454   16
57451.269    0.058322457722    0.128998802040    0.2905    0.4648  -0.495   14
57455.206   -0.853698345780    2.843499592586    0.3634    0.7218  -0.804    8
57458.270    2.314237721223   -0.684799199746    1.0300    1.1172  -0.633    4
57462.208   -3.340551531505   -1.234501205261    3.8287    4.1459   0.007    3
57465.269  -11.323801029198   -0.956199599500    0.2115    0.3314  -0.010   56
57469.206   -0.124473159690    1.013400000716    0.1344    0.2115   0.053   69
57477.209    0.757670945574    1.980500397281    0.1360    0.2795   0.080  148
57479.269    0.150047429687    0.204901196810    0.2952    0.2628  -0.405   25
57484.229    0.175881579094    3.188098796159    0.6043    1.3410   0.000   19
57485.251   -1.113213391191   -0.192801601884    0.5396    1.4207   0.380   45
57493.269    0.084287970832   -3.606501606157    0.1411    0.2940  -0.192   49
57500.271    0.167661557737   -8.606098809594    1.1704    0.7511  -0.757   14
57505.209  -12.560964617265  -40.380901208437    2.0783    6.5052   0.969    3
57507.269   -0.736922244633    0.672497999687    0.4654    0.5887   0.542   14
57514.271    0.627194749499   -2.065500001436    0.5635    0.5725  -0.440   26
57526.207    1.639680483144   -1.502301604717    0.2064    0.4123   0.024   22
57528.271   -2.763462244365    0.925801195706    0.3325    0.5317   0.496   44
57532.208   -2.047282470687    1.351097998281    0.6191    0.9786  -0.241   11
57542.271    0.557912500634   -3.424701597510    0.4258    1.1297  -0.019    7
57547.209   -1.187061151701   -0.029199605933    0.2457    0.6958  -0.083   27
57549.269    1.323148963049    0.387601195939    2.4388    2.1099   0.918    4
57561.227   -0.484321415541   -1.557500407046    0.4940    1.1726   0.042   28
57562.250   -0.356325287841   -0.013798805298    0.2379    0.5436   0.151  145
57563.269    1.041845699055    1.570201197865    0.2123    0.3188   0.096   35
57567.206   -2.221466645631   -1.561100407343    0.2036    0.3106   0.200   83
57570.271   -0.594443357780    0.420497991627    0.1830    0.2418  -0.470   57
57574.208    1.539347094704   -1.780599603762    0.2336    0.3767   0.017   60
57577.269   -0.883838127422    5.884999201555    0.3412    0.6407  -0.262   12
57584.271    1.358637098561    0.519497993423    0.1777    0.2625  -0.129   43
57588.208   -0.832821307130   -7.119000007094    0.2320    0.5753   0.286   27
57591.269   -0.058842216544   -2.097900004117    0.5937    0.6006   0.444    8
57596.229    8.971858187492    7.865398789875    0.4728    2.2086  -0.567   67
57597.248   -0.256903257334    2.696698800264    1.4099    1.3004  -0.271   24
57605.269   -4.271232388686    1.211500800480    0.3248    0.6306   0.082   29
57612.271   -9.817073606512    9.991800001785    1.1554    1.1664  -0.916    5
57617.209    2.570361340325    0.235400396775    0.4162    0.6285   0.059   29
57619.269   -2.950431952311   -3.577499998642    0.4734    0.9520  -0.810   17
57623.206    1.373642820527    0.474098392544    0.3052    0.2894   0.455   28
57624.229    0.654071620541   -0.095000397948    0.5784    1.1060   0.483   28
57626.271  -12.614981442753   18.540698397373    0.3932    0.6832  -0.138   11
57633.269    3.109745328982   10.278601202174    1.3963    3.7250   0.926    5
57636.998   -0.471012919725    0.065199596122    0.3378    0.7842  -0.083   30
57638.207   -1.139698841121   -0.220399199691    0.1667    0.2649   0.195   42
57640.271    1.756588125993    2.700698391322    0.1296    0.2246  -0.037   55
57651.206    1.745496793148   -1.434301202607    0.1663    0.2174   0.138   79
57654.271    0.868181282933   -0.762699599477    0.2757    0.3839  -0.469   18
57661.269    1.100427858189    2.670300000318    0.2917    0.4753  -0.098   22
57667.230    1.404305386983   -1.569600001972    0.4291    0.2350  -0.103   10
57668.271    3.025588899852   -0.909000004867    0.2000    0.3679  -0.175   53
57673.209   -0.381899557838   -1.908601200284    0.2514    0.4296   0.278   74
57674.228   61.280103286446  -44.785101604816    5.9045    2.2778  -0.148    3
57675.269    0.703522756384    6.361898400087    0.2712    0.5486   0.499   15
57679.207    1.929726553308   -0.204199204745    0.2483    0.2426  -0.061   14
57680.229   -0.842866892347   -0.540701998375    1.2491    0.8567   0.502   19
57689.269   -0.977388841246   -1.533599998993    0.3616    0.4087  -0.010   14
57693.207    0.728442521865    0.503100000060    0.1467    0.2038  -0.006   49
57696.271   -0.099158947104   -1.665702008324    0.2509    0.2932  -0.140   26
57700.208   -2.502381514506   -0.575499609567    0.5006    1.4219   0.659   32
57708.229    0.014482759153   -0.356799607459    0.3147    0.8508   0.271   24
57710.267   -1.226595218036   -1.410101999966    0.1607    0.2546   0.191  103
57714.208   -0.358282393402    0.683600401885    0.1620    0.1672  -0.072   45
57715.271    0.092639355890   -1.241802002028    0.1579    0.3497  -0.137   26
57716.999    0.011874353069   -0.258800405106    0.4680    0.6899  -0.184  133
57724.271    1.185235765841   -1.605200401400    0.1400    0.1567   0.079   79
57729.228   -5.120753439941    0.843299996234    3.7172    0.6965  -0.735    3
57731.269    0.557912500634    0.135899995257    0.0794    0.0933   0.164   67
57735.207    0.128650632216    1.149299995973    0.1473    0.2229   0.059   50
57744.272   -0.222720926861   -1.444100404058    0.1380    0.2456  -0.253   57
57750.207    0.633457665294    0.477100790874    0.3909    0.8679  -0.458   23
57752.271    1.550698484958   -1.030499998933    0.1126    0.1859  -0.394   66
57757.209    0.925069419908   -1.422702007403    0.4933    0.6906   0.579   14
57764.207   -0.707305425805   -1.838599199289    0.2468    0.3070   0.028   27
57766.271 7783.807533720991 1377.467701195201    0.2174    0.3903  -0.338   19
57773.269 1211.666652308964 -880.475400006731    0.1126    0.1977  -0.091   47
57775.461   -0.088070640253   -0.290098799383    0.2105    0.3623   0.331   21
57780.271-6897.07054812745719866.517498790869    0.7484    1.8244  -0.848    4
57785.231    0.530121423665    0.582699597373    0.0875    0.1154   0.233  343
57791.207    2.423968242350   -1.741201205618    0.2961    0.4577  -0.043    7
57794.271    0.841695833003   -0.639799202418    0.1789    0.2929  -0.158   24
57801.269   -1.503855755199    0.119700000312    0.2195    0.2685   0.145   27
57805.189    3.950395236357    1.610999999002    1.2695    1.0195   0.217   18
57808.271   -0.011479727964   -1.474498807852    0.2352    0.3613   0.017   35
57815.269   -3.677700032840   -4.546299605579    2.5300    1.4725  -0.267    6
57826.209   -1.590360711003   -5.613400803384    0.4004    1.0435   0.524    7
57829.269    2.746239537427    2.768000395292    0.5057    0.8642  -0.111    5
57836.271   -0.022048097994    0.206701190564    0.1572    0.3785   0.127   31
57840.209    0.477930340036    2.090800799692    0.2127    0.3575   0.410   23
57841.228   -0.812467231294    1.784998798371    0.8584    1.1467   0.329   15
57843.270    0.146393097975    1.454799595990    0.4693    0.4879  -0.069   18
57854.209   -1.658077275419    0.772199993548    0.2090    0.3772  -0.115   48
57856.272    1.161490263697   -3.340800007834    0.2442    0.3395   0.155   22
57864.271   -2.519472857742   -0.435499201501    0.2609    0.3341  -0.020   27
57868.209   -6.418851095807   -1.469599200732    0.4742    0.6591  -0.295    8
57871.270   -0.404862039758   -1.221598809309    0.1194    0.1965  -0.049   64
57877.227   -0.008479722768   -0.782100003960    0.2865    0.7401  -0.061   22
57878.271   -0.416604851125   -0.145198809776    0.1153    0.1682   0.091   63
57885.270    1.446316317701    0.432100793546    0.1821    0.1841   0.011   54
57889.002   -3.163367351365    4.795599591034    0.2034    0.4696  -0.050   40
57892.271   -0.818990026500   -0.239000409863    0.0973    0.1526   0.023   83
57896.209   -0.447007538170    0.488498393736    0.2024    0.2989  -0.052   49
57899.270    1.541041294861    0.196999191360    0.2033    0.2670   0.306   27
57904.208    3.753899702016    2.127797995399    0.3335    0.3328   0.326   17
57906.271    1.080465203465   -0.105199202949    0.3024    0.5998   0.692   14
57913.270   -0.025442550295   -1.542402007715    0.3356    0.7485   0.561    7
57917.207   -3.382174067103   -5.221501209007    0.3395    0.4070   0.629   10
57919.271   -0.849001292433    0.663001199541    0.1670    0.3336  -0.035   29
57925.228   -8.526284614069    2.509700389908    0.3637    0.3896   0.010  137
57932.230   -2.229035188465    0.158597998734    1.6058    0.7072   0.443    5
57939.228    0.149264587462   -3.183199201828    0.6059    1.7706  -0.163    5
57941.270   -1.055933833103   -2.126502008082    0.3514    0.4286   0.634   20
57947.249    0.553998289511   -0.491201997477    1.3658    0.5377   0.457    4
57948.268   -0.285477354527    0.301100392619    0.2108    0.2208   0.079   28
57950.916   -0.165701248183   -0.311601598924    0.2762    0.3323  -0.505   28
57955.270    0.948423500940    3.943097995318    0.2881    0.4602  -0.185    9
57960.230    4.346126074824   -4.118101200845    0.2667    0.3862  -0.061   46
57962.272   -1.896715282179    7.650799200576    0.1990    0.3638  -0.017   31
57966.209    0.749450924217    0.915598796780    0.4688    1.7987   0.723    6
57967.228    0.158007393633    0.037699200561    0.1554    0.1680  -0.496  255
57969.270    1.057762600955    0.812998794686    0.3700    0.4279   0.383   13
57970.691    0.428482230186    0.057700800937    0.1212    0.1459   0.071  233
57976.272    1.704265500662   -2.771301601001    0.1919    0.3982  -0.184   56
57978.131   -0.470361619202    0.951497990798    0.1662    0.3228  -0.004   45
57980.209   -1.708831012308    0.748400394457    0.8233    0.4494   0.640    5
57983.270   -2.101039238765   -1.254099608161    0.2776    0.2965   0.005   10
57990.272   -1.657685854307   -3.462001207311    0.2719    0.8410  -0.255    8
57994.209    1.046671090111    1.359298798320    0.3107    0.2631   0.140    5
57997.270    4.494999241175    0.682898397031    0.3107    0.3285   0.186   20
58008.209    1.052022647974    0.504198001750    0.1896    0.2887   0.381   15
58011.270   -5.052908537815   -0.414201601018    0.1283    0.1515   0.157   76
58015.324    0.128387548812    0.075499197294    0.2530    0.5234  -0.300   42
58018.268    2.033325878341    0.246200397669    0.2883    0.3998   0.434   18
58025.270   -2.539567054167   -2.190801600932    0.9992    2.3150   0.936    9
58029.207    0.336757258222   -3.824499603411    0.1491    0.1589  -0.050   42
58037.206   -1.097164947589   -0.920401201654    0.1813    0.4238   0.215   10
58038.229   -0.444787349206   14.905000791998    0.7184    2.0861   0.835    7
58046.268   -5.364611462862    9.218401197586    0.3024    0.3739  -0.058   13
58048.076   -0.755187673206    1.032400801648    0.2876    0.3643  -0.172   57
58057.207    0.988480352090    0.344401192365    0.2610    0.2264  -0.057   14
58067.270  -18.392681196715  -17.057700007683    3.5715    3.2611   0.867    7
58071.207    0.541604177622    1.422799196860    1.5151    1.4806   0.821    3
58072.226   -0.344845559877    0.231699600306    1.2560    1.0010  -0.343    3
58074.272   -1.035579579267   -0.585298798228    0.2426    0.2375  -0.124   24
58081.000   -0.063279390480   -0.280299597932    0.4043    0.9017   0.080   81
58085.500   -0.611925944129   -0.344599203572    0.0728    0.1597  -0.090  189
58086.497    0.290700574680    0.500198397901    0.0522    0.1241  -0.270  224
58087.498    0.162964504390    1.603900794578    0.0632    0.1427  -0.352  193
58088.498   -0.402385175375   -3.186701999880    0.0597    0.2828   0.203  185
58091.497    0.551909642248    1.725098400129    0.0464    0.0985  -0.250  292
58092.498   -0.551778100547    1.394999993920    0.0456    0.1065  -0.274  226
58093.499    0.099944993321    1.286499598052    0.0551    0.1008  -0.313  237
58095.497   -0.210978115494    0.544100393540    0.0941    0.1055  -0.414  241
58096.497   -0.285217475116    0.372301191476    0.0473    0.0948  -0.206  252
58097.498    0.250383844120   -0.358498805042    0.0485    0.0973  -0.376  236
58098.499   -0.129298728746   -0.007700400317    0.0543    0.0962  -0.179  277
58099.496    0.591443530584   -0.318999597937    0.0603    0.1260  -0.190  205
58102.268   -3.228212426294    4.051198800425    0.3128    0.5860  -0.629    9
58109.000   -0.472187183062   -2.206602005117    0.6765    1.2492   0.489   33
58116.268   -0.250772061240    2.072898000449    0.1553    0.3466   0.144   35
58122.229   -2.305231653649    2.396599194299    0.1747    0.2827  -0.010  174
58127.208    4.814793671869    8.800199992720    2.3862    6.5081   0.964    4
58130.268    4.343386127039   -0.569401204586    0.2389    0.4592  -0.443   22
58134.209    0.280783505173   -0.200001602479    0.2802    0.4301   0.143   13
58141.208   -0.487452784439   -1.002898807201    0.4559    0.4190   0.623    8
58143.856   -1.080070578360    0.800499596210    0.2447    0.2613  -0.335   64
58144.268   -5.442376638487   -0.685699203018    0.1461    0.2443   0.064   56
58148.209   -2.533695559484    0.228898794319    0.3953    0.3601   0.488   12
58151.270    1.208984293979   -1.888200009148    0.3250    0.7738  -0.293    5
58155.208   -0.041099572785    1.410901194276    0.2357    0.3866   0.206   13
58158.272    0.049319594141   -0.934200006952    0.1260    0.2281   0.348   38
58159.408    0.650157409419   -1.661400003172    0.3663    0.4097  -0.109   15
58164.248   -2.054199712999    2.998997990744    1.3962    3.0874   0.807    6
58169.208   -0.916326435738    0.214700398260    0.3191    0.4552  -0.328   19
58172.272    6.861293300332   15.514999192590    1.3775    2.8538   0.961    5
58176.209   -3.830878831424   -2.318900399700    1.0299    0.9241   0.648    4
58197.208   -0.208106626006    0.549601196553    0.1347    0.3182   0.053   25
58200.272    1.447753664441    5.987897998239    0.3828    1.8276   0.635    3
58203.797    0.536515703162   -0.055101600083    0.1704    0.8426  -0.486   90
58204.206   -0.113250285144    0.099100797968    0.2765    0.2437   0.253   10
58205.269   -0.255209235176   -0.047401199765    0.2828    0.3645  -0.025   11
58212.209   -0.172878369905    0.285998399363    0.3356    0.5410  -0.394   12
58214.269    4.855238918138   -0.214199998538    2.3840    0.6547   0.136    3
58216.836   -1.882623944139    1.315198791474    0.1691    0.3009  -0.242   43
58218.206    0.812079014175    0.273797995476    0.6484    0.3625   0.181   10
58221.270    0.586746477237   -1.114300805227    0.1385    0.1766   0.089   61
58225.208    0.798899034067   -0.772599609888    0.3350    0.4038  -0.399   20
58232.210   -0.500892821956   -0.443599205369    0.4677    0.3703  -0.007   18
58233.225    0.571872296972    0.118598391907    0.3055    0.8488  -0.011  121
58235.270   -0.471012919725   -3.812601600828    0.2238    0.2517   0.002   78
58241.209    0.024922791474   -0.336700804837    0.2215    0.2333  -0.194   24
58242.272   -0.303223024279   -0.782499607510    0.1416    0.2060  -0.018   33
58246.082    0.114036331361    0.455399992916    0.1193    0.3896   0.144  149
58249.270   -0.300874497605   -0.489099602419    0.0981    0.1191   0.004  129
58253.208   -0.457184665088    0.389699997072    0.2676    0.3038  -0.482   56
58256.272   -0.844304239087    1.076000395983    0.2466    0.6327  -0.505    8
58261.207    0.290960454091    0.259801191760    0.2183    0.3088   0.332   28
58263.270    1.216681174522   -0.684601201328    0.2409    0.4549   0.321   31
58268.209   -0.622103071047    1.369097999770    0.2368    0.4648   0.360   21
58270.269   -2.805473175082   -0.488800807830    0.4300    0.4979   0.493   13
58274.210   -0.859438298762   -0.084999604155    0.3503    0.3854   0.509   20
58277.271   -0.562346470577    1.646200794880    0.2491    0.5089   0.274   19
58284.269   -0.431219151979   -0.175798805913    0.2379    0.2603  -0.108   13
58291.271   -1.263129279176    3.834500397204    0.2162    0.4070   0.233   18
58303.229    0.493195941413   -1.924599602887    1.0288    1.1066   0.040   11
58304.233   -0.068499406641   -0.324201606361    0.1447    0.5722   0.022   48
58305.271    2.230604076907    0.384699593781    1.4936    1.2476   0.698    5
58309.208    0.205106798810    1.017000001013    0.4153    0.6697   0.302    5
58312.269   -0.245291987669   -1.137402006179    0.2251    0.5254  -0.170   36
58319.271    0.882664042085    0.268898401146    0.6539    0.3347   0.233   12
58326.269   -0.219849437373   -0.475599604499    0.5098    0.9329  -0.392    5
58330.206    0.789896170486    0.596300391464    0.7242    0.7550   0.780    8
58333.271   -0.758059162694    0.717199202427    0.2801    0.3015   0.093   59
58340.269    0.378899730641    0.142801201264    0.4922    0.7932  -0.037   17
58352.231    0.603840846467    0.995399999226    0.2144    0.4671  -0.016  292
58361.271   -0.578003493067   -0.311101199202    0.2670    0.2317   0.254   41
58365.208   -1.473715973557    1.167497995880    0.6907    0.8958  -0.824   15
58366.227   -8.570255854341   10.415401200703    3.0962    5.8359  -0.880    3
58367.250   -0.358282393402   -5.396698806237    2.2048    2.7471  -0.564    5
58368.269    1.203895641520   -0.188701201864    0.1832    0.3082   0.121   89
58375.271    4.120013899655    1.467601195770    0.8534    0.6918  -0.512   12
58379.208   -0.089764662410    0.873298796478    0.2539    0.3349   0.356   27
58386.484   -0.704825357430    0.591300000963    0.2171    0.2967  -0.159   56
58387.207   -2.240777999832   -1.683100801131    0.5926    1.1505   0.566    6
58401.229   -0.081025060232   -0.586400406632    0.1059    0.3389   0.397  104
58403.271    0.139087460544   -0.011401209576    0.2519    0.3252   0.212   32
58410.269-1688.356717858165-2749.257000002103    0.4693    0.6105   0.217    7
58414.206   -1.072373697817   -0.685000804879    0.6249    1.1314   0.670    3
58417.271    0.537558424797   -0.150101998031    0.2874    0.2921   0.059   32
58421.208   -0.624191718310   -0.597401999869    0.1616    0.1984   0.061   31
58422.271    0.240989559427    0.368899202385    0.4260    0.7820   0.355    6
58425.726    0.654463041653   -0.214199998538    0.2804    0.3212   0.462   36
58428.206   -0.247249271229    0.298699190182    0.2715    0.2582  -0.068   10
58431.271    4.849367423454    2.577797994263    1.9571    1.5591   0.379    3
58437.250   -0.022962481920    0.289299592282    0.0825    0.1478  -0.395  101
58438.269    0.306357597170    0.876200398636    0.4407    0.4844   0.643   22
58440.833   -0.034836834989    0.478501193868    0.1227    0.1470  -0.016   81
58449.208   -0.019699571321    0.700898398520    0.1927    0.6756  -0.380    7
58452.269   -0.247772056044    0.787697996429    0.3736    0.2304   0.144   79
58456.714   -0.444136048683    0.063197997235    0.1272    0.1611   0.030  100
58459.271    0.090810766038   -0.888400802523    0.2483    0.3538  -0.034   19
58464.227   -0.063930691003   -0.858099600975    0.0948    0.2965   0.013  146
58466.269    0.134258865496    0.315799201189    0.4524    0.5400   0.263   10
58472.708   -5.555890007035    7.168798802581    0.2080    0.2756   0.053  149
58487.271   -1.554741033790    0.915699592952    0.5931    0.6880  -0.510    8
58491.208    0.211369714606   -0.988300807592    0.0734    0.2650   0.404  282
58491.249   -0.091984851375   -0.000799207100    0.0323    0.0787   0.091   74
58494.386   -0.349671128933    0.182897997547    0.1924    0.2264   0.234   45
58498.207   -0.144827235526   -0.189201601586    0.2576    0.2624  -0.038   16
58501.271   -0.563780791324   -0.108601204829    0.2858    0.3254   0.231   49
58505.161   -7.853033181029  -23.233201206097    0.2762    0.4561  -0.127   71
58506.249   -0.022702602510    0.662198398516    0.0313    0.0477  -0.147   47
58508.269    0.070065091090    0.315799201189    0.1515    0.3015  -0.363   47
58512.207    0.361808565405    0.544298391958    0.1495    0.1586   0.026   32
58519.249   -0.332448421995    0.200800796790    0.0201    0.0393   0.004   53
58522.269    0.593272298436    1.240397992319    0.1731    0.3186   0.447   27
58526.207    0.268126309880   -0.066898806494    0.2027    0.2395   0.190   16
58529.271   -0.163744142622    0.190097998143    0.3969    0.5500   0.655    3
58534.209    0.075025227840    0.316097995778    0.1533    0.1825   0.399   29
58534.249   -0.345365496698    0.153298800853    0.0312    0.0688  -0.213   87
58536.269    0.129953233261   -0.415000808118    0.4280    0.8325   0.209   13
58540.207    0.777242179186    0.324100797400    0.1950    0.1738   0.290   20
58543.271    0.524772891796   -0.129898805312    0.8223    0.9594  -0.809    5
58547.209    0.056105294751    0.084600000605    0.1631    0.2358   0.094   16
58547.249   -0.297874492410    0.126601193529    0.0298    0.0607  -0.614  104
58561.209   -0.066150879967   -0.501501598649    0.2449    0.8238  -0.226   25
58561.249   -0.033271150540   -0.646401601045    0.0538    0.0306   0.006   65
58568.207    0.252600829092   -0.285001206635    0.2159    0.2599   0.288   12
58571.271   -0.525420988326    1.082599200686    1.2513    1.5004  -0.872    3
58575.209   -0.066670638789   -0.393001202781    0.1240    0.1519   0.226   51
58575.249   -0.266820504841    0.469198798214    0.0585    0.1215  -0.399   71
58578.269   -0.138041534917    0.601498793174    0.2354    0.3474  -0.141    9
58585.271   -1.296137346312    2.051600399966    2.0737    3.3356   0.961    3
58589.209   -1.316363084440    0.721400398618    0.3730    0.3380   0.574   33
58590.228    0.021136918061    0.026899199668    0.1577    0.3269   0.357   26
58591.269    0.138304618320   -0.297399608939    1.3913    2.6557  -0.863    3
58593.332   -1.089336347345    0.258299992595    0.1895    0.3032  -0.123   63
58599.271    0.371594093211    0.013201190541    0.3213    0.3145   0.180   12
58606.269   -1.029316841471   -0.821300403686    0.3538    0.5665   0.469   22
58611.208   -0.092504788196   -0.200502002201    0.1097    0.1412   0.085   62
58612.230   -1.194366789132    0.969098401526    0.1805    0.2263   0.059   77
58617.209   -0.068236323237   -0.035701208390    0.1229    0.1496  -0.025   45
58620.269    0.070588053904   -0.142801201264    0.2970    0.4356   0.406   10
58624.207   -0.326968348424    0.126100793807    0.2273    0.2710   0.272   21
58632.210   -0.346019823214    0.204199191955    0.1242    0.1644   0.003   54
58634.270   -0.215935226251   -0.852300003373    0.3976    0.4607   0.455    9
58641.271    0.602403499726    0.116798398153    0.6002    0.3253  -0.108    9
58646.210    0.002871489487    0.196801192942    0.2399    0.1996  -0.002   16
58646.250    0.263300918824    0.037997995150    0.3184    0.3586  -0.473   37
58648.270   -0.135824549945    0.099298796385    0.2411    0.3846   0.165   12
58652.207   -0.100204872732   -3.456399608126    0.4157    0.7838  -0.061   26
58655.271    0.105424888892    0.289198796111    0.1827    0.3530  -0.149   21
58659.209   -0.095767698795    0.210200394690    0.1749    0.2124  -0.318   16
58659.249   -0.409690634806    0.390797998762    0.2541    0.2944  -0.463   61
58662.270    1.797164913963    7.760998794026    0.5516    1.3113   0.642    3
58675.251   -1.316882843261    0.785599195297    0.2569    0.3100  -0.002  117
58680.207    0.709394073068    0.222098397273    0.2818    0.3273   0.053   24
58683.271   -0.189318234619    0.001598401411    0.2354    0.3102  -0.075   20
58687.209   -0.596791884454   -0.097200008042    0.3559    0.1274  -0.310   75
58687.249   -0.100724631553   -0.128700007451    0.1833    0.4083  -0.254   99
58690.270    0.721005342733    0.125798392503    0.4773    0.2345   0.181   16
58701.209   -0.063019511069   -0.008899198178    0.0928    0.1642   0.043  101
58701.249    1.330326084771   -1.686999608808    0.0563    0.1277  -0.494  159
58708.207    0.088202181954    0.261698400550    0.1920    0.2219   0.172   38
58711.272   -0.219066595149   -0.145101607529    0.2938    0.3922  -0.251    9
58715.249    0.783113495869   -6.867799206134    0.1599    0.1944  -0.509  202
58718.270   -0.668554201694    0.793598390203    0.3492    0.2473  -0.357   13
58729.209   -0.272300400413   -0.169401606342    0.0957    0.1045   0.138  176
58730.228    0.146133218564   -1.741399204036    0.0214    0.0562   0.240  230
58732.248   -1.630154656749   -0.751701600166    0.2175    0.2733  -0.871  252
58732.270   -0.281694685106   -0.443599205369    0.3144    0.3139   0.362   21
58739.272    0.238641032753   -0.067899605938    0.1273    0.1906   0.004  152
58743.249    0.013963000331    0.878000392390    0.0672    0.0651   0.102  230
58744.228  -27.526849206082  -11.965701607153    1.2942    0.5896   0.246    6
58746.270    0.449619326247   -0.023900408053    0.2655    0.3832   0.495   19
58750.207   -0.040316730560   -0.475498808328    0.1712    0.3673   0.126   73
58757.249   -0.428347484492    0.493700402160    0.3055    0.2111   0.032  147
58758.268   -0.340016964829    0.318898801765    0.3464    0.4363  -0.211   33
58774.270    0.242683759584    0.185000392605    0.3167    0.3155  -0.046    8
58778.211   -0.549298032172   -0.289101606654    0.1761    0.1959   0.060   62
58781.272   -0.132953060458   -0.083501998915    0.3776    0.4063   0.048   19
58785.249   -0.006654158908   -0.337499999148    0.1182    0.2100   0.496  109
58787.269    0.416216634005    0.059399998520    0.2780    0.2651  -0.166   34
58795.272   -0.372113852032    0.195299993777    0.2533    0.3452  -0.567   41
58802.248    0.209021187932    1.133701196920    0.0194    0.0270   0.202   95
58802.270    0.057279558088   -0.026301597700    0.1227    0.1745   0.089  110
58806.207    0.223503947085   -1.441101599653    0.1744    0.2040   0.169  155
58809.272    0.356851454648    0.062297993964    0.2335    0.2331  -0.180   41
58814.272    0.025051307183    0.040600789930    0.1133    0.1995   0.246  125
58816.084    3.005234824016    0.644900401880    1.0291    1.0300  -0.006   10
58823.272   -0.141955746039    0.763099190237    0.2068    0.4715  -0.413   47
58827.249   -0.206017978744    0.772397991966    0.0898    0.2039   0.254  104
58830.270   -0.060670806396    0.006901193217    0.2357    0.2465   0.240   59
58834.083    0.138564497731   -0.439801206653    0.1328    0.3349  -0.582  124
58837.272   -0.000782842224   -0.032400002681    0.1481    0.1973   0.122   72
58844.248    0.177187206133   -0.404398805642    0.0908    0.2214  -0.365   54
58844.270    0.502590048107   -0.070801208096    0.3387    0.5842   0.209    6
58851.268   -0.043839520570   -1.208901599625    0.6886    0.6677  -0.279   55
58858.248    1.023057307668   14.233298392696    0.1266    0.2809   0.229  136
58858.270   -0.058190738021   -0.485499602121    0.1674    0.1759  -0.011   77
58865.272   -0.639848740799   -1.407200397807    0.2843    0.3412   0.609   29
58870.250    0.182144316890    0.300301198308    0.1130    0.1591   0.298  126
58872.270    0.040056851150   -0.194400003295    0.0991    0.1275   0.140  102
58879.272   -0.205235136519   -0.074998797572    0.1045    0.1582   0.018  117
58883.209    0.199107144418    0.137300398251    0.0846    0.1095   0.261  218
58883.249   -0.078284934447   -0.635698802398    0.0937    0.1193   0.432  283
58886.270    0.430439513747   -0.396701999250    0.1287    0.1902   0.118   59
58890.208    0.154484603623   -1.109599209315    0.1801    0.1877  -0.056   35
58900.248   -0.114296210772   -0.127198808286    0.0635    0.0519  -0.382  407
58900.270   -0.098247767170    0.126799191946    0.3245    0.3645   0.050   16
58904.208    1.712357184310   -1.521201609478    0.1831    0.2059  -0.354   83
58905.227    0.245686790773   -0.969001199280    0.4549    2.9117   0.347    8
58911.209    0.421436650166    0.871801191238    0.3299    0.5224  -0.001  108
58914.270    0.044494203085    0.209300391418    0.3849    0.4593   0.144   75
58918.208   -0.146912856796    0.296600401839    0.2039    0.2368   0.107   55
58920.249    2.922772417043    2.534299196100    0.2155    0.6592   0.164   27
58925.209    0.100204872732   -0.239000409863    0.1093    0.1296  -0.222  239
58925.250   -0.216066767953    0.226598400843    0.0971    0.1047   0.029  494
58928.270   -0.085067609063   -0.226602007558    0.1380    0.1856   0.023  186
58932.208   -0.131127496598    0.033199196992    0.1072    0.1082  -0.024   77
58935.268    0.158790235858    0.013600794091    0.1465    0.1504   0.047   68
58939.250   -0.122252970726    0.138898799662    0.0859    0.1431  -0.333  149
58941.251   -1.327842812403    2.340601197659    0.5534    1.7076  -0.107    8
58942.270   -0.084024887428   -0.050000400620    0.1204    0.1974  -0.125  137
58946.208    0.071111016718   -0.119401205723    0.0971    0.0952   0.033  132
58947.227    0.839738727441    1.109599196525    0.2361    0.4878   0.398   95
58956.270    0.085330692467    0.400399201794    0.1248    0.1759  -0.186   90
58962.271   -0.137781655506   -0.074300399433    0.1495    0.1859   0.328  139
58967.210   -0.774239147997   -0.435499201501    0.2272    0.3932  -0.261  103
58969.270   -0.100596293844   -0.091900797372    0.1711    0.2771   0.253  113
58974.208   -0.176924122730   -0.083501998915    0.0945    0.1341   0.114  261
58977.272   -0.329448416799   -0.248900407485    0.1894    0.2126  -0.084   27
58981.210    0.067979647820   -0.108201601279    0.1260    0.1848  -0.083  290
58984.270   -0.019831113022    0.077000396459    0.3018    0.4274   0.174    8
58991.269   -0.339365664306   -0.084801605738    0.2549    0.3556  -0.074   18
58995.188   -1.033882353116   -3.497900401328    0.2644    0.8362  -0.042   11
58996.207    0.471147665420   -0.389599200901    0.2108    0.1778   0.170  217
59003.209   -0.046188225243   -0.190699206826    0.1350    0.1780   0.143   90
59009.210   -0.086113534691    0.291499202376    0.1661    0.1940  -0.050   66
59009.250    0.052322625330   -0.122399997338    0.1234    0.2408  -0.034  177
59010.229    2.938169560122   -0.431600406614    0.2428    0.7866  -0.131   16
59016.208   -0.210455152680   -0.529901997481    0.4036    0.5469  -0.196  127
59017.230   -1.100947617010    3.209598001774    0.7902    1.1433  -0.013    7
59019.269   -1.023445524787   -0.024400807774    0.2970    0.2166  -0.119  175
59023.250   -0.366893835871   -0.153298800853    0.1706    0.2737   0.435  386
59025.251   -0.236289302087    0.036298797568    0.1400    0.1949   0.047  507
59026.270   -0.755579094319   -0.350499597346    0.4286    0.4596   0.716   75
59030.208   -0.707173884103   -0.128199607730    0.1779    0.1511   0.080   43
59032.271    0.368462724313   -0.076701601870    0.2115    0.2411   0.315   58
59037.210   -0.029748360530   -0.549799207761    0.1353    0.1271   0.466  313
59037.250   -0.650025867717   -1.019300407279    0.1223    0.2087   0.073  345
59039.251    0.054931031414   -0.628801203106    0.1354    0.9328  -0.571  841
59040.270    0.125910506430    0.413099992613    0.2636    0.3118   0.502   61
59044.208    0.333625889324   -0.255301200980    0.1079    0.1272   0.010   91
59047.269    0.326448767602   -0.016901999800    0.2022    0.2899  -0.285   39
59051.210   -0.082067781867   -0.152802007847    0.1119    0.1259  -0.008  139
59051.250    0.565872642580   -0.910198802728    0.0829    0.1526   0.163  520
59053.248   10.481848520778    6.715400395763    0.6121    0.5774  -0.007   52
59054.270   -0.037968203887    0.096598799360    0.1416    0.1620   0.174  267
59058.208   -1.589446327077    0.482500797716    0.2132    0.1621  -0.001  142
59061.269   -0.228592243544    0.774298794681    0.1829    0.4083   0.244   66
59071.916   -2.835875862128   -8.767602004411    0.8530    0.6922   0.345   13
59075.269   -0.132038676531    0.624797992543    0.3676    0.8552   0.055   73
59080.251   -0.262123273495   -1.816999197501    0.0594    0.1051  -0.267  168
59081.230    1.152356036414    3.364898401514    0.7794    2.8093   0.481    5
59082.271   -0.408516371470   -0.704098808058    1.0651    1.3380  -0.661    3
59089.269    0.967083376619    0.291200394997    0.3849    0.2719   0.011   33
59093.206    2.258523669584    0.208699195525    0.2142    0.1492  -0.028   56
59093.250   -0.043839520570   -0.624402008498    0.1175    0.2295   0.628  221
59096.271    0.289394769642    0.856000799843    0.3348    0.5486   0.007   33
59101.209   -0.540295168590   -1.022101200476    0.1687    0.4275   0.388   45
59107.206    0.001305805038    0.154097995164    0.1120    0.1382   0.036  209
59107.250   -0.237332023722    0.099899992279    0.0671    0.1357   0.000  220
59114.208    0.135304791124    0.742399191722    0.5023    0.3591  -0.084   63
59121.250    0.550998462315    1.136599192364    0.0725    0.1193   0.335  279
59122.229    1.317928946888    6.900800391918    0.4706    1.9199   0.295   10
59124.271    0.462273317547    0.149500802138    0.2108    0.2594  -0.249  124
59130.250    0.732488274689   -1.105599605467    0.5818    0.3157  -0.283   65
59131.269   -0.063279390480   -0.058500008038    0.2336    0.2632   0.022   28
59142.208   -0.418302077275   -0.295300807807    0.3755    0.5019  -0.038   16
59143.231   -0.787284560409   -1.024099205438    0.4332    2.1960   0.169   14
59149.206   -0.298917392044   -0.279201609032    0.2409    0.2718  -0.051   37
59152.249   -0.501675664181   -5.442102001041    0.2203    0.2385  -0.223  468
59152.271   -0.577612071954    0.494999996192    0.3147    0.5702  -0.201   13
59157.209    0.254557934653    0.142999199682    0.2483    0.2860  -0.043   52
59159.269   -0.194666766489    0.753598796166    0.3925    0.3972  -0.128   18
59163.250   -0.286783159565   -0.343699200300    0.0622    0.0872  -0.363  344
59165.248    0.236420843789   -0.578300402765    0.4303    2.0619   0.238   13
59166.271   -1.076028029528   -4.626100808025    0.5602    1.3940   0.732    8
59171.227   -1.156790006357    1.820401199382    2.2512    0.8707  -0.397   11
59172.250   -0.063279390480   -0.198799197904    0.0660    0.1020  -0.086  260
59173.269    0.141044566106    0.025599592846    0.2648    0.3169  -0.035   39
59186.250    2.583929715551   -1.774299606438    0.4350    2.7322   0.238    8
59187.269    0.252340949681   -0.022201197680    0.2924    0.3042  -0.047   49
59191.206   -0.050102436366   -3.023200800101    2.0012    1.5101   0.746    5
59192.229   -9.712043342724   80.364499196151    0.9920    3.1258  -0.730    3
59194.249   -0.047753909692   -0.231501601888    0.0332    0.0886  -0.493  397
59194.271   -0.191926640703    1.070899196520    0.3361    0.3329   0.122   67
59205.206    2.222903992371   -0.398901609344    0.2667    0.2915   0.054  158
59206.251    0.170792926635   -0.852199207202    0.0421    0.0915  -0.395  441
59219.206    0.053625226376   -0.338299206248    0.1706    0.1993   0.054   69
59222.249   -0.241637655957   -0.655401608185    0.0396    0.0861  -0.356  463
59226.208   -0.129821691560   -0.232099203856    0.1471    0.1697   0.012  242
59229.269   -0.037053819961   -0.611200805167    0.2570    0.3388  -0.494   73
59231.585   -0.642457146883   -3.126801601638    2.3005    4.4161  -0.840    4
59233.206    0.543561283183   -0.191098797586    0.4631    0.4734   0.497   13
59234.229    0.186449949125   -2.926799999159    0.3026    1.0091   0.234   26
59236.249    0.002220188965   -0.286999198806    0.0617    0.1180  -0.067  344
59236.271    4.632780896681    7.430101193506    1.4712    5.2406   0.068    6
59240.208    0.371071130397    0.057599991976    0.2017    0.1581   0.327  226
59243.269   -0.059105121947    0.451299592896    0.1669    0.2328  -0.076  157
59247.250   -0.157872647939    0.313397998752    0.0501    0.0806  -0.410  251
59249.248   -0.868441162343   -0.557301609660    0.6039    0.4490   0.260   14
59257.269    0.810773209136    0.687999596494    0.4013    0.4012   0.121   35
59262.248    0.190887123061    0.190699194036    0.0667    0.0917   0.026  192
59270.250    0.772022163025    1.753199991583    0.3020    0.9144   0.221   25
59271.269    0.329320257089   -0.435898805051    0.3255    0.3693   0.341   21
59271.737    0.580092318329   -0.449398802971    0.0955    0.1324  -0.076  130
59276.229    0.776327795260    0.143999999125    0.4280    1.3698   0.459   24
59277.248    1.048759737374    0.338500798591    0.4436    1.3560   0.537   24
59278.249   -0.176269796214    0.228797998147    0.0411    0.1114  -0.270  174
59282.208   -0.273866084862    0.530297994317    0.2480    0.4304   0.205   26
59283.227   -0.786764801588   -2.713798798482    0.3155    0.9076   0.175   26
59284.250    0.654986004467    2.464498800236    0.3608    1.0206   0.515   18
59285.269    0.662291641898    0.433400400368    0.3877    0.4146  -0.228   15
59289.207    0.153438677995   -0.409600801277    0.2850    0.3838   0.334   32
59289.250   -0.417519235051   -4.201099206114    0.0268    0.0447   0.130  216
59290.226   -0.190101076844    0.746600400703    0.3157    0.9388   0.445   21
59291.248    0.083245249197    0.484300791470    0.2957    0.9053   0.465   18
59297.209   -0.198844061014   -0.308098800872    0.1278    0.1454   0.081  286
59299.269    0.042274014121   -0.058798802627    0.1312    0.1959  -0.105   60
59305.248   -0.183187038525    1.074700801951    0.0484    0.0746  -0.149  399
59312.228   -1.805121673917   -0.291898805926    0.5567    0.4497  -0.395   69
59313.269   -0.028573919193    0.304498800574    0.3334    0.2336   0.314   43
59320.249   -0.323836979526   -0.613299606300    0.0283    0.0459  -0.312  411
59320.271   -0.890620802039    0.604699189921    0.3355    0.4960  -0.205   21
59324.209    0.076591090289   -0.113698797577    0.1831    0.2307  -0.299   88
59326.250    0.092639355890   -0.680500801309    0.3531    1.2077   0.343   18
59327.269   -0.286391738453   -0.848800799247    0.2777    0.6906  -0.313   75
59334.249   -0.670902906367   -4.335001209199    0.0296    0.0692   0.519  429
59334.271    0.042405555823   -0.069001201553    0.2824    0.3110  -0.432   57
59338.209   -0.427436304559    0.328798799387    0.1513    0.1727   0.096  230
59341.269   -1.215243827782    0.024598793402    0.3371    0.4479  -0.135   31
59345.207   -0.079067776671   -0.360201609340    0.2267    0.2152   0.026   80
59348.249    0.113904789660   -0.272098797893    0.2255    0.1963  -0.226  196
59348.271   -0.662682885011   -0.413899199714    0.2938    0.2539   0.540   48
59352.187    0.055322452527    0.671299201827    0.5364    0.4249  -0.059   20
59353.209   -0.074370723324    0.720601191517    0.1067    0.1623   0.061  151
59355.269   -0.076979129408    0.108601192039    0.1436    0.2101   0.264   89
59361.249    0.349934212336   -3.444400809371    0.2650    0.7737  -0.084   26
59362.249   -0.127081565774    0.029599196694    0.1584    0.2220  -0.395  355
59362.271   -0.140913024404    0.292600797991    0.1981    0.2398   0.133   77
59366.209   -0.343931175951   -0.695300406051    0.7563    1.3328  -0.615    9
59367.228    0.004305632235    1.270097997974    0.2738    0.7539   0.225   27
59368.228    0.872095494055    0.829900794486    0.7244    0.7881  -0.145   21
59369.269   -0.119904444052   -0.284601603084    0.3513    0.3843  -0.344   42
59375.249   -0.093287630420   -0.470901602512    0.2434    0.2089  -0.307  391
59375.270    0.326320251894    0.028501195004    0.1400    0.1715  -0.023  137
59380.209    0.382294182943    0.226299593464    0.2498    0.3558  -0.094   42
59387.207   -0.754404830982   -0.821401199858    0.5036    0.6917   0.452   12
59390.249   -0.024005203555    0.794599202436    0.2095    0.4026  -0.652  356
59394.209   -0.324491484041    0.443800797711    0.1580    0.2565   0.235   42
59397.269   -0.146652977386   -0.451699209236    0.1384    0.2161   0.035   40
59404.249   -0.378116710417    0.443401194161    0.1904    0.2371   0.350  350
59404.271   -1.247340714985    0.061999199374    0.2753    0.2471  -0.041   87
59408.209   -0.027659713267   -1.200600003415    0.4487    1.0651   0.530   21
59410.250    0.131650459412    3.748201199016    1.0981    2.4052  -0.026    4
59411.270   -0.117164496267   -0.621500406339    0.2409    0.2677  -0.049   34
59415.207   -0.651982973278    0.397800000940    0.2195    0.2608   0.064   29
59416.230   -1.984526043021   -1.405400404053    0.3020    0.3468   0.317  196
59417.249    0.411388038957    0.198899994075    0.3018    1.3163   0.365   14
59418.249    0.125387721616    0.332297990724    0.1040    0.2213  -0.095  342
59418.271   -0.886055290394   -0.271299603583    0.3328    0.2578  -0.012   30
59422.209   -0.671031244076    1.021697990211    0.1382    0.2817  -0.279   85
59425.251   -0.221675001233   -0.531298806550    0.0705    0.1018  -0.186  388
59425.270   -0.035879556624   -0.606801597769    0.1574    0.1762  -0.019   44
59429.207    0.121341790792   -0.784699204814    0.1956    0.3257   0.280   33
59431.249   -0.153830099108    0.314499594367    0.2138    0.6493   0.920  311
59431.271    0.214764166907    0.533098800304    0.1876    0.3163  -0.257   66
59438.251    0.386728152886   -1.439200809727    0.2297    0.6342   0.134   44
59439.270   -0.112858864032    0.331999196135    0.2048    0.3732  -0.126   75
59444.208   -0.173529670428   -0.215301606943    0.1106    0.1804   0.079   72
59446.249    0.345368700691   -1.433998801303    0.0932    0.3047  -0.533  235
59446.271   -0.893100870414   -0.169002002792    0.2465    0.3497  -0.192   77
59450.209   -0.189969535142    0.298097994289    0.1265    0.2513   0.405   85
59453.270    0.635414770856    0.160199994070    0.3312    0.3885   0.056   34
59460.250   -0.234723617638    0.286999198806    0.0514    0.1092  -0.261  162
59460.271   -0.094333378048    0.374597991026    0.1957    0.3185   0.124   20
59467.270    0.116516399736   -0.667900806661    0.3924    0.3827   0.079   15
59471.207   -0.422216288398   -0.366001206942    0.2887    0.2471   0.228   43
59474.224    0.958731991560   -1.351198807242    0.5156    0.5153  -0.207  120
59474.271    0.333885768735    0.007300796767    0.4205    0.4671  -0.188    7
59478.209   -0.038751046111    0.038300396454    0.1860    0.1685   0.085  133
59481.270    0.772936546951   -0.851500809063    0.3795    0.6157  -0.253   28
59485.207    0.330234641016   -0.055900807183    0.1747    0.1951   0.324  166
59486.230    0.710308456994    4.794800396724    0.3755    1.5627   0.344   24
59487.249   -0.371199468106   -0.499399203591    0.2121    0.2594  -0.037  142
59488.250    0.467753213118   -0.459900009275    0.3075    0.4264   0.005  209
59488.272   -0.034053992764   -0.193302001605    0.1031    0.1701  -0.035   90
59495.270   -1.145047194990   -1.148900405212    0.1507    0.4166   0.456   90
59499.189   -0.517983987193    0.675900001568    0.4452    0.4986   0.005   53
59502.272   -0.048796631327    0.240400800067    0.2130    0.1934   0.002   53
59506.209    0.259123624298    0.055400394672    0.1128    0.1492   0.308  218
59508.251   -0.696865215484   -0.847501205214    0.3223    0.9269   0.418   27
59509.270    0.960820638823   -7.936300806932    0.3964    0.5305  -0.272   10
59514.230    0.070719595605    2.884798793445    0.3057    1.0652   0.369   23
59516.250    0.228723963246   -0.229399206830    0.3726    0.9371  -0.811  185
59516.272   -0.170138422120    0.020998793104    0.1581    0.1992  -0.096  117
59521.210   -0.466707287491    0.593099994717    0.2260    0.3375   0.162   62
59522.229    0.344454316765    3.737300401951    0.3263    1.4167   0.521   17
59523.270   -0.503632769742    0.121899597616    0.2592    0.3995   0.261   28
59527.207   -0.046056683542    0.009698392489    0.2013    0.1807   0.079   73
59528.230    0.524509808392    0.831301197479    0.2349    0.6703   0.124   45
59534.209   -0.722571027182   -0.605300398604    0.2921    0.3492   0.142   30
59535.228  -10.193887715883   -2.726600398262    0.3898    0.4391   0.294   31
59537.270    0.071111016718   -0.329202009652    0.0984    0.1747   0.140  103
59541.189    0.393513853496    0.623699990854    0.2250    0.7016   0.211   31
59542.208    0.030011443933    0.308300393215    0.1119    0.1485  -0.079  120
59542.248   -0.245160623967   -0.208699208315    0.0652    0.1270   0.066  104
59544.272   -0.388685258447   -0.303800402435    0.3104    0.3517   0.202  102
59548.209   -0.274517385384    0.422398794342    0.1210    0.1646  -0.171  235
59551.270    0.006785700610   -0.402901200403    0.1936    0.2024   0.106  116
59555.207    0.013571579219    0.227401201869    0.0894    0.1945   0.164  303
59555.207   -0.954031734221   -2.295702009292    0.4050    1.2147   0.462   13
59557.249   -0.555300890557    1.402599598066    0.2087    0.6030   0.086   52
59558.250   -0.098247767170   -0.248000404213    0.1683    0.3437  -0.926  153
59558.268   -0.131255834307   -0.049100397348    0.2256    0.3282  -0.657  114
59564.251   -0.460575913397    0.277801193249    0.3195    0.3076   0.156  148
59565.270    0.420262386829   -0.335800801565    0.2849    0.1932  -0.237  157
59569.207    0.401865416554    0.539798401178    0.1452    0.2492   0.719  252
59571.271    0.487847409544    0.354700793537    0.3458    0.1811   0.074  133
59578.269   -0.516681208148   -0.321102005785    0.2027    0.2719   0.016  158
59583.207    0.119647768634   -0.173502006362    0.0931    0.1389   0.105  167
59586.272   -0.383333700585   -0.203601602777    0.1491    0.2335   0.104   55
59592.284    2.260220895735    1.862398798380    0.6820    1.4722   0.395   15
59593.248    0.012005894770   -0.094399202055    0.0608    0.0908  -0.416  328
59593.270    0.090942129740    0.114199197299    0.1052    0.4051   0.073  100
59594.585    0.975303397976   -0.908499605146    0.9395    0.8432  -0.232   15
59597.083   -0.216586526774   -0.042699603853    0.2567    0.7923   0.076   30
59598.208   -0.069019165462   -0.333000008368    0.2317    0.3677  -0.295   19
59600.250   -0.080370555717   -0.037800009522    0.0359    0.0601  -0.385  134
59600.272    0.369896867060   -0.381898800583    0.1078    0.1639   0.047   97
59604.209   -0.105813106012    0.167198402323    0.1137    0.1510   0.026  301
59606.251   -0.415302072079    0.003499191337    0.3800    0.3610   0.122   36
59607.248   -0.269428910925   -0.350100006585    0.2776    0.2585   0.848  200
59607.270   -0.042925136644   -0.647099999185    0.1010    0.2711  -0.145  113
59611.207   -0.249466256201   -0.335199605672    0.0959    0.1532   0.098  164
59614.250    0.478844723962    0.220600792034    0.0638    0.0397  -0.243  187
59614.272   -0.529989703964    0.032500798852    0.1901    0.3123  -0.440  159
59618.209   -0.673379770750    0.310298398176    0.1059    0.1540  -0.204  345
59621.248    1.891106870899    8.181799199747    0.0847    0.2324   0.948  203
59621.270   -1.121170329144    0.101199599101    0.1173    0.1638   0.045  203
59625.207   -0.213195278465    0.306500399461    0.1574    0.2258   0.018  168
59626.230   -0.490192732225   -0.541198804171    0.6507    1.3018   0.192   20
59628.250   -0.125647423027   -2.052399607066    0.0326    0.0900   0.121  269
59628.272   -0.229766506881   -0.015300004463    0.1009    0.1693   0.067  136
59632.209    1.773679291229    1.261699199517    0.3385    0.3190   0.844  254
59633.228   -0.662551343309    0.403898393131    0.2566    0.9215   0.180   40
59635.248   -0.010176948918   -0.799801198070    0.0532    0.0341  -0.105  262
59635.270   -0.185535565198    0.070397997831    0.1781    0.1644   0.085  124
59639.207   -0.319531347291   -0.360201609340    0.1137    0.2258  -0.133   81
59642.250    0.047885451394   -0.297100801561    0.0205    0.0341  -0.246  252
59642.272    0.176664421319    0.601599602135    0.1625    0.3033   0.137   53
59646.209   -0.278563138208    0.135601200668    0.1400    0.2550  -0.124   86
59649.248   -0.162049942465    0.037198800840    0.0737    0.1102   0.106  209
59649.270   -0.281171722292   -0.258102006967    0.1237    0.2471   0.319  137
59653.207    0.297874670409   -0.920998803622    0.2568    0.5098   0.475   32
59654.230    0.197278376565    2.359400393459    0.2844    1.3263   0.314   23
59655.249   -0.161004194836   -0.388299606868    0.2424    0.2913   0.156   55
59656.250   -0.140913024404   -0.113000399438    0.0381    0.0891  -0.003  119
59656.272   -1.318448527710   -0.955501201361    0.3607    0.3994   0.157   31
59661.206    0.148873166350    0.337100395598    0.5508    0.5629   0.550   15
59663.270   -0.176141280505   -0.080100009825    0.2413    0.2649  -0.300  146
59667.207   -0.198844061014   -0.022302006641    0.1004    0.1699  -0.125  121
59674.209   -0.141304445516    0.817599594427    0.1450    0.2107   0.092   54
59677.248    0.130607737777    0.890999990588    0.0848    0.1134  -0.566  238
59681.208   -0.025051129183   -0.191901598612    0.1289    0.2077  -0.166   72
59683.249    0.143916233593   -0.047901599487    0.3621    0.6643  -0.167  127
59683.271    0.093422376115   -0.567702007004    0.2419    0.2474  -0.343   19
59689.206    0.030271323344    0.113500799159    0.1271    0.2009   0.090  148
59690.251   -0.388945137858    0.275698798191    0.2370    0.9366  -0.108   11
59691.248    0.140521781291   -0.258699608935    0.0323    0.0542  -0.302  255
59691.270    0.182795617413   -0.141300002099    0.1600    0.2253   0.043   27
59695.208   -0.211106631202   -0.111301201855    0.2158    0.1978   0.039  106
59698.272    0.849915854359    1.002700795993    0.3415    0.3560   0.105   21
59703.207   -0.208366505417   -0.349099207142    0.1473    0.1918  -0.014   85
59704.251    0.744362449758   -0.197200809282    0.0728    0.0860  -0.189  381
59705.248   -0.497109974536   -0.412002003713    0.0555    0.0880   0.221  169
59705.270    0.596923604155   -0.198799197904    0.3137    0.3361   0.463   84
59712.268   -0.401339249748    0.512099994410    0.2264    0.4007   0.084   32
59716.209   -0.139347339955   -0.536900405734    0.1622    0.2444  -0.136   34
59719.248    0.111036504165   -0.123800400331    0.1454    0.2481   0.502  147
59719.270    0.241509496247   -0.251301609921    0.2897    0.3413   0.218   27
59724.230    0.295134722623   -1.327899607872    0.2499    0.7832  -0.005   23
59726.250    0.035359797803    0.160999201171    0.0808    0.1624   0.170  163
59726.268   -0.108161632685   -0.127699208008    0.1447    0.2917  -0.288  103
59730.082   -0.490847236740   -0.019501200654    0.9905    0.6703   0.062   28
59731.207    0.233552558294   -1.271401198721    0.2567    0.4464  -0.111   36
59733.248    1.123390518109    0.176299192844    0.7302    0.5695   0.043  233
59733.270   -0.007173917729   -0.007401605728    0.1887    0.3267   0.408   86
59737.120    0.437876514880    1.164200396886    0.2618    0.7911  -0.079   27
59738.208   -0.247380634932   -0.275799607152    0.3876    0.3698  -0.023   13
59739.227    1.442533648280    0.179398793421    1.2508    0.5731   0.118    9
59740.250   -0.353585340055   -0.362098805340    0.0602    0.0838   0.008  179
59740.268   -0.263037657421   -0.199601998929    0.1826    0.2581   0.161   80
59747.248   -2.167581539844   -0.967500000115    0.0665    0.0663   0.118  258
59747.270   -0.552692484473    0.155300399740    0.2138    0.3183  -0.191  193
59752.208    0.120430610859    0.063500398539    0.1802    0.1915   0.029   41
59754.268   -0.072805038875   -0.153000006264    0.1393    0.2130   0.251   94
59758.210   -0.260166167933   -0.285199205052    0.1834    0.2067   0.162  152
59761.270    0.087287798028   -0.247399208320    0.1982    0.2887   0.068   56
59765.208   -0.406819145319    0.049100397348    0.1934    0.1991  -0.163  100
59766.230    1.175321722327    0.320000397380    0.2980    0.2305   0.043  211
59767.249   -0.014351217451   -0.373201207537    0.0596    0.1091   0.124  187
59767.271   -0.481061530935   -0.285800400945    0.2516    0.2761   0.304   71
59772.210   -2.307711722024   -8.031700808431    0.2382    0.6772   0.620   95
59774.251   -1.277740376037   -0.106401607525    0.7058    0.5641   0.147   19
59775.248    0.393645395198   -1.528401610074    0.0761    0.1328  -0.524   71
59775.270   -0.384771047325   -0.278701209311    0.1621    0.2839  -0.068   87
59779.208   -0.302571723756    0.468799194664    0.2385    0.2374  -0.294  115
59782.269    0.305183333833   -0.292201207230    0.1943    0.2674   0.008   68
59787.229    0.131390580001   -0.989499605453    0.6976    0.6537  -0.184   73
59789.270    0.551258341726    0.628498801802    0.4856    0.3914  -0.182   50
59793.208   -0.799810214001    0.185299199984    0.2590    0.3694  -0.390   40
59794.230   -0.027136750453   -0.889498804213    0.2922    0.8667   0.262   40
59795.250    0.565349679766    1.574701201434    0.1350    0.1151   0.393   61
59795.271   -0.048405210215    0.154097995164    0.2907    0.2845   0.466  117
59803.248   -1.065719360909   -0.251301609921    0.3599    0.3377  -0.387   69
59803.270   -0.681862697510    0.128199594940    0.2452    0.2838  -0.161  136
59810.272    0.260560793038   -0.435200406912    0.2937    0.4030   0.128   68
59814.210   -0.180575428448   -0.157201202455    0.1032    0.1474  -0.027  237
59817.270    0.536644040871    0.095101194120    0.3945    0.3721  -0.067   53
59824.250   -0.133867444384   -0.516401999562    0.1876    0.1834  -0.856  170
59824.272   -0.025311008594    0.148298397562    0.1267    0.2135   0.206  103
59829.229    0.120039189747   -4.981100408941    0.1860    0.9028   0.424  211
59831.249    0.185667106900   -1.051599600999    1.6566    0.2395  -0.751  124
59831.270   -0.278563138208    0.720197994042    0.3682    0.5868   0.261   27
59838.269    0.178753068581   -0.113698797577    0.1877    0.2524   0.129   93
59843.229   -0.508981123612    0.070397997831    0.4115    1.1946   0.288   15
59845.249    0.387774078514   -0.177901200971    0.0566    0.0981  -0.217  209
59845.271   -0.216066767953    0.256100395291    0.2984    0.4289  -0.127   22
59852.269    0.245032286258    0.149597991594    0.1788    0.2237  -0.017   86
59857.207   -0.166355752699    0.659199594111    0.2622    0.2208  -0.092   61
59859.249   -1.302663167511    3.646900790955    0.0654    0.1441  -0.577  165
59859.271   -0.505721417005   -0.265201198602    0.2316    0.3243   0.251   36
59863.084    0.653288778317    3.035998793166    0.2776    0.9040   0.306   27
59864.209   -0.868441162343    0.617698800909    2.6192    2.2749  -0.966    4
59870.210    0.091073671442   -0.060800401513    0.1047    0.1924  -0.011   87
59873.271   -0.455878860050   -0.118299610108    0.2262    0.2528   0.504   46
59877.208    0.892840991003   -0.426099603601    0.3646    0.4794   0.028   15
59879.250   -0.779587501867    0.776401202529    0.2789    0.3823  -0.536   57
59879.272   -0.160484258016   -0.680799608688    0.2059    0.3447   0.101   34
59887.271   -0.295917386848   -0.151401604853    0.1532    0.2356   0.249   42
59891.208    0.210586872381    0.224398790749    0.1749    0.2505   0.114   42
59893.268    0.263429256533    0.376801195046    0.3061    0.3536   0.020   24
59899.229    0.988480352090    3.677000400160    0.3827    1.9607   0.224    9
59901.271    0.116644737445   -0.194799606845    0.1810    0.2541   0.140   82
59908.269    0.081288143635    0.177800392009    0.1904    0.2658   0.266   38
59913.207   -0.144172909010   -0.021700797959    0.2795    0.3343   0.166   76
59915.271   -0.037705120483    0.071600402407    0.1729    0.1794   0.204   68
59919.208    0.140521781291    0.247298399358    0.1711    0.2661   0.007   62
59922.269    0.224809574124    0.297698390739    0.1970    0.3503   0.459   52
59926.206   -0.390119401195    0.008899198178    0.4070    0.4063   0.474   17
59928.270    0.053625226376    0.351601192961    0.1646    0.1967   0.001   42
59935.272   -0.256774919625   -0.457700399181    0.1905    0.2013  -0.105   78
59948.209    0.044885624198    0.975499195022    0.1660    0.3243   0.146   77
59949.268    0.007960141946   -0.412902006985    0.3791    0.4070   0.021   48
59957.271    0.162050120464    0.272300390236    0.2907    0.3066   0.108   64
59962.227   -0.826298689924    0.562100395030    1.1070    0.4329   0.350    6
59963.250    0.718137057238   -5.925099604553    0.3759    1.5616   0.507   18
59964.269    0.448445062910    0.237797992497    0.1696    0.2550   0.239   43
59971.271   -0.260557589046   -0.213102009639    0.2062    0.2399   0.373   33
59975.208   -0.996568653745    0.577799990253    0.4242    0.4646  -0.397   52
59977.250    1.785553644298   -1.663498804305    2.4017    8.2660  -0.873    5
59978.269    0.507287101454   -0.845100002778    0.3638    0.4535   0.011   25
59982.206    0.051408241404    0.845701198671    0.2736    0.3736  -0.479   62
59984.248    0.089376445291   -0.266299200291    0.3472    0.5749  -0.090   78
59984.248    0.015528684780    0.167101200077    0.1924    0.2910  -0.384  127
59985.271    0.264603519869   -0.072100802129    0.3574    0.2829   0.238   81
59989.208   -0.171052806046   -0.461901608162    0.1249    0.2257   0.443   60
59990.227    0.130344654373   -0.052599601474    0.4214    0.5926  -0.264   42
60024.206    0.003654331712    0.377798400564    0.6298    0.7542  -0.695   11
60040.248    0.008482926760    0.538999194077    0.0233    0.0508  -0.325  209
60048.269    0.155918746370    0.000000000000    0.1305    0.1816  -0.042  100
60052.207   -0.462664560660    0.021398396655    0.2359    0.3574  -0.143   30
60055.249    0.193495707145    1.338901201109    0.0142    0.0261  -0.258  202
60055.271    0.417131017931    0.640699192900    0.2707    0.3341  -0.049   31
60059.208    2.655692032792   -1.075100405501    0.2445    0.3366   0.009   25
60061.250   -0.323577100115   -1.051099201277    0.3316    0.2477   0.275   69
60062.269   -0.453138912264   -0.200300409858    0.2790    0.4747   0.389   20
60067.207    0.961863360458   -0.229302004584    0.3814    0.2099  -0.309   93
60069.271    0.936680689573    0.528199193184    0.4863    0.5299   0.111   36
60082.248   -0.512503913622   -0.102700798266    0.2968    0.3551  -0.085   56
60090.269   -2.005531419380   -2.499901201247    1.0425    1.5879   0.872    7
60096.270   -0.320837152329   -2.008101601803    1.1978    2.0825   0.932    3
60101.208   -0.148610082947   -0.216000005082    0.4088    0.4576   0.262   15
60108.207   -0.026745329341    0.361400394411    0.5434    0.3211  -0.105    9
60118.269   -0.488758589477    0.532501198336    0.3548    0.4740   0.101   14
60125.271   14.976844557959   -3.050301604901    6.6009    1.4386  -0.615    3
60160.269    0.056365352161    0.033001198574    0.2838    0.2647   0.090   19
60167.249   -0.428870447306   -1.418900401973    0.0571    0.0605  -0.074  130
60167.271    0.844695660199   -0.305600408979    0.5127    0.5337   0.426    7
60181.271   -0.037053819961    0.902098798861    0.3332    0.4013   0.039   10
60188.269   -0.530509640784   -0.681800408131    0.3472    0.4047   0.183   11
60193.208   -0.072413617763   -0.165600000912    0.2877    0.3101   0.190   88
60195.238    0.508201485380    1.047099597429    0.1951    0.2798  -0.338  158
60195.271    0.077110849110   -0.514000809915    0.1722    0.2843   0.013   52
60199.209   -0.066670638789   -0.349999197624    0.2619    0.3581   0.358   69
60202.270   -3.828658820459   -2.306001597674    0.1919    0.3227   0.241   26
60206.207   -0.228720759253    0.307900802454    0.1668    0.2254  -0.103   53
60206.207   -0.228720759253    0.307900802454    0.1668    0.2254  -0.103   53
60206.207   -0.224155069608    0.308401202176    0.1668    0.2254  -0.103   53
60207.230   -1.959734615249   -3.137399997399    0.5364    1.4729   0.099    5
60208.249   -0.102553399405    0.184298400541    0.0645    0.1296  -0.562  224
60208.271   -0.295917386848   -0.023698802920    0.2099    0.2485   0.070   35
60220.207    0.478584666552    0.309898794626    0.5864    0.4498   0.172   29
60223.249    0.440353379262   -0.173502006362    0.0976    0.1552   0.399  170
60223.271    0.055062573116   -0.291301203958    0.1786    0.2512   0.056   28
60227.209    1.421005309107   -3.319200006047    1.6803    0.7298   0.095   14
60230.251   -0.942943427369    0.236898002015    0.0807    0.0943  -0.361  187
60230.270    0.351891317897    0.742399191722    0.3838    0.3519  -0.119    8
60237.271    0.250383844120    0.860000390901    0.3151    0.3135   0.067   26
