%-----------------------------------------------------------------------------
%                R.A. (mas)        Dec. (mas)        Err. (mas)     Corr. Del.
% Uncertainty in R.A. is in R.A. cos(Dec.)!!!!
%-----------------------------------------------------------------------------
46840.289    2.589422880414    0.657298800988    2.0802    3.4349   0.042   27
47098.356    6.223637819368   11.049397202001    3.3769    8.9849   0.268    4
47164.912    9.696003392594   80.740699201698    5.9558   54.1527   0.786    6
47174.507  -18.123726363974  -32.673599998390    5.9013  103.7695   0.561    6
47177.911   -0.387274351020    4.900899599747    0.6090    3.2931  -0.833    4
47181.918    2.551901477352    4.430199602368    1.6019    3.1382   0.946    4
47197.905    1.367894202979    0.765198000963    0.8323    0.5027   1.000    5
47201.915   -0.340969285775    1.053698402131    3.2826    6.3020  -0.381    8
47207.339    1.271557079432    1.336500001869    1.1204    5.4753   0.184    9
47216.916   -2.370101282977   -2.256800397760    1.4277    1.5611  -0.056   11
47224.926   18.880407924678   22.522597201657   21.4287   38.2238   0.758    4
47227.903   -1.817850816495    6.808399201219    4.7043    7.5763   0.785    4
47274.253    2.699753696932   13.791200402480    1.2908    5.9795   0.410   14
47278.256    0.883689594571    1.130799601157    0.9256    3.6419  -0.069    8
47279.337   -0.867308741015  -16.854400799815    1.1301    7.5340   0.465   15
47285.178    3.310072982141    9.052398002396    1.4641    5.2626   0.060   10
47288.249   -0.865375571573   -1.421499599630    3.5220    2.9260  -0.125    4
47358.502   -2.928751907363    3.308400001956    1.9816    1.1228   0.269   19
47423.005   -2.492342511413    3.858598800477   17.7860   15.6695  -0.072    6
47426.077  -16.525047033303  -49.011800397381   14.5789   42.0283   0.948    6
47432.921   -1.037941768927    6.402297600872   14.0468   26.3845  -0.224    3
47452.462    3.864256821192   29.568200400121    1.1174    9.3223   0.839    3
47459.252   -8.354166859293    7.042597199813    4.5645   21.1020   0.039    4
47465.016    8.041041957330    3.649697999819   10.2148    8.7193   0.152    6
47510.588  -42.846601347983  -13.847101200071    4.1540    4.4506   0.360   13
47510.840   -3.646125350871   -7.804299600167    6.3662   13.2973   0.949    5
47511.538    5.080725579452   -9.837302399873    2.3482    4.3805  -0.339    9
47531.926    0.927164477003   -0.688701598150    1.8951    1.8421   0.779   20
47553.673   14.724763541174   45.399999599738    2.2499    6.7240   0.499   11
47568.100    0.168696202165   13.516599602781    0.4842    2.7034  -0.065   13
47572.918   -0.998933874956   -1.261799998886   10.3007   19.9065   0.974    3
47639.726  -10.439584414265    4.572097200040    2.3703    2.8766   0.290   18
47649.252  -12.632499149765  147.675797999725    1.5022    6.2497  -0.324    8
47654.263    6.441322611156    0.683600401885    4.2927   27.0584   0.330    6
47659.248  -33.201816484502 -298.739602799358    0.8446    3.4245   0.230   13
47660.341   13.895869560288  182.572099202005    0.9430    4.8023   0.100   11
47664.234   -0.828000623819    3.251199600740    0.5976    2.6278   0.203   15
47682.354    1.890513571516   -2.327101199739    0.5002    0.8392   0.190   20
47685.554   -9.057693065138   -8.619699597290    1.8128    3.5403   0.051   16
47710.340   -7.638880353144  -12.127402797191    2.0165    3.3748   0.824    3
47726.246    1.776609326730   -5.517899999319    0.8329    2.4436   0.246    3
47743.205    0.907213648356   -3.697901997413    0.2915    0.5677   0.011   31
47746.054  -19.106579608600  -85.126802397539    2.4261    4.6807   0.794    3
47756.252    8.766755634537   13.169700002535    1.9499    3.6342   0.803    3
47763.158    0.021737339652    1.366498802113    2.4073    3.9272   0.768    3
47770.336   40.374509685314   59.782899600336    2.0335    3.8768   0.750    3
47777.232    9.054419656968   31.024400402302    1.5541    2.6183   0.631    3
47787.258   -1.306398411293   -8.952202799861    0.6298    0.8802   0.222   16
47797.258   -9.109658292881  -10.789001999001    1.7754    2.7457   0.608    3
47805.352    2.148546496002    3.323498401286    1.5783    2.5743   0.720    3
47811.360    0.578008116063    0.034700402551    0.4828    0.7806   0.014    7
47816.324   -5.183015979241   35.495398802610    0.8976    1.5734  -0.149    3
47834.422   -0.504902135685   -0.180601197997    0.8528    3.8187   0.145   12
47840.328    0.873712555223    2.372299201880    0.5463    0.7469   0.294    4
47844.660    0.744621037174    1.458799199838    0.5165    2.0000   0.320   33
47852.239    3.344167412243    1.568397600593    0.7607    0.9561   0.301    5
47857.232   -1.487008478553  -13.944902397611    0.5467    0.8976  -0.020   15
47865.352    2.421023245169    4.461598802408    0.5704    1.0200   0.111    6
47874.242    2.186811144518    4.492497602726    1.1854    2.0013   0.579    4
47878.095   -1.137852320741    1.426197601617    0.4457    0.5943   0.144    8
47888.151    9.650145209010   12.888698399749    0.6903    1.0503   0.034    9
47895.090   -0.948011912765   -0.129002399163    0.5311    0.8715   0.120    3
47902.425   -0.014890706343    3.259699201763    0.5454    1.0467   0.145   10
47909.233   -0.274113351688   -0.974102398743    0.5883    1.1379   0.206    3
47914.255   -0.257736154437   -0.841201198298    0.7983    3.4388   0.310   12
47919.244    1.257563386460    9.590497202794    1.0683    5.9339   0.431   10
47924.263    2.178770930916    1.039298400940    0.9914    4.2867   0.043    9
47929.260   -0.796586264917    0.330699602102    0.5904    0.9337   0.112    4
47931.082    0.278433681714    5.789199599704    1.1476    5.8631  -0.086    8
47934.253    0.446979975395   -7.081700397293    1.1854    6.5636   0.265    7
47943.183    0.893663180742    1.564099202156    0.5782    0.5785   0.044    9
47958.100   -0.291534017619   -5.671702800214    0.6433    1.1415   0.093    6
47972.100    1.090353878331    0.425498401313    0.6338    0.9966  -0.036    9
47986.071   -0.263096499966   -3.461399998628    0.5386    0.8352  -0.012    7
47998.164   -3.970567530910   -5.488102797813    0.5291    0.8202  -0.002    8
48013.161   -0.247015869636    2.256498002851    0.4557    0.9303  -0.014    8
48027.256   -4.433627933508    1.346497201737    0.6078    0.6248  -0.057    6
48047.246    0.530509673653  -11.574302399708    0.6514    1.0825   0.015    6
48055.318    2.425936709037   -2.591002797914    0.7139    0.7767   0.307    6
48069.234    0.681488642967    6.752898000784    0.4591    1.0117   0.083    7
48078.168    0.174949701633    2.011100399812    0.7370    1.3273   0.002    7
48090.364   -1.383674610084   -8.454099599575    0.4201    0.8003   0.112   11
48110.435    6.245525270633    3.311398799966    7.0202    3.4054  -0.041    3
48111.253   -2.474625278561    2.503299602807    0.3811    0.6126   0.062   39
48126.246   -0.456063657676    1.919998799949    0.4144    0.7821  -0.168   30
48132.269   -0.287814134044   -4.921901999566    0.3562    0.7663  -0.149   40
48146.415   -3.297415871593  -12.568701599491    0.5612    0.8640   0.001   46
48155.346   -0.279920375751   -1.779101998522    0.7385    1.6063   0.025   22
48160.346   -0.948905269831   -2.597101199697    0.5317    0.7561   0.221   27
48167.242   -2.109088267194   -1.447401600174    0.5336    0.6300   0.090    7
48174.255    0.281113956043    2.507997601597    1.4747    7.7556   0.441    9
48179.244    3.337320778934  -15.363899998633    1.6446    9.9404   0.207    9
48181.275    2.818571405585    3.835598402091    0.6206    0.8759   0.146    5
48188.346   -2.455267786885  -26.427002397611    1.9036   11.5087   0.331    9
48194.245    2.717470929784    4.842399601301    1.6838    3.5969   0.482    7
48195.337   -0.101246931110   -1.978502398714    1.6643    8.7726   0.537    9
48196.403    3.198849011683   -2.479301998903    0.5437    0.8693   0.183    4
48210.316    1.505172593066    1.850198400888    0.5909    0.6291   0.301    8
48229.250    0.300768014640   -1.259402399967    2.2729    4.3645   0.708    3
48237.333    6.453529589994   -1.988600397951    0.5065    0.6696   0.064    9
48260.351   -1.432513088094   -1.116201598350    0.7551    0.9608  -0.062    6
48265.352    3.089558007540   -0.799001997365    1.0581    1.0458  -0.078    4
48272.328   -1.154826308138    1.101297600314    0.7149    1.0617  -0.174    5
48280.345    6.534082650131   -5.013601198200    0.8283    1.2010  -0.148   20
48285.334   -2.495769484372   -2.657001597939    0.9433    0.8688   0.065    9
48307.271   -3.028512550692    2.027797200554    0.6070    0.6799   0.082   10
48315.332   -0.096187011934   -0.098999998599    0.8761    1.2376   0.412    3
48322.232   -2.617713942759   -2.559301199767    0.7491    0.9314   0.054    7
48327.269    7.831100812223    6.441300002180    0.7541    0.8389   0.114    9
48329.259   -1.068316315454    1.638900001311    0.9026    1.3115  -0.208    8
48336.415    1.866392727584   -5.635702797235    0.5772    0.9518   0.033   12
48349.261    4.865720655737   -4.632901198676    0.4322    1.1320  -0.220    6
48350.364   -0.369256894943   -4.316000398674    0.5436    0.7451  -0.133   11
48356.259   -7.010843835084    6.786500401645    0.7070    0.7138   0.172    9
48357.336   -2.854752569919   -6.046401600202    1.1579    5.0735   0.378    6
48358.417   -1.608356349922   -5.221601998784    0.9249    3.7035   0.139    7
48362.285   -3.351761150439    9.283698002349    0.6903    0.8894   0.088    6
48368.831    0.306721290883   -0.576601198787    0.3388    0.9910  -0.155   16
48371.249   -1.467504531568   -1.673999997820    1.4460    2.8962  -0.075   10
48372.363    0.153062250368   -3.586701598124    0.6432    1.0041   0.052    8
48375.832    0.261459897445   -0.558500397929    0.2851    0.7131  -0.211   36
48379.346    2.337790113832   -1.463900399301    0.6525    1.0450   0.106   11
48382.834    0.147405541047   -1.851699600053    0.2861    0.8100  -0.249   46
48384.270   -0.928950988008    0.282200400648    0.5730    0.9685  -0.222    7
48386.268   -0.224384969789   -4.244399999465    0.5573    0.7122   0.038   17
48389.832   -0.089933309339   -0.155001598756    0.3046    0.7907  -0.267   38
48393.251   -0.792712613425   -0.024299998813    0.4450    0.8211   0.106   22
48396.834    0.114054356398   -0.949302000208    0.2535    0.8112  -0.304   34
48400.257   -0.127751482449   -2.279501998359    0.3183    0.5524   0.074   29
48403.833    0.026651006648    0.237898801458    0.3068    0.9007  -0.292   44
48406.261    0.646797422719   -0.497401198629    1.1312    4.3725  -0.011    9
48407.357   -0.578604906209   -0.905399998175    0.7452    0.9213   0.202   10
48410.834    0.187757126922    0.408499202464    0.2957    0.7659  -0.274   47
48414.271    0.956795574948    4.236397201041    0.3123    0.5502   0.052   30
48417.833   -0.249399373915    6.531098401297    0.2193    0.5247  -0.181   40
48419.250   -2.202891774848    8.677598399842    0.3904    0.7332  -0.074    6
48421.262    0.712906455046    2.564298002738    0.2919    0.5035   0.113   31
48424.834    0.456063657676    2.080897201751    0.2243    0.5172  -0.195   40
48428.257   -0.207857864053    1.077498001223    0.3045    0.5212   0.037   31
48431.833   -0.020843982585    1.690099199791    0.2266    0.5288  -0.251   45
48434.247   -0.827107266753   -0.792302399688    1.1067    5.3959  -0.284   17
48435.350    0.056282104593    0.198000000395    0.4354    1.1422   0.122   13
48438.834    0.180460158775    0.400899601516    0.2502    0.7179  -0.268   66
48439.163   -0.962452284270   39.673299602327    0.6117    2.7175  -0.134    7
48440.281    1.195771027854    0.276598801463    0.3358    0.5882   0.118   28
48445.833   -0.666154711268   -0.067301997575    0.2539    0.5449  -0.123   42
48449.266   -1.223018824648   -0.601599598937    0.3018    0.6354   0.164   23
48452.834    1.114028043730   -6.849100800110    0.2040    0.5236  -0.233   51
48454.270    1.707373544669    2.093598002162    0.3798    1.1400  -0.202    5
48456.334   -0.871182392507    3.747599999926    0.8510    1.9151  -0.042    4
48457.429   -1.170310148322   -7.100801997595    0.3554    0.6255   0.198   24
48459.248    0.233615310505    0.097099202279    0.2243    0.5640  -0.200   46
48463.259   -1.019481290621   -1.425502797403    0.5289    1.3339   0.137   13
48467.251   -0.138621878863   -7.589199598357    0.2358    0.6119  -0.265   47
48470.261    1.084396945784    2.655997201373    0.5927    0.9098   0.161   14
48473.833    0.041838076783   -1.824800397188    0.3029    0.9275  -0.281   36
48475.254   -0.164676095365   -3.521001599083    0.6193    1.3290   0.660    3
48477.262   -0.065958920715    0.923598001279    0.4336    0.8580   0.110   26
48480.831   -0.178969808434   -0.538001998152    0.3201    0.8296  -0.270   39
48484.279   -0.894259767760   -2.607800398025    0.2932    0.5389   0.149   28
48487.836    0.696529257795    1.268398800391    0.4116    1.1098  -0.237   33
48491.343   -0.178376674592    1.191798001088    0.3432    0.6189   0.125   24
48494.835   -0.252972802182   -0.109000798787    0.2918    0.8419  -0.256   39
48495.423    0.307468192642   -0.783100800206    0.4141    0.9595   0.096   17
48497.253   -0.282153768418    2.043399599927    0.7906    1.9383   0.259   14
48498.359    0.361070226034    5.061697202180    0.3356    0.6233   0.154   28
48501.833   -0.531403030720    0.243799201627    0.2888    0.8867  -0.270   37
48505.357   -0.647840688270    0.980398802142    0.3170    0.6684   0.189   29
48509.247   -0.975556276479    0.785898002675    0.2679    0.8129  -0.289   63
48509.247    2.131125830071    1.044997202371    1.5625    3.6733   0.732    9
48512.272   -0.244039028386   -0.223199999283    0.2954    0.5639   0.135   27
48515.836   -0.400825021763   -0.363902399414    0.2810    0.8316  -0.255   36
48519.266   -0.501028484193   -0.368402399786    0.3115    0.6086   0.140   29
48522.835   -0.468274089690    1.137499202031    0.2998    0.9275  -0.262   37
48524.255   -0.262053031287   -2.045401198814    0.5602    1.0470   0.056   15
48526.286   -0.038861438662    0.388198801105    0.3374    0.6585   0.189   25
48529.833   -0.067599179540   -0.169300797381    0.2700    0.9126  -0.300   40
48533.332    0.051518752338   -0.359099997738    0.3671    0.7218   0.396   24
48536.831    0.128198160983   -0.893901599142    0.2746    0.8342  -0.210   39
48538.255   -1.013077679541   -3.631499999912    0.9697    4.3612  -0.038   10
48540.257    0.965879257229    0.542998801123    0.3335    0.6733   0.283   24
48543.833   -0.189393729443   -0.092001599938    0.2564    0.8002  -0.281   37
48547.332   -0.181056745793    1.299200401661    0.5169    0.8800   0.444   18
48554.334   -1.228228855436   -1.403902798813    2.1358    2.6459  -0.039    8
48557.833   -0.176439848846   -0.021402000172    0.2345    0.7333  -0.260   39
48559.250   -0.158275937461    0.865699201924    0.2282    0.7263  -0.187   20
48561.255    0.387274351020    1.111100402085    0.3389    0.6546   0.316   24
48564.835    0.186266979709    0.323398802138    0.2564    0.7281  -0.245   35
48565.247   -0.568180985200    0.226897201827    0.6776    2.4579   0.037   12
48568.253   -0.440876384412    0.832298399800    0.2880    0.5560   0.136   28
48571.837   -0.518749373349   -1.646002799660    1.2386    2.6851   0.448   21
48573.254    0.237485508821   -0.256402799792    0.2499    0.6999   0.063   15
48575.252    0.492988270592    0.647197201431    0.3352    0.6390   0.259   23
48578.835   -0.257736154437    0.268797601777    0.2774    0.7506  -0.230   37
48580.256   -2.770479626206   -3.966299998837    0.5378    0.5398   0.282   15
48581.293    0.520982766016   -6.917302797760    0.5325    3.8974  -0.344    5
48582.253   -0.261606352753   -0.249501600180    0.3465    0.6770   0.253   23
48585.833    0.279623808830    0.137498399866    0.2348    0.7597  -0.330   42
48587.254    0.103630638517   -0.087202798582    0.3957    0.7569   0.387   18
48592.835    0.520682542791   -1.748901599541    0.5900    3.4265  -0.625   13
48593.423    2.763629336593    5.870898001348    2.3162    3.5130   0.618    6
48596.334    0.154552397581   -1.081601998365    0.4117    0.8750   0.161   10
48599.833    0.264586647179    4.266698402589    0.4781    1.8053   0.372   10
48602.255   -0.181950102859   -1.395500400037    0.3014    0.7491  -0.143   13
48603.277    0.529916539812    1.626199200899    0.3356    0.6870   0.388   23
48606.831    0.060452323006   -0.540701998375    0.2120    0.6216  -0.164   34
48610.334   -0.363750297234   -0.679802399972    0.4602    0.9664   0.161   13
48613.504    0.115690958919   -0.678502799545    0.2765    0.6425  -0.121   33
48617.252    1.021861138596    0.740998801518    0.4094    0.6822   0.463   18
48620.839   -3.366054863508  -12.555500399358    1.0201    3.4704   0.894    4
48624.254    0.295257557499    0.052797599892    0.3334    0.5987   0.302   24
48627.837    0.527829602453    2.649297600499    0.5276    1.6595   0.609    7
48631.252    0.017867344464   -0.707900397501    0.3364    0.6698   0.230   20
48634.831   -0.435219471963   -0.418100399102    0.2691    1.1646   0.205   26
48636.252    0.215151175895   -0.824900397589    0.3499    0.4394   0.106   32
48638.250   -0.730477232590   -1.270202397663    0.6914    0.8219   0.558   18
48641.833    0.259523071699   -0.105699599473    0.1947    0.5431  -0.203   38
48642.169   -1.459610773274   -0.395099997519    0.9674    5.6256   0.721    4
48643.331   -0.208897676428   -0.609299999255    0.4902    0.7035   0.030    6
48645.248   -0.034544764941    0.264697201757    0.3341    0.6349   0.237   18
48648.831   -0.022037562877   -0.533602797148    0.1717    0.4566  -0.181   37
48649.255   -0.163336059765   -3.929500798350    0.6142    2.9567   0.267   14
48650.340   -0.279176927169    0.440697600013    0.3113    0.6365  -0.131   24
48652.250   -0.520385975870   -0.458002797288    0.3433    0.6879   0.341   23
48655.840    0.053752145005   -1.277301598890    0.4482    0.6106  -0.324   17
48659.252   -0.229745315317   -0.760802400279    0.3392    0.5956   0.242   23
48664.248   -0.872372316495   -0.068302800216    0.5826    0.6126   0.195   16
48664.259   -0.419882290214   -3.161800798779    0.9153    4.2265   0.231    4
48666.082    0.018910813144    0.311097602079    0.9410    1.5635   0.346    5
48669.840   -0.459190407410    3.410798402115    0.4636    1.3903  -0.087   15
48673.259    0.148895688260    0.426898801109    0.3190    0.5405   0.207   24
48676.835   -0.139515235930   -0.389800799638    0.2031    0.6193  -0.295   40
48678.259   -1.666278510212   -3.721701599702    0.8232    2.0794   0.209   15
48680.250   -0.103780547002   -0.210902399544    0.2622    0.4658   0.144   20
48683.830    0.170036237766    0.284198402412    0.2840    0.9250  -0.285   39
48687.248   -0.366576823743    0.828597600133    0.3052    0.5568   0.122   24
48690.831   -0.320868548644    0.339699602847    0.1900    0.5041  -0.167   40
48692.256   -1.224955650394    2.074597201229    0.2471    0.5567   0.043   21
48694.254    0.540336601388   -0.569102397208    0.6877    0.7282  -0.159   17
48697.833   -0.292727597911    0.620697602116    0.4770    2.6876  -0.681   17
48701.252   -0.390401100754   -0.974102398743    0.3251    0.7324   0.014   16
48704.835    0.296001006081   -4.506400798121    0.4734    2.7724  -0.731   17
48708.254   -0.686402106835    2.102997600062    0.3437    0.7512  -0.269   13
48711.833   -1.414495835145    2.666098800930    0.8019    9.3714  -0.665    6
48713.258   -0.201454049844    1.661198401237    0.8252    2.3102  -0.037   16
48715.248   -0.177629772834   -1.592002798390    0.5201    0.7490  -0.076   14
48718.835    0.453680153396   -0.005900400168    0.2950    1.3830  -0.518   16
48722.250    0.718863387593    0.578199600199    0.3634    0.7720  -0.047   10
48725.837    0.378490891964    2.366600400450    1.0281    3.7776  -0.375    4
48726.085    0.629080189867    0.311497202432    0.5847    4.0056   0.157    4
48728.248    0.361216681342   -1.063400398138    0.3205    0.5205   0.036   19
48732.835    0.102737078323    0.087300000828    0.2562    0.5879  -0.217   29
48733.251    0.236445493319   -0.912999599123    0.8425    1.7604  -0.024   11
48736.250   -0.155892433181    0.363697200356    0.3083    0.5206  -0.035   20
48739.833    0.038861438662   -0.446399998566    0.3449    0.6925  -0.204   17
48741.170   -1.775269291130    0.259398000679    0.9514    1.2486  -0.148   23
48741.250   -0.619399514313   -0.314402398516    0.4073    0.7062   0.161   10
48743.256   -0.298087740312   -0.154501199034    0.2665    0.4336   0.103   27
48746.835    1.379061369442   -2.575601997279    1.1364    1.7276  -0.081   12
48748.168    0.222744914091   -0.136101597192    0.3477    0.5734   0.033   29
48748.300    0.087253441266   -0.328600797772    0.4271    1.0465   0.011    6
48750.250   -0.125964565187    0.592099201668    0.3139    0.5340   0.054   16
48753.833    1.901234059445    4.608198002387    0.9437    3.0576  -0.474   12
48754.257    0.690722436861    0.871297200788    0.8923    4.2205   0.442   12
48755.017   -0.365537011368   -4.702802400303    0.8476    2.9218  -0.334   17
48757.267   -0.064472429807    0.019699202269    0.3560    0.6170   0.007   16
48758.337    0.997293616131    6.335697601756    1.4398    6.4848   0.086   14
48759.422    0.116137637453    3.387898799900    1.1009    3.9097   0.575   15
48760.832    0.044668259596   -2.123701198897    0.2712    0.8325  -0.095   25
48764.250    0.340522810369    0.443397600236    0.3744    0.6910  -0.170   17
48766.383   -2.214358961408    2.278198800809    6.7747    2.4333   0.013    3
48767.837   -0.232425386518   -0.829799998314    0.3132    1.0767  -0.348   31
48770.175   -0.516812547603    1.445597999705    0.4370    3.2176   0.104    4
48771.241    0.116287749065   -0.364100397832    0.3140    0.5458   0.137   19
48774.835   -1.012184322474   11.533197600144    0.6237    3.4220  -0.731   12
48774.996   -1.101224274746   -2.792401199869    0.4447    3.5193   0.186    4
48778.250   -1.457677603833    0.610599599682    0.6435    0.9965  -0.247   11
48781.837   -0.330395456281    1.897297202547    0.3971    1.0378  -0.301   30
48786.337   -0.703229435796   -0.002401199239    0.5568    0.9470  -0.036    7
48787.411   -0.459787197556   -0.477100797269    0.9293    2.0836  -0.102   24
48788.832    4.586097050035   -2.610500398248    1.1875    3.4784   0.064   14
48792.250   -0.107353975269    0.213699602014    0.4302    0.7398  -0.257   10
48793.335   -1.686972584312    1.670900400441    0.2734    1.0651   0.196   29
48794.420    3.472515684838    1.670997602687    0.3709    1.2994   0.203   24
48795.833   -0.244485706920   -3.368001599213    0.4177    1.4032  -0.439   25
48797.170    0.339629453302   -0.089402399084    0.3969    0.5847   0.108   51
48797.251    1.355237092431   -1.031302799959    0.3863    0.6845   0.161   11
48799.252    0.709779705312   -1.310799600063    0.4543    0.7593   0.093   18
48802.832   -0.013550467615   -1.729202397271    0.3114    0.8947  -0.231   32
48804.428   -7.934731247612   -3.579699599143    3.0116    2.6028  -0.184   24
48805.502   -0.247759115090   -0.571301997709    0.3633    0.5739   0.064   21
48809.837   -0.194157081697   -0.253501197633    0.4746    1.4623  -0.418   21
48810.082   -0.945924975406    2.337699601895    1.3147    3.1894   0.128   11
48812.061   -0.100353574043    0.962099999668    0.8266    0.5594   0.052   28
48812.251   -4.947613751474   -4.326101998231    0.4199    0.8706   0.100   21
48813.329   -0.098270292989   -0.496000798833    0.4075    0.6753   0.035   19
48816.835   -0.303744652762   -0.879901198303    0.2431    0.6808  -0.020   33
48820.250    0.132218267783   -0.865202399325    0.4109    0.7121   0.251   16
48823.844   -0.597812286273    2.318900399700    0.6451    1.5596   0.444   12
48824.166   -0.649627605532    1.256400001637    0.6321    3.0062   0.324    5
48827.420    0.166016130965   -0.281699997728    0.4278    0.7524   0.245   16
48830.835    1.248776271101    1.167897602627    0.5885    1.4706   0.219   21
48831.876   -2.331239844315   -0.861901200011    0.4880    0.4158   0.019   23
48833.125    0.079213024537    1.960498800102    0.2389    0.4820  -0.100   40
48834.250   -0.492094913525   -0.305701198755    0.4540    0.6102   0.294   23
48837.837   -0.278433681714   -0.786099598216    0.3287    0.8445  -0.243   42
48838.878    0.644267463131    0.291099602023    0.3734    0.3208   0.217   22
48840.135   -1.321439229249    2.181200401097    0.2665    0.3821  -0.036   45
48841.252   -0.568477755249   -1.007600399916    0.2622    0.4374   0.240   36
48844.832   -0.251035976436   -0.065001597704    0.3486    0.8436  -0.230   34
48845.084   -1.488945304299   -1.999000798492    0.6235    3.6870   0.166    5
48845.190    1.149165942512    1.071900002358    0.2029    0.5746   0.174   22
48848.250    0.286027419910    0.575398800606    0.4163    0.6035   0.263   18
48851.837    0.215004720587    1.345698001032    0.5355    1.5391   0.123   23
48853.167    0.697422614862   -0.478202399279    0.3783    0.4911   0.128   41
48853.258   -2.056679814093   -4.112701197201    0.9685    3.5406   0.265   12
48855.252    0.052261997792   -1.201301998677    0.3619    0.6187   0.134   20
48856.333   -4.088938561030  -10.920801597436    1.8628    4.9930   0.415   15
48857.422   -1.762462068969  -10.114300798492    2.0225    5.6161   0.431   13
48858.835    0.362410261634   -3.050499600121    0.3862    1.1913   0.125   14
48862.254   -0.062535604060    0.942699601580    0.4422    0.8296   0.027   11
48865.834    0.468570859739    0.087800400550    0.2467    0.9246  -0.021   17
48869.252    0.372533959418   -2.482599597897    0.3753    1.0517   0.198   16
48872.835    0.090079967775   -0.586400400238    0.3651    1.6782   0.179   24
48874.421   -0.241952294155   -1.011401998952    0.6973    2.3144   0.108   15
48876.247   -0.330545567894    0.956397601115    0.3893    1.0806  -0.160   17
48879.834    0.022930919944    1.235397601818    0.3549    1.5482   0.259   16
48881.265   -1.876666333852   -0.729100798935    2.1419    3.5273  -0.010   17
48882.431    1.140532391941    0.241498801756    0.6803    2.7416   0.057    6
48882.916    0.362260150021   -0.051101999432    0.1995    1.1469   0.064   20
48886.832   -0.254162726170   -2.439701998824    0.3414    1.4388   0.271   25
48888.169   -0.692805717915   -0.106102800146    0.4712    0.5522   0.181   28
48888.249   -0.726603581097    2.120900402502    0.3567    1.0517  -0.050   14
48889.918    0.844527932683   -4.495701599794    0.4522    2.2506   0.096   18
48893.837   -0.990446779694    1.619999999747    0.3913    1.7319   0.364   24
48896.916    0.256396118837    0.369597600525    0.3527    1.7956   0.228   12
48900.832    0.015483840184   -0.058201197461    0.2557    1.1193   0.121   11
48903.915    0.944288372885    3.903897601987    0.5298    2.1354   0.522   11
48907.834   -0.045265049742   -2.668701598907    0.2915    1.3956   0.285   25
48910.916   -0.806860074313    8.351899201031    0.1832    0.8132   0.171   21
48914.832    0.258479603019   -0.760899599328    0.2280    1.3486   0.282   20
48915.175    1.399905352027    1.266098400521    0.8857    3.7914   0.244    4
48916.253    0.768591769493    0.447897600608    0.3915    0.5805   0.230   31
48916.253    0.381617641698    0.650700002680    0.4783    1.2828   0.581   10
48917.922    0.857481813280    8.083198801501    0.2259    0.9779   0.039   19
48921.834   -0.403651548271   -3.133900799668    0.3079    1.5548   0.221   25
48924.916    0.240465803247    1.661000402819    0.2022    1.0467   0.064   21
48928.832    0.385934315420   -0.454701597974    0.3625    1.5188   0.204   24
48931.170    0.794352872250   -0.157600799611    1.1307    1.4837   0.358   12
48931.254   -0.556270776411   -6.221199600276    0.2357    1.1981   0.133   31
48932.335    0.109437459452    1.135497599947    0.2411    0.8410   0.002   18
48935.834    0.135048450596    2.506899599908    0.2133    1.2303   0.147   22
48937.255   -0.075936163190   -0.252500398190    0.4893    0.7623  -0.097   36
48938.044   -1.092290704078   11.689297200590    1.2532    3.9499   0.189   34
48939.274    0.283047125485   -0.260200798508    0.4644    0.7228   0.217   15
48940.377   -0.082486229579   -1.433700000320    0.4382    1.0827   0.403    8
48942.836   -0.559247414532   -0.365000397906    0.2206    1.0909   0.238   26
48946.254   -1.478521586418   -2.419599599079    1.2901    2.5597   0.799    7
48949.834   -0.021590884344   -0.543700799582    0.4226    1.6257   0.279   22
48951.262    0.161252778710   -4.861501198405    2.8632    6.6204   0.623    4
48956.832    0.073552658911   -2.135199597930    0.2544    1.2260   0.211   21
48959.086    1.216915233665    1.512000000403    0.6646    0.8664   0.314   28
48960.251    0.229595203705   -1.145001597536    0.3242    0.7803   0.060   15
48963.834    0.091570114988   -0.800200798423    0.2674    1.3953   0.129   19
48967.253   -1.022608040355    0.282200400648    1.3217    1.0846  -0.107    8
48970.836    0.114947713465   -0.221399999134    0.2173    0.9956   0.288   26
48971.168    0.099013538443    4.573497599836    0.7095    3.7384  -0.014    5
48972.333    0.726156902564   -0.861299997723    1.4624    2.7882   0.420   16
48974.247    1.526020028827    0.413499602558    2.4628    5.5711   0.664    6
48977.834    0.389804513736    3.066699601462    0.3718    1.5077   0.364   16
48979.258    0.470954364019   -0.589301999199    0.3216    0.8352   0.193   19
48984.836    0.103927205438    0.072198001178    0.2954    1.3894   0.144   16
48987.334    0.826960811445    1.373400001725    0.3587    0.7255   0.058   19
48991.834   -0.226618565584   -1.338299998821    0.1896    0.9768   0.121   46
48993.087    0.836637830695   -0.319499997659    0.8448    0.6650   0.222   75
48994.917   -0.391591024741   -0.296301597658    0.4870    1.1862   0.207   11
48998.836    0.163636282990    2.299500001612    0.3221    1.6628   0.285   25
49002.251   -0.384744391432   -1.036299599733    0.3059    0.7570   0.061   18
49005.834    0.135641584438    1.194299999696    0.1945    0.9517   0.183   44
49009.253   -0.089186610708    1.039899600030    0.3290    0.7452   0.126   18
49012.832    0.162889381231    0.978300001009    0.2082    0.9727   0.134   46
49014.417   -1.503239220496   -0.487299599072    0.8648    1.2231  -0.421   26
49016.251    0.228405279717    0.038498401267    0.5063    0.8970   0.155   13
49019.838   -0.349602836345   -1.656399599881    0.2167    1.0408   0.153   29
49021.087    0.163039492844   -0.100900798117    1.0274    1.1040  -0.323   25
49022.175   -0.360323324275    0.466599600557    0.7020    2.1748   0.160   11
49023.092   -0.533786535000    0.466898401541    0.9537    4.8366   0.371    4
49023.253   -0.319378604559   -1.032299999082    0.4341    0.9819   0.166   11
49026.836    0.237635417306   -0.245699997947    0.1963    0.9340   0.119   46
49028.085    1.163459858709    1.328400001199    0.5089    0.7618   0.295   39
49028.085    0.019804170210   -0.524001597313    0.4328    1.2769  -0.157   15
49030.251   -0.006996744922   -0.292100398269    0.3513    0.8359  -0.029   14
49033.834   -0.024567522465   -0.425602797804    0.1702    0.7955   0.157   43
49037.249    0.404991583871   -1.797299998429    0.3343    0.5798  -0.020   17
49040.832   -0.184776832496    1.010300400139    0.2134    0.9938   0.163   36
49044.251   -0.270840146647   -2.307999599438    0.4067    0.9336   0.207   16
49047.834    0.224831851450   -0.884300399306    0.1667    0.8272   0.118   47
49051.253   -0.780355726102    0.734400000013    0.5709    1.2132  -0.272   15
49054.832   -0.363153507088    1.553698801615    0.1541    0.7542   0.164   49
49056.085    0.132514834704   -0.374900398725    0.3623    0.4330  -0.045   19
49058.251    0.496561698859   -0.007901999055    0.3290    0.7268   0.081   19
49061.834   -0.423605830094   -1.810799999546    0.2473    1.0187   0.118   31
49063.017    1.349280159884    0.346298401155    1.0122    0.7575   0.017   17
49063.083   -0.224831648322   -4.006299599268    0.9234    2.0444   0.245   12
49064.164    0.624166522872    0.403700401108    0.7743    3.2908   0.076   10
49065.249   -0.330842134815   -1.038301198619    0.3547    0.8010   0.088   19
49068.836    0.425839222761    1.069099202766    0.2492    1.1507   0.193   35
49070.081    0.732263946723   -0.485099998571    1.3407    0.7993  -0.318    8
49071.122    0.760998234425    6.266898002139    0.7201    3.6855   0.335    5
49072.251    0.210834502174   -0.184301997663    0.4552    1.0062   0.107   15
49075.834   -0.259076190037   -1.613901597963    0.1889    0.8559   0.189   43
49079.253    2.279721295105   -0.721799998971    1.3275    0.9220  -0.138    6
49082.832   -0.474377680673   -1.293299998295    0.2324    1.0099   0.154   20
49085.254    0.090230079387   -0.941201999538    0.4940    1.3715  -0.053   19
49089.834   -1.064446117138    3.407598002170    0.2335    1.0614   0.085   21
49090.999   -0.364343431076   -0.699602398413    0.6183    4.2317   0.248    5
49092.084   -1.640964085988    0.985798802589    1.0451    0.9026  -0.386   21
49093.257   -0.434772793429    0.864000001144    0.5041    1.0432  -0.089   15
49096.832   -1.616696786748    2.198797201913    0.2079    0.8918   0.147   24
49099.166   -1.225698895848    0.403099202018    0.8261    0.6870   0.225   16
49100.251    0.319528716171   -0.441601197210    0.3973    0.8782   0.099   19
49103.834    0.190733765043   -1.227200398901    0.3297    1.4896   0.233   27
49105.083   11.797201354671    0.497397601507    0.7548    0.5784  -0.502   96
49107.249   -0.228405279717   -0.659001598891    0.4473    0.9269   0.047   20
49112.166    0.535573249134   -0.302302797195    0.4537    0.6011   0.136  102
49112.166    0.807006529622   -0.591299997765    0.4118    0.5414   0.123  102
49113.254    0.232275274905   -1.773399599969    0.2858    0.6386  -0.033   24
49119.251    0.866862062481    5.527598401400    0.5407    0.8667   0.126   15
49121.421   -1.016651107808   -6.564599999592    0.9704    4.5179   0.392   30
49125.168    0.124774641200    1.284397199797    0.2712    0.4480   0.095   22
49126.250    0.592898822406    0.483998399758    0.2263    0.6644  -0.256   26
49126.253    0.096483578855   -1.979999997559    0.7969    4.9182   0.051    3
49132.167   -0.003126749734   -0.506501998743    0.4480    0.6245  -0.038   22
49133.251   -1.264410222898    1.297497600561    0.2063    0.5540  -0.265   21
49134.336    0.502668743018    2.433099600196    0.7065    1.7393   0.591   21
49140.253   -0.260712995686   -0.254401197708    0.2130    0.5486  -0.223   19
49141.342    0.695782356036    1.564099202156    1.0344    1.1517   0.229    5
49142.087   -0.264883214100    1.405699201840    0.4781    2.8162   0.066    4
49146.163    1.876516425368    0.266097601553    0.4811    0.8951  -0.019   27
49147.251   -0.185670189563    0.217098000377    0.2783    0.7334  -0.233   30
49148.340    0.824727418778    2.797797599996    0.5091    1.4695  -0.055   26
49153.168   -1.034668563885   -0.292100398269    0.1380    0.2131  -0.075   86
49154.253    0.295854347645   -4.075700397976    0.2176    0.6666  -0.572   21
49160.002    0.189840407976   -2.923102799812    0.7982    0.9784   0.085   18
49161.251   -2.086307458862   -2.115899999211    0.1637    0.5259  -0.533   28
49162.983   -0.009977039347   -8.427301199276    0.1948    0.7882   0.011   71
49164.064    0.824427195552   -1.411801197548    0.7912    0.7615  -0.164   15
49168.253    0.111670852119   -7.177600798514    0.1964    0.7362  -0.115   13
49175.251    0.881009523370    1.486400401163    0.2219    0.2826   0.246   22
49176.292    5.283666120205   -0.743500800127    1.1163    4.1077   0.146   17
49181.004    0.386084427032    0.434700000795    0.4753    0.5679   0.077    9
49182.253   -0.222744914091    0.630000000967    0.0997    0.2586  -0.100   32
49183.334    0.878626019091    3.195097201214    0.1614    0.3221   0.071   49
49184.423    2.686949927948    5.659498802402    0.4341    0.9674  -0.009   11
49188.086   -1.144999177275    0.744397199881    1.0694    4.5701  -0.218    5
49189.252    0.460827009931    5.191797599835    0.1786    0.5622  -0.056   27
49196.250    0.013250447517   -6.032501998732    0.1432    0.2598   0.147   27
49197.334    0.351092983558   12.016598401132    0.4593    1.5739   0.049   18
49203.252   -0.898280077688   -3.626801997925    0.1328    0.2436   0.117   28
49204.336    0.518749373349   -2.338401597157    0.6268    2.2718   0.511   19
49205.417   -0.530809693751   -2.390500798910    0.3635    1.7966   0.382   20
49209.169    0.077572765711   -4.165102800258    0.2568    0.7217  -0.267   49
49210.250    0.990146759597    1.041699600179    0.1890    0.3127   0.114   14
49211.335   -0.572944540583   -0.580402797823    0.5443    0.9088  -0.023   23
49216.170   -1.303421773172    0.187099200133    0.1807    0.3066  -0.113   51
49217.252   -1.918654725376   -6.638702397410    0.2562    0.6822  -0.015   14
49218.333    1.698736540921  -13.143002398408    0.3725    0.6812   0.041  127
49223.169   -0.740304160324   -9.813801598568    0.1795    0.7185   0.027   42
49224.250   -0.351243095171  -12.940700399255    0.8434    2.7089   0.426    6
49225.335   -1.534803691011   -4.303799997984    0.3559    1.1526   0.093   17
49230.002   -0.456213566160    0.188398800560    0.4326    1.4208   0.243   10
49231.252   -0.328312175227   -4.804001999403    0.1430    0.2787   0.089   35
49232.333    1.681762553524    1.826298002428    2.2352    1.1001  -0.412  126
49232.333   -2.373674711244    3.289197602285    0.6604    0.9191  -0.438  125
49237.081   -0.248952695382   -1.092099597955    0.4483    0.4992   0.165   77
49238.253    0.903043429943   -2.965100398811    0.1534    0.2594   0.089   14
49245.252   -0.515919190536   -0.270500399679    0.3100    0.5441   0.193   21
49246.329   -2.022135049153   -1.259499599016    1.8082    0.9732   0.007   15
49252.253    0.457403693276   -0.963201598481    0.2646    0.4560  -0.095   20
49253.335    3.036256197373    6.819897600252    0.5867    1.7377  -0.056    7
49254.007   -0.227361811038   -2.101201200233    0.3049    1.0531  -0.004   22
49254.416    0.027247796794    2.029798802639    0.4489    1.9921  -0.171    9
49258.003    0.070129342256    0.582598801202    0.3817    1.1131  -0.044   14
49259.252   -0.509665487940   -0.247802399400    0.4011    0.5987   0.086   11
49260.333   -0.282750558564   -1.280300400097    0.4167    1.8747   0.071   20
49261.005   -0.725710224030    0.567399602502    0.4587    1.4976  -0.026   14
49266.250   -0.053602033392    0.943599601655    0.3327    1.1844  -0.075   22
49267.335   -0.572051183516    2.197998001208    0.2387    0.9864   0.198   21
49268.412   -3.398516347394  -21.575800797180    0.5011    1.9696   0.393    6
49272.167   -0.095293654867   -1.094702399129    0.2810    0.5295   0.015   68
49273.252   -0.030821021933   -0.127900797153    0.2278    0.5322   0.040   37
49274.333    0.372087077756    0.289897200645    0.6022    2.9455   0.444   24
49275.421    0.039458228808   -0.541299597145    0.4372    2.4643   0.504   16
49279.169   -0.085913202538   -0.125801999218    0.2212    0.1964  -0.106  114
49280.250   -0.118667597040    0.241498801756    0.1936    0.4861   0.051   32
49281.335   -0.194457304923    0.403297200435    0.2614    1.1608   0.330   53
49286.083   -0.688338932581    0.549298801644    0.5599    0.4202   0.356   64
49287.252    0.092613583667   -1.016902798767    0.2851    0.7812   0.094   29
49288.333   -4.120949710078    7.486700402026    3.3183    4.2144   0.028    7
49293.085   -0.539593355934   -0.497401198629    0.3397    0.4975   0.044   56
49293.169   -0.367323725501   -1.953500398244    0.3091    0.8671  -0.118   33
49294.250    0.107354178397   -0.220100398707    0.2192    0.5541   0.064   24
49295.331    0.456660447822   -3.710401199086    1.6096    3.3043   0.452   16
49300.003    0.868948999840   -0.474400800243    0.5653    1.6914  -0.002    9
49301.252   -0.020100737131   -0.562701597318    0.2038    0.4558   0.012   42
49308.254   -0.293320731753    0.528098400210    0.2904    0.5907   0.151   21
49309.331    0.645010708585   -0.623602798200    0.2059    0.7963   0.483   37
49315.252   -0.480334613220   -0.669099598127    0.4312    0.7373   0.469   18
49322.246    0.023824277011    0.680000401587    0.2055    0.3584   0.346   30
49328.167   -0.976449633546   -0.807699600003    0.4404    0.3694  -0.287   57
49329.248   -0.070576020790    0.106099199826    0.2403    0.5485   0.148   31
49331.418   -0.161549142503    1.471100399897    0.3486    1.0676   0.002   46
49335.085   -0.742090874458    1.269799200188    0.4767    0.6529   0.316   35
49336.250   -0.113607677865    0.201798002308    0.1834    0.5021  -0.001   49
49338.416    2.150183098523    2.294298002781    1.5709    1.0547   0.296   14
49342.006    0.513535686256   -1.604199598759    0.3814    1.0836  -0.138   11
49343.248   -0.285430629764   -0.246599998022    0.1622    0.3908  -0.013   55
49350.250    0.486288092591    0.648500402178    0.3199    0.6156  -0.139   26
49357.252    0.271433280488   -0.400499997966    0.2074    0.4478  -0.033   38
49358.344    4.793804802475   11.853198000722    4.0433    6.6966  -0.359    5
49359.418   -0.606892515377    1.032098400344    0.5364    2.0194  -0.287   33
49363.173    0.544803589850   -1.415901597568    0.3752    1.0968  -0.131   71
49364.250    0.469464216806   -0.410702400089    0.2871    0.6516  -0.181   30
49365.302   -0.750577969721   -2.139800397671    0.2315    0.3665  -0.150   57
49366.303   -0.087996483592   -0.568101597764    0.3645    0.3818  -0.093   24
49367.289   -0.033651204746   -0.517802399358    0.1779    0.2307  -0.315  149
49367.336    0.474081113753   -1.258502399892    0.2622    0.3479   0.023   36
49368.268   -0.404544905338   -0.245602798898    0.1986    0.5284   0.160   70
49369.265    0.551803991077   -0.526100398446    0.2350    0.3620  -0.096   77
49370.255    0.136238374584   -0.078901199174    0.1891    0.3307   0.159   67
49370.324    0.141748628597    0.763498800183    0.3513    0.5653   0.066   37
49371.252    0.000150111613   -0.366602399637    0.0971    0.2274   0.074  163
49372.267    0.165122773898   -0.710099998003    0.1422    0.2533   0.103  102
49372.322    0.310594942375   -1.233899999775    0.3298    0.4688   0.146   25
49373.268    0.050625395271   -0.692801998170    0.1514    0.2717  -0.013   93
49373.363    0.506092059673    0.179499602382    0.4905    0.5325  -0.004   23
49374.269   -0.161699254116    0.146797201594    0.2426    0.2687  -0.267  110
49374.360   -0.300767811512    1.220299202487    0.3510    0.4885   0.006   19
49375.270   -0.001189923988    0.285397200273    0.1421    0.2936   0.125  106
49376.267   -0.297044271633   -0.094201197243    0.2463    0.2825  -0.206   93
49377.257    0.062535604060    0.473598002415    0.2460    0.4225   0.169   92
49377.308    0.589175282526   -0.040301998538    0.2761    0.5587   0.031   56
49378.250    0.375063919005    0.053697599967    0.1949    0.4585  -0.012   41
49385.248    0.019057268452    0.312598801244    0.1736    0.4175   0.005   53
49386.329    1.494155538215   -2.556399597609    1.7405    3.1182   0.213   16
49391.165    0.132514834704    0.012499201674    0.6408    1.2710  -0.403   55
49392.250   -0.225278326855   -0.267400799103    0.1890    0.4941   0.014   42
49394.420    0.356453329087    1.151697601287    1.0393    2.1990   0.427   15
49398.087   -0.918530926432    0.181998000670    0.4777    2.1088  -0.056   11
49399.248   -0.213811140295   -0.736401598900    0.2319    0.7864   0.079   33
49405.085   -0.151129080927    3.402000000108    1.0009    2.9869   0.097    9
49406.265   -1.490431998335    1.131800400600    0.9290    1.3356  -0.178    6
49413.252   -0.213067894841    0.448498799699    0.2198    0.4753  -0.177   23
49419.165    0.814453609381   -2.170400400203    2.7579    5.7996  -0.830   15
49420.250   -0.208601109507    0.333097201022    0.2234    0.8749   0.219   31
49426.167    0.859715205947    0.050097599669    0.3077    0.3990   0.147   85
49427.248    0.143088664197    0.853498801234    0.2495    0.7606   0.133   31
49429.418   -0.264883214100   -0.142599599329    0.4384    0.6848  -0.087   20
49432.997   -0.270986601955   -6.491199600234    2.1360   19.1253  -0.715   13
49434.250    0.183140229975    0.227700002853    0.2360    0.8414   0.074   32
49435.335    0.528576504212   -2.341602000300    0.2424    1.4006  -0.637   72
49436.420   -0.158722615994    0.842097601250    0.4698    0.8274   0.422   52
49441.252   -0.110330816518   -0.077101199025    0.2141    0.5007   0.030   33
49448.250   -0.132068156170   -0.669301200062    0.2137    0.6755   0.072   32
49454.018   -8.562621513492   15.062997601234   14.5592   13.7002   0.191   15
49454.167   -0.353622943146   -3.878099997934    5.2499   11.3590  -0.330    9
49455.248    0.318038568959    0.143899199756    0.2600    0.6045   0.142   40
49456.333   -2.113705164140    2.514999600578    2.1924    1.3482   0.107    9
49461.085    1.995037567100    0.420397201850    2.3416    2.6825  -0.461    3
49462.247   -0.000743245454   -0.679100398315    0.1957    0.4970   0.045   45
49468.167    0.170929594832    0.896198401890    0.3598    1.8379   0.186   26
49469.249   -0.076232730111   -1.169402398915    0.2142    0.5066   0.012   52
49470.333   -2.419386642648    6.879398401338    0.3278    0.7402  -0.251  203
49471.418    0.583815140125   -1.398700799982    0.1830    0.2761  -0.237   40
49471.418    0.351986340625    0.585000000441    0.1438    0.5367  -0.200  121
49476.250   -0.069979230644   -0.140302799778    0.1902    0.4565   0.037   52
49482.167    0.058068818726   -0.993301198093    0.2174    0.3815  -0.002   48
49483.252    0.082636341191   -1.506502797710    0.2117    0.5884   0.051   42
49484.333   -0.026057669678   -5.498499598033    0.5635    2.0892  -0.275   45
49484.333   -0.218131470321    1.040000402597    0.1977    1.0579   0.601  167
49485.418   -0.389657855300   -2.474801998531    0.3481    1.4811   0.116   23
49490.254    0.021887451265    0.171500401080    0.2559    0.5271  -0.044   25
49491.332   -0.781249083169   -1.777301998374    1.9159    4.0612  -0.088   16
49495.999   -1.000123798944   -0.842500798726    1.0379    0.5555   0.532   49
49497.249    0.255352853286   -0.474602398981    0.1829    0.4823   0.011   51
49498.337    0.334415766210    0.221799602684    0.4315    1.0529  -0.216    8
49504.250   -0.132368379396   -0.918201597955    0.1723    0.4298   0.034   52
49506.000    0.001340035600   -0.773902797846    1.0041    1.1029   0.016   44
49511.252    0.512792440802   -0.968900399911    0.2380    0.6633  -0.015   33
49512.333   -3.868873718139   -0.433202398753    1.8333    2.7308   0.459   12
49518.254    0.286173875218    0.076899600288    0.2709    0.8614   0.051   32
49519.335   -1.013227588025    0.046098002215    1.0882    0.7021  -0.235    9
49524.168   -0.093206717508    0.130399201836    0.2046    0.3278  -0.097   68
49525.252   -0.105713919572   -0.757799998752    0.2363    0.6607   0.087   45
49530.917   -0.237931984227   -2.660702397606    0.5556    1.8932   0.282   31
49532.250   -0.283347145582   -0.386701199062    0.1915    0.5289   0.112   48
49533.343   -0.332628848948    0.540500402835    0.5008    0.8118  -0.163   19
49534.416   -0.011613641868   -0.355701599375    0.3947    0.5919  -0.360   27
49534.420   -0.588578492380    0.539697601809    0.1207    0.4577  -0.140  108
49534.544  -32.330784000479  784.821798001190    0.6482    1.6475   0.282   10
49539.252   -0.169889782458   -0.103100398618    0.1875    0.4048   0.157   48
49540.998    0.540040034468   -1.584701998425    0.4517    0.5735   0.119   53
49541.250    0.109884137985    0.562399202408    0.4487    0.6474   0.000   14
49541.751    0.031714582128   -0.261100798582    0.1198    0.2304  -0.156  163
49546.251   -0.152319004914   -0.535301997928    0.2046    0.4525   0.162   43
49547.335   -0.174803246325    0.451800002210    0.1433    0.3609   0.114  113
49548.420   -0.127601370836   -5.666799599169    0.5364    2.2963   0.315   17
49553.256   -0.153659040514   -1.084899597359    0.2262    0.5074   0.179   41
49554.333    0.451300102293   -1.361401199773    0.6054    1.6563  -0.092   13
49555.415    1.142019085977    0.397400400587    2.2323    1.1303  -0.023   17
49559.169    0.168249523632    6.956197202257    0.8961    4.0459  -0.021   17
49560.254    0.081742984125    0.108900002616    0.2074    0.5282   0.050   33
49562.084   -2.233862908394    0.791697600278    0.7149    0.7426  -0.220   62
49562.084    0.163336059765    0.465098401392    0.1562    0.3135   0.273  211
49566.171   -0.065662353794   -4.909600799508    0.5614    2.1927  -0.041   46
49567.249    0.009827130863   -0.447202799592    0.2626    0.7746  -0.061   31
49568.334    0.576818192075    1.471698001865    0.4413    2.3554   0.229   32
49569.418    0.103183756856    3.113600401505    0.4752    2.0416   0.050   33
49573.085    0.362260150021    0.553197599729    0.3391    0.7056  -0.220   23
49574.251   -0.333822429240   -0.310899597267    0.1920    0.4617   0.049   50
49575.332    1.010844286874  -10.916099998326    2.5807    5.4857   0.256   16
49576.417    0.794946209220    1.546599600388    0.6758    2.0545  -0.166    7
49576.501    0.723923509897   -3.482999997217    0.4776    0.9879  -0.119   29
49580.040   -0.057918707114   -0.497699999613    0.2435    0.2362  -0.017   69
49581.249    0.054345278846   -0.278600397152    0.1738    0.4343   0.012   51
49588.251   -0.130878232183   -0.223599599636    0.1721    0.4211   0.055   52
49589.332    0.208004319361   -0.311799597341    0.4649    0.5524   0.146   34
49589.335    0.406928409618    0.325800001377    0.2544    0.7651   0.687  124
49590.417   -1.040922063352   -0.698601598970    0.3028    1.0696   0.122   25
49594.168   -0.042731433850   -0.348699597197    0.1967    0.3416  -0.125   80
49595.252   -0.164676095365   -0.128800797228    0.1666    0.4121   0.086   52
49596.334   -0.356603237572  -11.665000798899    0.2392    0.5543  -0.169  285
49597.418    0.306128157041   -2.982599997381    0.2698    1.3479   0.071   80
49602.251    0.173162987500    0.122997602503    0.1724    0.4039   0.072   27
49603.335    0.722883697522    0.334098000465    0.5274    1.4663  -0.589   73
49603.335    0.033501296261    0.013100400764    0.1305    0.5056  -0.163  126
49604.420    0.095886788709   -3.310700398629    0.3070    1.3872   0.087   79
49608.044    0.084273146840    0.336398400336    0.4331    0.4353   0.157   63
49609.249    0.023970935447   -0.006901199612    0.2015    0.4440   0.105   23
49611.418    0.822193802885   -0.236199597481    0.5575    1.2704  -0.071    3
49615.078   -0.442512986933    0.255398400029    0.5733    0.8725  -0.097   16
49616.251    0.107800856931   -0.856400400195    0.1956    0.4540   0.011   26
49618.088    0.427475825282   -1.006700399842    0.3421    0.9775  -0.106   23
49622.040    1.446210417272   -0.463802398087    2.3628    1.9035  -0.700    8
49623.249    0.223341704237    0.712897200472    0.1676    0.4022   0.054   30
49624.334   -2.326622947369    1.095397200146    8.1912   16.5292  -0.570    5
49629.086    0.284537272697   -0.015602399372    0.3684    0.4726  -0.118   23
49630.251    0.199070748693   -0.048999597979    0.1813    0.4913   0.116   41
49631.332   -0.343796015411   -1.102899598848    0.3299    1.4246   0.127   64
49632.420   -0.066555710861   -0.774701998552    0.3352    1.3004   0.026   70
49637.249    0.245972400956    0.555199201813    0.1857    0.4574   0.127   39
49639.156   -0.191777233722    0.112698001331    0.1475    0.2349  -0.149  116
49639.159    0.049732038204   -0.545702398469    0.0829    0.1748   0.140  318
49642.998   -0.248652472157    0.204699601269    0.5324    0.5211  -0.022   32
49644.251    0.505495472655   -1.113101997774    0.2105    0.5837   0.171   31
49645.336    0.902896974635    3.677497202759    1.5817    2.5532   0.572   16
49646.040    0.041244942942   -0.473601599538    0.3263    0.3989   0.012   62
49651.260   -0.026057669678   -0.483102000004    0.2036    0.5483   0.169   38
49652.334    7.037941520265   -5.946001198609    1.3256    2.5947  -0.488    6
49653.419   -0.011463733384   -0.765802797176    0.3104    0.4740  -0.010   52
49653.419   -0.023970732319   -0.897901199792    0.0974    0.3506  -0.056  128
49657.002   -0.512048992220   -2.294301599903    0.3366    1.5449   0.247   19
49658.262   -0.266373361312   -0.643499998887    0.1908    0.4974   0.126   37
49659.339   -0.525596006658   -5.155102799037    0.6234    2.4372  -0.075    8
49664.087    0.328015608306   -1.042199999901    0.3426    1.0029  -0.184   14
49665.256    0.200857462826   -0.277801199644    0.2521    0.5598   0.094   31
49667.419   -0.359729987306    2.478099600722    0.3748    1.3996   0.375   12
49672.251    0.267413173687   -0.910799998621    0.1818    0.4911   0.094   33
49678.084    0.504008778619   -1.532501997303    0.4379    1.0363  -0.130  105
49679.253    0.141748628597    0.549097199709    0.1943    0.4500   0.116   32
49685.166    0.296151117694   -1.091501999184    0.1263    0.2671  -0.256  103
49685.170    0.161996024164   -0.507902398539    0.1265    0.4261  -0.076   80
49685.170   -0.217384568562   -4.355701198122    0.7182    1.3015  -0.256   58
49686.251    0.226171887050    0.127098002523    0.1662    0.4596   0.059   41
49692.084    0.386230882340    0.531799199877    0.3428    0.4251  -0.038   28
49693.249    0.340969488903    0.046800000675    0.2204    0.5525   0.091   33
49694.334    0.684318825781   -0.550202398841    0.4916    1.4648  -0.103   15
49699.166   -0.094846976334    1.399500000687    0.1524    0.7156   0.141   77
49700.247    0.334415766210   -0.959702397552    0.1485    0.4454   0.031   50
49702.081    0.375810820764   -1.525701600258    0.3126    0.7051  -0.052  110
49706.168    0.181800194375    0.171399601712    0.1500    0.2940   0.042   96
49707.249    0.038414760129    0.354099600841    0.1649    0.4309   0.056   34
49714.251    0.019950625518    0.022500001862    0.1949    0.5075  -0.053   25
49715.000    0.142938755713    0.497300402458    0.0653    0.1646  -0.007  208
49715.332   -0.581134865797   -9.787802398975    0.4154    0.9681  -0.415   34
49716.417    0.110627383439   -0.921902397621    0.0886    0.3233  -0.136  146
49716.417    0.212771327920    0.131000400927    0.2188    0.5283  -0.011   89
49716.420   -0.067449067928   -0.069400798708    0.5382    0.3904   0.139   62
49721.249   -0.201454049844   -0.222400798577    0.1628    0.4799  -0.232   26
49727.042   -0.121944458387    0.059000401365    0.3463    0.5263   0.196   62
49728.251    0.031564470515    0.011599201599    0.1375    0.3040   0.057   65
49735.253    0.231381917838   -0.944301600114    0.1864    0.4024  -0.059   33
49736.363   -0.035438122007   -4.251502797814    0.5143    1.7575  -0.022   12
49741.166   -0.074746239203   -0.421901998138    0.2821    0.5399   0.247   19
49741.166    0.823387383177   -0.851702398208    0.4912    0.4613  -0.793   93
49741.170    0.322655465905    0.469897202748    0.2022    0.2629  -0.062  157
49742.251   -0.043031657075   -0.039200399726    0.1465    0.3417  -0.018   44
49744.081    0.713799812113    0.039798001694    0.5019    0.3665   0.013   33
49748.084   -0.513239119335    2.096600400492    0.4977    1.8867   0.144   10
49749.249   -0.165569452432   -0.829702799265    0.1929    0.4214  -0.156   33
49750.334   -0.181799991247   -0.335800798368    0.2860    0.7609  -0.153   53
49750.334    0.401718378829   -0.468899997230    0.3514    0.7395   0.108   85
49751.415    0.205324248160    0.689198400750    0.0986    0.3165  -0.065  135
49751.419    0.004913463867   -0.744602398939    0.4126    0.3311  -0.120   67
49751.419    0.041391398250   -0.751899598583    0.1521    0.2316   0.037   96
49756.251   -0.164826003849    0.150998400983    0.1347    0.2608  -0.014   85
49762.088   -1.333349438038    1.118699999836    0.6228    1.9715  -0.006   19
49763.253   -0.517705904669    0.098499602075    0.3786    0.5516  -0.423   50
49764.334   -0.128198160983    0.515797200151    0.2825    0.2329   0.122   77
49770.251    0.042731433850   -0.509601599319    0.4642    0.4274  -0.362   53
49772.088    0.945031618339    0.828197999780    0.6867    1.2325  -0.021   28
49777.249   -0.175099813246   -0.246700797391    0.3137    0.5146  -0.198   14
49779.043   -0.108393990772   -0.075999600213    0.2542    0.6454   0.101   83
49783.086    0.080402948524   -0.021902399894    0.2148    0.3419  -0.218  125
49784.251    0.036628045995   -0.521402399656    0.1273    0.2914   0.017   54
49790.168    0.084126488404   -0.589701599552    0.3409    0.3273   0.248   70
49790.168    0.568477755249   -0.310201199127    0.1944    0.6920  -0.049   97
49790.168   -0.191030331964   -1.079701198847    0.3216    1.0813  -0.039   48
49790.168   -1.107031095680   -0.903002399255    0.5420    0.8520   0.177   23
49791.249   -0.000596790146   -1.014602398897    0.2634    0.6945  -0.451   16
49798.251    0.086953218041    0.410598000400    0.1551    0.2974   0.055   59
49800.417   -0.066405599248    0.431398801481    0.2616    0.3014  -0.198   93
49804.080    1.074569814922   -1.462600798874    0.4820    0.4733  -0.319   47
49805.249   -0.250142619369    0.237600000474    0.2220    0.4938  -0.063   36
49811.042   -0.409161802285    0.085500000679    0.3333    0.3205  -0.152   72
49812.251    0.089336722320    0.083998801514    0.1633    0.3390   0.104   60
49818.084    0.627143364121    0.131097599976    0.3553    0.4459  -0.013   31
49819.249   -0.075786051578   -0.364402799136    0.1919    0.4812  -0.054   34
49819.958   -0.108544102385   -0.701499597611    0.3569    0.4024   0.412  162
49820.334    1.875623068301    4.684399201338    0.5082    0.3880   0.106  161
49821.419   -0.228998413559    0.004100400020    0.3276    1.3438  -0.027   30
49826.251    0.027247796794    0.321598801989    0.1595    0.3181   0.139   49
49826.960    0.867012174094   -0.009899997622    0.3248    0.3985   0.184   45
49827.336    0.422115682881   -0.158601599054    0.2197    1.2003  -0.275   97
49828.421    1.236569292263   -0.196599597402    0.5852    0.5311  -0.220   83
49828.421    1.019777857542   -0.358102798614    0.3750    0.5520  -0.068  114
49828.421    0.286620553752    0.076698001550    0.1973    0.3274  -0.168   85
49832.000    0.039904907341    0.806598001191    0.3560    0.5159  -0.189   93
49833.249    0.048688569525   -0.433299597802    0.1774    0.3813  -0.027   34
49839.042   -0.245525722423    0.005598002062    0.4591    0.3432   0.180   98
49840.251    0.448766689529    0.209599201995    0.2104    0.4708   0.090   49
49847.249    0.135495129130   -0.185399999353    0.2111    0.4239  -0.150   33
49854.251    0.367023502276    0.185198400615    0.1632    0.3620  -0.033   50
49861.249    0.691019003782    0.263797201683    0.1887    0.4497   0.037   28
49862.334    0.182990118362    0.033300002755    0.4644    0.4985   0.013   51
49868.251    0.388464275007   -0.299699999218    0.1777    0.3785   0.067   55
49869.332    0.245825945648   -0.696301199099    0.1106    0.2599  -0.178   63
49869.336    0.038414760129   -0.615599999776    0.1976    0.3000   0.196  129
49875.257   -0.125221319733   -0.816699597550    0.2202    0.4141  -0.094   33
49876.331    0.288557379498   -0.485701197661    0.1070    0.2147  -0.230   81
49877.415    0.508028885419    3.047799599898    1.7983    2.5202   0.858   12
49882.251    0.179119920046    0.017499601768    0.1543    0.4440   0.065   71
49883.336    0.183436796896    1.863900000743    0.3414    0.9897   0.212   22
49888.000    0.455616979142    0.758098799736    0.8977    0.4318  -0.151   40
49889.253    0.038861438662   -1.250999997993    0.2902    0.3055  -0.059   21
49895.086    0.814900287915   13.745300401879    2.0341    4.9305   0.650    6
49896.251    0.099013538443   -0.929001598848    0.2393    0.5436   0.243   44
49897.332   -0.079956269991   -0.242499598002    0.2193    1.0372  -0.422   55
49897.336    0.235105457718   -0.951101997160    0.1997    0.3444   0.226   42
49904.250   -0.059258742714   -1.372600797822    0.2880    0.4703   0.120   16
49909.090    0.271286825180    1.661097601868    0.7769    3.1227   0.169   15
49909.115   -2.819911441186   -3.739499999256    1.2614    1.6921   0.752   21
49910.251   -0.222744914091   -0.214401597276    0.2814    0.4405   0.324   28
49911.329    0.862695500373    0.828997200486    0.5069    0.8511  -0.116   29
49916.000   -0.729730330831   -0.013402798871    0.7136    0.6092  -0.228   46
49917.253    0.214558042054   -0.354700799932    0.2397    0.3117   0.148   28
49923.002    0.177183094300   -0.514000800322    0.2432    0.3187  -0.065   39
49924.251    0.186266979709   -2.116501198302    0.2421    0.6559  -0.090   37
49930.168   -5.728266044497   12.939199200090    2.5548   10.7943  -0.784    6
49931.250    0.137131731651   -0.162899997491    0.1967    0.3609  -0.247   25
49936.999   -3.621557828406   -0.856799997351    1.1901    1.4084   0.030   45
49938.251   -0.115394391998   -0.371501997165    0.1993    0.5317   0.188   52
49945.253    0.121647891466    0.059497200766    0.2092    0.2964  -0.057   60
49946.334   -0.079213024537    0.799898400317    0.1868    0.2436  -0.077  125
49952.251   -0.269500111046   -0.390301199360    0.1593    0.4278   0.011   79
49953.322    0.031117791982    0.945000001451    0.5153    0.9305  -0.363   38
49954.322    0.471250930940    0.584600400089    0.1835    0.7435  -0.031   43
49955.320    0.492541592058   -2.434100399640    0.5620    1.8000   0.151   20
49956.320    0.090079967775    2.163697202207    0.5805    1.3429  -0.339   44
49957.321    0.572798085275   -0.200300400266    0.1680    0.5827   0.069   45
49958.253    0.034244541715   -0.736801199253    0.3733    1.4153   0.203   22
49959.250    0.178673241513   -0.615502797530    0.1656    0.4520   0.032   77
49960.334    1.455444211166   -2.228000398574    0.5208    0.7770  -0.289   68
49960.334   -0.374023903502   -1.294199998370    0.5050    0.5761   0.241   57
49960.334    0.208304542586   -0.485002799522    0.8696    0.8094  -0.401    6
49961.416    0.134748227371   -0.049701599636    0.4338    1.0414   0.133   55
49966.251    0.599002210261    0.200199600897    0.1548    0.3961   0.094   54
49967.333    0.060152099781   -0.248500797539    0.2828    0.4186  -0.046   93
49973.250    0.096483578855   -0.755002799480    0.1754    0.2797  -0.007   37
49979.083    0.356603440700   -0.768502797399    0.4460    0.9568   0.284   12
49979.086   -0.172123175125    0.390398401606    0.2563    0.3598   0.094   16
49980.252    0.709182915166   -2.279901598712    0.2054    0.7421  -0.177   21
49982.081   -0.061345680073   -0.383500799117    0.4576    0.5103   0.098   43
49986.085    0.287664022431   -0.683600398688    0.3205    0.4574  -0.291   54
49987.253   -0.169443103924   -0.810399600226    0.2631    0.5158  -0.136   36
49993.167   -0.097823614455    0.048099601102    0.2258    0.3242  -0.008   48
49993.167    0.070726132402   -0.288601197340    0.1718    0.2428   0.006   90
49994.252    0.220511521424   -0.931402798088    0.1700    0.4477   0.115   53
49996.085    0.762935060171   -0.848901598616    0.3712    0.4576  -0.435   48
50000.085    0.481227970287   -0.149201997957    0.4043    0.6041   0.096   31
50001.250    2.280614652172   -1.989899998378    0.5124    0.9195  -0.592   22
50003.083   -0.426582468215    0.134100001503    0.3542    0.5305  -0.071   61
50003.416   -0.207411185519   -0.097902000107    0.1453    0.3212  -0.016  113
50008.252    0.481077858674   -0.319100397306    0.1995    0.4418  -0.127  108
50014.001   -0.181799991247   -0.003200399945    0.2385    0.4307  -0.090   61
50015.250   -0.050028401997    0.264099599789    0.1874    0.3494  -0.038   53
50022.252    0.196690697590   -0.102200398544    0.1532    0.3901   0.042   73
50029.250    0.118074463199   -0.414701997542    0.1695    0.3306  -0.202  109
50029.253   -0.051218529113    0.783298801821    0.1776    0.2705  -0.138   94
50031.416   -0.884282728412    5.244199199694    0.2977    1.1410  -0.178   71
50035.002   -0.367620292422   -0.218401197927    0.4405    0.5605  -0.538   48
50036.252    0.302404617161   -0.098301597262    0.1495    0.3019  -0.047   79
50038.085   -0.227958601184   -0.093700797521    0.2562    0.2403  -0.073   49
50042.041    0.402014945750    0.133297200478    0.3117    0.3021   0.036   41
50043.250    0.179416690095   -0.126302398940    0.1533    0.2862  -0.145   71
50050.252    0.285280518152   -0.234900000251    0.1729    0.3705   0.142   56
50057.250   -0.044071469450    0.039200399726    0.1538    0.3378  -0.167   55
50058.335    0.474081113753   -0.149702397678    0.3661    0.6077   0.105   37
50059.419    0.926421028421    0.071697601456    0.1681    0.1662   0.293   44
50064.252    0.256246210352    0.042199200934    0.1125    0.2916  -0.068   68
50065.333    0.510112369602   -0.919299599644    0.2810    0.6313  -0.178   34
50070.041    0.208304542586   -0.164699997640    0.4427    0.4324  -0.262   50
50071.250   -0.166762829596   -0.305402397771    0.2442    0.3883  -0.226   22
50078.252   -0.027844383812    0.000000000000    0.1555    0.2510   0.207   54
50084.998    0.256246210352   -0.302399999441    0.2187    0.3963   0.042   82
50085.250    0.453087019555    0.282999601353    0.2632    0.4108  -0.251   20
50092.252    0.201750819893   -1.023699598690    0.1674    0.3687  -0.102   80
50099.254   -0.270986601955   -0.118299597318    0.1629    0.3141  -0.169   36
50105.043    0.056578671513   -0.389800799638    0.4444    0.3856  -0.316   38
50106.252   -0.098270292989   -0.401201999622    0.2256    0.4049  -0.184   33
50108.082    0.158125825848    0.570200402095    0.3631    0.5918  -0.241   31
50112.085    0.332929072173    0.253897200864    0.1425    0.2085  -0.119   91
50113.250    0.213364461762   -0.197701199411    0.2254    0.4974  -0.003   42
50119.083    0.914807386552    0.884599200290    0.6616    0.9388   0.441   40
50120.252   -0.258629511504   -0.067301997575    0.1451    0.2529  -0.018   55
50121.333   -0.082786452804   -0.940701599816    0.3519    0.5271  -0.163   54
50122.662   -0.954115503748    1.612400401996    0.7403    0.9531   0.149   50
50126.041   -0.295554124420   -0.357800397310    0.3667    0.4337  -0.056   30
50127.254    0.231828596372    0.281498402188    0.2340    0.5006  -0.240   17
50129.084    0.142045398646    0.315799201189    0.5522    1.5062  -0.046    6
50134.252    0.047348533925    0.146797201594    0.1524    0.2721   0.037   32
50136.085    0.202794288573    0.215100001810    0.1100    0.2091  -0.066  155
50141.250   -0.076532953336   -0.134301600241    0.2663    0.5003  -0.397   23
50147.043    0.018760701531    0.595598402597    0.3468    0.3041  -0.059   61
50148.252   -0.029034307799   -0.294299998771    0.1232    0.2466  -0.016   57
50149.333   -0.042434866929    0.379198800360    0.2146    0.3142  -0.175   66
50153.877   -0.204430891094    0.179600401751    0.4690    0.4383   0.201   29
50153.877    0.525746118271   -0.757602000334    0.2039    0.3241  -0.193   74
50155.250   -0.069979230644   -0.201002398725    0.1786    0.3465  -0.225   41
50155.831   -0.158275937461    0.116798401351    0.4193    0.4196  -0.226   45
50156.331    4.582820188688   -8.840001597932    4.0073   12.5227   0.202    7
50162.252    0.366877046968   -0.630899997844    0.2666    0.7024  -0.574   19
50163.337   -0.113010887719    0.350600399912    0.1717    0.2795  -0.092  109
50168.169    0.222598458783    0.800197201301    0.4743    1.0467  -0.186   12
50169.250    0.195350661989    0.168498002751    0.1494    0.2445   0.006   38
50170.335    0.110627383439    0.493797601209    0.2872    0.2659  -0.115   78
50176.252    0.037521403062   -0.098999998599    0.1511    0.2953   0.057   40
50182.081   -1.196217706388    5.975197201025    1.4907    2.9444  -0.019    5
50183.250   -0.059112287406   -0.060299998594    0.1531    0.3585  -0.044   34
50189.039    0.376107387685   -0.039401998464    0.3343    0.3598  -0.176   64
50190.252    0.335309123277    0.438199201724    0.2715    0.4537  -0.198   15
50197.009    0.463060402598    1.624399200750    0.5004    1.5946   0.191   72
50197.250    0.242102405768    0.078498001699    0.1788    0.3685  -0.111  105
50197.250    0.487628128191   -0.378500399023    0.1875    0.3643  -0.111   22
50198.335    0.049285359671    0.067399199821    0.2827    0.4670  -0.154   14
50199.420    0.492395136750    0.967597202362    0.3316    0.7220  -0.021   28
50204.252    0.183737020121   -0.205001999376    0.2067    0.3554  -0.026   24
50205.333    0.114054356398   -0.212500797758    0.3191    0.5168  -0.207    8
50210.001    1.023797964342   -0.509702398688    1.0524    1.0004   0.139    4
50211.250   -0.366576823743    0.641797200984    0.5015    0.5366  -0.294    7
50218.252    0.164976318590   -0.005000400094    0.2007    0.3704   0.225   25
50219.333    0.022184018185   -0.615599999776    0.2292    0.4726  -0.063   15
50224.041    0.078169555857   -0.004802398479    0.4693    0.6116  -0.118   62
50225.250    0.322208787372    0.017697600185    0.4290    0.4752  -0.405   12
50232.252    0.524702852719    0.704797199802    0.3236    0.4671  -0.065   10
50233.337    0.458146938730   -0.179902799857    0.3178    0.3262  -0.182   46
50234.418    0.093206717508    0.603698400070    0.2016    0.4223  -0.133   48
50238.085    0.435366130399   -0.181900798424    0.2601    0.4544  -0.083   45
50239.250    0.085316615520   -0.031402797163    0.2470    0.3849  -0.071   23
50242.333    0.306274612349   -0.284101200165    0.2378    0.4724   0.213   90
50245.050    0.437302956145    0.753098402839    0.9367    0.8622   0.713   18
50246.252    0.464400438198   -1.277301598890    0.2516    0.4827   0.035   16
50247.436   -1.621756705924   -8.224700399140    0.2757    0.5250  -0.260   51
50248.520    0.525002872816   -0.150800399368    0.1009    0.2726  -0.034  229
50253.254   -0.243592349853   -0.180399599259    0.2432    0.5193  -0.098   34
50255.025   -0.069979230644    4.033098002765    0.5932    0.9101  -0.433   45
50256.026    0.895153327954    0.223398000898    0.6313    1.0830  -0.476   41
50259.083    1.103157647315    0.569700002373    0.6734    2.7260   0.310    7
50260.252    0.098566859909   -0.540899999990    0.1592    0.3214   0.053   55
50260.709   12.657813573989   -3.318901198668    5.2356   12.9551  -0.283   12
50262.086    0.140108572900   -0.322599598235    0.0870    0.1528  -0.116  142
50267.250   -0.388764498233    1.935000000231    0.2841    1.0238  -0.352   18
50274.252   -0.019057268452   -0.078699597239    0.1895    0.4276  -0.050   44
50276.166    0.134601772063   -1.410602399687    0.1291    0.4029  -0.254  153
50276.170    0.015337384876   -0.838299599337    0.5487    1.4995   0.444   23
50280.041    0.149342366793    0.854697602293    0.3063    0.4435  -0.164   46
50281.250   -0.046008295196   -1.011599997369    0.2222    0.5111   0.433   39
50282.335    0.288407267885   -1.343699999268    0.3893    0.6332  -0.213   46
50287.083    1.845545088694    0.894798002093    0.3895    1.0382   0.097   39
50287.083    0.128644839516   -0.478400397697    0.1569    0.2213  -0.176  110
50288.252   -0.097673502842    0.116697601982    0.2524    0.4586  -0.075   20
50290.086    0.209644578186    0.069998400676    0.1391    0.1851  -0.156  146
50295.254    0.076086274803    0.003798001913    0.2661    0.3947   0.098   24
50302.252   -0.195350661989    0.363099601586    0.3076    0.4618  -0.250   11
50303.333    0.246719302715   -1.136699998128    0.3966    1.3230   0.044    6
50308.041   -0.119711065720   -0.883799999585    0.2871    0.3551  -0.062   35
50309.250    0.487034791221   -0.705700800196    0.2740    0.4034  -0.383    4
50316.252   -0.001340035600   -0.043801199467    0.1791    0.2873  -0.116   33
50322.082    1.435043250809    4.007300401909    1.2884    2.6841   0.172   32
50322.085    0.527829602453   -0.381401997984    0.1409    0.5478   0.072   89
50323.250    0.516515980682   -0.810399600226    0.3311    0.5508  -0.108    5
50324.332    0.133261736463   -0.123202798363    0.1145    0.1977  -0.208   86
50324.335    0.149488822101   -0.114299999865    0.4443    0.5285  -0.141    9
50329.168   -0.406481731084    0.081000000307    0.1541    0.5422   0.151   37
50330.252   -0.038264648516   -0.613299599905    0.1613    0.4429  -0.035   57
50331.323    0.183737020121    0.039200399726    0.1888    0.6528   0.071   40
50332.323    0.689382401261    2.303499602263    0.1763    0.5615   0.110   44
50333.335    0.165422997124    0.165600000912    0.1772    0.6298   0.103   46
50336.104    0.370150455138   -0.334601997309    0.3051    0.5106  -0.039   52
50337.251    0.168249523632   -0.178700398479    0.2776    0.3413   0.026   14
50338.335    0.405588374017   -0.318301199798    0.2840    0.4204   0.039   25
50343.168    0.643073882839   -0.221000398781    0.1556    0.5059   0.046   37
50344.252    0.330992246427   -0.455601598048    0.1928    0.3933  -0.078   33
50345.323    0.077426310403    0.665100000674    0.1479    0.5557   0.070   39
50346.323    0.259226301650    0.216997201008    0.1184    0.3679   0.073   44
50347.335    0.261906575978   -0.744101999217    0.1085    0.4079   0.103   42
50349.874    0.493735172350   -0.387399597201    0.6201    0.9218  -0.504    5
50351.254   -0.117030994519    0.255499202595    0.1748    0.4400  -0.124   27
50355.334    0.578604906209   -0.980301599895    0.0948    0.1675  -0.345  108
50357.168    0.264436535566   -0.057801600306    0.1721    0.5018  -0.122   51
50358.252   -0.132514834704    0.117298801072    0.1533    0.4090  -0.025   65
50359.323    0.255799531819    1.281898801508    0.1373    0.5588   0.116   39
50360.323    0.518302694815   -0.329399998478    0.1222    0.4249   0.114   42
50361.335    0.299574434348   -0.051001200063    0.1237    0.4172   0.024   47
50364.085    0.227658377959    0.281898002541    0.5706    0.9294   0.054   14
50365.254    0.025757649581   -0.175302000116    0.2187    0.3692  -0.087   19
50366.956   -0.855548440710   -0.079801199249    0.5728    0.9046  -0.268    7
50371.168    0.093356829121    1.112698800299    0.1366    0.4414   0.083   37
50372.252   -0.101100475802   -0.445201197508    0.1954    0.3122  -0.091   29
50373.323    0.396654803349    0.162097199663    0.1293    0.4543   0.153   45
50374.323    0.612106202470    0.325497600073    0.1665    0.5775   0.085   40
50375.335    0.089486833933    0.180298799890    0.1422    0.4812   0.108   47
50378.042    1.033921662126    0.158997602284    0.7825    0.5123  -0.560   17
50378.918    2.579745861164  -35.067502799180    7.5171    6.2130  -0.093    4
50379.251    0.404398450030   -0.530402397203    0.2444    0.3648  -0.151   16
50386.252    0.402014945750    0.065700002239    0.2072    0.4194  -0.081   31
50387.334    0.024417613981    0.000500399722    0.0401    0.2704   0.087  300
50391.096   -0.938331440338   -1.263599999035    1.1864    0.9930  -0.082  151
50392.166    0.375660709151   -0.214102799490    0.1344    0.6337   0.183   37
50393.251    0.236295381706   -0.383201998133    0.1764    0.3801  -0.054   27
50394.321    0.345732841157   -0.718002000255    0.1381    0.3821   0.198   40
50395.322    0.292427374686   -0.290001600334    0.1465    0.5234   0.102   39
50395.322    0.304191331295    0.079099200789    0.0649    0.1294  -0.008  364
50396.333    0.090676757921    0.194198401360    0.1253    0.3725  -0.002   43
50396.333    0.429709217949   -0.473799597955    0.0630    0.1245   0.003  387
50399.164    0.215451399121    0.029898000875    0.0813    0.1686  -0.147  102
50399.168    0.535126570600    0.006897602489    0.1172    0.4653  -0.067   39
50400.252    0.328908965373    0.433198801630    0.1977    0.3988  -0.027   30
50401.323    0.246122512569    0.486399602195    0.1460    0.5958   0.108   36
50401.323    0.151275536235    0.657198001619    0.1025    0.2168  -0.361  202
50401.706   18.671063569717  -28.939600798950    5.4967   14.2303  -0.291   12
50402.323    0.177779884446    0.099799202502    0.1226    0.4005   0.110   31
50402.323    0.168696202165    0.161697602508    0.0872    0.2484   0.035  218
50403.335    0.392188018015    0.062197200990    0.1126    0.5944   0.069   48
50403.335    0.269500111046   -0.421599600031    0.0700    0.1524  -0.055  322
50407.247    0.380277606098   -0.039600000079    0.3014    0.4351  -0.262   14
50408.346    0.724223733122    0.166197599683    0.4560    1.2257   0.250   13
50409.417    0.250439186290    0.347097601860    0.1027    0.1635  -0.067  150
50413.168    0.452043550875   -0.430300799792    0.1395    0.4382  -0.020   63
50413.168   -1.323522510303    0.610599599682    1.3992    1.1005  -0.383   17
50414.253    0.439536348812   -0.279899997579    0.1851    0.3871  -0.081   33
50420.166    0.173313099112    0.401097599934    0.1574    0.3110  -0.036  115
50421.251    0.551207200931   -0.784299598067    0.3164    0.5297  -0.167    9
50422.332    0.092613583667   -3.056900400011    0.0752    0.1984   0.171  183
50423.420    0.122687906969    0.136800001727    0.6030    0.6280  -0.176   37
50427.055    0.801199708687   -0.057902399675    0.6450    0.7635   0.284   14
50428.249    0.302554728774   -0.411901197950    0.2582    0.4355   0.593   46
50435.251    0.255206194849   -0.205401599729    0.1865    0.3608  -0.226   11
50441.084    0.574584799408    0.342597601488    0.3056    0.5943  -0.092   21
50448.254    0.203687645640    0.009997199868    0.2862    0.5790   0.009   12
50456.253    0.257289679032    0.135097200626    0.2057    0.4034  -0.135   14
50457.272    0.703229638924   -0.197902798149    0.2501    0.5917   0.150   80
50458.831    0.207411185519   -1.147201198037    0.1474    0.2504  -0.122  117
50459.832   -0.167952956711   -0.346499999893    0.1255    0.2070  -0.043  126
50463.254    0.340669265677   -0.195101998557    0.1641    0.2795  -0.116   31
50470.253    0.287960589352   -0.208400397739    0.2878    0.3316  -0.021   26
50471.272   -0.492541592058    1.127199600859    0.1444    0.3005  -0.059   58
50477.251    0.125964768315    0.003999600651    0.1883    0.4163   0.051   32
50477.251    0.116584315986   -0.637199998366    0.2277    0.3811  -0.177   14
50483.168    0.380127494485   -0.232300799397    0.2282    0.5680   0.046   54
50484.253    0.316251854825   -0.555299997984    0.2251    0.4225  -0.127   34
50485.907   -0.498795091526    0.698997602200    2.9973    2.0353  -0.977    3
50490.082    0.745364282628    0.277999201259    0.3228    0.6746   0.032   19
50491.251    0.259226301650    0.084200400252    0.2097    0.3943   0.123   27
50491.251    0.496115020325   -0.012301200059    0.2801    0.6941  -0.616   11
50492.825   -0.276050177435   -2.526400797365    0.6320    0.4606  -0.774    5
50498.253    0.248802583769   -0.241401599510    0.2391    0.3953  -0.186   13
50500.083    1.842718562186    1.241697602339    1.1131    1.0360   0.248   10
50505.251    0.656327783533    0.058798802627    0.4151    0.5829  -0.274   20
50505.251    0.554037383744   -0.776700000316    0.3379    0.5742  -0.267   15
50512.253    0.231678484759   -0.319100397306    0.2228    0.4409   0.049   20
50519.251    0.147555652659   -0.079801199249    0.2297    0.4507   0.102   36
50519.255    0.248506016848    1.732399200094    0.6188    2.8646  -0.796    4
50525.102    0.204284435786   -0.831099598742    0.4301    0.7748  -0.077   92
50526.253    0.494925096338   -0.489801597681    0.1706    0.3838  -0.192   18
50527.272    0.231381917838   -0.423601198918    0.1529    0.4901  -0.061   83
50531.998   -0.166762829596    0.491497201338    0.2439    0.3994   0.029   28
50533.251    0.709333026779    0.525200401569    0.2478    0.5254  -0.141   36
50533.251    0.426879035136   -0.939200397454    0.2971    0.5412  -0.174   18
50539.172    0.831127576681    0.108500402263    0.0432    0.1902   0.038  321
50540.253    0.285430629764   -0.836099998835    0.1718    0.3550   0.103   27
50541.272    0.201157482924    0.983098802365    0.1685    0.3791  -0.153   62
50546.002    0.252526123649    1.135198802160    0.2804    0.3625   0.033   32
50547.251    0.162442702698    0.626997602637    0.1722    0.4113   0.127   31
50547.251   -0.204730911191   -0.283100397525    0.2445    0.5103  -0.310   19
50554.253    0.296747704712   -0.212601600325    0.2156    0.6212  -0.029   16
50555.272   -0.175099813246    1.228698000943    0.1997    0.9135  -0.185   81
50560.082    0.159465861449   -1.066201197730    0.5963    0.9089  -0.411    6
50561.251    0.247462548169   -0.350002797944    0.2977    1.0016  -0.520    8
50568.253    0.148449009726    0.546699600790    0.2185    0.3868  -0.098   17
50569.272   -0.792862725037    1.031097600901    0.1887    0.4684  -0.043   47
50573.998    0.531999820866   -0.030502800286    0.2842    0.4136   0.062   22
50575.251    0.421518892735   -1.034801997690    0.3208    0.7641  -0.057   22
50575.251    0.500882028885    0.629499601246    0.2906    1.0618  -0.434   13
50575.751    0.451893439263   -0.832499998538    0.1397    0.2883  -0.073   81
50582.253    0.305381255283   -0.767001598234    0.2075    0.6691  -0.192   16
50583.272   -0.149488822101   -0.078800399805    0.1747    0.3338  -0.230   80
50588.082    0.118074463199    1.634097602832    0.0572    0.1869  -0.214  298
50589.251    0.159315952964    0.264798001126    0.1906    0.3992   0.006   25
50589.251    0.176589960459   -0.741099597690    0.2895    0.4291  -0.167   11
50596.253    0.073852882136   -1.026702000217    0.2407    0.4302   0.036   13
50596.666  -19.861474455170   -7.079000400267    4.6848   12.0519  -0.392    9
50601.998    0.249545829223    0.372898799839    0.4502    0.6092   0.387   18
50603.251    0.455320412222   -0.115801199030    0.2125    0.3884   0.003   35
50603.251   -0.096333467242    0.044600400173    0.3136    1.0085  -0.443   10
50610.253    0.150978969314   -2.369102399058    0.2683    0.6969  -0.049   11
50616.086    1.561308039222   -0.220499999060    0.7032    0.7939  -0.348   85
50617.251    0.409161802285   -0.890200799475    0.2182    0.4001   0.006   30
50617.251   -0.115094168773    2.078798400618    0.3909    1.4106  -0.576   12
50624.253    0.046008498324   -0.624502798274    0.2116    0.6205  -0.234   25
50631.251   -0.241805635719   -0.282200397450    0.3376    0.6862   0.096   23
50631.755    0.573837897649   -1.078199999682    0.2786    0.6777  -0.224   44
50638.253   -0.059558965939    0.700498801365    0.2407    0.7244  -0.104   14
50639.272    0.680448627465   -0.202802398874    0.3390    0.9338   0.088   43
50643.998    1.514552842267   -0.592901999497    0.5851    1.2957   0.231   24
50645.251    0.544210252881   -0.107402397376    0.2243    0.4478   0.112   33
50646.811   84.621909742391  -45.497001599770    4.6005    8.3495  -0.801    7
50652.253   -0.103333868469    0.592999201743    0.2136    0.7147   0.029   20
50653.272    0.213514573374   -0.966801598778    0.4687    1.5149   0.631   12
50654.331    0.595875460527    0.440398802226    0.0552    0.1558  -0.242  241
50659.251    0.835297795095   -1.262001597624    0.2172    0.4518   0.032   31
50665.168    1.067422958387    0.390999600697    0.2664    0.6731   0.135   41
50666.253    0.430602778144    0.011898002583    0.1760    0.5987  -0.021   33
50671.998    1.003100437065    1.497600002409    0.6117    1.0514   0.419   17
50673.251    0.676725087585    0.051397200096    0.2463    0.3948  -0.033   23
50680.253    0.468867426660    0.840499199839    0.2347    0.6453   0.086   26
50681.272   -0.007890101989   -0.221799599487    0.2218    0.8326   0.314   27
50686.083    0.147108974126    0.141800401821    0.6385    1.0332  -0.109   59
50686.959   60.370732367855   11.761498802088    2.6954    2.6061  -0.469   25
50687.251   -0.145915393834   -0.015400797437    0.2250    0.4556   0.151   35
50687.836   -0.218131470321   -0.240699597853    0.2311    0.3374   0.080   63
50694.253    0.347816122212   -0.040701598891    0.2028    0.6442  -0.095   31
50695.272    0.847804794030    3.116898000499    0.4099    0.9805   0.318   24
50700.090    0.109437459452   -0.871102799493    0.1059    0.3473   0.521  212
50701.251    0.695932467649   -0.356000397161    0.2392    0.4735   0.045   33
50707.000    0.955008860814   -2.573701197761    0.6839    4.9233  -0.670    6
50708.253    0.498795091526    0.626598002285    0.3775    1.3071  -0.513   18
50715.251    0.298681077282    0.445298399754    0.2569    0.4777   0.271   23
50722.250    0.423159151561   -0.614401198717    0.3787    1.4036  -0.465   13
50728.167    0.365537011368   -0.146800798717    0.4197    0.4573  -0.253   14
50729.251    0.442512986933   -0.904100397747    0.2965    0.4866   0.237   30
50736.253    0.232571841826    1.476799201328    0.2404    0.8145  -0.143   24
50742.167   -0.087846575108   -0.501800399633    0.2414    0.3773  -0.138   45
50743.251    0.589621961059   -0.566801997337    0.2197    0.4142   0.191   32
50749.085    0.561184240278    0.233600399824    0.3384    0.5614  -0.066   17
50750.253    0.212324649387   -0.711802799103    0.2076    0.6684  -0.275   19
50751.272    0.226318342358    1.042797601869    0.1619    0.7723   0.148   52
50752.196    2.288955088999    6.237197999681    2.3596    2.2588   0.882   16
50755.706  -11.602150915907   -4.745199599654    0.9114    1.0527  -0.107   37
50757.251    0.142195307131    1.455199202738    0.3018    0.4276   0.099   37
50764.253    0.417498785935    0.268099200440    0.2076    0.5400  -0.058   15
50765.338   -0.000150111613   -0.234201598914    0.8227    0.8041   0.006    6
50770.002    0.282303880030   -0.168699598291    0.1796    0.4071   0.005   16
50771.252    0.944584939805   -0.348699597197    0.3391    0.4151   0.085   23
50773.085   -1.149019487204   -0.552002398990    1.3383    1.7999  -0.456    4
50777.001    0.260266317153   -0.341902797274    0.2691    0.7150   0.374   16
50778.253    0.244932588581    0.138200401523    0.1695    0.5852  -0.205   22
50785.252    0.739557461694    0.632098802100    0.2952    0.6957   0.365   19
50791.085    1.350620195484   -1.059400797487    0.8711    0.7706  -0.384   34
50792.250   -0.174949701633    0.337798800132    0.2260    0.5884  -0.117   18
50793.272   -0.043031657075    1.470499200806    0.1596    0.3687   0.212   37
50797.999    0.655730993387   -0.359902798763    0.2618    0.9255  -0.061   12
50799.219   -1.019181067396   -1.670302798473    0.2365    0.5731   0.345   21
50800.340    0.002830182813   -0.673300797516    0.0554    0.0827  -0.156  294
50805.085    0.946521765552   -1.430301598759    0.1421    0.5544  -0.082   34
50806.166    0.351243095171    0.600098399772    0.1649    0.5184  -0.101   18
50813.168    0.087700119800   -0.058701597183    0.2009    0.3482   0.104   32
50820.250    0.238678885986   -0.053499598351    0.1808    0.5536  -0.160   21
50826.171    0.636373501710   -0.102700798266    0.1698    0.4753  -0.052   52
50827.252    0.653497600720    0.087397199877    0.2660    0.5550   0.416   40
50834.254    0.218428037242   -0.132800397878    0.1910    0.5330  -0.146   20
50840.167    0.499838560205   -0.302900399163    0.2567    0.9228  -0.228   51
50841.252    0.193263724631    0.372600002052    0.2764    0.5364   0.367   23
50843.001    0.182543439829    0.667299601176    0.2491    1.1789  -0.173    7
50847.001    0.001189923988    0.596199601688    0.4786    0.5694   0.120   49
50848.254    0.272773316088   -0.073702797465    0.2222    0.7426  -0.434    9
50854.079   -0.157679147315   -1.989701999960    0.1613    0.7049   0.847  365
50857.001    0.323548822972   -0.045201599264    0.2379    0.4322   0.015   13
50862.254    0.156189000102   -0.119901599049    0.2512    0.4002  -0.072   16
50863.707   -6.922697036751    2.722697999857    1.3673    1.6527  -0.104   24
50869.252    0.488224918337   -0.896101199643    0.2742    0.5729  -0.130   31
50876.254    0.179119920046   -0.342302397627    0.2254    0.3794  -0.200   13
50883.252    0.330395456281    0.191397601768    0.2889    0.5433   0.237   31
50884.271    0.212771327920    0.525099602200    0.2299    0.4970  -0.034   61
50890.254    0.430899345065   -0.302702397548    0.3235    0.4823  -0.159   10
50895.999    0.012507202063    0.221997601102    0.2844    0.3811   0.083   21
50897.252    0.959325534536    0.273499200887    0.3362    0.7481  -0.080   44
50898.271    0.270093244888   -0.711201600012    0.1799    0.4504  -0.077   39
50904.254    0.266669928233    0.652399200263    0.4316    0.5209  -0.167    9
50911.252    0.343649560103    0.681800401736    0.2177    0.5061  -0.056   37
50912.271    0.264436535566   -0.861602399027    0.1520    0.3683  -0.036   33
50917.001    0.082189662658   -0.662000400098    0.3167    0.4410   0.361   20
50918.254    0.427772595331    0.386298001587    0.2374    0.4464  -0.061   23
50919.324    0.642777315918    0.752299202134    0.0512    0.1373  -0.117  418
50925.252    0.631313582534    0.932900400130    0.4177    0.6647   0.281   36
50926.271    0.199667538839   -0.568101597764    0.1989    0.3587  -0.067   66
50932.254    0.212771327920   -1.165301998896    0.2330    0.5593  -0.016   12
50937.999   -0.169739670845    0.282297599696    0.4246    0.5607   0.364   31
50939.252    0.224831851450   -0.347500799336    0.3892    0.7005   0.698   35
50940.271    0.385040958353   -0.401702399344    0.1762    0.5113  -0.090   42
50946.254    0.316698533358   -0.889200000032    0.2571    0.4688  -0.277   46
50953.252    1.349280159884    1.821999600793    0.4352    0.9734   0.298   28
50954.271   -0.200114014244   -0.941702399260    0.1488    0.3463   0.039   73
50960.254    0.490458311004    0.109699200124    0.3171    0.4638  -0.044   15
50967.252    0.041244942942   -0.767901598309    0.3933    0.7182  -0.011   24
50974.254    0.529023182745    0.265100402430    0.2389    0.3459  -0.137   18
50979.999    0.151425647847    0.016498802324    0.2563    0.3826  -0.128   22
50981.252    1.393055062414    0.523400401420    0.5292    1.2709   0.376   41
50982.271    0.240315691635   -0.191102397906    0.1655    0.2272  -0.118   96
50986.997    1.316972443915   -2.202400799334   32.2802   28.0647  -0.998    3
50988.254    0.200857462826   -0.584499597522    0.4167    0.4052  -0.325   10
50989.324   -0.794352872250    1.668999600923    0.0815    0.2965   0.312  371
50989.708   -7.849564946833   15.962299200822    0.5278    0.5694  -0.271   75
50994.167    2.192768077065    8.817800400251    0.8259    2.3025   0.159   56
50995.252    0.188350260763   -1.520402399180    0.4612    0.7129   0.124   20
50996.271    0.461870478610   -0.375101997463    0.2430    0.5248  -0.013   47
51002.254   -0.247612659782    0.163897199812    0.2485    0.3535  -0.183   14
51007.959   -0.181503424326   -0.545702398469    0.2339    0.3687   0.223   35
51009.252    1.018141255021   -0.262299599640    0.4920    1.0807   0.716   36
51010.271   -0.402461624284   -0.381999599952    0.2627    0.2804  -0.316   65
51015.169    0.892176486705   -4.878899997607    0.4303    1.1239   0.030   42
51016.250    0.422115682881   -0.029901597998    0.3925    0.4788  -0.272   12
51023.252    0.602425730043   -1.965902397671    0.3892    0.7730  -0.077   30
51024.268    0.272476749167   -0.555699598337    0.2280    0.6236   0.056   33
51030.254    0.103183756856   -0.526600798167    0.2471    0.4581  -0.170   19
51036.087    0.911977203739   -1.201701599030    0.0450    0.1044  -0.176  360
51037.252    0.013997349276    2.085397202123    0.4359    0.7937   0.152   32
51037.252    0.258629714632    0.858600000697    0.3171    0.4902  -0.182   23
51042.998    1.094970775278   -1.968400799157    1.6562    2.7539  -0.629   16
51044.254    0.059112287406   -0.205901999450    0.2498    0.4313  -0.051   26
51049.999    0.053752145005    0.425898001666    0.2947    0.3652   0.004   29
51051.249   -0.303894764374    2.092597202719    0.5064    0.9798   0.165   25
51051.252   -0.061792358606   -0.714700797744    0.3605    0.4821  -0.411   24
51052.271   -0.598852098648   -0.531601198261    0.4432    0.4484  -0.335   44
51058.254    0.338736096236   -0.152099999795    0.2683    0.4546  -0.133   20
51065.252   -0.019804170210   -0.662000400098    0.2726    0.6747  -0.030   27
51065.811 -291.294955836826 -387.792701998180   43.6083  106.3792   0.618    4
51072.250    0.071619489469   -0.314999997286    0.2384    0.3489  -0.057   23
51073.711    3.090304909299    0.862898402332    2.9381    1.6267  -0.035    4
51079.249   -0.370897153769   -0.174902399763    0.3516    0.7065   0.119   24
51085.001    0.121051101320   -0.558899998282    0.3073    0.3971   0.076   16
51086.254   -0.004316673721    0.135799202283    0.1878    0.3099  -0.153   25
51088.084    0.207110962294   -0.076499999935    0.0664    0.1967  -0.005  200
51091.999    0.196244019056    0.921697201761    0.2723    0.4335   0.290   25
51093.252    0.218131470321    0.341600402365    0.6742    1.5938   0.747   28
51094.271   -0.080402948524    0.109897201739    0.2060    0.3043  -0.187  110
51098.998    0.012210635143   -0.343900799038    0.5556    0.8281   0.117   33
51100.250   -0.437899746291    1.170399601236    0.2720    0.5014   0.002   18
51107.252    0.849294941243    2.804198399886    0.3215    0.9596   0.430   30
51108.271    0.055685314447    0.097498802631    0.1597    0.4109   0.057   51
51114.251    0.340819377290   -0.679499998668    0.3048    0.4299  -0.236   17
51115.712    0.519789185724   -0.076499999935    0.6536    0.7221   0.129    5
51120.000   -0.228851958251    1.212800400907    0.5064    1.0143   0.718    9
51120.168   -0.538403431947    0.870699602018    0.1851    0.4450  -0.110   34
51121.249    0.613146014845    1.195599600123    0.3287    0.7947   0.481    4
51122.268   -0.158722615994   -0.211402799266    0.1776    0.4016  -0.009   72
51123.353   -0.061195568460    0.054399601623    0.3541    0.7306  -0.351   17
51126.709   61.161955037195 -200.056600798959    1.9722    2.8351  -0.314   42
51128.251    0.094696864721    0.174099601935    0.2238    0.4136  -0.086   24
51130.457   -0.657517707520    0.479498402584    0.2516    0.3455  -0.118   31
51135.249   -1.661661613265    3.622899602718    1.0562    1.0825   0.169    7
51142.251   -0.421819115961    0.116100000014    0.1955    0.3542   0.012   24
51149.249    0.047645100845    0.433598401983    0.3360    0.7241  -0.238   29
51155.001    0.006550269516   -0.719099998747    0.3926    0.8487  -0.008    9
51156.251   -0.632653618134    0.757299602228    0.2072    0.3566  -0.098   28
51157.708   -1.760082017866    1.968699600141    0.9055    0.9270  -0.026    7
51162.029    0.642480545869   -0.525700798093    0.5455    0.8248   0.376   82
51163.249   -0.838574453313   -0.229402797558    0.3537    0.5970  -0.186   25
51164.271   -0.278580340150    0.272599200812    0.1727    0.4985   0.032   79
51169.166   -0.056728783126   -0.660099597383    0.0483    0.1278  -0.084  414
51170.251   -0.417052107401    0.228599999730    0.2207    0.3628   0.028   16
51176.164    0.195050438764   -0.153601198960    0.2842    1.1079  -0.150   30
51177.249   -0.677768556264   -0.611902797232    0.6304    1.1522  -0.073    8
51184.251   -0.409905047739    0.051397200096    0.2105    0.3428   0.191   13
51191.249   -0.647987346706    0.858398401959    0.4693    0.9169   0.275   14
51192.272   -0.316848441843    1.046300399921    0.2285    0.5446  -0.136   33
51198.251   -0.685808769865    0.022899602214    0.1596    0.3889   0.000   51
51205.249   -0.784672399823   -0.651700798926    0.8604    2.5145   0.795   14
51206.272   -0.327865496693    1.306400402257    0.3893    2.1739  -0.121    7
51207.042   -0.692955829528    0.387399600399    0.2838    0.4193  -0.123   18
51211.002   -0.744324267125   -0.705002398860    1.4030    2.1185   0.184   36
51212.251   -0.053898600313    0.160498801449    0.3176    0.3949   0.095   21
51219.249   -0.145768735398   -0.619001998459    0.6357    1.4922  -0.242   23
51221.002  -11.114076109182    3.937798800635    1.4313    1.2661  -0.133    5
51226.251   -0.653647712332   -0.318700800150    0.2201    0.3293  -0.198   29
51227.891   17.633865046244  -15.702202798806    4.5816    2.5779  -0.223    7
51228.000   -0.217534680175    1.701900000128    2.6127    1.8293  -0.949    4
51233.249   -0.822047347577    0.080697602201    0.3264    0.9419   0.028   22
51240.251   -1.034368340659   -0.039902398186    0.2090    0.3650  -0.060   20
51240.711    6.835744021838    9.930697202165    1.3989    2.0404  -0.020   34
51246.084   -0.327568929773    0.081198001922    0.0536    0.1924  -0.034  285
51247.245   -2.368911358990    1.213700400982    0.4898    0.7649  -0.428   19
51248.272   -0.304638009828    0.058500001643    0.1611    0.4275  -0.093   69
51253.082   -0.336502500441    1.563199202081    0.2025    0.3065   0.162   13
51254.251   -0.115690958919   -0.183002397236    0.1790    0.2923  -0.072   22
51262.268   -0.027990839120    0.487497600687    0.2132    0.5964  -0.157   20
51268.251   -0.609872606675    0.103399202800    0.1985    0.4355  -0.025   24
51275.249   -3.786684055481  -10.034099998890    2.4470    7.9359   0.953    6
51282.251   -0.640840287044   -0.163702798517    0.2162    0.4567  -0.050   38
51284.084   -0.562524275878    0.170798402621    0.0646    0.1425  -0.247  284
51288.084    0.275453590417    0.779799600892    0.2250    0.2391   0.167   16
51288.208   -0.816240323515   -0.347101198983    0.4857    0.9341  -0.124   19
51290.268   -1.105244381546    3.184297200320    0.8557    3.1217  -0.450    5
51295.002   -1.456634135153    4.094600402738    0.4916    0.6385  -0.217   42
51296.251   -0.924930881208    0.399297599785    0.3047    0.5405   0.130   20
51297.270   -1.203961353068   -1.999501198213    1.3892    3.6765   0.964    5
51302.084    0.279177130297    0.389700000269    0.1887    0.2177   0.156   14
51303.249   -0.308211438096    1.196398800829    0.4651    0.8982   0.181   11
51304.272   -0.233168631972   -1.322801999137    0.2934    0.7738  -0.054   14
51309.086   -0.192520479176    0.153799200575    0.0477    0.2049   0.079  493
51310.251   -0.540190146080    0.160797602433    0.2418    0.4331  -0.124   15
51317.245   -0.702036058632    0.626598002285    0.5942    0.7539   0.077   12
51317.249   -0.292280919378    0.220597201306    0.2068    0.3717  -0.036   29
51318.272   -0.868352209694    1.070197201258    0.3858    0.6463  -0.410   39
51324.251   -0.507728662194    0.268297202055    0.1896    0.3761  -0.041   31
51338.251    0.515622623615   -0.100602000330    0.1971    0.3563  -0.038   34
51338.540   -0.913913826357  -12.041701197774    0.8056    0.9327  -0.321   58
51344.080   -0.814006930848    0.557100001330    0.2268    0.2188   0.181   14
51345.249   -0.075786051578    1.310598001325    0.6910    1.5029   0.431    6
51351.086   -0.887559589759    0.489499202772    0.2606    0.3518   0.653  445
51352.251   -0.348709479279   -0.308800799331    0.2678    0.3188   0.086   13
51354.373    0.973769562345   19.533398402771    1.6468   14.0395   0.656    8
51358.000   16.226512614457  -16.953299999045    1.0724    0.9478  -0.591   27
51359.249   -0.501178595806    1.882299602585    0.8179    1.7418  -0.164    9
51359.249   -0.359429967208    0.329299202306    0.2593    0.5459   0.130   14
51360.268   -0.635926823176    0.855500400121    0.1905    0.3565  -0.214   42
51366.251   -0.459190407410    0.258300002187    0.2310    0.3915   0.222   31
51373.249   -0.943691582739    0.628700400540    0.3473    0.4177   0.137   20
51374.268    0.020250848744    1.767898800153    0.2745    0.7470  -0.127   19
51379.082   -0.219321394309    2.832998402269    0.3007    0.4593  -0.059   12
51380.251   -0.379234137419    0.929300399832    0.2505    0.4057   0.117   31
51385.843   -0.077722877324   -3.877801200147    4.7568    5.8144  -0.885    4
51387.249   -1.431469822542   -1.050001199587    0.7672    1.1010   0.081    9
51388.268   11.678237190710  -72.732600000336    8.8181   48.4916  -0.996    4
51393.082   -0.336055821907   -0.702899997407    0.1078    0.3669   0.797  403
51394.251   -0.363303618701    0.218397600804    0.1796    0.3390  -0.145   28
51400.084   -0.594831991847   -1.656500399250    0.2898    0.9447   0.318   10
51401.249   -0.696379146182    0.461397601725    0.6206    1.3199  -0.416   18
51402.268   -0.630866904001    0.887900402802    0.3723    0.7465  -0.025    9
51406.998  456.804653284016 -551.540401199802   25.6182   30.3473  -0.997    3
51408.251   -0.518449150124    0.353098801398    0.1906    0.4361  -0.100   35
51414.165   -1.304315130239    1.269597601450    0.3024    0.4532  -0.035   16
51415.249   -1.428046302760   -2.017000799981    0.5792    1.4321  -0.154    6
51417.167    1.358067275244    0.930898801244    1.8736   18.1479   0.383    3
51418.164    0.230935239305    1.328900400921    1.6145   11.7086   0.779    9
51422.251   -0.685062071235    0.460998001373    0.1822    0.3800  -0.041   42
51429.249   -1.904360809179    0.347698800951    0.8481    2.3753   0.284    9
51429.249   -0.161102463970    0.775400399888    0.2093    0.3687  -0.097   30
51436.251    0.115690958919    1.099400401117    0.2146    0.3489  -0.054   46
51442.084   -0.855248420613    1.441198801899    0.2541    0.3082  -0.111   16
51443.249   -0.906320291290    0.377899199933    0.3618    0.4302  -0.165   12
51449.166   -0.492245025137   -4.332200400015    0.2045    0.5281  -0.049   16
51450.251   -0.362556716942   -0.300999599645    0.1866    0.3912  -0.011   36
51451.541   20.451543094763   -2.883599998782    2.6116    2.9172  -0.163   36
51456.165   -0.561927485732    0.073799999711    0.2231    0.4028  -0.061   41
51457.249   -0.469017335145    0.930999600612    0.5486    1.1112   0.272   11
51462.999   20.659843981044  -50.217501600258    0.5838    0.8668  -0.652   25
51464.251   -0.376553863090    0.424998001591    0.1604    0.3552  -0.035   32
51470.165   -0.085763090925    0.627699601097    0.2801    0.6105  -0.192   28
51471.250    0.475567604661    5.550498000417    0.5832    2.4848   0.312    9
51473.083   -1.015160960595   -0.814201199262    0.7094    2.1571   0.404   27
51475.088   -0.758021393176    0.335498400261    0.9188    2.6342   0.550   20
51477.083   -0.102887189935    1.819897202537    0.2443    0.3690   0.147   18
51478.251   -0.321165318692    0.796500001954    0.2177    0.4888  -0.007   44
51484.084   -0.225871663825    1.175597999747    0.3500    0.4643  -0.063   63
51485.250   -0.934611353634   -0.022302000247    0.4979    1.1699  -0.195   42
51486.272   -0.265329892633    0.842299199988    0.2506    0.6260   0.317   45
51487.291    0.332929072173   -1.592002798390    0.1910    0.3175   0.236   77
51491.126   -1.079483278789    1.593000000710    0.5689    0.9335  -0.351   17
51492.251   -0.227958601184    0.174398399722    0.1828    0.3807  -0.073   34
51493.292   -1.068019545405    1.303297201360    0.5968    0.6007  -0.654   23
51494.333    0.454573510463   -0.359902798763    1.3046    1.0283  -0.857   13
51498.084    0.403505092963   -0.662799597606    0.1880    0.3189   0.057   14
51499.250    0.001936825746    1.997298000589    0.2302    0.7096   0.206   17
51506.251   -0.218428037242    0.191300402719    0.2820    0.3972   0.249   42
51513.246    0.041094831329   -0.329799598831    0.4313    0.6623   0.115   18
51519.083   -0.394124640634   -0.296301597658    0.2817    0.3813   0.421   23
51520.251   -0.220364862988    0.181800002252    0.1609    0.2578  -0.071   26
51526.000    5.340394903331   -0.547599597667    0.2935    0.4881  -0.221   45
51527.250    0.135791696050    1.187298000715    0.5261    0.8191  -0.488    5
51528.269   -0.274413574914   -0.056199598575    0.4217    0.6830  -0.110   12
51533.086   -0.337692424428   -0.288899998324    0.0354    0.1114  -0.285  419
51534.251    0.080849627058   -0.373402799880    0.2216    0.3173  -0.055   24
51541.250    0.018017456077    3.294097199813    0.4544    3.0448  -0.129    7
51542.269   -0.412585118939    0.248299201999    0.4415    3.5520  -0.020    5
51548.252   -0.097226824309    0.170499601637    0.2069    0.3549  -0.149   27
51554.085    0.890983109541    2.564298002738    0.2830    0.3715   0.219   13
51555.253   -0.148148786501    0.193500000023    0.5168    1.0997  -0.121    4
51556.269   -0.129091518049    0.419997601497    0.3937    0.8566  -0.165   13
51562.252   -0.034841331861   -0.020699998515    0.1855    0.3622  -0.025   28
51569.250    0.043774902529   -0.710200797371    0.5246    1.4484  -0.385    4
51570.999   -0.934908123683    4.517697601614    0.5099    0.6598  -0.177   34
51575.072   -0.596768817594   -0.962002797422    0.1663    0.2878   0.440  425
51576.252   -0.178523129900    0.291898802729    0.1483    0.2730  -0.008   48
51578.001    0.955902217881    0.261698400550    0.7955    0.7268  -0.554   10
51582.001    1.006974088558    1.298700001939    0.3779    0.7071   0.086   85
51582.085    1.929968347147   -1.554299997508    0.8021    0.8800  -0.548    7
51583.250   -1.195771027854    2.208798002101    0.5314    1.0827  -0.117    5
51584.999    0.388764498233   -1.665000000273    0.5522    0.7777  -0.332   10
51589.083   -0.052411906277    0.580399200700    0.4167    0.4346  -0.048   12
51590.252   -0.473334211994    0.170600401006    0.2452    0.3066  -0.066   28
51602.710  -21.057988728479   74.891300402768   10.1315    5.4193  -0.721    6
51604.252   -0.251332543357   -0.305600399386    0.2530    0.3347   0.081   27
51611.250    0.275156820368   -0.884199599938    0.3276    0.5198  -0.261   13
51617.079   -0.130728120570    0.305398800649    0.0391    0.0967  -0.117  497
51618.252   -0.122541248533    0.735699600440    0.2304    0.3332   0.026   21
51620.001    3.312899711777   -6.987700798788    0.6522    1.2874   0.353   36
51625.250   -0.513535686256   -0.071002797242    0.2350    0.5342   0.096    9
51631.083   -0.909743607944    0.413197201254    0.5253    0.5243  -0.145    9
51632.252   -0.142045195518    0.598399202190    0.2624    0.4265  -0.225   39
51646.252   -0.267266718379    1.025499602036    0.2672    0.5159  -0.242   25
51653.246   -0.379680815952    0.281599201557    0.2854    1.1054   0.353    5
51653.250   -0.077426310403   -0.343501198685    0.4002    1.5105  -0.587    9
51659.083    0.055092180605    0.859500000772    0.3584    0.5027   0.182   10
51660.252   -0.704716129832    0.230997601847    0.2166    0.6155  -0.053   20
51673.083    0.460680554623   -0.226799999581    0.3735    0.5250   0.176   14
51674.252   -0.130134986729   -0.101800798191    0.2323    0.4420  -0.007   39
51680.001    7.525272878407   -3.761002798797    0.5691    0.8159  -0.117   62
51687.087   -0.725263545497   -2.242000799413    0.0488    0.1780   0.338  233
51688.252   -0.290193982019    0.168397200184    0.2333    0.3461  -0.109   45
51702.248   -0.753704719455   -1.774101598429    0.2783    0.6564   0.276   33
51715.079   -0.265626459554   -0.916401597806    0.4124    1.1430   0.347   15
51716.252   -0.201303938232    0.009698402081    0.2752    0.3428   0.174   40
51723.246   -0.141151838451    0.224499599710    0.3739    0.3879   0.472   40
51731.249   -0.133408191771    0.292399202451    0.3592    0.3421  -0.230    9
51732.286   -0.277240101422   -0.491799599445    0.0845    0.2110  -0.019  250
51736.227   -0.128048049370    0.207698402477    0.3049    0.3156   0.183   36
51738.266    0.125221522861    0.356698801696    0.3112    0.7137  -0.283   30
51744.252   -0.446533093734    0.174999602010    0.2099    0.3122  -0.092   18
51750.085   -2.880363764191    0.092700001275    0.5812    0.9077  -0.024   24
51758.252   -0.351389550479   -0.464601598793    0.2306    0.3162  -0.194   22
51766.583   -2.218675635130  -14.159602799069    1.6630   10.6465   0.833   11
51771.083   -1.381591329030    0.317199600985    1.8425    1.3432   0.187   12
51772.252    0.134601772063   -0.581302797897    0.3770    0.5371  -0.024   13
51774.246   -0.462020590223   -0.527500798242    0.4707    0.7015  -0.120   10
51778.224   -0.368066970956   -0.129902399237    0.2877    0.3533   0.286   35
51780.273   -0.502668743018    2.479798801502    0.2823    0.5881  -0.419   36
51786.252    0.193413836243   -0.580301998454    0.4239    0.5375  -0.111   23
51787.337    0.777078864756    0.005000400094    0.8045    0.9947   0.284   22
51792.001    0.162889381231    1.205798401926    1.7527    2.3286  -0.547   11
51794.708   25.046573715465   26.058697200071    7.4260    5.3061  -0.199   66
51800.252   -0.129388084970    0.435297602763    0.2288    0.5098  -0.207   15
51802.075    0.779758935956   -0.302702397548    0.5606    0.9633  -0.017   20
51806.228   -0.462913947290    0.123199201241    0.2918    0.3313   0.189   40
51808.266   -0.899770224901    2.133399600979    0.3535    0.6796  -0.058   49
51808.478   -2.925775269242   10.820700000025    0.3892    1.1073   0.316   24
51813.226   -0.763381738705   -0.116801998473    0.3829    0.5284   0.480   33
51814.252   -0.187607015309   -0.282801599738    0.1910    0.3434   0.028   40
51820.166   -2.375758195427    3.110597999978    0.2103    0.4260  -0.123   45
51827.083    2.461521286352   23.064397201722    5.9778   11.4455   0.960    3
51828.249   -0.469464013678    0.296100002117    0.2629    0.5562  -0.173   13
51829.271   -0.411395194952   -0.612899999552    0.1738    0.3240   0.471   26
51834.162   -1.181327203173    1.201698001907    0.1958    0.3467   0.232   43
51836.266   -0.077276198791    0.025498799872    0.2430    0.5108  -0.242   42
51841.083   -0.505048590994   -2.197501198609    0.0368    0.0987  -0.029  251
51842.252   -0.186266979709    0.137797200850    0.2541    0.3359   0.085   51
51843.290    1.618483500882   -8.004002398465    0.4530    1.5802   0.552   25
51848.228   -0.634440332268   -0.433900800090    0.2818    0.3816   0.207    9
51850.266   -0.487034791221    0.246499201850    0.4935    0.9314  -0.126   22
51851.288    0.652307676732    0.543697202460    0.3242    0.7425  -0.030   10
51856.252   -0.193860514777   -0.764999999348    0.4414    1.8975   0.297    3
51861.709 -176.794703151204  144.586497600230    6.2450    4.0942  -0.298   89
51862.082   -2.010224637236   -0.976600800229    0.1948    0.3873   0.021   12
51870.249    0.028141153860    0.396000000791    0.2053    0.2892  -0.024   30
51876.228   -0.032311169146   -0.182501997514    0.2785    0.4630   0.269    9
51883.083    0.018163911385   -0.122900400257    0.0436    0.0961  -0.140  155
51884.252   -0.454426852027    0.661698001991    0.2956    0.3137  -0.551   12
51885.286    0.096187011934    2.129299200959    1.0291    8.0719   0.765    9
51885.998   -0.802393288979    2.488298402525    0.9979    1.9365  -0.193   31
51890.228    0.644267463131    0.133397999846    4.1884    0.8368  -0.050    4
51892.266    0.654837636320   -1.384599599774    0.3161    0.6550  -0.013   34
51897.084    0.502965309939   -0.310899597267    0.4675    0.4318   0.180   29
51898.249    0.013400559130   -0.259401597802    0.1591    0.2602   0.073   42
51912.249   -0.062088925527   -0.316702798386    0.1530    0.2846  -0.102   27
51918.085    0.310741397683    0.343098001210    0.3745    0.3804  -0.137   20
51920.266   -0.985086637293    0.976698002475    0.3948    0.7527   0.148   15
51926.249   -0.008637003747    0.412099202762    0.1885    0.3833   0.015   25
51927.334    1.055215979549    0.320698801914    0.9809    1.0261   0.698   10
51932.224    1.749508188373    1.612198800061    0.1749    0.2774   0.052   10
51934.266    0.439536348812    0.094798802408    0.4993    1.1695  -0.077   29
51939.084   -0.214407930441   -0.802202397310    0.0917    0.2269   0.099  296
51940.249   -0.176736415767    0.184197601172    0.1628    0.2398  -0.096   21
51946.224    0.609722698190    0.155397601986    0.2193    0.3988   0.027   10
51948.266   -1.192940845041   -0.844001997891    0.2210    0.4529  -0.308   30
51953.080   -0.043178112383    0.393998401904    0.3891    0.6151   0.541   33
51954.249   -0.320868548644   -0.863200797241    0.2285    0.3114   0.030   35
51955.268   -4.747646192538   -0.337802397254    0.4346    0.4918  -0.325   11
51955.271    8.745461520241   39.965198401859    1.0054    6.9983   0.757    8
51959.709   61.342861671375   63.491000402749    6.8152    6.9866  -0.209   10
51960.082    1.184307497598   -1.151999999394    0.6560    0.7875  -0.323   13
51962.266    0.962305828961   -1.758301197441    0.2166    0.5868  -0.360   43
51968.245    0.219618164357    0.063900002090    0.2195    0.2456   0.244   17
51974.224    0.898576644609   -0.954100798367    0.1395    0.3269  -0.280   23
51976.266   -1.176413536177   -1.638399598392    0.3908    0.9594   0.146   43
51981.080   -0.068342424995    0.129798002746    0.0433    0.1247  -0.059  320
51982.245    0.457850371809    0.673700401066    0.1743    0.2398   0.118   29
51988.082   -0.341416167436   -0.187599599855    0.2269    0.2794   0.074   30
51990.266   -0.477800997328   -3.725002799015    0.2190    0.7647  -0.024   29
51995.223    0.452490229409    0.928299600389    0.5254    0.4587   0.070   27
51996.274    0.182543439829   -0.386902797800    0.4591    0.4595   0.328   35
51997.264    0.444299701067    0.893998801388    0.3443    0.4312  -0.217   28
52002.082   -0.521726011470    1.025697600454    0.4382    0.5340   0.112   24
52004.266   -0.125517886654    0.609397201501    0.4580    0.9675   0.348   44
52009.168   -0.051815319259    0.001198801058    0.0407    0.0931  -0.005  400
52010.249   -0.291834240844   -0.085402798433    0.2618    0.2974   0.007   21
52016.228   -0.097673502842    1.851699600053    0.1360    0.3393  -0.228   23
52018.266   -0.447279995492    3.176398801585    0.4150    1.0016   0.127   50
52018.288    1.560861360689   14.269197602701    1.1268   10.1091   0.827   10
52024.249    0.069386096802   -0.158201998701    0.1627    0.2410   0.007   32
52031.247    0.063875639661   -0.435999598025    0.2126    0.3173   0.019   35
52032.266    0.661984695982    1.819497602185    0.4707    0.8048  -0.252   46
52037.226    3.802167895665   -2.844399599056    0.3814    0.6967   0.096   15
52038.245    0.189393729443   -0.064501197983    0.1733    0.2582  -0.084   25
52039.272    0.472887533461   -2.439802798193    0.0303    0.1026   0.215  269
52044.228   -8.027941621425    3.095899201000    0.4418    0.8358  -0.780   12
52045.247    0.416905652093   -1.122202797887    0.1266    0.2105  -0.081   29
52046.266   -0.165569452432    0.299700002415    0.3399    0.7449   0.030   41
52046.288    0.247462548169   -6.585299998108    0.3612    0.8267   0.400   19
52051.226    0.107947312239    0.479498402584    0.2099    0.4184  -0.118   13
52052.245   -0.170929594832    0.022798802846    0.1076    0.2192  -0.002   33
52054.079   -0.894556537808   -0.392101199509    0.6960    0.8608   0.208   20
52059.247    0.602725750140   -0.337802397254    0.1955    0.3439  -0.233   29
52060.266    0.403651548271    0.366300001531    0.1841    0.4621  -0.110   26
52065.080    0.067895949589    0.562597200826    0.2896    0.5909   0.496   17
52066.245   -0.607042423862    0.028699199817    0.2094    0.2691  -0.232   39
52067.286   -0.321165318692    3.962998802720    0.3677    0.9691   0.542   23
52067.334    0.747597675295    0.356997602680    0.7986    0.9886  -0.052   12
52072.228   -0.136088262971    0.384897601791    0.3584    0.3839  -0.176    9
52073.247   -0.110927606664    0.006699600874    0.1688    0.2776  -0.061   25
52074.266    0.234061989039   -0.423201598565    0.3870    0.5845  -0.282    7
52074.708  -46.318223472627  -10.554901199455    5.0475    3.8629   0.573   51
52080.249    0.297194383245   -0.113601598528    0.2979    0.3224  -0.306   29
52081.264   -0.148895485132    0.208699201920    0.1864    0.4359  -0.200   19
52086.225   -0.284687384310    2.119899599862    1.5258    2.8386  -0.911    4
52087.247   -0.106607276639   -0.182102397162    0.1903    0.2750  -0.249   21
52088.266    0.043925014142   -2.267701198022    0.6615    1.1605   0.481   28
52093.248    0.072066168002   -0.021200398237    0.1550    0.2199   0.047   31
52094.267   -0.131174799104    0.780998401950    0.4986    0.5830   0.571   16
52096.083   -0.218578148854   -0.468701998813    0.0754    0.1559   0.213  218
52100.225    0.484801398554   -3.263601600167    0.4456    0.9726  -0.632   12
52101.247   -0.073105980377   -0.150202797400    0.2040    0.2899  -0.148   21
52102.266    0.168249523632    1.855699200703    1.1143    2.8233  -0.457   35
52107.226   11.342924614257   -8.598200398069    0.8312    0.9017  -0.261   11
52108.249    0.578751361517   -0.761101198066    0.2602    0.3399  -0.173   24
52109.268   -0.004170218413    0.031298400671    0.3441    0.3255   0.369   18
52114.079   -0.233765422118    0.256698000456    0.3972    0.5630   0.006   12
52115.251    0.099013538443    0.195199200803    0.3611    0.4055  -0.392   12
52116.263    0.411842076613   -2.177999997954    0.6986    0.6824  -0.200   21
52122.249    0.369557118168    0.228599999730    0.1657    0.2221   0.072   36
52123.265   -0.298384307233    0.751500001428    0.4110    0.3103   0.000   10
52128.082   -0.721096780260    0.050497200021    0.3680    0.3690   0.196   21
52129.251   -0.604809031195   -0.782801999222    0.1884    0.3520   0.065   41
52130.266   -2.182941149330   -0.573299999473    0.7354    1.1592   0.325   17
52135.223    0.266223249700  -15.630602399597    0.6068   13.8989  -0.649    5
52136.249    0.094546753109   -0.149201997957    0.1524    0.2632   0.079   30
52137.268   -0.004170218413    0.291297600441    0.2133    0.2847   0.312   26
52142.228    0.311188076217   -0.739601998845    0.3271    0.7075  -0.390   13
52143.251   -0.190583653430    0.509900400303    0.1543    0.2236   0.007   34
52144.266   -0.691615793928   -1.056099598173    0.4192    0.9959  -0.135   26
52149.227    0.026951026745   -1.187301597838    0.2501    0.4678  -0.247   12
52150.249    0.041838076783   -0.283201200091    0.1385    0.2073  -0.017   38
52151.268   -1.090800556865    0.363297600003    0.3123    0.3771   0.229   18
52155.998    0.356303217475    0.702097202776    0.4793    1.0703   0.005   64
52157.251    0.384744391432    0.509799600934    0.1780    0.3701  -0.206   42
52158.266   -1.033028305059    0.236098801309    0.4406    0.9605   0.103   29
52163.227   -1.241036077597    3.541399202689    0.3020    0.4701  -0.096   18
52164.249   -0.086059657846   -0.113101198806    0.1330    0.2767   0.012   37
52165.265    0.299277867428    0.545900400084    0.3602    0.3501   0.153   14
52171.251    0.564457648448   -0.275900400126    0.1834    0.2930  -0.280   31
52172.267    0.030671113448    0.817898401806    0.5515    0.6374  -0.149   13
52177.081   -0.503115421552    1.135997999668    0.3016    0.4075   0.242   19
52178.249   -0.228105056492   -0.367700398130    0.1862    0.3279  -0.112   24
52179.268   -0.392784605033    0.454100402081    0.3197    0.3493   0.242   21
52184.082    0.011317278076    0.339598800281    0.2694    0.3772   0.340   17
52185.248   -0.156489223327    0.290599202302    0.2542    0.3598   0.058   56
52186.267    0.266820039846    0.029998800244    0.3102    0.7089  -0.299   18
52192.249    0.009677019250    0.115199999939    0.1685    0.2233  -0.088   28
52193.290    0.073256091990    0.052498802106    0.4027    0.7581   0.181   13
52193.703   -7.723450066905  -75.201602398067    3.9163    4.6618  -0.055   86
52198.166   -2.028238640136    1.003399200528    0.3038    0.4010   0.165   37
52199.251    0.027397705278   -0.046101599338    0.2240    0.3087   0.161   27
52200.267   -0.781845670187    5.503100400972    0.3675    1.2388  -0.500    7
52201.289    5.120480375181  -11.216199597897    0.6530    2.1860  -0.742    7
52205.227   -1.378017900762   -0.726202800294    0.2645    0.5424  -0.262    6
52206.249    0.022484241411    0.194400000098    0.1594    0.2747  -0.036   35
52207.265    0.378937570498    0.285800400945    0.3175    0.3110   0.048   11
52212.082   -0.108544102385    1.832900401055    0.0566    0.3160   0.315  217
52213.248   -0.326228894172   -0.050601599710    0.3042    0.4420  -0.028   36
52213.459    2.612203688745   -0.949499998626    3.3494    2.3011  -0.202    9
52214.267   -0.741644195925    2.384899199726    0.5229    2.4052  -0.410    7
52219.227   -1.450380432558    0.505699200914    0.3223    0.5939  -0.049   13
52220.249    0.067895949589    0.005299201078    0.1515    0.2378  -0.088   24
52221.268   -0.058962175793    0.274698001945    0.2423    0.3192   0.011   17
52226.137   -0.413478679134    1.103097600463    0.6863    1.3689  -0.339    4
52227.240   -0.696675713103    0.776998801300    0.2263    0.4849  -0.422   24
52228.267    0.439983027345    0.014997599962    0.1763    0.7123  -0.283    9
52234.249   -0.149638933714   -0.124700397208    0.1485    0.2611  -0.098   29
52240.086   10.249890664725   10.199998800786    6.7659    7.1505   0.904    4
52241.251   -0.467230621011    0.189799200356    0.3495    0.5064   0.372   24
52242.267   -0.154105719048    0.035197201953    0.2438    0.3675  -0.104   26
52242.712  -27.769254676037   33.814998001702    1.2859    1.7562  -0.338   40
52247.227    0.194903983456    0.272098801091    0.2618    0.5946  -0.569   12
52248.249    0.322505354293    0.427500000200    0.2053    0.3267   0.217   35
52249.265   -0.482568005887    0.691200002834    0.4023    0.3751   0.052   12
52253.999    0.397844727337   -0.201801599431    0.6399    1.2432  -0.100   41
52254.170    0.275753610514   -0.909899998547    0.5360    0.7131  -0.003    7
52255.248    0.311338187829   -0.114699600218    0.3499    0.3608  -0.637   19
52257.081    0.621039773138    0.079398001773    0.5038    0.4911   0.140   16
52262.250   -0.029631097945   -0.250401600255    0.1470    0.2643  -0.205   30
52263.269   -0.382807565686    1.275598800987    0.3617    0.5035  -0.114   21
52271.249   -0.151425647847    0.040197602047    0.1700    0.2317  -0.294   54
52278.269   -0.125814656703    0.177300001880    0.1579    0.2737  -0.054   24
52282.203   -0.278730248635   -1.054202398976    0.2925    2.0361  -0.609    5
52285.271    0.087253441266   -0.056602799248    0.1489    0.2577  -0.013   30
52289.205   -0.476164394807    0.783597602805    0.3474    0.7492   0.177   12
52291.250   -0.312081433284    0.170398802268    0.0618    0.1767   0.226  296
52292.269    0.100503685656   -0.281901599664    0.1630    0.3444  -0.209   24
52297.204   -0.287513910819    0.772898401280    0.2319    0.3965  -0.140   12
52299.271   -0.109884137985    0.287600401094    0.1697    0.1994  -0.184   32
52303.205    0.082636341191    1.380398400386    0.4740    0.7147  -0.218   18
52304.224    0.196837356026    1.012197602535    0.2008    0.4147   0.202   41
52306.269   -0.095293654867   -0.250502399624    0.2020    0.2998  -0.154   27
52309.999   91.525102832156  -56.270199597463    4.3624    2.8633  -0.878    6
52310.203   -0.591855353726   -0.535402797297    0.2044    0.7256  -0.079   24
52312.245   -0.915254065086   -5.453701199443    1.1707    2.8371   0.152    9
52313.268   -0.395017997700    0.695797202255    0.1714    0.2573  -0.198   25
52317.205   -0.056131992980    1.315497602050    0.2517    0.8178   0.112    7
52318.228   -0.777228773240   -0.125801999218    0.4343    0.4722  -0.182   36
52320.269   -0.216044532962    0.023900401658    0.1355    0.2580  -0.007   21
52325.204   -0.292577486299    1.240700400018    0.3153    0.6336   0.006    5
52326.712  -62.722369516222   32.210600401328    4.5675    4.2424  -0.277    6
52327.271   -0.549717053718   -0.217101597499    0.2702    0.2865  -0.350   10
52331.201   -0.659304421654    1.406797200332    0.4252    0.6842  -0.397   14
52334.270   -0.423009039948   -0.477201599836    0.1669    0.3393  -0.299   34
52338.203   -0.483161139729    1.042797601869    0.3771    0.5822  -0.175   25
52339.222   -0.114647490240    0.714600001572    0.3974    0.8494  -0.672   64
52340.245   -0.360623547500    0.357098402048    0.0353    0.1068  -0.127  393
52341.271   -0.284983951231    0.180597600874    0.1689    0.4436  -0.048   23
52345.205   -0.191777233722    0.242100000847    0.2104    0.3476  -0.028   19
52346.228   -0.938034873417    2.391199200247    0.2435    0.2655   0.095   40
52347.250   -9.124845566145   32.380498800677    1.0871    3.1523  -0.869    6
52348.270   -0.007743646680    0.121500000461    0.2214    0.3538   0.412   17
52352.203   -0.624016411259    1.393999200872    0.3628    0.8552  -0.351   11
52355.271    0.103183756856    0.148698001112    0.1967    0.2783  -0.358   20
52359.201   -0.315654861551    0.562899602130    0.2896    0.6776  -0.192   20
52360.250   -0.427029146749    0.077000402854    1.3139    1.9933  -0.412  177
52361.269   -0.485248077088    0.591699601316    0.1648    0.4537  -0.075   14
52367.208   -0.839317901895    0.818798401880    0.6779    1.0313  -0.710   18
52368.241   -0.468867223532    0.936799201412    0.2139    0.6014  -0.100   47
52369.271   -0.309104795162    0.044298002067    0.1505    0.2645  -0.205   26
52373.205   -0.237188738773    0.202500000768    0.3317    0.5833  -0.195   17
52374.228    1.742361331838    1.116097201859    0.5031    0.3998   0.234   45
52376.270   -0.305381255283    0.113598001406    0.1859    0.2960  -0.257   41
52380.203   -0.155295643035   -0.022802399968    0.2841    0.4745   0.298   15
52382.252    5.393700369802    3.490498801995    1.6945    5.5923  -0.665   25
52383.268   -0.223938291255   -0.320702399037    0.1880    0.4337   0.152   29
52387.205   -0.499095314751   -1.012899597796    0.3339    0.5834  -0.289   11
52390.270   -0.176289737233    0.245700001145    0.2176    0.3950  -0.099   25
52394.207   -1.569645022872    0.193597202269    0.2720    0.6073   0.091   24
52397.271   -0.422858928335    0.312199200891    0.2037    0.4046  -0.133   16
52402.228   -0.442663098546    0.199497602438    0.2179    0.3474  -0.171   19
52403.251   -0.328758853760    0.023997600707    0.0397    0.1128  -0.087  343
52404.270   -0.336352388828    0.187099200133    0.2932    0.4572  -0.337   18
52410.242   -0.258332944583   -0.412001997319    0.3921    0.5344   0.067   37
52411.272   -0.631610149455    1.412899202435    0.2114    0.4256  -0.042    7
52418.270   -0.384444168207    0.526100401643    0.2451    0.3262  -0.245   26
52421.710  -23.729897838471   10.571497200829    2.4162    2.1120  -0.428   25
52424.249   -7.809809947976   17.269099200234    2.5541    7.7569  -0.973   17
52438.245   -0.931334492288   -1.843700398751    0.4134    1.6081  -0.317   65
52439.272   -0.411991985098    0.343198800579    0.2498    0.4044  -0.230   21
52444.228    3.831498973513   -0.662201998836    0.7834    0.9589   0.260   55
52445.251    3.363971582454   -5.582300397933    0.5858    0.7327  -0.081   28
52451.226    0.063725731176    0.409399202539    0.3008    1.1786  -0.200   92
52458.268   -0.291237450698   -0.776602798069    0.3741    0.4860  -0.239   10
52465.226    0.738070767657    0.669200400694    0.3425    0.7086  -0.314   55
52466.245    0.169589559232    0.455097601204    0.3799    0.7336   0.599   34
52471.688   21.933337886223   17.624898001856    4.3739    3.3302  -0.045    7
52473.251    2.630517711743   -2.305400398583    0.3393    0.4332  -0.024   19
52474.270    0.135641584438   -0.380602797279    0.2672    0.4071   0.062   13
52480.253   -6.171079254655    0.705697199876    0.1261    0.2955   0.010  293
52488.270    0.260712995686    0.884498400922    0.3139    0.5297  -0.252   14
52492.708  -24.585149915389  -43.644401999643    3.1232    2.6341   0.376   12
52493.226    1.387548261577    0.989899202608    0.7568    0.8892  -0.164   80
52501.251    0.435069563478    0.052898402458    0.3382    0.5187   0.124   23
52516.270   -0.107947312239   -0.838601997444    0.1626    0.7610  -0.060   19
52519.999    0.916147422152   -0.252201597206    0.7494    1.0189  -0.277   83
52529.251   -5.914683135818    0.157298401504    0.2996    0.5314   0.040   30
52535.226   -0.226915132504   -0.326800797623    0.3245    0.3019  -0.434   98
52543.244    0.293320934881   -1.135900797422    0.1524    0.3451  -0.636  224
52556.228   -0.328015608306   -0.227199599934    0.1823    0.2761   0.283   66
52557.251    0.488374826821   -1.260899998812    0.3360    0.2421   0.104   19
52563.226   -0.280963844430   -0.324500397753    0.4756    0.4524  -0.097   23
52564.242   -0.185076852593    1.045998001814    0.1186    0.2513  -0.025   88
52565.243   -0.230488560772    0.435297602763    0.1561    0.1997  -0.071   93
52566.236   -0.083976376792    0.708800400773    0.1651    0.2486  -0.123   70
52567.241   -0.058218930339    0.318600000782    0.1147    0.2162  -0.142   62
52568.241   -0.221851557024   -0.131000397730    0.1010    0.1565  -0.022   84
52569.238   -0.178226562980    0.595097999678    0.1507    0.2758  -0.160   55
52570.243   -0.289300624952    0.064800002164    0.1710    0.2837  -0.232   72
52570.707   36.335896296330  -14.365501198199    3.8267    2.7350  -0.393    6
52571.244   -0.052411906277    0.171399601712    0.1640    0.2878  -0.068   79
52572.237   -0.008637003747   -0.087400800197    0.1704    0.3310  -0.196   68
52573.242   -0.104373680844    0.753598802561    0.3085    0.3353  -0.022   65
52574.242   -0.846168191509    0.380300402369    0.1791    0.2781   0.122   58
52575.236   -0.399484986162    0.589399201445    0.1815    0.3271   0.122   64
52576.244   -0.279473697217    0.338799602773    0.1486    0.2368   0.170   88
52577.245   -0.009230137589    0.221598000749    0.1612    0.2674  -0.202   97
52578.242   -0.547036779389    0.154299600297    0.1540    0.1876  -0.156   91
52584.228   -0.056131992980    0.018000001489    0.1830    0.2544   0.304   53
52585.247   -0.091123436454    0.469497602396    0.2682    0.6142  -0.188   34
52591.223    0.351986340625   -3.485699997441    0.3307    0.6154  -0.126   10
52592.249    0.671068378263   -1.079002797510    0.2129    0.1934  -0.033   37
52596.997   -0.244185686823    0.960897601487    0.3390    0.3871  -0.376   15
52598.225   -0.456660447822    0.157698001857    0.3701    0.4957  -0.167   28
52599.244    0.189243617830    0.252500401388    0.3110    0.3248  -0.437   12
52612.228    0.527086356999   -1.621101598559    0.6159    0.9681  -0.251   45
52613.244   -1.427896191147   -1.227599999254    0.0934    0.4472   0.191   65
52620.246   -0.595875460527   -0.427600799568    0.0996    0.1984   0.070   94
52626.225    1.720177313653    0.150498001261    1.6316    1.1104   0.567   59
52627.291   12.027243236909  -34.282202398472    0.5301    1.5296  -0.889    8
52646.204   -0.249992507757    0.181699199686    0.1175    0.2039  -0.150   31
52648.249   -1.180287187670    1.433700000320    0.5112    1.3506  -0.678   14
52653.202   -0.541380070068    0.822297602809    0.4902    0.6240  -0.603    7
52660.124   -0.443853022533    0.243698402258    1.0830    1.4821  -0.277    4
52661.205   -0.009380249201    1.138100401121    0.2718    0.3502  -0.059    5
52662.227   -0.964389110016    0.215697600581    0.6368    0.9666  -0.406    6
52667.206   -0.756084567430    0.303897601484    0.1275    0.2960  -0.016   20
52668.221   -1.396331923760   -0.786301200151    0.1859    0.2534  -0.050   27
52669.244   -0.433879436362    0.281397602819    0.6322    0.9715  -0.251   13
52674.208   -0.265480004246    0.479599201952    0.3803    0.3600   0.192    7
52675.227   -0.383997489673    0.283798802059    0.2123    0.3244   0.010   26
52681.206   -0.573094652195    0.105498000735    0.1378    0.4533   0.227   13
52689.205   -0.362556716942   -0.283899598230    0.0995    0.2233   0.035   30
52695.206   -0.320271961626   -0.297500398716    0.1064    0.3402   0.100   28
52697.251    3.503040139850   -6.163801197445    0.6381    1.8712  -0.770   12
52702.204   -0.343649560103    0.220698000675    0.0978    0.2391   0.018   42
52709.206   -0.415712071801   -0.383900399470    0.1222    0.2798  -0.086   29
52711.248    0.283347348710   -0.958201198387    0.0575    0.1888   0.174  168
52716.204   -0.224384969789    0.204897599687    0.1096    0.2284  -0.051   21
52717.223   -0.469017335145    0.742698002298    0.2011    0.7489  -0.065   95
52723.202   -0.314761504484    0.675597600264    0.1439    0.3106   0.079   22
52724.229   -0.048538457912    1.004598001586    4.6866    3.6800   0.963   15
52730.204   -0.394867886088   -0.052102798875    0.1450    0.3073  -0.060   16
52737.202   -0.472440854927   -0.135100797749    0.1155    0.2743  -0.071   20
52738.221   -1.450083865637  -16.099401597458    0.3667    1.1074  -0.077   40
52739.303    1.346303318635    3.404998801315    0.3323    0.2699   0.025   16
52739.584    7.991760253963  -51.176501999350    2.4107    2.2470   0.303    3
52744.204   -0.180459955647    0.277999201259    0.1427    0.2082   0.134   16
52751.202   -0.302701184082    0.323398802138    0.1009    0.3203  -0.004   39
52758.204   -0.360026757354   -0.508301998892    0.1213    0.2967  -0.016   21
52765.202   -0.202197498427   -0.057700797740    0.2973    0.3303   0.007   19
52766.225    3.452861626241   -2.909102398974    0.2039    0.6779   0.031  152
52767.244   -0.185076852593    0.280998002467    0.0591    0.1168  -0.062  318
52772.204   -0.252822690570   -0.062701197834    0.1091    0.2298  -0.034   25
52773.234   -2.242646570577    0.406299601963    1.5649    1.1715  -0.115    6
52779.206   -0.248059338315    0.040100399801    0.1685    0.2864  -0.032   33
52780.225   -0.710226383846    0.038199600283    0.4462    0.3631   0.243   32
52780.587 -125.538692854839  -18.426301198460    1.9207    1.5362   0.133   20
52787.205   -0.251632766582   -0.093801600087    0.1859    0.2936   0.246   26
52788.250    0.347369443678    0.667299601176    0.6000    1.1365   0.034   19
52793.206   -0.546740212469    0.588600000739    0.2073    0.2957  -0.278   16
52800.204   -0.180906634180   -0.303602397622    0.1776    0.4461   0.082   15
52807.206   -0.834700801820   -0.464799597211    0.2698    0.2845  -0.049    7
52807.586    3.649698779139   17.518798802030    3.2765    2.3958  -0.063    8
52808.225    0.088293253641   13.635198001083    0.4078    1.2780  -0.328   17
52809.248   -0.216641323108    0.194400000098    0.0794    0.1823   0.051  206
52814.204   -0.799266336118    0.544100399935    0.1773    0.2905  -0.187   27
52821.206   -0.209047788040    0.279399601055    0.1809    0.2889  -0.124   19
52828.204   -0.201007371311   -0.004301998757    0.1737    0.3624  -0.085   25
52830.246   -0.470060803824    0.184100402123    0.0530    0.1052  -0.152  386
52835.203   -0.165569452432    0.848397601771    0.1440    0.3029  -0.122   25
52836.222    0.009977242476    0.840600002405    0.3173    0.5238   0.058   37
52836.583  -69.059761468763   52.026897599688    1.8252    1.4655  -0.459   56
52842.204    0.023524053786   -0.138002399908    0.3196    0.4157   0.178   20
52849.206   -0.458593617264    0.571899599677    0.2789    0.3771  -0.242   14
52856.208   -0.285580741377    0.461498401094    0.3709    0.2588   0.278   15
52863.206    0.149342366793   -0.629200800262    0.3597    0.7763   0.365   18
52864.225   -1.827827855843   -1.424300399222    1.1380    2.2119   0.096   16
52870.204   -0.269946789580   -0.258299998990    0.2817    0.3874   0.237   24
52877.203   -0.719159954514    0.217299602312    0.3724    0.5009   0.086   30
52885.205   -0.388167708087    0.135097200626    0.1360    0.2239   0.037   24
52891.203   -0.418838821535    0.302997601409    0.1870    0.3193  -0.318   25
52892.583  110.379603198769   20.401599600106    8.5327    7.3590  -0.725    9
52898.205    0.228405279717   -0.213202799415    0.1906    0.2467  -0.207   17
52899.224   -0.718116485834   -1.537502397397    1.4407    1.5055  -0.213    4
52900.250    0.309848040617   -0.174801597197    0.0408    0.0900  -0.250  239
52905.206    0.836787942307   -0.128501999441    1.0695    0.5409  -0.695    5
52906.225    0.768891992718    0.247399201925    0.3954    1.0642  -0.198   35
52912.205   -0.136388486196   -0.147401997808    0.1461    0.2722  -0.160   12
52914.586   -7.750401093649   -4.440502797465    1.2754    1.3367   0.049   24
52919.203   -0.133854870304    0.420800402523    0.1413    0.2414  -0.132   16
52921.241   -0.161995821036    0.127800000982    0.3541    0.2626  -0.088   18
52926.205   -0.291980696153    0.162097199663    0.1464    0.2251  -0.210   12
52927.238   -0.121051101320   -0.163101599426    0.2999    0.7586  -0.068   28
52933.203   -0.405291807097    0.354898801547    0.1341    0.1921  -0.306   21
52934.240   -0.721543458794    0.806400002773    0.3381    0.4635  -0.186   21
52940.205   -0.378937367370    0.470898002192    0.1467    0.3579  -0.088   30
52941.227    1.903317340500   -0.335699998999    1.3785    1.7191  -0.144   17
52947.203   -0.189690296363    0.334998000540    0.1705    0.3227  -0.052   14
52949.245    0.580688187263    0.320497199979    0.7309    0.8073   0.669   19
52954.227   -0.297787720215    0.821797199890    0.1353    0.3275  -0.072   26
52955.224    0.001636602521    0.234000000177    0.4935    0.6809   0.045   18
52955.582  -20.486830902029    7.876598400713    1.2559    1.2135   0.122   29
52961.203   -0.445193058134    0.266399999660    0.1655    0.2594   0.036   14
52962.229   -0.365236788143    0.917899199848    0.3720    0.5169  -0.248   11
52963.245   -0.546443645548    0.035697601675    0.4970    0.6058  -0.301   10
52968.205   -0.325782215639    0.383598001363    0.1845    0.2403  -0.138   14
52975.203    0.022780808332   -0.320500800299    0.1414    0.2285  -0.145   28
52976.229   -0.230338449159   -0.279802798531    0.3097    0.3420  -0.035   41
52977.245   -0.151575759460    0.936500400428    0.5195    0.6126  -0.278   12
52983.227    0.117030994519   -0.240001199714    0.0929    0.2019  -0.060   27
52989.229   -0.308954683550   -0.098002799476    0.2223    0.3639  -0.072   10
52990.229    0.463060402598    0.050698801957    1.4460    1.4309   0.740   24
52991.252   -0.325335537106   -0.085301999064    0.0498    0.0792   0.018  247
52996.205   -0.270690035034   -0.163400397213    0.1235    0.1873   0.038   34
53003.203   -0.134004981917    0.496098001079    0.0998    0.1655   0.007   33
53010.205   -0.332628848948    0.413899199714    0.1433    0.2026   0.018   20
53017.203    0.094250186188    0.605397600850    0.1526    0.2206  -0.182   13
53018.226   -0.087996483592    1.385697601464    0.6895    0.7109   0.307   62
53025.206   -0.127154692303    1.181300401498    0.1337    0.4536  -0.092   13
53031.203   -0.381914208619    0.948200401396    0.1129    0.2975  -0.105   27
53046.226    1.660171669180    1.771797601435    0.5295    1.1744  -0.035    8
53047.245    1.286447785775   -0.329601597215    5.0218    3.2115  -0.974    4
53054.250   -1.891406928582    2.067199202216    3.7989    2.5109  -0.927    4
53065.873   -0.198773978644   -1.248400800336    1.1629    2.7348   0.332   11
53066.585  -24.095881528372   18.085597202244    2.1329    1.7897  -0.040    9
53068.250   -1.731344276988   -0.133801197322    0.0928    0.2517   0.075  191
53101.583   -4.417547303177   -5.848300797240    0.8686    0.8782  -0.033   58
53102.230    0.618506157246   -0.593499598267    1.2919    0.9409   0.524   53
53115.229   -0.449960066693   -0.294400798140    0.1760    0.3529  -0.231   59
53122.205   -0.262946388353    0.575100002820    0.1386    0.4599  -0.078   54
53125.576   -0.349009702504    1.322798402015    0.2298    0.4873   0.059   28
53134.021    0.511602516814    5.886799201704    0.1617    0.3908  -0.018  135
53138.247   11.642799068702  -24.959001598290    0.4299    0.9912  -0.920    5
53145.581  -31.818885119872  -24.272999997166    3.7219    3.4845  -0.013   12
53178.205    0.057918707114   -0.966002398073    0.2305    0.9097  -0.086   10
53200.230   -1.316822129174   -1.450000797831    0.5125    0.7819   0.160   45
53201.256   -0.108393990772    0.178398000372    0.0767    0.1970  -0.235  193
53243.249   -0.524702649591    0.041799600581    0.1186    0.1824  -0.073   94
53284.226    0.114350923319    0.721299602446    0.4512    1.3452  -0.426  119
53318.206   -0.089486630805   -0.010900800262    0.1234    0.7836   0.094   39
53340.226   -4.341911363212   -0.811800000022    0.8159    1.3284  -0.015   14
53347.225    0.136981620038    1.055098801928    0.5019    0.5854   0.104   35
53348.251   -0.668834985596   -0.145000798568    0.4436    0.8523   0.064   20
53374.206   -0.197137376123    0.140997600795    0.3454    0.2879   0.100   32
53381.207   -0.130878232183   -0.015400797437    0.2066    0.2693   0.003   26
53397.249    0.853015027946    2.759097599991    0.9647    1.9851   0.461    6
53404.247    0.174503023100    0.726397201589    0.5180    0.7066   0.149   12
53417.225    0.503562100085    0.901699201705    0.9563    2.0161   0.062   11
53444.206    0.130728120570   -0.189701998110    0.1826    0.2128   0.024   48
53452.223   -0.099460216976    2.692098000523    0.5281    0.8666  -0.018  205
53460.248   -2.434573712784   -6.917101199022    0.1135    0.2578  -0.038   79
53467.246    2.963296672304    0.461797202078    0.1202    0.2454  -0.060   51
53516.584    2.644068382486   32.654599200654    4.9325    3.2612   0.823    7
53528.206   -0.312381656509    0.250498802501    0.2357    0.2665   0.167   52
53535.204   -0.487778036675    0.091299601479    0.2339    0.3279  -0.202   41
53537.582   -4.437948263534   -7.889500799863    1.5918    1.3209   0.477   18
53550.223   -0.826960811445    0.126097199882    0.7023    0.5249  -0.032  123
53551.250   -0.033351184649   -1.259902799688    0.0626    0.2767   0.196  250
53557.207    0.150085612247    0.696898801067    0.1881    0.5263   0.274   97
53565.586   -0.129388084970   -0.726602397449    1.1230    1.0253   0.119   23
53591.204   -0.061938813914    0.417200402225    0.3461    0.3562   0.180   50
53607.250   -0.636227046402    4.505198399940    0.0856    0.1441  -0.146  289
53647.208    0.283197237097   -0.957801598034    1.0105    1.0077  -0.639   55
53661.204    1.499812247537    0.348598801025    0.4039    0.4843   0.167   54
53662.227    0.385040958353    1.809597601365    0.2876    0.4433   0.097   67
53668.206    1.644391262075   -1.182700798097    0.9242    1.0540  -0.565   61
53704.242   -0.331735491881   -0.191300399521    0.2433    0.3330  -0.001  199
53710.203    0.262946388353   -0.401399998040    0.1843    0.4307  -0.224   45
53711.225    0.715586526247    0.179697600799    0.0888    0.1347   0.026   58
53725.226   -0.033797863182    0.379198800360    0.3775    0.5619   0.278   59
53745.205    0.242995762835    0.284497200198    0.1785    0.1560   0.018   49
53774.227   -0.883986161491    4.116798000098    0.2480    1.0479   0.007  197
53780.207   -0.139068557397   -0.265499999585    0.1903    0.2344   0.084   91
53794.229   -0.026354236599    0.059400001717    0.1711    0.3166   0.014   76
53801.205   -0.205474359773    0.010998002509    0.1430    0.2225  -0.075   67
53836.207   -0.006403611080    0.924598800722    0.2273    0.3872   0.328   60
53844.206    0.069682663723    0.900500400647    0.1593    0.4904   0.175   63
53850.203   -0.525896229883   -0.979801200174    0.1629    0.4656   0.112   86
53858.202    0.237038830288   -0.194302797851    0.2030    0.3023   0.212   93
53871.205    0.592005465339   -0.220201198076    0.2723    0.4736  -0.149   45
53879.226    0.372237189369   -1.314601199098    0.2092    0.3408   0.142   77
53884.997    0.329355643906   -1.554202798459    0.2685    0.8888  -0.006  297
53906.203   -0.480481068528   -0.647999999259    0.5021    0.4838   0.576   77
53914.224    1.154079406379    0.005497202693    0.2357    0.3102  -0.121  177
53928.228   -0.129538196583   -0.348602398148    0.2022    0.2612  -0.222  171
53941.205    0.072362734923   -0.015699598421    0.1747    0.2151  -0.061   94
53949.226    0.657814477569   -0.757202399981    0.1889    0.3261   0.096  342
53964.581   17.347987737947   -4.759700400214    5.6493    4.1295   0.786    6
53969.238    0.465443906877   -0.534200399116    0.2236    0.4362  -0.066   61
53982.993    0.750724425029   -4.094600399540    0.1861    0.5045  -0.118  498
53990.207    0.189990519589    0.098798399861    0.1366    0.3484   0.061  175
53992.249    0.721096983388   -0.173199598663    0.1268    0.1459  -0.038  151
53998.228   -1.672978891341   -3.049700399416    0.1533    0.3751  -0.225   20
54013.251   -1.825594463176    0.143499602601    0.2742    0.6349  -0.800   13
54020.749    5.841126820603   -4.399401598221    2.3289    1.9778  -0.449    5
54054.224    0.249545829223   -1.188302397281    0.2216    0.9113   0.019  191
54055.251   -0.534083101921   -1.182502799679    0.2978    0.4567  -0.169   32
54081.205   -0.369557118168   -0.244501200086    0.2636    0.3481   0.211  105
54082.228    0.239718901488   -0.287002799126    0.3085    0.4101   0.111   22
54108.997   -3.299352697339    2.818699200446    0.3359    0.9106   0.143  227
54111.583   -8.519142974755   -3.716402398624    0.5408    0.5045  -0.336   31
54116.207    1.118941507597    0.113097601684    0.2759    0.1768   0.217   84
54123.209   -0.140855271530   -0.672699598425    0.0812    0.3311  -0.450  183
54139.583    8.359973883355   -0.671302798949    0.6115    0.5641  -0.108   22
54150.994    0.135495129130    1.253700001413    0.3934    1.1348   0.098  425
54153.251    1.389184864098    2.768900401762    0.1871    0.1307   0.140   40
54174.582  -10.177081251268    2.475097202392    0.9279    1.0396  -0.384   10
54208.207    0.129688308195    0.254898000307    0.1777    0.1777   0.187   68
54209.584   -4.133310253705   -8.883802797399    3.5274    2.4912  -0.773    5
54236.225    0.135048450596   -0.000500399722    0.1572    0.2733  -0.055  176
54244.582   22.832364865670    5.985799200303    1.5746    1.0418  -0.348   19
54270.208   -0.278730248635   -0.116200799383    0.1596    0.1759   0.180   99
54272.582   -6.744023795238    1.404997200183    1.8406    1.7400  -0.073    7
54273.583  -10.229493157545    4.492998002448    0.6846    0.7325  -0.033   60
54277.206   -0.122987927066    0.133297200478    0.1888    0.2096   0.224   37
54279.251    2.003374347622   -4.009100398861    0.1605    0.2709  -0.036   72
54300.578    1.263070187297    3.433100402361    0.9945    1.0898  -0.016   30
54305.206   -0.202794085445   -0.395999997593    0.1999    0.2359   0.074   42
54313.227   -0.191180443576   -0.243399598077    0.2057    0.3578  -0.031  167
54326.208   -0.071319266244    0.068799602815    0.2168    0.2352   0.202   50
54335.580    2.487429047545    3.540898799770    0.8297    1.0624  -0.370   32
54356.250   -0.973172772199   -5.923900800298    0.1969    0.2146  -0.084   47
54356.582    6.650817077729   -5.839401599061    0.6913    0.9120  -0.175   66
54391.580   -2.063826670628   -9.090100800080    0.7458    1.0947   0.008   70
54398.250   -0.172716308966    1.063598399753    0.2320    0.2742   0.354   49
54410.208    0.055985537672    0.042098401565    0.1495    0.1134   0.016   92
54412.637    4.756880189559   10.784797202490    1.3241    1.6130  -0.295   17
54431.206    0.261756464366    0.605397600850    0.2353    0.2149   0.528   50
54432.225    0.093803507655    0.069800402258    0.1280    0.1965   0.031  192
54433.288   -0.634290220655    0.330098399814    0.1585    0.4719  -0.371   10
54440.250    0.084273146840   -0.447602399944    0.1027    0.1906   0.054  203
54447.248    0.481524537208    1.126800000506    0.0860    0.2392   0.042  116
54447.584   -0.948011912765    3.101000400463    0.7806    0.8765  -0.387   51
54461.208    0.080402948524   -0.148701598235    0.1106    0.2571   0.087   62
54473.206    0.410948719546    0.191898001489    0.1807    0.2290   0.447  125
54485.559   -4.049927010755   -0.345502797572    0.5847    0.8931  -0.079   45
54502.225    2.443207263355   -2.787699597562    0.2593    0.3187  -0.297  106
54510.582    4.595774069285   13.213799999789    0.8349    1.3767  -0.390  115
54517.248   -0.021737339652    0.153399600222    0.1450    0.3645   0.195   92
54529.207   -0.017867344464    0.209897999781    0.0752    0.1733  -0.095  133
54538.582    3.493806345957    1.786597199782    0.7965    0.8215  -0.152  121
54543.207   -0.013103789081    0.503197202306    0.0732    0.1694  -0.004  140
54551.209    0.182096761296   -0.112301998101    0.1078    0.1667  -0.077  184
54558.226    0.427625936895    0.259099199695    0.4349    0.8508  -0.742  172
54566.250   -0.126114676800    0.637099202194    0.1830    0.3617  -0.162   26
54573.581   -7.649600841073   10.249700400422    1.0598    0.7244  -0.243  231
54579.209   -0.558950847611   -0.113900399512    0.1751    0.2298   0.145  126
54601.584   -1.040475384819    2.901200399918    0.7240    1.5281  -0.023   52
54606.209    0.866118817027   -0.021599998590    0.3120    0.3188   0.020   26
54608.250    0.050178716738   -1.631199597796    0.1696    0.6827   0.283   21
54614.207    0.137578410184    0.993297600971    0.3123    0.7076  -0.523   67
54620.209   -0.009530360814    0.271998001722    0.0828    0.1913  -0.038   94
54635.542    8.116831665212    2.403000000584    0.6413    0.5794  -0.238   34
54636.583    2.298782219862   -2.467799999550    0.4513    0.4668  -0.210   77
54642.226   -0.434772793429    0.496098001079    0.4954    0.5885   0.162  193
54656.230    4.480083110366   -2.550801598744    0.5765    0.6801   0.154  167
54657.249    0.046305065245    0.171997200482    0.0965    0.2055  -0.093  221
54662.209    0.103333868469    0.905497200421    0.1464    0.2167   0.087   62
54677.224    3.076157448410    1.362798002447    0.3242    0.6906  -0.225  191
54706.579   -8.570808182401   -1.871701197231   10.8606    5.5681   0.817    4
54710.999   -0.573837897649    2.509797601746    0.4140    0.9152   0.067  215
54719.239   -0.089933309339   -0.638200797809    0.1926    0.3857   0.088  248
54733.224   -0.476014283194   -0.705301199844    0.1685    0.2614   0.098  242
54746.209    0.116880882907    0.536299200249    0.2273    0.3521   0.071  108
54782.226    1.736554510904   -1.142701197665    0.1941    0.2987  -0.136  217
54783.581    2.534034132888   -1.062899998416    0.5569    0.6581  -0.124   76
54788.209   -0.000446678533    0.204300000917    0.3583    0.5200   0.274   52
54797.998   -1.682655707463    4.982997601743    1.2629    2.0444  -0.622  248
54810.208   -0.185523531127   -0.025700398609    0.0905    0.1518   0.088   96
54817.228    0.067449271056   -0.836499599188    0.2135    0.6748  -0.236  204
54847.584   -8.802636778773    7.207297200651    0.8745    0.8708  -0.158   43
54850.999    5.488547346136    9.229399200095    0.1897    0.5228  -0.203  173
54866.226   -0.939971699163   -0.451400398660    0.1864    0.3225   0.012  228
54895.581   -3.518820546956   -6.393002399463    1.2105    1.3960  -0.359   10
54915.999   -1.101817408587    1.291500001344    0.4678    0.7882  -0.294  120
54972.580   -0.636970291856    0.963799200449    0.4780    0.6712  -0.428  120
54985.207   -1.128171848314    0.509400000581    0.1461    0.0967   0.160  153
54993.582   -4.195249067620    3.744799200334    0.4486    0.5654  -0.133   89
55028.584   -2.182644379281   -4.525599597471    0.4769    0.5966  -0.190   59
55032.999    1.955579338292   -3.637501199449    0.4090    1.2085   0.374  106
55063.582    1.345706528489   -6.438801597497    0.7428    1.0900   0.047   21
55125.229    1.200387924801   -1.978102798361    1.1060    1.5777   0.182  234
55147.582    0.265776571166    3.794799600954    0.7484    0.9816  -0.009   67
55153.229   -0.571904728208   -1.167001199676    0.8349    1.6048  -0.601  216
55181.229   -0.878179340557    0.340498800355    0.2092    0.4753   0.260  285
55210.584   -2.551901477352   -4.727199598165    1.1797    0.7853  -0.180   62
55230.227    1.478671698031   -1.803599998951    0.2125    0.5364   0.307  184
55231.250    0.271583392101   -1.799301597316    3.0471    5.1934  -0.109    3
55237.229    0.964539221628    0.953697600892    1.2598    0.8653  -0.641   10
55238.248   -2.060253242361    0.422899200458    1.8891    1.2998  -0.885    9
55258.227    0.551653879464    1.155697201938    0.3611    1.1320  -0.079   28
55269.707   24.979124444410  -30.293301598405    1.5880    1.1109   0.141   82
55285.895   -2.119958663608    1.277899200858    4.0576    2.9758  -0.983    4
55321.229   -0.338585984623    0.026298000577    0.2972    0.4392  -0.174   38
55335.229    1.218701947798   -0.100900798117    0.4353    0.5175  -0.189   88
55336.248   -1.113581365196   -3.319700399373    0.4243    2.0552  -0.025   59
55342.209   -0.329802322440    0.670298402383    0.1253    0.4274  -0.121  145
55343.250   -9.875870214399    7.786699202228    3.5891    2.3597  -0.487    8
55370.228    1.339453029021  -15.070899600289    1.1169    1.3117  -0.201   28
55371.250   -0.695335677503   -0.925801198903    0.1513    0.2972   0.051  255
55383.000   -0.420479080360   -0.264301198527    0.4261    1.0117   0.373   40
55413.250    0.065512445310   -0.039099597160    0.1097    0.2538   0.225  192
55434.581  394.455560769538 -199.587099599441    2.0081    1.8710  -0.300   73
55445.999   -1.062659403004    2.458598400068    0.3645    1.6169  -0.080   67
55461.230    0.109140892531    1.797699601980    0.6724    1.1035   0.080  123
55475.230   -0.602575638528   -1.286902798725    0.5146    0.8192   0.183  107
55517.230   -2.164330356283    4.294998002052    2.9753    4.7431   0.569  150
55525.791  -17.561948989854    8.461098001433    3.7473    2.1253  -0.488    5
55525.999    0.448620031093    0.563400001852    0.4367    0.7812  -0.001   27
55574.581   -1.674168815328    6.096297601133    0.5051    0.7151   0.076  109
55578.997    0.226468453971   -0.527799599226    0.4490    1.3186  -0.463  127
55594.228   -0.061792358606   -0.239702398730    0.2730    0.3760   0.205  130
55595.251   -0.745217827320   -1.918601997275    0.9659    0.7811   0.271   14
55601.230   -0.232571841826    0.469897202748    0.5227    0.4020  -0.507   19
55602.249    0.294960990578    0.081198001922    0.8547    1.4108   0.063    4
55644.249   -0.721690117230   -0.522100797795    0.2536    5.2663   0.215   54
55666.270   -1.842865017494   -0.050000397422    0.5543    1.1498  -0.019   40
55700.582 -720.861610817088 1640.088900002112  184.4216  173.4468  -0.058    5
55706.228    0.708143102791   -0.663001199541    0.4680    0.9343   0.109  126
55746.997    0.292130807765    6.069999600555    0.6152    1.4747   0.101   76
55809.999   -0.191477010497    0.027698400373    0.4494    1.2514   0.031  162
55812.582    5.741666603627   -7.698301199710    0.7830    0.7430   0.189  102
55840.713   -7.258899517094    0.965797202213    5.7594    3.9104  -0.099    3
55846.229    2.465691504765    2.648098802638    0.8354    3.0761   0.127  300
55867.190    0.537359963267    0.123397202856    3.0930    1.1831  -0.833   11
55874.229    3.149116973479   -6.809201999047    3.6410    4.2750  -0.815    5
55881.231    0.953372258293   -0.761302800001    1.1089    0.8134  -0.560  288
55882.250   -0.067745837977   -0.562802399884    0.7513    1.4310  -0.048  147
55882.582   90.514258545283  -72.089902799277    4.4942    3.0411   0.191    5
55909.227   -0.216194644575    0.908798399735    0.2778    0.3994   0.556  283
55938.582   -2.220462349263    1.959300002241    0.7877    0.6391  -0.251  113
55942.998    0.272626860780    2.940098401538    0.5460    1.4374  -0.325   67
55972.229   -0.496861922084    0.748897200253    0.2941    0.7356   0.071  366
55973.248   -0.893663180742   -0.396802798619    0.6963    1.0946   0.284   19
55986.229   -4.181698600005    2.985897602770    2.6055    2.5686  -0.404   10
55987.248   -2.659401907929    7.928298002113    0.8982    1.7062   0.015    5
56014.229   -0.759808107310   -0.149302797325    0.2606    0.3080   0.117  276
56015.248   -0.394271299070   -0.344401198760    0.5144    1.1370  -0.123  124
56029.584    8.401218826297   15.400897200735    0.7706    1.2754  -0.056   59
56056.229   -0.227808489571    0.448200001912    0.2728    1.1139   0.452  263
56057.248    0.076829520257   -0.990802799805    0.5050    1.1094  -0.132  251
56064.582   24.514573894599   18.018298801792    2.8632    1.7338   0.101   11
56092.582   -0.974512807799   -8.923802397831    0.7783    1.6575   0.309   98
56112.229   -0.555377419344   -0.008499597826    0.3086    0.7560  -0.028  140
56120.582    1.489091962735   -0.976701599598    3.7906    2.9297  -0.023    9
56133.227   -0.811176748035    0.137498399866    0.3627    0.8133   0.241  360
56174.000    0.161699457244    0.811800000022    0.2090    0.9812  -0.186  131
56182.229   -1.433406648288   -1.097902799074    0.7254    0.5170  -0.031  428
56183.584    3.278058379916   10.027198802476    3.9715    2.9864  -0.012    8
56217.228   -1.685932771937    1.058299201873    0.4176    0.5323   0.079  186
56238.230  -11.071044452107    6.632697600750    7.3923    4.6723  -0.987    4
56239.249   -0.559990659986    0.228297601623    3.1252    2.3773  -0.942   14
56245.228    2.677122797085    3.532500001313    0.5153    1.0154   0.697  221
56246.250   -1.319502403503   -0.943001999687    0.6660    0.7640  -0.206   13
56246.583    3.177258127339    0.875300401759    3.1575    2.2415  -0.121    8
56254.001    0.896493363555   -0.288701999906    0.6604    1.2889   0.120  105
56274.583    8.709876942926    5.725198801443    0.7655    0.9645  -0.087   65
56314.001   -1.595999259471   -3.119799599460    0.4937    1.3020   0.245  176
56456.583    0.151129080927    3.123198001020    1.2203    2.9192  -0.020   85
56491.582   17.906638362332  -32.847299999972    2.0241    3.4515  -0.129  128
56626.286    0.423009039948    5.671299602739    0.3022    1.5685   0.334    6
56628.225    0.195797340523    4.091299200226    0.5383    2.8953   0.802    7
56632.269   -0.362260150021   -1.588899597493    0.2909    1.0729   0.088    9
56634.263   -0.153508928902    1.113397201635    0.2771    0.8857   0.021    9
56636.257    0.055685314447   -0.842601598094    0.2736    0.9660   0.035   13
56638.251   -0.280516962769    0.464400000055    0.2780    1.0182   0.125   11
56641.243    0.396804914962    2.274699599880    0.2490    0.9441   0.188   13
56650.206   -0.050028401997    0.473400000800    0.1252    0.3774   0.236   64
56660.269   -0.013550467615   -0.211301999897    0.3305    0.6085  -0.178   13
56667.270    0.165719564044    0.368499602033    0.1397    0.2914  -0.080   68
56783.497    0.022930919944   -0.254901597430    0.2063    0.1795  -0.692  135
56784.497   -0.801646387221    0.560998802612    0.3080    0.2208  -0.919  386
56785.498    0.204430891094    0.003697202544    0.0702    0.0771  -0.026  288
56786.499    0.098716971522   -0.135201600315    0.0766    0.0824  -0.271  230
56787.500   -0.068492536607    0.008697602638    0.0708    0.0826  -0.021  210
56788.501   -1.625480245803    0.821199601120    0.3778    1.4360  -0.080  207
56789.498   -0.068342424995   -0.262501198378    0.0633    0.0721   0.009  194
56790.498   -0.211877970853    0.052999201827    0.0713    0.0849   0.190  293
56791.499    0.131028343796   -0.172400397958    0.1471    0.1163  -0.016  329
56792.500    0.272030070634   -1.311699600137    0.3960    0.8649  -0.111  243
56793.497   -0.416308861947   -0.213699598817    0.0787    0.0895   0.386  276
56794.498   -0.002976638121    0.047599201380    0.0690    0.0741  -0.151  246
56795.499   -0.076232730111   -0.152701198886    0.0764    0.0834  -0.123  138
56796.500    0.096333467242   -0.296701198010    0.0730    0.0906  -0.199  208
56797.500   -0.197584054656   -0.039301199095    0.0816    0.5023  -0.211  266
56842.291    0.000000000000    0.050400000973    0.1959    0.3596   0.333   34
56850.498    1.028711631338    0.315698401820    0.3532    0.4049   0.232   23
56851.499   -0.101843721256    0.493700402160    0.3432    0.4095   0.085   21
56857.500    0.331735695009   -0.424299600255    0.2913    0.3884   0.053   46
56858.501    0.038414760129   -0.198100799764    0.2568    0.3031   0.086   45
56875.792    0.007146856534   -0.024800398535    0.1633    0.3459   0.293   36
56878.498   -0.993720187864   -0.921902397621    2.0638    1.3357   0.814    8
56879.503    0.342009301278   -0.548099997388    2.2225    1.4595   0.838   10
56885.496    0.237785528919    0.122997602503    0.1236    0.2497   0.187   65
56886.501    0.076829520257   -0.208601999674    0.1388    0.2705   0.230   71
56899.496    0.247612659782   -0.047401199765    0.2899    0.3854   0.159   30
56900.501   -0.040944719716    0.295398000461    0.2772    0.3873   0.312   29
56901.790    0.136088262971    1.073599199941    0.3127    0.3836   0.300   30
56904.665    0.422858928335    0.246600001219    0.2235    0.5152  -0.148   15
56905.662   -1.262030171794    1.373799602078    0.2684    0.7078   0.044   15
56906.659    1.127725169780   -1.589500799781    0.2456    0.6113  -0.025   15
56907.656    0.615976197658    4.017798001499    0.3205    0.7560   0.016   13
56908.412   -1.232695640770   -4.151501999772    0.6610    0.8305   0.450    9
56911.645   -1.334539362026   -0.970300799708    0.2290    0.6489  -0.026   15
56912.642   -0.717970030526   -1.040399999752    0.2401    0.6661  -0.025   16
56913.639   -1.668512106007    0.004500000372    0.2513    0.8094  -0.262   12
56914.636    0.385337525274    0.145699199905    0.2505    0.6136  -0.037   16
56915.399    0.164529640057    0.571399199956    0.3844    0.8020   0.298   11
56917.627   -0.308808228242    1.061600401187    0.2448    0.6821  -0.168   15
56918.625   -0.773505233360   -2.527801197161    0.2547    0.6723  -0.042   16
56919.603   -0.711862986367    1.850497201872    0.2385    0.6530  -0.050   15
56920.619   -2.791323608792    6.639199200009    0.2754    0.5866  -0.217   16
56921.616    0.085019845471   -5.725501199549    0.3365    0.8936  -0.148   10
56924.790   -0.289004058031   -0.124700397208    0.3541    0.9789  -0.273   10
56934.498    0.162592814310    1.931000402777    0.2768    0.9619   0.157   10
56935.499    4.371392552673   -4.619199598821    0.3318    0.7971   0.055   13
56939.250   -0.204134324173   -1.337601597484    0.2104    0.4281   0.057   36
56941.496    0.515919190536   -0.248201999753    0.3258    0.6280   0.331   35
56942.501   -2.639601394024    4.291898401476    0.3493    0.5973  -0.109   40
56945.792    0.526936245386    0.591897599733    0.3013    0.5221   0.076   21
56948.498    0.822940704644    0.570297601143    0.3332    0.4302   0.095   45
56950.168   -0.193563947856    0.847799999804    0.2928    0.4848   0.141   44
56962.502    0.654390957787   -1.480600797166    0.1654    0.3335   0.272   68
56963.503    0.913317239339    0.358898402197    0.1806    0.3388   0.220   70
56976.498    0.322058675759    1.205899201295    0.5507    0.6840   0.480   15
56977.499   -1.138595566195   -2.099401200084    0.6039    0.7211   0.458   14
56983.497   -2.311289218797   -3.530199598245    0.3884    0.6664   0.299   31
56984.501    0.546740415597   -1.634302798692    0.2933    0.3964   0.123   46
56990.498    1.469141337217   -1.740600000133    0.1871    0.3446   0.187   75
56991.503    1.420006089158    2.546600402553    0.2184    0.5066   0.431   46
56997.497    0.149042143568   -1.303199999114    0.5131    0.6316   0.356   17
56998.501   -0.415862183414    0.449398799773    0.5519    0.6825   0.466   19
57004.498   -0.772611876294   -0.151502397827    0.2472    0.3261   0.037   47
57005.499    1.037348635085    1.046397602167    0.2774    0.3783   0.215   46
57006.792   -0.033351184649   -1.530302399999    0.1985    0.4287   0.386   47
57011.610    1.471821408417   -2.249200800009    0.3935    0.5327   0.013   30
57012.501   -0.365236788143    0.195300000172    0.2751    0.3695   0.120   47
57032.290   -1.322925720157    3.181597200097    0.5882    0.7769   0.413   31
57039.497    0.338736096236   -0.457700399181    0.2257    0.4437   0.214   45
57040.501    0.031418015207    1.280898002065    0.1954    0.3663   0.306   69
57046.499    8.552794382629    1.953298802704    3.9507    2.6063   0.911    8
57047.499   49.213031264628   35.167899600452   10.2017    6.9635   0.984    4
57053.511   -3.911455243504   -7.955600399256    3.7253    8.1696   0.981    9
57054.501    6.037520951272    6.703498802452    2.5906    5.3683   0.963   13
57057.230   -1.308335237040    0.007498801580    0.2016    0.4091   0.196   67
57060.342    0.567137719648    1.400198402024    0.2134    0.4106   0.168   59
57061.291   -0.209941145107    1.537200002488    0.1772    0.3314   0.268   65
57062.230    0.161549345631    1.490698802797    0.1828    0.3435   0.377   67
57067.289   -0.127008033867   -0.549802798488    0.1771    0.3809   0.168   63
57068.289    0.427625936895    0.119098801221    0.1630    0.3205   0.254   66
57069.228   -0.282600446951   -1.135702799004    0.2800    0.4106   0.186   37
57072.249   -0.004763352255    0.313297202581    0.1708    0.3428   0.209   59
57074.290   -0.142045195518   -0.161701199630    0.1655    0.3143   0.128   63
57075.291    0.646500855798   -0.621000000223    0.1848    0.3742   0.119   63
57076.394   -0.981513209026   -3.159500398908    0.1964    0.3876   0.058   65
57078.228    0.568477755249    0.571698000940    0.1607    0.3498   0.107   68
57079.229   -0.080849627058    0.473000400447    0.1700    0.3454   0.154   66
57081.289   -2.952872954423   -2.970100798905    0.2714    0.5476   0.287   66
57082.293   -0.460083764477   -0.663001199541    0.2576    0.4527   0.260   42
57093.251   -0.797179601887    0.393598801551    0.1900    0.3760   0.155   69
57095.497    0.443556455613    1.365397200104    0.3837    0.5135   0.157   40
57096.501   -0.486287889463   -0.690101997947    0.3154    0.4365   0.230   45
57102.499    4.036826674850   -0.540802797744    0.5427    0.4851  -0.232   20
57109.497   -0.472144084878   -0.213400797833    0.2757    0.3410   0.181   37
57110.501    0.331438924961    1.105200001916    0.3832    0.5040   0.520   26
57123.497   -0.213067894841    1.356897602278    0.2821    0.3823   0.152   43
57124.501   -0.236295381706   -1.008100799638    0.2459    0.3436   0.048   46
57130.499    0.218428037242   -0.311000399833    0.2927    0.3866   0.097   34
57131.500   -0.765765242984   -0.617799600278    0.2523    0.3323   0.218   38
57137.497   -0.699505895916    0.009597602713    0.2436    0.3258  -0.107   43
57138.501   -0.217831247096   -0.247201200310    0.2437    0.3149  -0.022   38
57173.500   -0.291237450698    0.331999202530    0.1780    0.2777   0.303   66
57176.228   -0.448469919480    0.204498002532    0.1687    0.2595   0.197   64
57177.229   -0.406481731084   -0.104799599399    0.1759    0.2481   0.192   53
57179.289   -0.402165057363   -0.661100400023    0.1470    0.2603   0.193   76
57180.293    0.096483578855   -0.828500397887    0.1546    0.2832   0.053   80
57184.227   -0.512345762269    0.580698001684    0.2212    0.3518  -0.083   64
57186.291    0.328312175227    2.235099599801    0.1514    0.2805   0.219   69
57187.291    0.011463733384   -0.594302399293    0.1582    0.3065   0.299   81
57190.246    0.687892254048    0.982997999799    0.3478    0.4655   0.270   35
57191.123    0.919274171886   -0.143002800002    0.3032    0.4355   0.171   26
57193.289   -0.708143102791   -2.888099999154    0.1903    0.3500   0.221   89
57194.290    0.270393468113    1.244599201300    0.1469    0.2903   0.286   95
57195.228    0.120754534399   -1.093201199964    0.2031    0.3176   0.303   47
57197.226    0.012953880597    1.715799601598    0.1807    0.3536   0.241   56
57198.227   -0.299574434348   -0.063701997277    0.1953    0.3028   0.284   52
57201.500   -0.591408675193    0.338198400485    0.1664    0.2976   0.123   61
57291.501 1318.738960216278 -846.142401597660    1.7311    4.1951  -0.100   56
57442.236    2.457204612631    0.090500400773    0.1672    0.3624   0.128  102
57463.231   -0.508772130873   -1.051199997448    0.2341    0.3585   0.112   86
57464.250  -46.061680898481  -73.956401997677    0.7393    1.4155   0.370   46
57480.496    1.596445938004    0.200397602512    0.3074    0.4623  -0.068   63
57481.497    0.289154169644    1.053000000795    0.3319    0.4730  -0.005   46
57491.231   -0.727350482856    0.886100402653    0.1486    0.2938   0.119  127
57520.250   21.018530702799  -18.743900399798    0.8821    1.3183  -0.166   54
57770.187   -6.804622573552   -4.300901999343    0.5436    0.5323   0.039   48
57821.249   21.176063191677   15.466298401989    2.4998    1.9834   0.916    5
57834.230    3.873190594988   -0.894200400126    0.7978    0.5528   0.040   22
57917.207   -0.242549084302   -2.468401198641    0.1273    0.1324  -0.041  102
57980.209    1.745041403039    0.866897999785    0.1604    0.1924   0.021   67
58106.209    0.198327300111   -0.811800000022    0.2539    0.1917  -0.229   35
58289.229    0.301361148482   -0.178102799708    1.5587    0.7816  -0.318   15
58513.226   -0.837234417713   -0.584701199458    0.5517    0.4536  -0.592   25
58520.228   -0.753554607842   -1.760399998574    0.2920    0.4434  -0.305   41
58527.229    7.161969259706   -2.647400398104    1.0656    0.4450  -0.459   13
58576.228   -0.463657192744   -0.341499599799    0.1169    0.1344  -0.514   55
58618.228  -14.084666296457   -0.845999999655    1.5449    0.4725   0.061   21
58625.230    0.153659040514    0.246099601497    0.0617    0.0992  -0.017   88
58634.270   -0.404991583871   -0.088700397427    0.3177    0.2697  -0.115   15
58709.230   -0.607042423862    0.401997600008    0.2719    0.4190  -0.292   10
58744.228  -42.410491972130   -9.198601199145    1.7918    0.4409  -0.082   19
58751.230    2.216889124124   -0.573602397580    0.2189    0.1282   0.080   74
58774.270    0.446979975395    0.209098802273    0.2376    0.2401   0.024   70
58781.272    0.369256894943    0.015098402528    0.3953    0.3662  -0.160   43
58787.269   -0.466487375557   -0.184701598016    0.2731    0.2495  -0.286   71
58795.272   -0.453533494960    0.648399602809    0.2197    0.3734  -0.418   52
58814.272   -0.436706165999   -0.271800000107    0.1462    0.2083   0.053   80
58821.230   -1.544183940212    0.673099201975    1.7780    1.2674  -0.290   22
58837.272   -0.332628848948   -0.019702799392    0.1768    0.2024   0.022   61
58858.270   -0.555673986265   -0.169102798964    0.1911    0.2198  -0.167   71
58865.272   -0.667641405304   -1.367002798958    0.2506    0.3518   0.565   57
58872.270   -0.368217082568   -0.205001999376    0.1000    0.1585  -0.070   85
58879.272   -0.439832915733   -0.182102397162    0.1275    0.1962  -0.139   81
58886.270    0.108544102385   -0.749102399311    0.1752    0.1892  -0.118   43
58935.268    0.447426653929   -0.024501597551    0.1707    0.1846  -0.092   64
58962.271   -0.473780890527    0.037598401192    0.1697    0.2275   0.223   64
59026.270   -0.773058554827   -0.533102397426    0.3970    0.4519   0.671   44
59032.271    0.477207863486   -0.131201999665    0.3269    0.2423   0.094   36
59040.270    0.278133661617    0.113000402635    0.2448    0.2911   0.415   56
59061.269   -0.571011168013   -1.721001597232    0.2453    0.5113   0.035   20
59075.269   -0.424499187161    0.300200402137    0.3922    0.9038   0.200   38
59089.269    1.055215979549    0.211100401160    0.4922    0.3004  -0.128   33
59096.271    0.067449271056    0.468000000353    0.3014    0.5139  -0.187   36
59110.271    0.314315029079   -0.456299999385    0.6594    0.7107  -0.730   22
59177.188    2.764819260580   -0.220100398707    1.0887    0.7426   0.054   12
59228.250   -0.658707631508   -0.088801199993    0.3819    0.3574  -0.048   25
59230.577   -1.391568368377    2.179997999718    0.1277    0.2170   0.098   52
59256.250   -0.309998152229   -1.435201199484    1.8818    3.5802  -0.385   21
59319.248   -0.957242253481   -1.155200399339    0.7763    0.6488  -0.153   18
59346.229   -0.137131731651    0.221400002332    1.1902    0.4372   0.294    5
59389.249    1.174330255123   -1.268099999407    0.9746    0.8676  -0.050   22
59452.251   -0.610319488336   -3.281101198738    1.1121    1.5806   0.092   20
59480.083   -4.936296676526   -0.454499999236    2.1464    0.7928  -0.121   12
59494.251    1.869219457221    1.265097601078    0.7507    1.0165  -0.065   33
59613.249   -0.634887010801   -0.031802397515    0.2106    0.3459  -0.002   69
59711.249    0.540190146080    1.226998800163    0.7768    1.5179   0.015   37
59760.248    1.096160699266    2.857798800804    0.8007    2.5630   0.209   22
59837.250   -2.178624272480   -3.924302399838    0.9135    1.5120  -0.028   25
59921.250   -0.578158227675   -1.217199598713    0.1779    0.5478   0.045   66
