%-----------------------------------------------------------------------------
%                R.A. (mas)        Dec. (mas)        Err. (mas)     Corr. Del.
% Uncertainty in R.A. is in R.A. cos(Dec.)!!!!
%-----------------------------------------------------------------------------
47279.337    1.018888552625  -15.722600399215    1.2752    7.6375   0.345   12
47681.247   -0.099483977648    9.566499602087    0.6260    1.6732   0.006   19
48482.255    0.267230360845    1.153400402387    5.2958    3.0942  -0.885    4
48565.247   -0.367165720476    1.204200000515    0.7485    2.6875   0.006   17
48810.082   -0.831274025955    0.932497202655    1.3301    3.2914   0.095   17
49254.416    0.028529582937    2.526300001193    0.4476    2.1066  -0.308   19
49667.419    0.084394777235    1.457899199764    0.4595    2.0317  -0.193    8
50065.333    1.218154032839    0.477698402435    0.5502    0.8253   0.027   12
50134.252    0.150570432671   -0.115300799308    0.2355    0.4208  -0.050    7
50155.250   -0.574648186834    1.025600401405    0.2755    1.0595  -0.630   16
50260.252   -0.148630814742   -0.191102397906    0.3601    0.4889  -0.195    5
50323.250    0.513850192411   -1.671400800163    0.3595    0.9715  -0.270    6
50386.252    0.819472272110    0.218599199542    0.3454    0.5247  -0.155   10
50459.832   -0.081261391517   -0.181501198071    0.1307    0.2211  -0.089  152
50624.253   -0.314584508413    0.676998000060    0.2788    0.6724  -0.209    9
50631.251    0.359992313173   -2.332299598251    0.4460    1.7242  -0.695   11
50645.251    0.456640633805    1.435500000468    0.3444    1.2581  -0.442   10
50659.251    0.081257927185    1.196398800829    0.3387    1.0404  -0.533   16
50673.251    0.332957894845   -0.784501200002    0.3151    1.1662  -0.520   15
50687.251   -0.077676216247   -2.365300800022    0.3379    1.1709  -0.384   19
50701.251   -0.394501535622   -0.339001198313    0.2562    0.8411  -0.515   19
50715.251   -0.148182693306    0.864000001144    0.2313    0.8511  -0.064   32
50729.251    0.541483532476   -0.871102799493    0.5002    1.7888  -0.744    8
50743.251    0.078569198571    0.842497201603    0.2297    0.8618  -0.326   19
50757.251   -0.070656869793   -0.579902398101    0.1960    0.7945  -0.294   19
50771.252    0.629466745528   -2.059700397439    0.2381    0.8573  -0.582   16
50785.252    0.100828545739    1.021697999803    0.3669    1.1643  -0.525    8
50799.252   -0.108597002879    0.017798399554    0.2340    0.7986  -0.558   20
50813.168   -0.390916564137    2.098400400641    0.3928    1.9680  -0.809    9
50827.252    0.161024357878    0.639399602065    0.3154    1.3206  -0.562   10
50841.252   -0.645301592295   -0.241001999157    0.7361    2.7059  -0.709    3
50855.252    0.067219030493    0.608198400442    0.3571    1.7024  -0.746    8
50868.167   -0.129210792706   -0.202899597923    0.3330    1.2670   0.102   18
50869.252    0.450216337188   -0.703799997481    0.3693    1.4184  -0.740    8
50883.252   -0.310253686789    0.633898802249    0.2836    0.7630  -0.412    7
50897.252   -0.466800294641    0.001299600427    0.3450    0.7320  -0.205    4
50911.252    0.347595509491   -0.907700398045    0.4350    0.9681   0.304    3
50939.252   -0.033910504496    1.555297199829    0.3447    0.6949   0.057   10
50953.252   -1.206656732575    0.798998400242    0.8336    0.9208  -0.416    3
50967.252   -0.569120133088    0.811897202269    0.3502    1.1197  -0.282    8
50981.252    0.068563394800   -0.072802797391    0.5093    1.7474  -0.525    6
50995.252   -0.153258957501   -0.353001599152    0.2680    0.7413   0.107   13
51009.252   -0.119502513853   -0.019501197457    0.3943    1.0653  -0.037    6
51023.252   -0.690562264870    0.570200402095    0.3426    0.6869  -0.162    8
51037.252   -0.527444431999    1.430798401358    0.3616    0.9220  -0.038    7
51051.252   -0.547463171989    1.062799202245    0.3910    1.3501   0.138    5
51065.252   -0.042424811775   -0.017499598570    0.2697    0.6041  -0.366   15
51079.252    0.098734866962   -0.673700397869    0.5052    1.3958  -0.696    5
51093.252   -0.221374230865    0.276098401741    0.4324    1.3061  -0.599   14
51107.249    0.309056658451    0.703400400326    0.3263    0.8684  -0.499   11
51121.249   -0.185226583521    1.024498802593    0.4082    0.9478  -0.580   12
51135.252    0.287546625753    0.681498000432    0.3268    0.5085  -0.145   12
51149.249   -0.108894527798    0.774698401429    0.2240    0.4829  -0.285   15
51163.249   -0.208378505445   -0.260200798508    0.2288    0.4238   0.093   17
51177.249    0.296211529549    0.540597601884    0.2518    0.6718  -0.196   18
51191.253    0.092762156112   -0.032799599836    0.1819    0.3910  -0.205   17
51205.249   -0.174023343845    0.729799200272    0.3440    0.5195  -0.360   15
51219.249   -0.137875696501   -0.870299998468    0.1956    0.3689  -0.056   19
51233.253    0.212261409418    0.396000000791    0.3469    0.5934  -0.039    6
51247.249   -0.128762671270    0.726199199974    0.2726    0.5016  -0.251   12
51254.251   -0.018372978864    0.109400402337    0.3123    0.4032  -0.106    8
51261.249   -0.076034327021   -0.620301598886    0.2040    0.4015   0.004   23
51275.249   -0.097096238283    0.178297201003    0.2138    0.4897  -0.221   19
51284.084   -0.110687013540   -0.104799599399    0.0619    0.1534  -0.210  263
51289.249    0.155948093683   -0.287301600110    0.1875    0.3401  -0.156   18
51303.249   -0.261558639245   -0.604400398529    0.2676    0.4669  -0.093   13
51310.251    0.138471153907   -0.223001997668    0.2615    0.4474  -0.114   17
51317.249   -0.467994266215    0.656499600282    0.4217    0.5815  -0.447    8
51331.249   -0.283964914815    0.624898801505    0.2707    0.5846  -0.096   12
51345.249   -0.510118088740   -0.203500800211    0.2721    0.4856  -0.209   19
51359.249   -0.270521067959    0.427500000200    0.2936    0.6003  -0.063   13
51373.253   -0.031816825719    0.497498400875    0.2803    0.4544  -0.229   12
51387.249    0.213455177208    0.186897601395    0.2210    0.4906   0.015   26
51401.249   -0.063784451740    0.010998002509    0.2635    0.5002  -0.117   13
51415.249    0.585847962180   -0.554900397631    0.3052    0.5296  -0.407   12
51429.249    0.266484510707    0.895197602446    0.3547    0.6196  -0.154   10
51443.249   -0.568672011653   -0.220301997444    0.2467    0.4748  -0.196   24
51457.249    0.054072708556    0.980899201863    0.2242    0.5095  -0.127   13
51471.250   -0.427214807997    0.901897200123    0.3029    0.6974  -0.144   12
51485.250    0.098734866962    1.288598402382    0.2864    0.6464  -0.087   16
51499.250    0.182534390576   -0.063500398539    0.1856    0.4373  -0.025   19
51513.250   -0.391963403525   -0.117802797917    0.3350    0.5171  -0.023   11
51527.250   -0.223317313125    0.289497600292    0.1993    0.4677  -0.326   18
51541.250    0.348194227443   -0.795200398329    0.9479    0.8699  -0.790    9
51555.250   -0.112780692317    1.086598801336    0.2282    0.4946  -0.183   12
51569.250   -0.169692726005    0.667800000898    0.2513    0.5368  -0.356   14
51583.250    0.027783936582    0.823399201622    0.3393    0.8597  -0.429    9
51597.250    0.443196786950   -0.424000799271    0.4006    1.2691  -0.656    7
51625.250    0.625731177526   -1.450900797906    0.4037    1.3774  -0.700    9
51639.250   -0.475612330622    0.010497599590    0.4460    1.1335  -0.267    6
51653.250   -0.250054206534    0.614797201948    1.0939    4.3348  -0.900    3
51667.250   -0.269624825088   -0.303101997901    0.5441    1.8630  -0.760    9
51688.252   -0.216595491589    0.132300001354    0.7853    0.8755  -0.119    3
51695.250    1.469255282546   -0.340801198462    4.6067    4.6704  -0.964    3
51709.250   -2.550285990117   10.931900402511    1.8389    7.6591  -0.972    6
51723.250    0.171632343933   -0.128102399088    0.3036    0.6497  -0.373   18
51737.250    0.558365218631    0.687200402183    0.3254    0.7060  -0.248   10
51751.250   -0.042274419042   -0.892101598993    0.3730    0.8235  -0.402   10
51765.250    0.057808276559   -0.237099597555    0.3485    0.8726  -0.547    7
51779.250   -0.481735637989    1.031900401927    0.4546    0.6212  -0.330    9
51807.250   -6.585662109548   10.934499600168    4.8686    7.7556  -0.986    4
51821.250    0.074388973464   -0.101401197838    0.3578    0.8030  -0.506    7
51835.250   -0.210472184222    0.120999600739    0.4212    1.0621  -0.380    5
51849.250   -0.353424552486   -0.457199999460    1.0485    2.3360  -0.901    5
51863.250    0.503840924309   -0.567701997412    0.3613    1.0963  -0.741    8
51877.250   -0.353424552486    0.877597201310    0.7372    1.6751  -0.789    3
51891.250   -0.028830572186    0.367498802589    0.3640    0.6164  -0.405    5
51906.248    0.686676304134    0.291297600441    0.4516    0.6760  -0.286    5
51919.251    0.063035341054   -0.186901198518    0.9187    1.9002  -0.894    4
51933.251    0.434083761719    0.165200400559    0.2816    0.6109  -0.175   21
51947.251    0.283810853967   -1.024401600347    0.3264    0.7937  -0.607   11
51961.251    0.160877429476    1.072497601129    0.2317    0.5265  -0.392   22
51975.247   -0.783475017499    1.912798802550    0.3447    0.6759  -0.572   19
51989.243    4.715778723465   -0.616802397957    3.0530    2.7872  -0.917    3
51995.223    0.539393521815   -1.070701198103    0.5140    0.8101  -0.687    9
51996.249    1.111801101470    1.896397202472    0.1931    0.4768  -0.108   13
51997.268   -0.556723125622    1.695200402452    0.3890    0.9973  -0.589    5
52003.247   -0.193292769364   -0.186101997812    0.2303    0.4281  -0.195   27
52017.251   -0.096648116848    0.243997200045    0.2137    0.5021  -0.334   26
52039.272    0.743290812903   -3.139102798499    0.0507    0.1422  -0.143  133
52401.205    0.158486225781   -0.654800399502    0.1942    0.6869   0.008   36
52408.203    0.069011516236    0.511999201436    0.2723    0.5266   0.067   30
52415.216    0.260809528560   -0.851900399823    0.2096    0.4704  -0.246   21
52423.204    0.068262201766    0.977698801918    0.2626    0.8931   0.167   21
52429.205    0.267380957362    0.525398399986    0.1730    0.4732  -0.121   23
52436.203   -0.094106316635   -0.140302799778    0.2416    0.4329   0.121   30
52443.216    0.408988757535   -0.368099998482    0.2646    0.4761   0.126   16
52450.207    0.003882700188    0.534798001084    0.2703    0.8310   0.309   28
52457.205   -0.000749110686    0.308699999962    0.1643    0.3818   0.043   29
52464.204    0.159382468652   -0.086201999139    0.2106    0.6796  -0.065   38
52471.213    0.244974478009    0.657298800988    0.2762    0.5503   0.120   35
52478.204    0.515793274671   -0.656701199020    0.1910    0.5940  -0.059   38
52485.209    0.134584989387    0.261900002485    0.3373    0.7354   0.066   26
52488.270    0.789896053569    0.450799199569    0.6919    0.7102   0.008    4
52492.204    0.295014093643   -0.171500397883    0.3647    0.7821   0.215   30
52499.213    0.142203053794    0.040500000154    0.2888    0.7826   0.245   18
52506.204    0.219728877308    0.920599200072    0.2569    0.5438   0.090   10
52513.205    0.198817562563   -0.160599597621    0.1889    0.5480  -0.231   15
52521.204    0.160726832959   -1.223402400186    0.1523    0.4116   0.029   26
52527.216   -0.008514307278    0.832798799522    0.3115    0.5918  -0.356   14
52534.204   -0.413473436223   -1.411700398180    0.2516    0.7255   0.072    8
52541.206    0.201208766258    0.699199200938    0.3293    0.7637   0.667   18
52548.204    0.351029884459   -0.128199598137    0.2112    0.3690   0.194   16
52555.206    0.030770190115   -0.048002398856    0.3318    0.4148   0.130    8
52562.207   -0.300993733156    1.444197599909    0.2684    0.6547   0.244    8
52583.206   -0.463960969509   -0.220100398707    0.1847    0.5323  -0.081   27
52590.204    0.341024080688    0.546397199486    0.2054    0.3261   0.180   11
52597.206   -0.136380735677    1.228798800312    0.2407    0.4988   0.017   23
52604.204    0.188213040839    0.075599999860    0.1515    0.3439   0.010   19
52611.228    0.610046723492   -0.096699598728    0.2152    0.4885   0.054   31
52618.204    0.132943100161   -0.042202798056    0.1378    0.3933   0.022   27
52625.202    0.148627350411    0.666900000823    0.2151    0.4769   0.264   20
52639.202   -0.142504043044   -0.605102400186    0.6334    0.2844   0.102    6
52646.204    0.020760922012    0.357699601139    0.2046    0.2696  -0.140   10
52653.202   -0.025693722136    0.691099200267    0.3463    0.7074  -0.810   13
52661.205    0.107249174241    0.789598802342    0.1855    0.3694  -0.100   10
52667.206    0.186119362062   -0.600901197600    0.1677    0.3463  -0.335   10
52674.208    0.192543862463    0.369298799541    0.2351    0.3316   0.033   11
52681.206   -0.161773468563   -0.269402397990    0.1660    0.7558   0.257    8
52689.205   -0.003287446567   -0.481802399577    0.1245    0.2179  -0.035   25
52695.206   -0.015386725331    0.050799601325    0.1225    0.3041  -0.008   28
52724.229    0.055865398083    0.120798002001    4.7622    2.8092   0.946   36
52730.204   -0.219581745122   -0.028400398833    0.1822    0.3232   0.127   14
52737.202    0.121442335566   -0.323600397678    0.1294    0.2726  -0.028   21
52744.204   -0.157145122021    0.070700402333    0.1152    0.2206  -0.200   21
52746.272    0.877129952151   -0.659602797981    0.6146    0.5752  -0.220    4
52751.202   -0.137875696501    0.123598801594    0.1199    0.3634  -0.109   27
52753.244    0.082154170057    0.207698402477    0.1352    0.2616  -0.015   38
52754.270    0.577634644151   -0.793000797827    0.4308    0.4129  -0.053    5
52758.204    0.221671959568   -0.803901598090    0.1720    0.3569  -0.048   10
52765.202   -0.225407323786   -0.223599599636    0.3750    0.6416   0.221    3
52766.225  -23.207859461554    4.248997202083    1.6194    1.3414  -0.624    3
52772.204    0.184925594272   -0.292100398269    0.2217    0.2672  -0.158    8
52779.206   -0.028830572186   -0.610102800280    0.2034    0.2941   0.020   14
52781.248   -0.119054392417    0.796399202585    0.5058    0.4371  -0.082    9
52782.267    0.304127118875   -0.728701198582    0.6155    0.6387  -0.331    4
52787.205   -0.014192957541   -0.171302399465    0.1921    0.3258   0.291   19
52789.269    0.005227064496   -0.379702800402    0.2040    0.3405  -0.184    9
52793.206    0.316972247777    0.069800402258    0.1267    0.2170  -0.096   19
52800.204    0.204345616308   -0.410799599138    0.2390    0.4517  -0.060   16
52807.206   -0.094106316635   -0.741700799978    0.1862    0.3655   0.122   11
52810.271   -0.592275723128   -0.425602797804    0.4503    0.4831   0.078    6
52814.204   -0.131003278448    0.035197201953    0.1945    0.2839  -0.137   20
52821.206    0.139367396778    0.221799599487    0.1841    0.2712  -0.036   17
52823.270    0.915521874789   -0.060602399898    0.4652    0.5664   0.111    5
52828.204    0.511458988716   -0.891302398287    0.2272    0.4064  -0.041   13
52835.203    0.196576955384    0.922597201836    0.1518    0.2810   0.073   18
52836.583  -85.039710385813   74.527999202445    4.2686    5.7736  -0.353    8
52838.267   -0.328178748001    0.080600399954    0.8799    0.5502   0.487    4
52842.204    0.223761970229   -0.457801198550    0.3108    0.4059   0.334   23
52849.206   -0.173575222409    0.601398000200    0.2696    0.4432  -0.349    7
52852.271    0.819622868627   -0.206002798819    0.6252    0.8469   0.258    8
52856.208    0.305769211884    0.092397599971    0.3538    0.2976  -0.104   13
52863.206    0.431097508186   -0.597700797655    0.3851    0.7980   0.456   17
52866.271   -4.239872128471   -0.856101599211    2.8167    1.4005   0.788    5
52870.204    0.305173958263   -0.531500398893    0.2825    0.3998   0.376   31
52877.203   -0.023004993522    0.722797201291    0.3945    0.6131   0.061   16
52879.244    0.007915793110    0.665197199723    1.3572    0.5239   0.431    4
52885.205   -0.051684969192   -0.023202000321    0.1486    0.2653  -0.056   17
52886.250    2.517271728492   -2.350799999462    0.5939    0.8595  -0.091    8
52887.269    0.111583460196   -0.137800797972    2.3812    1.0245   0.827    3
52891.203   -0.252445410230    0.074199600064    0.1930    0.3066  -0.270   20
52893.244    0.528190282138   -0.406202399716    0.8000    0.3668   0.089    9
52898.205    0.177605054783   -0.395902798545    0.1987    0.2379  -0.308   22
52905.206   -0.435729115276    0.316198801542    0.3285    0.3687  -0.353   15
52912.205    0.104262920708   -0.122101199551    0.1331    0.2340   0.028   22
52919.203    0.287697018486    0.623797199495    0.2264    0.3249   0.249    6
52922.271   -0.720586808631   -0.806799599928    1.0242    0.7159   0.303    3
52926.205   -0.004782203607   -0.342399599873    0.2098    0.3666  -0.313    6
52933.203    0.102172910046    0.023698799723    0.1213    0.1833   0.095   24
52935.245    0.256776435638   -0.232200000028    0.1695    0.3678  -0.326   12
52940.205   -0.240944849419    0.416199599584    0.1462    0.3449  -0.088   27
52947.203    0.188062444321   -0.344001598407    0.1952    0.3467  -0.013   11
52950.271   -0.623045913243    0.297900002266    0.7712    0.4426   0.140    6
52954.227   -0.080365148645    0.606697201277    0.1469    0.3126  -0.130   29
52956.246    0.350434834622   -0.037400399577    0.3451    0.4512   0.158    8
52957.269    1.807292905917   -3.910701599352    1.5102    2.0083  -0.896    6
52961.203    0.498165738377    0.379598400713    0.3644    0.3019   0.180    5
52968.205    0.151165686292    0.126298801817    0.1577    0.2715   0.118   15
52969.268    6.843930041679   -1.468702797780    4.5861    1.3164  -0.757    3
52975.203   -0.147433378837   -0.374302799955    0.2804    0.2668  -0.186    6
52978.271    0.941961243280    0.336200401918    0.6767    0.3874   0.336    4
52983.227    0.083351605962   -0.447400798009    0.1183    0.2169  -0.234   15
52984.250   -5.057551914838   -4.049301598030    0.6348    0.4368   0.053    4
52989.229   -0.296361922282    0.004197602266    0.2316    0.3869  -0.036   17
52990.229    0.147433582621   -0.067402800141    0.4919    0.9190  -0.108   73
52991.252   -0.144149600385   -0.058201197461    0.0662    0.1028   0.010  159
52992.267    0.692053965147   -0.242902798675    0.3310    0.4007  -0.062    7
52996.205   -0.122786496089   -0.390600000344    0.1802    0.3155   0.086    5
53003.203   -0.089327577359    0.766299599775    0.1467    0.2779  -0.288   10
53010.205    0.237205817085    0.074498401048    0.4482    0.3636   0.286    5
53017.203    0.107399770758    0.083700000530    0.1350    0.2278  -0.110    9
53025.206   -0.162820307952    1.832400001334    0.3381    0.7351  -0.734    8
53031.203    0.011651361113    0.614397601595    0.1050    0.3338   0.015   21
53038.205    0.163264965056   -0.081201599045    0.2334    0.6927   0.071   17
53041.269    0.279777761045    0.502797601953    0.9089    1.2422  -0.606    4
53045.207    0.006722025320    0.351198001880    0.1749    0.3126   0.114   29
53053.228   27.607709312299   -0.244000800365    6.8565    0.5893   0.857    3
53055.269   -0.840537647703   -2.264302799659    0.4343    0.6753  -0.382    9
53059.203    0.001193971574    0.483699601972    0.1007    0.4183  -0.213   23
53101.207    0.029425825808   -0.905399998175    0.2997    0.5445   0.100    7
53108.205   -0.230637852613   -0.638002799391    0.3900    0.3324   0.303   10
53109.246   -0.132946360708    0.111898800625    0.2173    0.3551   0.097   32
53110.250   -1.085960247148    1.281600000524    0.3542    0.4600  -0.105    7
53122.205    0.093210277548    0.088099201534    0.2147    0.5982  -0.240    9
53131.252   -0.033759907979   -0.857300400270    0.0852    0.1808  -0.350  105
53136.227    0.207482466358   -0.173199598663    0.1711    0.1811  -0.132   23
53137.224   -0.126819589010   -0.210700797609    0.2401    0.3104   0.140   92
53139.270   -0.480839191333    0.165898801896    0.3475    0.6360  -0.078    4
53143.207    0.019119032787    0.392497199542    0.1619    0.1820  -0.035   23
53152.251    3.460129214644    2.483197199865    0.2939    0.3307  -0.002   17
53153.270   -4.262429000558    6.585998402642    3.4697    5.7006  -0.972    3
53158.208   -0.279630628859    0.515098802012    0.1649    0.6606   0.203   14
53164.205    0.057507287309   -1.273402797608    0.1393    0.6896   0.016   20
53167.270    0.670246203746    0.070398001029    0.6069    1.4263  -0.534    7
53178.205   -0.264842417697   -0.628401599556    0.2208    0.9849   0.026    9
53180.247    1.009775323610   -0.481600797642    0.3740    0.3871  -0.008    7
53181.270   -0.230784781015    0.438699601446    0.2960    0.5631  -0.161    9
53185.207    0.279777761045    1.282899600952    0.1465    0.6937  -0.042   57
53188.271   -0.455149137312   -0.406501197503    0.6733    1.1300   0.313    5
53193.206   -0.130555157013   -1.012301999026    0.2447    0.5968   0.111   40
53195.270   -0.022707264819   -0.056699998296    1.5078    1.3451  -0.908   15
53199.225    0.240790788570   -0.421502397785    0.2251    0.3038   0.106   26
53201.256   -0.298451932943    0.194097601991    0.0814    0.1743  -0.067  221
53206.205   -0.249756681616   -0.156002398199    0.2053    0.3196   0.145   23
53207.228    0.519077256907   -0.088102798657    0.3525    0.8149  -0.085   55
53209.273   -0.128163953317   -1.123001998593    0.3979    0.6838  -0.045   10
53213.207   -0.050788726320   -0.251902799420    0.2931    0.3932  -0.079   14
53215.253   -1.180364292486    0.788198402546    0.4115    0.4362  -0.068    8
53216.268    4.097217692695   -3.653499598855   12.2162   11.0464  -0.997    3
53220.202    0.250352139021    0.744300000832    0.2782    0.3364   0.043   14
53227.225   -0.065128816047   -0.383000399395    0.2444    0.2671   0.075   12
53229.285  -68.868629078198 -147.684801597592    2.3517   13.2551  -0.818    3
53234.205   -0.110540085139    0.435600000870    0.1999    0.3280   0.049   18
53235.228    1.530648530591   -0.335102400228    0.5111    1.0363  -0.144   13
53236.247   -1.179468049614    4.878500400451    0.6790    0.5057  -0.146    5
53237.270    0.432588800895   -0.000900000074    0.3472    0.5134   0.350   12
53241.225   -0.110389488622   -0.297399599347    0.2951    0.3208  -0.114   26
53243.249   -0.177608519114   -0.353700000488    0.1274    0.2000   0.028   74
53248.205   -0.128314549834    1.894597202323    0.2167    0.6570  -0.113   28
53251.270   -0.420643379195    0.221997601102    0.2100    0.5692  -0.036   15
53254.995    5.524797070368    0.244699201701    2.1343    2.5495  -0.699   10
53256.204   -0.012848593234   -1.758599998425    0.1674    0.8691  -0.260   44
53258.272   -0.002093474993   -0.453801597899    0.3324    0.6388   0.118    7
53262.224    0.229139631242   -0.428799597429    0.2218    0.2715   0.165   24
53264.247    0.121589263967   -0.290001600334    0.3278    0.3509  -0.186   13
53265.270   -0.699377968967   -0.545601599100    0.3876    0.6410  -0.131    5
53269.204    0.660387532161    0.782798402099    0.1542    0.2258   0.113   27
53276.205   -0.237058684899    0.069498000954    0.2000    0.2676  -0.092   39
53278.247    0.263946378610    0.353199600767    0.2789    0.3217   0.062   20
53279.270    0.018072193398    0.579499200626    0.4054    0.5870   0.232    8
53284.226    0.077672955700    0.709200001126    0.5315    1.0944  -0.294   27
53286.272   -0.774361992268    0.741297602502    0.7296    1.1939  -0.638    6
53290.205   -0.092166902491   -0.057099598649    0.1437    0.2147   0.046   37
53292.247    0.356557938205   -1.158001198931    0.2463    0.4467  -0.183   13
53293.270    0.452607540884   -0.653900399428    0.3475    0.4847   0.222    7
53297.204    0.139514325180    0.229597202051    0.1740    0.2477   0.079   30
53300.268    0.399280478682    0.475297199998    0.3524    0.5560  -0.008    5
53304.224   -0.295168154492    0.528897600915    0.1540    0.5358  -0.067   26
53307.270   -0.337887026854    0.279500400424    0.2512    0.7991  -0.520   15
53314.268    0.022704004272    0.044697602419    0.3570    0.5417  -0.266   16
53318.206   -0.260361203340    1.805097600993    0.1489    0.8555   0.052   33
53321.270    0.934938228710    0.431197199546    1.1975    1.2163  -0.251    8
53325.226   -0.207783455608   -0.928202398143    0.2599    0.8360  -0.056   18
53327.249   -1.498085650949   11.054498401464    0.5226    0.7069  -0.112    4
53328.268    2.981232901786   -2.216401200172    3.2144    2.9111  -0.959    5
53332.206    0.573450954713    0.092397599971    0.4005    0.4898   0.416    9
53339.204   -0.494731159624    0.282499201631    0.3668    0.6337  -0.496   20
53341.249   -0.128465146351    0.403099202018    0.0667    0.1308  -0.005  168
53341.249   -3.528846466508    2.086398001566    1.2136    0.6628  -0.145    3
53346.228   -0.272460685888   -0.851900399823    0.3703    0.6776  -0.117   16
53353.204    0.000000000000    0.731199600068    0.2543    0.4337   0.001   36
53354.223   -4.361163867520    6.815797200233    1.4074    2.2949  -0.738   15
53356.272    0.226002577408    0.304999200296    0.8129    0.7618  -0.799   12
53360.206   -0.039883215346    1.435597199517    0.1512    0.5818   0.060   26
53362.269   -0.096795249033    0.789497999776    0.5745    0.5355   0.025    5
53367.226    0.038388458306    0.792500401303    0.5779    0.5820   0.082    9
53374.206    0.536407064498    0.000000000000    0.3256    0.3177   0.157   27
53377.266   -0.567180718944    1.344898800326    0.7571    0.6961  -0.633    7
53381.207   -0.056463708467   -0.056699998296    0.2042    0.2810  -0.006   23
53383.249   -1.602051046738   -2.653002000486    0.3303    0.4665  -0.209    9
53384.268   -0.082157634388    0.159598801375    0.5031    0.7256  -0.430    3
53389.206   -0.043618783349    0.434098801705    0.2275    0.2563  -0.018   41
53390.247   -0.129060196189   -0.177202799634    0.1491    0.5225  -0.447   33
53391.270   -0.664571017815    0.713897999916    0.3980    0.4906  -0.237   12
53395.204   -0.163117832871    0.171197999776    0.1795    0.2790  -0.229   38
53398.272    0.857713598230   -3.593699999982    0.8105    1.7277  -0.822    3
53402.206    0.184925594272    0.145098000814    0.2203    0.3119  -0.244   14
53403.225    0.267083228660    0.555897599952    0.7884    0.7074  -0.061   13
53405.270   -0.163419025905   -0.846201598392    0.4250    0.6446  -0.425   12
53409.204   -0.000896242871    0.249699601795    0.1810    0.2458  -0.015   21
53410.227    1.787127237526    1.775300399487    0.1374    0.4572  -0.293   12
53411.253   -0.131748924803   -0.051901200138    0.1077    0.2071  -0.089  157
53412.268   -0.166555875955    0.022597200910    0.6340    0.3175  -0.110   13
53416.206   -0.179551601374    0.863398802053    0.2476    0.3078  -0.236   24
53419.270    0.015831586220    0.345499200449    0.4248    0.8257  -0.569   15
53423.208   -0.332660166142    0.104097600939    0.4486    0.6130   0.278   31
53426.268   -0.239747413513    1.442998802048    1.0006    1.0503  -0.786   16
53430.206   -0.029128097105   -0.229100399451    0.1707    0.2413   0.139   29
53458.206    0.087979748721   -0.022499998664    0.2410    0.3043   0.002   30
53460.248   -4.249132285888   -4.291901998599    0.1915    0.3768  -0.263   12
53461.270    0.804834657464   -1.205902798418    0.4929    0.6070  -0.432   12
53465.204   -0.213458437755   -0.998801997909    0.4693    0.4748  -0.121   14
53466.227   -0.919554763926    0.188697601544    0.4161    0.4852  -0.338   13
53468.268   -0.528193746469    0.092199601553    0.2794    0.7640  -0.278   10
53475.270   -0.336990783982    1.080198001446    0.3239    0.6571  -0.099   21
53479.204   -0.143400285915   -0.150901198737    0.3301    0.2485  -0.179   30
53482.269   -0.560308097107   -0.001601998534    0.5264    0.8939  -0.678    5
53488.251    0.013293250338    0.256798799825    0.3168    0.4950  -0.512   32
53489.267    0.319212854956   -0.318700800150    0.2659    0.5650  -0.404   15
53493.204   -0.298305004542   -0.062499599096    0.1791    0.2013  -0.121   33
53496.269   -0.114870702979   -1.030402799884    0.2275    0.4334  -0.159   22
53507.204    0.784966513992    0.347698800951    0.3577    0.3571  -0.005   25
53510.269   -0.583012101380    0.178498799741    0.3186    0.3997   0.025   15
53517.270    2.938062239873    1.140598802607    1.6857    1.0355   0.719    4
53524.269   -0.056463708467   -0.721299599249    0.3238    0.5950  -0.300    8
53531.270   -0.288894250608   -0.109000798787    0.7319    0.7958  -0.277    4
53535.204   -0.397487789155    0.067197601084    0.2897    0.3808  -0.273   11
53537.250   -4.240617978610    4.017798001499    1.2518    3.1573  -0.850    4
53538.269   -0.379114606507   -0.187199999502    0.2862    0.5160  -0.286    7
53542.206    0.231082713502    0.456300002583    0.2942    0.3653  -0.253    9
53543.225   -0.125177699784    0.665298002289    0.2790    0.5698  -0.230    8
53545.270    0.209124355584    0.105998400457    0.5356    0.8119  -0.623    4
53549.208    0.083946655800   -0.301499999367    0.2885    0.2854  -0.119   14
53550.223   27.213358373193    2.845497600745   32.4784    2.9965   0.963    5
53551.250    0.162519318702   -0.936601199797    0.1048    0.2560  -0.050   81
53552.269    1.220695833052    1.048298401685    1.3417    1.5626   0.446   10
53557.207    0.342067455745    0.954900002270    0.3045    0.8506  -0.211   10
53559.271   -0.176414547540   -0.482101197363    0.3969    0.4207  -0.355    8
53563.204    0.275296546688    0.596599202041    0.2538    0.6607  -0.328   14
53564.223   -3.193795096670    4.418600400768    0.1732    0.3877  -0.329   15
53565.250  -13.547155250935   26.668800000351    2.1082    5.7034  -0.964    3
53566.269    0.350581763024    0.641397600631    0.3379    0.4479  -0.078   14
53570.206    0.054818558695    0.214398000153    0.2676    0.2441  -0.426   16
53573.271   -0.017329807591   -0.368999998557    0.4815    0.4889  -0.057    8
53577.204   -0.012547400200   -0.143099999050    0.2541    0.2475  -0.280   14
53584.202    0.030171472162    0.372697201101    0.4134    0.3342  -0.250   10
53587.271    0.349387995233    0.419399999529    0.4045    0.5945  -0.180    7
53593.250    2.332794459441    0.409500001908    1.6524    4.3719  -0.965    3
53598.210   -0.118455878249   -0.331199998627    0.3607    0.4176  -0.191   12
53600.248    0.271711575202   -0.158900400038    0.2973    0.5302  -0.308    7
53601.271    1.172445238829   -0.640799998664    1.7813    0.6190   0.253    3
53605.208   -0.137574707251    0.515397599798    0.3419    0.7956  -0.405   12
53607.250    0.057209762390    3.719599201446    0.0970    0.1860  -0.293  166
53612.206    0.308906061934   -0.400899598318    0.2998    0.7144  -0.479   17
53615.271    0.190453648017    0.169700400932    0.5375    0.7430  -0.667    8
53622.269    0.623791763381   -0.624200400168    0.3550    0.4917  -0.478   12
53643.271   -1.109413362106   -0.244000800365    1.2192    0.9668   0.138    3
53647.208    0.675774461276   -2.633601599200    1.0201    1.6900  -0.814   12
53650.269    0.314882237116   -0.437302798773    1.3052    0.4054  -0.520    5
53654.206    0.336840391249   -1.040201998137    0.5991    0.3104  -0.029   14
53655.225   -0.179999722810   -0.251002799345    0.2157    0.2524  -0.232   47
53657.271    1.111202383517    0.088700400624    0.8086    0.4832  -0.210    4
53664.269    0.182982512012   -1.117299600040    0.1964    0.4095  -0.335   13
53668.206    1.082224882929   -1.194101998081    0.9307    1.5832  -0.679    5
53671.267   -0.395100253575   -0.053701200287    0.4969    0.5399   0.189    6
53675.205    0.640820581722   -1.095400800466    0.4304    0.5231  -0.094   10
53677.243    5.079657201158   -5.812300797459    0.2691    0.6189  -0.648    7
53682.203   -0.189858394396   -0.145702800225    0.8010    1.6502  -0.750    7
53684.248   22.695199572601  -15.266300399830    6.3725    4.4622  -0.984    3
53689.216   -0.304578704641    0.450597600832    0.3155    0.4128  -0.148    6
53690.227   -0.083351402178   -0.085701599417    0.3121    0.5589   0.042    8
53692.269    0.463212062608   -0.244799997873    0.2796    0.4220   0.004   11
53696.203    0.465750194705    0.986598000097    0.4248    0.3711  -0.016    9
53697.269    0.013590775257   -0.424000799271    0.2722    0.4060  -0.297   17
53703.205    1.942924530908   -2.268701997465    1.0702    1.3243  -0.756    7
53704.242   -0.454399822842   -0.152002797549    1.0391    0.6751  -0.607    5
53706.269   -0.501453184944   -0.048700800193    2.6258    3.1378  -0.970    6
53710.203    0.201355694660   -0.119300399959    0.2363    0.4749  -0.277   12
53711.225   -0.612290795002    0.117198001703    0.2024    0.2130   0.021   23
53712.248    1.743956575613    0.584697602335    0.6243    0.4761   0.176    4
53713.271   -1.350204150676   -1.453600798129    0.6968    0.7961   0.214    3
53717.205   -1.247285594276   -0.178300798126    2.0219    0.8851   0.792    5
53718.224    0.953612604392    0.572799599752    1.8510    1.3864   0.089   12
53719.250    0.018670911351    0.108997201664    0.1340    0.1985   0.220  114
53724.203    0.473518855629   -0.939200397454    0.5730    0.4727   0.177   14
53727.271   -0.454847944278    0.479199601600    0.3707    0.9340  -0.414    8
53732.205    1.427131460022    1.191600002670    1.2632    0.8613   0.706    3
53739.207   -0.741053670056   -0.760899599328    0.4115    0.6472   0.116    4
53745.205   -0.211665952012   -0.107002800220    0.2678    0.2116  -0.044   21
53748.287   -0.731789844523    0.389098801179    1.4458    3.7945  -0.950    3
53753.204    0.025242136370   -0.438699598249    0.3063    0.5619  -0.472   12
53754.256   -5.574840150334   13.199198399860    0.8773    2.1465  -0.949    3
53759.201   -0.383000771027   -0.907401600259    0.7883    0.3453   0.079    7
53761.246    0.019416557705    1.633100400511    0.4642    0.8527  -0.612    3
53762.269   -0.280229346812    0.765698400684    0.2546    0.6068  -0.268    8
53766.207    0.194633873124   -0.194302797851    0.1732    0.2096  -0.280   15
53769.271    0.750012838223   -0.502102797739    0.5653    1.7566  -0.011    4
53776.269    0.350133641588   -0.503301598798    0.3804    0.7694  -0.512    9
53780.207   -0.339679512597   -0.343299599947    0.3005    0.4015   0.164    5
53783.271   -0.269624825088    0.894600000478    0.9113    1.4418  -0.780    4
53787.205   -0.004782203607    0.529498800006    0.2770    0.4226  -0.166   13
53790.269   -0.050043079966    0.798998400242    0.2999    0.5505  -0.506    5
53794.229   -0.091568184538    0.536399999618    0.2507    0.3794  -0.035   12
53825.271    0.738361477110    0.191098800784    0.3153    0.6713  -0.187    4
53846.277    0.747922623777    0.638697600408    0.3800    1.8463  -0.202    8
53851.229    0.136825596566   -0.587300400312    0.0899    0.1952  -0.152  151
53853.271   -0.820221382795   -2.478401998829    3.7978    5.9162  -0.949    6
53858.202   -0.295465679410    2.184699602026    0.7086    2.4837  -0.869    4
53860.269    0.059450369569   -0.676602000027    0.3298    0.7599  -0.236    7
53864.207   -0.454399822842    0.125798402095    0.2880    0.4049  -0.045    7
53867.271    0.694893290278   -0.736901998621    0.7198    0.9152  -0.457    5
53871.205    0.064229108844   -0.291700797916    1.3869    0.6230   0.340    5
53878.207    0.027783936582   -0.224200798726    0.2318    0.3353  -0.370    8
53879.226    6.175325727159   11.883600001639    3.6806    7.1738   0.964    4
53884.997   -0.552241911264   -0.095900398023    0.4888    1.1198  -0.168   13
53895.271    0.088875991592   -0.515501999487    0.2658    0.4738  -0.446    6
53913.205   -0.313989458576    1.320598801513    0.3484    1.6401   0.411   17
53916.270   -2.501741335307   -1.384599599774    1.7920    3.2098   0.070    3
53922.205   -0.160429104256    1.515798002316    0.3315    0.4653  -0.099   21
53928.228   -0.130404560496   -0.263501997821    0.2157    0.2596  -0.451  150
53930.270    1.362153036707   -1.761400798017    2.7092    8.4031  -0.988    3
53934.207   -0.077973944950   -0.425602797804    0.7091    0.7072  -0.750    6
53937.271   -4.631685139264    3.661700402091    3.6089    1.5818  -0.842    4
53941.205   -0.278884982505   -0.031499999409    0.6797    0.5752  -0.783    9
53948.203   -0.308013079610    0.173599202213    0.4608    0.3605   0.084   20
53949.226    0.072596487721   -0.750401999738    0.3760    0.3961  -0.121   31
53951.268    0.093507802467   -0.771901198959    0.3332    0.4735  -0.444   11
53955.205    2.006558589915   -2.240499600248    0.8907    0.8943  -0.753    8
53958.270   -0.354019602323    0.288597600218    0.5498    1.0643  -0.056    7
53964.209   -0.036896758029    0.060800401513    0.3402    0.4297   0.313   18
53969.238    0.085889738060   -0.253000797912    0.3384    0.6213  -0.205    6
53978.249   -0.234222824099   -0.189500399372    0.1201    0.2476   0.129  157
53979.272    1.122108098276   -0.891302398287    0.7068    0.5155  -0.690   13
53984.210   -0.276493778809    0.239000400271    0.3543    0.3714   0.043    8
53986.273   -1.046822678156    0.913597201091    0.6307    0.8524  -0.099   19
53991.230   -0.474418562832    0.198997199519    0.2821    0.3258   0.028   30
53992.249    0.536855185933   -0.795902399986    0.1607    0.1718  -0.422   92
53997.205    0.228096256185   -0.539999999916    0.3124    0.4585  -0.406   13
54000.270   -0.086638848745   -0.608799599533    0.6103    0.6593  -0.526    7
54011.205   -0.142206518125    0.676897200691    0.4068    0.5490  -0.292    5
54014.270    1.273424177301   -1.234299600128    1.8014    1.1053  -0.666    4
54018.218    0.097838624091   -0.001800000149    0.3127    0.4830  -0.304   30
54019.230    0.675326339840    0.461098800741    0.2940    0.3273   0.160   31
54021.272   -0.219581745122   -0.394700400363    0.7330    0.9052  -0.528    6
54028.270   -2.087522252729    3.633699600414    2.5242    3.9811  -0.918    4
54032.207    0.342515577181    1.844697601072    0.3210    0.8862   0.025   22
54042.270   -1.076700089731    1.008198001884    0.8181    1.2485  -0.680   16
54048.249    0.167000533059   -0.152499600148    0.0874    0.1157  -0.415  252
54053.205    0.522214106957   -0.410900398506    0.2780    0.4675  -0.138   17
54054.224    0.452159419448   -1.533002400222    0.7285    1.3645   0.173    9
54056.270   -0.967504368899    1.807999199954    1.0632    1.4305  -0.839    7
54060.207   -0.033311786543   -0.372700798223    0.3677    0.2723  -0.097   25
54061.270   -3.764858515802    3.451500001006    2.7257    3.1905  -0.954    4
54067.209    0.168344897366    0.041097602121    0.1888    0.4046   0.294   41
54068.224    2.374172635611   -2.185801197641    0.5456    0.6775   0.209   13
54074.207    0.180594976432    0.107600402188    0.1999    0.2448   0.045   22
54075.226  -10.116150669065   -1.066802400018    0.8053    0.4641   0.226   14
54076.249    0.327580233832   -0.028900798554    0.1546    0.3206  -0.403   81
54081.205   -0.182537854907   -0.404701197354    0.2908    0.3703   0.114   15
54088.207    0.234219563552   -0.892900799698    0.1588    0.3204   0.228   26
54097.207    0.609451673655    0.155998801077    0.5220    0.2392   0.396   26
54098.270   -2.115305985527    1.826100000812    1.3795    1.8175  -0.806    6
54103.208    0.643358713820    0.441399601669    0.8838    0.2188   0.638   17
54105.268    0.518930124721    0.614498400964    1.0381    1.4982  -0.638    6
54110.206   -0.304130583206   -0.003099597379    0.1366    0.2288  -0.051   41
54112.270    0.021510236482    0.123699600962    0.3243    0.3407  -0.314   16
54116.207    1.237574054876    0.302400002639    0.3118    0.1807   0.310   35
54119.268   -0.304130583206    0.352800000414    2.0679    2.1842  -0.923    4
54123.209    0.063035341054   -0.677602799470    0.1442    0.4264  -0.212   20
54125.251   -0.006424296617   -0.497501997998    0.0992    0.2405  -0.339   99
54126.270    0.941961243280   -1.004799600324    0.7682    0.8599  -0.699   10
54130.207    0.560157908158    0.579798001610    0.2423    0.2496   0.254   17
54133.272    0.654411356979   -0.036701998241    0.4184    0.4288  -0.440   30
54137.209   -0.052878736982   -0.089402399084    0.0966    0.2201   0.002   47
54138.225   -4.895631314089    3.971199599562    1.1899    1.9266  -0.504    7
54140.270   -1.259682601743    1.122598801118    0.7027    0.7173  -0.686   31
54144.207   42.814272300763    7.893000000792   10.9202    2.1128   0.929    3
54147.272    0.158335629264   -0.043599597532    0.2253    0.3863  -0.218   15
54150.994    2.391649575388    4.227598802231    1.9517    2.1278   0.425    3
54154.270   -0.297706286589    0.108198000959    0.2133    0.2864  -0.307   15
54189.268   -1.668226702173    1.915398000207    2.9503    1.9867  -0.981    5
54193.209    0.212558934337    0.344898001359    0.1423    0.2256  -0.053   50
54195.269   -0.490999259737   -0.705502798581    1.8049    2.5776  -0.893    3
54201.208    0.256027121169   -0.766000798791    0.1213    0.3460   0.091   37
54203.268    0.129806046327    0.282398402263    0.2955    0.3417  -0.059   18
54208.207    0.401668218047    0.158598001931    0.1682    0.1853   0.076   43
54224.270   -0.573303822527    1.217098802542    0.6717    0.8177  -0.661   17
54231.268    1.019634198980   -1.362902398938    0.5104    1.1993  -0.538    8
54236.225    0.970641422733    1.303498800098    0.4967    1.4453   0.729    8
54238.270   -2.115904703480    3.003397201340    3.4419    5.1738  -0.959    6
54242.208    0.281570246788   -0.269999999958    0.1514    0.1691   0.041   31
54245.268    1.532591612851   -0.875001597578    1.0515    0.8751  -0.647   15
54250.207   -0.077228094811   -0.011800800337    0.1864    0.1857   0.088   28
54252.270   -0.247365477920    0.140299202656    0.8098    0.5330  -0.673    6
54256.208    0.008514511063   -0.214502399842    0.1506    0.1818   0.019   21
54263.206    0.486514581049   -0.345599999818    0.3475    0.2174   0.106    9
54266.270   -0.593469490918    2.208697199535    1.8579    1.5249  -0.834    6
54270.208   -0.552840629217   -0.245501999530    0.2870    0.2150   0.122    9
54273.269    2.486949863597   -1.968901198879    3.4386    4.4078  -0.903    3
54284.208    0.302632158050    0.065599199672    0.1920    0.2199   0.144   32
54291.206    0.562247918820    0.108500402263    0.5254    0.1815   0.287   10
54292.229    0.235115806423    0.144198000740    0.1516    0.2316  -0.212  120
54298.208   -0.835307118877    0.194097601991    2.7763    7.5370  -0.982    3
54305.206   -0.254087503240   -0.380602800476    0.4523    0.3244  -0.023    5
54308.270   -3.164967988815    3.372598801832    4.8001    2.8693  -0.511    4
54312.208   -0.923139735412   -0.320201999315    1.8937    0.3887   0.853    5
54314.250   -0.421389025549    0.316699201264    0.2854    0.5986  -0.206   57
54315.272   -4.291854826366    3.131298001691    3.5145    2.4208  -0.970    6
54322.270   -0.458881037200    0.449298000404    2.4177    1.5525  -0.969    5
54326.208    0.092163438159    0.150299999646    0.3421    0.2463   0.210   11
54333.206    0.794527864443    0.638697600408    0.2283    0.2412   0.063   18
54340.208    0.156991264957    0.219898799969    0.2226    0.7892   0.495   10
54348.207    1.267300869934   -0.440499598398    0.3976    0.2608  -0.075   17
54354.208   -1.591744049932   -3.649899598557    0.8739    3.3235   0.947    5
54355.227   -4.560282419333    3.561397199547    3.6371    2.8100  -0.975    5
54357.269   -1.215468564772    1.327597200174    3.4812    5.3886  -0.953    3
54361.206   -7.747355694467   29.538197999557    4.2971   17.1163  -0.998    3
54364.271   -1.583978853339    0.992098799912    3.1472    2.0288  -0.984    4
54375.210   -0.480692262932   -0.410302799736    1.7335    0.5969   0.890    4
54383.209   -0.560458693624   -0.087602398935    0.3951    0.2152   0.274    8
54384.228    0.421238632816   -0.254199598970    0.5360    0.3353   0.447    7
54390.207   -0.131451399884   -0.016001999725    0.2677    0.3906   0.023    7
54392.267   -1.174839703072    2.903799600773    2.2679    2.8178  -0.898    3
54396.208    0.072445891204   -0.278801999087    0.2751    0.2796   0.197    7
54398.250   69.514823652818   61.094699999842    4.6502    3.9525   0.996    4
54399.269    1.176030210315   -0.961001997979    2.3925    3.6513  -0.942    6
54403.206    0.310250426242    0.070200002611    0.3427    0.2493   0.421    7
54404.269   -0.584209537285    0.300499199923    2.1339    2.8481  -0.875    7
54410.208   -0.067071898307    0.097599602000    0.2592    0.1976   0.034    6
54413.269   -1.279848270134    2.704798800934    1.0154    2.5136  -0.429    4
54417.206    0.203001252001   -0.464900399777    0.2920    0.3803  -0.522    5
54418.225   -1.690779906144    2.148699602245    1.8534    1.3462  -0.938    7
54419.248   -0.500108616853    1.623099600323    0.5479    0.5510  -0.417    5
54420.271    0.182982512012   -0.260099999139    0.6273    1.4319  -0.375    5
54424.208    2.287085461646    0.659898001842    6.1865    0.5645   0.859    5
54425.271   -0.358802009715    0.403397999804    0.4152    0.9042  -0.070    8
54431.206    0.592720380232    0.138697200924    0.3123    0.2188   0.276   11
54432.225    0.216445098856   -0.057700797740    0.2092    0.2537  -0.106   23
54434.271   -1.844340260463    2.215299601360    0.8216    1.0469  -0.590   18
54438.208    0.728054480305   -0.085100400327    0.3785    0.2380  -0.267    6
54440.250   -0.002688728614   -0.420800399326    0.1085    0.2038   0.062  162
54441.269   -0.130852681931    1.833699601761    0.6466    1.8612  -0.436    8
54445.206    0.112777227986    0.214398000153    0.1843    0.1788   0.067   17
54448.271    1.204412661065    0.565797600771    1.3193    1.9600  -0.788    6
54455.269    0.122933628274    0.102999602447    0.3321    0.9010  -0.174   10
54461.208    0.425569454440   -0.354002398595    0.2451    1.0354   0.191    6
54462.271   -0.046458108480    0.096800401295    0.6857    1.1597  -0.431    5
54473.206    0.270815332331    0.629600400615    0.2545    0.4578   0.043    4
54476.271   -0.194038619503    2.956298399681    2.5583    3.4873  -0.871    3
54497.273    0.829779268915   -1.913399998443    3.4131    6.1273  -0.987    7
54502.225    3.582467793081   -0.688802397519    0.7286    0.2455   0.074    6
54504.271    0.587640447922   -1.080601198922    0.5503    0.9696  -0.075   16
54510.250  -29.563930557876   15.376100402520    2.3733    1.3681  -0.971    3
54511.269   -0.033161190026   -0.437201999404    1.1565    0.8768  -0.931    7
54516.207   -0.050638129803   -0.157500000242    0.2076    0.2177   0.123   11
54518.271   -0.659494549836   -3.404700000331    1.5181    2.3507  -0.229    3
54525.273    0.490698270487    0.616899600203    0.3718    0.4446  -0.135    9
54553.269    1.211733200554   -2.014200000389    1.4887    2.3040  -0.889    6
54559.230    0.231233106235    0.534697201715    0.1471    0.2902  -0.345   99
54564.208    0.228992499056   -0.506700000358    0.1663    0.2536  -0.104   17
54566.250    0.112927824503   -0.755499598881    0.1776    0.5960  -0.114   25
54567.269    0.442300544078   -0.204299997719    0.3541    0.3630  -0.498   16
54574.271   -0.021061911262   -0.403401600124    0.2516    1.2372  -0.348   17
54579.209   -0.059751155034   -0.203900397366    0.4135    0.3430  -0.287    3
54585.207    0.277985275302    0.080697602201    0.2261    0.3240  -0.143    7
54586.270   -0.052878736982   -0.058802399749    0.7066    2.9569   0.186    3
54592.208   -0.053925576370    0.138600001875    0.3269    0.2742   0.224    4
54594.268   -0.535213092923    1.713797999514    0.5640    1.3930   0.374    6
54599.207   -0.008066185843   -0.040701598891    0.3013    0.2063   0.104    8
54602.271    0.587791044439    0.093099601628    0.2373    0.7174   0.079   26
54609.273   -0.117559431593    0.688298400675    0.2097    0.7551  -0.217   26
54614.207    5.372731880657  -17.141000398269    5.6816   19.9896  -0.972    4
54623.269    0.562696040256   -2.939900399923    0.4140    1.5378  -0.592    7
54628.270    0.522364703474   -2.449900797430    0.3885    0.9853  -0.195   17
54634.209    0.138471153907    0.329198399740    0.2437    0.1935   0.088   18
54641.207   -0.672787800175    0.465397202376    0.5617    0.3887   0.316   11
54644.271    0.712520622788   -2.581401598079    6.0847   10.0095  -0.980    3
54648.209    0.449617619236    0.386398800956    0.2947    0.2261   0.152   15
54650.269    0.196128833948   -0.016502399447    1.1873    1.9093  -0.546    6
54655.207   -0.062737612351    0.060300001792    0.2556    0.2654  -0.025   32
54662.209    0.213756370242    0.749397599975    0.1758    0.2452   0.138   36
54676.209   -0.010905510974   -0.309999600390    0.3999    0.3325   0.097   16
54677.224    3.718250014589    1.959998400380    3.1404    1.7500   0.802    3
54690.497   -0.057661144373   -1.468400399673    0.5733    1.5278   0.240    3
54691.502   -1.657919705368   -8.178202799769    3.3090   13.5432   0.994    5
54692.499    0.191647619591   -0.351302398371    0.2966    0.8749   0.423    3
54693.500    0.018520314834   -0.348300000041    0.2013    0.2859   0.193   19
54695.501    3.319270728941    4.553798400764    2.4799    7.4725   0.967    3
54696.502    0.065874666186   -0.925401598550    0.1776    0.3716   0.249   33
54697.499   -1.144514170061   -4.307500797651    2.0077    7.4777   0.980    3
54698.500    0.087832820319   -0.719301597485    0.2483    0.3733  -0.231    5
54700.501    0.282168964741    0.387997202367    0.1776    0.3247  -0.102    9
54701.499   -2.145628054207   -9.146001597671    1.5067    5.4010   0.924    3
54702.499    2.056598001766    7.411698000936    1.9035    6.1619   0.950    3
54703.500   -2.458570673394   -9.228401997774    2.0955    7.7134   0.983    4
54710.999  -13.067807352310   -3.148599598646    7.9015    3.2875   0.670    4
54712.208   -0.338636341324   -0.479001599984    0.3738    0.2896   0.068   13
54713.249    0.160726832959   -0.634201200356    0.1347    0.3550  -0.483   98
54714.271    5.276832874495   -2.631301199330    5.0054    3.4389  -0.991    4
54719.239    0.097691695689   -1.824202798417    1.4111    5.2995   0.909    4
54721.270   -1.115385869172   -2.959801197733    0.9834    2.6954   0.895    5
54725.207    1.703177117395    1.037498400791    0.8468    0.4739   0.679    6
54732.209   -0.233326581227   -0.531802800197    0.4684    0.4777  -0.062    3
54735.270    0.654264224794    0.770799600147    0.4701    1.8778   0.279    5
54739.207    0.086187262978    0.228999600083    0.5145    0.2478   0.348   27
54748.247   -0.417506529145   -0.607899599459    0.3867    0.3150  -0.083   12
54749.273   -0.210920305658    0.135197999995    0.7308    0.5892  -0.776   11
54756.271   -0.694147440140    0.687499199969    3.9736    5.3309  -0.934    3
54760.209    0.243630113702    0.185497201599    0.2770    0.3823   0.507   13
54763.273    0.312491033420   -0.989099998705    0.4063    1.2193  -0.143    8
54784.268    0.180444379914    0.524098799559    0.4832    0.6215  -0.479   11
54788.209    0.006571428803    0.019800001638    0.5478    2.0123   0.421    3
54789.228    0.820217918464   -0.215802000270    1.2567    0.6647  -0.032    6
54791.273    0.437220611769    0.140198400089    0.5093    1.1872   0.568    4
54795.207    3.168997821189   -2.088802797928    1.6510    1.1163  -0.933    9
54796.270    0.234219563552    0.497199599891    0.3032    0.9874   0.583    8
54805.270    0.805878032522    3.053199600345    1.4488    3.4239   0.938    4
54812.272   -0.355962684583   -0.850301998412    0.3654    0.8562   0.273    9
54816.209    0.059152844650   -0.163101599426    0.2952    0.2530  -0.108    8
54818.251   -0.048845644060   -1.489899598894    0.1841    0.4089   0.375   68
54819.270    1.597716964566    3.800897999540    1.2529    3.2846   0.945    7
54823.207   -0.325192494468    0.148698001112    0.1803    0.8220  -0.235    7
54824.266   -0.430649182966    1.118797202082    1.3409    1.3561  -0.356    5
54830.205    0.186119362062   -0.229499999804    0.2007    0.8638  -0.460   14
54837.207   -0.035552393722   -0.512301599542    0.2030    0.9144   0.622    9
54840.268   -0.018971696817    0.200199600897    0.2234    0.3106  -0.086   23
54844.205    0.365369974186    0.157298401504    0.3163    0.7864   0.534   18
54847.266   -0.354618320276   -0.291099598826    0.4304    0.7891   0.216   15
54852.208    1.071767289607   -0.237301199491    0.4197    0.2093  -0.432   18
54861.270   -0.067369423226    0.020998799499    0.2391    0.3260   0.176   16
54868.272    0.561799797384    0.573199200105    0.3160    0.7123   0.352   14
54875.270   -0.555228164797   -0.018701999949    0.3010    0.5526   0.215   23
54882.272   -0.078723055635   -0.053099997999    0.2629    0.2830   0.098   22
54889.270    7.700747193254   22.681799999802    3.5360    9.7767   0.992    3
54917.270   -0.453804773005   -0.331902000283    0.2811    0.9397  -0.021   33
54930.269    0.403908825225   -3.909700799909    0.5481    2.1745   0.439    7
54938.272   -0.113823863590    0.064598400229    0.2310    0.3237  -0.077   25
54945.270    0.889530627734   -1.653901198395    0.5124    0.8251   0.048    6
54958.269    0.821562282771   -0.827002799042    0.3191    0.6296   0.049   16
54966.268    0.530430889316   -0.200901599356    0.2675    0.4658   0.144   26
54973.270   -0.009561146667    0.375998400415    0.3432    0.4295  -0.262   18
54980.268    1.134354509226    3.068100001258    2.5744    6.8547   0.990    3
54993.271    0.501600317130    0.806198400838    0.4762    0.3930  -0.249    7
55008.268    0.645000603045   -0.973000799931    2.2686    1.4767  -0.915    7
55014.269    0.317122844294   -0.547599597667    0.5897    0.8411   0.231    7
55022.268    1.633868076241    1.395298801299    1.0187    2.1325   0.779    4
55029.270   -3.918863323442  -10.031601597404    1.8385    3.6240   0.684    8
55036.268   -0.278884982505   -0.005000400094    0.3448    0.4186  -0.063   19
55043.270    1.130622405554   -1.092599997676    0.4611    0.5832   0.076   11
55050.269    0.230483995549   -0.133901999888    0.1917    0.2843  -0.006   16
55057.270    0.711922108619    1.433898001935    0.6525    0.9937   0.169   12
55064.269   -0.008664903795    1.157598001456    0.9458    1.1018   0.399    7
55078.269    0.612437927187   -0.125801999218    1.0699    3.2798   0.914    5
55085.270    0.192694255196    0.854197202571    0.7263    1.7802   0.263    8
55092.269    0.688020668442   -0.828601200453    0.6148    0.9324   0.150    6
55099.270    1.396060076872    2.256800400957    0.6839    1.4785   0.671    8
55106.269   -0.927922142803    0.823798801974    1.0892    1.2173  -0.480    8
55113.270   -0.146390207564    0.548899201291    0.4153    0.7781   0.366   15
55120.269   -0.217939855896   -0.128300397506    0.2601    0.7354   0.179   18
55127.274   -0.557321843574   -0.572702397506    1.2540    1.9862   0.349    4
55134.269   -0.346254405731    0.044899201157    0.4616    0.6182   0.230   11
55141.271    0.071997769768    0.180500401825    0.1775    0.4797   0.152   29
55145.208   -0.568672011653    0.541998001680    0.5933    0.7203  -0.507   19
55148.269   -0.031669897318   -1.222199998807    0.5353    0.6370   0.286   23
55154.248   -0.077228094811    0.265698001201    0.0936    0.2126  -0.215  129
55155.271   -0.015236128814   -0.018701999949    0.5104    1.2991   0.367   10
55160.271   -1.305839517189    3.980098800938    0.9663    1.6743   0.050   18
55169.271   -0.464706819648   -1.964199599769    0.4467    1.5478   0.540    4
55176.269    0.013142653821   -0.293399998696    0.2944    0.7867   0.501   18
55183.271    0.077224834264   -0.315899997361    0.3296    0.7092   0.466   30
55187.208   -0.078572459118   -0.520199998277    0.1234    0.4581   0.321   43
55188.271   -0.388973481877   -0.257799599268    0.2593    0.6064   0.429   17
55195.273    0.167298057978    0.378698400638    0.4572    0.8678   0.640   15
55204.273   -0.500556738289   -0.264401997896    0.3337    0.5088   0.369   21
55211.271   -0.210321587705   -0.004201199388    0.2614    0.6057  -0.213   24
55218.269   -0.202405998380   -0.602701197749    0.1631    0.6295   0.211   25
55222.206   -0.324744373032   -0.626900400391    0.3054    1.7984  -0.674   10
55225.271   -0.115469420932   -0.126601199923    0.2283    0.3536  -0.008   35
55232.269   -0.633352706264   -1.380401997508    0.5425    1.7517   0.403   20
55239.271   -0.266487975038    0.621799200928    0.3692    0.5675  -0.104   14
55245.228    0.056015790816   -0.391802398525    0.4268    1.4440   0.093    4
55246.269    0.080662877348    0.431298002113    0.1324    0.3772   0.197   29
55253.271    0.025690257805    0.397497599636    0.6070    1.5085   0.649   20
55287.272    0.000000000000   -0.601599598937    0.1884    0.5300  -0.034   27
55295.271   -0.348344416392    0.597600001484    0.2523    0.3920   0.027   38
55302.269    0.186119362062    0.213300001661    0.1672    0.5630   0.019   17
55309.271   -0.138621546640    0.510397199704    0.2084    0.5431   0.259   29
55313.208   -0.503245670687    5.104998001926    0.5449    2.5463  -0.560    3
55316.269   -0.005825578664   -0.492800398888    0.2685    0.5466   0.105   54
55323.271   -0.274253171631    0.144799199830    0.2193    0.5951   0.262   32
55330.269    0.004628346543    0.230799600232    0.2116    0.4789   0.394   60
55337.271   -0.274554160881    0.698799600585    0.1614    0.5441  -0.050   77
55344.269    0.102319838448   -0.176302799559    0.2826    0.3603  -0.444   19
55351.271   -0.059901751551   -0.364201200398    0.3540    0.4108   0.149   24
55358.269   -2.556111568781   -5.650102798427    0.2847    0.8402   0.457   26
55365.271   -0.522515096207   -0.222001198225    0.3673    0.5477   0.043    7
55372.269    1.229357272516   -4.803202798698    0.7288    6.0721  -0.776   11
55379.271   -0.008367378877   -0.642902400116    0.4416    1.3714   0.557    7
55386.269    0.989462726817   -0.779601599277    0.6182    0.8739  -0.169    8
55390.207   -0.246770428083   -0.094402799178    0.2970    0.2667   0.025   12
55397.209   -1.360510943697    1.202299200997    0.6851    1.6709   0.365    7
55398.228    0.636339367365   -1.666702798175    2.1364   10.9713  -0.883    6
55404.207   -0.619310345240    0.482698802529    0.4890    0.4324  -0.809    9
55411.209   -0.474117369798   -0.365500797628    0.3376    0.9528  -0.228    6
55418.207   -0.418700296935    0.370497600599    0.4778    0.5079  -0.572    6
55432.207   -0.317871954980   -0.231101998338    0.2583    0.5331   0.344    5
55435.271   -1.057280067694    0.248900401090    1.4632    1.0740  -0.683   16
55442.269    0.009708278853   -0.162302398721    0.3530    0.4298   0.082   12
55453.209   -1.197095382124    0.035798401044    0.5283    0.3567   0.359    8
55456.269   -0.036298040076    0.508100400154    0.3433    0.9799  -0.245    8
55470.269    0.724917630255   -9.560401200304    5.3840   36.4095  -0.985    5
55482.206    0.349237398716    0.373399199560    0.1431    0.1923   0.087   50
55495.209    0.250649663940   -0.398001599677    0.3272    0.8793  -0.173   13
55518.249   -0.209127819915    0.541598401327    0.1314    0.2662   0.122  151
55519.271    0.003434578753    0.237398401737    1.2735    0.4404   0.933    5
55530.207    0.169241140238   -0.289900797767    0.1573    0.2451  -0.213   19
55547.271   -0.272761675138   -0.612601198569    0.3323    0.7762   0.198   34
55553.269    1.635510169251   -1.221001197749    1.0389    1.4366  -0.764   17
55558.207    0.034953879553   -1.384901997881    0.1929    0.4627  -0.034   43
55565.209   -0.128762671270    0.417798000996    0.1538    0.1946  -0.215   14
55615.230   -0.409139150268   -0.409802400014    0.2179    0.4913  -0.327    6
55621.209    0.101423595576    0.911498399958    0.3674    1.1361  -0.557    3
55663.209    0.586446680132   -0.174402000042    0.2869    0.4353   0.144   11
55670.207   -0.093808791716   -0.254800798061    0.1637    0.2379   0.066   67
55678.210   -0.514896828015   -0.168501599873    0.2013    0.7540   0.177   22
55685.226    1.086555500769    0.478097999590    0.9544    2.5594   0.683    3
55701.272   -0.063935048257    0.029199599538    0.2212    0.4053   0.212   29
55705.209   -0.646645956602   -0.411501597597    0.3689    0.3438   0.083   36
55708.270    1.977430289026    0.534200402313    2.2463    1.8646   0.651    6
55719.206    0.527294039267   -3.137000400244    0.5276    1.4032  -0.180    4
55734.228    0.097541099172   -0.076499999935    0.2622    0.2074   0.208   30
55736.270    0.936433189534    0.116899200719    0.6178    0.7728  -0.287   20
55743.268   -4.602406241857    3.278998800482    5.6194    7.4366  -0.815    3
55761.206    1.412791370295    0.280299601130    0.8744    0.3124   0.081   23
55776.228   -0.185674704957   -0.028702800137    0.1400    0.2436  -0.284  148
55782.208   -0.151767664792    0.101397600716    0.2935    0.2883  -0.007   18
55796.208    0.385836835611   -0.047901599487    0.3315    0.4202  -0.124   25
55861.251   -1.422352313177    1.208700000888    0.7341    0.7551  -0.089   15
55868.209   -0.318022551497   -0.512999997682    0.1753    0.4983   0.136   16
55869.269   -0.202255401862   -0.114901198955    1.1188    1.1512  -0.322    5
55876.270    9.604387226769   13.254199200574    7.3396   11.1281   0.980    3
55881.231    4.279006436916   -3.834802798508    4.1591    3.2822  -0.943    3
55883.269   -0.246021113613   -1.778000399710    0.2564    0.7356   0.036   17
55923.209    0.209870205722   -0.353401199504    0.1870    0.5682   0.417   36
55930.207   -0.069161908968   -0.293799599049    0.1952    0.2110  -0.205   16
55944.207    0.084993495188   -0.175600797903    0.1745    0.1825   0.064   15
55950.208    0.463212062608   -0.087001199844    0.1898    0.2099   0.171   15
55951.227   -0.113078217236    0.267800402654    0.1289    0.2450   0.096   14
55953.269   -0.120248363991    1.478898002460    0.4508    0.7782  -0.565   35
55960.271    0.299943429436    0.746398801965    0.2421    0.5810   0.309   22
55966.250    0.046157119230    0.373298400191    0.0674    0.1498  -0.026  171
56016.271    0.551940922015    0.438699601446    0.6646    1.0550   0.116   21
56022.268   -0.769583049208    2.503198800241    0.5344    1.3408  -0.275   34
56030.271   -0.348792537828    0.889797601999    0.1617    0.4879   0.076   34
56058.267   -0.480989787850   -0.001400399796    0.1724    0.3854   0.018   78
56084.207   -0.387930106820   -0.295199998845    0.3035    0.2546   0.011   16
56085.252    3.758434422969    4.840898402136    2.9404   13.0501   0.640   11
56114.271   -1.091187107859   -1.607202000287    3.3987    6.3228   0.977    4
56135.273    0.724171983901   -0.181501198071    0.4440    0.5931   0.384   23
56142.271   -0.037943597418    1.629997199615    0.3183    0.6079   0.087   19
56146.208   -0.286503046912   -0.071902800514    0.2017    0.3524   0.072   34
56156.271    0.447527608574    0.449100001987    0.4087    0.5587   0.537   17
56205.269    0.021958357918   -0.401601599975    0.1586    0.4075  -0.092   58
56211.208   -0.419596539806    0.317098801617    0.1715    0.2681   0.032   31
56216.209   -0.103068949133    0.569199602651    0.1898    0.2751   0.285   24
56223.207   -0.103965192005    0.140799602377    0.2359    0.2909   0.090   12
56233.269    0.169391736755   -0.041400000228    0.1708    0.2595  -0.005   24
56252.266    0.725068226772    0.225198001047    1.0173    1.0906   0.214    5
56272.209   -0.253639381804    0.081097202553    0.1732    0.2158   0.020   20
56273.231   -0.033462383061   -0.164901599575    0.2608    0.3046   0.008   15
56274.250   -0.422134671903    0.794797200854    1.6746    1.4612   0.339   13
56275.270    0.077224834264   -0.845499599933    0.1932    0.5692   0.126   47
56282.271   -0.065576937483   -0.460202397790    0.2272    0.2456   0.182   22
56295.209   -0.198372905458   -0.381002397631    0.3020    0.5229   0.560   11
56296.271    0.429753143879    0.372999602405    0.4399    0.5187   0.216   22
56300.209    0.041077186920    0.000399600353    0.1140    0.3520  -0.096   40
56317.270    0.091865913241    0.069800402258    0.2803    0.6104   0.018   33
56336.208   -0.400477710804    0.354398401825    0.2474    0.2217  -0.066   26
56342.209   -0.180146651212   -0.528501597685    0.1469    0.3408   0.147   38
56352.272   -0.377175192363    1.562497200425    0.5542    0.6711  -0.438    8
56378.270   -0.287549886300    0.061999202572    0.1189    0.3449  -0.252   58
56387.270    0.155499972248    0.318697199830    0.2507    0.6755   0.533   30
56391.207    0.097989220608   -0.033699599911    0.1278    0.1773  -0.169  115
56394.272    0.801844735816    0.550897199858    0.5365    0.6503   0.275    8
56400.247    0.013443846855    0.614498400964    0.4495    1.1074   0.574   47
56415.270   -0.274106039445   -0.393299997370    0.3721    0.4545  -0.363   18
56441.206   -0.700722333274   -0.493102800192    0.6046    0.9100   0.757   11
56447.207   -0.452757933617   -0.392900400215    0.2796    0.4942  -0.149    6
56450.268   -0.343117555681    0.166698002602    0.7812    0.6997   0.045    8
56454.206    0.353718613073   -1.061200797636    0.2480    0.4412  -0.280   11
56461.207    0.141608003957   -0.475199997751    0.2007    0.4047  -0.153   19
56471.270    0.479792759513   -0.551300397333    0.2833    0.4985  -0.628   70
56482.206    0.270965928848    0.025797600856    0.1617    0.1636   0.335   33
56485.270    0.598843687599   -0.706100397352    1.4872    1.5877   0.876    4
56492.272   -0.576143147658    0.400399201794    0.2327    0.5564   0.083   30
56506.272    0.379709860129    0.976399201491    0.2529    0.7114   0.018   19
56513.270   -0.149376461097   -0.548301599324    0.2542    0.4167  -0.051   47
56517.207   -0.037642404384    0.743799601111    0.2006    0.4019   0.479   17
56518.270   -0.068864384050    0.471200400298    0.2298    0.4944   0.022    6
56527.270    0.631556959974   -0.294001197787    0.4689    0.4962   0.109    4
56531.208    0.110536620808    0.664099201231    0.2219    0.2176   0.210   16
56541.270    0.126070478324   -0.256899599194    0.1830    0.5030  -0.178   58
56555.270   -0.035702990239    0.030600002532    0.1839    0.2501  -0.066   25
56560.208    1.107018694079   -5.376099597498    2.2546    9.2902  -0.993    3
56569.270   -0.464111566026   -0.008600400392    0.3478    0.4887   0.690   35
56576.268    6.713826470433    6.219298800758    7.8891    8.1481   0.962    4
56587.208   -0.336542662547   -1.473501599136    0.2515    0.5390  -0.205   15
56604.272   -0.104266385039   -0.123800400331    0.5919    0.2069   0.327   23
56615.208    0.282767682693   -0.049100397348    0.3934    0.3587   0.426   10
56626.286    0.185373715707   -2.406902398988    0.3200    1.3983   0.487    5
56628.225    0.042869672663   -2.213200800227    0.3421    2.2839   0.432    7
56629.208   -0.782578774628    0.049899601251    0.5147    0.1650  -0.182   12
56632.269   -0.433337911580    0.639698399851    0.3145    0.9779   0.185   10
56632.269    0.230634592066    0.940697999496    0.1473    0.4175   0.062   47
56634.263    0.083050412928    1.330099201979    0.2697    0.9082   0.019    9
56636.257   -0.459479755152    0.949298399888    0.2669    0.8230   0.114   15
56638.251   -0.381953931638    1.044000000050    0.2992    0.9483   0.058   13
56639.270   -0.126672660608    0.314100000409    0.1629    0.4003   0.393   25
56641.243   -0.368359692050    3.108499202042    0.2769    0.8881   0.124   14
56660.269   -0.308310808313   -1.272099600058    0.4297    1.7479   0.507    4
56666.248    0.346699266619   -1.287100800340    0.5183    0.9244   0.098   21
56674.269   -0.234222824099    0.215697600581    0.2859    0.2053  -0.160   54
56679.207   -0.148182693306    0.236998801384    0.2147    0.1775   0.271   57
56687.250    0.179397540526    0.134499601856    0.1044    0.1081   0.088   98
56688.269    0.268427592967   -1.202201998751    0.9100    1.0673  -0.096   10
56699.208    0.007467671674    0.544197602181    0.1150    0.1723   0.074  108
56702.265    0.698628858281    0.094697999842    0.5911    0.3339   0.452   10
56707.229   -3.662983334459   -0.804200399074    4.1594    1.1580   0.943    3
56709.271   -0.475762927139   -0.050799598128    0.6108    0.5303   0.695   44
56713.208   -0.134885978637   -0.205700397515    0.1840    0.1727  -0.109   32
56716.269    0.602281730683    0.214898399875    0.5150    0.2508   0.210    9
56728.209   -0.335646419675   -0.173401197401    0.1519    0.1875  -0.320   72
56741.208   -0.010159864620   -0.141299998901    0.1599    0.1502   0.212   25
56743.250   -0.319216319287   -1.179802799456    0.0641    0.0952  -0.043  290
56762.206    0.010902046643    0.217198799746    0.3176    0.1433   0.046   19
56772.273   -0.509221845868   -0.338799599575    0.2238    0.6458   0.401   12
56776.206   -0.074388769680   -0.690800399283    0.3063    0.9915  -0.421    3
56777.269    0.146537339749   -0.298900798512    0.1427    0.2161  -0.071   94
56805.207   -0.154456393406    0.339998400634    0.1554    0.1739  -0.164   18
56807.271    1.590098696375   -0.768999599998    2.0104    2.1765   0.847    6
56819.207    0.192393265946   -0.160599597621    0.2774    0.1799  -0.182   11
56820.248    2.569254426387    8.576999999832    0.3356    0.5006   0.057   24
56826.209    0.181190026269   -0.302500798810    0.1581    0.1856  -0.303   48
56840.253    2.055253637459    2.157300002636    0.5801    1.1577   0.202   10
56846.206    0.911040660432    0.070297201660    0.7038    0.6351  -0.159    5
56860.206    0.313688469326   -0.055799998222    0.2784    0.1756  -0.051   17
56875.043   -0.071402516147    0.077299200640    0.1491    0.2311  -0.236  146
56877.271   -0.201957876944    0.602600401578    0.3548    0.4430  -0.545   18
56884.269    0.075432348521   -0.111902397748    0.2581    0.2565  -0.331   19
56888.207    0.081559120219   -0.374101198020    0.1312    0.1339  -0.053   32
56910.227    2.781218107102    5.828698800414    0.3858    0.7513   0.177   52
56912.269   -0.375529635021   -0.572399999399    0.2917    0.5219  -0.089   30
56926.269    1.648505690887    0.813697202418    0.2087    0.1681   0.039   24
56930.207    1.156463259876    0.162997199737    0.4472    0.2938  -0.112    9
56932.270   -0.062142358730    0.691099200267    0.2349    0.2581   0.009   43
56934.498   -0.594365733789    1.989399601854    0.3341    1.1657   0.288    6
56935.499    3.947242513645   -2.283501599010    0.4035    1.0599   0.208    6
56944.207    0.360293506207   -0.944801999836    0.3805    0.4897  -0.382   16
56951.208    0.917611885450   -1.593802798538    0.1831    0.2438   0.111   47
56952.271   -0.272761675138   -0.195501598910    0.5821    0.2908  -0.292   12
56961.271    0.765098370520    0.587098801574    0.2409    0.1950   0.072   26
56979.209    0.957197575878    0.951800401694    0.1942    0.1818  -0.053   20
56986.207    0.247960935326   -0.282200397450    0.2467    0.3209  -0.304    7
57057.230   -5.352866997732   -1.715500797417    0.5284    0.3070   0.037   39
57071.226    0.425866979359   -0.219999599338    0.5579    1.0104   0.116   35
57085.208    0.499062185033   -0.571802397431    0.1472    0.1233   0.028   64
57092.232    0.365670963436   -0.026301597700    0.5317    0.7714  -0.113    4
57098.207    0.607659187912   -0.728002800443    0.1383    0.1861   0.007   52
57107.251    0.233172724163    0.192099600227    0.0800    0.1377  -0.089  310
57113.226   -0.285904328959    3.245799600293    0.3640    1.1891  -0.074   25
57135.251    0.081559120219    0.209797200412    0.1028    0.1445  -0.093  223
57169.208    0.100079231269   -0.670100397571    0.1194    0.1535  -0.172  102
57171.268   -0.439163490244   -0.179802000488    0.4460    0.1794   0.066   24
57175.209   -1.186637992586   -1.948402799101    0.1530    0.1839  -0.062   35
57177.583   48.331899428159  -92.589901198892   91.9639   91.3781  -0.725    4
57178.270    0.193888226770   -0.283600800444    0.2690    0.2039   0.265   91
57185.268   -0.128762671270    0.151297201967    0.2729    0.2555   0.036   51
57213.272    4.984805034384    1.902200400394    0.1473    0.1320   0.002   69
57220.270    7.457716001289    4.479098400978    0.1780    0.1720   0.004   63
57227.272    0.151914796978   -0.420001198620    0.2584    0.2214  -0.164   80
57237.999    0.719690769543    0.925498800797    0.4747    2.0981  -0.153   34
57241.268    0.417800589732   -0.471801599389    0.1313    0.1240   0.033  155
57246.206    1.978624056816   -0.966401998426    0.1737    0.1770  -0.025   85
57259.209   -0.446036112081    0.429800400070    0.1888    0.1097   0.386  125
57274.206    0.511010867280    0.100897200994    0.1230    0.1583   0.109   69
57283.268    0.991402140962   -3.115000798104    0.6754    3.0899   0.870    4
57290.270    0.295910336515    1.291500001344    0.1863    0.3549   0.375   38
57295.230  -12.018743863192   -2.858101198910    0.7470    0.8271   0.016    4
57302.228   -2.138457907451   -0.452199599366    4.0343    0.9086   0.866    3
57309.208    1.809831241799   -0.931600799703    0.1215    0.1402  -0.007   28
57315.209    0.776900328149   -0.159101998776    0.1611    0.1863   0.008   23
57322.208   -0.503693792123    0.089899201683    0.2662    0.3011  -0.041   46
57325.268   -2.394786221654    1.154998800601    0.2847    0.2633   0.062   20
57332.270    2.751344159858    0.481798802454    0.4218    0.1575  -0.109   29
57336.208    0.199115087481   -0.274402798084    0.1519    0.0960   0.134   41
57337.227    0.343859941488    0.314899201115    1.0447    0.8709   0.001    6
57339.268    0.165208047316    0.867999601795    0.1031    0.1113  -0.115   71
57367.268    1.099999347625    0.126500400555    0.0954    0.1309  -0.090   98
57372.225    0.120994214130   -0.694900799303    0.7125    1.1428  -0.432   27
57373.248   -1.565903399394   -0.139100398400    1.5090    2.2735  -0.498   13
57392.208   -0.469188034005   -0.509000400228    0.1048    0.2195  -0.088   69
57395.272   -0.439611611680    3.115598400072    0.2221    0.3286  -0.124   74
57400.207    0.233172724163    0.169797599980    0.1212    0.1359   0.155   63
57414.207    0.331462934021    0.567198000567    0.1057    0.0953  -0.036   83
57416.270    2.056748598283   -1.374102000185    0.1481    0.1237  -0.065  107
57420.208    0.157439386392   -1.227902397360    0.1391    0.1895  -0.215   23
57434.208   -0.171334615230   -0.665600400396    0.1758    0.2349   0.091   38
57437.269    0.920003089146   -0.566301597615    0.1499    0.1818  -0.189  101
57443.251    2.534451143351   -2.103901200456    0.1995    0.3639  -0.086   31
57444.270   -0.986773794419    1.778598001678    0.2944    0.2759  -0.165   25
57462.208   -0.483528123732    0.197600400043    0.2224    0.2936   0.021   18
57465.269    2.082890645639   -0.727700399139    0.1732    0.2266   0.365   69
57469.206    0.409436878971    1.203998401778    0.1772    0.4003   0.433   34
57497.206    2.142190214907   -1.212101999570    0.1725    0.2136   0.095  106
57518.208    0.584951719308   -0.833601597350    0.2172    0.5285  -0.117   46
57528.271   -1.029793859815    2.551899600434    0.2244    0.4042   0.004   75
57532.208    0.956448261408    0.542700000139    0.3216    0.3830  -0.482   44
57547.209    0.649481817402    0.272098801091    0.1932    0.4967  -0.005   56
57563.269    0.891771234912    0.468698401690    0.1875    0.3074  -0.022   69
57567.206   -0.622149670371   -1.528599598899    0.1863    0.3653   0.092   55
57570.271   -1.182604899664    0.010598402156    0.1046    0.2634  -0.362  155
57576.250   -0.037642404384   -0.250901999976    0.0874    0.1770  -0.061  364
57582.229   12.454172193002    5.571399600868    1.0915    0.9078   0.153   12
57588.208   -1.978028803195   -2.931400798900    0.2278    0.4040   0.231   52
57591.269   -0.386435145995   -2.722600797611    0.1878    0.2761  -0.138   47
57595.206    0.196426358867   -1.312199999859    0.1107    0.1818  -0.007  102
57597.248    1.240861501443    4.281300002518    1.3143    1.6218   0.032  156
57602.208    0.450961983543   -0.883000798879    0.2246    0.5311  -0.023   44
57618.228    4.726684438223    5.248998001051    1.1149    1.2743  -0.062   17
57624.229   -1.821632791860    0.770399999794    2.1785    1.1196   0.447    6
57633.269    0.872053687957   -0.167702399168    0.1786    0.2121  -0.082   38
57636.998    0.157141861474   -1.608901197869    0.3170    1.5177  -0.566   20
57651.206   -0.522367964021   -5.359201198019    0.1603    0.2744   0.453   80
57661.269   -1.695261120501    3.060597602556    0.3560    0.4607   0.167    7
57666.207   -0.568223890217   -0.840801597946    0.3002    0.2084   0.149   32
57675.269    2.009397915047    2.661897601541    0.1754    0.1734   0.107   32
57679.207    1.252211669521   -1.157702397947    0.1721    0.1884   0.010   27
57686.208    1.755758533243   -0.293302799648    0.2402    0.1795   0.013   39
57710.267   -0.655461456915   -1.857401998606    0.2999    0.3735   0.053    5
57714.208    0.106352931369    0.983098802365    0.3438    0.1764  -0.150   10
57715.271    0.142203053794   -0.437000397469    0.1447    0.1617  -0.083   31
57723.248   -0.258271192678    0.159498002006    0.0886    0.1551   0.046  271
57729.228   -4.606737063482   -0.688701598150    2.4561    0.5790  -0.534    3
57735.207    0.285008289872    1.153400402387    0.2757    0.1272   0.240   46
57744.272   -0.275748132455   -0.911502000278    0.1054    0.1612  -0.055   70
57750.207   -3.862101886271    8.341797601474    1.6149    1.9323  -0.845    8
57764.207   -1.225775561578   -1.476701999081    0.2583    0.1787   0.231   28
57770.475   -0.091120063102    0.788000400931    0.4352    0.7707   0.152   10
57771.209    0.171331354683    0.567000002150    0.1251    0.1312   0.014   37
57778.229   -1.176033470862    0.434199601074    0.2562    0.2402  -0.032   43
57780.271 1318.180172213327   -0.452199599366    0.1883    0.1681  -0.212   57
57785.231   -0.349538387966   -0.285602399330    0.0783    0.1313   0.013  352
57786.247   -1.064898335886   -1.104602399948    1.8419    1.6829   0.793    3
57804.381   -0.328777465954    0.109799999493    0.1565    0.3029   0.053   36
57806.208   -0.864883337417   -0.115300799308    0.2410    0.5132  -0.073  264
57808.271   -3.426673760246   -2.228202000509    0.2792    0.2868  -0.027   61
57809.367   -0.224812273949   -0.561301197521    0.1017    0.1774  -0.141   90
57826.209    0.570016579744   -0.706201199918    0.1818    0.2127  -0.132   30
57839.792   -0.507131835207   -0.565199998803    0.1560    0.2457   0.077   45
57840.209    0.939121918149   -0.381801598337    0.1322    0.1228   0.006   91
57841.228    0.175665640639    0.117698401425    0.3595    1.1747   0.031   82
57842.250   -3.080867272167    5.713700402410    0.7327    2.0453   0.559    5
57843.270   -2.144434286416    3.194100002091    0.1895    0.1519  -0.023   83
57862.208    0.134136867951    2.533500001789    0.1381    0.3062   0.036  209
57870.247   -0.389722592562    9.710197199908    0.2620    0.5407   0.039   49
57872.197   -0.069907555323   -0.082202398488    0.1372    0.2481  -0.001   68
57875.167    1.398451280568   -0.226299599859    0.4906    0.2828   0.211   18
57875.189   -0.468144862732    0.159598801375    0.1606    0.2725  -0.392  108
57876.208   -0.310551415491   -0.723599999120    0.0838    0.0707   0.089  328
57877.227   -0.124729578349   -0.482900398069    0.2074    0.9672  -0.042  158
57878.271   -0.477702341283   -0.423399600180    0.1015    0.1078  -0.095   61
57882.209   -0.238105524287   -0.352601998799    0.1055    0.1269   0.062   97
57885.270    1.430268310072    1.872500401134    0.1221    0.1281  -0.084  105
57892.271   -0.026589965008    0.392000400140    0.1114    0.1218  -0.003   87
57904.208   -0.010159864620    0.269697601851    0.2249    0.1120   0.230  176
57913.270    0.299495308000   -0.145601997659    0.1470    0.1494  -0.033   70
57914.628    0.391063696322    0.903999601576    0.1474    0.2995  -0.299   45
57924.209   -1.028750688542   -1.208001599551    0.1208    0.1418   0.166  160
57932.230    0.891172516960    1.312797601827    0.6013    0.4318   0.298   35
57938.209    0.628570502657   -1.915002000175    0.1183    0.2334   0.002  163
57939.228    0.286800775615   -3.623201997627    0.2707    1.3000  -0.140  133
57945.207    1.218752750792    0.696099600361    0.1533    0.1651   0.048  306
57946.230  -25.411743913754  -31.700901599763    0.3358    0.4991   0.031   20
57947.249   -0.436026640194   -0.249602399549    0.4134    0.2953   0.160   14
57954.251    1.562913681530   -2.160899999737    1.8738    3.1808  -0.105   18
57955.270   -0.152663907664    1.456297201230    0.0900    0.1146   0.000  213
57980.209    2.374172635611    0.440798402579    0.1132    0.1736   0.029  131
57983.270   -1.413540480980    0.467100000279    0.1037    0.1155  -0.129  114
57989.249    0.740003366336   -0.112100399363    3.0718    0.6601   0.786   14
57990.272   -0.573153226010   -1.370800797673    0.1186    0.1439  -0.157   80
57997.270    2.749999795551    1.529398799605    0.1256    0.1260   0.117  126
58004.268    0.116659928175   -0.373100398576    0.1750    0.1477   0.182   45
58009.228    1.745749061356    4.304797200305    0.5648    1.7609  -0.035   99
58011.270   -0.677867732484    5.975398799762    0.0742    0.1333  -0.211  232
58023.228   -0.350434630838   -0.830102399618    0.5075    0.4059  -0.071   24
58025.270   -1.072964521728    0.386697601940    0.1127    0.1914   0.007  155
58033.499   -5.895848955363    0.775998001856    0.1543    0.1359  -0.154   76
58036.001    0.407493796711    1.227898800238    0.2956    0.5606  -0.419   43
58043.207   -0.262304285600    0.464299200686    0.0983    0.0947  -0.058  237
58046.268   -4.017153533299    5.930899202156    0.1271    0.1882  -0.235  147
58050.209    1.382318705098    2.452197600178    0.1139    0.1137  -0.066  137
58060.272   -1.369175847493    1.446497999780    0.1910    0.1714  -0.075   61
58064.209   -0.148182693306    0.744699601185    0.2067    0.1397  -0.078   56
58065.228    1.320774860537   -1.690801198251    0.5054    0.6524  -0.440   10
58066.247    0.170883233248   -0.459802797437    0.3533    0.5383  -0.318   19
58072.226   -0.725218619505    0.945698399590    1.8087    0.7176   0.506    8
58073.249   -2.487401245580  -35.753000400263    0.1911    0.1432   0.126   89
58074.272   -0.400029589368    0.576899999771    0.1472    0.1543  -0.045  148
58085.500    0.108894731582   -0.638002799391    0.0591    0.1428  -0.251  177
58085.500   -0.760918145413    0.647298000800    0.0741    0.1689   0.448  312
58086.500    0.877280548669   -0.912099599049    0.2460    0.1389   0.051   20
58087.498    0.813944218364    0.290199601949    0.2767    0.1566   0.020    9
58088.498   -0.308909322481   -0.284799598305    0.2638    0.1432   0.152   19
58089.499    0.200907573224   -2.350799999462    0.0466    0.1390  -0.365  255
58089.499   -1.366487118879    1.496998800121    0.0715    0.0832  -0.063  197
58090.496   -0.282620550508    0.001800000149    0.0534    0.1228  -0.401  194
58090.500    0.911488781868   -0.928000799405    0.0568    0.0750  -0.065  316
58091.453    0.142952368264   -0.416602800257    0.0149    0.0694  -0.246   70
58091.497   -0.820070786278    3.768300001639    0.0432    0.0983  -0.250  240
58091.497    5.255473234530    2.240697601863    0.3920    0.2184   0.474   11
58092.454   -0.101427059908   -0.538901998226    0.1475    0.5069  -0.629   50
58092.498    0.156543143521    0.782697599533    0.0394    0.0910  -0.238  252
58092.498    1.696455295860    1.732899599816    0.5614    0.2333   0.774   15
58093.451   -1.040699370789    0.906497999864    0.2482    0.6414  -0.801   44
58093.499    0.521317864085    1.921899602664    0.0618    0.1078  -0.362  166
58093.499  -33.243942710676  -16.277702398781    0.5394    0.2384   0.750   15
58094.452   -0.285158682605    1.279497602269    0.0931    0.2824  -0.650   60
58094.496   -1.857784107319   -1.295200797813    0.6775    0.2796   0.819   15
58095.478   -0.566732597508   -0.012200397492    0.1775    0.4101  -0.639   50
58095.497    0.358199827431    0.642200401657    0.0662    0.1439  -0.387  181
58095.500   11.389575050150   -1.490202000198    0.2816    0.1550   0.645   77
58096.497    0.290385950885    0.981597600003    0.0562    0.0734  -0.088  436
58097.498   -0.423030914775    0.120200400033    0.0604    0.0772  -0.068  362
58098.499    0.217190745211   -0.046702798429    0.0514    0.0977  -0.440  258
58098.499   -1.079535950531    1.411797600426    0.1806    0.1248   0.024   72
58099.500   -0.789598121082    3.644398801939    0.0610    0.0881   0.076  294
58102.268   -1.381124733524    0.975297602679    0.1676    0.1696  -0.087  116
58106.209    0.279182711208    0.537699600045    0.1722    0.1557  -0.040   27
58109.000    0.136976193083   -3.262600797527    0.7918    2.0431  -0.012   51
58115.209   -1.127338423318   -1.295099998444    0.2959    0.4831  -0.222   40
58116.268    0.099631109834    2.029399202286    0.1471    0.4268   0.199   42
58136.247    2.100216988899   -6.604901998131    2.7829   22.6421  -0.970    3
58143.856   -0.457088551457    0.055598399484    0.2124    0.3757  -0.382   36
58151.270   -0.269771957274    0.239900400345    0.1375    0.1681  -0.058   89
58156.227   -3.981005885956  -12.481001998310    2.5432    3.8087  -0.965    3
58157.249   -1.731559364362   -6.692101199590    0.4044    0.7119  -0.109   30
58159.408    0.545068503962    0.024699602363    0.1425    0.2805  -0.228   91
58164.248   -1.716025506845   -1.585400399762    0.4813    0.6674  -0.286   18
58170.227    0.645151199562    0.818298002159    0.7821    1.4644   0.050   19
58190.206   -0.802446918100    0.495198001005    0.1970    0.1860   0.059   41
58191.229    0.175515044122    0.254998799676    0.2549    0.8004   0.046   13
58193.270    1.146453787990    1.595797199982    0.2865    0.3127   0.025   42
58203.797    0.115168431682    0.350697602158    0.2646    0.5877  -0.709   90
58205.269   -3.837157274821   -0.419900399251    0.2674    0.1862   0.110   24
58212.209   -0.034208029415    0.586800000590    0.1857    0.1452   0.040   77
58213.231   -0.376576474410    0.447397200887    0.0750    0.1282  -0.107  354
58214.269    0.312939154856   -0.261500398935    0.1415    0.1856  -0.086   60
58216.836   -1.761734504640    1.728198000706    0.1194    0.2589   0.019   86
58220.248    0.280674003917    3.059398801497    0.2092    0.7135  -0.142   14
58233.225    0.525053432088    0.491097600985    0.4288    0.9596   0.055   30
58235.270   -0.832320865344   -5.860900798282    0.1544    0.2355  -0.045   93
58238.207   -0.805730696552    1.729198800149    0.1878    0.3461   0.085   28
58240.165    0.471575773369   -0.778600799833    0.2566    0.3813  -0.459  153
58246.082   -0.289489504229    0.330897600520    0.1499    0.7006  -0.141   99
58258.146   -0.377472717281    7.099898400398    0.3385    0.7440  -0.421    3
58274.210   -0.171933333183    0.913597201091    0.2911    0.2388   0.232   31
58277.271    0.553884004274    1.161597602106    0.2035    0.1618  -0.027   44
58279.305    0.847553733611    3.460899602103    0.1291    0.2602  -0.188   36
58282.227   -1.380529683687   -9.726001198018    0.2335    1.4066  -0.058   10
58302.210   -0.240048606547   -0.341999999520    0.2517    0.2331   0.199   36
58303.229    2.715343644701   -0.714099598653    2.0505    0.5215   0.320    3
58304.233   -0.483829112982   -0.371800798149    0.1880    1.1382   0.068   30
58305.271    0.059450369569   -0.073601998096    0.4236    0.5251   0.262    8
58319.271   -0.553288750653    0.865897200342    0.2249    0.2072  -0.258   47
58332.248    0.960481558114   -3.163802397665    1.3016    1.7220   0.287    7
58344.206   -0.152810836065    1.446897600133    0.2755    0.1805   0.008   29
58358.206    1.238918419183    1.530597600663    0.8974    0.2139  -0.146   20
58366.227    0.059898491004    2.692897201229    0.9057    0.4938   0.014   28
58375.271    4.725490670433   -4.578001197331    0.4056    0.5986   0.000   41
58379.208   -0.010905510974    1.947999601626    0.1356    0.1344   0.056  106
58396.269   -0.597653180356    0.401000400885    0.2745    0.2075   0.005   44
58401.229   -0.222869191689   -0.905702399479    0.1178    0.6222  -0.063   99
58403.271   -0.595559501579   -0.203302798596    0.2286    0.2339   0.035   83
58407.208   -1.116583305077    0.720500401741    0.1299    0.1320  -0.123  129
58408.227   14.414276138768   -1.930802397965    0.4426    0.1814  -0.126   83
58414.206   -0.016731089638    1.136300400972    0.1967    0.1725   0.086   43
58417.271   -0.178504761986    0.486500401564    0.3152    0.2598  -0.281   26
58428.206   -0.327131908613    0.928198801020    0.1389    0.1348  -0.050   86
58429.225    0.734030859270   -0.995201997611    0.9847    0.9272  -0.458    8
58430.248   -0.565836354637   -1.199602797897    0.6539    0.7611  -0.359   12
58436.227   -0.525505017855    0.878198400400    0.2936    0.3573  -0.040  128
58437.246   -0.397340860754   -0.951001197791    1.6521    1.1283  -0.519    6
58438.269   -0.123385214041    0.472597199774    0.1554    0.1916   0.138   67
58443.269    0.570762226098    1.449298802569    0.3227    0.3792  -0.080   26
58457.233    0.526548392912   -3.422699998623    0.5673    0.6900   0.210    9
58464.227   -1.550516470279    1.317499200937    0.6491    1.0376   0.286    6
58464.227   -3.574254271268   -1.200801598955    4.9613    1.8977   0.913    8
58466.269    0.107847892193    0.457200002657    0.4708    0.3663   0.218   20
58473.271   -0.202854119815    0.254300401537    0.1611    0.1854   0.187   97
58479.206   -0.577487511965    0.067197601084    0.3701    0.6068  -0.349    8
58486.208   -0.264544892778    0.572299200030    0.1570    0.1391   0.183   84
58491.208   -0.033462383061    0.788698802268    0.2359    0.2419   0.070   53
58491.249   -0.225109798868    1.274799600282    0.0507    0.1542  -0.418   57
58498.207   -0.837400797654    0.623397602340    0.1438    0.1650  -0.003   76
58505.161  -10.025629323916  -17.642102399762    0.2940    0.4042  -0.073   63
58506.209   -0.502947941984    0.016999202046    0.0929    0.1167   0.037  206
58506.249    0.131598532070    0.760798799959    0.0342    0.0750  -0.384   74
58508.269   -0.523113814159    0.687697201585    0.1234    0.1630  -0.174  116
58514.248   -0.060497005173    0.024098400075    0.0895    0.3155  -0.132  128
58515.271   -0.261856164164    0.393098401830    0.1302    0.1952   0.087  104
58519.249   -0.026292440089    0.290599202302    0.0185    0.0550  -0.234   58
58526.207   -0.506533117254    0.313700400056    0.1399    0.1236  -0.021   93
58527.229  -28.863957335288   -1.183802400107    1.0321    0.4773   0.470   13
58529.271    0.168642626069    0.031899599762    0.1582    0.1988  -0.239   23
58534.209   -0.630663977650    0.067698000805    0.1078    0.0957  -0.009  158
58534.249   -0.095303752541    0.223999199989    0.0218    0.0805  -0.270  101
58536.269   -0.750761745124   -0.186299999427    0.4679    0.4608   0.223   56
58540.733   -1.275069530858  -17.912800797859    0.1442    0.2492  -0.060  127
58543.271    0.386284957047    0.381898800583    0.2791    0.2359  -0.380  138
58557.271   -1.017547448865    0.170297999702    0.3888    0.6768   0.567   85
58561.209   -0.790196839035    0.017600401137    0.2518    0.3359   0.147   25
58561.209   -0.578082765587    1.079099999757    0.0430    0.1171  -0.235  352
58563.250   -0.486367448863    4.802997599640    0.5945    1.3118  -0.007   28
58570.249    0.711922108619    1.914098399780    0.2844    1.0225  -0.036   39
58575.209   -0.043321054646    1.254398399553    0.0686    0.1714  -0.448  352
58575.249   -0.223166716608    1.745100000505    0.0268    0.1512   0.063   91
58576.228   -0.413172243189   -0.041302797982    0.1453    0.1626  -0.637   29
58578.269    0.088729063191    0.097200001647    0.1398    0.1361   0.012   73
58582.207   -0.266039853602    0.676897200691    0.0999    0.1262  -0.003  104
58589.209    0.098587938561    2.151298799902    0.1942    0.2847   0.169  200
58589.249   -0.296512518799    0.769597201966    0.1128    0.4561  -0.734   72
58603.209    0.253786513990    0.417999599733    0.0882    0.2609  -0.116  183
58603.249    0.568371022403    0.137199602079    0.1506    0.6251  -0.542   60
58610.083    0.036147851128   -1.382302800224    0.1815    0.4219  -0.179   89
58613.271   -0.091270659619    0.025297201134    0.2126    0.1403  -0.255  340
58617.249    0.175515044122   -2.622801598307    0.1669    0.6915  -0.786   44
58618.228   -0.564638918731   -9.580201198744   39.0641    9.6922  -0.995    3
58620.269   -0.525505017855    0.113399999790    0.3061    0.3249  -0.379   14
58632.210   -0.449918608485    0.451400401857    0.1111    0.1548   0.006  119
58638.207   -0.301140661557   -0.174801600394    0.1051    0.1370  -0.065  122
58641.271    0.383596024648    0.227998800639    0.2073    0.2032   0.046   58
58646.250   -0.691609104258   -0.452300398734    0.2700    0.7576  -0.070   76
58655.271   -0.256926828371    0.328698000018    0.1486    0.1850  -0.018   76
58659.209   -0.131451399884    0.196797602214    0.0969    0.1214  -0.187  141
58659.209    0.160726832959    0.524599202478    0.1206    0.2075   0.289  315
58659.249    0.061092258794    2.836598402567    0.2207    0.5931  -0.360   81
58662.270   -0.287549886300   -0.078202797837    0.1398    0.1421   0.078   60
58669.271   -0.405256450079    0.062197200990    0.1828    0.2069  -0.062   67
58673.209    3.607713393782    0.236397602293    0.2909    0.1493   0.120  133
58673.209    0.121890457001    0.616197601744    0.0815    0.2241  -0.109  165
58687.249   -0.419747136323   -0.133001999814    0.1864    0.6091  -0.204   96
58690.270   -0.165060915130    0.134197200552    0.3982    0.2523   0.222   26
58701.249   -0.266936096474   -0.986000398129    0.0310    0.1568  -0.076  139
58715.209   -0.242436142127   -0.411901197950    0.1411    0.2935  -0.018  212
58715.249    1.919023294515   -3.716002798271    0.1311    0.2163  -0.519  137
58722.207   -0.066175655435   -0.271101598770    0.1358    0.1735   0.249   84
58729.209   -0.582115858508   -0.208601999674    0.1079    0.1213   0.021  158
58730.228    0.431993751057   -1.584201598703    0.0308    0.1035  -0.190  236
58732.248   -1.078790100392    0.366897600301    0.2054    0.2589  -0.945  205
58736.207    0.574945915537    0.213397200710    0.1397    0.1780   0.156  118
58739.272    0.524157189217    0.127497599678    0.1665    0.1960  -0.019  101
58743.249   -0.482932870110   -0.007001998981    0.0454    0.0843  -0.278  164
58744.228  -44.224378202990    3.939800399522   15.7960    1.3532   0.804    5
58747.059   -0.030623057929   -0.391899597574    0.1553    0.3239  -0.108  117
58757.249   -0.319513844206    1.272099600058    0.3605    0.5075  -0.243   90
58785.249    0.161325550912   -0.567500398674    0.1295    0.4816  -0.578   83
58792.207    0.293221607901    0.631098002657    0.3055    0.2224   0.207   34
58802.248    0.107249174241    1.966899599992    0.0235    0.0785  -0.756   69
58809.272    0.020463397094   -0.092901600013    0.2603    0.2396   0.063   37
58813.209   -0.310253686789    0.483498000037    0.2254    0.1635  -0.051   45
58813.209    0.093507802467    0.043200000377    0.0620    0.1148  -0.142  245
58813.249    0.394799264325   -0.965401198982    0.0473    0.1208  -0.519   80
58820.207   -2.558800297396   -0.476801999483    0.7027    0.3399   0.234   16
58823.272    1.069078560993    0.347997601935    0.4350    0.4578   0.375   58
58827.209   -0.021660425431    0.117698401425    0.2823    0.2328   0.341   56
58830.270   -0.115469420932   -0.331902000283    0.3261    0.2634   0.070   13
58835.208   -0.009711743184   -0.661402798130    0.3702    0.3158   0.279   22
58856.206    0.461268980348   -1.137502799153    0.5802    0.4522  -0.202  101
58857.229   -0.489654895430   -0.471002398683    0.0588    0.1030  -0.122  263
58870.206    0.353421088155    0.193298401285    0.0855    0.1248  -0.090  169
58883.249    0.353270491638   -1.079701198847    0.0908    0.1699   0.097  162
58890.208    0.740153962853   -0.894301199494    0.1918    0.1634  -0.081   70
58893.272   -0.612738916437   -0.058600797814    0.3469    0.2828  -0.043   34
58899.905   -1.404728444999   -1.635501599750    1.1985    1.2071   0.774    3
58900.248    0.185821837143    0.366598802515    0.0357    0.0849  -0.589  246
58904.208    1.896470090544   -1.987199998155    0.2334    0.2287  -0.238   70
58905.227    0.890874992041    8.656700399712    0.4366    5.4506   0.691    7
58918.208    0.420937643566   -0.082400400103    0.3964    0.3017   0.088   27
58920.249    1.493156518940    2.500498800018    0.1919    0.7440   0.260   23
58922.379    0.306966444006    0.280800000851    0.2819    0.3197  -0.028  126
58926.228   -0.568672011653   -0.179999998906    0.1933    0.2958  -0.178   84
58941.251   -0.918360996136    4.828100402676    0.5509    2.4133  -0.515    5
58942.891    0.000448325220    0.039200399726    0.1659    0.3085  -0.076  117
58947.227    0.128612278537   -0.516801599915    0.2842    0.4227   0.216   20
58948.271   -0.054524294323   -0.420602397710    0.2865    0.3247   0.630   52
58954.207    0.201803816096   -0.481100397920    0.0695    0.1261  -0.054  253
58976.249   -0.512806817354   -0.043801199467    0.8720    0.7712  -0.580   29
58989.230    1.091635433079   -0.188499599929    0.0626    0.1611  -0.004  376
58995.188   -0.096049398895    0.157197602135    0.1744    0.5827   0.199   31
58996.207    0.231082713502   -0.530499599449    0.2194    0.2342   0.078  103
59009.250    0.076927309345   -0.608702400484    0.1607    0.5031   0.037  131
59010.229    0.770476031532    0.912099602246    0.1634    0.6702   0.269   20
59023.250   -0.519976760325    0.828097200412    0.2054    0.4080   0.104  213
59025.251   -0.042722540478    0.229597202051    0.2102    0.2371   0.323  170
59030.208   -0.385836631827   -0.328499998403    0.1418    0.1271   0.124  102
59037.210   -0.073044405373   -0.412300798303    0.1188    0.1072   0.088  248
59037.250   -0.100681209769   -0.039099600357    0.1750    0.3910  -0.131  174
59039.251    0.286499786365   -0.626302798423    0.1392    0.8708   0.056  113
59051.250    0.181638147705   -2.680700397661    0.0661    0.1606   0.153  227
59053.248    5.643998798755    1.584198001581    0.3879    0.3751   0.002   67
59065.206   -0.671443435867    0.069699599692    0.5542    0.3626   0.102   18
59071.916   47.396810602932   15.010297200391    2.6644    0.7776   0.817    6
59073.209    2.667096514809   -1.217800797804    0.5179    0.4281  -0.348   44
59074.250    0.671888296756   -1.338102000403    0.5250   10.3594   0.613    3
59080.251   -0.081709512952   -1.561600797473    0.0397    0.1458   0.108  136
59093.250    0.374185474499   -1.793300397779    0.1261    0.2981   0.015  110
59101.209   -0.485768730910   -0.938102398962    0.1848    0.3106   0.641  145
59107.250    0.204044423274   -1.160902797892    0.0885    0.3207  -0.517   92
59115.231    0.076479187910    0.365997600227    0.0649    0.1144  -0.015  249
59121.250    1.071917886124    0.663897602493    0.0664    0.1313   0.169  131
59122.229    0.660538128678    4.423197600190    0.4508    4.1123   0.421    7
59128.208   -0.023453114958    0.058197600339    0.1610    0.3522  -0.317   52
59138.271   -0.661735360799    0.574898400885    0.3841    0.3196   0.027   17
59143.231   -0.181792208553   -2.826302398518    0.4524    2.3911   0.302   13
59152.249   -1.305990113706   -5.892101999905    0.1729    0.2737  -0.276  226
59163.250   -0.011801753845   -0.199799997347    0.0491    0.1062  -0.231  260
59165.248   -0.573303822527   -1.237701598811    0.2784    2.4683   0.332   15
59172.250   -0.080963662814    0.034398001247    0.0644    0.1430  -0.221  176
59186.250    1.102985601158   -4.201102800039    0.3067    2.4504   0.322    9
59192.229   41.909208019296   26.392499999872    0.6211    0.4844   0.513   27
59198.208   -0.442153411893   -0.232200000028    0.2356    0.2240  -0.166   77
59213.293   -1.817452770537    3.045999599749    2.8600    3.7478  -0.820    3
59226.208    0.152811039849   -0.378100798670    0.1589    0.1613  -0.022  211
59231.585   -0.925082817672   -1.189501198340    0.8453    0.5706  -0.273   10
59234.229    0.842624194034   -0.997199999375    0.3029    0.7284   0.285   28
59247.250    0.188213040839    0.212997600357    0.0360    0.1217  -0.431  115
59268.208    0.400323853739    0.047300400396    0.1444    0.1374   0.084  232
59270.250    0.639476217415    2.152198799976    0.2327    0.7031   0.246   31
59283.227    0.099182988398   -1.217102399664    0.2396    0.7189   0.060   22
59292.271    0.588389762392   -0.428101199290    0.3066    0.2437   0.071   64
59304.229    2.207021506035   -1.080201598569    0.5858    0.5682   0.421    6
59305.248    0.234818281505    2.523200400617    0.0438    0.0950  -0.275  200
59312.228   -0.046009987045   -0.751100397878    0.1629    0.5660   0.054   79
59320.249    0.238998302828   -1.366901999589    0.0380    0.0935  -0.460  123
59324.209    0.166552411623   -0.344602797497    0.3337    0.2403   0.106  120
59325.217    0.425121333005    0.246999601572    0.2134    0.7134   0.137   21
59333.248    1.999987161113   -2.169500400129    1.3529    0.8186  -0.310    5
59334.249   -0.698929847531   -5.306201999389    0.0242    0.0639   0.486  149
59338.209   -0.212562194884    0.374997600971    0.1579    0.2111   0.033  200
59345.207   -0.056911829903   -0.164602798591    0.1914    0.2659   0.004  132
59348.249   -0.199416076731   -0.385102797651    0.1910    0.4918  -0.548   74
59352.187    0.172378194072    0.369500401476    1.2529    0.5853  -0.444    3
59361.249   -0.002989717864   -1.159199999989    0.3405    0.8914   0.113   10
59366.209    1.189775046420   -0.254602799643    0.6683    0.4493   0.049    7
59367.228    0.008962632498    0.175500001731    0.1548    0.5314   0.303   33
59373.207    0.120395496177    0.384598800807    0.2112    0.2434   0.017   69
59375.249    0.056162923002   -0.844001997891    0.2166    0.3967  -0.499  223
59390.249   -0.295168154492    0.642398400075    0.1705    0.5947  -0.606  164
59394.209   -0.281573711119   -0.569501997560    0.1444    0.1661   0.069   80
59395.228    0.169689261673   -1.353401998472    0.3004    0.6131  -0.060   30
59404.249   -0.140263435865   -0.347302797721    0.1916    0.4234  -0.315  222
59408.209   -0.466649901908   -0.454402800187    0.2133    0.1903   0.135   57
59410.250    0.464258901996    0.640897200910    0.9956    0.5700  -0.091   10
59416.230   -2.538634629005   -0.789800397882    0.3558    0.3745   0.348   98
59417.249    0.312193508501   -1.168599597889    0.1849    0.7092   0.051   29
59418.249    0.330717287667    0.019097999981    0.1730    0.3860  -0.269  108
59422.209   -0.483230395029    0.681098400079    0.1568    0.2515  -0.289  103
59425.251   -0.100530817036   -0.922301997974    0.0976    0.2956  -0.640  226
59431.271    0.241988224476    0.160498801449    0.2032    0.2754  -0.236   44
59438.251    0.319212854956   -0.386402398078    0.1908    0.6961   0.146   21
59439.270    0.338783473509    0.142398000591    0.2073    0.3899   0.082   75
59444.208   -0.272908807324   -0.054802799099    0.1240    0.1902  -0.118  140
59446.249    0.313835397727   -2.232500398947    0.0855    0.4200  -0.398  111
59446.271   -0.148032096789   -2.314799999681    0.3976    0.8276  -0.524   43
59464.041    4.278558315480   -8.123101199686    0.9155    4.2643  -0.325   46
59466.251    1.526016719717    0.354297602456    0.1155    0.2289   0.328  329
59486.230    0.896847499107    4.362699599980    0.3190    2.8642   0.308   10
59487.249    0.020613993611    0.475599601302    0.1723    0.3269   0.078  163
59488.250    0.615424384505   -0.356000400359    0.2127    0.4653  -0.633   92
59492.209   -0.246770428083    0.282697200049    0.1434    0.1596   0.039   93
59514.230    0.914026913965    2.840900401324    0.3462    1.9013   0.811   10
59516.250    0.162967440138   -0.664700400321    0.4436    0.7386  -0.884  163
59516.272    0.298452136727   -0.446302799517    0.2384    0.1982   0.110   76
59528.230    0.133391221597   -0.444401999999    0.1751    0.7157   0.168   22
59542.208   -0.125923346139   -0.064601997352    0.0936    0.1147  -0.008  160
59551.270   -0.063486926821   -0.129999598286    0.1548    0.2059  -0.144  114
59558.250    0.083050412928   -0.398300397464    0.1504    0.3802  -0.887  120
59558.268    0.085889738060   -0.260600398860    0.1601    0.3850  -0.491  104
59562.209    0.004033296706   -0.661402798130    0.2089    0.2517   0.084   82
59564.251   -1.144367241659   -0.087400800197    0.6332    0.3853   0.305   20
59565.270    0.499359709951   -0.615401998161    0.2274    0.2883  -0.356   51
59576.209    0.186119362062   -0.251002799345    0.1955    1.0631   0.208  136
59578.269   -0.344311323471    0.087998402165    0.1875    0.2894  -0.080  171
59590.209   -0.230637852613   -0.199299597625    0.1868    0.1988   0.049   87
59593.270    0.163863683009   -0.260999999213    0.1102    0.3694   0.420  115
59594.585   -1.591149000095   -0.846100799023    0.8411    0.7217  -0.141    6
59597.083    0.043317794099    0.745797599677    0.2467    0.9569   0.126   12
59598.208    0.172378194072   -0.403401600124    0.1713    0.2552  -0.003   28
59600.250    0.028081461501   -0.398102399046    0.0468    0.1505  -0.700  139
59600.272    0.419145157823   -0.210002399470    0.1113    0.1475   0.067   96
59618.209   -0.694147440140    0.122400000535    0.1099    0.1602  -0.147  271
59632.209    0.688468789877   -0.152999999870    0.2023    0.1551   0.171  273
59633.228   -0.272611282405   -0.005900400168    0.2263    1.4566   0.697   14
59635.248   -0.180146651212   -1.099799998272    0.0295    0.0665  -0.601  182
59639.207   -0.158636618514    0.050198402235    0.1071    0.1720   0.058  116
59653.207    0.480839395118   -0.390999597499    0.2058    0.2049   0.376   76
59654.230   -0.436474761630    1.863198002283    0.3025    1.7991   0.704   12
59655.249    0.094106520419    0.061498799653    0.1594    0.1892   0.128  149
59656.250   -0.215100530765   -0.007901999055    0.0553    0.1785  -0.401   64
59656.272   -0.719095515922    0.449398799773    0.2608    0.4170  -0.348   66
59661.206   -0.244379224387   -0.062902799769    0.1649    0.1651  -0.195   90
59667.207   -0.132347642756   -0.316299597714    0.1382    0.2018   0.044   69
59674.209   -0.515793070887    0.185997601321    0.2287    0.1940   0.118   43
59689.206    0.024345893498    0.102798000512    0.1201    0.1965   0.126  120
59690.251   -0.429455415176   -0.095201999883    0.1569    0.6786   0.314   18
59691.248    0.119499253306    0.864997200267    0.0284    0.1021  -0.146  154
59698.272    0.630660513319    0.206697599836    0.2268    0.3245   0.176  105
59716.209   -0.188962151524   -0.625600799964    0.1339    0.2789  -0.005   62
59719.248    0.046902765585    0.984398399595    0.1254    0.2588   0.365   95
59723.208   -0.493239866916   -0.172400397958    0.1714    0.2318   0.068   52
59724.230   -0.363731345507   -0.419601598267    0.1638    0.6102   0.252   23
59726.250    0.344010334221    1.110798000781    0.0776    0.2062  -0.038  115
59730.082   -0.066921301790    0.399697200137    0.8751    0.6202  -0.175   23
59733.248    0.952415168487   -1.714402798925    0.4247    0.6039  -0.802  189
59739.227    0.712370230055    0.048999601177    0.5178    0.3670  -0.305  102
59740.250   -0.484424366603    0.995698800210    0.0479    0.1360  -0.082  130
59747.248   -1.452527453455   -0.153701998329    0.0510    0.1065  -0.134  160
59753.249   -0.368061963347    0.331797600595    0.5419    0.6460   0.063   16
59775.248   -0.281125589684   -7.321899598622    0.0371    0.3272   0.184   51
59779.208   -0.718346201452    0.343299599947    0.2870    0.2346  -0.428   48
59786.210    0.105159163579   -0.547200000511    0.2178    0.2721  -0.302  110
59787.229   -0.829631932945   -1.022302799214    0.5620    0.6470  -0.142   69
59793.208    0.598098041245   -0.445899598844    0.1681    0.1933   0.005  118
59794.230   -0.082308230905    0.654897601748    0.2054    0.7265   0.360   22
59795.250    0.631707352707   -3.484299597645    0.0643    0.1436  -0.491   68
59800.210    0.363728084960    0.791600401229    0.1730    0.2973   0.041  191
59803.248    0.054671426509   -2.456600398304    0.2611    0.5113  -0.555   38
59808.209   -0.947937418461   -0.081302398414    0.4965    0.2625   0.533  264
59821.208   -0.211067234060   -0.338101198238    0.1012    0.1273   0.070  212
59824.250   -0.583908344251    0.356198401974    0.1051    0.3119  -0.804   98
59831.249   -0.408543896646   -1.447001999821    0.9586    1.1796  -0.976   81
59835.208    0.670095811013   -0.274802398437    0.2428    0.1995   0.019  160
59843.229    0.280376478998    0.776599200947    0.2207    0.9595   0.285   14
59845.249    0.146985461185    1.773198001231    0.0540    0.1535  -0.305  139
59857.207   -0.106653920619    0.014299201823    0.2146    0.1801  -0.087  228
59859.249   -0.291281989972    3.792398401714    0.0445    0.1633  -0.285  185
59863.084    0.431545629621    0.858099600975    0.1878    0.7162   0.352   23
59864.209   -0.577039390530    0.268599600162    0.2204    0.1747  -0.071  104
59878.227    0.141306810923   -3.636100799653    1.1633    1.3398  -0.237  102
59879.250   -0.454399822842    1.333097999989    0.1765    0.4695  -0.573   56
59884.206   -0.534764971488    0.098600401444    0.3927    0.4927   0.400   31
59891.208   -0.284262439733    0.194598001713    0.1622    0.1561  -0.096   60
59899.229    0.463660184044    0.930099600538    0.4573    1.3026   0.266   10
59913.207    0.279630832644    0.146599199979    0.2760    0.2443  -0.037   93
59948.209    0.273055939510    0.721198799880    0.1675    0.2369  -0.012  105
59963.250    0.392257464113   -3.676201199454    0.2522    1.1623   0.481   21
59977.250   -0.281871236038  -12.331900799722    0.7991    4.3769   0.616    4
59982.206    0.082007241655    0.787798802193    0.3174    0.3627  -0.253   45
59984.248   -0.319065722770   -0.554500800476    0.3113    1.0929   0.389   38
59989.208    0.001193971574   -0.211201197331    0.1116    0.1473  -0.005   79
59996.206    1.121061258887   -1.277002797906    0.1652    0.2309  -0.374   82
60019.268   -0.510863735094   -0.338601597960    1.3707    0.2321  -0.049   10
60024.206   -0.529236917742   -1.493600398561    0.6408    0.5734   0.106   33
60032.227   -0.034057432898   -0.289702799350    0.3406    0.2614   0.260   39
60055.249   -0.332212044707    2.802398399737    0.0132    0.0352  -0.585  147
60059.208    2.149213229476   -1.459601997666    0.2423    0.2715  -0.162   77
60101.208    2.306803008601   -0.396302398897    1.5022    0.4283   0.402    8
60106.041   -0.008216782360   -0.328899598756    0.2236    0.1635   0.281   72
60180.252    0.862341944773    1.376899202654    1.3615    2.0296  -0.205   24
60185.209   -1.038906885046    0.510897602624    0.6226    0.3642  -0.272   26
60193.208    0.713417069444   -0.052599598277    0.6510    0.3091   0.319   69
60199.209    0.269173443105   -0.763700398920    0.2769    0.2753   0.169   55
60206.207    0.263645185576   -0.183599999204    0.1712    0.2551  -0.190   42
60206.207    0.263645185576   -0.183599999204    0.1712    0.2551  -0.190   42
60206.207    0.265437875103   -0.184701598016    0.1712    0.2551  -0.190   42
60208.249   -1.592045242966    4.381498802175    0.0492    0.1838  -0.144  199
60230.251   -0.423629632727    0.938998801914    0.0677    0.1507  -0.004  210
60235.211    0.219133827471   -0.244101599733    0.2845    0.2197   0.051   26
60237.271    1.546931702577   -0.076499999935    1.0387    0.3568   0.461   17
60241.209    0.570611629581   -0.161099997342    0.3364    0.2633  -0.217   42
