%-----------------------------------------------------------------------------
%                R.A. (mas)        Dec. (mas)        Err. (mas)     Corr. Del.
% Uncertainty in R.A. is in R.A. cos(Dec.)!!!!
%-----------------------------------------------------------------------------
47023.246   -3.136752786480   -3.434900440880    1.9970    2.7061   0.386    4
47285.178    1.170998021063    0.398998798801    1.6305    1.2631  -0.298    8
47659.248   26.579519711130  -19.647399636824    0.6090    0.6796   0.242   10
47664.234    1.542695695309   -1.967299232319    0.4478    0.5633   0.167   12
48482.255    0.598614346388   -0.971100013203    1.8714    1.9361  -0.021    5
48538.255    0.547120197305   -0.624600045285    1.0657    0.6063  -0.041   17
48678.259    1.936869577669   -0.571698029717    0.8398    0.6650  -0.708   18
48931.254   -0.494989153831   -0.064900814323    0.3617    0.4139  -0.148    8
49022.175   -0.284798202710   -1.131300007273    0.6857    1.0540   0.416   12
49028.085    0.568982163328    0.137599192840    0.7268    0.6299  -0.366   13
49056.085    0.449377717752   -0.543398414266    0.5261    0.5091   0.196    8
49125.168    0.058144928239    0.306399590499    0.3114    0.2977   0.084   12
49141.342    0.622100419709   -0.181299634505    0.8187    0.6716   0.064   11
49153.168    1.283688290748   -2.173798804961    0.2507    0.3495   0.069    7
49209.169   -5.630114759862   -0.361098005897    0.4595    0.6100  -0.070   10
49216.170    0.470954161112    0.250001977520    0.3033    0.2846  -0.177   11
49225.335   -2.533595365874   -0.080798446334    0.5602    0.3935  -0.122   43
49247.418    0.019623090261   -0.453999615502    0.1977    0.3452   0.065   80
49267.335    0.440356364232    0.003801579851    0.2327    0.2320   0.185   23
49272.167    0.095437754724    0.080099971456    0.3425    0.2808  -0.097   19
49293.169    0.600677273099   -0.902700020333    0.4203    0.4276  -0.281   16
49328.167    0.050308861667   -0.028299615451    0.3291    0.2797  -0.059   15
49363.173    0.204001117305   -0.733798839292    0.5379    0.8119   0.440   10
49365.302    0.253695736881   -0.579798046374    0.2940    0.3683  -0.182    7
49367.336   -1.441287253055    0.221601578687    0.4989    0.4681  -0.216    3
49377.308   -0.262584864490    0.535899567922    0.5289    0.5190   0.043    4
49391.165   -0.908522729248    0.328399170257    0.9730    1.0979   0.024    8
49426.167   -0.074519277063    0.793101571617    0.4011    0.3783   0.294   16
49482.167   -0.007067473111   -0.338400002420    0.1676    0.1915   0.007   31
49498.337    0.176388664189    0.277700371498    0.3107    0.3670  -0.167   18
49519.335   -0.075902112148    0.214199985749    0.5182    0.4450  -0.415   20
49524.168   -0.245837018477   -0.307699235691    0.1729    0.2151   0.043   43
49541.250   -0.224919067657   -0.550000800104    0.3245    0.3230  -0.022   21
49547.332   -0.095415628798   -0.046699233280    0.2219    0.2611   0.092   35
49576.501    1.081113732604    0.816400796566    0.5527    0.3328   0.312  153
49594.168   -0.144165706329    0.164199559549    0.1974    0.2694   0.071   40
49659.339   -1.008284411437   -0.288399627379    0.5601    0.3836   0.078   13
49706.168   -0.021049648954   -0.188298042758    0.1406    0.1485  -0.012   84
49721.249   -0.031234164431    0.134999953616    0.2831    0.2706   0.519    8
49728.251   -0.242830076095   -0.378900034548    0.1711    0.1890  -0.073   23
49741.170   -0.367504917606    0.058600778630    0.3405    0.3409  -0.187   16
49749.249   -0.052371788378   -0.605199602433    0.2918    0.3016   0.225    9
49750.334    0.059791160527   -0.175399202362    0.2019    0.2835   0.064   35
49756.251    0.012687315752   -0.230500802445    0.1528    0.2091   0.034   28
49763.253   -0.571681457590    1.564999189441    0.7700    0.7652  -0.589   11
49770.251    0.175444648518   -0.349700428615    0.3433    0.6666  -0.906   23
49784.251    0.112975792348   -0.111099609512    0.1295    0.1556   0.093   28
49791.249   -0.257843715294   -0.446101216767    0.2350    0.2750   0.137   12
49798.251   -0.111504455428   -0.278200809589    0.1522    0.1747   0.029   22
49805.249    0.353259871401    0.346399184536    0.3522    0.2901  -0.054   11
49812.251   -0.082289493632   -0.368798419004    0.1626    0.1778   0.011   25
49819.249   -0.068636564060    0.407001562053    0.2486    0.2555   0.390   12
49826.251    0.197833408949   -0.235598446352    0.1422    0.1707  -0.207   41
49826.960    0.119977416391    0.060598796381    0.2441    0.2742  -0.119  260
49833.249   -0.174785628668   -0.319298430895    0.2136    0.2192  -0.052   12
49840.251   -0.027941699854   -0.265500005980    0.1878    0.1841  -0.142   31
49847.249   -0.106302361360   -0.422100038122    0.1970    0.2462  -0.054   14
49854.251    0.110341820780   -0.399700803655    0.1572    0.1878  -0.009   27
49861.249    0.285896042442   -0.606398413083    0.2955    0.3148   0.196    9
49868.251    0.255363567787   -0.438699623828    0.1987    0.1779  -0.031   25
49875.257    0.578947005678   -0.428299239275    0.2460    0.2215  -0.124   15
49882.251    0.122655638876   -0.341298010653    0.2010    0.1979  -0.159   23
49883.336   -0.119560195127    0.333601178681    0.2882    0.2912   0.011   36
49896.251    0.011655325555   -1.383699606095    0.2785    0.2605  -0.232   19
49904.250   -0.451265221317   -0.076298442764    0.4333    0.4072   0.260    3
49910.251    0.271014101377   -0.107100044033    0.2913    0.3366  -0.126   10
49914.167    1.011774424618   -0.498200444099    0.8995    0.5036   0.263   90
49917.253   -0.020369030486   -0.266000444071    0.3166    0.3448   0.120    7
49923.002    0.143090519365   -0.190198807104    0.1722    0.1921   0.059  137
49924.251    0.292590545205   -0.366598834489    0.2236    0.2873  -0.020   27
49930.168   -0.784967325618    0.605199551273    0.8408    0.8384   0.092   25
49931.250   -0.177748846974   -0.291398418995    0.2511    0.2902  -0.015   12
49938.251    0.064971655978   -0.094100420256    0.2421    0.2431   0.052   21
49945.253    0.530526174885   -0.059198418967    0.2843    0.2615  -0.117   16
49952.251   -0.141948955558    0.297799186910    0.2158    0.2179   0.015   25
49959.250    0.189821920167   -0.007099242794    0.2112    0.1947   0.094   30
49966.251   -0.106170662758   -0.069199199970    0.1839    0.2348   0.240   15
49973.250   -0.035207247475   -0.458899222622    0.2388    0.2528   0.063   13
49979.086    0.119143501172   -0.120200400033    0.1771    0.1591   0.242  743
49980.252    0.077263349083   -0.423900019086    0.2936    0.2532   0.257   52
49987.253    0.006431632402   -0.439599614310    0.2829    0.2919   0.194   45
49994.252   -0.137559178091   -0.095500848829    0.1487    0.1759  -0.006   42
50001.250    0.634392112346   -1.908000029971    0.6768    0.6807  -0.584   15
50008.252    0.057311012552   -0.387198036833    0.2348    0.3844  -0.095  114
50015.250   -0.590931577036    0.049399153568    0.2999    0.2740  -0.053   12
50022.252    0.292502570680   -0.143899228533    0.1445    0.1575  -0.131   42
50029.250   -0.186177556552   -0.160099210689    0.2800    0.3672   0.029    9
50036.252    0.167849854159   -0.350200815546    0.1750    0.2129  -0.376   27
50038.085   -0.108343689454    0.083901551307    0.2112    0.2151  -0.212   27
50043.250    0.281242340930   -0.176299244004    0.3134    0.2164   0.188    6
50050.252    0.241447767852   -0.582998404752    0.1653    0.1482  -0.133   34
50057.250    0.022454609965   -0.354301215566    0.2311    0.2998   0.197   10
50064.252    0.056564545017   -0.172299627366    0.1535    0.1327  -0.139   37
50065.333   -0.294982718187   -0.658198820247    0.2584    0.2665  -0.274   78
50071.250    0.155799433267    0.093599982165    0.2966    0.5112  -0.029    7
50078.252   -0.275184205716    0.175201165575    0.1604    0.1808   0.208   30
50084.998   -0.332165444688    0.290699995276    0.2344    0.2816  -0.140  269
50085.250   -0.020742528142   -0.526899611941    0.2207    0.2417   0.209   12
50092.252    0.252883419812   -0.187498835658    0.1865    0.2241  -0.136   36
50099.254   -0.024671360269   -0.675698447594    0.2441    0.2849  -0.155    9
50106.252   -0.117387168432   -0.095400014288    0.2409    0.2794   0.070   15
50113.250    0.204988857053   -0.082198823748    0.2329    0.2338  -0.025   16
50120.252    0.021686543813   -0.216000017872    0.1336    0.1624  -0.062   34
50127.254   -0.138612766905   -0.614498429741    0.2250    0.2773   0.146   17
50134.252   -0.048004136370   -0.200300422648    0.1872    0.2370   0.077   13
50141.250    1.076087587587    0.615898755996    0.3155    0.5480   0.224   14
50148.252    0.161133225937   -0.025200040454    0.1470    0.1605  -0.089   37
50149.333   -0.092803255848    0.411699551250    0.2169    0.2939   0.249   38
50155.250   -0.269872011196   -0.026499634487    0.1847    0.3129   0.352   22
50155.831   -0.877792706457    0.821901574000    0.5101    0.5808  -0.777  414
50162.252    0.135693799516   -0.249001203656    0.2321    0.6506   0.528   19
50168.169   -0.004192229330   -0.467701244133    0.4543    0.3093   0.391   14
50169.250    0.161725869879   -0.393800422671    0.1867    0.1878   0.102   21
50176.252    0.152572817757   -0.115200009532    0.2565    0.2177   0.135   11
50183.250   -0.091617968432   -0.110800840503    0.1497    0.2174   0.121   37
50190.252    0.426769283726   -0.290599211894    0.2604    0.2884   0.082   17
50197.250    0.268028758080   -0.143600408364    0.2115    0.2645   0.012   15
50198.335    0.046533853601    0.246700784601    0.2308    0.3702  -0.208   13
50204.252    0.097193560156   -0.434800841731    0.2447    0.2476   0.097   16
50205.333    0.143529865620   -0.070599628543    0.2393    0.3683   0.134   18
50211.250    0.066441939215    0.158698782116    0.6321    0.7261  -0.801   12
50218.252   -0.105688118801   -0.332798441605    0.2405    0.2301   0.280   22
50219.333    0.414038771207    0.318200352467    0.1662    0.1893  -0.067  164
50225.250    0.004917098715    0.151099152390    0.3472    0.3128  -0.125   14
50232.252    0.455282028905   -0.632599227401    0.4449    0.3803  -0.202    7
50239.250    0.630682953347    0.144799167856    0.3120    0.3187  -0.112   12
50242.333   -0.385679323248    0.269899175009    0.2241    0.1512  -0.257  313
50246.252    0.457520904667    0.274701579883    0.2750    0.2396   0.251   18
50253.254   -0.444855714374   -0.053200835737    0.2409    0.2210  -0.105   26
50255.025    0.064510711105   -0.347799613110    0.2419    0.2299   0.420  133
50256.026   -0.529669606899    0.306100770331    0.2730    0.2836   0.399  121
50260.252   -0.363158864216   -0.263098803543    0.1780    0.2403   0.364   23
50267.250    2.683271341233    0.904600784679    0.9566    0.5259   0.458   10
50274.252   -0.003358314111   -0.367200004803    0.1743    0.1889   0.171   37
50281.250   -0.099169038715   -0.250599617857    0.1779    0.3193   0.118   25
50288.252    0.059901260511   -0.524998847595    0.2781    0.3691  -0.090   17
50295.254    0.138744465507   -0.624499210744    0.1994    0.2415  -0.133   18
50302.252   -0.200445255057    0.323701181060    0.2710    0.3566   0.000   10
50303.333   -0.064334761586   -0.344998807122    0.4172    0.3760  -0.039   14
50305.832    0.074278005319   -0.245098840423    0.3702    0.4549  -0.463  130
50309.250    0.020128286050   -0.203101228635    0.2627    0.3592  -0.525   10
50316.252    0.195177311922   -0.043801225047    0.1403    0.1628   0.098   38
50323.250    0.145022273848    0.013201190541    0.2509    0.2918   0.042   13
50330.252    0.175312949917   -0.484599650008    0.1489    0.1520  -0.035   52
50337.251    0.362434522140   -0.159901225061    0.2580    0.2696  -0.025   14
50344.252    0.428613064151    0.007001989388    0.1552    0.1844  -0.312   42
50351.254   -0.001667830906   -0.099399630926    0.1608    0.1638  -0.108   23
50358.252    0.135210729185    0.000399552391    0.1489    0.1773   0.000   38
50365.254    0.009592398844   -0.017499627347    0.2465    0.2722  -0.073   15
50372.252    0.098137575827    0.103100376236    0.1627    0.2111   0.020   25
50379.251    0.109507378252   -0.136800036898    0.2168    0.2227   0.002   16
50386.252   -0.144934299322    0.064299592850    0.2092    0.2520  -0.035   17
50393.251   -0.281000541876    0.238399150021    0.1770    0.2291  -0.314   25
50400.252    0.134640210702    0.101599164282    0.1748    0.1738  -0.206   43
50407.247    0.246715711455    0.040499980969    0.2649    0.3128   0.107   11
50414.253   -0.122062468093    0.118799971460    0.1712    0.1743   0.018   42
50421.251   -0.179307631110   -0.061099234472    0.5377    0.3416  -0.402   14
50428.249   -0.040518915154   -0.113900415499    0.3094    0.2101   0.441   44
50435.251    0.326986002920   -0.352501234602    0.1845    0.2215  -0.025   12
50441.084    0.665978175816   -1.681700410927    0.3913    0.7326  -0.197    6
50448.254    0.355608320774    0.263401153688    0.3574    0.3825   0.018   10
50456.253   -0.309359989836   -0.178999215450    0.2609    0.2807  -0.028    8
50459.832   -0.077284947233   -0.087400832172    0.1470    0.1877   0.046  170
50463.254    0.254375828507   -0.262501214365    0.1577    0.2243  -0.084   30
50470.253   -0.113787582576   -0.153799226155    0.3094    0.3107  -0.234   16
50477.251   -0.160562180612   -0.093700816706    0.2450    0.2802   0.181   15
50484.253    0.307560460796   -0.291398418995    0.2606    0.2763  -0.167   29
50491.251   -0.104590279537   -0.425998820219    0.2971    0.2629   0.291   22
50498.253    0.226960923060   -0.141800427400    0.1743    0.1995  -0.157   30
50505.251    0.146032139054    0.209599198797    0.3221    0.4186  -0.094   12
50512.253    0.165062585373   -0.288100807211    0.1792    0.2112   0.086   34
50519.255   -0.506381081715   -0.245700010737    0.3219    0.4280  -0.201    6
50526.253    0.153560557037    0.001601995336    0.1812    0.1896  -0.285   28
50533.251    0.484475392083   -0.549100809621    0.2371    0.3435   0.006   22
50539.172    2.025590177330   -1.235998848870    0.2410    0.2498  -0.506  889
50540.253    0.010799284410   -0.436899642864    0.1701    0.1903  -0.061   27
50547.251    0.322595698612    0.595101568024    0.2266    0.3106  -0.032   20
50554.253    0.085165264722   -0.146898020148    0.1917    0.2543   0.137   27
50560.082    0.232755661070   -0.630298808346    0.4405    0.3128  -0.081   29
50561.251    0.106368737736   -0.131500826228    0.4391    0.3962  -0.552   21
50568.253   -0.228057708641   -0.164300445249    0.1815    0.2066  -0.193   31
50575.251    0.685030220752    0.309499165496    0.3257    0.2789   0.003   25
50575.751   -1.135110154653    0.607798790497    0.2025    0.1894  -0.047  177
50582.253   -0.035953715009   -0.147700808384    0.3386    0.2924   0.394   22
50588.082   -1.417142687193    0.845099964408    0.1214    0.1662   0.038  783
50589.251   -0.198733173702   -0.077101231000    0.2413    0.2819  -0.086   17
50596.253   -0.443495004748   -0.127800029759    0.3554    0.2284   0.007   12
50603.251   -0.071204686560    0.437500762018    0.3042    0.3367   0.011   26
50610.253    0.092628360479   -0.893800847734    0.2786    0.2768   0.188   26
50617.251   -0.195286884597    0.422099986963    0.3527    0.5200   0.134   24
50624.253   -0.268313753433   -0.718498847618    0.2433    0.2681   0.340   39
50631.251    0.104217836031   -0.010998024891    0.3493    0.6549   0.082   39
50631.755    0.273252977607   -0.447699630968    1.0135    0.2824  -0.262  270
50638.253    0.190699559930    0.365500756061    0.2602    0.2574   0.235   44
50645.251    1.213668364295   -0.294498045150    0.4010    0.4831  -0.377   23
50652.253   -0.269301492712   -0.109800015480    0.2315    0.2177   0.061   36
50654.331    0.560070383420    0.713199585789    0.0830    0.0812   0.281 1236
50659.251   -0.378567599220    0.009899997622    0.2796    0.3374   0.013   36
50666.253    0.322310702791   -0.074401208394    0.2742    0.2318  -0.358   41
50673.251   -0.454272163699   -0.200898011826    0.4788    0.3689   0.237   35
50680.253    0.474927244157   -0.428900409588    0.3813    0.3177  -0.284   37
50687.251   -0.413291776831   -0.471398408308    0.4058    0.3955  -0.144   14
50687.836    0.139249661296    0.205001992981    0.2093    0.2300  -0.043  271
50694.253   -0.483223728291   -0.474498034464    0.2766    0.3058   0.154   37
50700.090   -1.311673714211   -0.173599221398    0.4206    0.1686   0.324  929
50701.251   -0.857752922241   -0.190198807104    0.2599    0.3006   0.002   38
50708.253    0.890611720811   -0.041598008238    0.4231    0.4702  -0.195   31
50715.251    0.169430237381   -0.496900850067    0.3561    0.3881   0.126   28
50722.250    0.344370216951   -0.001000825023    0.3880    0.4810   0.107   21
50729.251   -0.128296025985   -0.340999241644    0.3377    0.6956   0.188   41
50736.253   -0.165479279328    0.689900360840    0.3281    0.4974  -0.386   45
50743.251   -0.286136786877    0.015299991674    0.3118    0.2990  -0.278   51
50750.253    0.029017940968   -0.148201246475    0.2418    0.2603   0.187   39
50757.251   -0.505239518375   -0.119599229720    0.2729    0.3005  -0.325   30
50764.253   -0.402887587759    0.294199173823    0.2429    0.2688  -0.119   27
50765.338   -0.661960841386   -1.332100816853    1.8042    1.8763   0.732    3
50771.252    0.288419914025    0.154900783400    0.2268    0.2562  -0.121   34
50778.253    0.157094820667   -0.160200045229    0.3861    0.2882  -0.369   27
50785.252    0.252400349481   -0.405900004807    0.4052    0.3802  -0.403   16
50786.249   -3.412332088002   -0.576399600050    2.2779    1.4726   0.183    4
50792.250   -0.217807343629    0.055101600083    0.4059    0.3169  -0.042   31
50799.252   -0.055993499693   -0.262800034534    0.3002    0.2901  -0.038   31
50800.340    0.021423146609   -0.039398423723    0.0511    0.0414  -0.289 1093
50806.166   -0.021247197090    0.539801982313    0.2820    0.3117   0.316   21
50813.168    0.398278664474    0.401900388169    0.3400    0.4920   0.070   25
50820.250    0.033473567502   -0.186199241625    0.3055    0.2825  -0.130   20
50827.252    0.534850103285    0.596998751234    0.4072    0.3617   0.072   31
50834.254   -0.109441528717   -0.083498417780    0.2383    0.2109   0.260   43
50841.252    0.262717090401   -0.559400410793    0.3527    0.4678   0.243    9
50848.254   -0.048947624732   -0.214801207221    0.2283    0.2384   0.255   28
50854.079   -2.435282367837   -0.281401219127    1.0328    0.1325   0.576 1007
50855.252   -0.417199010341    0.753101977580    0.3668    0.5402   0.307   26
50862.254    0.222636467819    0.312101985855    0.2273    0.2182  -0.016   28
50869.252    0.171998359881    0.428799575047    0.2126    0.3621   0.127   19
50876.254    0.196033352600    0.321101992995    0.2800    0.1779   0.048   38
50883.252   -0.006804075907    0.060199192831    0.2660    0.3438  -0.258   13
50890.254   -0.117913962839    0.377999992907    0.2250    0.2795  -0.050   17
50897.252   -0.495911043575    0.254401197708    0.3777    0.4189  -0.027    7
50904.254   -0.378874720499   -0.151498807099    0.3158    0.3328   0.000   15
50911.252   -0.103997636063    0.450399551255    0.3948    0.4873  -0.046    8
50918.254    0.215063798919    0.205700365541    0.2821    0.4623  -0.132   15
50919.324   -0.146404582091    0.473698776204    0.0828    0.0806   0.321  800
50925.252   -0.450848000521   -0.273898842806    0.3185    0.6323  -0.084   14
50932.254   -0.134771382463   -0.211899617852    0.2254    0.2599   0.412   30
50939.252    0.266645922527   -0.030600034506    0.3240    0.4313  -0.129   15
50946.254   -0.059373938795   -0.182898048706    0.2263    0.2730  -0.190   38
50953.252    0.312169911390   -0.109000808379    0.4768    0.4496  -0.206    7
50960.254    0.496877185173   -0.429001244129    0.2325    0.2090  -0.122   32
50967.252   -0.069536855655   -0.054000042837    0.3004    0.3084  -0.069   17
50974.254    0.209159487765    0.098999976217    0.1696    0.2145  -0.056   38
50981.252    0.024913159323   -0.214700423840    0.2567    0.3535   0.038   17
50988.254    0.061173995612   -0.024300049972    0.2357    0.2996  -0.176   18
50989.324    0.492223483662    1.743800368104    0.2866    0.1818   0.403  613
50995.252    0.127154989486    0.137401156053    0.2090    0.3330  -0.095   24
51002.254    0.252312901796   -0.099298847545    0.2087    0.2243  -0.261   34
51009.252   -0.121601523221   -0.411699602409    0.3447    0.3934  -0.425   19
51016.250    0.149807147120   -0.031201204820    0.3530    0.6185  -0.446   10
51023.252   -0.060120406797    0.378298761916    0.2681    0.3316  -0.061   21
51030.254    0.370138889642   -0.146700034520    0.2229    0.2501   0.044   25
51036.087    0.053096657763    0.741099597690    0.1163    0.0745  -0.356  814
51037.252    0.161572572660    0.062600395268    0.2530    0.3169  -0.147   22
51044.254    0.179922400511   -0.000399603550    0.2014    0.2501   0.136   31
51051.252   -0.433683459618    0.112798755936    0.3035    0.4106  -0.112   15
51058.254   -0.090784052745    0.458899171463    0.2310    0.2326  -0.192   28
51065.252    0.281900833939   -0.632199623851    0.2445    0.3470   0.024   20
51072.250   -0.368031712013    0.245998779747    0.2279    0.2613  -0.109   21
51079.252    0.060252105399    0.283899572651    0.2246    0.2809  -0.047   20
51086.254    0.048333383108   -0.456800421489    0.1826    0.2065   0.040   25
51088.084    0.970421066936    0.057401967979    0.1335    0.1105   0.562  841
51093.252   -0.095744875536   -0.196398008256    0.3338    0.4230  -0.277   15
51100.250   -0.013520704130    0.175899589294    0.2424    0.3036  -0.260   17
51107.249   -0.093000803516   -0.027399624969    0.2612    0.3506  -0.202   15
51114.251    0.002173026695    0.029699992865    0.2546    0.2555  -0.147   27
51115.712    0.179746978301   -0.950799631028    0.5832    0.6319   0.071    6
51121.249    0.174961578187   -0.554299236910    0.3573    0.3842  -0.082   12
51128.251   -0.394853973987   -0.041698842779    0.2209    0.2249  -0.070   28
51135.252    0.009241026647    0.046601979875    0.2612    0.2800  -0.118   22
51142.251    0.138942013643    0.185900370298    0.2094    0.2071  -0.189   29
51149.249   -0.076406781097    0.106099167851    0.2218    0.2156  -0.078   19
51156.251    0.002041328094    0.474199163136    0.2324    0.2499  -0.217   18
51163.249   -0.140566120473   -0.474400832218    0.3056    0.3034  -0.140   14
51169.166    0.089357494052   -0.995198445253    0.1147    0.0742   0.425  889
51170.251    0.159114023302    0.172101590579    0.1937    0.1578  -0.118   33
51177.249    0.151761027529   -0.252100829812    0.2912    0.2799   0.098   14
51184.251    0.099300737784    0.199699150016    0.2412    0.2253  -0.228   12
51191.253   -0.082575016295   -0.323200845287    0.2420    0.2696   0.002   12
51205.249    0.154570421775    0.427600764397    0.3649    0.4300  -0.229   11
51212.251    0.106917657602   -0.972900045326    0.6253    0.7886   0.411    5
51219.249   -0.108453789438   -0.226098001121    0.2289    0.2276  -0.079   15
51226.251    0.130755102184   -0.040201211959    0.1775    0.2507   0.238   27
51233.253   -0.019293843522   -0.095500848829    0.2911    0.3111   0.003   13
51240.251    0.243115598757    0.419201978730    0.2706    0.2489   0.132   18
51246.084    0.319566630771    0.290998764285    0.1450    0.1042   0.695  746
51247.249    0.053843125297    0.014799553583    0.2046    0.2930  -0.122   20
51254.251    0.018262380167   -0.017200807179    0.2255    0.2458   0.215   14
51261.249    0.122655638876   -0.222800440497    0.2192    0.2808   0.114   14
51268.251   -0.312981701150    0.135799160716    0.1789    0.2272  -0.079   26
51275.249    0.369722195687    0.304901959680    0.1979    0.2453  -0.043   20
51282.251    0.040080622582   -0.170499646401    0.2794    0.2910   0.377   23
51284.084   -0.020413281404   -0.060098409449    0.0856    0.1072  -0.165  671
51289.249   -0.375494280929    0.118101598900    0.1965    0.2502  -0.264   18
51296.251    0.308438100091    0.159001183420    0.3342    0.3669   0.025   10
51297.270    0.430369396424   -0.173199617848    0.2772    0.3850   0.465   36
51303.249   -0.190172765055    0.090701973932    0.2645    0.4591   0.038   10
51309.086    0.169232689244    0.229201157254    0.1489    0.1316   0.798  665
51310.251   -0.190172765055    0.345999580986    0.2914    0.2872   0.081   15
51317.249   -0.186989873621    0.193600783405    0.3235    0.4955  -0.200    3
51324.251    0.053689301237   -0.467100022661    0.2751    0.4086   0.100   10
51331.249   -0.044821244469    0.306601157263    0.2808    0.3885   0.054    9
51338.251    0.036085414079    0.016001996528    0.3594    0.3684  -0.027    9
51345.249   -0.116640700430   -0.101098828509    0.2396    0.3158   0.073   16
51351.086    0.651469205097    0.040600764351    0.4260    0.1987   0.407  552
51352.251    0.450102059827   -0.263700025016    0.2876    0.3596  -0.111   19
51359.249   -0.018547375988    1.064800778749    0.3599    0.3129   0.259   12
51366.251    0.116070709255    0.068000389319    0.5476    0.5759  -0.112    4
51373.253   -0.277005860214   -0.150598816617    0.2562    0.3191  -0.018   13
51380.251   -0.163415825775    0.058301958461    0.2846    0.3091   0.074   23
51387.249    0.309030743565    0.147700757225    0.2181    0.3447  -0.231   15
51393.082   -0.386513238934   -0.060901248844    0.4816    0.1349   0.605  422
51394.251   -0.093901095111    0.247499991701    0.1967    0.2547  -0.070   19
51401.249    0.001075714273   -0.041799626160    0.2605    0.3886  -0.282   13
51408.251   -0.114928619074    0.594601181092    0.4542    0.4829  -0.152    9
51415.249    0.120131240452    0.625399150067    0.2090    0.3040  -0.112   17
51422.251    0.048530930777   -0.337201242928    0.2954    0.2500  -0.256   21
51429.249    0.104590806846    0.313498782134    0.3224    0.5523   0.203    9
51436.251    0.651995999504    0.111499161903    0.3195    0.3452  -0.095    8
51443.249   -0.204220263592    0.222199167865    0.2314    0.2730  -0.063   14
51449.166   -0.160891427351    1.198900793042    0.2885    0.3220   0.128   16
51450.251   -0.444175096374    0.380998784522    0.2179    0.2265  -0.144   22
51457.249   -0.108936332928    0.152801982267    0.2497    0.2665  -0.115   14
51464.251   -0.403370658558    0.088099153572    0.1928    0.2260  -0.201   25
51471.250    0.078404912423    0.356500800081    0.3303    0.3416   0.010   11
51478.251    0.887736477498    0.492199177415    0.4143    0.4522  -0.345   14
51485.250   -0.245552022656    0.997099158440    0.3171    0.3938  -0.264   18
51492.251    0.020918477661   -0.082998030848    0.2632    0.3573   0.044   19
51499.250   -0.052108391175    0.271299552423    0.2454    0.2957   0.038   13
51506.251    0.083233509771    0.106901956087    0.4342    0.4111   0.130   10
51513.250    0.273121279005   -0.157100419074    0.2585    0.3293  -0.019   15
51520.251    0.961970758741    0.353501957306    0.3136    0.3389   0.382    8
51527.250    0.055225960382   -0.035701208390    0.1858    0.1769  -0.152   20
51533.086   -0.084287098118    0.514799978646    0.1168    0.1508  -0.562  984
51534.251    0.755862463807    0.662000400098    0.4507    0.4893   0.106    8
51541.250   -0.601489062860   -0.024699602363    0.2322    0.3240  -0.117   14
51548.252    0.457191658397    0.500601595377    0.3978    0.4312   0.288    8
51555.250    0.061964187222   -0.176500810767    0.2570    0.2939   0.074   11
51562.252   -0.254244129438   -0.228398420177    0.2749    0.3600   0.106    9
51569.250   -0.466432158203    0.032101195302    0.4305    0.3698  -0.335    6
51575.072   -0.041967599774   -1.105700414428    0.2889    0.2652   0.084  730
51576.252   -1.022661156712    0.278200758430    0.2813    0.2272   0.063   20
51583.250   -0.295531637585    0.122201998920    0.3440    0.5502   0.368    7
51590.252   -0.072697622097    0.240800352458    0.2145    0.3204   0.185   19
51597.250   -0.010382063146    0.121499994066    0.3453    0.4491  -0.217    4
51604.252   -0.413774847162   -0.154998036805    0.4614    0.4437   0.163    4
51611.250    0.236596518671   -0.196599626179    0.2365    0.3734   0.024   13
51617.079    0.136637288346    0.166600761986    0.0618    0.0623   0.059  325
51618.252    0.330146768895   -0.047700007144    0.3365    0.2951  -0.208   16
51625.250   -0.252246525420    0.188301572734    0.3625    0.4194  -0.408    9
51632.252    1.159628218170   -0.368499649994    1.4340    0.9855  -0.821    4
51639.250   -0.071863179569    0.271601953727    0.3285    0.7663   0.234    9
51646.252    0.070480871794    0.336898790465    0.4699    0.5007   0.444   11
51653.250   -0.128471975036    0.614098775031    0.3853    0.4660   0.137   11
51660.252   -0.054786613659    0.305301563230    0.2921    0.2932   0.047   13
51667.250   -0.098532144323   -0.331300810785    0.3721    0.3911  -0.066   12
51674.252   -0.344830634514    0.203399997645    0.2609    0.2181  -0.069   28
51681.250   -0.091135424942   -0.112798807095    0.6488    0.5052  -0.478    3
51687.087   -1.157322965564   -0.805399241699    0.1444    0.1157   0.505  891
51688.252   -0.300250661790    0.554201983505    0.4710    0.4233   0.023   11
51695.250   -0.615010293831   -0.590799601241    0.4102    0.4557   0.240   10
51702.248   -1.103216970372   -0.540298839269    1.5218    0.9726   0.379    3
51704.001   -0.466585981795   -0.068598029657    0.2637    0.3059   0.099   24
51709.250   -1.124222895717   -0.193298433260    0.6137    0.8343   0.505    6
51716.252   -0.116289855542    0.347399958400    0.5124    0.4410  -0.509    9
51723.250   -0.373299655617    0.419299180976    0.3604    0.3617   0.328    9
51732.286   -0.115433814864    0.130301964418    0.1061    0.1340   0.373  702
51737.250    0.060362205384    0.173901571543    0.2543    0.2691   0.165   15
51744.252    0.311467167464    0.374500763201    0.2289    0.2676  -0.319   13
51751.250    0.165303857117    0.795898796468    0.3033    0.3299  -0.147   13
51758.252   -0.087930408050    1.217501977635    0.3016    0.7003  -0.136   10
51765.250   -0.343952468378   -0.400600845296    0.2096    0.2332   0.137   19
51779.250   -0.320861491330    0.137001552503    0.3267    0.3030   0.232   10
51786.252    0.412436262995    0.159501570351    0.3398    0.4522  -0.384   10
51793.250    0.131852415074   -0.177400801249    0.3355    0.3326   0.077    8
51800.252   -0.136308041608    0.293399966722    0.2720    0.2407   0.118   17
51807.250   -0.128471975036   -0.330098418999    0.3263    0.3556  -0.203   21
51814.252    0.286576134068    0.146901550124    0.3509    0.5705  -0.440    8
51821.250   -0.042494394181    0.057700788147    0.1745    0.2047  -0.155   25
51828.249   -0.147765819026    0.056998783293    0.2382    0.2450  -0.189   17
51835.250   -0.096029871357    0.515599185746    0.1862    0.2788   0.075   24
51841.083   -0.812887426855    0.168101973941    0.0764    0.1342  -0.683  500
51842.252    0.388862215149    0.372599998855    0.2232    0.2604  -0.114   16
51849.250   -0.262189769152    0.226198784503    0.2380    0.2714   0.089   15
51856.252   -0.228277381769    0.080999961938    0.6313    0.4723   0.479    4
51863.250   -0.120789206152    0.505501151338    0.1871    0.2349   0.162   17
51870.249   -0.188131436961    0.115300792913    0.6120    0.4557  -0.620    4
51877.250   -0.280276199800   -0.048301228617    0.3696    0.3978  -0.450    4
51883.083    0.214712954031   -0.167900407178    0.0621    0.0657  -0.637  538
51884.252   -0.191467625614    0.124700352444    0.2012    0.2529  -0.094   14
51891.250   -0.001712081355    0.317699965535    0.1865    0.2683  -0.018   14
51898.249   -0.508224862140   -0.077698820178    0.2079    0.2502  -0.017   20
51906.248   -0.120109114525    0.862099153665    0.6979    1.0231  -0.902    3
51912.249    0.000000000000    0.109000757220    0.1246    0.2002  -0.205   22
51919.251    0.086021305399    0.356698785708    0.1857    0.2002   0.243   22
51926.249   -0.101912583893    0.250599566698    0.2425    0.2758  -0.134   16
51933.251    0.325317645173    0.226900789357    0.2260    0.2270   0.073   19
51939.084    0.018525777370   -0.740199607208    0.1674    0.1636   0.631  972
51940.249    0.079150853116    0.606301159678    0.1491    0.2194  -0.150   28
51947.251    0.082750965814    0.306399590499    0.1926    0.2117   0.036   17
51954.249    0.231526122737    0.231299958386    0.2385    0.2455  -0.062   24
51961.251    0.438600558333    0.050698798759    0.2706    0.2862  -0.004   16
51967.168    0.045611963388    0.283499969100    0.2402    0.2221   0.121   24
51968.245   -0.074585126130    0.327499179775    0.1646    0.1907   0.038   24
51975.247    0.140588245931    0.364701600120    0.2424    0.2702   0.023   17
51981.080    0.201191723060   -0.178200008349    0.0856    0.1025  -0.209  725
51982.245   -0.067495527561    0.394498795231    0.1651    0.1769   0.148   28
51989.243   -0.402273345668    1.175101181161    0.3546    0.5271   0.216   10
51995.223   -0.298275182764    0.729298784563    0.2601    0.3117   0.217   10
51996.249   -0.071929029104    0.631198798828    0.2017    0.2634  -0.003   12
51997.268   -0.358681112223    0.043001966787    0.2310    0.3135   0.647   11
52003.247    0.384450312223    0.019900778625    0.2139    0.3012  -0.447   16
52009.168   -0.150553087813    0.147999577393    0.0513    0.0615  -0.230  982
52010.249   -0.127593808900    0.401698770247    0.1488    0.2470  -0.045   19
52017.251   -0.060888472949    0.072500392889    0.1975    0.2408  -0.113   18
52024.249    0.076055936209   -0.087901219104    0.1844    0.2595  -0.055   18
52031.247    0.309931035160    0.246999553610    0.2420    0.2257  -0.213   20
52038.245    0.317174457790   -0.480301213202    0.1976    0.2265  -0.272   23
52039.272   -0.117650565636   -0.381099619062    0.0890    0.0880   0.289  256
52045.247    0.416299246055    1.434898791786    0.2272    0.2513  -0.100    6
52052.245    1.742526181433    0.683600376306    0.1425    0.1286   0.018   25
52059.247   -0.104063485130    2.162401176520    0.6251    1.0978  -0.834    4
52066.245   -0.071226812019    0.511599569109    0.2443    0.3718  -0.435   14
52073.247    0.712774899311    0.484199995299    0.6362    1.0949   0.656    3
52080.249    0.367000249126    0.467099971502    0.2617    0.2758  -0.172   21
52087.247    0.192214093616    0.371199570282    0.3738    0.3605   0.363    6
52093.248    0.214098185098    0.365698792848    0.2216    0.3087   0.063   17
52096.083   -0.499027559101    0.228801553703    0.1316    0.1087   0.200 1030
52101.247   -0.001360709626    0.685101588260    0.3965    0.4775  -0.216    4
52108.249   -0.015715856284    0.214099151208    0.1980    0.2138   0.072   26
52122.249   -0.116838248566    0.320900375073    0.1378    0.1688   0.025   35
52129.251   -0.933567059864   -0.364298415434    0.3230    0.3036   0.188   10
52136.249   -0.130293630002   -0.029098822552    0.1393    0.1671   0.111   29
52143.251   -0.385525499187    0.434800790572    0.2922    0.4005  -0.170    5
52150.249   -0.065849295273    0.440801954937    0.1381    0.1735  -0.184   25
52157.251   -0.197482036752    0.320101167972    0.3375    0.4328  -0.150    4
52164.249    0.084199650433    0.070401591756    0.1436    0.1725   0.045   24
52171.251    0.773444225974   -0.974199639359    0.7340    0.7095   0.004    3
52178.249    0.059527763323    0.178199957190    0.1675    0.2188  -0.129   25
52185.248   -0.399397575046    0.590500781072    0.2118    0.3034  -0.300   38
52192.249   -0.234510939660   -0.408499244031    0.2417    0.4068   0.403    8
52199.251    0.150597338731   -0.204998411846    0.2006    0.3042   0.197   26
52206.249   -0.335436310648    0.490100376282    0.2053    0.2296  -0.155   13
52212.082    1.471227084236    1.209301177596    0.2345    0.2057   0.906  561
52213.248    0.325076372960   -0.112798807095    0.3531    0.3001  -0.290   28
52220.249   -0.003204490051    0.708101993041    0.1888    0.3215   0.208   10
52227.240   -0.158213731239    0.402598760729    0.3634    0.2787  -0.270   20
52234.249    0.092496661877    0.062301575099    0.1526    0.1918   0.043   14
52241.251   -0.324351504043    0.274798782129    0.3757    0.3545   0.190   21
52248.249    0.030927570460   -0.298598445170    0.1812    0.2624   0.149   17
52255.248   -0.170571273412    0.219200376250    0.1794    0.2337  -0.080   25
52262.250   -0.109156006523    0.318999559568    0.1461    0.1626  -0.117   31
52271.249    0.371148754380    0.471499191690    0.1462    0.2352  -0.065   18
52278.269   -0.020874226276    0.084200371475    0.3101    0.2751  -0.567    9
52285.271    0.053360054967    0.396601177499    0.1777    0.2121   0.033   22
52291.250    0.090521182851   -0.097099211871    0.1170    0.1572   0.041  455
52299.271    0.013564955047    0.414100753687    0.1399    0.1670  -0.112   26
52306.248    1.115157818589   -0.608000408420    0.7206    0.6603   0.082  640
52306.269   -0.152418993229   -0.269398839237    0.2998    0.3566   0.401    6
52313.268    0.149653849901    0.161301551316    0.1655    0.1751  -0.058   22
52320.269   -0.155118814331   -0.220698007070    0.1312    0.1869  -0.002   23
52327.271   -0.068526990917   -0.070599628543    0.1974    0.2156  -0.099   10
52334.270    0.873117933637    0.348400783423    0.5587    0.4196   0.440    4
52340.245   -0.098378847104    0.699001151361    0.0751    0.0625   0.274  467
52348.270   -0.417769528824    0.184301956097    0.1835    0.1691   0.452   33
52355.271   -0.010733434875    0.304599558376    0.1970    0.2182  -0.041   23
52369.271   -0.059571486932    0.171500369106    0.1398    0.1440   0.033   28
52376.270   -0.145899913143    0.286498760715    0.4763    0.3718  -0.302    6
52383.268   -0.113985130245   -0.289800004794    0.1924    0.2793  -0.031   23
52390.270    0.182205000817    0.110800789344    0.3333    0.4107  -0.410    9
52397.271    0.145307796510    0.369500372699    0.1494    0.1674   0.091   31
52401.205    0.033012622630    0.375699573851    0.1942    0.1677  -0.221   83
52403.251   -0.506512780317   -0.074700028563    0.0732    0.0646   0.283  342
52404.270   -0.095679026001    0.262699199993    0.4709    0.4335   0.119    4
52408.203   -0.086613422032    0.422600373895    0.1802    0.1740  -0.026   32
52409.164    0.520538680704   -0.378399647616    0.6266    0.7676  -0.036  479
52415.216    0.191073057118    0.249598792834    0.1929    0.1663  -0.115   16
52418.270   -0.151980173815   -0.042998436811    0.1912    0.1993   0.206   26
52423.204    0.097281534681   -0.433501247699    0.2668    0.1960   0.071   29
52425.272    0.372970409346    0.148701582248    0.1599    0.2191  -0.009   20
52429.205    0.152726641818    0.211399179761    0.1619    0.1627   0.045   18
52432.266   -0.106104813223   -0.161499639262    0.3579    0.4116   0.046    3
52436.203    0.010140791869    0.086201970362    0.1621    0.1499   0.092   42
52439.272   -0.285720092922    0.279100800071    0.2520    0.2741   0.441   18
52443.216   -0.111767852632    0.151099152390    0.3029    0.3349   0.057   15
52446.270   -0.317876147566   -0.469800045266    0.3519    0.3616  -0.052    8
52450.207   -0.158104158096    0.025498758305    0.2109    0.3119   0.210   44
52453.272    0.002283127148   -0.138798003491    0.1833    0.1806   0.073   23
52457.205    0.070458746335   -0.098398805903    0.1283    0.1354   0.015   27
52458.268   -0.138261394708    0.028101578664    0.3562    0.4791   0.049    4
52464.204    0.407936385544    0.138401981076    0.1957    0.1956  -0.152   65
52467.268   -0.234291792906    0.641401197754    0.3736    0.2693  -0.233   15
52471.213    0.662334339042    0.470098763117    0.2417    0.2163   0.344   32
52471.688  -65.555695028973  134.395599570780    7.8165   11.4473   0.024    5
52474.270   -0.380213831508   -0.183600002401    0.2267    0.2777   0.021   13
52478.204    0.199106670890    0.259300753669    0.1517    0.1523   0.150   78
52480.253   -2.993838217102    1.738101553883    0.1892    0.2788   0.346  619
52481.272    0.447929033132    0.408099589322    0.5772    0.4767   0.425   16
52485.209    0.080204441931    0.299901569178    0.2187    0.3478   0.115   56
52488.270   -0.230296584404   -0.147999628552    0.2213    0.2802   0.159   25
52492.204   -0.474970967765    0.182699960760    0.1478    0.3709   0.300  114
52495.272    0.104854204050    0.483800391748    0.2007    0.1814  -0.081   17
52499.213    0.135474126389    1.112000398962    0.1348    0.3593   0.199  101
52502.270   -0.129042493519   -0.296600427419    0.2058    0.3659  -0.037   15
52506.204   -0.237276609830    0.284500794123    0.2545    0.1722   0.070   13
52509.272    0.016989118225    0.118299584528    0.1479    0.1663   0.140   28
52513.205    0.555417208749    0.151801157244    0.2046    0.1461   0.149   22
52516.270    0.142432026356    0.245199572646    0.2283    0.2624   0.115   12
52521.204   -0.878539174459    0.139100353636    0.2527    0.1671   0.102   18
52523.268    0.102724900962    0.362699950074    0.2698    0.2716  -0.104   16
52527.216   -0.327775667222    0.308001585836    0.3077    0.4836  -0.796   18
52530.270    0.010689711267   -0.246200448828    0.1549    0.1864   0.185   35
52534.204   -0.186463079214    0.036601198872    0.1194    0.1004  -0.120   68
52537.272    0.236859915875    0.222400785788    0.2998    0.5172   0.157   16
52541.206   -0.102834474106    0.389501985865    0.1409    0.5745   0.117   67
52543.244   -0.853253044790   -0.855298833358    0.2624    0.3223   0.094  710
52544.270   -0.400056068055    0.291700769139    0.3006    0.3430   0.287   11
52548.204    0.030532474655    0.173199566689    0.2412    0.2657   0.091   12
52551.272    0.080467839134    0.222001182237    0.2350    0.2144  -0.256   12
52555.206    0.075529141801    0.127000771499    0.1375    0.1247   0.187   32
52558.270   -0.288309814041    0.304099171444    0.1871    0.3257  -0.240   24
52562.207    0.026581517070    0.112600770308    0.1212    0.1106  -0.198   53
52570.707  -36.219790186931   19.835301554849    3.8504    3.8579   0.075    8
52579.272    0.312169911390    0.331599579795    0.3086    0.3299   0.475   11
52583.206   -0.282383377429   -0.659401212033    0.1936    0.2204   0.103   38
52586.270    0.117453544808   -0.137498409458    0.1735    0.1769   0.076   27
52590.204   -0.120086989534    0.005900380984    0.2915    0.2371   0.146    7
52593.272   -0.121952894950    0.153201585817    0.1578    0.1664   0.036   29
52597.206    0.256241733923   -0.001598414201    0.1320    0.1482   0.354   56
52600.270    0.078514485566    0.168699563119    0.1502    0.1485  -0.062   19
52604.204   -0.176541960941    0.158698782116    0.2517    0.1477   0.121   13
52605.270   -0.244937253724    0.504701995396    0.1422    0.1783  -0.153   27
52611.228   -0.025681225007    0.031499973829    0.1489    0.1546   0.239   31
52614.270   -0.050615982479    0.291999589308    0.1660    0.2092  -0.113   17
52618.204   -0.001404433702    0.132901152483    0.0819    0.1036   0.149   58
52620.246   -0.671113893508    0.242301564413    0.2388    0.1711  -0.114   26
52621.268    0.409319220629   -0.086900445240    0.2898    0.3184  -0.329    6
52625.202   -0.109024307921    0.106599554783    0.1353    0.2927   0.109   35
52628.267    0.136242192541    0.456299983398    0.2801    0.3569   0.171   11
52639.202    0.049255273321    0.345700760818    0.1973    0.1830  -0.066   17
52642.270   -0.266842943355    0.082000786961    0.1171    0.1334  -0.009   30
52646.204    0.175159125856    0.150400779830    0.0689    0.0731  -0.089   66
52649.268   -0.070392896800   -0.108000034515    0.2340    0.2918   0.556   30
52653.202   -0.160343034326    0.510101989448    0.4588    0.7393  -0.926    9
52655.248   -0.292590017896    0.341499577416    0.5339    0.3059  -0.049   42
52656.270   -0.154043100526    0.298198790460    0.1362    0.1591  -0.066   26
52661.205    0.268643527013    0.526899560782    0.1403    0.1838   0.086   13
52663.272    0.082179920957    0.739699169117    0.2486    0.3055  -0.159   14
52667.206   -0.130534902215    0.081298782106    0.1094    0.1047  -0.024   20
52674.208   -0.001887504033    0.554000365582    0.1499    0.1900   0.522   18
52677.268    0.209071513240   -0.022298399927    0.1285    0.1604   0.004   28
52681.206    0.193114385211   -0.060400810753    0.1762    0.3442   0.081    7
52683.244   -0.303477277300    0.047800790526    0.1989    0.3941   0.574   37
52684.270   -0.181414808739    0.167601587009    0.1372    0.1449  -0.091   27
52689.205   -0.021708141963    0.069901153665    0.0847    0.0899  -0.048   36
52691.272    0.214647104496    0.248601600106    0.2235    0.2544   0.429   28
52695.206   -0.021642292896    0.033001185784    0.0965    0.0967  -0.054   27
52698.270    0.522536284721   -0.107600430965    0.3584    0.2865  -0.118   13
52702.204   -0.139424556665    0.294199173823    0.1053    0.1106  -0.063   21
52705.272   -0.111767852632    0.275698772612    0.1807    0.2414   0.580   30
52709.206   -0.049496544598    0.204901158440    0.1021    0.1079   0.009   20
52711.248    0.178429992283   -0.037299622591    0.1996    0.0810   0.290  366
52712.270   -0.033978236451    0.434599172650    0.2153    0.3097   0.030    5
52716.204   -0.127550085292    0.211201194134    0.1032    0.1169  -0.021   20
52719.269   -0.086569697956    0.135399557166    0.1415    0.1441   0.090   32
52723.202    0.107531899693    0.181400366728    0.1161    0.1367  -0.113   13
52724.229    0.562243410115    0.187199964330    4.0680    1.9285   0.974  174
52725.248    0.118836379893    0.149000351257    0.1015    0.1185  -0.047   44
52726.270    0.067671477080    0.534999577440    0.2140    0.4083  -0.260   11
52730.204   -0.067473402102    0.000000000000    0.1011    0.1065  -0.063   33
52733.272   -0.080994633073   -0.303998439222    0.2200    0.3883  -0.122   18
52737.202   -0.015737981274    0.118198749988    0.0938    0.1072  -0.053   27
52740.270    0.150026820715    0.237700777461    0.2374    0.2281  -0.007   16
52744.204   -0.077109525023    0.045298753548    0.0520    0.0571  -0.013  164
52746.272   -0.234269667448    0.058600778630    0.1690    0.1545   0.058   14
52751.202    0.059045219366    0.057599953607    0.1192    0.1281  -0.156   19
52753.244   -0.001975478559    0.070199973834    0.0914    0.0885  -0.038   57
52754.270    0.198777424620    0.166798798773    0.1347    0.1453   0.025   26
52758.204   -0.073487813708    0.449801962077    0.1725    0.2111   0.316   19
52759.271    0.121711623673   -0.550998043991    0.1424    0.3481  -0.138   26
52765.202    0.162560311939   -0.058100442857    0.1254    0.1504  -0.114   18
52766.225    4.542131102285   -4.608298843323    0.4321    0.8641   0.270   19
52767.244    0.274701662226    0.083998753553    0.0808    0.0923   0.073  200
52768.271    0.126518621936   -0.047700007144    0.1425    0.1571  -0.044   28
52772.204   -0.167103386157    0.175201165575    0.1247    0.1206   0.024   14
52775.269   -0.180207396332    0.259999177388    0.1787    0.1990  -0.117   11
52779.206    0.160914079651    0.110901572725    0.1451    0.1261   0.117   24
52781.248   -0.200840350863    0.237999597630    0.0833    0.0996  -0.010   70
52782.267    0.114095230697    0.169700388142    0.1477    0.1692  -0.095   29
52787.205   -0.117694289244    0.540100751323    0.1253    0.2303  -0.037   19
52789.269    0.450167909362    0.214401552512    0.2058    0.1961  -0.407   16
52793.206   -0.016045102554    0.014601567955    0.0809    0.0862  -0.012   57
52796.271    0.117892364222   -0.032698835639    0.2413    0.1810  -0.194   18
52800.204    0.405719634772   -0.199000828616    0.2086    0.2039   0.002   16
52807.206   -0.195681980403    0.246301181051    0.1416    0.1742   0.202   20
52809.248   -0.262167643694    0.363401954928    0.1049    0.2062  -0.452  240
52810.271    0.638123923646   -0.093200429774    0.3667    0.2563   0.026   14
52814.204   -0.042472795563    0.178199957190    0.1516    0.1617   0.109   16
52817.269   -0.211705484807   -0.836100008428    0.3809    0.4738  -0.478    9
52821.206   -0.146382983474   -0.067600836928    0.1243    0.1303  -0.078   21
52823.270    0.069361433445    0.269899175009    0.2489    0.2655   0.203   20
52828.204   -0.038236315316   -0.073000830980    0.2321    0.2621  -0.031   14
52830.246   -0.111131485082    0.274600796502    0.0671    0.0658  -0.097  313
52831.269   -0.231086776014    0.282401992990    0.3694    0.4231  -0.029    7
52835.203    0.161309175456   -0.037400405972    0.1516    0.1513   0.013   15
52836.583  -26.928827571263   45.286199980410    2.8494    2.7466  -0.088   18
52837.244    0.269060221435    0.430300787002    0.1093    0.2153   0.153   43
52838.267   -0.074870648793    0.316501154884    0.1357    0.1454   0.110   26
52842.204   -0.106939255751    0.299901569178    0.1881    0.4342   0.108   21
52845.269    0.277752328217    0.397198766677    0.2976    0.3354   0.011   10
52849.206   -0.292853415100    0.098801990589    0.2142    0.3786   0.182    8
52852.271    0.509410149556    0.012499185686    0.3540    0.3137   0.195   14
52856.208    0.076473157473    0.129801577486    0.3060    0.1917  -0.441   22
52859.269    0.324505328104   -0.454201233424    0.3376    0.3391  -0.112    6
52863.206   -0.108563362581    0.623901570407    0.2331    0.6038   0.142   22
52866.271    0.881239522403    1.296500391845    0.5517    0.5134   0.169   10
52870.204   -0.043504258919   -0.169700439301    0.1324    0.3132   0.010   30
52873.269   -0.184750997391   -0.401799604788    0.2687    0.2584  -0.092   14
52877.203   -0.136900685082    0.431499597653    0.2426    0.4429   0.107    9
52879.244   -0.017515912632    0.038700000005    0.2781    0.1824   0.132   42
52880.271   -0.173271094514    0.207500397664    0.1360    0.1559  -0.085   30
52885.205    0.001756332740    0.144799167856    0.1359    0.1426  -0.063   21
52886.250    4.237380563043  -11.334200445390    0.7091    0.8154   0.046    6
52887.269   -0.197569484904   -0.100800008340    0.1676    0.3379  -0.228   24
52891.203    0.214537004512    0.244900752477    0.1422    0.1533   0.242   21
52893.244   -0.201805965151    0.202100352453    0.1364    0.1276   0.006   36
52894.271   -0.177924796026   -0.371700008372    0.1578    0.2100   0.132   22
52898.205   -0.027217357311   -0.170701213165    0.1447    0.1858   0.018   31
52900.250   -0.013433255977    0.230201982276    0.0886    0.0998   0.044   84
52901.273    0.186155958403   -0.244400416705    0.2181    0.2330  -0.175   11
52905.206    0.009043478978    0.107899199975    0.2136    0.2094   0.036   19
52906.225   -1.298569704504   -2.019700809797    0.8393    1.5282   0.608    4
52908.267   -0.049540268674    0.056300359574    0.1391    0.1722   0.026   27
52912.205    0.054654915526    0.162899965517    0.1574    0.1869  -0.076   19
52915.269    0.238682097682    0.147099586911    0.2833    0.5060  -0.415    5
52919.203    0.065673873063   -0.050598015378    0.0767    0.1215  -0.103   43
52922.271    0.068680815445   -0.098200820275    0.1243    0.1493  -0.087   32
52926.205   -0.068373166856    0.064400376232    0.0839    0.0858   0.036   27
52929.269    0.145944164060   -0.255600008359    0.2925    0.3215  -0.224    7
52933.203    0.024935284781   -0.033001236943    0.1078    0.1187  -0.031   20
52935.245   -0.261860522414    0.210099585729    0.1956    0.2856   0.543    7
52936.271    0.148929507825    0.018899953602    0.1617    0.2065  -0.192   15
52940.205   -0.122457563898   -0.098899243994    0.1982    0.2882   0.486   15
52943.269    0.221385331336   -0.002300419055    0.1775    0.2217   0.025   38
52947.203   -0.245420324054    0.014399950032    0.2242    0.2900   0.186    6
52949.245    0.969455453115   -0.090298840405    0.8761    0.8860   0.344   18
52950.271   -0.136900685082    0.218501952531    0.1602    0.2342  -0.058   16
52954.227    0.124762816505    0.214700372680    0.1792    0.2118   0.120   23
52955.582   -5.622980910844   24.664399188623    2.0009    3.5954   0.058   15
52956.246    4.036649785324    8.282998760478    0.4222    0.4159   0.155    8
52957.269    1.011621127399    0.458801969216    0.7323    0.3005  -0.421    3
52961.203    0.008604659097    0.069001163183    0.1083    0.1187  -0.128   20
52964.271    0.056279549196    0.211701581065    0.1290    0.1472  -0.073   26
52968.205    0.171449966857    0.019400391693    0.1334    0.1605  -0.065   12
52969.268   -0.284490554589   -0.469699210726    0.2102    0.2847  -0.252   15
52975.203    0.137603429008   -0.067600836928    0.1173    0.1607  -0.195   18
52978.271   -0.249480854783    0.043901957270    0.2022    0.2786  -0.225    8
52983.227    0.006014411605    0.025401556059    0.1011    0.1189  -0.081   16
52984.250    4.833316686947   -1.633298450088    0.3399    0.3773   0.276    7
52985.266    0.052855386018    0.250801184620    0.1558    0.2063   0.007   15
52989.229   -0.353171370034    0.063601169131    0.1965    0.2439   0.106   12
52990.229    0.239011343953   -0.013899614260    0.2937    0.2233  -0.121  190
52991.252   -0.073136441511   -0.044701215529    0.0496    0.0536  -0.129  342
52992.267    0.019645215719   -0.081298833265    0.1306    0.1692  -0.292   21
52996.205    0.199633465297    0.199101560838    0.1210    0.1231  -0.097   10
53003.203   -0.106258637284   -0.012898840396    0.1392    0.1525  -0.097    8
53010.205   -0.179373480645    0.262101559656    0.1781    0.2033  -0.033    5
53012.250   -0.610203295100   -1.077901237068    0.2317    0.2260   0.302    7
53013.269    0.002195152154   -0.579200406037    0.2707    0.3982  -0.009    4
53017.203    0.055137985857    0.034300779816    0.1309    0.1436  -0.224   15
53020.267    0.090784580054    0.082000786961    0.1614    0.1685  -0.058    9
53025.206    0.177881072417    0.337600795319    0.1880    0.2453   0.015    9
53027.269   -0.441848772460    0.001101557245    0.2213    0.2260   0.125   15
53031.203    0.118221610960    0.011998798755    0.1311    0.1284   0.045   17
53034.267   -0.001316985550   -0.044701215529    0.1635    0.1560  -0.054   13
53040.250    3.009203228498    1.295801968126    0.2792    0.3013   0.270    5
53041.269   -0.197964580709    0.623098782171    0.1595    0.1940  -0.133   21
53045.207   -0.053601326244    0.318700790558    0.1607    0.2168   0.145   20
53048.271    0.204396213111    0.205001992981    0.2175    0.3844  -0.090    6
53055.269   -0.171581138617    0.137800759603    0.1546    0.1992   0.119   26
53062.271   -0.174719779133   -0.065700021423    0.2611    0.2142  -0.010   11
53065.873    3.722219399554   -3.165998407439    1.6509    1.4954  -0.167    4
53066.205    0.037599947765    0.027500357191    0.1234    0.0930   0.073   12
53066.585    1.246878534594    6.681099551997    2.1189    2.1896  -0.011   13
53068.250   -0.943927524392    0.074901595326    0.2602    0.2450  -0.076  147
53069.269    0.026295994407    0.269398788078    0.1678    0.1836   0.212   15
53073.203    0.210871569589    0.148899567876    0.1837    0.1410   0.435   22
53076.271    0.192785138473   -0.104698841596    0.2318    0.2088  -0.059    8
53080.205    0.341691993998   -0.264398448735    0.2029    0.2500   0.260   23
53082.254    0.283042397279   -0.950400027477    0.2136    0.2317  -0.193   10
53083.269    0.241754889131    0.366199179780    0.2075    0.3168   0.291    4
53090.271    0.107268502490   -0.007099242794    0.5097    0.3198  -0.428    9
53097.269    0.068307845098    0.097300778634    0.2204    0.2163   0.340   13
53101.583   -9.298403059593   -2.723000449123    1.8313    1.9392  -0.020   18
53102.230   -0.803800223801    1.176699595362    0.7613    1.6050  -0.507   14
53103.271   -0.211990480628   -0.019900829784    0.2017    0.1644   0.080   16
53110.250   -6.669765034800    0.565599560787    0.4165    0.3599   0.021    5
53111.269    0.359252157548    0.188398774981    0.2054    0.2312  -0.254   15
53118.268    0.123752951767    0.207100794114    0.3922    0.2344   0.034   14
53122.205    0.087118617822    0.228401950153    0.2278    0.2531   0.285    6
53125.270   -0.142432025888    0.009100790521    0.1767    0.2279  -0.219   10
53125.576   -1.040308767946   -0.047700007144    0.3566    0.3315   0.052  180
53131.252   -0.209642031255   -0.400798830924    0.1285    0.1139  -0.159  125
53132.271   -0.046665024893    0.026999970260    0.2086    0.2306  -0.299   10
53134.021    6.131227898442    1.415401197846    0.3221    0.4055  -0.015   64
53136.227   -0.035470644678   -0.021600027367    0.0853    0.1032  -0.135   43
53139.270   -0.156150277687   -0.365698844007    0.2434    0.2997   0.149   11
53143.207   -0.003160765975    0.197301579874    0.0980    0.1185   0.028   40
53145.271   -0.559433488560   -0.456901204871    0.2827    0.2937   0.086    5
53145.581  -29.328946942075   24.917299174376    5.4579    5.4740   0.131    9
53150.205   -0.185782460747   -0.168598830896    0.3719    0.3096  -0.043    4
53152.251    3.437904267175    5.644000799521    0.3379    0.3977   0.309   13
53152.747    5.152619920514    2.849299164609    0.4955    0.4296   0.235  216
53153.270   -0.017998456122   -0.118699239238    0.3268    0.4304   0.021    4
53158.208    0.090696605528    0.108899973839    0.1387    0.1540   0.094   29
53160.275   -0.009438047475   -0.041698842779    0.1974    0.1845  -0.190   11
53167.270   -0.171537414541    0.135701958470    0.1810    0.3397   0.113   26
53171.203    0.043834032498   -0.059698805899    0.1246    0.1427  -0.041   42
53174.271   -0.039246180054   -0.497898042795    0.2647    0.3087  -0.081    9
53180.247  -14.372222971879   10.938898759605    0.6636    0.5393   0.161    4
53181.270   -0.028622317854   -0.287200816729    0.2000    0.2042  -0.298   27
53185.207   -0.829876545081    0.840898781007    0.3459    0.2720  -0.431   24
53188.271   -0.375340983710    0.979001993073    0.4488    0.8329  -0.011    4
53195.270    0.069515257505    0.408499192872    0.2179    0.2382  -0.112   25
53199.225    0.349177215214   -0.059900423821    0.2301    0.2491   0.087   15
53200.230   -1.783176795189    1.946199591885    1.0120    1.1010  -0.543   17
53202.272    0.111812104017    0.176900363158    0.2351    0.2434  -0.132   13
53209.273    0.617644792707    0.491698790483    0.4031    0.3940   0.653   33
53215.253    2.899498302109    1.645401562200    0.2291    0.2732  -0.087    9
53216.268    0.737577958181    0.249800359597    0.3534    0.4869  -0.072   32
53220.202    0.052833260559    0.305899152409    0.1408    0.1741  -0.082   30
53223.270   -0.028381046109   -0.544798842839    0.3064    0.4135   0.053   35
53234.205    0.027129910094   -0.008100016657    0.1207    0.1280   0.006   37
53235.228   -0.332473092342   -0.533498416644    0.3133    0.5027   0.166   52
53236.247   -0.385986444527    2.291399965770    0.3573    0.2855   0.048   14
53237.270    0.132093686819   -0.203198430881    0.1848    0.2423  -0.170   55
53243.249    0.045941209659    0.079199980973    0.0912    0.1030  -0.068  153
53244.268   -0.532962071943    0.101300395272    0.5825    0.3854  -0.193   43
53248.205    1.375240936955    0.061901971549    0.3184    0.3441  -0.038   39
53251.270    0.005114646852   -0.010198817790    0.1257    0.1755  -0.093   55
53254.995   -0.502473848206   -1.000598439305    0.6186    0.8733  -0.126  110
53256.204   -0.731124727162   -0.434898043977    0.5964    0.6093   0.712    6
53257.253    2.250202123707   -0.335800814355    0.3795    0.4332  -0.020   12
53258.272   -0.005179968610   -0.056300410733    0.1615    0.2021   0.158   44
53262.224    0.210256800656    0.125301573917    0.2068    0.1625   0.189   39
53262.582  -84.483263212828    7.030601994984    7.5018    5.1622   0.453    9
53263.228   -2.471982550849   -1.810000827618    0.9849    0.6148   0.257   11
53265.270    0.103625192557   -0.133599627361    0.2052    0.2415   0.052   29
53269.204    0.084506771713    0.773099958451    0.1178    0.1180   0.046   47
53272.268    0.516500274966    0.338201965633    0.4353    0.4976  -0.198    5
53276.205   -0.224085152438    0.230900354836    0.1520    0.1377   0.018   67
53278.247    0.106237039134    1.162299594171    0.4898    0.5458  -0.003    6
53279.270    0.094933085776   -0.419000411966    0.1930    0.2091  -0.032   11
53284.226   -0.926279913626   -0.434700007190    1.6483    0.4685   0.563   26
53285.253    0.021993664625   -0.427698017802    0.0907    0.1015  -0.038  208
53286.272    0.163284654483    0.042299961933    0.2663    0.2741  -0.060    6
53292.247   -1.073804460439   -0.259200021446    0.2248    0.2372  -0.081    8
53293.270    0.557348436859   -0.088599642822    0.1856    0.1920  -0.012   28
53300.268    0.144956424781    0.078901160805    0.2438    0.2561   0.041    6
53307.270    0.362983442006    0.155001566782    0.2374    0.2164  -0.146   32
53311.204   -0.125838003468    0.236901570361    0.1246    0.2009  -0.124   35
53314.268   -0.197877132557    0.051699572623    0.2774    0.3660   0.163   11
53321.270   -1.366636277390   -0.126500435726    0.7905    0.9184   0.030   11
53326.223   -0.184333776127   -0.047599223763    0.3815    0.3383   0.159   16
53328.268   -0.260960757660    0.375501588223    0.2822    0.3531  -0.113    4
53339.204    0.529428335622   -1.202500806130    0.4810    0.4971   0.076   25
53341.249    0.924809630857   -0.775400428665    0.4099    0.3719  -0.084    4
53342.272   -0.066551512358    0.247499991701    0.2155    0.2165  -0.212   11
53346.228    0.121272803792   -0.408999630963    0.3901    0.3820  -0.003   29
53349.270    0.152902064028    1.423900766895    0.7065    0.7433  -0.181    5
53353.204    0.190217015972    0.390401976347    0.2420    0.2501   0.088   37
53354.223    0.442090571046    3.576499199198    0.6674    1.4673  -0.426  102
53356.272    0.053294205432    0.391798772625    0.2273    0.2426   0.447   10
53362.269   -0.017735058919   -0.152600415504    0.2267    0.2477  -0.098    9
53367.226   -0.018679074590   -0.094600807188    0.2164    0.2452   0.046   19
53369.271   -0.143068393439   -0.334998026119    0.2023    0.1810  -0.093   13
53374.206   -0.173293219973    0.337201191769    0.1700    0.1971  -0.215   81
53377.266   -0.042472795563   -0.271299603583    0.1863    0.2565  -0.124   19
53381.207   -0.165150032589    0.106999158334    0.1859    0.2229  -0.006   11
53383.249    0.413599424952    5.615398782766    0.2150    0.2839   0.023   11
53384.268    0.265746157774    0.505699188125    0.2113    0.2843  -0.078   11
53390.247   -0.218795083377    0.010501167935    0.2049    0.1823  -0.287   15
53391.270    0.098378847572   -0.040600815510    0.1492    0.1733  -0.067   27
53398.272   -0.003094916908    0.467499575052    0.3558    0.4599  -0.631    3
53402.206   -0.027327457295    0.103499979787    0.1522    0.1770   0.055   38
53405.270   -0.112931541430    0.264999567889    0.2625    0.1657  -0.117   15
53410.227    0.422116109056   -0.421099213099    0.1636    0.1320   0.098   30
53411.253   -0.039662874477    0.214599589299    0.0982    0.1001   0.025  297
53412.268   -0.094098643248    0.001900764346    0.1658    0.1470  -0.257   12
53416.206    0.118704681291   -0.104400021428    0.2004    0.1879   0.249   23
53418.255    0.738544099311    0.324201567992    0.2458    0.3285  -0.062    5
53419.270    0.009855796048   -0.205200029768    0.1256    0.1323  -0.063   32
53423.208   -0.655705158504    0.319100394108    0.3682    0.5065  -0.464   68
53426.268   -0.187933888825   -0.291301216748    0.2061    0.1845  -0.211   14
53430.206    0.037007304291    0.385099184541    0.0726    0.1018   0.003   59
53433.270    0.043702333897   -0.067600836928    0.1275    0.1276  -0.052   27
53440.268   -0.108453789438   -0.079999239233    0.1538    0.1450  -0.436   39
53444.206    0.127440512148   -0.106599605942    0.1548    0.1402  -0.122   53
53446.248   -1.107980245027    0.323301577509    0.1117    0.1157  -0.093   15
53447.270    0.204813434375    0.000601170314    0.1245    0.1053   0.197   32
53452.223   -0.167805603242   -1.159898442893    0.6352    0.5212  -0.155  152
53453.268    0.196801945593    0.065699970264    0.1682    0.2299   0.097   16
53458.206    0.427054806388   -0.114498004677    0.1769    0.1333  -0.068   81
53460.248   -4.521519745903   -1.185400833492    0.2003    0.1427  -0.306   22
53461.270    0.499445307674   -0.054298811847    0.1328    0.1322  -0.010   37
53466.227   -0.032990496703    1.229601559771    0.8494    0.9549   0.456   14
53467.246   -1.001743205892    1.298098754887    0.1683    0.1286  -0.064   16
53468.268   -0.198447651040    0.063701952513    0.1296    0.1455   0.078   32
53472.206   -0.164974083538    0.187999171430    0.2037    0.1997   0.335   16
53475.270   -0.270003709797   -0.063601220290    0.1803    0.1411  -0.036   57
53479.204   -0.266206575805    0.034001959648    0.3359    0.1380  -0.462   26
53481.249   -1.126813143209    0.235601976328    0.6207    0.2143  -0.409   18
53482.269   -0.399771072234    0.180399592864    0.1600    0.1495   0.003   27
53488.251    0.077855992557   -0.009601228612    0.1342    0.1775   0.482  342
53489.267   -0.058122802312    0.142498799960    0.1366    0.1312  -0.162   51
53493.204   -0.178143942780   -0.016700420247    0.1033    0.1282  -0.069   43
53496.269   -0.349330511965   -0.186400808388    0.1561    0.1720   0.070   15
53503.201    4.874098999304   -2.384701230085    0.6941    0.4838   0.056  358
53503.270   -0.185760862129    0.218098767846    0.1290    0.2933  -0.063   31
53509.246    0.011787024157    0.034300779816    0.1826    0.2044  -0.340   57
53510.269   -0.130952123011    0.100501188172    0.1680    0.2277   0.276   16
53516.248   -2.456749238055    2.542399187178    0.4187    0.3488  -0.252    5
53516.584   35.134747622668  -19.634799616597    2.0116    2.2664  -0.006   16
53517.270   -0.199237842651    0.054100775060    0.1282    0.1255   0.077   48
53522.205    0.329861246233   -0.171399636884    0.2005    0.2081   0.184   28
53523.418   -1.877429262030    3.970101585082    0.3497    0.3496  -0.123  260
53524.269   -0.191950695945    0.237099555989    0.1600    0.1634   0.107   14
53528.206   -0.029698032127    0.617299184569    0.2085    0.3234   0.369   12
53531.270    0.094077044631   -0.096998428489    0.1611    0.1703   0.246   28
53535.204    0.031059269062   -0.098200820275    0.2479    0.2558  -0.278    9
53537.582  -10.798472134810   14.526701966133    2.9672    3.5874  -0.601   16
53538.269   -0.104634530454   -0.457300808421    0.2022    0.2260  -0.058   12
53542.206    0.288485763560    0.003801579851    0.1534    0.1457   0.377   28
53543.225    0.247176656795    0.172101590579    0.3009    0.3281  -0.195   25
53545.270   -0.001316985550   -0.129898830892    0.1249    0.1294  -0.012   42
53551.250   -0.971430404833   -0.766800025076    0.2847    0.1597   0.667  105
53552.269    0.232513862484    0.256798767850    0.6119    1.3880   0.783   21
53552.287    1.208093299412   -6.164798412556    0.4277    0.4060  -0.285  234
53555.994   -0.556492395713    0.724100357274    0.7687    0.8042   0.119   24
53559.271    0.012533491692   -0.000698423719    0.1151    0.1064  -0.140   44
53560.315   -0.628246002139   -1.782198017963    0.3534    0.3229   0.052  135
53561.356   -1.352171030748    0.500601595377    0.3701    0.3839  -0.025   90
53563.204   -0.025702823624   -0.176900414317    0.1640    0.1678   0.113   31
53564.223   -1.094393164521    1.597301951506    0.2126    0.2147  -0.223   31
53565.250    0.068154021038    5.992999172122    0.7102    0.5713   0.017    3
53565.586   -0.890787143021   -3.472700450402    1.9760    1.6968   0.110   18
53566.269    0.422994275660    0.024299998813    0.2654    0.1250  -0.017   36
53570.206   -0.142739147168    0.022399183308    0.2093    0.1702   0.253   24
53572.467    1.782387130420    1.578099596600    0.4447    0.4467  -0.152   45
53573.271   -0.229594367786    0.290199557185    0.1375    0.1463  -0.132   41
53580.269    0.162165216134   -0.090601241709    0.4417    0.4305   0.678   16
53584.202   -0.031080867212    0.351899961970    0.1649    0.2118   0.045   28
53587.271    0.029939831181   -0.210700807202    0.1593    0.1771   0.057   20
53593.250    1.035875266871   -1.314799226293    0.4933    0.4996  -0.079    5
53594.269    0.680815865495    0.575999996499    0.5283    0.6468   0.090   43
53598.210    0.121689498214    0.009399559531    0.2428    0.2215   0.167   14
53599.583   -2.515881905105   17.639398754454    1.9498    2.0462  -0.051   27
53600.248    0.113831833493    0.651200360835    0.3145    0.2350  -0.108   24
53601.271    0.205603625985   -0.020401216716    0.0953    0.1112  -0.041   53
53605.208    0.168552598086    0.107499596425    0.2606    0.2710   0.621   21
53607.250    0.817694952427    0.477701973978    0.1522    0.1036   0.055  126
53608.269   -0.133015576563   -0.149299222585    0.1981    0.1555   0.122   26
53612.206    0.207535380936   -0.022500017849    0.2188    0.2611  -0.009   28
53615.271    0.155031367115    0.102898758314    0.1103    0.1082   0.119   65
53618.996   -1.062039035368    2.290100371738    0.7297    1.2763  -0.239   10
53621.582   -8.907104947386    8.169199179520    3.9947    3.5445   0.196   11
53622.269   -0.432871142548   -0.425199613119    0.3082    0.2279   0.639   28
53626.195    0.072236677225   -0.098600423826    0.1091    0.1007  -0.008   38
53626.498    0.000812317069    0.034001959648    0.1472    0.1187   0.129   38
53627.196   -0.071051389809   -0.308898046342    0.2135    0.1442   0.368   32
53627.499    0.199940586577   -0.086198440385    0.1595    0.1463   0.090   36
53628.197    0.032002757892   -0.091501232191    0.1433    0.1499   0.221   21
53628.500   -0.248185994224    0.118799971460    0.3181    0.2457   0.393   11
53629.198   -0.092825380839    0.114101982263    0.1300    0.1130   0.011   30
53629.501    0.236179824249    0.155001566782    0.1550    0.1353  -0.086   36
53630.195    0.164842911777    0.240901186999    0.1197    0.1231  -0.046   26
53630.498    0.276984262065    0.067100398837    0.1489    0.1253  -0.081   33
53631.196    0.079919446109    0.063201565581    0.0847    0.0772   0.031   52
53631.499   -0.114731070938    0.087800384563    0.1399    0.1153   0.104   42
53632.196   -0.348847441634    0.197600400043    0.1363    0.1257   0.089   31
53632.500   -0.062227583958    0.215801981085    0.1642    0.1340   0.078   34
53633.197    0.125882254386    0.227199558367    0.1080    0.1121  -0.011   37
53633.500    0.408573279935    0.121899597616    0.1703    0.1478  -0.205   38
53634.205    0.153012164012    0.091900784582    0.1391    0.3659  -0.020   36
53634.501    0.048487207169    0.081601183410    0.1538    0.1741   0.050   31
53635.195   -0.022564182640   -0.142599634501    0.1127    0.1067   0.147   34
53635.498    0.071534460140    0.085399182126    0.1591    0.1299  -0.008   39
53636.196    0.126145651589   -0.137498409458    0.1314    0.1044   0.112   38
53636.499    0.156875147072   -0.199998021344    0.1975    0.1513   0.141   32
53637.197   -0.045304315267    0.054399595228    0.1302    0.1698   0.065   33
53637.500    0.045984933735   -0.162698449913    0.1818    0.1885   0.115   40
53638.197    0.112448998408   -0.104500804810    0.1245    0.1159  -0.098   53
53638.497   -0.089818438924   -0.144399615465    0.1323    0.1329  -0.160   46
53639.198    0.041331759065   -0.051199236850    0.1360    0.1227  -0.133   30
53639.501    0.068659216827   -0.218898026105    0.1494    0.1576   0.068   32
53640.199   -0.221670326689   -0.298998048720    0.1923    0.1272   0.270   27
53642.248   -1.174729305053    0.117100773878    0.1987    0.1598   0.608   92
53643.271   -0.395600441521   -0.004298436806    0.1968    0.1912  -0.243   29
53650.269   -0.370270588244    0.285901171537    0.4500    0.4294  -0.372    5
53654.206   -0.036699656171   -0.608299228588    0.3175    0.3307  -0.017   17
53656.580    9.989426092865   -6.760501202052    1.4062    1.4811  -0.001   31
53657.271   -0.121447699160    0.024699551204    0.1577    0.1332  -0.490   36
53662.227    0.116004860188   -0.717098419045    0.5823    0.4769   0.366    7
53664.269   -0.032616999516    0.020998754735    0.1397    0.2636   0.142   16
53671.267   -0.102373528765   -0.061898441572    0.1217    0.1956   0.155   28
53675.205    0.845702501349    0.787499959642    0.3714    0.5182   0.261   11
53677.243  -10.732995809884    4.204101566074    0.2283    0.1534  -0.149   16
53678.269    0.212386103275   -0.001400428573    0.2438    0.2110   0.335   10
53684.584    8.075604295476  -61.832800844286    2.0776    2.3784   0.159   23
53685.271    0.112404747491   -0.216298838041    0.2089    0.1951  -0.385   21
53689.216   -0.329092653239   -0.404600410775    0.3011    0.3317  -0.025   35
53690.227   -0.215656442393   -0.787698047588    0.2074    0.3458   0.178   25
53692.269    0.241601065071   -0.079498801142    0.3618    0.2217   0.241    7
53697.269   -0.065388350401   -0.060901248844    0.1013    0.2437  -0.319   47
53703.205   -0.004346053391   -0.081601234569    0.4413    0.5600  -0.405    3
53704.242   -0.572251975605    0.099899966699    1.1772    0.8287  -0.209    5
53706.269   -0.085208988330    0.196599575020    0.1169    0.1923   0.048   24
53710.203    0.131391469734   -0.003999616638    0.2052    0.1271  -0.284   31
53712.248    0.197767559882    0.173998773789    0.2234    0.1704  -0.033   21
53713.271    0.188504934617    0.053398770206    0.0757    0.0967  -0.033   42
53717.205    0.709987103683   -0.319298430895    0.3325    0.3254  -0.352    8
53718.224   -0.789708474814   -2.507698803811    0.6548    0.7730   0.562   91
53719.250   -0.116969947168    0.190501157249    0.2825    0.1996  -0.441   40
53720.269   -0.205054705652   -0.092898028470    0.2630    0.2090  -0.021   10
53725.226    0.272967454945   -0.613098001168    0.4327    0.4671  -0.320   18
53727.271   -0.255802387200    0.190198755945    0.1376    0.1692  -0.103   32
53732.205    0.008538810030   -0.317599233313    0.2165    0.3050   0.041   21
53734.269    0.941337803742   -0.151898410650    0.4557    0.4491  -0.089    8
53739.207    0.057135589874    0.103201159618    0.1448    0.1676   0.132   10
53740.270   -1.129578813846   -2.022300049020    1.5468    1.7736   0.196    4
53747.582   31.970754826109   -9.002098829569    1.6181    1.6206  -0.011   33
53748.287    0.357825071546   -0.461898014237    0.2504    0.2873  -0.141   12
53753.204    0.334470696827   -0.138999621413    0.6182    1.0641   0.140    5
53755.267   -0.421040394783   -0.498898816659    0.1553    0.2797   0.019   17
53760.227   -0.982405638294    0.689900360840    0.7246    1.5511  -0.402    6
53761.246    0.127660185276   -0.446900423867    0.2496    0.2464  -0.285   16
53762.269    0.260104716983   -0.246999604769    0.1519    0.2292  -0.355   16
53766.207   -0.093988542796    0.031701591752    0.2095    0.2478  -0.123    3
53768.252   -0.392922745877   -0.211298447539    0.2252    0.3317   0.149   62
53769.271    0.160803979666   -0.033800444044    0.3072    0.2748   0.606   18
53774.227    2.637703628762    3.149301568328    1.0975    1.3958  -0.219   16
53776.269    0.035010226647    0.295099164305    0.1661    0.1876  -0.206   27
53780.207    1.464115360208   -0.111200444053    1.8291    1.2843   0.385    3
53780.638   41.487668500099  300.897298757263    0.4271    0.6551   0.346  122
53782.584  -65.411661021246   28.411001960649    1.0216    0.9761   0.024   38
53782.836 -859.178120289145  626.165999972272    0.5996    0.5272  -0.056  135
53783.271    0.184443876579   -0.070398010621    0.2780    0.2457  -0.090   12
53789.594  -55.190072438094 -194.644598423110    0.3295    0.4330   0.213  175
53790.269   -0.058825019397   -0.313200013125    0.2678    0.1963   0.024    7
53794.229    0.110363419398    0.114598788059    0.1905    0.1829   0.138   24
53797.271   -0.008297010976   -0.509598021381    0.2275    0.2231   0.198   12
53801.205   -0.222197121096   -0.282999633328    0.2159    0.2041   0.401    7
53804.269    0.399486076881   -0.507499220248    0.1988    0.2290   0.075   28
53811.271    0.607020930975   -1.244998804850    0.7078    0.8986  -0.882    7
53815.205    0.114292778365   -0.162799233294    0.3294    0.2832   0.241    7
53816.224   -1.180546168522    1.591498772768    1.0635    1.2228  -0.951  186
53817.583   14.813962698037    6.268600793646    0.6354    0.6727   0.082   51
53818.269   -0.095283930196   -0.007999233276    0.2008    0.2116  -0.229   34
53824.248    0.059023094375   -0.127400426209    0.2364    0.2192  -0.070   21
53825.271   -0.547185519531   -0.452898007097    0.2397    0.2741   0.156   15
53829.205   -0.380301279660   -0.401400001238    0.4055    0.5112   0.100   11
53832.269    0.070898092590   -0.212598041571    0.2137    0.2295   0.312   32
53838.270    0.905076967453    2.404101570619    1.5587    1.9021  -0.086    6
53844.206    0.169561935983    0.031701591752    0.2589    0.3198  -0.376    3
53846.277    0.400144569890   -0.365101203670    0.4238    0.3239  -0.185   13
53850.583   -5.960238876457    3.352399164669    0.6513    0.7121   0.089   40
53851.229    0.264209498628   -0.507700838170    0.1569    0.1546   0.334  164
53852.249   -0.508378159359   -0.084798011812    0.3400    0.4519   0.411    6
53853.271    0.050265138059    0.199601998929    0.1822    0.3042   0.076   21
53860.269   -0.076011685291   -0.275299220220    0.1523    0.2100   0.053   32
53864.207   -0.185431615859   -1.806199247767    0.3355    0.5520   0.113    6
53867.271    0.473566534531    0.263998794026    0.3410    0.3049   0.435   17
53871.205    1.989614863235   -1.008100815625    1.0898    0.9697   0.067    6
53874.269   -0.569662254487   -0.471499242849    0.2723    0.2492   0.153   18
53879.226   -1.303332979159   -0.790999240508    0.4104    0.3750  -0.021   14
53880.581    5.263202486198    8.478399576006    1.6386    1.6310   0.046   23
53881.268    0.119999541850   -0.175298418981    0.2453    0.2263  -0.044   17
53884.997   -0.449903984850   -0.336099634524    0.6521    0.6603   0.373  108
53888.269   -0.036085413611   -0.039600041646    0.2536    0.2528  -0.061   13
53894.249   -6.204012968224    2.072699976452    0.5684    0.7756   0.071    5
53895.271    0.087777110831   -0.208299604765    0.1736    0.1895  -0.095    6
53899.205   -2.662725834387   -2.657199644318    2.1538    2.1416   0.885    3
53900.268    0.056016151993   -0.451299644055    0.1923    0.2272   0.126   10
53906.203   -0.213988084646   -0.624301225116    0.4063    0.5832  -0.154    8
53908.249   -0.126781492298   -2.165799622844    0.3357    0.4057   0.141    9
53908.577    0.739158341402    2.117800795531    1.8326    1.7041   0.041   22
53909.271    0.134310964432    0.011501992958    0.2251    0.2280  -0.142   18
53909.582  -16.274477418238  -21.349198812004    2.0787    2.0229   0.004   31
53914.224    0.571506035380    0.708101993041    1.6072    1.3555  -0.137    5
53915.247   -0.175334548066   -0.371098838059    0.3464    0.6583   0.071    3
53916.270    0.344062568830   -0.347698829728    0.2225    0.2975  -0.043   19
53919.995    1.057012890351    2.052201557490    1.8441    1.3360  -0.093  119
53923.268    0.038236842157   -0.429300013138    0.4929    0.3232   0.077    3
53927.205    0.210915293665   -0.012099633295    0.4745    0.4106  -0.254    7
53928.228    0.166247872789   -0.196300806010    0.2855    0.2185   0.093   75
53929.251    4.390809421478    6.044601593658    0.4431    0.7936   0.404    5
53930.270   -0.020193608276   -0.204400822668    0.2099    0.3336   0.135   13
53936.245   -0.380301279660    2.412298789523    1.5606   11.6687   0.953    3
53936.581   -6.033156171682    0.586799984603    2.3370    2.3376  -0.004   21
53937.271    0.125267485453   -1.036598416704    3.7245    2.6092  -0.109    3
53941.205   -1.882587105649   -1.478199629901    2.0556    1.3765   0.936    5
53944.270   -0.805248908420    0.006800371466    2.5654    1.8050   0.406    4
53948.203   -0.364475850233    0.621201598960    0.5484    0.4522  -0.073   17
53949.226    1.104424383247   -0.555598830942    0.2755    0.2710   0.018   83
53950.249   -2.077062200486  -10.480698011861    0.2809    0.4935   0.364    5
53951.268    0.097347384216   -0.254498399954    0.2046    0.2063  -0.071   14
53955.205   -0.277730202758   -0.192398442778    0.5823    0.5656  -0.139   13
53958.270    0.932689420569   -0.628999214314    0.9418    0.7243   0.081    5
53964.209   -1.456981510721    1.111201191861    1.2918    1.5906  -0.899    6
53964.581    1.881270646940    8.451701955892    2.7303    2.4999  -0.017   10
53965.268   -2.010268889542   -0.808999203628    1.3006    1.1855  -0.035   17
53972.270   -0.390705468265    0.284000356032    0.3045    0.3026   0.039   34
53978.249   -0.123796675375   -0.292899630949    0.2241    0.1629   0.719  193
53979.272    0.413182730530   -0.662598040435    0.6473    0.8239  -0.145    6
53982.993    0.433376338806   -3.858498007503    0.1967    0.5187  -0.164  349
53986.273    0.371719272863    0.124901970366    0.4271    0.5182  -0.463   39
53991.230   -0.175005301796    0.639601165631    0.4656    0.5292   0.148    4
53992.249    0.613122789797   -0.145800044038    0.1701    0.1215  -0.209  103
53992.581    0.924546233653   14.675101198236    1.9669    1.9487   0.017   16
53998.228   27.260203878023   22.529599152676    1.0968    1.2981   0.895    3
54000.270    0.150158519317   -0.825598840493    0.2515    0.2777   0.214   39
54011.205    0.090718730519   -0.496000808425    0.5100    0.4679  -0.316   12
54014.270   -0.144934299322    0.497001582289    0.4463    0.4541   0.131   13
54018.218    0.398432488067   -0.246499217837    0.2285    0.2637   0.026   59
54019.230    0.068812514047    0.389998791661    0.4468    0.7625  -0.173    3
54020.749   -0.148402186577   -2.093000409786    2.5328    2.2958  -0.191    7
54021.272    0.104415384168   -0.373500040496    0.2569    0.2763  -0.057   44
54025.209   -0.001558257763    0.108500370288    0.1945    0.2866  -0.310   10
54028.270   -0.025571125022   -1.628701244272    0.3408    0.8740  -0.267   34
54035.268    0.547141795923    0.064299592850    0.7718    0.7901  -0.074    5
54039.209    0.250029775117   -0.134398834462    0.1582    0.2657   0.066   30
54042.270    0.038434390293    0.142901984646    0.3501    0.3773   0.064   39
54046.207   -0.219168053723   -0.330400820303    0.1674    0.1659   0.079   64
54048.578    6.911893421119    4.706398777898    1.4367    1.3759   0.020   22
54049.272    0.269762964894    0.257799592873    0.6650    0.6622  -0.182    4
54054.224   -0.261311602548   -0.090601241709    0.4833    0.7979   0.346   98
54056.270    0.120394637655    0.501101982309    0.2861    0.2972   0.061   32
54061.270   -0.207556979085   -0.229201208413    0.3006    0.3620  -0.337   18
54068.224    0.245113203243    0.058701562011    0.3282    0.2719  -0.218   25
54070.270   -0.759922467694    0.205199978609    0.2805    0.2846   0.016   33
54075.226   -5.293734433544    0.772300751350    0.6260    0.5489  -0.001   17
54076.249    0.356903181333    0.225601195325    0.3157    0.3589  -0.360   34
54082.228    0.216798006200    0.198298772602    5.0868    7.0556   0.997    3
54083.583   -4.004229806168    7.058800775894    1.4529    1.6730  -0.448   19
54084.270   -0.462151953879    0.163000800057    0.4859    0.5233   0.039   20
54087.561   -0.843200227915    1.997899164508    0.3014    0.2382   0.470  198
54088.207    0.024145093171   -0.384400811981    0.5037    0.4266   0.212   17
54091.272    1.306099176637   -0.552398421405    1.4150    1.0437  -0.285   13
54097.207    0.089423343119    0.248500765565    0.3010    0.2961  -0.102   13
54098.270    0.214932100317    0.498099558399    0.3340    0.3366  -0.127   30
54105.268    0.199786762517    0.675399576266    0.3073    0.2861   0.260   40
54108.997    0.743263123048    0.724899564375    0.5107    0.6208   0.145   33
54110.206   -0.719425151157    0.027899960742    0.3042    0.3015   0.549    6
54111.583   -2.133517171892    7.845199178291    0.5992    0.6263  -0.070   32
54112.270   -0.034746302603    0.262601997747    0.6831    0.4528  -0.303    3
54112.274    0.962585000832   -0.390398446370    0.4452    0.3674  -0.142  145
54119.268   -0.373431354218   -0.281498421373    0.7323    0.7666  -0.297   10
54123.209   -0.225709259268   -0.342500402439    0.4412    0.2438   0.243   12
54125.251   -0.009548147459   -0.139100404795    0.0957    0.1212   0.151   57
54126.270   -0.280517998386   -0.371199621441    0.4240    0.4853   0.041   19
54133.272   -0.233677023974    0.134801967988    0.2094    0.2615   0.077   23
54139.583    4.653635558181    7.012299579401    0.7868    0.8912   0.026   21
54140.270    0.012247969029   -0.557701213211    0.2840    0.2969   0.126   67
54144.207    1.767856034711    1.989100775290    1.3404    1.1262   0.094    7
54150.994   -0.411118749668    0.043901957270    0.8449    1.4699  -0.350   45
54158.207    0.535311048158    0.005000390502    0.3438    0.4295   0.006   36
54161.272   -0.012203718112   -0.771098410723    0.4960    0.4595   0.132   15
54166.272    0.634875182677   -0.812098829783    0.4245    0.5016  -0.420   19
54174.582   -5.683759810182  -12.163698016820    0.6334    0.8248  -0.216   38
54175.268    0.596660465979   -0.163400403608    0.2809    0.2676   0.020   27
54182.270    0.180844290723   -0.031100421438    0.3023    0.2990   0.049   34
54187.230    0.021620694278    0.034801166748    0.1262    0.1389   0.389  208
54188.249    0.199655063915   -0.074800811944    0.2331    0.1754   0.080   11
54189.268    0.238659972224   -0.708598849997    0.2562    0.2707  -0.012   37
54193.209    0.125794279860    0.610599596484    1.3117    0.8276  -0.899    4
54195.269    0.138810315041    0.256499998841    0.3098    0.2874   0.180   43
54203.268   -0.086701396558   -0.411901220332    0.2950    0.3112  -0.122   28
54209.584  276.897099638288 -161.162899217970    0.9065    1.0527  -0.036   35
54210.270   -0.144209956778   -0.315500432180    0.2480    0.3582  -0.020   45
54214.208    0.540513142694   -1.227798048831    0.3769    0.5611  -0.398   28
54216.249    0.057969505561    0.971398782212    0.2783    0.3154  -0.168   24
54217.268    0.440905283630   -2.979500447964    0.4643    0.8011  -0.113   37
54224.270   -0.593565549071   -1.113199209613    0.3425    0.3711   0.403   57
54231.268   -0.429688251115   -0.779000441753    0.3842    0.3382   0.160   49
54236.225   -0.175312423075   -0.354301215566    0.3612    0.4607   0.251   39
54238.270   -0.848950715008   -0.832100442949    0.4713    0.5995   0.247   38
54243.227    0.554780314358    2.134198763315    1.1228    1.1913   0.084    3
54244.582    0.698902823452   10.958399985839    0.8943    1.2095  -0.030   27
54245.268    0.529055365275    0.837899989392    0.3779    0.4108   0.070   40
54252.270   -0.585026739041    0.379900757252    0.3242    0.3512   0.167   31
54259.268    0.366693127846    0.596001558506    0.4376    0.4513   0.050   34
54263.206   -0.172503028362   -0.012700803609    0.4873    0.3061  -0.313    3
54266.270   -0.172130058015    0.000298769010    0.9725    0.8310   0.065    7
54273.269    0.694029975654   -0.388800032169    1.0307    0.7979   0.026   16
54278.229   -0.215809739612   -0.247899646411    0.1187    0.1539   0.194  165
54280.270   -1.738508847472   -0.139298441582    2.1113    1.5713  -0.141    6
54285.223  -12.406621502745   99.676299572593    7.7728   53.8854  -0.979    3
54287.294   -0.766924618579   -0.525099630977    0.9625    1.0371   0.205   10
54294.270    0.873227506780   -0.840398445234    1.0414    1.3149   0.091    9
54298.208    0.839205546721   -0.710499614343    1.1565    1.2283  -0.106   16
54301.272    1.622087820170   -1.369198821521    1.8173    2.0811  -0.287    7
54308.270   -1.254560776637    1.418500772843    1.1944    1.0442  -0.064   27
54313.227    0.045765260608    0.200401154871    0.8086    0.6253  -0.465    3
54315.272    0.206152545383   -1.561399227512    1.2116    1.6423   0.103   10
54321.248   -0.236223021016    6.648501550899    0.4999    0.3130   0.176   60
54329.269    0.310962498515   -0.828399646480    0.9295    1.2647   0.162   39
54336.271   -0.355146848593   -0.412801210814    1.4852    1.4305   0.193    5
54340.208    0.129745237446   -0.560199617894    0.4874    0.5251  -0.514    9
54343.269    0.974986793922    0.178999164291    0.6011    0.8955   0.203   17
54346.994    1.017745111679   -0.643201229877    0.9970    0.8386   0.001   18
54350.271    1.250785768571   -0.156398414219    1.4743    1.3842  -0.159    7
54355.227   -0.333109459892   -0.235598446352    0.3213    0.3718   0.025   29
54361.206   -0.957009409108    0.118400367910    1.3589    1.3806  -0.051   10
54364.271   -0.320093425178   -0.077900438100    0.5392    0.6140  -0.070   15
54368.208    1.164435216901    0.040100377419    1.2094    1.1351  -0.042   18
54371.269    0.733890397799   -0.802998039262    0.4422    0.4685  -0.183   63
54378.271   -0.249963925114    0.409301981108    0.6911    0.7837  -0.009   28
54384.228   -0.184882695993    0.039599990487    0.2517    0.3490  -0.227   15
54385.269    0.305562856311    0.340700370316    0.1991    0.4018  -0.216  111
54392.267    0.047762864625   -0.591699642882    0.2113    0.2869   0.150   77
54399.269   -0.165610977929    0.656301585877    0.3657    0.4215  -0.029   48
54404.269   -0.295465788518    0.222800389338    0.4269    0.4752   0.000   54
54413.269   -0.290461242118   -0.287798405907    0.7479    0.8782   0.901   53
54420.271    0.191073057118   -0.019198824930    0.2140    0.3132   0.546  128
54425.271   -0.059022567066   -0.066301242896    0.2886    0.2526  -0.223   37
54432.225   -0.177573424296    0.381099567903    2.3388    1.2186  -0.912    7
54434.271   -0.122325865297   -0.321498015410    0.2146    0.3501  -0.215  212
54441.269    0.016616147879   -0.043398040361    0.3226    0.3116  -0.460   68
54448.271   -0.584653768695   -0.502398046365    0.4844    0.5621   0.816   64
54452.208    0.034658854918   -0.021798012995    0.1204    0.1839  -0.302    7
54455.269    0.094230341850   -0.444398438049    0.2245    0.2606   0.193   41
54461.208    0.162955407744   -0.030999638057    0.4412    0.4726   0.077    5
54462.271    0.455106606227   -0.254498399954    0.1970    0.3059   0.441   65
54469.269   -0.914009819138    0.109000757220    0.7508    0.8379   0.158   17
54476.271   -0.024254139005   -0.549500413172    0.2353    0.2640   0.053   36
54483.273   -0.667140810464   -0.425401231041    0.3930    0.3820   0.214   39
54488.207   -0.602608501209   -0.872899244087    0.6791    0.6818  -0.209   18
54490.271   -0.287563872879   -0.767599232177    0.7272    0.7211  -0.102   32
54494.208   -0.123928373977   -0.272800815537    0.6318    0.5742  -0.066   20
54497.273    0.068154021038   -0.283298402337    0.2291    0.3051   0.234   53
54501.206    0.224985444033    0.043999159516    0.1930    0.2290  -0.033   20
54504.271    0.265812007308    0.284601577505    0.3893    0.4338   0.457   60
54511.269   -0.005860587077   -0.100900842881    0.2166    0.2064  -0.117   29
54518.271    0.094603839038   -0.237099607148    0.1416    0.2106  -0.018  109
54522.208   -0.007506819365   -0.135500442866    0.1171    0.1310   0.018   58
54525.273   -0.072675496639   -0.337600846478    0.4164    0.6451  -0.007   17
54532.271    0.160255586642   -0.125499610704    0.2050    0.2042  -0.280   63
54539.269   -0.763917676197   -1.416898828666    0.8243    0.9895   0.200   19
54543.207   -0.068614965910   -0.120398436820    0.1155    0.1136  -0.013   84
54553.269    0.015803831277   -0.446500820317    0.2083    0.2855  -0.249   34
54557.207   -0.177902670567    0.069299983352    0.1575    0.1653  -0.035   55
54558.226   -1.701830789919    2.232399583590    0.8477    1.5145  -0.463   13
54560.271    0.279179414219    0.967399165575    0.4338    1.0829   0.516   13
54567.269    0.239296339774   -1.471600825198    0.4507    2.2109  -0.364    3
54574.271    0.345796775644    0.118000764360    0.2189    0.2200  -0.100   90
54579.209   -0.443319055229    0.266101176294    0.7826    0.7766   0.109   15
54581.273   -0.926982130243   -1.287799204874    0.5169    0.4741   0.695   13
54586.270    1.421006197094   -0.095698834457    0.6274    0.4641   0.151   18
54594.268   -0.509212601419    0.278999965531    1.6932    1.3034   0.874    6
54602.271   -0.299285047502   -0.638798428554    0.4167    0.8564   0.664   10
54609.273   -0.363334286894   -0.709700407242    0.3141    0.3145   0.502    9
54612.995    0.645125547689    0.203799550036    0.4147    0.3460  -0.111   67
54614.207   -0.508949204215    0.438199185737    0.7509    0.7884   0.089   13
54616.271    1.426383713840   -2.985598814575    1.9749    2.2044  -0.811    5
54623.269    0.162318513353    0.115498778541    0.1509    0.2242   0.100  102
54627.207    0.330761010986   -0.039999645196    0.2303    0.2293  -0.244   95
54628.270    1.161603697197   -0.393400819121    1.0711    0.7259  -0.066    7
54637.269    0.118945953036    0.156599980983    0.3843    0.3644  -0.004   30
54642.226   -3.502611472266    0.458999954844    1.8300    2.5671  -0.778   13
54644.271    1.615349066489    0.745001960922    0.7141    0.7232   0.351   38
54650.269   -0.953716944064    1.272898765592    0.5725    1.0904   0.134   12
54657.249    0.096732615284    0.199799984557    0.1880    0.1582   0.195  157
54658.271    0.011699576005   -0.107200827415    0.4123    0.4338  -0.138   38
54662.209   -0.631736014852   -0.371898045159    0.2072    0.2300   0.060   32
54665.269   -0.660424182241   -0.246499217837    0.3752    0.3998   0.176   59
54672.271   -0.792781266263    0.382701563240    0.3783    0.4445   0.030   66
54676.209    0.032595401366   -0.109699232098    0.3141    0.2134  -0.364   43
54677.224   -4.451873316638   -2.403799220474    0.7335    0.8537  -0.144   18
54679.269   -1.546119331178   -0.306900028590    2.0336    1.3512  -0.724    4
54686.271   -0.466388434127   -0.494100044079    0.5366    0.8249  -0.418   15
54690.497    0.310194432364   -0.783601228704    1.1465    1.1318  -0.683    6
54691.502    0.719074306269   -0.232300834568    0.5108    0.5369   0.421   25
54692.499   -0.118418631788   -0.091501232191    0.2079    0.2608   0.054   62
54693.500   -0.133344823302   -0.347400009559    0.3016    0.5633  -0.053   16
54694.500    0.593324277327   -1.734300025191    0.5552    0.9393   0.224    7
54695.501    0.288134918204    0.208101567978    0.3081    0.2854   0.232   35
54696.502   -0.207139757821    1.012701551417    0.5193    0.9118  -0.145   11
54697.499   -0.103976037445   -0.358099214282    0.3329    0.3131  -0.074   28
54698.500   -0.838700350464    0.059000382180    0.4178    0.6775  -0.190   20
54699.501    0.326217409927   -0.422798410682    0.3778    0.5859   0.529   16
54700.501    0.095459880183   -0.052498830883    0.2071    0.1934  -0.027   77
54701.499   -0.084594218929    0.012099582136    0.2198    0.2328   0.144   53
54702.499    0.131018499387   -0.259898445165    0.5771    0.3308   0.391   17
54703.500    0.249832226980    0.019699160703    0.2933    0.2779   0.054   31
54704.501   -0.096732614816   -0.070999232094    0.2764    0.2508   0.041   29
54707.270   -0.340967651454   -0.244998005883    0.5373    0.5672   0.073   27
54710.999    3.241365718785    3.541798764672    0.9662    0.7022   0.293   48
54713.249    0.118419158629    0.105699564301    0.1612    0.2976   0.211  101
54714.271    0.834223125312    0.621601151352    0.7254    1.2282   0.486    6
54718.209   -0.196406322947   -0.036000028558    0.2275    0.1979   0.124   18
54719.239    0.334119325098    0.005500777434    0.5510    0.9011  -0.059   23
54721.270    1.006221485194    0.887399977501    2.1070    0.7492   0.120    6
54725.207   -0.034394930873    0.755499598881    0.4377    0.4595  -0.185   21
54733.224   -0.149828745737   -0.148201246475    0.8711    0.7400  -0.440   10
54735.270    0.417221136267   -0.192099622609    0.4264    0.6944   0.572    9
54742.271   -0.803273429394    1.420199970426    0.3797    0.8473  -0.723    5
54746.209    0.242654653885    0.617101198941    0.4295    0.4916   0.078   24
54749.273    0.098642244775   -0.089200813136    0.2858    0.2983   0.019   30
54756.271   -0.486604167861    0.319399163118    1.1060    1.2189  -0.016    7
54763.273   -0.290592940720    0.194799594055    0.6290    0.5391   0.062   15
54770.268    0.731498224818   -1.604800849009    0.7142    0.7423   0.116    5
54782.226    1.908159284821    1.643000359763    0.5485    0.7186  -0.700   12
54797.998   -1.680715291430    8.240399978376    4.4087    1.7522  -0.755   28
54817.228   -0.399990218988   -1.045699207225    0.7293    1.0000   0.360   12
54818.251    0.253959134084   -1.123999248875    0.1243    0.3858  -0.197  153
54844.205    0.038455988911   -0.378100827447    0.3415    0.3063  -0.233   26
54845.228    0.089774715316    0.120499169043    0.2372    0.2454   0.052   18
54850.999    3.099175491483   11.114099976339    0.5507    1.4868  -0.014    7
54866.226    1.718293640578    2.943899971797    1.4298    1.6848   0.682    4
54872.205   -0.273537972960   -0.055598405879    0.2336    0.2172   0.162   38
54915.999   -1.251860955535    0.773701179924    0.8461    0.9023  -0.209   43
54921.207   -0.310303478665   -0.584600400089    0.1989    0.2577   0.553   44
54928.206    0.305058187362    0.436701554918    0.2890    0.3198   0.180   10
54929.228   -0.429864200634    0.893001589475    0.6449    1.2180   0.025   10
54978.208   -0.070370771341   -0.148698001112    0.2603    0.3726  -0.423   59
55006.227    1.878877947117    2.197400380055    1.0681    2.2597   0.174    5
55032.999   -1.926464861755    2.119100389564    0.3894    0.5179   0.645  101
55040.206    1.441045981310    1.644699557346    0.7090    0.4982   0.108   50
55054.206    0.213198420344   -0.273398404715    0.4567    0.4343   0.032   33
55103.208   -0.047740739166   -0.514198808332    0.4318    0.6717   0.505    6
55125.229    0.143793262824   -1.390899632270    1.0078    1.4136   0.441   81
55147.582    9.563447000749   12.605101193230    1.4540    1.7238   0.040   12
55153.229   -0.295904608399   -1.154800850145    0.9159    2.3721  -0.683   46
55168.252   -0.328016938967    0.515001596568    0.1489    0.2424  -0.240  467
55181.229    1.313693444155   -0.172699230916    0.6861    0.4571  -0.362   85
55187.208   -0.246100415681    0.011699978586    0.1839    0.1593   0.591  293
55201.208    0.249634679311    0.306399590499    0.1146    0.1214  -0.200  228
55210.584   -0.433968455439    0.391100400066    2.1527    4.7999  -0.129    7
55216.209   -0.130161931400    0.058399160707    0.1144    0.1286   0.455  164
55224.248    0.330278467497    0.306399590499    0.2673    0.1754   0.315  113
55229.208    0.349155089755    0.100799957181    0.1730    0.2084  -0.068  382
55258.227   -0.103536690723    0.130798770215    0.3502    0.2819   0.017  101
55271.208    0.419262464361   -0.076399226145    0.1062    0.1132  -0.062   72
55300.227   -1.441682348860    0.907300756126    1.4895    0.7804  -0.211   30
55336.248   -1.714473854286   -0.985399231013    0.7470    2.3172   0.333    3
55370.228   -5.966165313069   -4.206700805298    1.8854    2.0256  -0.396    8
55383.000   -0.690583159708   -0.376200011942    0.7215    0.6268  -0.122   48
55398.228   -0.439346499026    0.155401170332    0.8131    3.5959   0.707    6
55445.999   -2.108845284783   -0.777099626248    0.8205    0.6243   0.526  172
55461.230   -0.034285357262   -0.176400027385    0.9478    0.8038   0.000    7
55475.230   -0.505371216977    0.106999158334    0.7501    1.0114  -0.050   12
55483.229   -0.601950008200    0.266299161922    0.3951    0.3111   0.392  210
55489.248   -5.809839085863   -1.558400435897    7.5202    3.6412   0.339    7
55525.999   -0.038104616714   -0.475898411878    0.2804    0.3879  -0.029   62
55578.997   -0.940151989485   -0.293000414331    1.5183    0.6001  -0.200  237
55664.228   -3.213401366631   17.258201984305    1.3714    2.9104  -0.211    4
55735.580  -11.050609087087  -45.760600812628    5.6817   11.8776   0.128    3
55746.997    2.198049482083   -2.726600411052    1.1451    0.9357   0.036   49
55846.229   -3.715612344474    5.565499191107    3.8017    3.3931  -0.251   34
55847.251    0.004565726986    0.113201991780    0.0753    0.0784  -0.074  173
55881.231    0.645323095358   -1.556899223942    1.0512    1.3674  -0.659   23
55882.250    2.334006678335   -7.688800815231    3.0416    7.4448  -0.774    3
55909.227   -0.141356311616    0.108399586907    0.4176    0.3634  -0.020   51
55942.998    0.771095249760    0.059000382180    0.5521    1.4823   0.148    6
55972.229    0.396325310906    0.961300798963    0.5774    0.8311   0.451   15
56014.229   -0.613715433271    0.673498760762    0.5384    0.7631  -0.581   15
56056.229   -0.637333205194   -0.328500004798    0.3914    1.2058   0.440   28
56092.582    2.278034777260  -19.395000038003    3.7489    3.2475  -0.571    6
56112.229    0.339387268701    0.391600786998    0.7624    0.7653   0.418   12
56133.227    0.335019616693   -0.474300048836    0.6999    0.9231  -0.192   99
56182.229   -1.383032752141    0.163699172617    0.6199    0.6016  -0.255   63
56204.250   -0.192872586157    0.123901196503    0.0827    0.0854   0.073  362
56217.228   -0.595453053105    0.857199597704    0.5466    0.5795   0.337   22
56245.228    0.988376326291    5.277099563727    0.6900    2.5266   0.189    5
56254.001   -0.751011214159   -0.089298015382    0.6425    0.6681   0.142   66
56657.208    0.361073812514   -0.711799208375    0.2595    0.3670  -0.275   41
56720.206   -0.125311209061   -0.351698446366    0.1422    0.1872  -0.473   22
56749.229    0.684635124947   -0.068799647579    0.1050    0.1388  -0.037  149
56783.497   -0.181217261070   -0.536500840553    0.0977    0.1415   0.584  429
56784.497    0.223580483490    0.027500357191    0.0959    0.1722   0.887  484
56785.498    0.123050734682   -0.604699215501    0.0714    0.0653  -0.297  544
56786.499    0.073905034972   -0.463698046360    0.0586    0.0544   0.061  697
56787.500   -0.110363418930   -0.465300041697    0.0502    0.0665   0.399  407
56788.501   -0.070085248679    0.837399551301    1.2418    0.8681   0.935  400
56789.498   -0.083299358370   -0.326300420284    0.0467    0.0650   0.159  296
56790.498   -0.089620890788   -0.260899219029    0.0573    0.0808   0.075  339
56791.499   -0.034329081339   -0.738000022693    0.4960    0.3256  -0.942  276
56792.500   -0.295860884323   -1.807599625181    0.2874    0.8981   0.811  335
56793.497   -0.165215882124   -0.517201232242    0.0771    0.0773   0.226  294
56794.498    0.067320105351   -0.376801233415    0.0439    0.0562   0.217  349
56795.499    0.068746664512   -0.310899645228    0.0418    0.0554   0.291  423
56796.500   -0.108519638505   -0.399099633341    0.1099    0.0763  -0.343  263
56797.500   -0.082662463979   -0.312001202474    0.1591    0.5112   0.934  518
57107.251    0.341406998645   -0.431298030890    0.1150    0.1045  -0.162  354
57189.209    2.769511792919    1.153000766863    0.4758    0.4135   0.114   41
57266.207    0.905406213723   -1.432299603721    0.1052    0.1108  -0.008  126
57281.584   -8.023099754814   31.987601994388   22.2740   35.5685  -0.052   71
57324.249  170.034492425413  349.419599967860   20.1931   26.4162   0.156   62
57330.583   50.011069603265   -2.160399628792   19.4945   28.6587   0.060   43
57336.208   -0.284051735175   -0.709599623860    0.1232    0.1346   0.011   58
57339.268   -0.005794738010   -2.226798022775    0.0992    0.1151  -0.116   53
57350.584 -114.012128616021  -54.069998424211   19.3835   26.6916   0.074   45
57352.626  -27.577333558055  265.565901582931   16.9647   24.4280   0.031   80
57360.833  -42.515289952294   35.667899993541   18.6692   24.5204  -0.039   56
57361.647  -96.710181988657   83.167599552780   20.6712   39.7654  -0.061   48
57673.209   -0.913900245995   -1.973898037022    0.4217    0.3033   0.075   89
57735.207   -0.234467215584   -0.464101231046    0.1231    0.1274   0.098   56
57806.208   -0.202749980355   -0.479199604797    0.2558    0.5135   0.114  103
57834.230   14.294148359877  -12.583598419269    1.3857    1.6525  -0.217    6
57911.206    0.778536220058    0.312400754865    0.1622    0.1790  -0.032   55
57974.230    4.508657534782 -228.198301215343    1.8200    1.0008  -0.643   12
58037.206    0.096864313885   -1.690200031135    0.0940    0.0917   0.136   85
58115.209   -1.557423285004   -0.055299636870    0.3723    0.4960   0.088   10
58122.229   -0.398190689480    1.617901153850    0.2528    0.1944   0.292  148
58456.206   -0.495076601515    2.058101989633    0.3875    0.4877  -0.602   46
58515.271    0.046752999887   -0.875998819083    0.2261    0.2178  -0.251   34
58568.207    0.350472075773   -1.044900000124    0.1385    0.1226  -0.089   40
58618.228    9.410742484390  -41.182300833498   29.1616   51.1951   0.058    4
58680.207    0.039509577257   -0.969300032239    0.1274    0.1173   0.006   93
58697.271    0.034593005383   -0.965700019151    0.1306    0.1424   0.165   94
58746.270    0.224261101958   -1.250701200206    0.1248    0.1404  -0.167   87
58751.230    2.551660198372   -2.881598447857    0.3182    0.2018  -0.358   15
58851.268   -0.473346334094   -0.973998021436    0.6281    0.8314  -0.295   33
58900.270   -0.117409293423   -0.539100028618    0.3200    0.2951   0.169   14
58907.268   -0.522755431007   -1.195099213191    0.2907    0.2681   0.050   18
59011.270    0.063434996833   -0.272800815537    0.3620    0.3966   0.139   12
59102.228    0.204462062646   -0.937198836937    0.2126    0.2300   0.060   36
59186.250   -0.836066378896   -1.159200019174    0.6207    0.5036   0.413   13
59228.250   -0.104480706394   -0.905299208398    0.1893    0.2363   0.009   23
59250.271    0.188548658225   -1.203300013231    0.1813    0.1678   0.385   62
59256.250    0.299109625292   -1.802599234679    1.5854    2.4051  -0.848   18
59257.269    0.411558096859   -0.617198401187    0.3392    0.3725  -0.081   21
59264.267   -0.797917511265   -1.974700825258    0.3673    0.4383  -0.289   53
59271.269   -0.029719630744   -1.821700806204    0.3980    0.3472   0.291   21
59278.271   -0.058298224990   -1.052701247772    0.2655    0.5979   0.091   45
59299.269    0.128559950030   -1.087200013217    0.1425    0.2066  -0.392   79
59305.270    0.210630297844   -0.867200429866    0.4008    0.3637   0.638   51
59313.269    0.060866874332   -1.039698042860    0.1826    0.1602   0.238   55
59320.271    0.117102172611   -0.787500010802    0.2073    0.3891   0.701   72
59327.269   -0.104283158257   -1.652698841781    0.2007    0.8611   0.286  125
59334.271   -0.121031004738   -0.360100813168    0.2246    0.2371   0.030   42
59341.269    0.418560247276   -0.409298399973    0.2485    0.2297   0.509   53
59348.271   -0.051230751879   -0.522900046462    0.2540    0.1560   0.033   73
59452.251   -1.412906206946   -1.596798034598    0.4481    0.3112   0.225   23
59494.251    1.229603893706   -0.825998444043    0.5068    0.3780  -0.161   43
59541.185   -0.110868087878   -0.727801204903    0.2297    0.1970   0.330   42
59592.251    0.163064980887   -1.212300020370    0.1901    0.2080  -0.482  136
59662.251   -0.184553449723   -0.787600845342    0.2729    0.4159   0.032   42
59711.249   -0.193904049513   -0.525600017909    0.1969    0.2454  -0.411   31
59760.248   -1.005540339885   -0.649998020208    0.7580    0.6186   0.054   15
59802.251    0.338289956278   -0.802998039262    0.3069    0.1949  -0.411   27
59837.250   -1.150167517928   -0.294598828532    0.4703    0.5272   0.106   28
59970.248    0.354993551841   -1.130799620341    0.5509    0.2842  -0.130   36
60026.248   -0.181546507340   -0.288900014311    0.2632    0.2351  -0.011   44
60075.250   -0.083628605109   -0.840200408447    0.7342    0.5466   0.006   72
60117.250    0.157840761360    0.109900798861    0.3544    0.3812   0.035   27
60173.250    0.290944312917   -0.460098033273    0.3329    0.2579   0.280   35
