%-----------------------------------------------------------------------------
%                R.A. (mas)        Dec. (mas)        Err. (mas)     Corr. Del.
% Uncertainty in R.A. is in R.A. cos(Dec.)!!!!
%-----------------------------------------------------------------------------
45754.258   -1.909475494567   -1.887998416805    1.2912    0.7417  -0.084   40
45759.251   -1.554209590891   -2.306599174062    1.2032    1.1362   0.028   19
45764.244    0.051189227103    1.459400408521    0.7069    0.6182   0.325   21
45769.259   -5.738382135521    0.890002797860    2.5316    1.1073  -0.363   25
45864.264   -2.971854546587    0.695602807355    0.6484    0.6307   0.547   27
45874.253    1.019316769903   -0.459197991631    0.6684    0.6203   0.513   26
45879.250   -0.466221115658   -4.306597190862    0.6403    0.5886   0.502   27
45884.250    0.358804717316   -0.533300379857    0.5786    0.5316   0.476   29
45889.258    1.268485480618    1.370699982317    0.6503    0.6288   0.444   21
45894.291    1.142716475065   -0.774500387024    0.6493    0.6033   0.565   28
45899.248    3.172743065025    1.335099608468    0.6060    0.5605   0.556   29
45904.255    3.403019434094    4.344202795892    1.7515    1.5590   0.311    7
45909.252    1.373892469710   -0.643499998887    2.2351    1.7396   0.263    6
45939.250    0.773266597542    0.803602790711    0.6450    0.5921   0.567   24
45944.254    0.600026367248   -0.165999591673    0.5796    0.5341   0.503   21
45949.254    3.736244265698    1.379699989457    0.5757    0.5022   0.521   26
45954.251   -0.965188274991   -0.122597970176    0.4632    0.4430   0.487   29
45959.247    1.425111929797   -1.406599176335    1.1146    0.9677   0.276   28
45964.251   -3.343793920042   -1.529999985905    1.1113    1.0024   0.200   26
45969.251    1.425921633726    0.796402815695    0.5050    0.4919   0.338   24
45974.277   -1.845451691070   -0.848898014283    0.5376    0.5277   0.282   23
45979.263    2.883060561307    0.761702381169    0.5052    0.4958   0.548   27
45984.281   -2.562370880922   -0.797698777433    0.4921    0.4953   0.038   21
45989.252   -2.436721375429    0.847202397836    0.3543    0.3579   0.026   23
45994.245   -4.731481057689   -2.051100000244    0.4515    0.4277   0.499   29
45999.253    0.627195346013    1.412701226400    0.4654    0.4454   0.568   53
46004.242   -0.086035338067    1.446001181193    0.4574    0.4553   0.534   25
46009.250   -1.930197320348   -1.092600007269    1.1431    0.8875   0.321   29
46014.254   -1.059649942309   -0.356299182158    0.5605    0.5629   0.452   23
46019.250   -0.413862375306    0.467301589424    0.8147    0.6913   0.406   51
46024.265   -0.925334411964   -0.671400010788    0.4468    0.4450   0.414   27
46029.258   -1.702799057640   -1.550498404868    0.4959    0.4595   0.468   25
46034.251    0.218251455694    0.202701625085    0.4367    0.4155   0.466   25
46039.244   -0.372718803490    0.149302803720    0.4469    0.3915   0.391   25
46044.248   -1.304681029946   -0.159300003588    0.4381    0.4132   0.437   29
46049.252    0.517919926034   -0.224099983370    0.5097    0.4730   0.405   21
46054.263    0.339342367342    1.852502407473    0.5698    0.5467   0.539   35
46057.492   -0.263652805218   -0.038700000005    0.3809    0.3540   0.553   32
46064.249    1.166587031272   -0.498697198736    0.9159    0.8190   0.430   27
46069.253   -0.126038893226   -0.215499579781    0.4768    0.4014   0.387   29
46074.246    0.411642807958    0.889002023996    0.4140    0.3774   0.521   34
46079.254   -1.655238606734   -0.380397614208    0.8804    0.7205   0.575   14
46084.247   -0.010016158696   -0.883299577481    0.9288    0.5694   0.390   16
46089.280   -0.097880285417    0.418201204866    1.0714    1.0175   0.318   39
46094.247   -0.038474150769   -0.364798802366    0.5770    0.5004   0.649   17
46099.233    1.007711477243    0.807901227518    0.7219    0.6269   0.619   15
46104.266   -0.352896603285   -0.732297576178    0.3950    0.3612   0.486   33
46109.252   -0.827124509300   -0.419097614213    0.4250    0.3834   0.501   33
46114.259    0.208265529981   -0.629197199942    0.3932    0.3499   0.536   31
46119.252    0.821006973563    0.621802820433    0.3868    0.3548   0.499   29
46124.263   -0.811111010408   -1.366199978747    0.3578    0.3318   0.581   64
46129.238    1.441515552813    0.889700396556    0.7906    0.7126   0.333   61
46134.231   -0.113024391717   -0.093697184411    1.0246    1.2626   0.059    9
46139.250    1.362497335148    2.036300395503    0.9684    0.6716   0.430   26
46144.254   -0.109605773618   -0.466199981020    0.6804    0.6059   0.384   26
46149.254    1.026753511021    2.832699630062    0.3163    0.3130   0.484   35
46154.247   -1.096085146326    0.210401987033    0.3406    0.3241   0.460   31
46159.251    0.617179882798    0.746801993046    0.3536    0.3364   0.473   32
46164.266   -1.417285105466    1.005202807391    0.3297    0.3201   0.533   30
46169.251    1.245844903627    0.122000380998    0.3760    0.3427   0.584   34
46174.270    0.768558270654    2.093101193168    0.3361    0.3260   0.568   35
46179.259   -1.461606904299   -1.022799585826    0.3082    0.3038   0.628   71
46184.245   -1.200293125578    2.371499988385    0.3892    0.3529   0.064   32
46189.230   -0.704653926305    0.470401215580    0.8934    0.7520   0.516   28
46194.238   -1.363846814423   -1.824397196515    0.6379    0.5904   0.415   55
46199.220   -4.033963751845   -1.619697604838    0.4978    0.4526   0.453   24
46201.331   -0.007047394296   -0.776498404775    0.1113    0.1053  -0.077  211
46204.268   -0.416441097403    0.389602820405    0.4571    0.4551   0.645   29
46209.257    0.133805947072   -1.873400378827    0.3969    0.3784   0.607   31
46214.250   -0.436053139510   -0.024897587991    0.4111    0.4095   0.634   28
46219.276   -0.675296308657   -1.063400401335    0.4032    0.3963   0.520   23
46224.258   -0.144541110747    0.715100401294    0.3442    0.3259   0.555   27
46229.258    5.288384676854    1.461200389485    0.7280    0.5529   0.618   25
46234.240    1.157500731135   -0.228599986940    0.4099    0.3889   0.655   49
46239.251   -3.076541835218   -2.629198797877    0.3741    0.3440   0.501   35
46244.252    1.287827635052    0.807001185876    0.4173    0.3667   0.482   30
46249.248    0.253457416888   -0.682297201138    0.3143    0.2845   0.487   32
46254.238   -1.076383141662    0.564699621464    0.3844    0.3952   0.575   29
46259.238    1.106311504031   -0.016700369088    0.3515    0.3032   0.497   31
46264.224   -0.095511025937   -0.170999982174    0.3534    0.3256   0.524   33
46269.209    1.095845491637    1.533099612061    0.4407    0.3939   0.552   26
46274.290    0.787000758601   -0.762199186966    0.3772    0.3663   0.527   31
46279.272   -0.528325472463   -2.903597976456    0.3851    0.3548   0.504   32
46284.261   -1.125803350597   -1.376099976369    0.3799    0.3500   0.489   29
46289.247    2.902342986167    1.626699594226    0.6154    0.5673   0.418   30
46299.233   -0.861940387281   -1.006397985748    0.4088    0.3555   0.494   28
46304.251   -0.170840696919    2.843902802852    0.4072    0.3656   0.622   32
46309.230    1.487576832313   -3.621297616974    0.6514    0.6700   0.528   17
46314.237   -3.587354637382    0.018000014279    0.4034    0.4211   0.496   27
46319.234    2.738849067807    1.750100403797    0.4149    0.3675   0.632   41
46324.245   -0.871056920401   -2.540498371673    0.3884    0.3702   0.584   28
46329.242   -0.929893046721   -3.113099973007    0.3671    0.3633   0.638   34
46334.235   -2.389490541770   -3.206397605027    0.3624    0.3338   0.511   28
46339.231   -1.164637351596   -0.343400392921    0.3804    0.3452   0.509   31
46344.246    1.570582940014    1.275800406120    0.4434    0.4035   0.600   29
46349.243    2.381843642554    0.796600801323    0.3726    0.3317   0.574   32
46354.232    0.845147417443   -1.267099219149    0.3533    0.3309   0.513   29
46359.243   -0.856002776659    0.088599591663    0.3505    0.3360   0.526   32
46364.240    1.017996828131   -0.479699991729    0.3087    0.2840   0.581   56
46369.237   -1.605758668225   -0.500399977454    0.7350    0.5982   0.504   31
46374.230   -0.976674067592    0.969602382384    0.8995    0.7802   0.207   31
46379.241    0.815129133427   -0.151199986931    0.3273    0.3045   0.487   34
46384.245    1.009510769305    0.013201190541    0.4193    0.3920   0.499   34
46389.296    4.081734360849    1.072400408475    0.6406    0.5046   0.211   59
46394.231    2.250047104732    1.679399991872    0.6969    0.5441   0.388   30
46399.238   -0.664560449500   -0.884098784582    0.4322    0.4133   0.394   25
46404.242    0.150989000123   -0.896698804809    0.4320    0.4258   0.454   30
46409.250    1.292805849613    0.684500417947    0.5712    0.4929   0.584   58
46414.276    0.215642541524   -0.638499608385    0.5971    0.5283   0.603   21
46419.261    0.040363405389    0.007700413107    0.4141    0.3722   0.447   31
46422.775   11.827352817206    0.309301231027    9.1808   10.0558   0.151    8
46429.229   -2.046250246950   -1.801097971565    0.7998    0.5882   0.244   30
46434.204    1.360128075668    1.102500004890    0.7260    0.6196   0.473   33
46439.324    1.016107614422   -0.747698402392    0.3635    0.3743   0.330   25
46444.233   -0.298978961953   -0.040698017756    0.3828    0.3122   0.417   24
46449.230   -0.566500198057    0.408099589322    0.4795    0.3841   0.465   26
46454.238    0.342071477052   -0.624297592822    0.4681    0.3636   0.428   23
46459.234    2.043940717044    4.029001183881    0.5025    0.3901   0.567   24
46464.227    0.130956641820    3.025000819434    0.3481    0.2842   0.504   35
46469.275   -0.483224243595    0.690400798931    0.4022    0.3476   0.467   32
46474.261    1.240836456082   -0.837097201156    0.3837    0.3310   0.525   28
46479.243   -0.484723374090   -0.543599981029    0.5153    0.4052   0.596   27
46484.232   -0.986989651463   -0.835200017946    0.3462    0.2803   0.525   32
46489.232    1.467094661222   -0.778798772672    0.3794    0.2980   0.561   36
46494.236   -0.958620926466   -0.671799614338    0.3944    0.3278   0.469   30
46499.236    0.966087900567    0.917100021525    0.3786    0.3256   0.556   32
46504.233    3.640073268875    1.662901189547    0.4999    0.4600   0.474   32
46509.230   -0.833781820383   -2.239898378775    0.3596    0.3135   0.588   48
46514.234    2.884649695271   -0.374399979819    0.3527    0.3060   0.543   35
46518.503    0.916158149270    0.046602031034    0.3943    0.3823   0.527   33
46524.238   -0.646927583660    1.305601182366    0.3118    0.2703   0.520   60
46529.249   -0.053798182184    0.036900019040    0.3419    0.3298   0.469   33
46534.235    0.935920619900    0.825501587087    0.3535    0.3246   0.485   29
46539.239   -2.169439794014   -1.705100419258    0.3297    0.3099   0.524   23
46544.239    0.965428625162    0.193500000023    0.4340    0.3717   0.295   18
46549.246   -0.635172598868    0.131900429778    0.2917    0.2604   0.244   28
46554.236   -3.177331196372   -2.364699616919    0.8894    0.9649   0.122    6
46559.236   -1.414136415950   -1.632099588278    0.3598    0.3474   0.471   29
46564.240   -2.646456539314    0.186101988220    0.3139    0.3146   0.493   47
46567.505    1.067357307491   -1.577397591745    0.3734    0.3160   0.519   24
46574.248   -1.666334357032   -0.560998773835    0.3587    0.3309   0.488   33
46579.244   -1.209379466626   -1.541700015650    0.3822    0.3642   0.575   29
46584.245    0.109215690404   -0.156099594051    0.3695    0.3798   0.544   29
46589.249   -0.798366396572   -0.658598372638    0.4253    0.3848   0.483   30
46594.234   -1.191596908655   -0.064198809469    0.4100    0.3911   0.438   32
46599.245   -0.414551842784   -0.989398796492    0.3095    0.2970   0.520   55
46604.235   -2.678123686868   -0.795999579850    0.3767    0.3474   0.516   29
46609.253   -1.549951076791   -0.305899203568    0.4771    0.4126   0.608   19
46614.246    0.937360020821    0.091800001201    0.4723    0.4348   0.590   23
46619.243    1.295054954463    1.252101628779    0.4575    0.3872   0.616   25
46624.247   -0.796776567126   -1.115697614296    0.3876    0.3646   0.513   33
46629.233    0.110595361751    0.499802388276    0.3621    0.3235   0.486   32
46634.247   -2.541589325567   -2.794100413439    0.3977    0.3564   0.532   28
46639.233    0.051579310317   -0.441799198825    0.3043    0.2825   0.561   31
46644.241   -1.373652815021   -1.265799573957    0.3687    0.3316   0.606   32
46649.252   -1.143796066667   -2.799097171646    0.3810    0.3732   0.547   32
46654.234    0.652955156840   -2.024600416917    0.6220    0.6311   0.366   32
46659.238    1.401901344476   -2.783498410963    0.7556    0.6712   0.283   31
46664.234   -1.838134409101   -3.648697190783    0.7602    0.6571   0.505   29
46669.224   -1.594932805600   -1.287298817942    0.7015    0.6405   0.312   44
46674.242    0.221040335889   -4.067600400504    0.5897    0.5646   0.457   29
46679.239    1.756867127497   -0.726800379880    0.6747    0.5949   0.397   27
46684.236   -0.807842084441   -0.013597212956    0.3616    0.3365   0.538   32
46689.247    1.121274948824    0.730000789417    0.3936    0.3391   0.555   47
46694.232   -0.807392271653   -2.290798795457    0.5088    0.4550   0.607   28
46699.240    0.987649622349   -1.503500402578    0.4736    0.4259   0.650   26
46704.226    0.229437168549    0.174002406084    0.4728    0.4478   0.546   23
46709.241   -1.551510673253    1.196902826450    0.3783    0.3469   0.502   32
46714.087   -0.566500198057   -0.024397201059    0.3812    0.3565   0.541   32
46719.245   -0.231715769990   -1.948597213186    0.4658    0.3975   0.351   52
46724.234    0.430925191906    0.849002429959    0.4627    0.4008   0.564   33
46729.234    0.981111811326   -0.528800376287    0.4397    0.3926   0.512   34
46734.242    0.010615704527   -1.940997583461    0.3682    0.3442   0.455   22
46739.253    0.186554075156   -0.163997992786    0.3292    0.2886   0.599   55
46744.231   -0.022760772532   -0.235897215362    0.3774    0.3304   0.576   24
46749.232    0.383664125264   -0.884897991682    0.3590    0.3307   0.574   29
46754.239   -0.004078588985   -0.314798376166    0.3997    0.3402   0.607   30
46759.236    0.195880807285   -1.197698401256    0.6782    0.4998   0.368   30
46764.236    0.561132636675   -0.179899205932    0.3416    0.3163   0.584   33
46769.240   -1.357909203801    0.038901617927    0.5208    0.3722   0.585   20
46774.251    0.985820138214    1.401901187137    0.4693    0.3941   0.531   55
46779.263    1.676619707920    1.066201207323    0.3755    0.3283   0.532   29
46784.256    0.862120312396   -0.344897972582    0.3696    0.3211   0.543   32
46787.499   -1.879967448395   -1.258297197637    0.3932    0.3478   0.567   31
46794.227   -0.461273134080   -1.061197184526    0.4038    0.3610   0.522   22
46799.234   -0.548447793324   -1.442397586970    0.4067    0.3393   0.557   22
46804.238    0.057426958381   -0.231598778555    0.3821    0.3220   0.497   28
46809.231   -4.860218827642   -2.146698000161    0.8344    0.8188   0.383   27
46814.235    2.516129635396   -1.473397173868    0.8082    0.8172   0.601   28
46819.217    1.003812854284    0.235602027487    0.3903    0.3171   0.475   26
46824.229    2.257544311816    0.447400810799    0.3267    0.2665   0.466   30
46829.240   -2.432403131754   -0.717998409527    0.6375    0.5012   0.438   14
46834.273    0.420159836158   -1.734098407269    0.6518    0.5729   0.432   29
46839.251    1.162448712712    0.848602826409    0.6082    0.6191   0.358   30
46844.244    0.760251400552   -0.215298013018    0.5507    0.4237   0.607   19
46849.241    0.017812790955   -1.559699978770    0.3996    0.3231   0.584   25
46854.237   -1.122055115251   -1.909997996563    0.4406    0.3588   0.552   25
46859.245    2.059384903089    1.122202797887    0.5112    0.4229   0.540   17
46864.238    0.520918964328    0.604799998882    0.3351    0.2764   0.633   31
46869.231    0.768018495308   -0.129297609419    0.3018    0.2480   0.626   32
46874.239   -0.230726181857   -2.474499581240    0.3373    0.2836   0.553   34
46879.250    0.193181889647   -1.876697990610    0.3793    0.3734   0.498   23
46884.239    1.231360768213   -1.071500417993    0.9324    0.7157   0.315   24
46889.247   -1.157290573036   -1.865998785888    0.3462    0.3494   0.412   29
46894.243   -1.493874293165   -1.035298771512    0.2720    0.2406   0.645   55
46899.247    0.765799623441   -2.991398412178    0.4223    0.3718   0.573   24
46903.510    0.737461131428    0.975099629841    0.5367    0.4509   0.509   31
46909.237   -0.627555196243   -2.489000416972    0.3800    0.3293   0.617   32
46914.237    0.562721729728   -0.583297173762    1.0696    1.0038   0.435   12
46915.263    3.663614207835   -9.601297216477    0.7391    0.8388  -0.383    5
46919.226    0.052088852679   -1.109699979907    0.3589    0.3278   0.553   51
46924.216    0.282275259191   -0.796298400019    0.3856    0.3521   0.664   25
46929.274   -2.222338350622   -1.056499195329    0.3646    0.3416   0.557   27
46934.256   -1.212828276798    0.078299990491    0.3867    0.3724   0.470   27
46939.249    0.789010208762    1.445400010880    0.4151    0.3835   0.599   23
46944.235    1.234779386312    2.816402394501    0.4200    0.3928   0.539   18
46945.291    0.973165486935    1.208502021655    0.3651    0.3842   0.111   21
46949.243   -1.394494140861    0.155699990501    0.3691    0.3527   0.532   23
46952.512   -3.425240431281   -3.053199600345    0.3781    0.3488   0.578   27
46959.232   -0.839959044783    0.310701608441    0.3898    0.3720   0.531   25
46964.233   -3.019205575787   -1.735797604852    0.4458    0.4384   0.566   26
46969.240    0.486972478941   -0.426499207151    0.3863    0.3379   0.617   44
46974.233   -1.378451104466   -0.234899971474    0.4394    0.3520   0.535   32
46975.281    0.944586603840    0.379400421480    0.4624    0.4679  -0.139   15
46979.241    4.290389974043    1.344200398989    0.6975    0.7322   0.545   13
46984.237   -0.697037260073   -0.422600373895    0.2941    0.3474   0.555   29
46989.238    0.910040613533   -1.150200012034    0.3215    0.3836   0.496   27
46994.238    3.265585406306   -5.700999582814    0.9410    0.8738   0.085   28
46998.212   -3.245373859280   -2.291900403861    0.3731    0.3466   0.050   20
46999.234    0.444779589417    0.056300410733    0.8183    0.8878   0.413   21
47004.253   -0.025489882243    0.032101195302    0.8464    0.6744   0.447   33
47009.250   -1.841642989758   -1.712797200071    0.7638    0.7045   0.522   29
47010.922    3.107399319755   -2.385298819263    2.5455    2.1771  -0.595    6
47014.239    2.324926962927   -4.001399992148    0.7710    0.6838   0.442   28
47019.243    4.406472397237   -2.001898781145    1.0192    0.8722   0.299   21
47023.246   -0.755963348950   -0.808397982155    1.9484    1.5243  -0.275    9
47024.232    3.163147222525    0.810000028650    0.7278    0.6571   0.421   25
47029.236    1.446733422064   -0.530298007106    0.8518    0.6841   0.438   30
47034.236   -1.971010497614   -0.948898815523    0.3261    0.2856   0.554   43
47035.292    2.354854588904    0.697899594115    0.4632    0.4324  -0.173   16
47039.233   -0.240082369667    1.516600809737    0.3712    0.3418   0.550   31
47044.241   -2.051378153643   -1.071997172630    0.3620    0.3283   0.574   29
47049.237   -0.903503538902    0.925102784777    0.3837    0.3465   0.525   31
47054.234    1.842002839988    1.145102419287    0.2818    0.2550   0.580   56
47059.230    1.964322994459   -2.056197592992    0.7779    0.6103   0.324   31
47064.234    0.180227117713    0.390200409583    0.5026    0.3911   0.500   19
47065.294   -1.814414281419    0.876599989397    0.5147    0.6175   0.248   16
47069.231    2.027117514223    1.792299582348    0.7769    0.6268   0.418   33
47074.231    1.444153963575    0.263501988229    1.3437    0.6715   0.257   17
47079.261    0.397458793200    0.284400010742    0.4722    0.4443   0.443   22
47084.235   -1.827518704575   -2.922299995589    0.2472    0.2219   0.611   63
47089.236   -0.775215540826   -1.797998396569    0.3278    0.3123   0.583   33
47090.306   -3.960613257129    0.408502825167    0.3487    0.3024   0.122   23
47094.236    0.589561091246    0.497901623930    0.3375    0.2994   0.573   32
47098.356    7.296130540052    0.869601581144    2.7128    3.7073  -0.169    6
47099.240   -0.917177970386   -0.189597585631    0.3208    0.2912   0.540   24
47104.251   -0.272889533879   -0.812300396547    0.2642    0.2512   0.663   68
47109.255    1.505719240515    1.446400784744    0.4193    0.4181   0.726   22
47114.255    0.363332382697   -0.046897218908    0.3070    0.2798   0.580   26
47119.248   -0.486283011463    0.411901220332    0.4086    0.4473   0.607   26
47124.241    0.208655613194   -2.063397619168    0.8330    0.5809   0.623   35
47129.242   -0.574416984946    0.160599597621    0.3141    0.3069   0.609   39
47130.293   -2.251007196274    1.788699620420    0.4602    0.4324   0.037   17
47134.245    0.938529574981    1.160600396588    0.3322    0.3084   0.640   35
47139.253    0.168261974822    0.223002007260    0.3094    0.2678   0.536  108
47144.253   -0.724476126510   -1.470297598871    0.3041    0.2678   0.579   33
47149.243   -0.201818376996   -0.433800016708    0.6459    0.6268   0.263    7
47150.276    1.882336707875    0.135000004775    0.4278    0.4547  -0.011   18
47152.482    1.018626566034   -0.524397574964    0.6917    0.5788   0.439   33
47159.239    0.765979548556    1.865700016879    0.3704    0.3146   0.492   32
47164.251   -1.171085240972   -1.694599200164    0.3399    0.3085   0.553   31
47165.332    0.805173399786   -0.150699599999    0.3825    0.4687  -0.413   33
47169.240   -0.122380579527    0.019400391693    0.5420    0.4723   0.538   21
47174.251   -0.455965302272   -0.242798370209    0.4585    0.3894   0.429   30
47177.911   -0.559992620017   -1.214297986962    1.6190    1.5401  -0.834    3
47179.233    0.351577397905    0.185000430974    0.3688    0.3347   0.602   33
47180.252   -2.020640128255    3.370899617039    0.4124    0.4185   0.112   14
47184.248   -0.007076890887   -0.018597603457    0.3046    0.2674   0.591   33
47189.230   -1.360757813571   -0.841298384557    0.5112    0.5574   0.452   10
47194.256   -1.159599407461   -0.452300417919    0.3657    0.3103   0.575   63
47199.231    0.186344653449   -0.344300383404    0.4326    0.3545   0.563   30
47204.249   -0.523647337647   -0.751399198862    0.4050    0.3574   0.518   34
47207.339   -0.569949049139   -2.978899175332    1.7218    1.4938   0.255    4
47209.253   -0.999884652912   -2.588198378817    0.3304    0.2962   0.585   33
47212.416   -0.890668962508   -0.293497168968    2.2300    1.9719  -0.034   12
47214.250   -0.357995013387   -0.452498403547    0.3624    0.3092   0.607   32
47215.298    0.446249223321    1.260302428818    0.4326    0.4077  -0.211   16
47219.235   -0.120581328375   -1.925197204855    0.3328    0.3043   0.621   33
47224.239    0.267521236104   -0.181897172524    0.4148    0.3427   0.616   30
47229.251    1.324262839069    0.496702813280    0.3049    0.2800   0.643   58
47234.244   -0.319280512447   -0.857897970263    0.5791    0.5574   0.278   10
47235.296    1.368255020655    2.459102387320    0.4333    0.3624   0.125   16
47239.258    0.394040175101    0.300502790651    0.3879    0.3808   0.394   21
47244.244    1.038358803681    0.250902019161    0.2967    0.2683   0.530   31
47249.263   -1.253131952612   -0.953398819092    0.3000    0.2742   0.581   32
47253.511    2.047809147931    2.942301608755    0.2925    0.2641   0.554   32
47259.234    2.160833539648   -0.441097193971    0.7340    0.6345   0.400   32
47264.249   -0.444270047054   -0.614098775031    0.3196    0.2939   0.508   68
47269.235    1.071105542837    0.987400829899    0.3490    0.3360   0.569   29
47270.279   -3.778587583746    5.630302803183    0.3213    0.3352   0.021   20
47274.253   -0.419769712034   -0.956897997639    0.3163    0.3420   0.541   32
47274.253   -0.424957389212    0.842799596512    0.6453    0.8942  -0.245   13
47278.256    0.965608591188   -1.561798779903    0.8681    0.8424  -0.332   14
47279.246    0.557714018576   -0.289997990421    0.4498    0.4984   0.450   21
47279.337   -3.239195857576   -1.559098808457    1.4955    1.3552  -0.006   15
47280.090   -4.542287794469    2.188299589534    3.0800    3.5402  -0.678    4
47284.243    1.060819455558    0.325202393014    0.2400    0.2189   0.424   69
47285.178    0.235674163435    0.619700387006    1.1505    1.8514   0.193   14
47288.249    0.949714551444   -2.406599975302    2.1912    2.5658   0.082    4
47289.243   -0.981321969424   -0.632397609479    0.2969    0.2694   0.640   58
47294.269   -0.331935122815   -1.148698800080    0.2713    0.2551   0.600   68
47299.262   -4.692856478396    0.177300017867    0.7716    0.6162   0.485   41
47300.208   -0.998114898352    1.390600812101    0.3560    0.4229  -0.069   22
47302.527    1.855077766553    2.202102001547    0.3307    0.3078   0.631   31
47303.995   -2.203686359147    7.716599992591    4.8614    4.6535  -0.323    3
47309.251    0.382494612016    0.243701992986    0.3123    0.3045   0.577   29
47314.244    1.716203642363    0.687301223934    0.2562    0.2656   0.457   24
47318.017   -8.300632861813    4.016800818363    2.2746    1.8134  -0.573    8
47319.241   -0.041773309719    0.761000427474    0.2926    0.3223   0.368   26
47324.245   -1.197054432595   -1.250697619071    0.2579    0.2710   0.460   27
47329.234   -1.481639262602    0.538700425068    0.2331    0.2685   0.382   40
47334.253    0.207725754635    1.511099981144    0.3799    0.3502   0.322   21
47335.294   -0.252827678985    0.708699582219    0.4400    0.3590  -0.078   24
47336.086   -1.395094341262   -2.689397990707    4.8348    2.4692  -0.572    7
47339.238    0.668549075927   -2.398500009804    0.5524    0.4467   0.397   26
47342.916   -4.875602588631  -33.538798771815   14.6774   23.8985   0.834    4
47344.246   -0.757582715897   -1.516298408433    0.8482    0.7739   0.294   24
47348.994    8.890134223485    7.570299612780   14.0289   15.7903  -0.636    3
47349.239   -0.151858392716    0.925401604945    0.6282    0.5167   0.380   23
47354.239   -0.560382703231    1.460102413375    0.9139    0.7448   0.078   16
47359.250    1.853667862223   -0.813200387029    1.0020    0.9503  -0.255   13
47360.920   12.715562557676    5.275601984067    7.9296    3.0968   0.617    4
47363.473    1.200832900924   -1.695798010815    4.2491    3.9183   0.492   26
47364.243    2.038303227078    2.475802807567    0.4988    0.5378   0.448    6
47368.283    0.598917319966   -0.140497201073    0.5583    0.4274   0.203   21
47369.247   -2.063822646823    2.559599994356    0.7645    0.9116   0.133   19
47374.251    1.452970416950   -0.246600001219    0.8318    0.6319   0.055   11
47379.241   -0.093652004300   -0.871999202445    0.3280    0.3095   0.246   40
47384.244   -1.109039918261    1.147600823970    0.2989    0.3219   0.426   20
47389.237    2.166411259128   -0.042897602270    0.3429    0.2858   0.318   15
47394.249   -1.512316822023   -1.282597196450    0.2038    0.1990   0.351   45
47395.918   -1.295474534268    2.283400783654    0.5009    0.7215   0.054   17
47399.249    0.580774175372   -1.057298402429    0.2680    0.2638   0.338   17
47403.157   -0.294180672507   -0.801399573902    1.1801    1.3918   0.120   12
47404.260    0.466221115658   -2.897600393226    0.2173    0.2324   0.394   38
47409.249    2.111713451369    0.727901988284    0.3783    0.3892   0.407   17
47414.242    1.550790972792    0.550702804958    0.3431    0.3203   0.316   19
47415.251    3.423861455415    0.741200381071    2.3558    2.5315  -0.119    4
47419.254    0.970796227455    0.274701631042    0.2584    0.2789   0.417   24
47423.005   -0.183165690040   -1.863597583451    6.6334    8.1144   0.554   11
47424.254   -0.269170836035    1.034200795402    0.2200    0.2864   0.398   37
47425.335    0.465381219657    1.193000412059    0.3987    0.3218   0.089   21
47426.077  -17.608167537852   -2.475900009813   12.5062   22.8790  -0.229    8
47429.236   -1.135939009353    0.031500024988    0.2670    0.2733   0.359   24
47432.921   -5.808763865837    2.135300422879    6.5426   10.1941   0.524   11
47434.244    0.081866786524    1.305601182366    0.2783    0.2698   0.407   21
47439.247    0.117252672834    0.372002409676    0.2761    0.2808   0.424   19
47440.917   -5.891890128168   -0.230000415513    3.8717    3.1098  -0.169    9
47444.251    1.430090185268    0.059101216721    0.7423    0.6195   0.109   24
47448.160    9.452226215310    3.614202006474    3.9742    5.7328   0.500    7
47449.252   -4.360381580235   -2.604099591963    2.6958    2.5879   0.518    3
47454.197    1.479449887326   -0.864597609507    0.7067    0.9677   0.597   16
47459.249    2.094680131360   -0.296899196428    0.6507    0.4412   0.395   25
47459.252   -0.366840963353   -4.948200006538    2.1767    2.8157  -0.140    4
47463.179    2.385682576849   -2.624799577688    2.6967    3.6651  -0.111    3
47464.256    0.124179871589    0.296801994182    0.3900    0.3173   0.307   24
47465.016   -5.848947305200   -6.227499591205    4.5441    7.8788   0.348   11
47469.238    0.202867694704   -0.176198409463    0.4527    0.3677   0.347   22
47470.338    0.489641163595   -2.592997202555    0.2817    0.2411   0.076   19
47473.497  -10.680017977810   -3.254400013475    1.9146    0.8744   0.290    4
47474.249   -2.774714263496   -0.698900419138    0.2293    0.2288   0.315   42
47475.330    0.417670340226   -1.087397998845    0.1902    0.2797   0.126   41
47479.246    0.017152820068   -1.810799983559    0.4331    0.4980   0.096   16
47484.246    0.229826556281    1.180501226372    0.4505    0.3767   0.387   25
47489.254   -1.370414122037   -1.610100008520    0.4096    0.3759   0.472   29
47494.236   -0.272379296035    0.461199590518    0.3186    0.3178   0.434   46
47499.254    0.394070408085   -0.524998796436    0.5917    0.6713   0.357   21
47502.921   -1.349272716452    0.129402025095    1.4413    0.9660   0.124    8
47504.266   -0.350287689115   -0.597599972707    0.7171    0.5735   0.455   24
47509.255    0.549646803163    0.493801223911    0.3104    0.2872   0.254   12
47510.840   -5.027340826717   -0.468298782152    5.9916    2.4760   0.216   11
47512.641   -4.087882129569   -0.195397183234    5.0738    4.8302   0.814   21
47514.241   -0.185234869775   -1.108699206043    0.1957    0.2213   0.303   25
47515.267   -0.277447473154    1.546300802602    0.7847    0.8334   0.225   17
47518.525    0.577265594716    0.060602428675    0.2029    0.2091   0.425   26
47524.237   -1.045226272862   -1.416099570406    0.2295    0.2475   0.378   26
47529.256   -0.046721291297   -0.117197976124    0.1991    0.2094   0.358   25
47534.242    0.698206814232   -0.536597991641    0.2554    0.2663   0.377   21
47539.253    0.419889907575    1.293400816849    0.2322    0.2309   0.301   24
47544.257   -0.549646803163   -0.931100419166    0.1671    0.1672   0.371   42
47549.242   -2.730212580458   -1.598299195393    0.4020    0.3627   0.299   25
47550.272   -2.176996730672    1.066899631041    0.3462    0.4259  -0.025   22
47553.673    9.486112234731  -20.781097214240    1.5017    1.4117   0.049    6
47554.246   -2.637340006193   -1.563800378790    0.4453    0.5048   0.195   21
47559.247    2.043611058886    0.944402393088    0.7585    0.6925   0.475   18
47564.232    0.195190603416   -0.313797602303    0.4547    0.3913   0.289   27
47568.100    0.002999038294   -0.192797995169    0.4604    0.3924  -0.206   18
47569.255    1.455939222261   -2.349597610873    0.4273    0.3832   0.335   27
47574.244    0.112424150405    0.017200807179    0.3983    0.3893   0.255   25
47579.255    2.141761272887   -0.306799194050    0.2479    0.2938   0.335   45
47584.106   -5.376849044887    0.180100823854    1.1318    0.7399   0.028    8
47585.271    0.994066542350    0.797900395355    0.2597    0.2533  -0.404   21
47589.237   -2.285672645731   -1.198897211907    0.4156    0.3396   0.330   27
47594.249   -1.120015473018   -2.123499609752    0.4458    0.4037   0.329   22
47599.253   -1.840383513952    1.322301602613    0.2637    0.2933   0.329   38
47604.242    2.239851716402   -0.485899192881    1.0384    0.5404   0.477   23
47609.249   -0.885420860274   -0.157899575015    0.4294    0.3715   0.180   27
47614.242   -0.039434242311    0.558900023861    0.7002    0.4242   0.394   25
47617.274   -0.258225514261    0.899100007246    0.2142    0.2234  -0.053   21
47619.254    1.535857024591    1.277002797906    0.5201    0.3557   0.388   22
47624.243   -0.018532491415   -0.374000376269    0.3760    0.3958  -0.085   21
47629.247    0.246949838848    0.785800813219    0.2052    0.1995   0.467   27
47634.251   -0.460463471062   -0.477799176224    0.2137    0.2223   0.423   27
47635.277    0.211774110637   -1.014998389337    0.2371    0.2572   0.204   22
47639.240    1.226472516210    0.937202418072    0.2699    0.2674   0.458   19
47644.244   -0.094401937744   -0.054997184407    0.1806    0.1783   0.274   41
47649.226   -1.083250610843    2.357902826589    0.3323    0.2962   0.219   22
47649.252  -11.311651763039   17.750901599811    0.9000    1.2874  -0.378   10
47654.248    0.372928961589   -1.689199206112    0.2283    0.2363   0.472   22
47654.263   -0.693048633645   -3.416900375441    4.8719    4.6949   0.100    4
47659.245   -0.494889265829   -0.764999992953    0.2042    0.2198   0.439   27
47659.248   23.808602973881   10.629701995413    0.6753    0.5156  -0.256   18
47660.341   18.806841337394  -42.356599175264    0.8412    0.8608  -0.329   10
47664.234   -1.902158212599   -3.363897576492    0.6311    0.4044  -0.286   18
47664.245    2.745566108464    2.331802795652    0.2264    0.2399   0.433   24
47669.242    0.478965729494    0.355100422667    0.2335    0.2405   0.434   26
47670.275    0.637211545620    0.709300803692    0.3547    0.3535   0.293   24
47674.242   -0.218940964082    0.927601189460    0.2425    0.2506   0.473   27
47679.246   -1.106700850853   -0.431899201203    0.2238    0.2191   0.411   39
47682.354   18.198568525099   27.676501218821    1.5108    1.5967   0.584    3
47684.243    1.894421350825   -2.859299996771    0.2654    0.2615   0.416   25
47689.246    0.112963925750    0.293000414331    0.2208    0.2361   0.452   27
47694.254    0.360963818698   -0.104299186887    0.3181    0.2880   0.444   27
47700.266   -0.079797647700    0.474001228667    0.4482    0.3891   0.169   15
47709.240   -1.026423893774    0.188999996453    0.2421    0.2460   0.475   61
47717.290   -3.979865449005   -0.194399990505    0.2889    0.2526  -0.096   18
47724.234    1.341865471925    0.209602831092    0.3398    0.3380   0.529   42
47729.245    1.075153898839   -1.031698809584    0.1836    0.2117   0.400   41
47734.242   -0.560742553461    0.261802790646    0.4033    0.4058   0.480   54
47735.268    0.251147886982    0.470901602512    0.5536    0.5084   0.352   19
47743.205    0.961920085416   -2.868699607461    0.5864    0.5674   0.288   10
47744.257   11.998073359496   -0.964299590578    0.2804    0.2612   0.522   57
47749.257    1.291426178266    1.844301607434    0.3401    0.3000   0.494   23
47754.239   -2.206714894032    0.627300016731    0.8804    0.4098   0.599   54
47764.247    0.056196979166    1.463702426463    0.2518    0.2621   0.496   57
47779.251   -4.954950423543    3.980401186254    0.6593    0.5278   0.153   50
47780.311    4.953480789639    3.162600012274    0.5003    0.4924  -0.261    9
47787.258    0.505774858029   -2.550898807385    1.5305    2.3434   0.673    3
47789.248   -0.087084655775   -2.414498374037    0.5750    0.4894  -0.190   58
47790.275    1.489255928835   -0.740897979767    0.4319    0.2698   0.090   19
47794.252    0.860680911475    1.063501184717    0.2547    0.2430   0.484   50
47799.242    0.402826354583   -2.898597585954    0.2577    0.2613   0.454   53
47804.238   -0.106516813677    0.021902428671    0.2497    0.2442   0.496   58
47809.249    0.516390562555    0.097300829793    0.1872    0.1881   0.444   49
47811.360   -1.457529051706    1.755399614467    0.8967    0.9199  -0.275    3
47814.250    1.456269534989    0.627901187045    0.3389    0.3211   0.475   50
47819.250   -0.016343116140   -1.884599970481    0.3507    0.3519   0.501   52
47822.314    1.079742030187    1.316502005011    0.6377    0.9796  -0.153   86
47823.180   -4.491698072285    8.844699590327    1.0326    1.6150   0.167    4
47824.250   -0.592769551246   -0.315597583267    0.2200    0.2205   0.413   58
47829.254    0.673736712195    0.891701995442    0.3725    0.3416   0.365   55
47830.343   -0.645158565492    1.121202024024    0.9993    1.5580   0.100    5
47834.247   -0.381355331750   -0.172299576207    0.2345    0.2277   0.502   58
47834.422   -0.562151721399    0.756900027454    0.6992    0.6880  -0.414   16
47839.251   -0.704084654369   -0.388998017797    0.3037    0.3230   0.525   56
47844.255    0.702345132791   -1.276700396602    0.2257    0.2237   0.540   51
47844.660    0.178217708462    0.033102020325    0.6443    0.4110  -0.037   18
47849.252   -0.484723374090    0.211100410752    0.1914    0.1932   0.465   63
47850.219   -0.349208097514   -0.131698811856    0.2559    0.3926   0.210   24
47852.239    2.730482468131    0.792302415675    2.2085    1.9862   0.547    3
47854.248   -0.454555397942   -0.004197602266    0.2349    0.2429   0.504   52
47857.232    2.062293242434   10.327899610729    1.3878    1.9495   0.542    3
47859.256   -0.402856587566   -0.572497185658    0.2257    0.2449   0.436   46
47864.183   -0.017573095355   -0.305899203568    0.2680    0.2282   0.414   54
47865.352   -1.745202105262    0.147301204834    0.7942    0.8445  -0.206    4
47874.260   -0.345789479415    0.188499609521    0.2085    0.2093   0.481   27
47878.095   -2.361482362485   -3.075998387203    1.0122    1.2471   0.534    3
47879.250    0.167542274361    0.497199619076    0.2367    0.2401   0.431   42
47880.290   -0.214593182905   -0.259498790456    0.1472    0.1620  -0.027   30
47882.453    0.469579308701    0.613299619090    0.2114    0.2462   0.040    9
47883.512    0.039074392081   -0.267598807113    0.2713    0.2145   0.487   46
47889.257   -0.461422826212    0.101300395272    0.6057    0.2796   0.609   50
47894.254   -0.070351456422    0.056199627352    0.1533    0.1348  -0.155   48
47899.258    2.483442666725    0.402699595270    0.1832    0.1701  -0.004   41
47902.425    4.437719964986    3.362500780213    2.1097    2.3717   0.628    3
47904.262    1.021895492001   -0.353498376171    0.1447    0.1380  -0.092   45
47909.233    0.814079774808    1.903402824155    0.9411    0.9373   0.699    7
47909.251   -0.536302684407   -0.311399981001    0.1541    0.1375  -0.077   49
47914.251    0.403995908742   -0.769100392972    0.1560    0.1381  -0.091   49
47914.255    0.292771504569   -0.852397192830    0.8587    0.6436  -0.093   14
47915.311   -0.805503017033   -2.279397585880    0.8701    0.8805   0.423   32
47918.174    0.427506614718   -0.267299986945    0.7720    1.0287  -0.198   52
47919.244   -3.157359304035    2.337901213423    1.8969    0.8552  -0.206   10
47919.248   -0.319820287793    1.511801985998    0.1511    0.1427  -0.014   49
47921.096    0.814559820579   -0.152798401132    0.1761    0.1876   0.086   18
47924.248   -0.516990067475    0.178200008349    0.2014    0.1885  -0.001   37
47924.263    1.401301839557   -0.519498019003    1.0874    0.9552  -0.166    6
47929.249    0.834891604057   -0.384897617778    0.1631    0.1506  -0.012   46
47930.330   -1.496573210804   -0.171399585724    0.2934    0.3239   0.098    3
47931.082    0.391071369790    0.084099588094    0.8764    1.0138  -0.221   15
47934.253    0.205866732998   -0.568598403561    0.1705    0.1476   0.007   44
47934.253   -0.408794198188   -0.888397170229    0.8554    1.1036  -0.104   15
47935.272    0.191652485258   -0.112298369004    0.1606    0.1641   0.046   28
47936.210    0.042282852081   -0.270997202279    0.3280    0.3707   0.032   20
47937.083    0.316101549038   -0.294300008363    0.3589    0.4068  -0.167   21
47939.256   -0.623326915126   -1.780898372772    0.1700    0.1482  -0.020   49
47940.250    4.811368667946    0.123400809571    0.6086    0.4296  -0.367   26
47941.189    1.278201518659   -2.416798793092    0.5172    0.4299  -0.121   25
47942.124    2.081005658964    0.477399623833    0.9627    0.6834   0.092   26
47943.183    2.170069531917    0.566802003732    1.6174    1.7639   0.714    3
47944.249   -0.353676769712   -2.020197615593    0.1961    0.1840  -0.110   39
47949.246   -0.437912120236    0.201902417984    0.2403    0.2348  -0.049   28
47951.083    0.336433291605   -1.252299614407    0.3807    0.4211   0.023   19
47954.250    1.365016327671    0.075099580954    0.1829    0.1622   0.021   49
47958.100    2.829202649549   -2.657898016878    1.2883    0.8408   0.263    5
47959.250    0.917897670847   -2.323598414478    0.1784    0.1571  -0.007   49
47964.247   -1.100133502328    1.739102430065    0.1902    0.1627  -0.067   49
47965.291    1.494533568570    0.483602406121    0.5448    0.8588   0.385   13
47969.251   -0.939249275441    0.238402782315    0.4149    0.4267   0.006   24
47972.100    0.701745586961   -1.502697614342    1.6335    1.9744   0.708    3
47974.247    0.721027316339   -0.503197202306    0.1671    0.1515  -0.019   49
47978.167   -0.110475207121    0.305200831008    0.0860    0.0956   0.109   66
47979.248    0.212313885982    0.466502382324    0.3141    0.3724   0.138   28
47979.251   -1.377461516333   -1.834797581068    0.3154    0.3244  -0.045   51
47984.248    0.523497645515    0.115700396464    0.2049    0.1908  -0.108   48
47986.071   -0.592829280820    1.482800416852    1.2900    0.6589   0.219    5
47989.248    0.054247994972   -2.071097981116    0.2730    0.2568  -0.056   47
47993.083   -1.013199275077    0.923799609609    0.3702    0.3757  -0.186   30
47994.252   -0.132306080184    0.819900026272    0.1769    0.1678  -0.096   48
47995.341    0.165952444916   -0.619999207174    0.2107    0.2185   0.020   24
47998.164   -5.079549874937   -3.777098390856    1.1565    1.0891   0.372    4
47999.249    3.120174166574   -0.727297185676    0.2328    0.1592   0.072   55
48000.067   -0.007526703675    0.203399997645    0.6276    0.5958   0.468    7
48004.249    0.244910892096   -0.103499979787    0.2112    0.1890  -0.148   37
48005.337   -0.123370208571   -0.039697192733    0.1361    0.1557  -0.196   22
48007.083    1.286508388761   -0.780199201245    0.3115    0.3412  -0.195   30
48009.246    1.844552065494   -0.142599583342    0.2172    0.1817  -0.140   45
48014.250    1.035989544201   -0.619599603624    0.1811    0.1667  -0.135   50
48018.169    1.576220429980   -0.739699169117    0.3894    0.4120  -0.034   10
48019.250    0.597897498850   -0.529398016624    0.3573    0.3061  -0.533   36
48020.338    0.113323775981    0.349401608446    0.5373    0.7635   0.151   14
48024.250    0.079108139312   -0.779497196390    0.2165    0.2053  -0.127   49
48027.256   -3.093305308465    0.572000431021    4.1593    0.9774   0.714    3
48029.250    0.514141457705    0.812300396547    0.2319    0.1843  -0.193   50
48033.173   -0.134015409689    0.084200422634    0.1205    0.1206  -0.136   29
48034.247    0.188623254891   -0.597898792876    0.4770    0.4576  -0.412   31
48034.254    0.324198261042   -0.142099196410    0.1924    0.1543  -0.148   53
48036.333    0.340241992917    0.000601221473    0.2355    0.2299  -0.051   97
48039.247   -1.153661796839    0.011401209576    0.2127    0.1844  -0.143   47
48044.251   -1.412936628808   -0.135197990403    0.2067    0.1704  -0.136   47
48047.246    2.307983605475    0.832100391790    2.0012    0.9451   0.372    4
48049.251    0.811890440443   -0.320799591691    0.3297    0.2667  -0.268   47
48054.248    0.778304541677   -0.041698791620    0.2082    0.1752  -0.090   44
48055.318   -2.202816271073    5.258199610125    1.7881    0.8287   0.386    3
48059.252   -0.549407148474   -1.143698409578    0.1868    0.1619  -0.097   41
48064.252    1.432458708357   -0.469598376185    0.2145    0.1764  -0.141   39
48065.333   -0.189043571088    0.161200819093    0.4292    0.4181  -0.315   15
48068.164   -0.186974391353   -0.015098373751    0.1486    0.1361  -0.195   17
48069.234   -2.442689178123    0.921700808476    0.6446    0.6806   0.459   11
48069.253    1.037099327875   -0.395197218950    0.2066    0.1604  -0.119   52
48071.229    0.298709074280   -1.008698404803    0.5791    0.4763  -0.063   33
48072.503   -0.481394718549    0.536000402462   41.1327  196.7491   0.000   10
48072.503   -0.385493650310   -0.466297183266    1.0916    1.1518  -0.097   77
48074.249   -2.075818022697   -0.335797182061    0.1977    0.1410  -0.150   53
48078.168   -0.645637874871   -1.932598797794    1.2528    1.1390   0.366    6
48079.249    0.957361450660   -0.209397580875    0.1678    0.1382  -0.032   49
48084.246    1.635476872496    0.258501597727    0.1911    0.1558  -0.148   55
48089.246    2.415579969843    0.636300023871    0.3649    0.2242  -0.242   23
48090.364    2.662230383516    6.711501600876    0.9484    0.9079   0.522    5
48092.092   -1.950678755047    0.039502788240    0.2146    0.2537   0.060   16
48093.165    1.893222300075   -1.005699613188    0.4352    0.5360   0.085   16
48094.250    1.870461527542   -1.178398792945    0.2361    0.1682  -0.263   47
48099.247    0.222899357526    0.487501188218    0.1812    0.1566  -0.036   55
48104.251   -0.346059407998   -6.021198004191    0.4825    0.5032   0.092   15
48104.265   -5.746658813551    1.875999618051    0.6381    0.6753  -0.061   41
48109.258   26.971749460014  -11.666397614363    1.3326    1.5530  -0.182   14
48111.253    0.381415061325   -8.427499210484    0.4873    0.4369   0.096   27
48114.251    0.655054528647    0.298702809687    0.4745    0.3997  -0.236   50
48115.333   -0.639850692773   -3.405499217024    0.4160    1.2336   0.431   34
48117.239    4.110702631676   -4.253198369497    0.4460    0.4022  -0.161   16
48118.247    0.682163082356   -0.771699581037    0.3665    0.3828   0.010   38
48119.248   -0.141212496117    3.497900388538    0.3628    0.4071   0.037   52
48124.252   -2.422117780866   -3.987899981439    0.7205    0.7031  -0.089   31
48126.246    1.561826257124    0.823402785954    0.5824    0.5309   0.038   27
48129.249   -0.130986874803   -1.096398005984    0.8879    0.8327  -0.133   27
48132.269    6.119317887467   -4.351197571850    0.5470    0.4822   0.036   30
48134.245   -2.134054603186    0.670201200137    0.4732    0.4204  -0.298   47
48139.256    3.058339697442   -3.099099575365    0.4090    0.3872  -0.079   37
48143.165   -0.028458687554   -0.244699185714    0.5135    0.4982  -0.238    8
48144.253   -2.517718769360    2.845799986062    0.3765    0.3426  -0.256   48
48145.334   -1.541824827285    1.383001182376    1.2579    1.3020  -0.633   20
48146.415   -2.679383203585   -0.023097607027    0.5948    0.6959   0.143    9
48149.250    2.712759639734    0.074199590472    0.3545    0.2554  -0.119   36
48154.254   -1.568963613977    1.247500790669    0.4731    0.4616  -0.158   47
48155.346    0.285274297485   -1.373497207169    0.8353    0.8866  -0.169    9
48159.247   -0.204157444404   -0.403599585752    0.2189    0.1850  -0.072   45
48160.346    1.927318477595   -3.285399600372    0.5416    0.6581   0.171    8
48162.169   -0.733622197132    0.672501619192    0.2461    0.2385  -0.214   12
48164.247   -0.794677890800   -0.524699976268    0.2120    0.1871  -0.172   42
48169.247   -0.877653765517   -1.120197617865    0.3902    0.5204  -0.081    7
48169.251   -2.249597291944    0.162201592957    0.2899    0.2661  -0.215   28
48170.339   -0.992267291198   -0.946198792917    0.1949    0.2195  -0.152   27
48174.255   -0.105946764438    0.146300430970    1.5071    1.7637  -0.178   11
48174.258    0.221880231891   -0.587797177332    0.2488    0.2148  -0.130   47
48176.421    0.152608326160    0.263001601297    0.3721    0.4888  -0.056   29
48179.244   -0.726365381130   -0.872798409546    0.9717    1.0319  -0.065    8
48179.251    0.793717799258   -1.413298815578    0.2178    0.2018  -0.112   46
48183.159   -0.264012655448    0.887799581051    0.1889    0.1497   0.089   28
48184.252   -0.174079389903    0.131799595238    0.2171    0.1976  -0.260   47
48187.254    0.582213617204    0.290800829816    0.4095    0.4792  -0.042   27
48188.346   -2.171749323920    0.346100415527    1.0823    1.2524  -0.073    5
48189.248    1.114077862396   -0.455299209534    0.2038    0.1860  -0.167   46
48194.245    0.045761199755    1.661500812133    1.2092    1.6417  -0.072    9
48194.248    0.606503753216   -0.063597587996    0.1978    0.1819  -0.129   45
48195.337    1.443884075902   -1.669298376328    1.6526    2.3410   0.287    8
48196.403    1.996380225227    2.921799608657    1.7270    1.9876   0.698    3
48199.249   -0.727745052477   -0.139798777354    0.1997    0.1896  -0.088   43
48202.247  -69.655656014000  -24.589198773128    0.4645    0.4691   0.089   22
48204.245   -0.281195708500    0.690102029921    0.2181    0.2063  -0.111   37
48204.253   -0.583143475763    1.612202390788    0.3318    0.4542   0.156   11
48209.249   -0.109095494864   -1.825297186997    0.1796    0.1748  -0.104   39
48213.168   -5.369112183113   -0.077597985637    0.5196    0.2921  -0.136   19
48214.250   -1.288966915317    0.301600817920    0.1941    0.1909  -0.093   48
48216.247   -0.474347365164    0.589899610759    0.4706    0.6185  -0.136   23
48219.246    0.067322921537   -0.684198016643    0.2013    0.1848  -0.098   51
48222.077   -0.201667948472   -0.574297217781    0.1188    0.1149  -0.082   31
48224.224   -1.881916432589    0.131101222678    2.1511    1.7862   0.669    3
48224.250    1.723580653906   -0.946800014390    0.2085    0.1790  -0.136   41
48229.250   -1.135189771390    0.619300783455    0.8189    0.6642   0.110    9
48229.258    0.763280630918   -2.297700001463    0.3400    0.3999   0.171   38
48231.248    0.877293915287    0.297399583360    0.6951    1.0092  -0.289   18
48234.254   -0.159475058949   -0.224697572548    0.2011    0.1939  -0.074   42
48236.252   -0.514051495148    0.689500808448    0.1154    0.1209  -0.117   27
48237.333   -1.619193445020   -2.101298412072    1.6666    1.9865   0.686    3
48239.251    0.232645628550   -1.218200401354    0.2001    0.1844  -0.115   44
48243.170    0.179417454694    0.079502382277    0.3938    0.3956  -0.203   13
48244.251   -0.120250974736    0.042102027464    0.2401    0.2024  -0.097   81
48244.251    0.393440670181   -0.571697978557    0.3562    0.3622   0.100   37
48248.517    0.879123399422   -0.882298803617    0.3260    0.2679   0.152   15
48253.423   -0.236814180092   -3.197498381269    2.3099    2.3031   0.689    5
48254.252    0.358234708987    0.284601628664    0.2044    0.1925  -0.165   47
48259.248   -0.337602804854    0.075401982258    0.3299    0.2705  -0.211   39
48264.249   -0.143821410287    0.264002426320    0.2892    0.2453  -0.159   57
48265.352   -1.468384410922   -2.700500380115    2.0754    2.3464   0.701    3
48267.167    0.249078748157   -0.131299208306    0.4221    0.4439   0.214   11
48269.253   -0.740579587960    1.074502790743    0.7426    0.9208  -0.124   42
48272.328    0.595498701867    0.341402426329    0.5686    0.7574  -0.138    9
48273.168    0.167961854166    0.159202801342    0.2954    0.3120  -0.434   29
48274.249   -0.380335469723    0.213901216739    0.2641    0.2355  -0.120   39
48279.249    0.142892288120   -0.158000409556    0.2456    0.2319  -0.287   42
48279.249   -0.455875339715    1.098201619243    0.5798    0.4794  -0.303   12
48280.345    1.613585492556    5.782100430451    2.3599    2.5159   0.669    3
48284.253   -0.015803340794   -0.431600381035    0.2776    0.2544  -0.166   45
48289.243   -0.076319300027   -0.436499988155    0.8007    0.8804   0.012   70
48294.250    0.089063872952   -0.169797590388    0.3290    0.2647  -0.284   73
48295.342    1.643123771712    0.078400825032    1.8791    2.0838   0.701    3
48299.247   -0.133025780645   -0.259898394006    0.2505    0.2243  -0.113   52
48299.247    0.333524952261   -1.238000396597    0.4689    0.4704   0.008   19
48301.409    0.324078801893    1.045202401428    1.5536    1.4364   0.724    3
48301.416    0.669778318750   -0.365198405916    0.1991    0.2192  -0.268   36
48304.258    1.812884917940   -1.978498772814    0.9932    0.9454  -0.355   32
48307.271   -3.276771119162    4.512801626788    1.7576    2.0674   0.694    3
48309.247   -0.141962429561   -0.137199589290    0.2761    0.2362  -0.182   38
48312.246    0.032656735688    0.561801613230    0.2608    0.3051   0.092   19
48314.248   -0.278976836633    0.015501609596    0.2766    0.2475  -0.160   40
48315.332    1.032031150756    2.725801203951    1.8279    2.5208   0.734    4
48319.248   -0.477855945820    0.220899624992    0.4484    0.4157  -0.115   34
48324.252   -0.318860891732   -0.090298789246    0.2550    0.2234  -0.139   40
48329.252    0.317181099729   -0.141897578487    0.3074    0.2647  -0.155   42
48329.259   -1.438936094324   -2.335100407436    0.3474    0.3921   0.412   25
48331.414    0.131616612707   -0.039200386936    0.2979    0.3211  -0.048   25
48334.249   -0.278827144501   -0.263898010644    0.3328    0.3016  -0.146   39
48336.415    7.282636033683   -1.045799990607    2.2461    2.1161   0.666    4
48339.249   -0.025759769916    0.567399592910    0.3466    0.2835  -0.157   42
48341.167   -0.013494506369   -0.507697205876    0.2721    0.2811  -0.418   30
48344.249    0.008696216924   -0.038998769014    0.3663    0.3427  -0.090   29
48348.165   -0.677574910098    1.125601193053    0.2797    0.3004  -0.149   27
48349.253   -0.575496576547    0.391500003616    0.6640    0.5216  -0.049   16
48349.261   -2.072699525254   -1.020099614379    0.3523    0.5180  -0.197   18
48350.364    1.482448925620   -0.019097990389    1.4274    0.8909   0.336    4
48354.250   -0.158845321046   -0.780598804795    0.3235    0.2946  -0.203   40
48356.259    8.530849460398   12.501500430062    1.9872    2.2372   0.643    3
48357.336    0.201428293783    0.654202784744    0.9456    0.8441  -0.157    6
48358.417    0.024290136011    0.300002403719    0.9901    0.9396  -0.265    6
48359.250    0.492400506289    0.269200802450    0.4999    0.2875   0.176   40
48362.285   -9.097709549596   -9.076899590355    1.4880    0.8817   0.337    4
48364.243   -0.412362508418   -0.283399185719    0.3158    0.2952  -0.103   54
48368.831    0.373408311878    0.085100413116    0.3864    0.3205  -0.215   46
48370.335    0.386902818248   -0.196297173716    0.2325    0.2271  -0.458   29
48371.249   -0.314812535730    1.774800006160    1.3725    1.1603   0.047    6
48372.363    4.512839518781    3.848799627804    1.2861    1.6282   0.533    5
48375.832   -0.105887034863   -0.141699592859    0.3014    0.2770  -0.143   73
48379.346    0.940568480822    0.195901202460    2.2401    2.2319   0.718    3
48382.834    0.646328078740    0.062600395268    0.3709    0.2946  -0.176   72
48384.164    0.228987355761   -0.050698798759    0.2477    0.2613  -0.314   40
48384.270    0.121090870737   -0.066999615456    0.2806    0.3097  -0.198   32
48386.268   -2.492379274731   -3.521300396869    1.7917    1.8314   0.641    3
48389.832    0.265152672105   -0.577299590532    0.3252    0.2958  -0.152   66
48390.914    0.110775327777   -0.093499198783    0.2678    0.3097   0.211   18
48393.251   -0.501606306486    0.142300814332    0.4802    0.4606  -0.225   31
48396.834    0.066002979764   -0.257097588019    0.3209    0.2806  -0.225   69
48400.257   -0.518699356069    1.092502805022    0.4115    0.3660  -0.067   23
48403.833   -0.364202511682   -0.297799186910    0.3985    0.3172  -0.216   70
48406.261   -0.240382490323    0.947300401322    1.3328    0.8835  -0.322    9
48407.357   -4.403743983007   -4.219297193231    2.4230    2.6873   0.710    3
48410.834   -0.119771665357    0.291502783512    0.3001    0.2788  -0.177   88
48414.271    0.695117813380    0.238802385866    0.3619    0.3812  -0.176   22
48417.833    1.656377886999   -0.893098791721    0.2282    0.2030  -0.146   85
48419.169   -0.572857388484    0.601300820335    0.2603    0.2677  -0.237   28
48419.250   -1.154651425883    1.265900408498    0.3015    0.3282  -0.046   22
48421.262   -0.382254957326    2.544699606233    0.3299    0.3346  -0.117   26
48424.834    0.532794144661    0.507002414452    0.2518    0.2112  -0.199   80
48428.257    0.787240454201   -0.561297594004    0.3394    0.3624   0.001   26
48431.833    0.772066851310    1.309600799004    0.2437    0.2138  -0.184   78
48433.173    0.531804515617   -0.702698417854    0.7497    0.9089   0.440    7
48434.247   -0.680244331145    1.509901221652    0.8298    0.7530  -0.098   30
48435.350    0.034785644997    0.600501613235    0.4796    0.6456  -0.124   27
48438.834    0.023870556207   -0.067597204634    0.2966    0.2606  -0.217   91
48439.163   -7.337393571017   -8.192199584300    0.6232    0.7718  -0.434   12
48440.281   -0.149279670619    1.718902780112    0.4153    0.4048  -0.128   20
48445.833    1.066517411490    0.111999599994    0.2603    0.2211  -0.192   90
48447.085    0.822026794680    1.941800422856    0.3452    0.3242   0.000   22
48449.266    0.427146723577    0.698302829960    0.3675    0.3307  -0.103   26
48452.834   -0.579874549796    2.148602396801    0.2460    0.2069  -0.138   87
48454.175    2.316620092825    0.395600403635    0.1972    0.1968  -0.292   41
48454.270    5.141834115946    2.813101201582    0.3326    0.4167  -0.101   20
48456.334   -0.041323496931   -1.928498397774    0.9989    0.5832  -0.118  142
48457.429   -0.416831180617    1.337702428827    0.4060    0.3974  -0.194   24
48459.248   -0.193361814762    0.884602803808    0.2356    0.2329  -0.134   72
48463.259    0.388282489595    0.586501215594    1.0717    0.9277  -0.072    9
48467.251    2.608911551622    0.505601985878    0.2419    0.2432  -0.094   66
48470.261   -0.142561934480    2.079302413449    0.5964    0.5245  -0.180   18
48473.833   -0.308094799592    0.076500009527    0.3774    0.3357  -0.258   60
48475.085   -0.311513417691    1.013799629845    0.1900    0.1891  -0.247   39
48475.254   -1.234389303098    0.036500415490    0.2849    0.3123   0.256   46
48477.262    0.853213937374    0.127900813141    0.4962    0.5354  -0.436   21
48480.831   -0.338172813182    1.214301619257    0.3519    0.3204  -0.173   65
48482.255    0.518969243742   -2.398100406253    2.7027    2.1653  -0.397    5
48484.279   -0.804573894866    1.831402818198    0.3416    0.3494  -0.156   26
48487.836   -0.303146777103    0.676101581121    0.5534    0.4454  -0.241   49
48489.166    0.543769658508   -0.976100403705    0.6978    0.5899  -0.040   11
48491.343    0.784991349351   -0.927198004774    0.4071    0.3751  -0.095   24
48494.835    0.451287208367   -0.067697988015    0.3347    0.2929  -0.175   68
48495.423   -1.314636763586    1.323802814568    0.4544    0.5825  -0.083   17
48497.253    0.904253472345    0.108802822751    0.5358    0.4685   0.008   24
48498.359    1.044476339418    1.327100426352    0.4074    0.4066  -0.188   25
48501.833   -0.290492166735    0.399700803655    0.3954    0.3705  -0.192   57
48504.167   -0.390771249134   -0.181799970278    0.2129    0.1932  -0.240   39
48504.254    0.171350239282   -0.453999615502    0.4309    0.5557   0.029   28
48505.357    1.317065752641    1.075802384776    0.3764    0.3585  -0.087   27
48509.247   -0.076139374912    0.127000822658    0.3556    0.3005  -0.196   79
48509.247    1.350742350356    3.684999620646    1.5917    3.7746   0.874    9
48512.272    0.142651897038    1.359000003731    0.3465    0.3417  -0.087   23
48515.836   -0.049479938509   -0.014900388123    0.3334    0.3131  -0.155   67
48519.266    0.179417454694    0.898801187077    0.3743    0.3618  -0.170   26
48522.835   -0.098779951903    0.762800408438    0.3687    0.3406  -0.210   69
48524.255    0.063484028152   -0.366497999948    0.4542    0.4981  -0.285   22
48525.245   -0.299128654085   -0.231699613096    0.5128    0.5659   0.129   16
48526.286    0.374638291093    0.089002827508    0.4171    0.3987  -0.040   22
48529.833   -0.117312402408    0.331200027404    0.3226    0.3122  -0.162   69
48532.247    0.805862867264    0.156301211973    0.5312    0.6864  -0.246   20
48533.332   -0.082286366329    0.116301617936    0.3440    0.3516  -0.186   21
48536.831    0.363902391026    0.068500827410    0.3239    0.3233  -0.114   70
48538.255    0.730953512477   -1.108897191671    0.8137    1.1001  -0.116   17
48540.257    0.135335351461   -0.332197168973    0.3370    0.3505  -0.278   22
48543.833   -0.157646311206    0.273801589401    0.2982    0.2820  -0.122   69
48547.332    0.190393009451    0.172800014298    0.4570    0.4304  -0.197   16
48550.835    0.386693396541    0.114101982263    0.3667    0.3407  -0.135   34
48557.833   -0.128138265033    0.335401210805    0.2746    0.2667  -0.155   70
48559.166    1.448172822985   -0.699897611867    0.2545    0.2360  -0.331   36
48559.250    0.229707056222    0.404902812079    0.3103    0.3675   0.228   33
48561.255   -0.275348060436   -0.209199595247    0.3507    0.3543  -0.296   23
48564.835    0.006417656393    0.014000397641    0.2946    0.2824  -0.202   71
48565.247    0.302817159856    0.150202794202    0.5743    0.4906  -0.284   12
48568.253   -0.538221435618    0.159501621511    0.3338    0.2941  -0.077   30
48571.837   -1.036079506758    0.574502416839    1.2675    1.4773  -0.639   19
48573.170   -0.857802068721    0.646300804874    0.2385    0.2480  -0.351   34
48573.254   -1.062528785062    0.552099601236    0.3817    0.3514  -0.287   38
48575.252    0.216932250313    0.366300014321    0.3522    0.3523  -0.199   21
48578.835   -0.036465437000    0.344102397776    0.3410    0.3195  -0.236   60
48580.241    0.221100065464    0.049100384558    0.4071    0.4746  -0.046   17
48580.256    1.502990130804   -0.680299183387    0.4702    0.5887   0.205    6
48582.253    0.220920140349    0.383900425049    0.3790    0.3801  -0.213   23
48585.833    0.534953246043   -0.057999608316    0.4922    0.2833  -0.356   39
48587.254    0.490360864056    0.304200005985    0.3660    0.3825  -0.136   22
48592.835    0.361173281315   -0.916199979883    0.9405    0.9712  -0.082   69
48593.423   -1.003093112913   -0.030499199966    1.0748    1.2608  -0.362   12
48594.325   -0.259754877740   -0.294800395295    0.5661    0.7226  -0.060   10
48596.334   -0.303776555917    0.215002825144    0.3542    0.3968  -0.173   21
48599.833    0.614720660760    0.920300431062    0.4428    0.3403   0.309   57
48602.233   -0.851444878295   -0.996699606048    0.2301    0.2165  -0.118   38
48602.255    0.127208406474   -0.632300407233    0.2862    0.3812   0.021   25
48603.277    0.511202885378   -0.230900405995    0.3557    0.4048  -0.317   15
48606.831   -0.105917267846    0.250002028679    0.2621    0.2285  -0.030   34
48610.334   -0.563261545984    0.313300796506    0.4201    0.4729  -0.392   21
48613.504   -0.254116692293   -0.216399570263    0.3057    0.3041  -0.194   42
48617.252   -0.094371704761    0.370000810790    0.3340    0.3859  -0.156   16
48620.839    2.568427950693   -1.504299609678    1.0029    0.7320  -0.377   26
48624.254    0.322549397503    0.608500795352    0.3221    0.3468  -0.169   24
48627.837    0.461363096638   -0.053499604746    0.3393    0.2765   0.233   62
48631.252    0.202147994244    0.686102413283    0.3565    0.3758  -0.219   21
48634.831   -0.361143743813   -0.140497201073    0.3067    0.2167   0.269   79
48635.134   -0.531234507289    0.874400404882    1.5770    1.4191   0.033   22
48636.252   -0.148499504192    0.438400803660    0.9596    0.4957  -0.531    3
48638.250   -0.137434027788    0.095000410738    0.4886    0.4265  -0.371   18
48639.331   -0.176508419868   -0.310197589215    0.2658    0.3222   0.020   17
48641.833   -0.254896858720   -0.236098782125    0.1931    0.1854  -0.049   69
48643.331    1.231870310575    0.980402421646    0.9197    0.7919   0.837    5
48645.248   -0.257865623120    0.015299991674    0.2716    0.3055  -0.009   24
48648.831   -0.258465168950   -0.085798785676    0.1892    0.1904  -0.273   65
48649.255   -3.091115933190   -1.184400008469    1.2031    0.6972   0.509   15
48650.252    0.034036447946    0.341802029880    0.2128    0.2666  -0.060   33
48650.340   -0.205116799554    0.572101214402    0.4602    0.7437  -0.037    4
48652.250    0.405345347106    0.418600808416    0.3139    0.3401  -0.132   23
48655.840   -0.467750520048    0.248702383487    0.2540    0.2705  -0.156   42
48659.252    0.036674899617    0.337802413242    0.2871    0.2978  -0.210   21
48666.082   -0.364202511682   -0.270799216651    0.6824    0.8221  -0.349   10
48667.335    0.153927572451    0.248799585734    0.1752    0.1716   0.106   31
48669.840   -1.146615138935   -0.314899210707    0.4726    0.4717   0.020   15
48673.259    0.317511453368   -0.182098790447    0.2885    0.3046  -0.059   19
48676.835    0.080487115178   -0.301899586930    0.2255    0.2048  -0.173   70
48678.168   -0.763759981208   -0.147499190462    0.2828    0.2851  -0.287   31
48678.259    0.926384466064    0.855302414493    0.4859    0.8274   0.311   22
48680.250   -0.015683881645   -0.091299614269    0.2468    0.2513   0.023   19
48683.830    0.397728680873   -0.829699189353    0.3527    0.2967  -0.076   37
48687.248    0.295589881356    0.588502814480    0.2968    0.2923  -0.056   23
48688.333    0.292201496240    0.196902027483    0.2039    0.1926   0.031   28
48690.831   -0.029117962959    0.048099610694    0.2149    0.1997  -0.038   47
48692.165   -1.459238340300    1.653300012094    0.3427    0.4048  -0.396   27
48692.256   -0.143011747268   -0.660499188143    0.3252    0.2401   0.255   51
48694.254    0.518069618166    0.024800385745    0.3581    0.2845  -0.174   18
48697.833   -1.581408802639   -0.183200398851    0.6231    0.6876  -0.196   64
48701.252    0.129127853167    0.107301610797    0.3071    0.3087  -0.065   20
48704.835    0.267311814398   -1.471798810826    0.6634    0.7535  -0.174   70
48708.254    0.555254796538    0.190501208408    0.3147    0.2973   0.049   16
48711.833   -2.804972243112   -0.520297174944    1.1620    1.6518   0.263   38
48713.258   -0.931811797932   -0.253598409472    0.6223    0.5677  -0.333   15
48715.248   -0.012055105448    0.234201598914    0.3073    0.3811   0.307   15
48718.835   -0.162833947473    0.293000414331    0.4695    0.4700  -0.049   34
48722.250   -0.025189761587   -0.385398004710    0.2992    0.3591   0.005   19
48725.837    0.369359955876    1.718801996731    1.1423    0.9823   0.268   14
48727.166   -0.101118978401   -0.012099582136    0.2437    0.2242   0.065   23
48728.248   -0.075779483771    0.331102825157    0.2883    0.3040   0.075   20
48732.835    0.051698810376   -0.448099183359    0.2396    0.2204  -0.135   54
48733.251   -0.170691004787    0.110300402412    0.5942    0.6023  -0.537   17
48736.250    0.402077157531    0.254300414326    0.2680    0.3157  -0.072   23
48739.833   -0.080846965408    0.248702383487    0.2627    0.2480  -0.139   40
48741.250   -0.231146498054    0.250002028679    0.3130    0.3737  -0.107   15
48743.256   -0.156956107336    0.123202823943    0.2237    0.2446  -0.079   22
48746.835   -0.763190668361   -2.222099982419    1.0804    0.8370   0.015    8
48748.168    0.444180084497    0.317602814448    0.2518    0.2617  -0.240   23
48748.300    0.008666720332    0.008100016657    0.6216    0.8041   0.025    6
48750.250    0.162263939144    0.174502793016    0.2792    0.2813  -0.113   21
48753.833    1.453000649933   -3.913599607586    1.6179    1.9901   0.070   32
48754.257   -0.238673201729    0.432802823980    0.6890    0.7203   0.258   21
48755.017    0.454465435385    1.330401619271    1.4821    1.1925  -0.006   12
48757.267   -0.187933787413   -0.092897977311    0.3227    0.3353  -0.095   17
48758.337   -4.994084545199    7.491801585502    5.7685    2.8989  -0.386   24
48759.422   -1.835795382604    2.915002818327    3.3028    2.6416  -0.277   29
48760.832    0.801724548704   -0.518997580912    0.3745    0.2897  -0.434   51
48764.250    0.219750627100    0.059702387034    0.2943    0.3037  -0.144   22
48765.331   -0.060785110514   -0.030099596415    0.2422    0.2656  -0.009   26
48767.837    0.301167600837    0.170701213165    0.3627    0.3085  -0.151   38
48771.241    0.174799090364   -0.424497608265    0.2533    0.2661  -0.111   22
48774.835    2.497147331193   -0.377197204671    0.6953    0.4583   0.191   41
48776.081    1.776689327702   -0.730799996518    0.5139    0.4605  -0.343    6
48778.250   -0.110505399194   -0.859399182218    0.7649    0.6303  -0.267    6
48781.837   -0.286053727520    0.299502016787    0.6086    0.4116  -0.269   32
48786.337   -0.173689306689    0.074501991776    0.3761    0.3874  -0.006   19
48787.411   -0.412512896032    0.037101585804    0.8118    0.5968  -0.233   15
48788.832    5.508495890577    0.668602785936    2.9192    2.4020   0.302   57
48792.250    1.125923546138   -0.475397973787    0.3897    0.3973  -0.225   18
48793.335    4.800062759550    8.270200805782    0.4835    0.4190   0.154   44
48794.420    2.805722176556   -1.286398776301    0.6652    0.5301   0.237   38
48795.833    2.056416097778   -0.618199175051    0.6698    0.5023  -0.255   51
48797.170    0.711221274830    0.676400401289    0.3860    0.5251  -0.182   11
48797.251   -0.512822211414    0.341402426329    0.3446    0.4659   0.106   22
48799.252    0.129217815724    0.628902012068    0.3905    0.4172  -0.024   20
48802.832    0.089303527642    0.003002423909    0.4213    0.3244  -0.355   70
48805.502   -0.661321756516    0.374302828732    0.3402    0.3395  -0.048   17
48809.837   -0.415661626458   -0.999597614282    0.3680    0.4388   0.140   68
48810.082   -1.147004526667    2.173499984792    0.9608    0.7256  -0.029   17
48812.251   -3.200392089560    1.638100803802    0.4522    0.5253  -0.124   35
48813.329   -0.334124457180    0.455900431007    0.3664    0.3789  -0.059   18
48816.835   -0.349688143285    0.039700825027    0.2827    0.2303  -0.254   90
48820.250   -0.440311653610   -0.800798403588    0.3800    0.3787  -0.058   19
48821.332    1.798520241675    1.212800407302    0.3819    0.3597   0.016   18
48823.844   -0.041593384604   -0.258397182051    0.4452    0.5626  -0.004   38
48827.420   -0.097340510071    0.245401190568    0.3926    0.4052  -0.127   21
48830.835    0.011725488201   -0.919997978599    0.4482    0.6840   0.128   61
48831.876    0.695507896594    0.037702807276    0.3712    0.3957   0.103   13
48833.125    2.383193080917   -1.451797197660    0.2732    0.2723  -0.080   24
48834.250   -0.405315850514   -0.516600010769    0.5137    0.5232  -0.028   24
48837.837   -0.174469473117    0.780501602549    0.3586    0.3027  -0.245   74
48838.878    1.201162559082    2.127902411075    0.3519    0.3643   0.041   10
48840.135    0.801785014670   -2.611098000216    0.2635    0.2822   0.143   30
48841.252   -0.583713484092    0.339202790656    0.2813    0.2748  -0.124   34
48844.832    0.112844466602    0.702899984617    0.3365    0.2899  -0.203   78
48845.190   -0.156506294548   -0.097199995253    0.2132    0.2275   0.039   70
48848.250   -0.475367186280   -0.101699998822    0.3164    0.3234   0.057   20
48851.837   -1.310888528240    0.234302382296    0.4717    0.5847   0.000   58
48853.167   -0.782682514926    0.434401187022    0.4964    0.8112   0.026    4
48853.258    1.374432245056   -0.571798813098    1.2846    0.9958  -0.080   12
48855.252   -0.313912910154    0.056800797665    0.3283    0.3285  -0.147   22
48856.333   -1.128202147579   -2.968797610947    2.3518    2.3808   0.175   20
48857.422    0.730203579034   -4.515699583862    2.3777    2.5581   0.193   20
48858.835    0.065133587171   -0.091997986829    0.5901    0.7428   0.142   30
48862.254    0.647886979721    0.783399610782    0.3295    0.3819  -0.045   23
48865.834   -0.285484455583    0.402001222710    0.4667    0.4423  -0.243   86
48869.252    0.342611252398    0.987800382291    0.3327    0.4699   0.132   31
48872.835   -0.829373573240    0.415299615497    0.6319    0.8671   0.368   60
48874.421   -0.757132903109    0.278902814443    0.7517    0.6272   0.288   15
48876.247    0.336463524588    0.985402812148    0.3396    0.4067   0.328   26
48879.834    0.599336899771    0.629999988178    0.6537    0.9339   0.448   52
48882.916   -0.776894637347   -0.220899573833    0.5193    0.2766   0.411   42
48886.832   -1.432968987111   -0.419598001145    0.5603    0.7995   0.362   60
48888.249    0.951274147906    1.073300398957    0.3257    0.3384   0.167   32
48889.918    0.159834909179   -0.055799972642    0.4872    0.6584   0.209   39
48893.837    0.005097673710   -0.580597202315    0.4673    0.5840   0.038   53
48896.916   -0.633283385159    0.653101227499    0.8489    0.7795  -0.354   30
48900.832    0.026449278304   -0.269100019068    0.1895    0.2593   0.079   31
48903.915   -0.431074924949    2.031602406305    0.7474    1.0850  -0.003   13
48907.834   -0.618769016762   -0.431999984585    0.4146    0.4825   0.251   48
48910.916    0.990138381889    3.705102017193    0.2590    0.3081   0.244   48
48914.832   -0.085285404623   -0.213800382198    0.5448    0.5280  -0.694   65
48916.253   -0.200738826305    0.127101606040    0.5528    0.4893  -0.032   12
48917.922   -0.707922852272    0.744001187059    0.3396    0.5503   0.486   43
48921.834   -1.594903309008   -0.674798405953    0.4390    0.5409   0.274   52
48924.916    0.791918548106    0.047602804898    0.3307    0.3841   0.206   48
48928.832    0.518009888592    0.829501203725    0.5876    0.9248   0.486   73
48932.335   -0.196300387090   -0.008899172599    0.4074    0.5733   0.654   48
48935.834   -0.191951910432    0.272199594065    0.5565    0.4495  -0.300   73
48939.274    0.073829804095   -0.110498388040    0.3003    0.3686  -0.034   18
48940.377   -0.019162229319   -0.155599207119    0.2769    0.5292   0.238   17
48942.836   -0.211024177193    0.531000011961    0.3099    0.4101   0.194   53
48946.254   -0.093412349610    0.975200413222    0.3753    0.6545   0.042   12
48949.834    0.140733145827    1.285300800191    0.8701    1.2852   0.340   66
48951.262   -2.612990099697   -1.379199602525    1.9228    3.5476   0.432    6
48956.832    0.265212442591   -0.874400404882    0.4300    0.6256   0.361   61
48959.173    0.291211867196    0.453999615502    0.6444    0.5435  -0.061    3
48960.251   -0.195251028472   -0.086497209395    0.2702    0.3356   0.175   25
48963.834   -0.590610449864   -0.121100390515    0.6664    0.4177   0.262   48
48967.253    0.565450880349    0.211201194134    0.4178    0.5797   0.168   17
48970.836   -0.564371329658    0.225802813247    0.2702    0.3291   0.144   56
48974.247   -0.962999636107   -0.267800373877    1.6153    2.7794   0.486    6
48977.834   -0.893907655491    0.649000827480    0.7131    0.9305   0.292   36
48979.258    0.368460289390   -0.063698371378    0.3323    0.3980  -0.106   23
48984.836   -0.182266064464   -0.604598380960    0.6244    0.7211   0.333   45
48987.334    0.595168348228    0.450201616786    0.2676    0.3357   0.008   24
48991.834   -0.045701470180   -0.036997170128    0.2685    0.3214  -0.060   82
48994.917   -0.277747593810    0.276800381016    0.7115    0.8168   0.472   12
48998.836   -0.118152298410    0.646700408424    0.3646    0.4402   0.168   45
49002.251   -0.046121049985    0.576601217972    0.3130    0.3203   0.309   22
49005.834    0.293491205029    0.204602389431    0.3225    0.3867   0.004   71
49009.253    0.323269097964    0.418201204866    0.2798    0.3502   0.463   27
49012.832    0.365372024930    0.826700397738    0.2626    0.3625   0.149   84
49016.251    0.046511133198    0.237801612002    0.3698    0.4607  -0.457   22
49019.838    0.146880178155   -0.017197174884    0.2983    0.3772  -0.048   78
49022.175    1.542424373116   -0.638999995317    1.0021    0.6048  -0.522   10
49023.253    0.149699291334    0.382701614399    0.2877    0.3437  -0.510   25
49026.836   -0.029837663420   -0.228398369018    0.2572    0.2982   0.075   83
49028.085   -0.646867854086    0.716601613249    0.6361    0.7377   0.339    9
49030.251   -0.052029123105    0.144802800151    0.3068    0.3183  -0.131   12
49033.834   -0.023060893188    0.420001185830    0.2425    0.3063   0.237   70
49037.249   -0.136924444515   -0.581698810720    0.2610    0.3667   0.344   22
49040.832    0.061504810974    0.317502031066    0.2667    0.3314  -0.059   75
49044.251   -0.137824111001    0.155699990501    0.2582    0.3351   0.105   19
49047.834    0.209735163885    0.255402022731    0.2227    0.2936   0.093   90
49051.253   -0.001709288594    0.521002812093    0.3018    0.3308  -0.103   21
49058.251   -0.518489934363    0.651402029916    0.2800    0.3419  -0.167   22
49063.083   -1.685436120384    2.828901580187    0.9984    1.2681  -0.161    9
49064.164   -0.992057828581    0.239500809585    0.5793    0.8632  -0.047    8
49065.249    0.362522719679    0.902199582242    0.3150    0.3925   0.078   23
49072.251    0.314572144648    0.309600000037    0.3430    0.4105   0.065   22
49075.834   -0.064624044809   -0.101797201069    0.2141    0.2838   0.070   93
49079.253    0.120970675197   -1.217700014422    0.4682    0.7828  -0.139    8
49082.832   -0.477226167006   -1.666299584713    0.2803    0.3538   0.140   51
49085.254   -0.609083170794    0.172800014298    0.5142    0.5468  -0.293   24
49089.834    0.633672731980    1.583801991956    0.3111    0.3745   0.082   53
49093.257   -0.107356709678    0.428702423960    0.3369    0.4275   0.151   20
49096.832   -0.720697658181    0.907300807285    0.2315    0.3173   0.244   54
49100.251    0.028698342244    0.131000388137    0.3432    0.4220   0.108   22
49103.834   -0.497467987927    0.128800803623    0.5310    0.7697   0.185   22
49107.249    0.443309955512    1.337101207355    0.3799    0.4954   0.226   22
49113.254    0.630883851785    0.041201985823    0.2758    0.3248  -0.059   49
49119.251    1.690774185175    3.715599603993    0.3783    0.4225   0.529   54
49121.421   -1.512766634811   -0.585899994121    0.7036    0.7936   0.400   33
49126.250    0.610702537742    2.703301186102    0.2909    0.3757   0.145   46
49133.251    0.751315488028    0.076802410831    0.2261    0.2696  -0.050   40
49134.336   -0.136114781496   -0.230299184523    0.4799    0.9247   0.448   34
49140.253    0.668818963600    0.418402822788    0.2109    0.2799   0.163   43
49147.251   -0.218881234507   -0.024299998813    0.2368    0.3104  -0.009   68
49148.340   -0.648816838280    1.566601184777    0.9968    1.7731   0.153    7
49154.253   -0.546078492933    0.370000810790    0.1740    0.1856  -0.044   85
49161.251   -2.821105937545   -4.113197974220    0.1531    0.1646   0.069   92
49162.983   -1.412367356871   -5.607899987581    0.2674    0.3683   0.343   47
49168.253    0.328307083010   -2.907698376475    0.4549    0.3391   0.058   78
49175.251    0.256185831117    1.756900826422    0.1907    0.1888  -0.153   15
49176.292   -1.238797509331    1.335801613322    0.5224    0.5647   0.193   13
49182.253   -0.062524632091   -1.049597989322    0.0811    0.1207  -0.115   42
49184.423    0.201847873588   -2.098699172848    0.3731    0.2970  -0.049   12
49189.252    1.025164417968   -0.000997192728    0.1700    0.2099   0.039   32
49196.250   -2.224617647544    2.487902389703    0.1287    0.1304   0.123   33
49197.334    2.033475441041    3.445801212365    0.5771    0.7026  -0.651   42
49203.252   -1.063398914047   -0.417999586944    0.1108    0.1239   0.095   58
49204.336   -0.294000747392   -0.622598395239    0.4665    0.7021  -0.212   30
49210.250    0.683002978358   -2.863897202587    0.1702    0.1551   0.032   30
49217.252    2.454804054056   -2.205000009781    0.2161    0.2482  -0.060   28
49223.169   -0.937929333669   -0.669398411901    0.2290    0.2848   0.265   64
49224.250    5.950306674682   -8.268299990277    0.8775    1.3543   0.167   13
49231.252   -1.213637980727    0.857699984635    0.1564    0.1890  -0.091   30
49238.253   -1.841133447396   -0.836297994056    0.2128    0.2240   0.169   12
49245.252    0.275408526402    0.309301231027    0.2682    0.3076   0.159   31
49252.253   -0.137134602613   -0.098600372667    0.1392    0.1525   0.122   75
49253.335    0.035895428672   -0.210398405898    0.4958    0.3677   0.115    6
49254.416    0.240382490323   -0.160599597621    0.4557    0.4897  -0.231   12
49259.252   -0.477106707858   -0.217699215455    0.3457    0.4266   0.043   22
49260.333   -0.445679214993   -0.542998810715    0.4287    0.6663   0.277   76
49266.250   -0.086874538587    1.357502424071    0.4137    0.5599  -0.301   34
49268.412   -0.042732664869    0.478000794146    0.3867    0.4319  -0.094    8
49273.252   -0.147540149041   -0.153597608232    0.1489    0.1793  -0.021   55
49274.333   -1.042437392666    0.243302389435    0.8316    0.9451  -0.136   43
49275.421   -1.129371660828   -1.678798770399    0.5786    0.7951   0.371   37
49280.250    0.169371063015   -0.044297979684    0.1538    0.1636  -0.141   47
49281.335    0.194470862044   -0.519397184462    0.3597    0.5540   0.549  117
49287.252   -0.184245281642   -0.368600382217    0.2097    0.2500   0.152   42
49294.250    0.064863699499    0.141501607231    0.1787    0.1755  -0.121   54
49301.252    0.066693183633   -0.107798416593    0.1424    0.1671  -0.161   78
49308.254    0.406604822912   -0.057099617834    0.1902    0.1969  -0.078   37
49309.331    0.902454180283    2.516900428873    0.2639    0.2718   0.141   71
49315.252    0.072990644486   -0.224999973852    0.1939    0.2766   0.042   35
49322.246    0.015713378236    0.083102395365    0.1634    0.2133   0.009   35
49329.248    0.060155372610    0.572399983412    0.1856    0.2363  -0.063   30
49331.418    0.570878212217    0.005601611974    0.3781    0.4287   0.209   65
49335.085   -1.092156985865    0.190101604858    0.4159    0.3734   0.039   15
49336.250   -0.092242836362   -0.049298370186    0.1464    0.1849  -0.022   59
49343.248   -0.046601095756   -0.233197192756    0.1310    0.1625   0.018   70
49350.250    0.333674644392    0.084401989398    0.1942    0.1988   0.180   56
49357.252   -0.069482063829   -0.031100370279    0.1336    0.1558   0.078   63
49359.418   -0.566260543368   -0.295297201092    0.6165    0.9801   0.311   40
49363.173    0.590160637076   -0.030099596415    0.8022    0.5070  -0.446   79
49364.250   -0.040423830445    0.132001213160    0.2542    0.2400   0.090   42
49365.302   -1.869531668983   -1.738998014389    0.4213    0.3136   0.097    8
49366.303    0.241611774057   -0.546397205881    0.5806    0.4259   0.351    9
49367.336    0.481874764320   -0.657000009596    0.3974    0.3750   0.421   18
49370.324    1.039048312069    0.444999608362    0.5544    0.5338  -0.039   10
49371.252    0.062404436550   -0.044999984539    0.0784    0.0894   0.063  182
49372.322    0.301797338740   -0.268199977427    0.5443    0.4861   0.316   18
49373.363    0.368250867684    0.835902022800    1.3361    0.9884   0.642    5
49374.360    0.126368510473    0.553201209641    0.4173    0.3982   0.214   13
49377.308    1.153961917495   -0.170398811861    0.5349    0.4009   0.279    8
49378.250    0.314572144648    0.109101591761    0.1273    0.1644  -0.071   65
49385.248   -0.124629684377    0.066700795287    0.1285    0.1550  -0.027   67
49391.001   -0.121900533756   -0.376498780952    0.3696    0.3538  -0.121   10
49391.165   -0.280116157809   -0.601898409514    1.1086    0.9408  -0.026   39
49392.250    0.118541686142   -0.164498379718    0.1229    0.1752   0.011   67
49394.420   -0.273938892497    0.351302423951    0.7126    0.9509  -0.020   23
49399.248    0.609142900369   -0.028699219001    0.3204    0.4406   0.222   55
49406.265    0.312383546675   -0.341899180967    0.5305    0.3259   0.171   26
49413.252   -0.142921784711    0.059000382180    0.1919    0.2554  -0.463   37
49420.250   -0.146850681564    0.290502009648    0.2554    0.3745  -0.186   38
49427.248   -0.060305760224    0.246700784601    0.2833    0.3783  -0.058   40
49434.250   -0.295979923659    0.417401997765    0.3362    0.4306   0.424   46
49436.420    0.462592380372   -0.397497586846    0.5365    0.3810  -0.189   76
49441.252    0.181216746757   -0.222497988034    0.1535    0.1741  -0.039   59
49448.250    0.199148996860   -0.047599172603    0.2402    0.3064   0.062   45
49455.248   -0.237503647570    0.116100000014    0.1836    0.2058  -0.016   41
49456.333    3.068205468525   -0.202899610713    1.1216    0.9293  -0.020    6
49462.247   -0.041982731425   -0.235400409565    0.1231    0.1605   0.044   64
49468.167    0.030917214111   -0.734400009605    0.4289    0.6622   0.474   67
49469.249   -0.002009409250   -0.042397215338    0.1369    0.1771   0.050   69
49470.333   -3.209718085298    4.330702785182    0.4193    0.4740  -0.177   77
49476.250   -0.072750253404    0.159001183420    0.1335    0.1705  -0.010   65
49483.252   -0.390651789986   -0.264600015498    0.1581    0.2137   0.070   49
49485.418   -0.060155372610   -0.626097573786    0.2976    0.4005   0.380   78
49490.254   -0.058176155433   -0.306500373881    0.1605    0.1960  -0.018   57
49497.249    0.234085070382    0.443102425152    0.1402    0.1808  -0.013   60
49504.250   -0.084925554393   -0.115898382091    0.1371    0.1581   0.021   62
49511.252   -0.129967053687   -0.009698379699    0.1975    0.2951   0.380   52
49518.254    0.216932250313    0.605901607287    0.2895    0.3961   0.520   52
49525.252    0.252767253929   -0.446497188022    0.1753    0.2140  -0.072   69
49530.917    0.617209420300   -1.546200019220    0.6012    0.8128  -0.187   73
49532.250    0.238853126844   -0.340099200002    0.1600    0.1978  -0.138   60
49539.252    0.249618523503    0.172602028670    0.1225    0.1721  -0.019   62
49541.751    0.091582865475   -0.096800391702    0.1186    0.1074  -0.027  469
49546.251   -0.102078333551   -0.553100375100    0.1359    0.1769   0.043   60
49547.332   -0.152068550814    0.062402409640    0.2155    0.1811   0.055   31
49548.420   -0.649236418085   -1.254999585854    0.5547    0.7538   0.107   62
49553.256   -0.326357362424   -0.113000373858    0.1326    0.1840   0.062   56
49560.254   -0.049089855296    0.042102027464    0.1418    0.2089   0.102   51
49567.249    0.282695575387   -0.884300402504    0.2857    0.4145  -0.075   46
49568.334    0.797196883323    0.135201622697    0.4479    0.6583   0.129   10
49569.418   -0.747806907371    0.845902803803    0.4143    0.6353  -0.062   13
49574.251   -0.055507470778    0.038700000005    0.1645    0.2119  -0.018   69
49581.249    0.094641592433    0.047502021516    0.1422    0.1766   0.012   66
49588.251   -0.240981995243    0.158702414410    0.1500    0.1837  -0.064   62
49595.252   -0.129487703397    0.239500809585    0.1298    0.1650  -0.041   66
49596.334    3.293533856017    0.098902825130    0.6988    0.8331   0.027   20
49597.418    0.497198100254    0.804502781193    0.3104    0.5118   0.310   80
49602.251   -0.077638505407    0.585601225112    0.1416    0.1683   0.053   43
49604.420    0.407414485930   -0.475898411878    0.3386    0.5512   0.364   79
49609.249   -0.034276102635   -0.184100389333    0.1509    0.1859  -0.052   37
49616.251   -0.128557844838    0.041400022610    0.1448    0.1807   0.008   45
49623.249    0.227847339104    0.146001610801    0.1238    0.1460   0.013   56
49630.251    0.229886981337    0.119001589383    0.1288    0.1496   0.086   59
49631.332    0.139143316382   -0.506300409597    0.4158    0.9345   0.551   42
49632.420    0.550816357323    0.165902389426    0.3126    0.7012   0.282   59
49637.249    0.326747445637    0.062301626258    0.1601    0.1586   0.034   31
49644.251    0.258645094066    0.111700830985    0.1480    0.1747   0.078   29
49651.260    0.155847019144    0.181000814337    0.1564    0.1822   0.126   44
49652.334   -1.986813879319   -0.737600419143    0.3246    0.2902  -0.229   84
49658.262    0.196899892010    0.202600790544    0.1266    0.1600   0.141   50
49665.256   -0.133985872187    0.243100822672    0.1961    0.2285   0.113   30
49672.251   -0.165173014881   -0.232797589206    0.1437    0.1896  -0.018   40
49679.253    0.191562522700    0.381301185826    0.1558    0.1753   0.050   48
49686.251    0.124359796704    0.299001629855    0.1577    0.1875  -0.132   24
49693.249    0.259754877740    0.270601231023    0.1739    0.1995   0.102   52
49700.247   -0.116502739390   -0.069299983352    0.1278    0.1483  -0.012   48
49706.168    0.177438278427   -0.083098814230    0.1079    0.1183   0.013  171
49707.249    0.256665876888   -0.024598818982    0.1287    0.1538   0.157   45
49714.251   -0.022041072072    0.154101627459    0.1438    0.1786  -0.023   25
49715.332    3.674469567051   -2.351300389591    0.6523    0.3970  -0.374   67
49735.253    0.244400613342   -0.087998370191    0.1500    0.1854   0.145   20
49742.251    0.086634842987    0.217799998836    0.1250    0.1738  -0.028   23
49750.334   -0.497048367211   -1.428199203701    0.3662    0.3758  -0.110  128
49820.334    1.018507106885   -0.390200409583    0.4271    0.5937   0.600   95
49826.960   -0.458094170671    0.340001997756    0.2532    0.2325   0.235  535
49877.415    1.361657439147   -2.993597996692    0.3211    0.3779  -0.235  133
49914.167    0.920116542714    1.241200806135    0.4083    0.8815  -0.336  133
49917.253   -0.437192419775    0.515602818041    0.2643    0.2750  -0.083   24
49952.251   -0.211923802769   -0.195699584538    0.1581    0.1785   0.190   57
49959.250    0.052868323625   -0.039499207105    0.1404    0.1815   0.144   79
49966.251    0.099049839576    0.306302388253    0.1677    0.1748   0.063   30
49980.252    0.223649290970   -0.025498809464    0.2652    0.3127  -0.251   31
49994.252   -0.003838197904   -0.153799174996    0.1597    0.1323   0.089   98
50008.252    0.292980926275   -0.083098814230    0.3871    0.2398   0.125   99
50022.252   -0.141752271462    0.343000789371    0.1418    0.1610   0.265   49
50031.416   -2.537030690811    3.207200393263    0.9775    0.5330  -0.841  155
50036.252    0.205536379359    0.225601195325    0.2014    0.1890   0.267   25
50058.335   -0.039943784673    0.269902807304    0.2847    0.3504  -0.048  130
50058.397   -2.346698147326 -313.620998406350   41.0960  166.6627  -0.023    4
50064.252   -0.129577665955    0.027100804800    0.1239    0.1550   0.175   39
50078.252   -0.111524524829   -0.242398817818    0.1868    0.1887  -0.156   22
50084.998   -0.650196509627   -0.432500371517    0.2710    0.2248   0.180  237
50092.252    0.169191137900    0.106902007246    0.2029    0.1844   0.224   35
50113.250   -0.235554704286    0.077302797763    0.2322    0.2143  -0.212   15
50120.252    0.031996764802    0.136000829798    0.1563    0.1618   0.247   21
50121.333    0.115423188699   -1.147197588125    0.2668    0.2891  -0.143  155
50134.252   -0.090773161547   -0.262897185621    0.1905    0.1811   0.063   18
50148.252   -0.193301348796    0.115502410836    0.1632    0.1628  -0.096   27
50155.831   -0.642249489755   -1.019498392907    0.5867    0.5123   0.794  244
50156.331    7.667440175604    9.434602782221    7.0417    9.2816   0.014   32
50168.169    0.240652377996    0.151002001303    0.2689    0.4164  -0.534   53
50169.250    0.132306080184    0.145400389329    0.1442    0.1295   0.230   49
50176.252    0.046691058314   -0.131799595238    0.1790    0.1860  -0.026   32
50183.250    0.042403047622    0.103100427395    0.2130    0.1787  -0.083   42
50198.335    0.246800146716    0.083501998915    0.2153    0.1668  -0.311   63
50199.420   -0.073739841537    0.060800414303    0.3913    0.5307  -0.209  113
50204.252    0.362013177316   -0.141497974937    0.3730    0.2370   0.081   14
50205.333    0.336673682687    0.072500392889    0.2806    0.2092  -0.264   31
50211.250   -0.461872639000   -0.230400019063    0.7410    0.6941   0.683    9
50218.252   -0.011605292660    0.217000791736    0.2514    0.2387  -0.097   18
50219.333   -0.596938102789    0.423100811986    0.2522    0.2046  -0.338   81
50225.250    0.235164621072   -0.063799205918    0.3075    0.3835   0.040    9
50226.401   -5.677177445203 -115.784398798269   41.1142  183.0009  -0.015   14
50232.252    0.020901750896    0.887799581051    0.2934    0.3286  -0.003   12
50239.250   -0.231686273399    0.679301990658    0.3353    0.3986  -0.083    7
50242.333   -0.932711423507   -0.194597976133    0.1675    0.2248   0.157  171
50246.252   -0.010585471544    0.000302401304    0.1784    0.1866   0.073   23
50247.436   -1.453240304622   -3.483899990897    0.2821    0.2714  -0.068   83
50253.254    0.005037944135   -0.378298813075    0.2005    0.2534   0.228   19
50255.025    0.406845213993   -0.334897191578    0.3049    0.2848   0.124   88
50256.026   -0.663300932783   -0.288298792839    0.3627    0.3416   0.217   89
50259.083    0.332924710949   -0.107899199975    0.4152    0.6434   0.308   21
50260.252   -0.110265049023    0.368999985767    0.1632    0.1966   0.261   27
50267.250   -1.496303323131    2.419599599079    0.4807    0.9818  -0.682   11
50274.252   -0.030527867289   -0.224899190471    0.1648    0.2203  -0.031   13
50281.250    0.073350494716   -0.146599199979    0.2859    0.1944  -0.070   28
50288.252    0.487002711924   -0.245498392815    0.3966    0.2978   0.069   10
50295.254   -0.611122117546   -0.535197614226    0.5405    0.3690   0.552    8
50302.252   -0.383184815885   -0.461898014237    0.3109    0.2978   0.007   11
50303.333    0.198819338702   -0.153399571445    0.3616    0.3816  -0.038   10
50305.832    0.554625017724    0.340599586934    0.4386    0.3800   0.453  155
50309.250   -0.111344599714    0.241902012021    0.3165    0.3124   0.395   10
50316.252    0.169371063015   -0.081399616647    0.1690    0.1515   0.073   20
50323.250   -0.179327492137    0.345200425045    0.2330    0.2534  -0.213   15
50330.252   -0.029418083615   -0.073497585618    0.1320    0.1694   0.009   40
50336.104    1.143226058338   -0.201297615376    0.3098    0.3271  -0.032   83
50337.251   -0.253277491773   -0.070297176080    0.2555    0.2855   0.116   10
50344.252    0.086634842987    0.314301621529    0.1683    0.1543   0.123   24
50351.254   -0.090832932032   -0.129999614273    0.1593    0.1612   0.323   28
50358.252   -0.007646899216    0.222501620328    0.1385    0.2079   0.030   24
50365.254   -0.653255277496   -0.005198376130    0.2198    0.2317   0.011   15
50372.252    0.003328655541    0.063201616740    0.2028    0.1733  -0.106   15
50379.251    0.379525806705    0.233902829905    0.2276    0.1858  -0.036   18
50386.252    0.073080607043    0.018500401211    0.1867    0.1954  -0.126   16
50391.096   -1.216516782569   -0.660697173771    1.1621    1.0160   0.432  101
50393.251   -0.294060476966   -0.277397970194    0.1741    0.2088   0.125   13
50400.252   -0.336943570359    0.071902803711    0.1533    0.2336   0.236   30
50407.247   -0.179867267482    0.472100413162    0.2537    0.2616   0.033   10
50414.253   -0.194081515223   -0.200498408276    0.1678    0.1777   0.028   22
50421.251    0.505504970356   -0.301298416616    0.2527    0.5458   0.425   20
50423.420   -0.731043475035    0.572101214402    0.5117    0.3311  -0.246   95
50428.249    0.053618257069   -0.058499995248    0.1790    0.2796  -0.466   29
50435.251    0.084625433737    0.369500423858    0.1733    0.1738  -0.063   13
50441.084    1.227582299884    0.839700021515    0.5723    0.3745   0.427    8
50448.254   -0.506224670817    0.255200404808    0.3262    0.3151  -0.240   12
50456.253   -0.135934856381   -0.261500389342    0.1926    0.3317  -0.408    7
50463.254    0.194740790628   -0.043999210675    0.2381    0.2129   0.333   12
50470.253    0.003958393444    0.239201989416    0.2552    0.2601   0.523   26
50477.251    0.129607203456    0.005000390502    0.1569    0.1615   0.083   25
50484.253    0.192521918761    0.126100781017    0.2641    0.2721  -0.047   12
50491.251    0.249139173213    0.051001200063    0.2494    0.2766  -0.417   19
50498.253    0.075209475442    0.253900810776    0.1886    0.1773   0.100   23
50505.251    0.023330780861    0.271000783414    0.3000    0.2464  -0.018   20
50512.253    0.034576223291   -0.124498785681    0.2062    0.2033  -0.035   17
50519.255    0.215762737064   -0.418798794044    0.3600    0.2945   0.150   16
50525.102   -0.340391685049   -0.078397192738    0.8284    0.8814   0.128   20
50526.253   -0.148889587405   -0.132397184416    0.1937    0.2558  -0.043   11
50533.251    0.496718749964    0.621302382342    0.3280    0.2421  -0.017   19
50539.172    1.097854941797    2.258301628899    0.2316    0.2547   0.506  779
50540.253    0.406424897797   -0.153399571445    0.1943    0.2180  -0.016   13
50547.251   -0.008396832660    0.475401606082    0.3002    0.2302   0.110   16
50554.253    0.058386313531    0.188902794207    0.2682    0.2119   0.118    7
50560.082    0.290672091851    0.482500797716    0.3209    0.4413  -0.008   26
50561.251   -0.465440949231    0.106102800146    0.3723    0.4715   0.480   16
50568.253    0.249588986001    0.105400795292    0.2814    0.2140   0.265    9
50575.251   -0.402406774778    0.527101229864    0.2718    0.3470   0.095   19
50575.751   -0.587071636224   -1.136199614393    0.1862    0.2042   0.097  167
50582.253    0.058266117991    0.006699588084    0.2869    0.3223  -0.435   26
50588.082   -0.052299010778   -0.998099983462    0.1632    0.1190   0.019  744
50589.251   -0.097610397744   -0.242600384581    0.3017    0.2558   0.029   10
50596.253    0.170360651148   -0.121100390515    0.2703    0.2800  -0.156   11
50603.251   -0.656463737496    0.038502014377    0.3274    0.3313   0.025   18
50610.253    0.530365114696   -0.073897189168    0.2433    0.2861  -0.278   16
50616.086    1.268935293406    1.994399985961    0.7306    1.1604   0.332   18
50617.251   -0.541550091159   -0.006199201152    0.5201    0.3550  -0.078   19
50624.253    0.649056492970   -0.011797180832    0.2731    0.2450  -0.347   29
50631.251   -0.269260798592    0.081702017951    0.6537    0.3691  -0.053   33
50631.755    0.392630966253    0.512200790581    0.2803    1.0575  -0.127  135
50638.253   -0.349778105843    0.103402828699    0.2590    0.2907  -0.187   24
50645.251    0.434853393278    1.472900419230    0.4382    0.3992   0.411   43
50652.253    0.164603006552   -0.255398390436    0.2226    0.2690  -0.146   17
50654.331   -1.239217089135   -0.903499176275    0.0801    0.0811  -0.275  732
50659.251   -0.074879858195   -0.248399982183    0.3284    0.2852   0.048   33
50666.253   -0.108166372697    0.189201614376    0.2215    0.2893   0.247   24
50673.251    0.096680539185   -0.444398386890    0.3597    0.4809  -0.295   48
50680.253    0.161454276126    0.312400806024    0.2876    0.4041   0.253   31
50686.083    1.049214162897    0.791902812125    0.7236    0.6789  -0.494   31
50687.251    0.472458110544   -0.877499979879    0.3574    0.4454   0.094   17
50687.836   -0.436083372493    0.216000017872    0.2443    0.2146  -0.020  239
50694.253    0.536542380007   -0.204897577305    0.2949    0.2696  -0.142   34
50700.090    0.189612843024   -1.248397200015    0.1706    0.4152  -0.410  646
50701.251    0.213873482445   -0.658997976188    0.2817    0.2553   0.031   43
50708.253    0.116443009816    0.891399594138    0.4830    0.4685   0.184   12
50715.251    0.561372291364    0.293101197713    0.3411    0.3402  -0.094   39
50722.250   -0.119801161948    0.209501996551    0.4613    0.3977  -0.109   11
50729.251    0.280626395652    0.083300380993    0.6883    0.3181  -0.112   36
50736.253   -0.629324991715   -0.077997589187    0.4675    0.3573   0.402   25
50743.251    0.156536486621   -0.056998783293    0.2773    0.3387   0.226   35
50750.253    0.067172533923    0.014101181023    0.2352    0.2363  -0.161   34
50757.251    0.080907431374   -0.549799182181    0.2503    0.2759   0.378   47
50764.253   -0.136624323859   -0.347698778569    0.2354    0.2373   0.141   30
50771.252   -0.106906855980    0.041601589373    0.2194    0.2238   0.227   45
50778.253   -0.275168135320   -0.162900016676    0.2274    0.3773   0.340   41
50785.252    0.428196082196    0.714902415666    0.3149    0.4071   0.483   16
50791.085    0.352387060923   -0.259398007074    0.4198    0.6660   0.255   33
50792.250   -0.028938037844   -0.230299184523    0.3004    0.4028   0.000   15
50799.252   -0.340272225901   -0.193798769033    0.2448    0.2873   0.086   31
50800.340   -0.046691058314    0.060800414303    0.0413    0.0528   0.249  549
50806.166   -0.104147513286    0.186501591770    0.2566    0.2805  -0.257   20
50813.168   -0.632413256174    0.258101994177    0.4793    0.3289  -0.023   33
50820.250    0.028668150171    0.159602404892    0.2238    0.2920   0.186   30
50827.252   -0.440611037874    0.552301219159    0.3322    0.3991  -0.150   32
50834.254   -0.237413685012   -0.096998377330    0.2019    0.2308  -0.330   34
50841.252   -0.115603113814    0.033001185784    0.4067    0.3511  -0.204   10
50847.001    1.155971367656    1.356800419217    0.7452    0.9059   0.611   18
50848.254    0.033676597715    0.156401995355    0.2139    0.2044  -0.280   27
50854.079    0.311543650674   -2.338199982432    0.1752    1.0301  -0.780  509
50855.252   -0.906262145203   -0.086698776158    0.5064    0.3465  -0.299   39
50862.254   -0.180616505445   -0.053600388128    0.2131    0.2294  -0.243   15
50869.252   -0.245660130059    0.173901622702    0.2694    0.1852  -0.162   36
50876.254   -0.192761573450    0.027000021419    0.1798    0.2871  -0.096   20
50883.252   -0.013974552141    0.125999997636    0.1855    0.2144   0.264   31
50890.254   -0.302696964315   -0.100098003486    0.2436    0.3112   0.083   10
50897.252   -0.379435844147   -0.200397573735    0.3520    0.4177  -0.017    7
50904.254    0.020331742567   -0.042497998720    0.5071    0.3444  -0.414    5
50911.252   -0.357934588331    0.440999991724    0.3605    0.3050   0.099   12
50918.254   -0.037185137461    0.283701587023    0.2769    0.2892  -0.045   14
50919.324   -0.322189547273   -0.359798411864    0.0780    0.0808  -0.311  673
50923.999    1.088768600749    1.208401187114    2.2501    5.2751   0.656    6
50925.252    0.063753915824   -0.431999984585    0.3103    0.3616  -0.158   12
50932.254    0.267941552301   -0.221400011924    0.3153    0.2993  -0.175    9
50939.252    0.198579684013    0.235702810869    0.2535    0.3099   0.157   21
50946.254   -0.017062857511   -0.128199582150    0.2522    0.2285  -0.036   26
50953.252   -0.066213137862    0.052502412018    0.3020    0.3314   0.114   21
50960.254    0.132935858998    0.515102379950    0.2166    0.4101  -0.279   16
50967.252    0.012085338431    0.084801592948    0.2814    0.2931   0.353   16
50974.254    0.859301199217    0.301100430988    0.4717    1.3251  -0.363    3
50981.252   -0.545718642702    0.702500381067    0.3489    0.5189  -0.222   10
50986.997    0.713980617524    0.297500417901    1.7991    0.8229  -0.649   36
50988.254   -0.120520862409    0.152402429876    0.2088    0.2350  -0.014   20
50989.324   -2.165481400569    2.109099608560    0.1851    0.2832  -0.445  339
50995.252    0.210214514175    0.004500003570    0.2128    0.2200   0.160   27
51002.254   -0.016733199353    0.035301604839    0.1782    0.2382   0.225   25
51009.252   -0.234175032939   -0.227300392908    0.3057    0.3233   0.283   18
51015.253   -0.008216907545    0.285699604774   41.1435  194.9623   0.004    3
51016.250   -0.199898930304   -0.129099572632    0.3370    0.3666  -0.114   12
51023.252   -0.312143155594    0.117302391800    0.2510    0.2551   0.160   23
51030.254   -0.045191927818    0.617500802491    0.2156    0.2440   0.200   17
51036.087   -0.885210702176   -0.141299989309    0.0699    0.1182   0.301  592
51037.252    0.318591004059   -0.175197584440    0.2327    0.2827  -0.009   20
51042.998    1.910495315684    0.677502009694    1.1168    1.2520  -0.222   14
51044.254   -0.443579843185    0.252302396575    0.1839    0.2127  -0.021   36
51051.252   -0.054907965858   -0.083199597611    0.3166    0.2575   0.073   22
51058.254   -0.201398060800    0.062600395268    0.1896    0.2332   0.267   33
51065.252    0.084505974588    0.309700783419    0.2134    0.2130   0.253   28
51072.250   -0.328546737700   -0.047397605840    0.1935    0.1834   0.094   36
51079.252   -0.138243690806    0.320202002513    0.2546    0.2234   0.321   13
51086.254    0.266232263707   -0.141800376241    0.1964    0.1813   0.037   13
51088.084   -0.280655933154    1.027000820386    0.1168    0.1330  -0.559  505
51093.252    0.664260328844   -0.554698789301    0.3078    0.2933  -0.037   19
51098.998    0.578165261202   -0.348397202288    0.2978    0.2997  -0.083  596
51100.250    0.094881288033    0.051699623782    0.2045    0.2163   0.060   30
51107.249    0.303146818014    0.009601228612    0.2506    0.2014   0.171   37
51114.251   -0.095481529345    0.147401988215    0.2092    0.2353   0.241   25
51121.249   -0.002488759540    0.525099630977    0.2827    0.2581   0.033   36
51128.251    0.001229242823   -0.487497607082    0.2871    0.2664  -0.072   16
51135.252   -0.049300013394    0.431200828643    0.2165    0.2414   0.205   36
51142.251    0.022431155285    0.241102804921    0.1492    0.2053   0.075   35
51149.249   -0.071281314981    0.326800807215    0.1560    0.1715   0.148   34
51156.251    0.007197086428    0.104900408360    0.1809    0.2923   0.322   22
51162.029    0.418180618981   -0.218599205937    0.4805    0.3347  -0.378  576
51163.249    0.596637982133    0.003200409537    0.2300    0.1735  -0.145   43
51169.166    0.345220207478    0.403401600124    0.0776    0.1127  -0.487  916
51170.251   -0.225268617006    0.176900414317    0.1497    0.2059  -0.188   26
51177.249    0.051608847819    0.179002796585    0.2039    0.2113  -0.026   34
51184.251    0.025040069455    0.315601215561    0.1848    0.1983   0.322   24
51191.253    0.018202874168   -0.158997602284    0.1738    0.1876   0.011   34
51198.251    0.316072052447   -0.031499973829    0.5739    0.5074   0.466    4
51205.249   -0.194650787160    0.282801596541    0.2099    0.2238  -0.051   34
51211.002   -0.678234880985   -1.213397996480    0.9975    0.7133   0.098  292
51212.251   -0.070531381537   -0.691099171490    0.2692    0.3129   0.243   21
51219.249    0.168861520653   -0.115200009532    0.1360    0.1549   0.075   38
51226.251   -0.217621717790    0.338302800174    0.2060    0.2147  -0.293   22
51233.253   -0.000989588133   -0.063197984446    0.2677    0.1980   0.143   30
51240.251   -0.112814233618    0.043902008429    0.2027    0.1646  -0.269   31
51246.084   -0.332055318356    0.445600829835    0.1039    0.1368  -0.819 1119
51247.249    0.065253782712    0.313700400056    0.1732    0.1869   0.065   35
51254.251   -0.219991018182   -0.150299996449    0.1990    0.1639   0.341   21
51261.249    0.086634842987    0.429400796520    0.1631    0.1664   0.055   33
51268.251    0.012535151219   -0.047397605840    0.2138    0.1900   0.125   14
51275.249    0.026029698499    0.228402001312    0.1856    0.1672  -0.007   30
51282.251    0.084535471179    0.406501226280    0.4613    0.3375  -0.281   14
51284.084    0.102348262134    0.000702004854    0.1026    0.0829   0.209  767
51289.249    0.036015624212   -0.232498769037    0.1702    0.1738   0.302   38
51295.002    2.563569931673   -0.835999173887    0.4372    0.2410  -0.540  521
51296.251   -0.043812215560   -0.169397986838    0.2011    0.1914   0.037   29
51297.270   -0.333255064588    0.571302007302    0.3384    0.2297  -0.491   54
51303.249   -0.042223122507   -0.158000409556    0.1901    0.2463  -0.018   29
51309.086   -0.191142247414    0.079300815514    0.1327    0.1412  -0.837 1020
51310.251   -0.038954196540    0.165801606045    0.1700    0.1960  -0.055   36
51317.249    0.151678467601    0.400701628678    0.1702    0.1923   0.035   32
51324.251   -0.034725915423    0.206402421554    0.1966    0.2223   0.070   22
51331.249   -0.034456027750   -0.123199191648    0.2041    0.2291   0.061   31
51338.251    0.089783573413    0.452199583378    0.1857    0.1996  -0.192   26
51345.249   -0.097880285417    0.003999616638    0.1715    0.1945   0.188   37
51351.086   -0.305366385362    0.603399621468    0.1711    0.4063  -0.432  704
51352.251    0.150539187335    0.282902431081    0.2372    0.2356   0.456   22
51358.000    7.352597406891   -3.703399187316    0.2310    0.2745  -0.250  580
51359.249   -0.407054635700    0.095500797670    0.2207    0.2126  -0.023   31
51366.251    0.101628520763   -0.030697185593    0.2397    0.2164  -0.019   25
51373.253    0.128467882280    0.040600815510    0.1573    0.1984   0.110   40
51380.251    0.218311226179   -0.054799198779    0.2218    0.2315   0.207   41
51387.249    0.047590683889   -0.214599589299    0.1936    0.1868   0.116   35
51393.082    0.140702912844   -0.302799577412    0.1339    0.4717  -0.760 1196
51394.251    0.017093049583    0.023101188162    0.1786    0.2140  -0.041   23
51401.249   -0.541790482241   -0.192600009541    0.1771    0.1861   0.234   39
51406.998  -36.180624420600   23.908402783945    1.8919    0.8375  -0.963  698
51408.251   -0.176268724268   -0.139100404795    0.2296    0.2344  -0.428   38
51415.249   -0.344230619345   -0.029098771392    0.2040    0.1887  -0.037   26
51422.251    0.236244171763    0.079001995346    0.2385    0.2334   0.147   19
51429.249    0.247039801405    0.074901595326    0.2257    0.2251   0.116   34
51436.251   -0.281346137024    0.417002394215    0.2079    0.1911   0.349   35
51443.249    0.125259422280    0.006901206007    0.1688    0.1698   0.173   35
51449.166   -0.117942140311   -0.353599210712    0.2241    0.2267  -0.214   28
51450.251   -0.108285831845   -0.223099209506    0.2585    0.2118  -0.170   11
51457.249    0.202448114900   -0.076399174986    0.1743    0.2108  -0.032   35
51462.999   -4.664697911497    1.200200387075    0.2950    0.2120  -0.255  684
51464.251   -0.011185712855   -0.341099973866    0.1795    0.1936   0.230   26
51471.250    0.151318617371    0.358801219136    0.2250    0.2395   0.189   28
51478.251   -0.178547325710    0.684900021497    0.3561    0.4043   0.420   13
51485.250   -0.063214099568   -0.334598371410    0.3227    0.2922   0.312   40
51492.251    0.240232798191    0.307800019073    0.2304    0.2525  -0.206   19
51499.250    0.028878267359    0.146102394183    0.1570    0.1783   0.084   35
51506.251   -0.319760517308    0.480502779965    0.3124    0.3471   0.104   26
51513.250    0.349927838885    0.150501614371    0.2105    0.1788  -0.032   46
51520.251   -0.038684308867    0.102599989305    0.1448    0.1728  -0.046   30
51526.000   -1.230191254964   -1.542999609683    0.1899    0.1758  -0.321  747
51527.250    0.126758593686    0.160102791824    0.1232    0.1360  -0.023   34
51533.086   -0.384234133593   -0.320900375073    0.1413    0.1234   0.587 1268
51534.251   -0.325038157043    0.256600782222    0.2556    0.2448  -0.302   14
51541.250    0.375657375818   -1.111399177489    0.2582    0.3323  -0.350   16
51548.252   -0.032836660803   -0.063298818986    0.1753    0.2065  -0.004   30
51555.250   -0.063454490650    0.050400029750    0.1604    0.2071   0.201   21
51562.252   -0.066002979764   -0.168800397660    0.1865    0.1853  -0.002   34
51569.250   -0.047290563233   -0.054597580856    0.1589    0.2058   0.126   25
51570.999    0.835850959207    2.870301602798    0.3067    0.2908  -0.293  475
51575.072    1.047535107287    0.098002783488    0.2515    0.2814  -0.032 1244
51576.252    0.218161493136   -0.014497203438    0.1642    0.1677  -0.090   26
51582.001   -0.450897125154    0.805701591844    0.3117    0.3193  -0.171  586
51583.250    0.062494399108   -0.255898777368    0.1900    0.2416  -0.172   23
51590.252    0.159235404259   -0.119498395179    0.2290    0.1908   0.022   31
51597.250   -0.117072747719    0.175802387048    0.2183    0.2031   0.048   16
51604.252    0.169041445768    0.230400019063    0.2258    0.3225  -0.399   13
51611.250    0.487722412384   -0.065098799951    0.3095    0.3045   0.104   10
51617.079   -0.120581328375    0.099701981071    0.0460    0.0500  -0.127 1470
51618.252    0.324168764451    0.461300425059    0.2269    0.3867   0.124   13
51620.001    8.053923414047   -8.193697215120    0.5256    0.8230  -0.499  220
51625.250   -0.247039801405    0.004100400020    0.2094    0.2495   0.312   28
51632.252    0.161574471667    0.446000382226    0.2516    0.3504  -0.203   39
51639.250   -0.226258205140    0.006202782288    0.3180    0.3502   0.030   18
51646.252   -0.088554330590   -0.034700383367    0.2709    0.3008  -0.041   20
51653.250    0.214172907619   -0.024800385745    0.3084    0.3596  -0.093   18
51660.252   -0.336613216720   -0.243097190378    0.2518    0.2840  -0.178   16
51667.250    0.226947713528    0.117701995350    0.2990    0.3732   0.092   13
51674.252   -0.355175941119   -0.093099595233    0.2073    0.2690   0.112   17
51680.001    1.584017716809   -0.750297590457    0.4072    0.3808  -0.089  377
51681.250    0.360453539944    0.319701615581    0.3085    0.4244  -0.015    8
51687.087    0.943117706328   -1.118699987046    0.1147    0.1390  -0.520 1042
51688.252    0.048160692218   -0.159098385666    0.2052    0.2189  -0.023   31
51695.250    0.043032785525   -0.219398413037    0.4465    0.4167  -0.008   11
51702.248    0.686361825972   -0.774399603642    0.4307    0.3510  -0.346   15
51709.250   -0.763250397935   -0.743097615441    0.5070    0.3727   0.170   14
51716.252   -0.166582182819   -0.199198814244    0.2918    0.2717   0.366   24
51723.250    0.076528721733    0.541900783446    0.2859    0.2766   0.268   14
51731.249   -0.712780871292   -0.670698005933    0.4057    0.4361  -0.148    8
51732.286   -0.040603755560   -0.287697571366    0.1292    0.1035  -0.338  833
51737.250    0.076289067044   -0.002199584515    0.2284    0.2066  -0.079   17
51744.252   -0.091852753148   -0.029998813034    0.1850    0.1735  -0.053   22
51751.250    0.116862589620   -0.121597196312    0.4291    0.5392   0.162    5
51758.252   -0.717099114967   -0.204098370205    0.2086    0.1776  -0.017   36
51764.001   -1.075454019495    2.625400799161    0.9529    0.8779  -0.191  139
51765.250    0.065433707827   -0.348397202288    0.1702    0.1966   0.039   19
51772.252    0.031546952014    0.315802782325    0.5649    0.4106   0.256    4
51779.250   -0.011785217775    0.454600785815    0.2284    0.3098   0.021   11
51786.252    0.053888144742    0.096202802524    0.2000    0.3023   0.003   21
51792.001   -0.165622827669   -3.860999993321    1.4387    8.8059  -0.811    6
51793.250   -0.049510171492   -0.052898383274    0.2114    0.3875   0.034    9
51800.252   -0.119231890011   -0.168699614278    0.2439    0.2857  -0.015   11
51807.250    0.162713751932    0.532702790679    0.4928    0.4845  -0.016    9
51814.252    0.212943623886    0.008002814411    0.3132    0.2185   0.039   19
51821.250   -0.008216907545   -0.185799586916    0.2640    0.3092   0.018   11
51828.249    0.152038317831   -0.088498808282    0.2422    0.1942   0.057   15
51835.250   -0.030917214111   -0.178700395281    0.2318    0.1791   0.087   14
51841.083    0.084775862261   -0.541699216683    0.1214    0.0843   0.749  880
51842.252    0.104927679713    0.308001585836    0.1783    0.2215   0.120   24
51849.250   -0.134405492902    0.061902022708    0.3228    0.2685  -0.031   10
51856.252    0.537861585388   -0.068097591566    0.3395    0.3210   0.002   11
51863.250   -0.168321704396   -0.074397576100    0.1746    0.2242   0.205   17
51870.249   -0.556424309787   -0.176097574922    0.2384    0.2199   0.100   12
51877.250   -0.051069031563    0.184899596434    0.2059    0.2188   0.036   16
51883.083    0.264522934202    0.253601990607    0.0579    0.0639   0.679 1228
51884.252    0.132006695920   -0.056700014284    0.1550    0.2578  -0.107   13
51885.998    0.481454489034   -0.694400415568    1.3717    1.1025  -0.477   36
51891.250    0.322668897563    0.105102026282    0.2961    0.2841   0.274   11
51898.249   -0.022131034629   -0.091097996346    0.1958    0.1546   0.027   21
51906.248   -0.012984964007    0.277599588117    0.3052    0.2806   0.372    3
51912.249   -0.230756414840   -0.198899994075    0.1190    0.1145   0.265   28
51919.251    0.111644720370   -0.156099594051    0.1557    0.1750  -0.084   15
51926.249    0.063094640420   -0.137699976221    0.1645    0.1660   0.169   12
51933.251   -0.072600561272    0.086202021521    0.2166    0.2491  -0.152   19
51939.084    0.841938261961   -0.038897985633    0.1669    0.1594  -0.620  885
51940.249    0.066992567897    0.070001988206    0.1399    0.1490   0.414   27
51947.251   -0.433114567182   -0.105800398842    0.1661    0.1751   0.028   31
51954.249   -0.225718429794   -0.182599177379    0.1934    0.1813  -0.071   37
51961.251    0.234444920612    0.254001594158    0.1915    0.2045   0.119   21
51968.245    0.053018752149   -0.240598785695    0.1703    0.1601   0.054   24
51975.247    0.098659756363    0.121802395370    0.2214    0.2110   0.271   15
51981.080    0.324917961502    0.238899588112    0.0964    0.0882   0.244  787
51982.245    0.087594239048    0.105202809664    0.1850    0.1625   0.084   15
51989.243   -1.023095238232   -0.630197973805    0.4330    0.2591   0.159   20
51995.223   -0.321020034024   -0.091699217819    0.1530    0.1736   0.223   39
51996.249   -0.618948941877    0.373402787091    0.1231    0.1245   0.303   39
51997.268   -0.295560343854   -0.016099198774    0.1619    0.1044  -0.078   30
52003.247   -0.083246457871   -0.240998389245    0.1835    0.1539   0.237   33
52009.168    0.039013926114   -0.207698383292    0.0574    0.0529   0.239  814
52010.249   -0.424927892621    0.082101621501    0.2127    0.1277   0.167   34
52017.251   -0.151528775469    0.018201581042    0.1474    0.1683   0.272   37
52024.249    0.014574097971    0.235602027487    0.1995    0.1305  -0.036   25
52031.247    0.253997233144   -0.147200370293    0.5162    0.4911  -0.647    4
52038.245    0.831982528320   -0.241599610717    0.8238    0.3020   0.021    3
52039.272    0.120520862409    0.829101600175    0.0816    0.0852  -0.301  554
52045.247    0.139683091727   -0.101199611890    0.1143    0.1049   0.055   28
52052.245    0.324468148714    0.545400013152    0.1147    0.1677   0.016   20
52059.247    0.535942834177    0.488699998868    0.2254    0.2092   0.306   20
52066.245   -0.243051174978   -0.087299997631    0.2437    0.1874   0.112   23
52073.247   -0.031097139226    0.033300005953    0.1684    0.1427   0.030   18
52078.996   -1.159210019729    1.379602787210    0.2884    0.2727  -0.142  110
52080.249   -0.263413150528    0.442800023848    0.3016    0.3115   0.029    8
52087.247   -0.149549558291    0.128199582150    0.1733    0.1395   0.206   37
52093.248   -0.007646899216   -0.126799204736    0.2680    0.2081   0.065   12
52096.083    0.020511667682   -0.618199175051    0.1092    0.1261  -0.176  826
52101.247   -0.094641592433    0.114901189363    0.2164    0.2811   0.164   12
52108.249    0.211054410176    0.289400401243    0.1775    0.2096  -0.087   31
52115.251   -0.026868858109   -0.297698403529    0.1552    0.1974  -0.143   23
52122.249    0.027768483685    0.123001206020    0.1511    0.1863  -0.063   28
52129.251   -0.217231634577   -0.651697217791    0.2107    0.2345   0.143   23
52136.249   -0.221130298447    0.008902804893    0.1452    0.1557   0.113   20
52143.251   -0.416561292944    0.314100003607    0.1279    0.1559  -0.135   35
52150.249    0.160374725435    0.137102387043    0.1173    0.1235  -0.017   27
52155.998    0.982551212247    0.211701581065    0.6998    0.7212  -0.107   37
52157.251   -0.017542903282   -0.277498804735    0.3127    0.1726   0.512   23
52164.249   -0.078597860558    0.160401611993    0.1458    0.1525   0.213   25
52171.251    0.597807536292    0.607802422792    0.1911    0.1769   0.211   34
52178.249   -0.029297888074    0.036701982253    0.1622    0.1687   0.204   24
52185.248   -0.482803927398   -0.118098017765    0.3940    0.2849   0.218   10
52192.249    0.088763752297   -0.625100381058    0.2751    0.3072   0.182    6
52199.251    0.355685483481    0.169502402514    0.2795    0.1932   0.009   19
52206.249    0.157376423533    0.211899617852    0.1619    0.1464   0.105   24
52212.082   -0.982281324574    1.446501619284    0.2130    0.2218  -0.912  637
52213.248    0.705973868078    0.009802795375    0.2945    0.3728   0.084   18
52220.249    0.315111960905    0.147502822756    0.1443    0.1490  -0.089   14
52227.240   -0.447328774012    0.111301227435    0.2644    0.3748   0.062   22
52234.249    0.360123922697   -0.096699608321    0.7960    0.4406  -0.856    4
52241.251   -0.082376328887    0.122900422639    0.3067    0.3857  -0.166   12
52248.249    0.110145548963    0.199000828616    0.1354    0.1474   0.100   33
52253.999   -1.114498178593    1.410501590726    1.7962    1.2049   0.093   11
52255.248   -0.223559328412   -0.176900414317    0.2163    0.2681   0.113   10
52262.250   -0.028758112729    0.236700003597    0.1193    0.1742  -0.079   21
52271.249   -0.072060785927   -0.102898809473    0.2093    0.1292   0.182   14
52278.269   -0.016972854043    0.022600801231    0.1836    0.2659   0.280   10
52285.271    0.131976462937    0.347202023931    0.1589    0.1648  -0.336   17
52291.250    0.099469419381    0.068500827410    0.1472    0.1159   0.048  786
52292.269    0.256156334526    0.218102400140    0.2196    0.1763  -0.124    8
52299.271   -0.089963498528    0.046299629730    0.1435    0.1382  -0.045   22
52306.269    0.149549599202    0.298400408383    0.3070    0.2706   0.530    6
52313.268   -0.004258514100    0.287902821583    0.2037    0.2209   0.343   16
52320.269   -0.082766412100   -0.031399190448    0.1183    0.0982   0.070   40
52327.271    0.189853234106   -0.102200385754    0.2538    0.2547  -0.020    5
52340.245   -0.326897178680    0.003902414392    0.0619    0.0734  -0.318  761
52341.271    0.117192206867   -0.198597592771    0.1769    0.1994  -0.253   25
52348.270    0.096081034265   -0.420897595177    0.1679    0.1669  -0.444   12
52355.271   -0.038324458637    0.258501597727    0.1555    0.1986  -0.055   25
52360.250    0.097910518400    1.266602413352    2.1149    1.7068  -0.113   26
52361.269    0.163553647934    0.250599617857    0.2101    0.2191  -0.028   11
52369.271   -0.251478240621   -0.200998795208    0.1682    0.2049   0.362   14
52376.270   -0.247549343768   -1.063098000031    0.2985    1.9742   0.590    4
52383.268    0.075839254256    0.058600829789    0.2497    0.1864   0.477   21
52390.270   -0.272379296035    0.036802816794    0.3686    0.3237   0.120   15
52401.205   -0.287673053556    0.054100826219    0.1509    0.1932   0.235  158
52403.251   -0.376047459031   -0.738799178635    0.0575    0.0693  -0.324  646
52408.203   -0.290371971195   -0.002397570142    0.1426    0.1667   0.074   70
52415.216   -0.128768002936    0.063702003672    0.0738    0.0888  -0.041   74
52423.204    0.313312668842   -0.014900388123    0.1595    0.2388  -0.070  123
52429.205   -0.151918122290    0.023601626253    0.0839    0.0840  -0.143   78
52436.203   -0.120761253490   -0.072997198686    0.1297    0.1388  -0.150   93
52437.584   11.059453821957  -25.108599589885    5.0328    5.4738   0.041   10
52443.216    0.138993624250    0.118101598900    0.1300    0.1225   0.070   69
52444.228   -6.272255830874    2.586999619325    1.1304    1.0000  -0.450   18
52450.207    0.064174191111   -0.030200379797    0.2800    0.1878  -0.137  123
52457.205    0.246320100945    0.156401995355    0.0939    0.1032   0.032   57
52464.204   -0.001589133964    0.402001222710    0.1769    0.1919   0.159   99
52471.213   -0.477076474874    0.835902022800    0.1897    0.2120  -0.465   83
52471.688   52.651203349169  -53.419798786081    6.1685    8.2544   0.287    6
52478.204   -0.343090602688    0.058600829789    0.1461    0.1434  -0.074  123
52480.253   -2.160503881490   -2.258100010977    0.2777    0.1826  -0.290  668
52485.209   -0.294510289754    0.122201998920    0.3096    0.2007  -0.051   89
52492.204    0.071940590386   -0.453999615502    0.3355    0.1526   0.024  139
52492.708   43.109313755987  -60.517699216689    2.2843    2.2031  -0.134   28
52499.213   -0.954782728563   -0.128098798768    0.3303    0.1458   0.117  111
52506.204    0.058266117991   -0.132098415406    0.1063    0.2064  -0.222   62
52513.205   -0.191292635027    0.576302397803    0.0912    0.1729  -0.360   85
52519.999    1.374672636137    2.324800806264    1.0931    1.4434   0.110   12
52521.204    0.134705613558   -0.937198785778    0.0940    0.2097  -0.285   74
52527.216   -0.204037248863   -0.229399194041    0.4778    0.3158   0.856   26
52534.204    0.017393170239   -0.252899985753    0.0872    0.1378   0.226   76
52541.206   -0.355325633251   -0.018197999907    0.5008    0.1566   0.389  105
52543.244    0.936280470130   -0.638600391767    0.3390    0.2647  -0.125  672
52548.204    0.065253782712   -0.099298796385    0.0956    0.1120   0.099   55
52555.206   -0.064773736941    0.150501614371    0.0958    0.1199  -0.112   86
52562.207   -0.016523041255    0.172900797679    0.0943    0.1233   0.345   70
52564.242    0.045401349524    0.340901988238    0.1033    0.1396   0.560  150
52565.243    0.010495508986    0.224200817911    0.1228    0.1435   0.130  204
52566.236    0.055447741204    0.139100404795    0.1056    0.0837   0.494  201
52567.241   -0.007017161313    0.130201181037    0.0677    0.0864   0.370  201
52568.241   -0.097250547514   -0.153000019054    0.0571    0.0626   0.037  223
52569.238    0.090983319645    0.136702783493    0.0993    0.0777   0.439  187
52570.243   -0.100908820302    0.066801629828    0.1200    0.0959   0.580  163
52570.707  -38.921242506576    4.941100814904    3.0072    2.8725   0.023   10
52571.244   -0.131676342281   -0.052700397646    0.1332    0.2163  -0.193  166
52572.237    0.284584789097   -0.078800377423    0.1278    0.2184  -0.241  146
52573.242    0.033046818901   -0.014097599887    0.1628    0.1961   0.627  240
52574.242   -0.024500294110   -0.459698378563    0.1514    0.1427   0.535  152
52575.236   -0.350078226498   -0.013899614260    0.2330    0.4092   0.896  129
52576.244    0.121960304241   -0.024397201059    0.0816    0.1099  -0.298  204
52577.245    0.167571770953    0.146401214351    0.1115    0.1016   0.558  226
52578.242   -0.207995642308   -0.067399219006    0.1178    0.1371   0.126  187
52583.206    0.644138744375   -0.059000382180    0.2025    0.1969  -0.119  131
52590.204    0.036494974502    0.021600027367    0.1055    0.1938  -0.350   58
52597.206   -0.072540831698    0.176799630935    0.1306    0.1152  -0.214  136
52604.204    0.050559489200   -0.288097174916    0.0841    0.2097  -0.354   74
52611.228    0.114223442467    0.002401202437    0.1286    0.1247  -0.317  138
52612.228   -1.492254967129   -1.047398404808    2.0426    2.7938   0.502   10
52618.204    0.018202874168    0.030099596415    0.0948    0.0749  -0.071  101
52620.246   -0.254177158259   -0.166197577300    0.0709    0.1481  -0.042  595
52625.202   -0.002488759540   -0.057099617834    0.2522    0.1270   0.088  116
52639.202   -0.386273080345   -0.105300011910    0.1593    0.1674   0.094   27
52646.204   -0.122710237684    0.135899995257    0.0660    0.0713   0.075   75
52653.202   -0.409064085860   -0.165599988122    0.7246    0.4594   0.966   46
52661.205   -0.058146658842    0.285202798977    0.1533    0.1360   0.155   10
52666.585    5.253269414610    1.685501990778    1.9292    2.0208  -0.116   16
52667.206   -0.077039000488   -0.099399579767    0.0686    0.0826   0.097   92
52674.208   -0.098180406073    0.265600789362    0.1793    0.1403  -0.458   18
52681.206   -0.217651950774    0.014500784573    0.1422    0.0981  -0.033   58
52683.584    8.106311691901    0.150400830989    1.4644    1.5518  -0.107   15
52689.205    0.045851162312   -0.096098386848    0.0650    0.0731   0.031   87
52695.206    0.013674472395   -0.042897602270    0.0718    0.0885   0.178   94
52702.204    0.079917843241   -0.035099986917    0.0518    0.0637   0.076  110
52709.206   -0.040123709789   -0.103298413023    0.0624    0.0779   0.020   77
52711.248    0.337902925510   -0.142297182038    0.0769    0.1976  -0.440  273
52716.204    0.104028054137    0.080200805996    0.0957    0.0870  -0.045   22
52723.202   -0.061745202056    0.010702785858    0.0828    0.0891   0.149   77
52724.229    0.508593930297    0.499201217963    1.2565    3.3094  -0.939  169
52730.204   -0.012235030563    0.003002423909    0.0933    0.1007  -0.025   54
52737.202   -0.063094640420   -0.065098799951    0.0773    0.0853   0.096   84
52739.584   27.539749565869   -9.407897999836    3.8563    2.9589  -0.110    4
52744.204    0.026479511287   -0.030099596415    0.0716    0.0700  -0.031   54
52751.202   -0.108375794403    0.101199611890    0.0856    0.0800   0.167   90
52758.204    0.100728895187   -0.154198778546    0.0896    0.1225  -0.011   43
52765.202   -0.033346244076    0.032601582234    0.0907    0.1102   0.075   63
52766.225    2.680792371523    0.294202806117    0.6547    0.1831  -0.333  330
52767.244   -0.127778414803    0.172202425119    0.0630    0.0700  -0.305  414
52772.204    0.017962483087    0.033699609503    0.0740    0.0802   0.033   43
52779.206   -0.067292688553   -0.099597616554    0.1338    0.1616   0.009   26
52780.587  -40.899300398486  -45.745397972041    1.6535    1.6324   0.146   32
52787.205   -0.214683145463   -0.116999990496    0.1540    0.0761   0.582  111
52793.206    0.031367026899    0.105400795292    0.0658    0.0686  -0.007   86
52800.204    0.021740951416   -0.067899605938    0.1247    0.1356   0.134   52
52807.206   -0.203197352862   -0.213800382198    0.1530    0.1419  -0.059   20
52807.586  -18.790588142901    4.310499605253    3.0040    3.0107   0.148   13
52809.248   -0.016553274238   -0.244497618951    0.1788    0.1060   0.662  400
52814.204    0.085015516951    0.099100810758    0.1364    0.1190   0.050   41
52821.206    0.154077264583    0.328500004798    0.1191    0.1179   0.171   32
52828.204    0.242122011900   -0.027997214147    0.1392    0.1163   0.171   40
52830.246   -0.130177211785   -0.117899980978    0.0513    0.0629   0.121  667
52835.203    0.011335404987    0.289501184625    0.0955    0.0993   0.181   55
52836.583  -32.038074716254   -2.728497594262    1.7734    1.6867   0.032   35
52842.204   -0.362103139874   -0.342198001135    0.3369    0.1304   0.249   76
52849.206    0.020511667682   -0.016898405875    0.1610    0.1413   0.028   28
52856.208    0.223469365855    0.235000806015    0.1867    0.2691   0.634   36
52863.206   -0.510393222359    0.043801225047    0.5162    0.1668   0.175   46
52870.204    0.126518938997   -0.016599585706    0.2283    0.1357   0.529   44
52877.203    0.015713378236   -0.019699211862    0.3609    0.2192   0.178   28
52885.205   -0.206046658113    0.011602827499    0.1267    0.1233  -0.002   20
52891.203   -0.112004570600    0.128102431063    0.1485    0.1356  -0.477   46
52892.583 -185.385044325849 -132.813997214498    5.5111    6.3158   0.125    8
52898.205    0.191861947875   -0.110300402412    0.1094    0.1039  -0.035   34
52900.250   -0.167452311804    0.142001994163    0.0588    0.0495   0.178  292
52905.206   -0.055657162910    0.009201625062    0.1248    0.1142   0.135   24
52906.225    0.797826621226   -0.024397201059    0.4782    0.3542  -0.181  141
52912.205    0.013764434953    0.060800414303    0.0860    0.0951   0.083   47
52914.586  -31.669434460838   -6.200499569786    1.7328    1.5889  -0.098   18
52919.203    0.148229616519    0.046101592943    0.1217    0.0933   0.136   31
52921.241    0.100069660693   -0.011300375036    0.1601    0.1585  -0.034   80
52926.205   -0.036795054247    0.085899620217    0.0724    0.0796   0.032   54
52933.203    0.051878735491    0.026301597700    0.0691    0.0904   0.009   75
52934.240   -0.853424054562   -0.235997998743    0.3073    0.3326   0.106   42
52940.205    0.013314581254   -0.004798772579    0.0937    0.1159   0.253   76
52947.203    0.108706148042   -0.130399217824    0.1197    0.1068   0.109   39
52954.227    0.048340617333    0.050201992963    0.0964    0.1093   0.098   60
52955.582    4.420837073501   -5.365799989931    1.5570    1.3554  -0.178   30
52961.203    0.092152873804    0.126899988118    0.0826    0.0955   0.010   65
52968.205    0.095451296362    0.318502804930    0.0899    0.1021   0.132   57
52975.203    0.122500079586    0.007001989388    0.0781    0.0957   0.034   76
52983.227   -0.057036875168    0.042699616642    0.0545    0.0588  -0.009   85
52989.229   -0.167211920722   -0.076798778537    0.0967    0.0917   0.232   58
52990.229   -0.031187101783   -0.041399971451    0.2224    0.3292   0.069  188
52991.252   -0.022280726761   -0.035600373849    0.0399    0.0433   0.185  468
52996.205   -0.111974337617    0.050000426199    0.0718    0.0737   0.093   65
53003.203    0.054008340282   -0.004100400020    0.0837    0.0656  -0.032   52
53010.205    0.071101389866   -0.144698384474    0.0920    0.0882  -0.024   33
53017.203   -0.006147727810    0.020699985726    0.1095    0.0959   0.361   44
53025.206    0.022701042958    0.168602412032    0.0575    0.0747   0.014  125
53031.203    0.005637489966    0.035701208390    0.0512    0.0618   0.086  132
53052.205    0.045521545065   -0.065699970264    0.1193    0.0904  -0.282  195
53053.228   -6.565236757149    0.418600808416    1.0846    0.6782   0.044    6
53059.203   -0.048940163164   -0.096098386848    0.1306    0.0986  -0.236  154
53065.873    1.700490264126    1.299002428823    1.0542    1.1389   0.308   40
53066.205    0.079108139312    0.035499590467    0.0674    0.0902  -0.073   41
53066.585   10.628438667494   -7.929500384307    2.3200    2.1628  -0.033    8
53068.250   -0.562601575098   -0.859899569150    0.2309    0.2647   0.069  406
53073.203   -0.106606776234    0.334299602400    0.1181    0.1598  -0.457   97
53074.237    0.197619592471    0.471600026231    0.6325    0.6335   0.470  134
53094.209   -0.004858019020   -0.009597596318    0.0697    0.0625  -0.283  210
53101.583    7.826135804518   -6.195297612521    1.4205    1.4341  -0.004   27
53102.230   -0.766669016034   -0.809600373941    1.0758    0.5940   0.839  230
53108.205   -0.174529202691    0.000899990482    0.1208    0.1416  -0.117   94
53109.246   -0.094701362918    0.030902384651    0.1481    0.1219  -0.351  541
53122.205    0.102378454207   -0.035899194017    0.1115    0.1684  -0.105  195
53131.252    0.235344546188   -0.201600016680    0.0896    0.0617  -0.128  353
53137.224    0.102438224692   -0.100598390418    0.1791    0.1550  -0.162  143
53138.247   -1.223713868997    7.770002395091    0.1306    0.1700   0.125   73
53143.207   -0.238853126844    0.035002784671    0.1038    0.0970  -0.001   70
53145.581  -82.702494419087  -76.128098385198    3.2241    3.5608   0.197   18
53150.205    0.080967160949   -0.233999980992    0.2206    0.2002   0.241   12
53172.237    0.573577088944   -0.363999595265    0.4098    0.2416  -0.062   57
53178.205    0.287703286540   -0.031298407066    0.1470    0.1491  -0.184   53
53185.207   -0.597357682593   -0.865997986921    0.2181    0.3325   0.414  216
53193.206    0.260804195448    0.175302000116    0.3762    0.2190  -0.619  161
53200.230   -0.056497099822   -0.118299584528    0.3336    0.3415   0.417  267
53207.228   -1.706157946165   -1.189097997667    0.3464    0.6730   0.062  206
53220.202   -0.264132850989    0.210600023820    0.1501    0.1290   0.070   51
53229.285   26.919721073301   35.694702029332    2.0712    1.2458  -0.002   44
53241.225   -0.035325420343   -0.104698790437    0.1999    0.2187  -0.151   78
53262.224    0.002938572328    0.356500800081    0.1392    0.1886  -0.181   50
53262.582   27.321737764865 -149.270698790360    4.5121    4.5751  -0.257    9
53264.247    0.284884214271    0.462600019091    0.2805    0.2119   0.002   23
53276.205   -0.144721076773   -0.072997198686    0.1316    0.1470  -0.010   81
53278.247   -0.167002499016    0.227901614380    0.1968    0.1761  -0.010   42
53285.253    0.137703915460    0.127601992972    0.0937    0.0460   0.123  388
53311.204   -0.129997286670   -0.049197586804    0.1120    0.0892  -0.192   84
53319.225   -5.034658067775   -6.336997205381    5.2812    3.8417  -0.316    3
53332.206    0.174768857380    0.314701225079    0.1752    0.1897   0.010   48
53341.249   -0.119111694470    0.126601219108    0.0639    0.0656  -0.257  372
53347.225    0.050199638970   -0.399398402351    0.5125    0.4054  -0.307   27
53360.206    0.390531594445    0.139500008345    0.1521    0.1064   0.119   69
53390.247   -0.179567146826   -0.033897595131    0.1421    0.1974   0.356  186
53395.204   -0.300328400316    0.089701200068    0.1194    0.1206  -0.043   73
53402.206   -0.045011961792    0.032302813224    0.1373    0.1038  -0.227   61
53410.227   -0.843258203734   -0.511999172659    0.1135    0.1517  -0.052  232
53444.206    0.145771130873    0.142502381095    0.1314    0.1487   0.148   74
53479.204   -0.185594720006   -0.231598778555    0.1330    0.3229   0.405   56
53488.251   -0.110894786926   -0.202597209409    0.1701    0.1351  -0.337  254
53503.201   -3.140716067240    4.161301217209    0.5743    0.6944  -0.040   36
53522.205    0.041653114178    0.306500425040    0.1784    0.1842  -0.128   79
53523.418   -6.143278406231   -0.744897596405    0.3852    0.3534   0.029   90
53528.206   -0.497647913042    0.038502014377    0.2767    0.1577  -0.417   70
53552.287    2.843206739192    1.847700002600    0.4109    0.4358   0.248   90
53557.207   -0.044321798833   -0.014299217810    0.3065    0.1381   0.008   54
53560.315   -1.587796185138   -2.051697589422    0.4572    0.3712  -0.134   45
53598.210   -0.021411334169    0.179402400136    0.1530    0.2393  -0.396   47
53605.208   -0.183555773254    0.142502381095    0.1741    0.1445  -0.131   86
53655.225   -0.029988091944   -1.669100390700    0.4184    0.8330  -0.561    7
53684.248   -3.650989094058   -0.197297998739    2.3965    0.8382   0.299    3
53711.225   -0.515310970954    0.356000413149    0.1344    0.1102   0.005   30
53753.204    0.289862428832    0.059702387034    0.3797    0.2617  -0.118  109
53759.201   -0.148889587405    0.178700395281    0.1783    0.1536   0.202   17
53782.836 -774.009446362839 -829.020398390412    0.6034    0.9411  -0.017   45
53852.249   -0.223139748608   -0.383900373890    0.2128    0.2202   0.305   43
53864.207    0.142921784711    0.160199994070    0.2916    0.2726  -0.202   19
53884.997    0.502716090160   -0.948599995354    0.6435    0.6340  -0.397  163
53915.247   -0.098209902664   -0.361098005897    0.2224    0.2291   0.372   55
53928.228    0.019761734238   -0.050997618928    0.2123    0.2117   0.013  226
53936.245    0.224518683563   -0.587998795254    0.4193    0.2607   0.206   49
53936.581    2.834629981417   -1.905800394297    2.0238    1.9868  -0.016   24
53941.205    0.271180245285   -0.479300388179    0.2814    0.2550  -0.474   12
53964.209    0.362342794564   -0.372999602405    0.1766    0.2646  -0.553   90
53964.581  -15.327142753043   13.101202785037    2.1723    2.5589  -0.192   16
53978.249    0.222029924023   -0.381200402444    0.1541    0.2027  -0.837  275
53990.207    0.042282852081    0.224402384674    0.1759    0.2270   0.676  108
53991.230   -0.223169245199   -0.392597979726    0.2592    0.2287   0.255   37
53992.581  -15.674162252583  -15.882199210182    1.4354    1.3730   0.052   29
53998.228    0.261014353546    4.878802820940    0.1334    0.1692   0.208   99
54004.207    0.129577665955   -0.018500401211    0.1798    0.1972  -0.090   30
54011.205    0.032147193326    0.485402387085    0.1937    0.3222   0.715  145
54013.251    1.028223185836   -0.403199982202    0.1173    0.1222  -0.136  117
54019.230    0.166102873440   -0.047300403594    0.2575    0.2484   0.286   30
54020.749    7.960631259978   -6.879398375759    1.5948    1.5585   0.308   19
54032.207   -0.013344814237    0.357001187012    0.1540    0.4096  -0.266  195
54048.249   -0.017632865840   -0.140799602377    0.0556    0.0559  -0.101  409
54048.578    3.503209249417    0.556700388188    1.0798    1.1475   0.152   35
54055.251    0.091133052688   -0.718898400009    0.1889    0.2303  -0.352   93
54074.207   -0.199479309589   -0.338698771429    0.1226    0.1473   0.452   88
54075.226   -3.123533014188   -4.312897175396    0.1918    0.2076   0.103  137
54082.228    0.018082678628    0.085500016667    0.2195    0.2205  -0.337   15
54087.561    5.719370334727   -0.503297985688    0.4115    0.3590  -0.469   34
54097.207    0.207905679750   -0.164797199886    0.2212    0.2004   0.154   28
54110.206   -0.133775754999   -0.480599982211    0.0800    0.0980   0.098  198
54112.274    0.911240400675    1.055901606151    0.4561    0.5243  -0.099   72
54138.225   -0.387112976346   -0.608997601148    0.1634    0.1827   0.224  133
54153.251   -1.135459659063    1.866200403811    0.1184    0.1153   0.059   31
54165.206    0.001979217177   -0.261000002411    0.0815    0.1366  -0.395  130
54186.208   -0.100309315382    0.247701609624    0.0963    0.0832   0.262  212
54188.249    0.028038371357    0.093999585715    0.2193    0.4127   0.349    3
54193.209   -0.093052499380    0.082101621501    0.1083    0.1076   0.536  279
54209.584   89.507723624256   29.653300794052    0.9369    0.8236   0.171   56
54216.249   -0.929502963507   -0.052200010714    0.2627    0.2425   0.267   55
54235.206   -0.114313405025    0.054500429769    0.1067    0.1007   0.138   80
54243.227   -1.709276443608    0.603399621468    1.0833    0.5478  -0.131  218
54244.582   -7.472908847593   -1.662098401312    0.8584    0.6939   0.142   51
54272.582  -16.643578767781  -15.548597980342    1.6777    1.5658   0.036   18
54273.583    2.911638748921   -1.779998382290    0.8230    0.8477   0.131   53
54277.206   -0.082106441214   -0.249397174912    0.1021    0.1389  -0.143  234
54278.229   -0.356345454367   -0.026600417868    0.1036    0.0790  -0.189  351
54279.251   -2.080016070831   -2.470899619311    0.1866    0.1968   0.010   62
54285.223   -0.573846976617    1.243000787099    1.1079    0.9626   0.201  274
54291.206   -0.097460705612   -0.063899989300    0.0992    0.1090  -0.001   93
54292.229   -0.017272974699   -0.182397610615    0.1391    0.1683  -0.013  307
54314.250   -0.252437595771   -0.391399169075    0.5371    0.4495  -0.241  244
54321.248   -6.222986050463   -0.274697998748    0.2888    0.4791  -0.245  171
54326.208    0.015803340794   -0.142297182038    0.1398    0.1386   0.038  143
54333.206   -0.347439079345    0.219700814341    0.2488    0.1710   0.751  208
54335.580  -19.613934183872  -12.247498784745    1.3287    1.0785   0.221   45
54346.994   -0.265002284492   -0.341197176112    0.4931    0.6424  -0.394  114
54348.207    0.000149692132    0.137401207212    0.0970    0.1823   0.373  502
54356.250    2.941477107822   -0.685699177438    0.1469    0.0923  -0.331   54
54356.582    4.146297939692    0.695502023973    1.0928    0.8358  -0.072   61
54368.208    0.126578668571   -0.059497187976    0.1434    0.0892  -0.146  269
54390.207   -0.273129229479   -0.077400000009    0.3369    0.0813   0.375  153
54391.580    2.347897893558   -5.978797207717    1.1906    1.0130  -0.139   65
54398.250    0.526826301056    4.012102829165    0.2437    0.2582   0.243   36
54412.637  -13.335560817261   -0.592700416746    2.0567    1.6678   0.264   22
54424.208    0.207725754635    0.383799590509    0.0926    0.1461   0.304  181
54426.999   -1.715064321187   -0.731199600068    0.6325    0.4729  -0.228  252
54433.288    0.324468148714   -0.018197999907    0.1453    0.1726   0.094   25
54438.208    0.157166265435   -0.149698774976    0.1640    0.2344   0.421  141
54445.206    0.012684843351   -0.004697989198    0.0584    0.0780   0.260  286
54447.248    0.509643288915   -0.066600011905    0.1350    0.0917  -0.450  165
54447.584  -16.895116737976   -6.832497575715    4.6434    2.9559   0.783    6
54468.206   -0.132786125955    0.102200385754    0.1384    0.1402  -0.172  130
54473.206    0.085165209083    0.089100029754    0.1866    0.0786   0.277  151
54485.559    6.300294243142    4.706999999371    1.3063    1.1850   0.202   33
54486.995    2.491868995976    4.549899580297    1.2012    0.9913  -0.056   13
54510.582  -13.279813691794    0.428702423960    2.5152    1.6000   0.264   13
54517.248   -0.115063338469    0.003600013088    0.1411    0.1724  -0.533   68
54538.582   40.624701576013  -19.982599178547    2.7811    1.8462  -0.141    6
54551.209   -0.094941713089   -0.012898789237    0.0942    0.0852   0.072  227
54559.230   -0.265002284492   -0.059399985730    0.1224    0.1517  -0.685  484
54573.581   51.917941043177  -75.675099594719    1.2991    1.4608  -0.017   21
54577.997   -0.729634266186   -1.621097982252    0.9064    0.8934   0.157   49
54579.209   -0.179687342367   -0.435599997672    0.2000    0.1896   0.033   44
54601.584    9.666758973159    7.160601609257    1.4305    1.2605  -0.148   31
54612.995    0.389241885656    0.604400395332    0.3226    0.3956  -0.008   84
54634.209   -0.159295133834    0.021200423816    0.0862    0.0898   0.100  571
54635.542   16.342291012314   10.987901993076    0.8517    0.9108   0.541   45
54636.583   -0.001979176267    1.307102394321    0.6809    0.6846   0.051   41
54662.209   -0.066693183633   -0.183499219020    0.1094    0.0924   0.213  375
54671.581    5.271591747927    7.418199584208    0.5957    0.6305  -0.037   94
54690.497    0.281675754271    0.379702822784    0.1252    0.1732   0.540  871
54691.502   -0.424568042390    0.321300029782    0.3821    0.3050  -0.828  699
54692.499    0.092152873804   -0.076100405977    0.1314    0.0881  -0.452  909
54693.500    0.085735217411   -0.000399603550    0.0929    0.0862  -0.253  815
54694.500   -0.169101175342    0.179002796585    0.1418    0.0993   0.051  855
54695.501    0.000000000000    0.150901217921    0.1814    0.1577  -0.341  927
54696.502    0.476446736971   -0.328197603494    0.3005    0.2259  -0.570  754
54697.499   -0.046271478509   -0.015299991674    0.1574    0.0799  -0.346  846
54698.500    0.168321745307    0.079700419064    0.1645    0.1374   0.398  829
54699.501   -0.043062282116   -0.032698784480    0.1316    0.1084  -0.634  786
54700.501   -0.052299010778    0.211899617852    0.1210    0.1223  -0.070  809
54701.499   -0.174739360789    0.295300782227    0.1199    0.0877  -0.166  874
54702.499    0.210214514175   -0.078897579670    0.1367    0.0896  -0.428  608
54703.500   -0.157286420065    0.148701582248    0.1572    0.0969  -0.321  848
54704.501   -0.009716038040   -0.028800002383    0.1181    0.0916  -0.282  981
54706.579    0.508953780527   -0.955598403607    2.6339    3.4795   0.319   16
54713.249    0.040873643233   -0.026099979777    0.2803    0.0917  -0.270 1140
54720.251   -0.007736861773   -0.587797177332    0.5187    0.3152   0.018   92
54747.228   -0.383784320805    0.111002407266    0.6511    0.8099  -0.113   60
54777.270   -0.028158566898   -0.180698413033    0.3082    0.2847  -0.138   20
54783.581   -1.724990558236   -0.683297975002    0.6945    0.5926   0.230  146
54784.268   -0.483224243595    0.208400388146    0.2486    0.2042  -0.012   25
54791.273    0.182505719154    0.335800814355    0.1405    0.1797   0.060   50
54796.270    0.040213672346    0.024102013185    0.2082    0.2248  -0.009   25
54805.270    0.060485726250   -0.119098791629    0.2101    0.2109  -0.097   50
54812.272    0.012145068006   -0.154699216637    0.2440    0.2094  -0.164   57
54819.270    0.062464902516    0.072399609508    0.2449    0.2529  -0.062   51
54824.266   -0.174799090364    0.073000830980    0.3145    0.3598   0.111   35
54831.294    0.854053833375    0.165002398944    0.6769    0.4524   0.055   15
54840.268   -0.247699772292    0.167500803627    0.1488    0.1568  -0.398   48
54847.266    0.242091819828   -0.516297609465    0.4531    0.3310   0.057  102
54847.584  -18.475836073137   -4.686699617196    0.9080    0.7076   0.167   71
54854.272    0.056916679627   -0.158799616656    0.2534    0.2901  -0.623   79
54861.270   -0.048070729660   -0.209998802347    0.1349    0.1428  -0.012   64
54868.272   -0.027528828995    0.117500428587    0.1162    0.1399  -0.183   62
54872.209   -3.118405107495    2.145502821804    0.9123    0.7357  -0.157   22
54875.270    0.234774537859   -0.020897971353    0.1508    0.1359  -0.088   94
54882.272   -0.108105906730   -0.001400377414    0.1306    0.1385  -0.060   72
54887.206    0.650736284973    0.542602788300    0.1917    0.2780   0.191  275
54889.270    1.260808348419   -0.053100001196    0.5727    0.3403   0.224   82
54895.581    4.450435041321    3.634199987346    0.9293    0.8228  -0.027   72
54896.268   -0.185445027874   -0.239598011831    0.2256    0.2952   0.214   54
54903.270    0.078538130983    0.019799995243    0.1265    0.1185  -0.019   91
54907.207    0.135994585956    0.007599629726    0.0591    0.0617   0.233  288
54910.268    0.249018977672   -0.317599182154    0.2164    0.2147  -0.531  106
54917.270    0.125198997224    0.186901195320    0.1667    0.1591  -0.279  128
54924.268   -0.097640630727    0.162302427498    0.1609    0.1706  -0.187  121
54930.269    0.386542968017    0.199101611997    0.3043    0.2925  -0.245   38
54938.272   -0.146041018546    0.116999990496    0.1633    0.1605   0.144   51
54945.270    0.532103940792   -0.152697617750    0.3652    0.2561  -0.387   47
54951.267   -0.118602111198    0.016700420247    0.2163    0.1948  -0.111  107
54958.269   -0.492670393962    0.310302004891    0.2306    0.1945  -0.016   51
54963.208    0.038834000999    0.005799597602    0.1041    0.1086   0.087  201
54966.268   -0.087054463702    0.096901226243    0.1911    0.1614   0.177   77
54970.209    0.046960945986   -0.096897593949    0.1186    0.1137   0.082  261
54972.580  -10.067996234688    3.209101208768    1.0672    0.8629   0.089   45
54973.270    0.065133587171   -0.404398792853    0.1959    0.1864  -0.334   91
54976.999   -1.093716623238   -2.768198419290    2.3708    2.0751   0.928  316
54980.268    0.107866252041   -0.525499183368    0.2384    0.1933  -0.300   99
54987.270    0.036435204017   -0.672699604820    0.2677    0.2498  -0.086   86
54991.208    0.141812737429   -0.048999601177    0.0965    0.0914   0.024  374
54993.271   -0.253067333674    0.267299986945    0.1313    0.1574  -0.310  145
54993.582   -6.217948106328   -4.882499985115    0.8296    0.6776  -0.019   37
55001.270   -0.073620382389   -0.252799202372    0.2004    0.2284  -0.002  130
55008.268   -0.239182744091   -0.062197210582    0.3437    0.3115  -0.274   48
55014.269   -0.303266972644   -0.057999608316    0.2037    0.1971   0.215   60
55019.208   -0.686361825972   -0.113997617746    0.2886    0.4025   0.549  366
55022.268   -0.229047085336    0.118000815519    0.4960    0.2490  -0.246   80
55028.584    3.356568766862    3.169000780190    0.9894    0.9596   0.231   24
55029.270    2.643667659118   -0.466199981020    1.9363    1.3838  -0.454  130
55036.268   -0.069572026387   -0.059097584426    0.1995    0.2128   0.075   61
55043.270   -0.237443917995   -0.260697601107    0.3536    0.2292   0.314   65
55050.269   -0.036615129132   -0.070199973834    0.1515    0.1213   0.081   93
55057.270   -0.316431902677    0.740800828680    0.2087    0.3246  -0.033   77
55063.582    4.670395826519   -6.680897985234    1.0858    0.9396  -0.203   27
55064.269   -0.472518576510    0.106300785774    0.2085    0.1857   0.014   67
55071.292   -1.548032325580    0.598701581112    0.6426    0.7684  -0.162   13
55078.269   -0.069691485536   -0.139298390422    0.2319    0.2226  -0.061   61
55082.001    0.475667306936   -0.679698013073    0.6521    0.8160  -0.109  143
55085.270   -0.761061063570   -0.493498771448    0.3183    0.2580  -0.040   40
55092.269   -0.328307083010   -0.566697588056    0.5521    0.5710   0.507   32
55096.206   -0.246469793077    0.139201188176    0.1288    0.1158  -0.042  135
55099.270    0.188953608530   -0.502797598756    0.2683    0.2364  -0.449   97
55106.269   -0.699436057055    0.151300821472    0.2480    0.2435  -0.142   66
55113.270    0.283475005423   -0.239000371494    0.3973    0.3174  -0.304  107
55120.269    0.065013391631    0.057099617834    0.1729    0.2130   0.345  131
55125.229    1.483528476311    0.322599623814    1.3903    0.8979  -0.330  211
55127.274    0.852104112789   -0.132699585720    0.4126    0.2139  -0.331  100
55134.269   -0.397309101068   -0.297399583360    0.2788    0.1765  -0.286   55
55141.271   -0.300418362874    0.099000027376    0.1425    0.2246  -0.019  164
55147.582    6.933127774602   -2.287400400292    1.3961    1.1303   0.098   12
55148.269   -0.237803768226    0.379101601311    0.2059    0.2248  -0.059   67
55152.206   -0.050889106447    0.076600792909    0.0774    0.0769   0.078  290
55153.229    0.957301680175   -0.365399972679    2.3525    0.9460   0.785  265
55154.248    0.137044640055    0.119300409551    0.1230    0.1189  -0.067  310
55155.271   -0.580324362584    0.461102388272    0.2588    0.3064  -0.217   61
55160.271    0.094011854530    0.190601991790    0.3680    0.4279  -0.240  100
55161.998   -2.467758785080   -3.214699188447    2.5560    1.4221   0.296  345
55169.271    0.220710718642   -0.018000014279    0.1936    0.1817   0.050   76
55176.269   -0.168501670422    0.033001185784    0.2203    0.1849  -0.214  108
55181.229   -0.358354863617    1.417899602529    0.4159    0.7044   0.310  252
55183.271    0.331125459797   -0.106498771402    0.1878    0.1767  -0.093  106
55188.271   -0.118152298410    0.014101181023    0.1916    0.1468  -0.319  148
55195.273    0.613581380495    0.158500796488    0.2170    0.2270  -0.057   74
55204.273   -0.120700787524    0.084301206016    0.1283    0.1480   0.017   62
55210.584   -1.517714616389    3.030800417037    1.1450    0.8575   0.316   55
55211.271   -0.541640053717    0.089701200068    0.3799    0.1453  -0.041  132
55214.996    4.567087513753    0.123300026189    2.0928    0.3375  -0.181  234
55218.269   -0.297059515260   -0.146998803530    0.1682    0.1578  -0.229   90
55222.206    0.227847339104   -0.328597207044    0.2580    0.3048  -0.063  429
55225.271   -0.257805198064    0.022802419153    0.2555    0.1901   0.065   40
55230.227    0.314692340189    0.217799998836    0.3965    0.3496  -0.283  142
55232.269   -4.411870232513    0.500799581005    0.4005    0.3566  -0.118   51
55236.206   -0.983840921036    0.575301623940    0.8034    0.9580  -0.222  640
55239.271   -0.143101709826    0.189399600004    0.3683    0.3436  -0.589   23
55246.269   -0.108136139713    0.016700420247    0.0775    0.0898   0.262  144
55253.271    0.139893249825    0.169102798964    0.6644    0.4153  -0.428   49
55258.227   -0.369330418375   -0.142398016578    0.2797    0.3441   0.051  168
55267.271    0.187933787413    0.239702427507    0.3277    0.1905  -0.439  196
55269.707   24.995611055707  -23.102499574179    1.2981    1.2726  -0.035   40
55274.269    0.190152618370   -0.069800370284    0.2799    0.2209   0.304   96
55279.894    1.416685600546    5.330901620937    2.8649    2.8928   0.741    3
55281.271   -0.410353794650   -0.111797982072    0.1504    0.1383  -0.357   97
55287.272    0.242841753272   -0.414698394025    0.4363    0.3273  -0.869   61
55295.271   -0.064293691170   -0.221497214170    0.1749    0.1652  -0.132  143
55300.227   -0.566829856215   -1.600498779908    0.7481    1.5263   0.061  331
55302.269    0.283354809882    0.024800385745    0.1981    0.1035   0.111  163
55309.271   -0.198939534243    0.168102025100    0.1138    0.1190   0.012  129
55316.269   -0.406424897797   -0.182098790447    0.1835    0.1428  -0.147  226
55320.207   -0.074819392228   -0.049197586804    0.1414    0.1259   0.123  181
55323.271   -0.012864768466   -0.036900019040    0.1317    0.1360   0.116  180
55330.269   -0.222659702836    0.164001625080    0.3632    0.3372  -0.629  165
55335.229    0.755423573604    0.216302419176    0.4704    0.3260  -0.283   30
55336.248   -0.132306080184   -0.824598015470    0.4284    0.4630   0.055  183
55337.271   -0.523017599744    0.133700410743    0.2188    0.2940  -0.427  374
55343.250    6.420695646402   -3.058397976474    2.3829    2.4879  -0.040   14
55344.269   -0.373468736934    0.239500809585    0.1885    0.1835  -0.260  108
55351.271    0.008666720332   -0.104399970269    0.2700    0.2462   0.398  101
55358.269    2.834660214400   -0.418798794044    0.4624    0.2322   0.172  152
55365.271    0.116412776832    0.215701197703    0.3861    0.3173  -0.251  188
55370.228   -0.133475634343   -3.460197581262    2.6405    1.9078   0.358    6
55372.269   -0.785201507449    0.451702828741    0.6029    0.7325   0.438   91
55383.000    0.487362562154   -0.570697204694    0.5520    0.6486   0.119  113
55384.209   -0.107116318597    0.219600030960    0.3065    0.1962  -0.230  440
55393.271   -0.316761519924    0.634302006119    0.2942    0.2136   0.147  190
55398.228   -0.823556199070   -0.403099198820    0.6260    0.5012  -0.042  508
55400.269   -0.343960731672   -0.136997971367    0.3262    0.2189   0.177  208
55404.207   -0.027918912209   -0.077597985637    0.2318    0.1317  -0.288  161
55413.250    0.221819806835   -0.083699984543    0.1268    0.2383  -0.288  430
55432.207   -0.009476383351    0.300402007269    0.2988    0.2741  -0.413  347
55434.581 -177.624641613423 -186.497297988808    2.4894    2.7688  -0.255   19
55445.999    0.541790482241   -1.734598794201    0.6495    0.7459  -0.512  230
55461.230   -0.268481327647   -1.071097182148    0.6619    0.8019  -0.171  336
55469.250  124.119714784518 -215.613900007838    6.1045    7.1100   0.183    7
55475.230    0.569589198909   -0.650300370353    0.6873    0.6866   0.471  246
55477.268   -0.318231153829   -0.074300373853    0.1538    0.1388  -0.213  141
55489.248   -2.432343402180   -2.243397608481    7.6689   12.1696  -0.655    5
55498.273   -0.406185243107   -0.881600379898    0.2407    0.3376   0.239   42
55503.208    0.011395134562    0.247701609624    0.1081    0.1507   0.362  180
55512.270   -0.391461453004   -0.285598770233    0.3675    0.3921   0.423   61
55517.230   -5.469991506824   -0.043200003574    4.5805    3.1227  -0.108  109
55518.249    0.037005212346    0.015102006046    0.2206    0.1521  -0.611  301
55525.791 -232.831138993537  -36.087199174517    5.8670    4.1248   0.426    3
55525.999    0.276218189420    0.322200020264    0.3536    0.2430   0.161   99
55540.270   -0.118692114666   -0.012999572618    0.1687    0.1775   0.242   93
55574.581   -5.031988687639    2.311599615723    0.7270    0.7327   0.029  161
55578.997    0.468949529887   -1.092600007269    0.5528    1.6133  -0.114  393
55580.206    0.098810143976    0.436302002527    0.1448    0.1745  -0.266  487
55594.228    0.350587809771   -0.146998803530    0.3175    0.2813   0.150  468
55596.270   -0.708043047813    0.210099585729    0.7463    0.2853  -0.490  384
55600.207    0.146580793891    0.140601616749    0.1154    0.1538   0.366  192
55614.207    0.121360758410   -0.055897174889    0.1092    0.1012   0.235  373
55615.230   -0.166372761113   -0.038397598701    0.1082    0.0593  -0.226  109
55616.249   -4.691476807049    2.173499984792    0.1517    0.1163  -0.436  379
55621.209   -0.126938518802   -0.094399189265    0.1273    0.1632  -0.276  162
55628.207    0.008996337580    0.319899601209    0.1184    0.1025   0.318  259
55642.207   -0.275348060436    0.843101997816    0.7905    0.6194  -0.586  133
55644.249   -1.314397108897   -0.702698417854    2.9009    5.2193  -0.957  285
55650.228   -0.123129817489    0.182102422741    0.0944    0.0802   0.007  171
55652.270   -0.459533612503    0.000802788236    0.4086    0.2515   0.371  435
55659.272    1.950108746718   -1.936097976341    0.7000    0.5640  -0.498  161
55664.228    4.142669899887   -6.132600015007    1.3014    1.9582  -0.057    4
55665.247   -0.349358526038    0.061200017853    0.1778    0.2042   0.317  159
55671.270    0.092542220626   -0.457398010667    0.3130    0.4028   0.789  163
55680.270   -0.319700092252   -0.134798386853    0.3181    0.2671  -0.308   85
55694.270   -0.815609179198    0.005799597602    0.5744    0.3874   0.362  192
55698.207    0.270400078858   -0.092897977311    0.2510    0.2525   0.513  277
55706.228   -3.720680579594   -2.298099605014    1.2840    0.9724   0.739  295
55734.228    0.048850200606   -0.326898009462    0.1015    0.2401  -0.675  202
55735.580   16.233645289328    6.601201198464    4.5208    4.2153  -0.559    9
55740.207   -0.148769432775   -0.487098003532    0.4260    0.3996  -0.058  404
55746.997    2.589539859687    2.340702019410    0.7942    1.0226   0.009  290
55748.206   -2.183684233827    2.189901584870    0.1882    0.1840   0.097  120
55761.206   -0.228597272548   -0.240998389245    0.2584    0.3077   0.015  249
55775.209   -0.050289601528   -0.118998008247    0.2492    0.2178  -0.259  240
55776.228   -0.116322814275   -0.102297588001    0.1327    0.1096  -0.076  265
55782.208   -0.058056696284    0.471099588140    0.2265    0.2228   0.017  135
55803.206    0.023240818304    0.008701186971    0.0904    0.1065  -0.105  187
55806.270   -0.220920140349    0.146102394183    0.2777    0.1778  -0.121  247
55809.999    0.234745041268    0.288900014311    0.5910    0.4414  -0.053  446
55812.582   11.544957362475    3.496701629047    0.8524    0.7115   0.129  152
55819.500   -0.086154797216    0.012200416677    0.0564    0.0558   0.157  496
55820.497   -0.068852325926    0.025199989295    0.0560    0.0831   0.493  473
55821.498   -0.047290563233    0.068900430961    0.0548    0.0541   0.172  516
55822.498   -0.155816786160   -0.101199611890    0.1124    0.0724   0.369  340
55823.499    0.002249104850   -0.010699204722    0.0504    0.0472  -0.052  426
55824.500    0.091822520165    0.070300808375    0.1004    0.0820   0.451  535
55825.497    0.157765770355    0.334501220323    0.0929    0.1392   0.798  349
55826.498   -0.004288010691    0.008200800039    0.0845    0.0755   0.318  287
55827.499   -0.000809663018   -0.123598795199    0.0701    0.0883   0.179  479
55828.499   -0.121480953951    0.072399609508    0.0782    0.1466   0.623  467
55829.500    0.044292261331    0.092699991683    0.0519    0.0687  -0.308  480
55830.501    0.014304210298    0.043902008429    0.0515    0.0493   0.254  569
55831.498   -0.002308834425   -0.078199207110    0.1910    0.0698   0.766  393
55832.499   -0.020631863223    0.110001582243    0.0414    0.0503   0.024  266
55833.500    0.210244706247   -0.013798779719    0.1837    0.0774   0.653  305
55840.713   59.693397162954   -5.544097200527    6.6126    4.7737   0.272    5
55841.272    0.425497164557    0.098200820275    0.3135    0.1413   0.051  136
55846.229   -4.811368667946   -4.054197592041    3.2344    3.8865   0.239 1156
55847.251    0.088464368033    0.109202426302    0.0551    0.0691   0.007  458
55852.208    0.499387434619   -0.370699183350    0.1861    0.1818  -0.193  354
55862.270   -0.400037515298   -0.042300013092    0.2831    0.3095  -0.090   29
55873.206   -0.506734213179    0.137800810762    0.2685    0.2253  -0.554   85
55874.229    2.752373807160   -1.255597175032    5.5092    3.4995   0.779    3
55875.251   -1.590734757466   -1.505797189338    3.0473    1.5060   0.240    3
55876.270   -0.007076890887    0.125902795389    0.4588    0.3917  -0.372  131
55880.208    0.054697807760    0.048999601177    0.0675    0.0726  -0.044  311
55881.231    1.691344193504    0.847702784768    1.3955    0.9726   0.703  492
55882.250    0.530994852599   -0.066898780915    1.0920    0.9562   0.083  404
55882.582 -209.011560464899  114.182002783991    4.6170    6.7463   0.166    5
55888.269   -0.087444546916    0.446302783530    0.3215    0.4085  -0.356  127
55897.269    0.052988519166   -0.072997198686    0.1813    0.1916   0.272  164
55903.580   -2.104036319169   -0.934797583341    2.3640    2.8448  -0.123   14
55909.227   -0.070681073669   -0.069497968980    0.2706    0.3780  -0.001 1111
55916.229    0.156896377762   -1.398797979846    0.1250    0.5857  -0.677  597
55936.208    0.076828842389    0.037702807276    0.0757    0.0767  -0.104  378
55938.582   -1.547162196595   -4.915299604136    0.8585    0.8332   0.395  158
55942.998   -0.353586807155    0.596501996597    0.9725    0.3262  -0.018  242
55951.227   -0.074999317344    0.116701221486    0.0766    0.1543   0.325   81
55953.269   -0.331155692780    0.032400015471    0.3525    0.2536   0.565  136
55967.272    1.081601051823    0.115401627454    0.7284    0.7366  -0.311  115
55972.229   -0.713650304796    0.311500815542    0.6804    0.4690  -0.259  967
55973.248   -0.059465864222   -0.691099171490    2.1012    1.0522   0.425    5
55974.271   -0.213723053921   -0.334699205951    0.1556    0.1665   0.333  273
55985.206    0.293221317357   -0.258800417896    0.2014    0.3069  -0.570  402
55986.229   13.470506085509    4.589902806629    2.3092    1.4863   0.162    5
55987.248    2.552714572456   -0.307897170160    1.3781    1.3178   0.307    5
56014.229   -0.298108832968   -0.578300415555    0.2891    0.3480   0.335  454
56015.248   -0.999584532256    0.039502788240    0.6866    0.4626  -0.074  317
56016.271   -1.902608025387    0.434102418012    0.6644    0.5043  -0.210  121
56020.208    0.231206227628   -0.094298405884    0.1043    0.0839  -0.160  292
56021.249    0.267851589744    0.018900004761    0.1327    0.1697   0.619   92
56022.268   -1.205930615544    0.465102004910    0.8320    0.6353   0.057  180
56029.584    3.295483535692   15.452600428034    0.9693    1.2018  -0.204  289
56056.229   -0.511922585838   -0.508597196358    1.1069    0.2987  -0.228  545
56057.248   -0.149489133236   -0.040197579665    0.5311    0.9234   0.599  523
56064.582   -1.544583474498  -18.733197572374    4.0450    5.5230   0.266    4
56065.269    0.322819285176    0.056502028656    0.1987    0.2200  -0.469   57
56078.250   -0.119741432374   -0.013298392787    0.1974    0.2087   0.188   53
56079.269   -0.194860945258    0.292100423849    0.1461    0.1702   0.020   81
56084.207   -0.139383707463   -0.168300010728    0.0941    0.0993  -0.047  233
56091.205   -0.101178707975    0.056901581047    0.2267    0.1663   0.053   36
56092.582    2.520687574671  -12.824100002717    1.6206    0.8766  -0.190  252
56093.269    0.109185457421   -0.105300011910    0.2000    0.2104  -0.103   65
56098.251    0.149219245563    0.211899617852    0.2867    0.2982  -0.041   27
56100.271    0.565390414383    0.146901601283    0.3222    0.3512   0.015  124
56107.273   -0.401687074317   -0.337500011938    0.2911    0.1666  -0.009  239
56112.229    0.326267440777    0.380102426334    0.3185    0.3106  -0.195  500
56114.271    0.072420636157    0.101199611890    0.2133    0.3046   0.082  223
56118.208   -0.490511292580    0.465299990537    0.2449    0.2263  -0.866  497
56119.231   -0.097400239646    0.166201209595    0.0972    0.1155   0.335  195
56120.582   -1.475131643652   12.491200828890    4.4416    5.0654  -0.648    6
56121.269    0.496538824849    0.704001593022    0.2859    0.4568   0.159   86
56128.271   -0.439741645281   -0.043999210675    0.1930    0.1698  -0.213  130
56133.227    0.035535578441    0.575402407321    0.8316    0.7240   0.243 1356
56162.250   -0.168082049707    0.639201613239    0.2289    0.2487  -0.298  326
56168.229   -0.081897019508    0.076302023899    0.1366    0.1623   0.245  112
56170.271   -0.136624323859   -0.114598788059    0.1387    0.1947   0.188  169
56174.000   -1.755517689133   -0.150598816617    0.7538    0.6321  -0.354  515
56181.207   -0.203857323748   -0.592498798824    0.2478    0.2836   0.163  398
56182.229   -0.212493811098   -1.314000019192    0.6183    0.5493   0.304  485
56183.584    2.973114063304   10.056099620215    6.5996    3.5588  -0.270    5
56196.229    0.067922467367    0.038502014377    0.1091    0.1304  -0.171  106
56203.224   -0.103247887710   -0.078800377423    0.1747    0.2025  -0.058  124
56217.228   -1.035960047610   -0.149097604663    0.4273    0.4018  -0.061  214
56219.269   -0.023570435551    0.001799980964    0.2014    0.1312  -0.027  132
56226.271    0.058596471630   -0.059698805899    0.4142    0.4047   0.197   19
56237.207    0.283025192635    0.045399588089    0.4416    0.6121   0.089  145
56239.249   -4.120238744601   -2.043399587137    4.1015    2.0251   0.396    3
56245.228   -4.028535683585    0.186800411939    0.8631    0.5289  -0.421  926
56246.583   -1.819931575844    1.846400408567    2.3619    3.2138   0.062    9
56254.001    0.184515169315   -0.699199188148    0.4922    0.6072  -0.088  735
56259.228   -0.006717040657   -0.021898796376    0.0858    0.1150  -0.064   29
56267.249   -4.778201612593    1.960599593076    0.2609    0.2184  -0.416  369
56273.231    0.407954302186   -0.102999592855    0.1134    0.1150  -0.115  107
56274.583   -3.087218005712   -4.469799608842    0.7936    0.7272  -0.255  214
56303.270   -0.104987409287   -0.102398371382    0.2091    0.1879   0.243  177
56314.001    1.417045450776    0.282502827531    0.6439    0.5771  -0.013  326
56315.210   -0.211923802769    0.250102812061    0.0935    0.1184  -0.232  101
56317.270   -0.220380365003   -0.184197591580    0.3370    0.3815  -0.424  154
56343.228    0.544639092011   -0.339397195148    0.5021    0.3997   0.276  139
56345.270   -0.149699291334    0.103701597709    0.3326    0.2418  -0.285   93
56365.581    0.786640908371   -0.745797586887    1.2610    1.1155   0.045   83
56401.270   -0.029657738305   -0.193899603573    0.1763    0.2902   0.348  296
56406.230   -0.314272760384   -0.018097216525    0.5399    0.4350  -0.298  125
56412.209    0.339192675210    0.317401196526    0.1424    0.1627  -0.224   37
56422.275   -0.184275473714   -0.285397203470    0.3024    0.3412  -0.056   66
56426.209   -0.087714434589    0.070001988206    0.1627    0.2186  -0.510  367
56429.270    0.554864713324   -0.439297213006    0.2818    0.2512   0.223  150
56434.208    0.378926301785   -0.075398401123    0.2605    0.2802  -0.070   22
56447.207   -0.275678414075    0.098301603657    0.1357    0.1296   0.269  191
56456.583   12.706595716688    6.815602802135    5.2090    3.6378   0.892   52
56463.249   -0.447118656825   -0.957898771503    0.6306    1.3104   0.134  406
56469.228   -0.152997713892    0.636699627421    0.6192    0.5219   0.354   88
56477.998   -2.161283352435    2.094901225291    0.5524    0.4407   0.088  554
56491.582   40.480970087373    8.328401980862    4.7729    5.3615   0.564  158
56492.272    0.127807911394   -0.166698015391    0.1840    0.2512  -0.300  125
56496.209   -0.269260798592    0.196200022629    0.1411    0.1466  -0.451   85
56497.228    0.206436045846    0.015501609596    0.3897    0.3891  -0.477   21
56498.251   -1.925969039231   -0.020998805894    0.4042    0.1853  -0.089  263
56503.211   -0.147480419467    0.100602022712    0.2280    0.2402   0.117   83
56510.209    0.231805732548    0.112402784680    0.1502    0.1464   0.123   37
56517.207   -0.873665875482   -0.306997179678    0.3601    0.2571   0.703   43
56525.228   -0.885870673062    0.152600415504    0.4616    0.5089   0.229  188
56526.251    0.823346040971    0.470102395411    0.3687    0.2520   0.664   92
56534.272    0.087834630129    0.000000000000    0.1359    0.1947   0.073  391
56537.998    0.443969926399   -0.857998804804    0.4971    0.3986  -0.198  128
56540.583    7.465921919264   17.530300794988    0.6398    0.7801   0.034  134
56547.249   -0.055987516549    0.888901189455    0.1518    0.3192   0.206  384
56561.249    0.252947179044    0.375800408392    0.1897    0.1898   0.396   44
56562.272   -0.251147886982    0.243399591682    0.1222    0.1345   0.095  214
56567.228    0.656673895594    2.329901980147    0.4593    0.1862  -0.056  155
56568.251   -0.178007550364   -0.385700406014    0.1482    0.1481   0.219   94
56573.208   -0.015023910759   -0.217097993982    0.3573    0.4700  -0.747  297
56575.582    5.522140129989   -2.957997571684    0.6550    0.6490  -0.064   40
56587.208    0.812910261560    0.430801225093    0.2464    0.2114  -0.004  119
56604.272    0.104597326074   -0.192297608237    0.1420    0.1338  -0.300  170
56610.584    0.750385629469    2.117300408599    1.1840    0.7054  -0.383   27
56616.227    0.310764179728    0.022201197680    0.2749    0.3017  -0.115   72
56617.249    1.300242590730    1.739901586006    0.5675    0.8418  -0.300  413
56630.581    5.351239662584  -11.883798009649    0.6004    0.4004  -0.256   80
56632.269    0.316761519924    0.188701227444    0.1780    0.1823   0.114  345
56644.227    1.383698511219    0.023302806085    0.8659    1.0158   0.276  324
56645.250    0.128647807396   -0.049399204727    0.0907    0.1111  -0.458  394
56650.206    0.177377812461    0.106801223865    0.2171    0.2146  -0.402  269
56661.920    0.639130992312    0.320399988141    0.6225    0.3399   0.600   27
56673.582   -6.615676787201  -10.404597605884    1.2397    1.3989   0.042  166
56687.250    0.002909075737    0.070401591756    0.0533    0.0554   0.114  366
56702.265    0.178727250825   -0.048898817795    0.1158    0.1327  -0.018   74
56707.229   -0.118991498930   -0.331797616582    0.1994    0.2467   0.100  103
56714.227   -4.507231525407   -0.832798815509    3.1046    1.4576   0.405    3
56715.250    3.830316586195   -1.458698403667    3.7599    1.5709   0.440    3
56728.209   -0.239632556879   -0.091097996346    0.1592    0.1111  -0.361   74
56735.583   -5.620410498619   -2.014700419295    0.8131    0.5463   0.115  274
56743.250    0.232136086187   -0.516398392847    0.0538    0.0554  -0.178  804
56748.206    0.060425260283   -0.039697192733    0.1307    0.1182  -0.058  343
56751.271    0.443910196824   -0.104900408360    0.2401    0.1087  -0.032  235
56799.582   -1.801369546927   -7.227097205487    0.7526    0.9566   0.145  466
56814.269   -0.183795427943    0.082702791815    0.1593    0.1753   0.054   38
56817.881    0.126458473030   -0.458600402453    0.2130    0.2331   0.578   48
56820.248   -0.309954516710   -2.628899977708    0.2568    0.2962   0.327   49
56835.271   -0.403995908742   -0.003398395165    0.1800    0.1700  -0.085  146
56839.208    0.959820672698    0.575402407321    0.9468    1.0309   0.450  356
56846.206    0.010495508986    0.087602398935    0.0722    0.0790  -0.176  507
56848.248   -1.332029933826   -0.651099577453    1.0696    1.2387  -0.176  269
56849.267    0.127208406474    0.041400022610    0.1153    0.1032   0.211  402
56855.582    5.140574640140   -4.055097582523    1.9235    1.6487   0.370  298
56860.206   -0.060665651365    0.122302782302    0.0678    0.0729   0.086  314
56867.208    0.204697219750    0.117701995350    0.1274    0.1299   0.698  430
56875.043   -0.415691163960   -0.305798369027    0.2702    0.2071   0.474   90
56878.498   -0.313912910154   -0.811800009615    0.2001    0.1829   0.123   72
56881.208    2.852323272312    2.747300396777    2.5570    1.6031   0.505  287
56884.269    0.099139802134    0.049899591659    0.1226    0.1230   0.054  160
56888.207    0.027678521127    0.140101229817    0.0665    0.0547  -0.313  514
56890.248    2.650294737217    0.562201216781    1.1582    1.0309  -0.026  193
56896.227    0.550006653394    0.836200791809    0.3094    0.3321   0.007   14
56901.998   -2.217060710886   -1.115398794127    3.5700    1.0402   0.267  105
56903.207   -0.026029698499    0.068302790623    0.0483    0.0573   0.029  478
56904.248    0.296399544374   -0.207997203461    0.1474    0.1065  -0.403  382
56910.227   -8.234930002705   10.414101581091    0.4131    0.4177  -0.284  557
56916.207    0.037394600078    0.221101191755    0.0766    0.0714   0.099  216
56919.271    0.958710889024   -0.482597999962    0.5125    0.4420  -0.205   13
56932.270   -0.218341418251    0.326001600115    0.1655    0.1813  -0.243  231
56940.273    0.223409636280   -0.044600380988    0.2612    0.1632   0.348  166
56952.271    0.101298903516    0.071200798857    0.1521    0.1651  -0.077   51
56968.269   -0.135605239134   -0.058697980876    0.1735    0.2241  -0.324   33
56972.207    1.334848310613   -1.601197203627    0.4662    0.5222   0.425  377
56973.229   -0.490301134482   -0.625399201226    0.5113    0.4766  -0.017   16
56981.247    3.061787853043    0.152301595335    2.3789    1.2216   0.570    3
56982.269    0.312173388577   -0.135500391707    0.3774    0.1535   0.022  268
56986.207    0.747566516290    0.425102410873    0.1927    0.1366   0.452  390
56988.997   -0.840289398423   -0.697399207183    0.6269    0.8294  -0.205  198
56995.250   -0.462802497559    0.093700816706    0.1458    0.1143  -0.100  590
57003.271    0.018472761841    0.036500415490    0.1384    0.1327  -0.190  208
57009.250    1.824159856961   -2.090199603799    0.6714    1.1403   0.519    5
57031.271   -0.015563686105    0.022500017849    0.1409    0.1652  -0.199   54
57038.269   -0.230066906452    0.081802801333    0.1101    0.1142   0.030  114
57041.999   -0.033046818901   -0.367099170262    0.1607    0.2032  -0.030  612
57044.581   15.134231487460   -1.320598772736    1.3097    1.6757  -0.006  162
57045.271    0.197259742240    0.046202427484    0.0781    0.0735  -0.018  170
57071.226   -0.244281154193   -0.452599186929    0.9193    1.4573   0.132  402
57072.581   61.091849656348   37.057301994992    9.0890    9.9295  -0.248  198
57093.579   10.125542652218   13.320000027761    1.9371    1.9428   0.657   51
57098.832    0.249798448618   -0.248598018970    0.4042    0.3024   0.672   42
57101.271    0.238253581014    0.244000813154    0.1944    0.1119  -0.004   94
57102.499   -1.480559711911    0.086900394081    0.4237    0.4624   0.247   65
57112.207    1.060909418115    0.116902788250    0.1805    0.0928  -0.177  368
57113.226   -0.340002338228   -0.017899179738    0.3232    0.3912   0.397  165
57121.251   -0.478905999920   -0.780897573804    0.2291    0.1982  -0.147   53
57143.290 -395.340471694129 -985.379400015063   22.3864   15.5430  -0.032    9
57148.228   -0.461422826212    0.417599983393    1.0002    0.9541   0.014  236
57149.251   -1.190546854555    0.694501198950    0.3089    0.4185   0.232   40
57169.208   -0.595918281672    0.522802793057    0.0977    0.0887  -0.185  280
57175.209    0.363572773779   -0.198698376153    0.1319    0.1288  -0.386  371
57204.363    0.068881822517    0.375501588223    0.4887    0.5635   0.108  332
57213.272    0.046151282968    3.997900813602    0.1155    0.1133   0.084  113
57220.270   -4.331442846910    6.019102784194    0.1448    0.1416  -0.123  161
57227.272    0.091552632492    0.127702827513    0.1364    0.1564   0.359  637
57231.205    0.351877518561   -0.374000376269    0.0870    0.0988  -0.036  148
57237.999   -0.488082262615   -0.149400005967    0.5663    0.4228   0.628  399
57261.251   -4.983468840672   -3.329600377810    0.6190    0.6440  -0.055   18
57269.272   -0.212763698770   -1.311699600137    0.1750    0.1390  -0.116  265
57272.997   -0.400577290643   -0.237099607148    0.3917    0.7210   0.730  205
57275.229    0.172789681114    0.209800816720    0.1392    0.1078  -0.126  410
57276.270    0.078838251639    0.229802429885    0.1007    0.1182   0.147  159
57283.268   -0.070171531307    0.578102429927    0.1198    0.1652   0.318  242
57291.501  622.558007887743  558.730400416607    4.3371    3.4645  -0.119   37
57297.272   -0.405735430319   -1.069099215556    0.0732    0.0782  -0.019  208
57301.209    0.814079774808   -0.984697174999    0.1101    0.0889  -0.321  159
57302.228    0.263472880103   -0.324997193957    0.2090    0.1883  -0.174  183
57303.247    0.440431112759   -3.317299177752    0.3321    0.2967  -0.284   19
57304.241    0.703784533713   -1.810299596627    0.0837    0.0873  -0.074  303
57309.208    0.166102873440    0.106200002392    0.0852    0.0745  -0.051  335
57311.272    0.009896004066    0.182800795301    0.0844    0.1048  -0.043  157
57337.227   -0.044562149004    0.064601994154    0.7156    0.7650  -0.286  218
57338.582  112.569929595095  -37.763697577020    3.5367    3.0289   0.062   90
57346.270    0.398898194121    0.971200796585    0.1483    0.0849  -0.460  347
57350.208   -0.889079133062    1.641502780103    0.1107    0.1501   0.104  196
57351.270   -0.884281539098    1.303599583480    0.0558    0.0721   0.565  336
57352.290   -2.175647292308    1.011099607240    0.2348    0.2550   0.110   60
57359.251    1.890253535675   -2.460600018139    0.0751    0.0935  -0.242  260
57378.208    0.269620648823   -0.239000371494    0.1159    0.1010  -0.381  443
57379.271   -0.527666197058   -7.338297598380    0.0968    0.1084   0.515  574
57386.269    1.828298175520    1.489701622859    0.1612    0.1413  -0.104  466
57398.771   -1.343844648192    0.764999992953    0.7198    0.7617   0.115    3
57406.208    0.228027264219   -0.219099592869    0.1208    0.2729  -0.360  258
57409.269   -0.320869605501    0.097502396557    0.0789    0.0710  -0.089  180
57412.998    0.326747445637   -0.146397582057    0.4587    0.8138  -0.231  457
57420.208    0.524967320330    0.535899619081    0.1292    0.1581  -0.111  358
57421.227   17.594613260997  -25.947097219614    0.1648    0.1491  -0.044  154
57462.208   -0.487841871533   -0.516797996397    0.1456    0.1519  -0.411  314
57464.250   43.499965545972  -58.609098016404    0.9586    1.5142  -0.409   25
57477.209   -0.180706468002   -2.122999171661    0.1848    0.1867   0.107  349
57479.269    0.114913646337   -0.156999584533    0.0898    0.0870   0.014  163
57483.206   -0.351067855543   -0.667997983328    0.1248    0.1507   0.167  251
57485.251    0.286683465423   -0.969699584630    0.9576    1.1184  -0.635 1366
57493.269    0.783312293740    0.033400789334    0.2562    0.1100  -0.219  187
57498.229   -0.158215583143   -0.074699977404    0.1583    0.1675   0.761  319
57499.251   -1.675930199531   -3.150997184775    0.5674    0.6520  -0.287   18
57520.250   19.392053951981    3.220502418344    1.5768    1.2268   0.416  281
57553.206   -2.443139031821   -3.178799994430    0.4061    0.4422   0.766  315
57556.271   -1.266716421539    0.561801613230    0.1693    0.1215  -0.010   51
57568.229    0.909021528808    0.633600001265    0.1823    0.2797   0.043   57
57584.271   -0.443700038726    0.432100819125    0.1443    0.1568   0.243  283
57589.227    4.210531901288   -3.840497993224    0.2996    0.3630   0.040   21
57625.248   -1.085379520152    4.361799625485    0.3661    0.3093  -0.197   22
57630.208    0.457824282998    0.313200013125    0.1315    0.1299   0.157  225
57638.207    0.192671610893   -0.084499191644    0.1362    0.0924   0.338  356
57639.230    0.947015633806    0.473101187026    0.2501    0.1971  -0.572   99
57646.250    0.036165316344    0.369201603689    0.1179    0.0779  -0.146  416
57652.229   14.361834323422  -19.576598390358    0.3089    0.2660   0.050  101
57654.271    0.258075085737    0.111801614366    0.1455    0.1227  -0.231  141
57658.208   -2.651194362793    0.491400021474    0.2484    0.2879   0.031  300
57680.229   -0.118512148640    0.397000781049    0.3477    0.3246  -0.129  378
57682.271   -0.091192782262    0.515901587050    0.1917    0.1925  -0.021   45
57708.229    0.248239547637   -0.001699197583    0.2869    0.5744  -0.549  768
57714.208    0.048550079950    0.372099611923    0.0937    0.1067  -0.017  242
57722.229   -0.061984856745    0.512402408503    0.2772    0.3277   0.170   43
57736.229   -0.086485150855    0.213699598817    0.3603    0.3556   0.393   15
57737.270   -0.090803394530    0.580701617992    0.1147    0.1401   0.017   65
57743.209    0.387832676807   -0.528998413074    0.0896    0.0692  -0.313  204
57770.187 -107.778173010166  -79.968200407166    0.7868    0.4949  -0.022   49
57770.475   -0.038144533522   -0.360097180874    0.2441    0.1675   0.106  261
57775.461    0.169071678751   -0.353897979721    0.1694    0.1330  -0.213   92
57794.271    0.173179764327   -0.424997995196    0.0825    0.0909  -0.054  212
57801.269   -0.849945011407    0.057801622688    0.1006    0.0850   0.171  238
57804.381   -0.161004463338   -0.324799208329    0.1706    0.1363  -0.088  131
57805.189    0.079317601929    1.700701199070    0.8991    1.3739  -0.457   13
57809.367    0.181186513773   -0.120898772593    0.1297    0.1475   0.300  135
57826.209    0.243081407961   -0.189197982081    0.1289    0.1248   0.123  273
57829.269   -0.036825287231    0.008200800039    0.1565    0.1429   0.125   54
57834.230    3.418373698492   -3.913599607586    0.7312    0.7659  -0.045   26
57836.271   -0.247939426981   -0.748198789324    0.1102    0.1239   0.100   92
57836.293    0.074969820752    0.206200803632    0.1709    0.2304  -0.443  171
57841.228   -1.557718171547    0.391802404920    0.8474    0.5095  -0.261  117
57854.209   -1.242696173200   -2.310998394250    0.3554    0.2665  -0.135  357
57855.228  484.107406267808-2127.964899585777    3.8903   10.0840  -0.857    3
57863.227    5.796918877577   -4.974699589866    0.3958    0.3116  -0.242   28
57875.167    0.497827838157    0.106801223865    0.2602    0.1883   0.539   66
57878.271   -0.908301828347   -0.629297983323    0.0610    0.0681   0.101  543
57885.270   -0.563651629198   -1.235498410779    0.0812    0.0940   0.167  432
57897.228    0.170480846689    1.206900026318    0.3605    0.5130  -0.286  145
57899.270   -0.031187101783    0.980701190656    0.1097    0.1497   0.372  416
57906.271    0.273399117152   -1.239699594180    0.1084    0.1190   0.064   75
57913.270    0.994186737891   -0.561797980936    0.1229    0.1286   0.033  126
57914.628   -0.470809287916   -0.340199983384    0.1974    0.1496  -0.469  162
57920.301   -0.380905478052   -0.592297180901    0.4448    0.1798  -0.347   36
57932.230    1.088858563307    1.026201613286    0.8225    0.6842   0.178   16
57933.249    0.214383024807    0.176702428689    0.1722    0.1996  -0.623  602
57939.228    0.423517988291   -0.626299191708    0.3306    0.3984  -0.383  488
57943.713   -0.545328559489    0.274899616670    0.1067    0.1059  -0.124  298
57947.249    0.120191245161   -1.064199608436    0.3220    0.3798   0.008   11
57950.916   -0.022310959745   -0.209098811865    0.1237    0.1807   0.173  251
57969.270    0.305696002610    0.504601212015    0.1240    0.1003  -0.041  162
57970.691    0.619458484240   -0.421199996481    0.1342    0.1489   0.106  180
57978.131   -0.213603594772    0.413499583374    0.1597    0.1477  -0.217  227
57990.272    0.146940644121   -1.440000016828    0.1221    0.1244   0.070  311
57997.270   -3.174032773814    0.851900387033    0.0864    0.0835   0.006  395
58004.268   -0.889289291161    0.156002391805    0.0645    0.0582  -0.223  507
58015.324   -0.805413054476   -0.975200413222    0.3607    0.2610  -0.150  105
58032.268   -0.304286793761    0.574102813289    0.0698    0.0732  -0.231  360
58033.499   -2.133484594857   -2.688397216843    0.1325    0.1163   0.274  119
58036.001   -0.423158097150   -2.292497993039    0.4902    0.3582   0.330   84
58039.270    0.283804663580   -0.050900416682    0.1283    0.1062  -0.458  341
58044.230    1.197894369507    0.651600015544    0.6587    0.9472  -0.035   31
58048.076   -0.691999315937   -0.114598788059    0.2696    0.2734   0.205  260
58071.207   -0.180526542887   -0.365799576230    0.0792    0.0821  -0.059  239
58072.226   -0.140792875401   -0.006497970162    0.4018    0.3958  -0.359   87
58073.249    0.461722946868  -14.193597593248    0.2437    0.1826  -0.153   54
58085.500   -0.630194384307   -1.088600390631    0.0706    0.1008  -0.334  379
58085.500   -0.593159634460   -0.626299191708    0.1651    0.0982   0.778  492
58086.497    0.088943677412   -0.069497968980    0.0626    0.0593  -0.436  441
58086.500    0.036405011945   -0.964299590578    0.0625    0.0735   0.008  152
58087.498   -0.486312508054    1.154001591885    0.6928    0.4390   0.370   10
58088.498   -1.229441321521    0.037299622591    0.0605    0.0591   0.162  206
58089.499    2.110963517925   -0.596098811911    0.1066    0.0557  -0.455  435
58089.499    0.727144811165   -0.453499177411    0.0978    0.0877   0.047   58
58090.500    0.981262239850   -0.867898802426    0.0810    0.0688  -0.063  110
58091.497    3.385056951007  -11.254100371616    0.1529    0.1805  -0.211   27
58092.498   -0.237174030323    0.304700392917    0.0847    0.0699   0.067   96
58093.499   -0.360933585715    0.047800790526    0.0449    0.0478  -0.036  382
58093.499   -3.641782598380    1.641700816890    0.1632    0.1337  -0.308   16
58094.496   -0.260054262004   -1.757797184609    0.0941    0.0922   0.751  332
58094.496    0.277807323384    0.098002783488    0.0598    0.0580   0.051  163
58095.497   -0.681173453312   -0.007297177262    0.1306    0.1117   0.685  369
58095.500   -7.135665852059    7.676402412926    0.4342    0.4385  -0.666    4
58096.497   -0.621318201358    0.459601227476    0.0707    0.0621  -0.118  168
58097.498    0.097700360302   -0.279900007172    0.0506    0.0388   0.292  438
58097.498    2.329815214930   -0.812300396547    0.0804    0.0659   0.088  101
58098.499   -0.638411291852   -0.377398771434    0.0523    0.0447   0.433  421
58098.499   -2.627594430651   -0.838299592942    0.0727    0.0604  -0.139  189
58099.500   -6.378112673664    7.341202820044    0.1548    0.1441  -0.508   31
58102.268   -0.626295720437   -1.474797602441    0.1294    0.1391   0.008  108
58129.249   -0.126818323261    0.223700430979    0.3250    0.2554   0.041   47
58141.208   -0.399137848811    0.091299614269    0.0642    0.0814  -0.176  391
58143.856    1.007171701898    0.380602813266    0.2947    0.3100   0.523   36
58148.209   -0.084475741605   -0.170398811861    0.1622    0.1296   0.668  237
58149.228   -0.169161641308    0.947602802626    0.2067    0.2449  -0.141   49
58159.408    3.026522162274    1.243501225190    0.3261    0.2670   0.100   28
58163.229    0.515280737971   -0.002699971446    0.4980    0.5140  -0.070   29
58172.272   -0.484273561302    0.077900386941    0.1221    0.1560  -0.089   46
58176.209   -0.447268348957   -0.505299584574    0.1365    0.0942  -0.208  199
58177.229  638.522122531716 2902.573299587630   24.4873   44.5011   0.162   11
58200.272   -0.225838625335    0.136501216730    0.0894    0.0977  -0.159  133
58213.231   -0.111194907582    0.200800809580    0.1050    0.1364   0.106  603
58216.836    0.357245079943   -0.490100376282    0.1792    0.1697  -0.058  118
58220.251    0.169071678751    0.347101189391    0.2815    0.4019   0.194   54
58240.165    1.155431592310   -0.327297613012    0.3873    0.2532  -0.375   60
58245.742   -0.454705785555   -3.185697619301    0.1146    0.1123  -0.060  152
58260.166    8.513007213762    0.754300788230    3.7248    3.5514  -0.102  108
58274.210    0.231326423169    0.447300027417    0.2118    0.1585   0.365   98
58281.208    0.829823426938    0.012301200059    0.2633    0.2146   0.047   38
58295.208    0.039103888672   -0.499399203591    0.0960    0.1059  -0.040  180
58297.250    0.019432116991    0.285102015596    0.3898    0.2939   0.069   38
58304.233    0.227817842513    0.176302825139    0.2443    0.2105  -0.180  135
58316.206************************************    0.0873    0.1039   0.071  202
58326.959    0.151378346945   -0.258897568983    0.1880    0.2097   0.061   75
58330.955   -0.307495253761   -0.801997214239    0.1912    0.2013   0.088   89
58338.227    0.565840227171   -0.405000014325    0.3275    0.3031  -0.237   25
58340.948   -0.797856117817    0.207702015587    0.2582    0.2691  -0.177   56
58363.696    0.432154475640   -1.052298011928    0.1700    0.1755   0.139  185
58365.208   -1.380790171874   -0.441500378656    0.1458    0.1583   0.008  128
58372.206   -1.510457104905    0.331502428708    0.1585    0.2174   0.386  284
58382.002    0.209645201327    0.117802829891    0.1905    0.2007   0.083   49
58386.484   -0.198159367816   -0.514497577342    0.2364    0.2022  -0.228   88
58393.208    0.902573639432    0.377002800178    0.1736    0.1625  -0.119  107
58401.229    0.347708967018   -0.138099579772    0.0839    0.1342   0.326  465
58425.726   -0.469939158931    0.869400014381    0.2745    0.4872   0.680   90
58440.833   -0.349178600923   -0.039898810655    0.1072    0.1223   0.140   88
58456.714   -0.115693076372   -0.480499198829    0.1709    0.1740  -0.323   71
58464.227   -0.051849197990   -0.198698376153    0.0841    0.1538   0.462  559
58465.250   -0.628575017360   -1.185598819120    1.2911    1.0078  -0.251   65
58466.269   -0.284764714212    0.218300385768    0.1985    0.2979  -0.069   69
58471.226   -0.803613803324   -0.228398369018    0.1104    0.0832   0.081  270
58472.708   -8.465116368306    2.271999625236    0.2451    0.2820   0.052  153
58473.271    0.242571865599    0.047401186976    0.1422    0.1009   0.337  349
58481.840   -0.010915825183    0.807602407349    0.3213    0.3108   0.097  128
58494.386    0.101329136499    0.218502003690    0.1146    0.1567   0.146  149
58498.207    0.126788826670    0.038300396454    0.0685    0.0787   0.096  339
58501.271   -0.257325847774    0.069501601274    0.2295    0.3537   0.132  228
58505.161   14.171531972009  -16.613697579260    0.3913    0.6052  -0.551   57
58514.248    0.039344279754    0.243100822672    0.1333    0.1474   0.107  724
58543.271    0.308364687264   -0.017600410729    0.2197    0.1668  -0.471  113
58557.271    0.405045962842    0.244101596536    0.6526    0.3071   0.653   80
58561.209   -1.445353750717   -0.346798788087    0.0940    0.0425   0.294  961
58569.229   -0.098420060762   -0.850597211866    0.0455    0.0822  -0.420  625
58570.249    0.461962601558    0.880102800238    0.3025    0.5126   0.223  584
58575.209   -0.730323774574    0.371502022745    0.1416    0.0871  -0.643  917
58582.207   -0.169161641308    0.034502397739    0.0677    0.0680  -0.061  248
58585.271   -0.960780027848    0.289501184625    0.3388    0.1522  -0.269  130
58590.228   -0.030767521979    0.190202388239    0.2669    0.0859   0.278  441
58603.209   -0.160224992393    0.200401206030    0.0979    0.1101   0.077  670
58606.269    0.400877411299   -0.599299170290    0.1986    0.3005  -0.459   89
58610.083    0.199508847090   -0.408200372704    0.1308    0.1413  -0.090  598
58611.208   -0.155996711276   -0.114598788059    0.1274    0.0942   0.603  506
58612.230   -1.816993003516   -0.774997192821    0.1416    0.1693  -0.039  100
58618.228   11.180274805022   30.879100825132   31.4271   88.1475  -0.371    6
58624.207   -0.132246350610    0.042300013092    0.0950    0.1172   0.078  196
58625.230    0.256365756232    0.339901214375    0.0427    0.0428   0.007  238
58646.210   -0.382974657787   -0.254199579786    0.1783    0.0890   0.496  278
58655.271   -0.226438171166    0.350902820401    0.1265    0.1290  -0.009  258
58659.209   -0.061385351825    0.279100800071    0.1026    0.1754  -0.461  908
58661.251   -1.223833328146   -1.165500003708    0.1567    0.1762  -0.016  196
58662.270    0.097040389415   -0.194299207124    0.1183    0.1368  -0.043   99
58673.209    0.450537234013    0.601801207267    0.1637    0.2150   0.137   48
58673.209    0.150118871139    0.300599992897    0.0874    0.0723   0.121  945
58687.209   -0.120340937293   -0.363797977343    0.3446    0.3879   0.883  185
58688.228   -0.285814072830    0.666100800117    0.0606    0.0563  -0.348  508
58701.209   -0.028158566898    0.645501597774    0.1996    0.4146  -0.142  361
58703.251    1.054402535557   -0.358199997663    0.1691    0.1708  -0.199  219
58708.207   -0.317001174614   -0.267598807113    0.1175    0.1308   0.159  166
58730.228    1.238827742314   -1.075597185718    0.0212    0.0322  -0.320  638
58751.230    1.872140624064    2.246702382536    0.1477    0.1821   0.891  254
58757.209   -0.011215209447   -0.367898377363    0.1655    0.1717   0.058  546
58757.209    0.478305758608   -0.782899172691    0.6679    0.3532  -0.140   18
58767.272    0.432004783508   -0.206398789260    0.0987    0.1115  -0.104  182
58771.209    0.653764819858   -0.449197210628    0.1561    0.2223  -0.897  806
58792.207    0.100099157284    0.466001995392    0.1002    0.1659   0.267  386
58807.230    0.167812162034   -0.233999980992    0.0466    0.0460   0.087  815
58808.249    1.011310020457   -0.486900017904    0.3590    0.3251  -0.088  342
58813.209   -0.133595829884   -0.331797616582    0.0618    0.0621  -0.062  416
58813.249   -0.487272599596    0.122399984548    0.0392    0.0397  -0.199  962
58827.249   -0.080757002850   -0.329000391730    0.1059    0.1996  -0.270  622
58828.228    0.222330044679    0.352101631051    0.0900    0.0838   0.034  230
58834.083    0.610222491970    0.117201608418    0.3675    0.1157   0.351  599
58844.248    0.403066745664   -0.403999189302    0.1875    0.1228  -0.292  534
58856.206    0.192611881318   -0.086299172608    0.3931    0.4263   0.167  145
58857.229    0.542989532991    0.192801627463    0.0723    0.0722   0.101  497
58858.248  -11.380234201292    3.242800818271    0.2058    0.1855  -0.288  663
58870.250   -0.355265903676    0.126302398940    0.1019    0.1622   0.153  818
58876.207    0.037214674963    0.001000825023    0.0736    0.0724  -0.063  293
58883.249    0.037664487751   -0.321598798791    0.0644    0.1052  -0.101 1142
58900.248   -0.201458526766    0.010501219094    0.0826    0.0677   0.580 1420
58911.250    0.697307147745   -0.039200386936    0.0842    0.1223   0.293 1236
58918.208   -0.083246457871    0.253101603676    0.1529    0.1366   0.106  343
58925.250   -0.132186621035    0.219099592869    0.1099    0.0954   0.058 1186
58926.228    0.357545200599    0.021301207198    0.2961    0.3182   0.157   46
58939.250   -0.380995440609   -0.188697595149    0.1436    0.0977  -0.026  341
58947.227    0.311393917631    2.031800391933    0.2820    0.5982   0.054  169
58960.208    3.068715010887    2.590700415794    0.6933    0.6222   0.992  869
58983.251   -0.080097768356   -0.107398813043    0.1694    0.1371   0.214  223
58989.230    0.265002284492   -0.126899988118    0.1314    0.0933  -0.447  664
59009.250    0.320360063138    0.465102004910    0.2980    0.2406   0.546  517
59023.250    0.295350185755   -0.147898794012    0.2235    0.1956  -0.268 1034
59025.251    0.008156441578   -0.138200414312    0.1710    0.1858   0.036 1118
59037.250    0.524636966691   -1.444197619094    0.1799    0.2117   0.034 1056
59038.229    0.416171209731   -0.092897977311    0.2719    0.1605   0.740  610
59039.251    0.365881608203   -0.156398414219    0.7695    0.5659  -0.872 2715
59051.210   -0.007497207084   -0.067197601084    0.0835    0.1031   0.174  290
59051.250    0.212463578114    0.446000382226    0.1357    0.1636  -0.010 1325
59058.208   -0.137104369630    0.724201191815    0.1268    0.1338   0.165  353
59065.206   -0.241731928687   -0.376700398874    0.2531    0.3009  -0.122  104
59073.209    2.854842264835   -0.817797592845    0.3930    0.2623  -0.316  156
59080.251    0.110984749483   -1.085097579789    0.1256    0.0866   0.242  767
59081.252    0.024410331552   -0.265899609531    0.1240    0.1134  -0.266  484
59086.208    0.166102873440   -0.466999188120    0.0598    0.2419  -0.191  496
59093.206    0.341021422952   -0.555300010774    0.0972    0.1103   0.308  474
59093.250   -0.205986192147   -0.085899569058    0.1321    0.1939  -0.617  812
59103.269   -0.318321116386    0.353602791847    0.2376    0.2178   0.246   52
59107.206    0.106216693021   -0.004100400020    0.0984    0.0928  -0.022  503
59107.250   -0.342940910556   -0.030398416584    0.1134    0.1239   0.143  683
59115.231    0.164273348394    0.077101231000    0.0629    0.0807  -0.027  515
59121.250   -0.181996176792    0.762800408438    0.1038    0.1058  -0.132  842
59149.206   -0.146670756449    0.403102779956    0.2562    0.2763  -0.049   63
59152.249    4.372706573356   -2.238300015733    0.2766    0.1869   0.045 1342
59163.250   -0.197739788011   -0.207000010732    0.0989    0.0660   0.005 1351
59171.227    0.470269471660    0.116701221486    0.7500    0.6630  -0.243   33
59172.250    0.016103461450   -0.069998407071    0.0615    0.0702  -0.313  533
59194.249    0.329416130292   -0.162900016676    0.0851    0.0619  -0.283 1754
59206.251    0.637091350079   -0.143398790442    0.0960    0.0699  -0.076 1602
59212.208   -0.390681286577   -5.412398388671    0.3449    0.3613   0.218  106
59222.249    0.121990537224   -0.358999204764    0.0844    0.0563  -0.223 1492
59231.585    1.105052028225   -0.209898018966    0.3062    0.3269   0.005   99
59236.249    0.182445989580   -0.029599209483    0.0974    0.0830   0.203 1114
59242.250   -0.250098569274    0.337500011938    0.1188    0.1119  -0.210  558
59247.250   -0.508144117509    0.142001994163    0.0875    0.0623   0.051  945
59254.208   -0.290461933752    0.187801185803    0.1530    0.2161  -0.021  489
59257.269   -0.360213885254    0.111200392894    0.2915    0.3152   0.233   55
59262.248    0.790749034858    0.577702826376    0.0967    0.1045   0.340 1163
59271.737   -0.498787929699   -0.654397189237    0.1911    0.1602  -0.599   45
59278.249   -0.094941713089    0.079401598896    0.0725    0.0611  -0.233 1022
59289.250    5.802586600526    3.481200019451    0.0538    0.0482   0.447  715
59298.250   -2.872594589823    2.357301605116    0.1508    0.1779  -0.800  771
59304.229    0.807572196768    0.170600429783    0.4080    0.4191   0.251  157
59305.248   -0.782532822794   -0.443199576239    0.0632    0.0564  -0.296 1497
59320.249   -0.426187368427   -0.475700375091    0.0436    0.0513   0.263 1538
59334.249    2.123498669144   -1.961999970490    0.0510    0.0668  -0.268 1699
59346.229    0.524517466632    0.365900410770    0.2819    0.2916   0.207   13
59348.249    0.181126784199    0.266399996462    0.2569    0.2290   0.624  744
59352.187   -0.387053246772    0.633902402569    0.4362    0.3584  -0.284   61
59354.250    0.116052926602   -0.020699985726    0.1708    0.0864   0.634  815
59355.269   -0.294240402081   -0.224697572548    0.1034    0.1686   0.227  338
59362.249    0.007166853445   -0.098600372667    0.2393    0.1665   0.070 1023
59362.271   -0.275707910666   -0.193197598719    0.1383    0.2039   0.307  191
59366.209    0.054967695433   -0.204199204745    0.2055    0.2445  -0.028  228
59369.269   -0.294180672507    0.029699992865    0.3583    0.3570   0.079  107
59375.249    0.179867267482   -0.225399577403    0.2508    0.1782   0.306 1076
59375.270    0.181486634429    0.493902007292    0.1045    0.1461   0.322  278
59390.249   -0.257625272949    1.033700408470    0.4305    0.1985  -0.362  984
59397.269    0.246050213272   -0.084898795194    0.0994    0.1135   0.002  243
59402.208   -0.346239333114   -0.138697168950    0.1026    0.1557  -0.573  912
59403.249   -1.830157892638    2.705000383685    0.2153    0.3397  -0.854  648
59404.249   -0.198669646570    0.585601225112    0.1470    0.2413  -0.041 1046
59404.271   -0.894027114640   -0.787597213048    0.2065    0.1776   0.329  293
59410.250   -0.252917641542    0.432302385889    0.5614    0.3685   0.000   51
59411.270    0.129037890609   -0.077000396459    0.1835    0.1188  -0.035  169
59415.207    0.126818323261   -0.085197615363    0.1483    0.1343   0.128  277
59416.230    0.861730229183   -0.713699972721    0.3111    0.3423   0.060  159
59418.249    0.074279616883    0.191800802440    0.1658    0.2047  -0.191  759
59418.271    0.021621451356    0.370202428712    0.1326    0.1642   0.164  161
59425.251    0.020901750896   -0.243500375063    0.0713    0.0705   0.131 1089
59425.270   -0.041982731425    0.011001606026    0.1171    0.1184   0.154  209
59431.249   -0.346599183344    0.089402431058    0.4530    0.4039  -0.936  698
59431.271   -0.325187849175    0.386402410868    0.2465    0.2157  -0.508  197
59439.270   -0.165772519801    0.398602827545    0.3066    0.2023  -0.543  236
59446.249    1.455429638988   -0.403999189302    0.2833    0.1633  -0.558  660
59446.271   -0.111254637156   -0.209199595247    0.3120    0.2102   0.333  235
59453.270   -0.075179283369   -0.478897203493    0.2148    0.1701   0.067  168
59460.250   -0.234354958054    0.040802382273    0.0498    0.0496   0.066  543
59460.271    0.078718056098    0.083401215534    0.0784    0.1011   0.006  261
59466.251    0.645518415722    3.132201595690    0.1465    0.4006  -0.564  634
59467.270    0.245750092616   -0.125600394085    0.1767    0.1979  -0.445  172
59474.224    1.603599566843    0.017802028651    0.5856    0.4575   0.124  346
59474.271    0.339732450555    0.063201616740    0.1364    0.1507   0.024  123
59481.270    0.570848674715   -0.042300013092    0.3584    0.3535   0.028   82
59487.249    0.623776727914   -0.058597197494    0.2864    0.2637   0.362  267
59488.250    0.333255064588    0.001202391786    0.3468    0.4607  -0.109  850
59488.272   -0.127178173491    0.047300403594    0.0819    0.0793   0.050  274
59492.209   -0.545928800801   -0.425998769060    0.1107    0.1010   0.151  575
59495.270    0.033496672600    0.510400809617    0.2248    0.3054  -0.853  367
59499.189    0.256156334526    0.041101202441    0.6700    0.4825   0.020   52
59502.272    0.087834630129   -0.013597212956    0.1290    0.1504  -0.256  184
59507.228   -0.029387850632   -0.236700003597    0.0881    0.0718   0.212  154
59509.270    8.255591362520   -1.347897614323    0.2207    0.2005  -0.363  254
59516.250    0.428496202852    0.381301185826    0.6963    0.9190  -0.578  943
59516.272    0.077308888160    0.216702022726    0.1434    0.1212   0.083  338
59523.270    0.128467882280    0.242002795403    0.1584    0.1760  -0.560  321
59534.209    0.612951601681   -0.800298016657    0.1722    0.1734  -0.522  383
59537.270    0.096230726397   -0.000097202246    0.0729    0.0865   0.186  517
59542.208   -0.204877144865    0.163101583439    0.0764    0.0564  -0.072  665
59542.248   -0.302127692379   -0.320299204759    0.0935    0.1054   0.195  308
59543.249    1.082291255693   -0.946299576299    0.0574    0.0561   0.012  637
59544.272    0.051129497529   -0.133498792820    0.2805    0.2895   0.010  146
59551.270    0.157885965895    0.016502383460    0.1694    0.1924   0.553  548
59558.250    0.207216171362   -0.196898395188    0.3192    0.1882  -0.875  632
59558.268   -0.045941124870   -0.196199971469    0.3651    0.1096  -0.177  537
59564.251   -0.113384241947   -0.061999173795    0.3840    0.4001   0.341  140
59565.270    0.667709179926    0.191800802440    0.2602    0.1594   0.732  499
59571.271    0.314902498288    0.488102409690    0.3396    0.3958   0.916  328
59576.209    1.138158576701   -0.642697210651    0.8959    0.9342  -0.697  847
59578.269   -0.122470542084   -0.037400405972    0.2090    0.1955   0.003  508
59583.207    0.083815770719    0.155199603569    0.0694    0.0732  -0.080  670
59586.272   -0.065463204419   -0.040899584519    0.0945    0.1150   0.091  283
59590.209    0.046001590836   -0.210499189279    0.1361    0.1244   0.178  539
59593.248   -0.065913017206   -0.081500400029    0.1172    0.0911   0.444  699
59593.270    0.118062335852    0.187502416793    0.3122    0.2271  -0.908  481
59594.585    1.970860805482   -1.076698794122    0.8196    0.9970  -0.211   25
59599.249   -0.398358418776    0.159800390520    0.2156    0.0978  -0.801  635
59600.250    0.047860571562   -0.035899194017    0.0270    0.0272  -0.009  245
59600.272    0.173269726885    0.110199619030    0.1029    0.0832  -0.372  411
59607.248   -0.453896122537   -1.110499187007    0.1427    0.3404   0.300  497
59607.270    0.227457992282   -0.325299595261    0.1440    0.2551  -0.387  482
59614.250    0.892317826046    1.223802013328    0.1051    0.1119   0.939  457
59614.272   -0.545209100340   -0.244998005883    0.2992    0.1642   0.001  519
59621.248   -2.317999764172   10.677502785938    0.1595    0.1766  -0.675  590
59621.270    0.396349009526    2.127801627694    0.0981    0.1032   0.055  588
59627.249   -0.422678787771   -0.204497973755    0.0933    0.0962  -0.652  652
59628.250    1.038178878566   -1.048500013212    0.0612    0.0856  -0.447  590
59628.272    0.038954196540    0.140302796581    0.0778    0.0873   0.173  535
59634.247    0.096260959380   -0.449999998864    0.3218    0.3433   0.344   65
59635.248    0.255106280426   -0.035697576095    0.0591    0.0590   0.816  607
59635.270   -0.054037836873    0.121802395370    0.0918    0.1111   0.381  533
59642.250    0.050259368544    0.210002383483    0.0309    0.0214   0.088  725
59642.272   -0.214023174577    0.269701189382    0.1331    0.1297   0.067  317
59649.248   -0.087534509474   -0.249397174912    0.1051    0.0715   0.051  444
59649.270   -0.124899572050   -0.069699586902    0.1834    0.1284  -0.140  526
59655.249    0.012744572926    0.024102013185    0.3157    0.3227   0.219   48
59656.250    0.087294813873   -0.059198418967    0.0338    0.0374  -0.369  344
59656.272   -0.018082678628   -0.249800410757    0.1713    0.1387   0.053  293
59663.270   -0.448527824763   -0.112798807095    0.2562    0.1409  -0.019  296
59670.272    0.006627078099    0.237902395384    0.1084    0.1452  -0.141  240
59677.248   -0.471678680509    0.572000431021    0.1339    0.0684   0.093  881
59677.270   -0.559992620017    0.975801583536    0.2430    0.5413   0.444  269
59683.249    0.159355599800    0.703800026258    0.8106    0.5781   0.283  434
59683.271   -0.128077799067    0.036000028558    0.2601    0.1745   0.704  216
59691.248    0.216392474968   -0.092300388133    0.0441    0.0304   0.451  741
59691.270    0.218731501465    0.186001204838    0.1350    0.1060   0.126  321
59696.227    0.887669924214   -4.745199612444    0.5566    0.4472   0.163   66
59698.272    0.116022693619    1.216101600221    0.2791    0.3013   0.251  553
59704.251   -0.166672145377   -0.637498783362    0.0785    0.0700   0.447  735
59705.248   -0.113114354274   -0.598298396426    0.0632    0.0934   0.226  487
59705.270    1.298263414464    1.394099990648    0.4126    0.4837   0.598  321
59709.208   -0.209255118114   -0.051397171319    0.1538    0.1075   0.192  494
59712.268   -0.080936927965    0.447001207249    0.1108    0.3303   0.497  302
59719.248   -0.055477237795   -0.016700369088    0.1760    0.1970  -0.486  792
59719.270   -0.186014299810    0.380502029884    0.1915    0.3282   0.537   97
59723.208    0.176418457311   -0.124398002299    0.0846    0.1198  -0.156  529
59726.250   -0.417700573210   -0.177098399945    0.0973    0.1723  -0.170  485
59730.082    0.480075513168    1.318201202594    0.8945    0.8831   0.049   67
59733.248    0.808622250868    1.255301987158    0.6876    0.8431   0.429  603
59738.208    0.019581809123   -0.124898389231    0.1464    0.1188   0.079  347
59739.227   -0.189073067679    2.029600807418    0.7596    0.9918  -0.147   21
59740.250    0.211653915096   -0.498999600040    0.0688    0.0751   0.410  593
59747.248    0.028548650112   -2.007197991816    0.0643    0.0673   0.616  719
59752.208    0.258825019181    0.226602020348    0.1032    0.0900   0.014  575
59754.268    0.143342100908   -0.163897209404    0.1009    0.1670   0.225  297
59761.270    0.137824111001    0.283600803641    0.1837    0.1992  -0.410  190
59766.230    0.847605943999    1.442401219265    0.3198    0.3197   0.606  422
59767.249    0.527695734560   -0.138999570254    0.0963    0.1041   0.226  694
59767.271   -0.119921357489   -0.178099173809    0.1387    0.1803  -0.286  358
59772.210    5.607455726684   -4.683099604108    0.5088    0.3870  -0.862  660
59775.248    0.906322611170    0.107801997729    0.1660    0.0804   0.267  164
59775.270   -0.095481529345    0.014500784573    0.1690    0.1538  -0.392  338
59782.269    0.208325259555    0.144900002397    0.1365    0.1412  -0.119  322
59789.270    0.745557843432    0.758102419240    0.3042    0.3070  -0.275  166
59795.250    2.000698468902    3.043299602723    0.1191    0.2098   0.757  234
59795.271   -0.218431380809    0.528400823896    0.1333    0.2355  -0.209  307
59803.248   -0.100699398596   -1.096599572747    0.4078    0.3123   0.246  218
59803.270   -0.431405237677   -0.036900019040    0.3148    0.1181  -0.119  458
59810.272    0.206646163033   -0.157100419074    0.2903    0.2084   0.156  232
59814.210   -0.078268243310   -0.017099972638    0.0862    0.0827   0.018  678
59817.270    0.473927785359    0.324302402532    0.3200    0.2960   0.223  249
59824.250    0.035745736540   -0.276397196330    0.2832    0.0898   0.775  589
59824.272    0.028848075286    0.065901588187    0.0842    0.1451   0.152  402
59828.206    0.015083640333    0.252302396575    0.1105    0.0861   0.114  724
59829.229    3.494602299569   -3.151198802698    0.6204    0.6991  -0.808  408
59831.249    1.376381965642    0.575002803771    1.5351    1.3227   0.994  372
59831.270   -0.066752913208    0.989402428786    0.2606    0.2925   0.323  216
59838.269    0.089123602527    0.129200407173    0.1576    0.1250   0.003  374
59842.210    0.007736861773    0.008499620208    0.1398    0.1104   0.289  282
59845.249    0.459443649945    0.546800390566    0.0721    0.0659   0.391  617
59845.271    0.029328121057    0.411800385791    0.2425    0.2438  -0.094  179
59852.269    0.234115262454    0.140500782209    0.1183    0.1288  -0.051  252
59859.249   -3.704367655527    1.323100809714    0.1507    0.0760  -0.350  346
59859.271   -0.044082103233   -0.179999989314    0.1000    0.1383   0.542  324
59866.269   -0.069751951502    0.019101622684    0.1760    0.1350  -0.065  234
59873.271    0.001649559020   -0.208097986842    0.1128    0.1442  -0.326   99
59878.227  -19.470172503160  -16.366197587558   22.4248   20.4938  -0.194   12
59879.250   -0.844247791867    0.161801989407    0.4312    0.2181  -0.134  217
59879.272    0.185834374695   -0.270799216651    0.1741    0.1954  -0.435  120
59887.271   -0.152847980849   -0.018500401211    0.1238    0.1328  -0.273  107
59893.268   -0.223379403297    0.500201991827    0.1732    0.1579   0.276  106
59901.271    0.219721130509   -0.014997590370    0.1178    0.1234  -0.210  284
59905.208    0.097340510071    0.031100421438    0.0923    0.0943  -0.056  359
59908.269   -0.021261601126    0.016401600078    0.1231    0.0998   0.106  134
59913.207   -0.022521117843    0.288900014311    0.1951    0.2302  -0.375  313
59915.271   -0.087114888758   -0.106599605942    0.1589    0.1761   0.662  216
59922.269    0.064264194579    0.207399614283    0.1714    0.2641  -0.805  214
59926.206   -0.136294706612   -0.010598370181    0.1551    0.1121   0.029  318
59928.270   -0.023210585320    0.145702790633    0.1146    0.0976   0.103  145
59935.272   -0.105946764438   -0.241999214268    0.1297    0.1055  -0.265  276
59949.268    0.267161385874    0.160901998925    0.2670    0.3566   0.042  122
59957.271    0.139323241497    0.351601192961    0.2072    0.1616  -0.014  166
59964.269    0.269201028107    0.084801592948    0.1083    0.1328   0.015  235
59968.206    0.202207723818   -0.332298003514    0.0937    0.1089   0.392  514
59971.271    0.015413993973    0.052599614264    0.1045    0.1193   0.071  171
59978.269    0.698086618691   -0.115898382091    0.2236    0.1775  -0.037  184
59984.248    0.584523147110    0.341802029880    0.6259    0.5112   0.422  114
59985.271    0.352027210693    0.144302413219    0.1852    0.2953   0.360  193
60032.227    0.169971304327    0.595900826283    0.2086    0.2459   0.016   33
60048.269    0.179567146826   -0.011098808272    0.1102    0.1172   0.428  287
60055.271    0.255106280426   -0.005198376130    0.1550    0.1284  -0.002  236
60106.041   -0.871056920401   -0.433098011854    0.3655    0.4608   0.190   36
60160.269    0.067952659440    0.004600786951    0.1573    0.1460   0.137  135
60167.271    0.184605131872    0.051699623782    0.1470    0.1416   0.095  132
60181.271   -0.607403378792   -0.276699597634    0.2258    0.2346   0.037   65
60188.269    0.015533453121    0.474901219150    0.1854    0.1910   0.278  107
60195.271    0.066603221076    0.081900003579    0.1307    0.1282   0.102  201
60202.270   -1.387027166760   -4.238197197992    0.1272    0.1330   0.139   98
60208.271   -0.030707792404    0.024299998813    0.1527    0.1679   0.070   89
60223.271    0.038684308867   -0.074300373853    0.1566    0.1349  -0.046  123
60230.270    0.185714915546    0.078400825032    0.1138    0.1303   0.272   93
60237.271   -0.295020568508    0.426801608455    0.1807    0.1814   0.002   82
60241.209    0.031427492865    0.267400821485    0.1769    0.2271   0.068  299
60248.211   -0.041982731425    0.092102402505    0.1422    0.1359  -0.003  122
60251.271   -0.037994841390   -0.628498776223    0.1907    0.2632   0.181  111
60255.209   -0.387472826576    0.221900398856    0.2535    0.1833  -0.085   95
60262.207   -0.155156815274    0.111301227435    0.1737    0.1708  -0.134  278
60265.271   -0.167542274361    0.323301628669    0.1364    0.1215   0.276  187
