Tau Allanstd
3.000000000000000000e+00	7.534331818129405556e-02
4.000000000000000000e+00	7.518449917570413366e-02
5.000000000000000000e+00	7.230555169950933503e-02
6.000000000000000000e+00	6.827715054119828930e-02
7.000000000000000000e+00	6.412992210460788378e-02
8.000000000000000000e+00	6.043076504418599948e-02
9.000000000000000000e+00	5.732726230132809825e-02
1.000000000000000000e+01	5.478356521677415353e-02
1.100000000000000000e+01	5.269047300405468870e-02
1.200000000000000000e+01	5.095446529432710869e-02
1.300000000000000000e+01	4.952778176917058822e-02
1.400000000000000000e+01	4.837523082202198343e-02
1.500000000000000000e+01	4.746732699360570185e-02
1.600000000000000000e+01	4.678536537410550589e-02
1.700000000000000000e+01	4.631006329607646743e-02
1.800000000000000000e+01	4.601712513242820629e-02
1.900000000000000000e+01	4.588260124195951695e-02
2.000000000000000000e+01	4.588754575588457896e-02
2.100000000000000000e+01	4.601827144264907660e-02
2.200000000000000000e+01	4.626122397639429590e-02
2.300000000000000000e+01	4.660120419410365006e-02
2.400000000000000000e+01	4.702287270184735135e-02
2.500000000000000000e+01	4.751210392241791980e-02
2.600000000000000000e+01	4.805827995777468831e-02
2.700000000000000000e+01	4.865385778833541952e-02
2.800000000000000000e+01	4.929186445254830906e-02
2.900000000000000000e+01	4.996537550187182819e-02
3.000000000000000000e+01	5.066803770443124161e-02
3.100000000000000000e+01	5.139463049656966404e-02
3.200000000000000000e+01	5.214097141364895660e-02
3.300000000000000000e+01	5.290383385488282852e-02
3.400000000000000000e+01	5.368078296237905472e-02
3.500000000000000000e+01	5.446952368765515390e-02
3.600000000000000000e+01	5.526747004485313419e-02
3.700000000000000000e+01	5.607228785176626706e-02
3.800000000000000000e+01	5.688208962356709059e-02
3.900000000000000000e+01	5.769533706978161730e-02
4.000000000000000000e+01	5.851081599501668784e-02
4.100000000000000000e+01	5.932759369589441639e-02
4.200000000000000000e+01	6.014504050504589083e-02
4.300000000000000000e+01	6.096268401352795963e-02
4.400000000000000000e+01	6.178015826924658505e-02
4.500000000000000000e+01	6.259697447263257164e-02
4.600000000000000000e+01	6.341254234999421646e-02
4.700000000000000000e+01	6.422629844567238899e-02
4.800000000000000000e+01	6.503775135501130289e-02
4.900000000000000000e+01	6.584642536013418646e-02
5.000000000000000000e+01	6.665178809610107502e-02
5.100000000000000000e+01	6.745334509037988202e-02
5.200000000000000000e+01	6.825067824472171030e-02
5.300000000000000000e+01	6.904337492851923830e-02
5.400000000000000000e+01	6.983104727371096387e-02
5.500000000000000000e+01	7.061326324653469100e-02
5.600000000000000000e+01	7.138957510417576202e-02
5.700000000000000000e+01	7.215950648080698970e-02
5.800000000000000000e+01	7.292262899436964541e-02
5.900000000000000000e+01	7.367857061031038435e-02
6.000000000000000000e+01	7.442705901113322309e-02
6.100000000000000000e+01	7.516790184547970932e-02
6.200000000000000000e+01	7.590100202793810535e-02
6.300000000000000000e+01	7.662633477124179693e-02
6.400000000000000000e+01	7.734384677698029342e-02
6.500000000000000000e+01	7.805349881503909071e-02
6.600000000000000000e+01	7.875511626524664410e-02
6.700000000000000000e+01	7.944843334261496304e-02
6.800000000000000000e+01	8.013326405618979853e-02
6.900000000000000000e+01	8.080955470365880355e-02
7.000000000000000000e+01	8.147724973449065045e-02
7.100000000000000000e+01	8.213617387960935046e-02
7.200000000000000000e+01	8.278610165773699070e-02
7.300000000000000000e+01	8.342688194045938532e-02
7.400000000000000000e+01	8.405833118716535268e-02
7.500000000000000000e+01	8.468028598806343066e-02
7.600000000000000000e+01	8.529267110269533880e-02
7.700000000000000000e+01	8.589541015470365803e-02
7.800000000000000000e+01	8.648842559350738979e-02
7.900000000000000000e+01	8.707162347206059971e-02
8.000000000000000000e+01	8.764484667611535662e-02
8.100000000000000000e+01	8.820800194622899215e-02
8.200000000000000000e+01	8.876104451737872048e-02
8.300000000000000000e+01	8.930389049911618971e-02
8.400000000000000000e+01	8.983644762474424228e-02
8.500000000000000000e+01	9.035860666801788510e-02
8.600000000000000000e+01	9.087021052255593589e-02
8.700000000000000000e+01	9.137121741859058344e-02
8.800000000000000000e+01	9.186161492647783311e-02
8.900000000000000000e+01	9.234131602121692373e-02
9.000000000000000000e+01	9.281021570363910678e-02
9.100000000000000000e+01	9.326821891878489534e-02
9.200000000000000000e+01	9.371516656509899790e-02
9.300000000000000000e+01	9.415084988050768933e-02
9.400000000000000000e+01	9.457519183654883310e-02
9.500000000000000000e+01	9.498815129781307265e-02
9.600000000000000000e+01	9.538971315595133615e-02
9.700000000000000000e+01	9.577987388335146290e-02
9.800000000000000000e+01	9.615858197324807233e-02
9.900000000000000000e+01	9.652576827144962457e-02
1.000000000000000000e+02	9.688137326763547608e-02
1.010000000000000000e+02	9.722533399048971514e-02
1.020000000000000000e+02	9.755758063288465232e-02
1.030000000000000000e+02	9.787810750687814254e-02
1.040000000000000000e+02	9.818696381681978058e-02
1.050000000000000000e+02	9.848419755094432737e-02
1.060000000000000000e+02	9.876980046762415255e-02
1.070000000000000000e+02	9.904380320179406727e-02
1.080000000000000000e+02	9.930619885310990047e-02
1.090000000000000000e+02	9.955689176769760840e-02
1.100000000000000000e+02	9.979579102930091761e-02
1.110000000000000000e+02	1.000228191818531565e-01
1.120000000000000000e+02	1.002379609760101764e-01
1.130000000000000000e+02	1.004411457151713621e-01
1.140000000000000000e+02	1.006321878210952037e-01
1.150000000000000000e+02	1.008110495143941382e-01
1.160000000000000000e+02	1.009778183231240939e-01
1.170000000000000000e+02	1.011325753905573527e-01
1.180000000000000000e+02	1.012754078439642991e-01
1.190000000000000000e+02	1.014064191077669042e-01
1.200000000000000000e+02	1.015256550022032439e-01
1.210000000000000000e+02	1.016331005309651508e-01
1.220000000000000000e+02	1.017287599805184461e-01
1.230000000000000000e+02	1.018126272777076791e-01
1.240000000000000000e+02	1.018847073425724753e-01
1.250000000000000000e+02	1.019450634909222914e-01
1.260000000000000000e+02	1.019937787925187939e-01
1.270000000000000000e+02	1.020309274855630832e-01
1.280000000000000000e+02	1.020566580245226007e-01
1.290000000000000000e+02	1.020712338909372657e-01
1.300000000000000000e+02	1.020747811822192291e-01
1.310000000000000000e+02	1.020673319852474920e-01
1.320000000000000000e+02	1.020490383507289961e-01
1.330000000000000000e+02	1.020200914251247482e-01
1.340000000000000000e+02	1.019806656663131555e-01
1.350000000000000000e+02	1.019308823448491635e-01
1.360000000000000000e+02	1.018708281238659558e-01
1.370000000000000000e+02	1.018005610087893004e-01
1.380000000000000000e+02	1.017201770706690211e-01
1.390000000000000000e+02	1.016298076582339560e-01
1.400000000000000000e+02	1.015295328450428053e-01
1.410000000000000000e+02	1.014193752842518781e-01
1.420000000000000000e+02	1.012993910074509174e-01
1.430000000000000000e+02	1.011696277876995148e-01
1.440000000000000000e+02	1.010301793697291894e-01
1.450000000000000000e+02	1.008811560395423967e-01
1.460000000000000000e+02	1.007226569351677703e-01
1.470000000000000000e+02	1.005547947387919611e-01
1.480000000000000000e+02	1.003776538589283562e-01
1.490000000000000000e+02	1.001912797892843265e-01
1.500000000000000000e+02	9.999570107340216563e-02
1.510000000000000000e+02	9.979096085477560940e-02
1.520000000000000000e+02	9.957713815983594563e-02
1.530000000000000000e+02	9.935433910750418596e-02
1.540000000000000000e+02	9.912265572922003554e-02
1.550000000000000000e+02	9.888218736925452612e-02
1.560000000000000000e+02	9.863302346887736771e-02
1.570000000000000000e+02	9.837528289545069415e-02
1.580000000000000000e+02	9.810910139960565823e-02
1.590000000000000000e+02	9.783460620864330159e-02
1.600000000000000000e+02	9.755191381124569960e-02
1.610000000000000000e+02	9.726114416868242296e-02
1.620000000000000000e+02	9.696241828365308180e-02
1.630000000000000000e+02	9.665585352158556631e-02
1.640000000000000000e+02	9.634156442679371601e-02
1.650000000000000000e+02	9.601967430562549644e-02
1.660000000000000000e+02	9.569032271460434225e-02
1.670000000000000000e+02	9.535363099849619717e-02
1.680000000000000000e+02	9.500971451837715576e-02
1.690000000000000000e+02	9.465869789613945429e-02
1.700000000000000000e+02	9.430074410708967625e-02
1.710000000000000000e+02	9.393600139122043613e-02
1.720000000000000000e+02	9.356456229684657899e-02
1.730000000000000000e+02	9.318653181190221513e-02
1.740000000000000000e+02	9.280201541062246817e-02
1.750000000000000000e+02	9.241112641868584610e-02
1.760000000000000000e+02	9.201399015968829420e-02
1.770000000000000000e+02	9.161073188802133782e-02
1.780000000000000000e+02	9.120147459377872523e-02
1.790000000000000000e+02	9.078634913386930683e-02
1.800000000000000000e+02	9.036549181416164700e-02
1.810000000000000000e+02	8.993903020628264688e-02
1.820000000000000000e+02	8.950707193609307166e-02
1.830000000000000000e+02	8.906971832658769350e-02
1.840000000000000000e+02	8.862707281531402581e-02
1.850000000000000000e+02	8.817924857951528472e-02
1.860000000000000000e+02	8.772636128845284764e-02
1.870000000000000000e+02	8.726852138222135347e-02
1.880000000000000000e+02	8.680583440486112912e-02
1.890000000000000000e+02	8.633840216068690288e-02
1.900000000000000000e+02	8.586632691036458209e-02
1.910000000000000000e+02	8.538970253668072552e-02
1.920000000000000000e+02	8.490862958143027828e-02
1.930000000000000000e+02	8.442320936672084719e-02
1.940000000000000000e+02	8.393355172190372637e-02
1.950000000000000000e+02	8.343979080251801017e-02
1.960000000000000000e+02	8.294207048510078562e-02
1.970000000000000000e+02	8.244052838296678232e-02
1.980000000000000000e+02	8.193529552615490263e-02
1.990000000000000000e+02	8.142649960371137197e-02
2.000000000000000000e+02	8.091427450308609493e-02
2.010000000000000000e+02	8.039875317556453849e-02
2.020000000000000000e+02	7.988006968664594643e-02
2.030000000000000000e+02	7.935835245016802098e-02
2.040000000000000000e+02	7.883372442545806547e-02
2.050000000000000000e+02	7.830630967215772287e-02
2.060000000000000000e+02	7.777623484667402221e-02
2.070000000000000000e+02	7.724363071793478863e-02
2.080000000000000000e+02	7.670862902644837167e-02
2.090000000000000000e+02	7.617136040604936820e-02
2.100000000000000000e+02	7.563195107466393063e-02
2.110000000000000000e+02	7.509052214366039590e-02
2.120000000000000000e+02	7.454719640836506012e-02
2.130000000000000000e+02	7.400210365042969585e-02
2.140000000000000000e+02	7.345537924335718283e-02
2.150000000000000000e+02	7.290716225594823241e-02
2.160000000000000000e+02	7.235759639960116785e-02
2.170000000000000000e+02	7.180682801367155310e-02
2.180000000000000000e+02	7.125500243381112375e-02
2.190000000000000000e+02	7.070226274850449633e-02
2.200000000000000000e+02	7.014874905642591585e-02
2.210000000000000000e+02	6.959459562311892666e-02
2.220000000000000000e+02	6.903992832095559584e-02
2.230000000000000000e+02	6.848486862154588850e-02
2.240000000000000000e+02	6.792953679647706355e-02
2.250000000000000000e+02	6.737405396877652053e-02
2.260000000000000000e+02	6.681854267764598954e-02
2.270000000000000000e+02	6.626312843157163013e-02
2.280000000000000000e+02	6.570794046021571910e-02
2.290000000000000000e+02	6.515311041217700105e-02
2.300000000000000000e+02	6.459876996367976132e-02
2.310000000000000000e+02	6.404504947300870832e-02
2.320000000000000000e+02	6.349207665976196180e-02
2.330000000000000000e+02	6.293997940859309692e-02
2.340000000000000000e+02	6.238889259393907288e-02
2.350000000000000000e+02	6.183896049757173913e-02
2.360000000000000000e+02	6.129032620129261366e-02
2.370000000000000000e+02	6.074312309085101030e-02
2.380000000000000000e+02	6.019747311288197594e-02
2.390000000000000000e+02	5.965349355531290865e-02
2.400000000000000000e+02	5.911130135042352157e-02
2.410000000000000000e+02	5.857101216409024008e-02
2.420000000000000000e+02	5.803274992012621980e-02
2.430000000000000000e+02	5.749663791667566221e-02
2.440000000000000000e+02	5.696279692460309158e-02
2.450000000000000000e+02	5.643134283719328237e-02
2.460000000000000000e+02	5.590238470427306289e-02
2.470000000000000000e+02	5.537602695470984077e-02
2.480000000000000000e+02	5.485237481924128827e-02
2.490000000000000000e+02	5.433153327402465843e-02
2.500000000000000000e+02	5.381360337416174477e-02
2.510000000000000000e+02	5.329868565578792933e-02
2.520000000000000000e+02	5.278687872206575676e-02
2.530000000000000000e+02	5.227828029460698800e-02
2.540000000000000000e+02	5.177298998517819439e-02
2.550000000000000000e+02	5.127110866652243720e-02
2.560000000000000000e+02	5.077273482607623512e-02
2.570000000000000000e+02	5.027796434011593679e-02
2.580000000000000000e+02	4.978689845129827957e-02
2.590000000000000000e+02	4.929963740717556442e-02
2.600000000000000000e+02	4.881627372870072507e-02
2.610000000000000000e+02	4.833689742823212010e-02
2.620000000000000000e+02	4.786159890135081862e-02
2.630000000000000000e+02	4.739046979213380750e-02
2.640000000000000000e+02	4.692360247505484444e-02
2.650000000000000000e+02	4.646108745790230449e-02
2.660000000000000000e+02	4.600301340114167775e-02
2.670000000000000000e+02	4.554946383733414483e-02
2.680000000000000000e+02	4.510052259840870159e-02
2.690000000000000000e+02	4.465626824459458660e-02
2.700000000000000000e+02	4.421677494962492072e-02
2.710000000000000000e+02	4.378211514318535585e-02
2.720000000000000000e+02	4.335235869109629880e-02
2.730000000000000000e+02	4.292757424969174257e-02
2.740000000000000000e+02	4.250782689413812321e-02
2.750000000000000000e+02	4.209317648567466319e-02
2.760000000000000000e+02	4.168368019413589559e-02
2.770000000000000000e+02	4.127939290939210137e-02
2.780000000000000000e+02	4.088036407834313990e-02
2.790000000000000000e+02	4.048663884413268577e-02
2.800000000000000000e+02	4.009825914241556266e-02
2.810000000000000000e+02	3.971526621216983632e-02
2.820000000000000000e+02	3.933770266389170767e-02
2.830000000000000000e+02	3.896561048469123628e-02
2.840000000000000000e+02	3.859902903391779216e-02
2.850000000000000000e+02	3.823799495499616979e-02
2.860000000000000000e+02	3.788254487582266156e-02
2.870000000000000000e+02	3.753271502301046975e-02
2.880000000000000000e+02	3.718854049493134500e-02
2.890000000000000000e+02	3.685005379881133719e-02
2.900000000000000000e+02	3.651728373848856651e-02
2.910000000000000000e+02	3.619025472409701655e-02
2.920000000000000000e+02	3.586898752127824080e-02
2.930000000000000000e+02	3.555350090549276587e-02
2.940000000000000000e+02	3.524381322047931420e-02
2.950000000000000000e+02	3.493993844942548666e-02
2.960000000000000000e+02	3.464188384416684585e-02
2.970000000000000000e+02	3.434965015941242317e-02
2.980000000000000000e+02	3.406322978932115747e-02
2.990000000000000000e+02	3.378260891612541728e-02
3.000000000000000000e+02	3.350777288657980774e-02
3.010000000000000000e+02	3.323870582838530513e-02
3.020000000000000000e+02	3.297538844542002856e-02
3.030000000000000000e+02	3.271780158482390233e-02
3.040000000000000000e+02	3.246592671662899138e-02
3.050000000000000000e+02	3.221974080487641223e-02
3.060000000000000000e+02	3.197921505805915304e-02
3.070000000000000000e+02	3.174431613138836011e-02
3.080000000000000000e+02	3.151500927939697438e-02
3.090000000000000000e+02	3.129125694283203807e-02
3.100000000000000000e+02	3.107301801254691576e-02
3.110000000000000000e+02	3.086024935828235102e-02
3.120000000000000000e+02	3.065290490997408038e-02
3.130000000000000000e+02	3.045093554481425116e-02
3.140000000000000000e+02	3.025428700508769192e-02
3.150000000000000000e+02	3.006289350603538746e-02
3.160000000000000000e+02	2.987668502249579694e-02
3.170000000000000000e+02	2.969559531805133004e-02
3.180000000000000000e+02	2.951955912183567773e-02
3.190000000000000000e+02	2.934850982653043963e-02
3.200000000000000000e+02	2.918238094226839260e-02
3.210000000000000000e+02	2.902110655712505927e-02
3.220000000000000000e+02	2.886461536469975275e-02
3.230000000000000000e+02	2.871283271965323347e-02
3.240000000000000000e+02	2.856568466383774263e-02
3.250000000000000000e+02	2.842309846005775659e-02
3.260000000000000000e+02	2.828499743006899353e-02
3.270000000000000000e+02	2.815129916588454337e-02
3.280000000000000000e+02	2.802192129837849030e-02
3.290000000000000000e+02	2.789678216594979054e-02
3.300000000000000000e+02	2.777579665438022899e-02
3.310000000000000000e+02	2.765887629203881565e-02
3.320000000000000000e+02	2.754593719652631903e-02
3.330000000000000000e+02	2.743689400062099965e-02
3.340000000000000000e+02	2.733165089610207349e-02
3.350000000000000000e+02	2.723011313949621343e-02
3.360000000000000000e+02	2.713218603135682944e-02
3.370000000000000000e+02	2.703777289331535383e-02
3.380000000000000000e+02	2.694677993248334111e-02
3.390000000000000000e+02	2.685911768046827033e-02
3.400000000000000000e+02	2.677469765862888415e-02
3.410000000000000000e+02	2.669342579620601064e-02
3.420000000000000000e+02	2.661520513833348298e-02
3.430000000000000000e+02	2.653994432281302565e-02
3.440000000000000000e+02	2.646755597868818283e-02
3.450000000000000000e+02	2.639795027229012783e-02
3.460000000000000000e+02	2.633103514523290820e-02
3.470000000000000000e+02	2.626672394456684712e-02
3.480000000000000000e+02	2.620493697810894265e-02
3.490000000000000000e+02	2.614559315340911697e-02
3.500000000000000000e+02	2.608861010747501319e-02
3.510000000000000000e+02	2.603390639306504828e-02
3.520000000000000000e+02	2.598140179424533042e-02
3.530000000000000000e+02	2.593101751890829545e-02
3.540000000000000000e+02	2.588267731266610805e-02
3.550000000000000000e+02	2.583630817515931294e-02
3.560000000000000000e+02	2.579183900086712278e-02
3.570000000000000000e+02	2.574919945976067437e-02
3.580000000000000000e+02	2.570831753597520308e-02
3.590000000000000000e+02	2.566912213176090335e-02
3.600000000000000000e+02	2.563154762336463874e-02
3.610000000000000000e+02	2.559553017334863581e-02
3.620000000000000000e+02	2.556100314907322826e-02
3.630000000000000000e+02	2.552789762852327587e-02
3.640000000000000000e+02	2.549614770082502674e-02
3.650000000000000000e+02	2.546569447594340674e-02
3.660000000000000000e+02	2.543648071129413907e-02
3.670000000000000000e+02	2.540845161193620166e-02
3.680000000000000000e+02	2.538155688012083341e-02
3.690000000000000000e+02	2.535574687783983747e-02
3.700000000000000000e+02	2.533097425595298366e-02
3.710000000000000000e+02	2.530719383565521383e-02
3.720000000000000000e+02	2.528435905436199685e-02
3.730000000000000000e+02	2.526242313371440673e-02
3.740000000000000000e+02	2.524134126242372211e-02
3.750000000000000000e+02	2.522106966216088042e-02
3.760000000000000000e+02	2.520156605193333427e-02
3.770000000000000000e+02	2.518279099138256982e-02
3.780000000000000000e+02	2.516470530417251605e-02
3.790000000000000000e+02	2.514726992351678722e-02
3.800000000000000000e+02	2.513044896065440292e-02
3.810000000000000000e+02	2.511421161537451263e-02
3.820000000000000000e+02	2.509852949424016058e-02
3.830000000000000000e+02	2.508337450077110023e-02
3.840000000000000000e+02	2.506872058923792848e-02
3.850000000000000000e+02	2.505454147721747349e-02
3.860000000000000000e+02	2.504081111635915111e-02
3.870000000000000000e+02	2.502750401476762712e-02
3.880000000000000000e+02	2.501459885791170595e-02
3.890000000000000000e+02	2.500207869906584043e-02
3.900000000000000000e+02	2.498992466407727250e-02
3.910000000000000000e+02	2.497811798149807486e-02
3.920000000000000000e+02	2.496664083065029335e-02
3.930000000000000000e+02	2.495547463814248509e-02
3.940000000000000000e+02	2.494460388397902462e-02
3.950000000000000000e+02	2.493401641910666586e-02
3.960000000000000000e+02	2.492370088013008689e-02
3.970000000000000000e+02	2.491364494582911510e-02
3.980000000000000000e+02	2.490383165629576206e-02
3.990000000000000000e+02	2.489424365981241644e-02
4.000000000000000000e+02	2.488487343158991491e-02
4.010000000000000000e+02	2.487571345510137394e-02
4.020000000000000000e+02	2.486675419665827780e-02
4.030000000000000000e+02	2.485798914656072583e-02
4.040000000000000000e+02	2.484941051775788751e-02
4.050000000000000000e+02	2.484100356717651101e-02
4.060000000000000000e+02	2.483275175017040162e-02
4.070000000000000000e+02	2.482464655621704694e-02
4.080000000000000000e+02	2.481668396312729924e-02
4.090000000000000000e+02	2.480885708293537051e-02
4.100000000000000000e+02	2.480115741033509999e-02
4.110000000000000000e+02	2.479358152565536502e-02
4.120000000000000000e+02	2.478612688876215969e-02
4.130000000000000000e+02	2.477879059345758708e-02
4.140000000000000000e+02	2.477157013146934206e-02
4.150000000000000000e+02	2.476446534971706373e-02
4.160000000000000000e+02	2.475747859665760817e-02
4.170000000000000000e+02	2.475061159922817278e-02
4.180000000000000000e+02	2.474386253129268534e-02
4.190000000000000000e+02	2.473722295761736009e-02
4.200000000000000000e+02	2.473068727576961667e-02
4.210000000000000000e+02	2.472425430416834782e-02
4.220000000000000000e+02	2.471792012755074860e-02
4.230000000000000000e+02	2.471167777044332506e-02
4.240000000000000000e+02	2.470552156975780109e-02
4.250000000000000000e+02	2.469945180196911685e-02
4.260000000000000000e+02	2.469347124504519056e-02
4.270000000000000000e+02	2.468757984059858149e-02
4.280000000000000000e+02	2.468177440854523244e-02
4.290000000000000000e+02	2.467605129691334553e-02
4.300000000000000000e+02	2.467041018793158721e-02
4.310000000000000000e+02	2.466485481939852467e-02
4.320000000000000000e+02	2.465938735197802448e-02
4.330000000000000000e+02	2.465400834893569787e-02
4.340000000000000000e+02	2.464871761483590842e-02
4.350000000000000000e+02	2.464351612123614685e-02
4.360000000000000000e+02	2.463840618246485384e-02
4.370000000000000000e+02	2.463338930786988096e-02
4.380000000000000000e+02	2.462846576464611595e-02
4.390000000000000000e+02	2.462363453692666820e-02
4.400000000000000000e+02	2.461889079560009366e-02
4.410000000000000000e+02	2.461423011316309431e-02
4.420000000000000000e+02	2.460964738099712112e-02
4.430000000000000000e+02	2.460513698871761093e-02
4.440000000000000000e+02	2.460069506718619986e-02
4.450000000000000000e+02	2.459632294073496941e-02
4.460000000000000000e+02	2.459202241561479416e-02
4.470000000000000000e+02	2.458779224994625881e-02
4.480000000000000000e+02	2.458363038935850939e-02
4.490000000000000000e+02	2.457953675717717418e-02
4.500000000000000000e+02	2.457551248941502314e-02
4.510000000000000000e+02	2.457155889283086508e-02
4.520000000000000000e+02	2.456767660822204921e-02
4.530000000000000000e+02	2.456386590477020043e-02
4.540000000000000000e+02	2.456012560662035327e-02
4.550000000000000000e+02	2.455645372790155392e-02
4.560000000000000000e+02	2.455284816986502347e-02
4.570000000000000000e+02	2.454930698026288119e-02
4.580000000000000000e+02	2.454582995241189405e-02
4.590000000000000000e+02	2.454241513560690216e-02
4.600000000000000000e+02	2.453906106792846237e-02
4.610000000000000000e+02	2.453576826408341433e-02
4.620000000000000000e+02	2.453253767602049315e-02
4.630000000000000000e+02	2.452936721897792938e-02
4.640000000000000000e+02	2.452625387196489051e-02
4.650000000000000000e+02	2.452319598796681016e-02
4.660000000000000000e+02	2.452019641622148888e-02
4.670000000000000000e+02	2.451725860593235301e-02
4.680000000000000000e+02	2.451438501357703845e-02
4.690000000000000000e+02	2.451158039884732479e-02
4.700000000000000000e+02	2.450884832249379877e-02
4.710000000000000000e+02	2.450619126542988302e-02
4.720000000000000000e+02	2.450361268448926835e-02
4.730000000000000000e+02	2.450111677524185669e-02
4.740000000000000000e+02	2.449870693176260314e-02
4.750000000000000000e+02	2.449638364254368844e-02
4.760000000000000000e+02	2.449414781147032927e-02
4.770000000000000000e+02	2.449200061172675247e-02
4.780000000000000000e+02	2.448994065931379624e-02
4.790000000000000000e+02	2.448796452048771985e-02
4.800000000000000000e+02	2.448607050676935779e-02
4.810000000000000000e+02	2.448425895851536957e-02
4.820000000000000000e+02	2.448253363748354935e-02
4.830000000000000000e+02	2.448090012767748652e-02
4.840000000000000000e+02	2.447936490902620846e-02
4.850000000000000000e+02	2.447793710437953102e-02
4.860000000000000000e+02	2.447662470689106889e-02
4.870000000000000000e+02	2.447543114841580977e-02
4.880000000000000000e+02	2.447435811221962063e-02
4.890000000000000000e+02	2.447340841470839121e-02
4.900000000000000000e+02	2.447258817001530390e-02
4.910000000000000000e+02	2.447190369971081331e-02
4.920000000000000000e+02	2.447135250223687886e-02
4.930000000000000000e+02	2.447093139952916108e-02
4.940000000000000000e+02	2.447063926282534718e-02
4.950000000000000000e+02	2.447047802104250491e-02
4.960000000000000000e+02	2.447045155706019728e-02
4.970000000000000000e+02	2.447056262020115558e-02
4.980000000000000000e+02	2.447081374392176198e-02
4.990000000000000000e+02	2.447120964059232989e-02
5.000000000000000000e+02	2.447175870391118946e-02
5.010000000000000000e+02	2.447247093894189957e-02
5.020000000000000000e+02	2.447335316825625245e-02
5.030000000000000000e+02	2.447440848548664005e-02
5.040000000000000000e+02	2.447563945074245420e-02
5.050000000000000000e+02	2.447704891057998766e-02
5.060000000000000000e+02	2.447863947858757924e-02
5.070000000000000000e+02	2.448041324470035321e-02
5.080000000000000000e+02	2.448237110178591927e-02
5.090000000000000000e+02	2.448451481347780137e-02
5.100000000000000000e+02	2.448684771696911164e-02
5.110000000000000000e+02	2.448937184462685393e-02
5.120000000000000000e+02	2.449209040928475301e-02
5.130000000000000000e+02	2.449500169412448247e-02
5.140000000000000000e+02	2.449810713469193976e-02
5.150000000000000000e+02	2.450141145065947226e-02
5.160000000000000000e+02	2.450491738751683912e-02
5.170000000000000000e+02	2.450862603640326098e-02
5.180000000000000000e+02	2.451254045662944539e-02
5.190000000000000000e+02	2.451666665599826211e-02
5.200000000000000000e+02	2.452100868825813837e-02
5.210000000000000000e+02	2.452556796278172399e-02
5.220000000000000000e+02	2.453035048841759394e-02
5.230000000000000000e+02	2.453536405214302996e-02
5.240000000000000000e+02	2.454061543163372702e-02
5.250000000000000000e+02	2.454611133209366400e-02
5.260000000000000000e+02	2.455185795312328154e-02
5.270000000000000000e+02	2.455786186806345819e-02
5.280000000000000000e+02	2.456412696437889828e-02
5.290000000000000000e+02	2.457065341040319886e-02
5.300000000000000000e+02	2.457744325492462745e-02
5.310000000000000000e+02	2.458450188077990206e-02
5.320000000000000000e+02	2.459183087258400707e-02
5.330000000000000000e+02	2.459942733567951900e-02
5.340000000000000000e+02	2.460728769826495133e-02
5.350000000000000000e+02	2.461541189421232248e-02
5.360000000000000000e+02	2.462380233132144269e-02
5.370000000000000000e+02	2.463246142972908351e-02
5.380000000000000000e+02	2.464139041070732838e-02
5.390000000000000000e+02	2.465058875280732101e-02
5.400000000000000000e+02	2.466005550722992143e-02
5.410000000000000000e+02	2.466979182046830435e-02
5.420000000000000000e+02	2.467980023667236053e-02
5.430000000000000000e+02	2.469008603914855590e-02
5.440000000000000000e+02	2.470065396452260018e-02
5.450000000000000000e+02	2.471150828531678764e-02
5.460000000000000000e+02	2.472265044195265729e-02
5.470000000000000000e+02	2.473407601289717705e-02
5.480000000000000000e+02	2.474577742763063928e-02
5.490000000000000000e+02	2.475775024207889363e-02
5.500000000000000000e+02	2.476998905956353039e-02
5.510000000000000000e+02	2.478249040089738550e-02
5.520000000000000000e+02	2.479524475502202854e-02
5.530000000000000000e+02	2.480824376011958599e-02
5.540000000000000000e+02	2.482148149241282173e-02
5.550000000000000000e+02	2.483495152877953499e-02
5.560000000000000000e+02	2.484864585053860389e-02
5.570000000000000000e+02	2.486255408482464582e-02
5.580000000000000000e+02	2.487666997832575083e-02
5.590000000000000000e+02	2.489099201979920115e-02
5.600000000000000000e+02	2.490551772694604357e-02
5.610000000000000000e+02	2.492023890800598371e-02
5.620000000000000000e+02	2.493514720595233630e-02
5.630000000000000000e+02	2.495023746398231101e-02
5.640000000000000000e+02	2.496550566636416071e-02
5.650000000000000000e+02	2.498094689381499117e-02
5.660000000000000000e+02	2.499655498303183371e-02
5.670000000000000000e+02	2.501232235331216081e-02
5.680000000000000000e+02	2.502824340124550420e-02
5.690000000000000000e+02	2.504431091968873507e-02
5.700000000000000000e+02	2.506051537091155343e-02
5.710000000000000000e+02	2.507684715902102138e-02
5.720000000000000000e+02	2.509329581633957043e-02
5.730000000000000000e+02	2.510985046820974134e-02
5.740000000000000000e+02	2.512650050392838466e-02
5.750000000000000000e+02	2.514323470998575116e-02
5.760000000000000000e+02	2.516004358334912594e-02
5.770000000000000000e+02	2.517691998693964359e-02
5.780000000000000000e+02	2.519385624852792105e-02
5.790000000000000000e+02	2.521084527203042505e-02
5.800000000000000000e+02	2.522788050756615691e-02
5.810000000000000000e+02	2.524495586320896906e-02
5.820000000000000000e+02	2.526206360104467363e-02
5.830000000000000000e+02	2.527919645554973019e-02
5.840000000000000000e+02	2.529634752711815496e-02
5.850000000000000000e+02	2.531350967839636826e-02
5.860000000000000000e+02	2.533067638055579163e-02
5.870000000000000000e+02	2.534784077026597943e-02
5.880000000000000000e+02	2.536499591686210142e-02
5.890000000000000000e+02	2.538213525872122858e-02
5.900000000000000000e+02	2.539925108489019326e-02
5.910000000000000000e+02	2.541633368764721623e-02
5.920000000000000000e+02	2.543337288178558822e-02
5.930000000000000000e+02	2.545035958808082935e-02
5.940000000000000000e+02	2.546728646413269626e-02
5.950000000000000000e+02	2.548414701309978381e-02
5.960000000000000000e+02	2.550093636990196158e-02
5.970000000000000000e+02	2.551765068476272158e-02
5.980000000000000000e+02	2.553428567971975996e-02
5.990000000000000000e+02	2.555083511069337898e-02
6.000000000000000000e+02	2.556728942405027752e-02
6.010000000000000000e+02	2.558363768662756665e-02
6.020000000000000000e+02	2.559987024737229999e-02
6.030000000000000000e+02	2.561597796507847011e-02
6.040000000000000000e+02	2.563195169838430182e-02
6.050000000000000000e+02	2.564778343141722178e-02
6.060000000000000000e+02	2.566346589407477244e-02
6.070000000000000000e+02	2.567899464950527608e-02
6.080000000000000000e+02	2.569436752904621230e-02
6.090000000000000000e+02	2.570958131621275608e-02
6.100000000000000000e+02	2.572462900187708068e-02
6.110000000000000000e+02	2.573950200917017594e-02
6.120000000000000000e+02	2.575419291463628552e-02
6.130000000000000000e+02	2.576869547649901157e-02
6.140000000000000000e+02	2.578300466301751415e-02
6.150000000000000000e+02	2.579711518702228548e-02
6.160000000000000000e+02	2.581102020599295929e-02
6.170000000000000000e+02	2.582471489671302536e-02
6.180000000000000000e+02	2.583819527999516030e-02
6.190000000000000000e+02	2.585145693977843398e-02
6.200000000000000000e+02	2.586449598911769523e-02
6.210000000000000000e+02	2.587730897996015286e-02
6.220000000000000000e+02	2.588989240049357696e-02
6.230000000000000000e+02	2.590224281317482155e-02
6.240000000000000000e+02	2.591435713657324474e-02
6.250000000000000000e+02	2.592623236955107421e-02
6.260000000000000000e+02	2.593786617949589077e-02
6.270000000000000000e+02	2.594925909623588267e-02
6.280000000000000000e+02	2.596041381866508180e-02
6.290000000000000000e+02	2.597133322807427744e-02
6.300000000000000000e+02	2.598201808231170168e-02
6.310000000000000000e+02	2.599246731422593520e-02
6.320000000000000000e+02	2.600268123736414541e-02
6.330000000000000000e+02	2.601266149589646567e-02
6.340000000000000000e+02	2.602240953309830490e-02
6.350000000000000000e+02	2.603192658119179992e-02
6.360000000000000000e+02	2.604121400321749574e-02
6.370000000000000000e+02	2.605027121245119884e-02
6.380000000000000000e+02	2.605909579637605625e-02
6.390000000000000000e+02	2.606768548430196328e-02
6.400000000000000000e+02	2.607603979828016644e-02
6.410000000000000000e+02	2.608415908478754069e-02
6.420000000000000000e+02	2.609204331900277438e-02
6.430000000000000000e+02	2.609969260507271835e-02
6.440000000000000000e+02	2.610710899888220304e-02
6.450000000000000000e+02	2.611429464684070570e-02
6.460000000000000000e+02	2.612125200445512482e-02
6.470000000000000000e+02	2.612798198164223776e-02
6.480000000000000000e+02	2.613448490510510147e-02
6.490000000000000000e+02	2.614076211925280002e-02
6.500000000000000000e+02	2.614681555880624467e-02
6.510000000000000000e+02	2.615264766593794477e-02
6.520000000000000000e+02	2.615826093839078437e-02
6.530000000000000000e+02	2.616365883716025714e-02
6.540000000000000000e+02	2.616884581485713970e-02
6.550000000000000000e+02	2.617382670790429147e-02
6.560000000000000000e+02	2.617860721454245282e-02
6.570000000000000000e+02	2.618319383480030224e-02
6.580000000000000000e+02	2.618759217139811357e-02
6.590000000000000000e+02	2.619180827729900018e-02
6.600000000000000000e+02	2.619584850402882636e-02
6.610000000000000000e+02	2.619971773105612273e-02
6.620000000000000000e+02	2.620342130139590928e-02
6.630000000000000000e+02	2.620696534956360596e-02
6.640000000000000000e+02	2.621035657968023500e-02
6.650000000000000000e+02	2.621360227843695656e-02
6.660000000000000000e+02	2.621670827033693169e-02
6.670000000000000000e+02	2.621967987185449753e-02
6.680000000000000000e+02	2.622252387593967254e-02
6.690000000000000000e+02	2.622524818788335085e-02
6.700000000000000000e+02	2.622785981796956281e-02
6.710000000000000000e+02	2.623036322679082183e-02
6.720000000000000000e+02	2.623276295797886959e-02
6.730000000000000000e+02	2.623506426237404154e-02
6.740000000000000000e+02	2.623727386436817965e-02
6.750000000000000000e+02	2.623939793827291186e-02
6.760000000000000000e+02	2.624144202830930306e-02
6.770000000000000000e+02	2.624341221174685337e-02
6.780000000000000000e+02	2.624531471850738082e-02
6.790000000000000000e+02	2.624715581502306064e-02
6.800000000000000000e+02	2.624894195981010078e-02
6.810000000000000000e+02	2.625067946428729163e-02
6.820000000000000000e+02	2.625237442445583352e-02
6.830000000000000000e+02	2.625403215415104269e-02
6.840000000000000000e+02	2.625565755536924881e-02
6.850000000000000000e+02	2.625725681045327706e-02
6.860000000000000000e+02	2.625883553801501222e-02
6.870000000000000000e+02	2.626039896210721411e-02
6.880000000000000000e+02	2.626195319979931359e-02
6.890000000000000000e+02	2.626350522163822809e-02
6.900000000000000000e+02	2.626506290689677170e-02
6.910000000000000000e+02	2.626663214126337062e-02
6.920000000000000000e+02	2.626821741377762323e-02
6.930000000000000000e+02	2.626982315275934454e-02
6.940000000000000000e+02	2.627145436096096215e-02
6.950000000000000000e+02	2.627311591743702879e-02
6.960000000000000000e+02	2.627481280906127092e-02
6.970000000000000000e+02	2.627654953037307159e-02
6.980000000000000000e+02	2.627833105400677674e-02
6.990000000000000000e+02	2.628016173077877410e-02
7.000000000000000000e+02	2.628204586612748611e-02
7.010000000000000000e+02	2.628398860419687427e-02
7.020000000000000000e+02	2.628599506583182560e-02
7.030000000000000000e+02	2.628807002768423356e-02
7.040000000000000000e+02	2.629021829991578033e-02
7.050000000000000000e+02	2.629244466153884269e-02
7.060000000000000000e+02	2.629475342152209905e-02
7.070000000000000000e+02	2.629714866466596052e-02
7.080000000000000000e+02	2.629963453961903577e-02
7.090000000000000000e+02	2.630221519042104036e-02
7.100000000000000000e+02	2.630489418012461195e-02
7.110000000000000000e+02	2.630767399282041286e-02
7.120000000000000000e+02	2.631055732963936272e-02
7.130000000000000000e+02	2.631354766417346933e-02
7.140000000000000000e+02	2.631664857779451167e-02
7.150000000000000000e+02	2.631986419279841796e-02
7.160000000000000000e+02	2.632319864451371574e-02
7.170000000000000000e+02	2.632665524813654345e-02
7.180000000000000000e+02	2.633023684037183801e-02
7.190000000000000000e+02	2.633394506967426038e-02
7.200000000000000000e+02	2.633778116521815968e-02
7.210000000000000000e+02	2.634174654202352944e-02
7.220000000000000000e+02	2.634584220858157688e-02
7.230000000000000000e+02	2.635006896554036721e-02
7.240000000000000000e+02	2.635442773793387691e-02
7.250000000000000000e+02	2.635891972307807460e-02
7.260000000000000000e+02	2.636354665120882457e-02
7.270000000000000000e+02	2.636831048029827235e-02
7.280000000000000000e+02	2.637321321635958254e-02
7.290000000000000000e+02	2.637825673921052189e-02
7.300000000000000000e+02	2.638344202118992829e-02
7.310000000000000000e+02	2.638876888357083797e-02
7.320000000000000000e+02	2.639423650086503842e-02
7.330000000000000000e+02	2.639984424702745969e-02
7.340000000000000000e+02	2.640559132515222021e-02
7.350000000000000000e+02	2.641147647709565782e-02
7.360000000000000000e+02	2.641749836489695399e-02
7.370000000000000000e+02	2.642365631450946037e-02
7.380000000000000000e+02	2.642994962683041515e-02
7.390000000000000000e+02	2.643637804811558786e-02
7.400000000000000000e+02	2.644294163654858573e-02
7.410000000000000000e+02	2.644964073378480718e-02
7.420000000000000000e+02	2.645647570239538851e-02
7.430000000000000000e+02	2.646344687937419657e-02
7.440000000000000000e+02	2.647055466680018135e-02
7.450000000000000000e+02	2.647779907379565340e-02
7.460000000000000000e+02	2.648517956952133046e-02
7.470000000000000000e+02	2.649269533085780656e-02
7.480000000000000000e+02	2.650034548570761803e-02
7.490000000000000000e+02	2.650812886015941824e-02
7.500000000000000000e+02	2.651604382206667818e-02
7.510000000000000000e+02	2.652408843793708365e-02
7.520000000000000000e+02	2.653226116733267345e-02
7.530000000000000000e+02	2.654056088946111017e-02
7.540000000000000000e+02	2.654898653819689688e-02
7.550000000000000000e+02	2.655753719430416215e-02
7.560000000000000000e+02	2.656621177418069801e-02
7.570000000000000000e+02	2.657500891488946346e-02
7.580000000000000000e+02	2.658392710170280615e-02
7.590000000000000000e+02	2.659296476276274204e-02
7.600000000000000000e+02	2.660212042578701669e-02
7.610000000000000000e+02	2.661139271633098866e-02
7.620000000000000000e+02	2.662078016715141091e-02
7.630000000000000000e+02	2.663028092053518550e-02
7.640000000000000000e+02	2.663989283947531400e-02
7.650000000000000000e+02	2.664961366904496781e-02
7.660000000000000000e+02	2.665944111820509749e-02
7.670000000000000000e+02	2.666937317537454097e-02
7.680000000000000000e+02	2.667940818786732407e-02
7.690000000000000000e+02	2.668954454792248077e-02
7.700000000000000000e+02	2.669978031657974094e-02
7.710000000000000000e+02	2.671011338681272829e-02
7.720000000000000000e+02	2.672054181085318711e-02
7.730000000000000000e+02	2.673106385221587361e-02
7.740000000000000000e+02	2.674167786614276357e-02
7.750000000000000000e+02	2.675238209651409002e-02
7.760000000000000000e+02	2.676317443484104927e-02
7.770000000000000000e+02	2.677405229512759208e-02
7.780000000000000000e+02	2.678501260386079164e-02
7.790000000000000000e+02	2.679605188675535446e-02
7.800000000000000000e+02	2.680716655203247561e-02
7.810000000000000000e+02	2.681835341243641799e-02
7.820000000000000000e+02	2.682961021375742175e-02
7.830000000000000000e+02	2.684093550600894287e-02
7.840000000000000000e+02	2.685232827008829717e-02
7.850000000000000000e+02	2.686378772807226922e-02
7.860000000000000000e+02	2.687531319461216109e-02
7.870000000000000000e+02	2.688690366067785636e-02
7.880000000000000000e+02	2.689855765604870150e-02
7.890000000000000000e+02	2.691027352896811428e-02
7.900000000000000000e+02	2.692204963842400114e-02
7.910000000000000000e+02	2.693388434846783266e-02
7.920000000000000000e+02	2.694577582996394299e-02
7.930000000000000000e+02	2.695772186441175097e-02
7.940000000000000000e+02	2.696972020349392568e-02
7.950000000000000000e+02	2.698176902512230621e-02
7.960000000000000000e+02	2.699386704043233581e-02
7.970000000000000000e+02	2.700601306183772130e-02
7.980000000000000000e+02	2.701820562673809198e-02
7.990000000000000000e+02	2.703044323200956209e-02
8.000000000000000000e+02	2.704272460511582959e-02
8.010000000000000000e+02	2.705504853191759845e-02
8.020000000000000000e+02	2.706741400848856893e-02
8.030000000000000000e+02	2.707981993720964126e-02
8.040000000000000000e+02	2.709226457297938054e-02
8.050000000000000000e+02	2.710474539781608169e-02
8.060000000000000000e+02	2.711725968730583150e-02
8.070000000000000000e+02	2.712980484773592355e-02
8.080000000000000000e+02	2.714237848933775260e-02
8.090000000000000000e+02	2.715497883411045407e-02
8.100000000000000000e+02	2.716760483697303746e-02
8.110000000000000000e+02	2.718025611715722822e-02
8.120000000000000000e+02	2.719293249889941783e-02
8.130000000000000000e+02	2.720563386973400694e-02
8.140000000000000000e+02	2.721836013998923248e-02
8.150000000000000000e+02	2.723111091651051960e-02
8.160000000000000000e+02	2.724388541087495799e-02
8.170000000000000000e+02	2.725668255344438143e-02
8.180000000000000000e+02	2.726950109579515460e-02
8.190000000000000000e+02	2.728233982204774505e-02
8.200000000000000000e+02	2.729519768193278476e-02
8.210000000000000000e+02	2.730807377243087142e-02
8.220000000000000000e+02	2.732096750913666494e-02
8.230000000000000000e+02	2.733387843737630774e-02
8.240000000000000000e+02	2.734680572547282598e-02
8.250000000000000000e+02	2.735974876876001369e-02
8.260000000000000000e+02	2.737270706377697288e-02
8.270000000000000000e+02	2.738567966708049112e-02
8.280000000000000000e+02	2.739866572211168555e-02
8.290000000000000000e+02	2.741166445982434752e-02
8.300000000000000000e+02	2.742467488146261428e-02
8.310000000000000000e+02	2.743769575659663756e-02
8.320000000000000000e+02	2.745072542863236098e-02
8.330000000000000000e+02	2.746376172918598563e-02
8.340000000000000000e+02	2.747680225905128198e-02
8.350000000000000000e+02	2.748984449184285403e-02
8.360000000000000000e+02	2.750288654186435269e-02
8.370000000000000000e+02	2.751592716345982806e-02
8.380000000000000000e+02	2.752896602143705199e-02
8.390000000000000000e+02	2.754200327524063477e-02
8.400000000000000000e+02	2.755503881833486213e-02
8.410000000000000000e+02	2.756807215547295992e-02
8.420000000000000000e+02	2.758110247576304325e-02
8.430000000000000000e+02	2.759412921046240641e-02
8.440000000000000000e+02	2.760715231307565506e-02
8.450000000000000000e+02	2.762017177184687006e-02
8.460000000000000000e+02	2.763318708250179015e-02
8.470000000000000000e+02	2.764619737791399259e-02
8.480000000000000000e+02	2.765920172171790550e-02
8.490000000000000000e+02	2.767219930316091453e-02
8.500000000000000000e+02	2.768518926220650891e-02
8.510000000000000000e+02	2.769817122838868009e-02
8.520000000000000000e+02	2.771114543150608039e-02
8.530000000000000000e+02	2.772411233527229124e-02
8.540000000000000000e+02	2.773707240976695798e-02
8.550000000000000000e+02	2.775002622698095889e-02
8.560000000000000000e+02	2.776297445641722969e-02
8.570000000000000000e+02	2.777591728672718432e-02
8.580000000000000000e+02	2.778885435555567343e-02
8.590000000000000000e+02	2.780178526778107409e-02
8.600000000000000000e+02	2.781470961886091386e-02
8.610000000000000000e+02	2.782762690847473061e-02
8.620000000000000000e+02	2.784053664501678904e-02
8.630000000000000000e+02	2.785343791877972069e-02
8.640000000000000000e+02	2.786632997692255892e-02
8.650000000000000000e+02	2.787921225274666431e-02
8.660000000000000000e+02	2.789208418777724963e-02
8.670000000000000000e+02	2.790494522398901181e-02
8.680000000000000000e+02	2.791779483368784370e-02
8.690000000000000000e+02	2.793063263242593491e-02
8.700000000000000000e+02	2.794345873586320111e-02
8.710000000000000000e+02	2.795627363958210973e-02
8.720000000000000000e+02	2.796907746337346998e-02
8.730000000000000000e+02	2.798186989747362616e-02
8.740000000000000000e+02	2.799465082060546492e-02
8.750000000000000000e+02	2.800742017050657229e-02
8.760000000000000000e+02	2.802017757528496578e-02
8.770000000000000000e+02	2.803292274171127405e-02
8.780000000000000000e+02	2.804565572596826387e-02
8.790000000000000000e+02	2.805837693194883353e-02
8.800000000000000000e+02	2.807108699710632316e-02
8.810000000000000000e+02	2.808378671028360571e-02
8.820000000000000000e+02	2.809647673787150565e-02
8.830000000000000000e+02	2.810915776222308593e-02
8.840000000000000000e+02	2.812183093094344430e-02
8.850000000000000000e+02	2.813449735487278877e-02
8.860000000000000000e+02	2.814715783125702753e-02
8.870000000000000000e+02	2.815981289674002186e-02
8.880000000000000000e+02	2.817246279592663244e-02
8.890000000000000000e+02	2.818510739395166734e-02
8.900000000000000000e+02	2.819774626180965652e-02
8.910000000000000000e+02	2.821037863477889734e-02
8.920000000000000000e+02	2.822300366200026361e-02
8.930000000000000000e+02	2.823562078884737231e-02
8.940000000000000000e+02	2.824822956397691348e-02
8.950000000000000000e+02	2.826082929143459641e-02
8.960000000000000000e+02	2.827341915285696075e-02
8.970000000000000000e+02	2.828599834956227119e-02
8.980000000000000000e+02	2.829856670468994598e-02
8.990000000000000000e+02	2.831112478558694967e-02
9.000000000000000000e+02	2.832367308891589261e-02
9.010000000000000000e+02	2.833621182329150792e-02
9.020000000000000000e+02	2.834874085854635975e-02
9.030000000000000000e+02	2.836125977120454097e-02
9.040000000000000000e+02	2.837376791590450961e-02
9.050000000000000000e+02	2.838626464058129767e-02
9.060000000000000000e+02	2.839874951741285652e-02
9.070000000000000000e+02	2.841122240702640550e-02
9.080000000000000000e+02	2.842368304978808158e-02
9.090000000000000000e+02	2.843613110357638002e-02
9.100000000000000000e+02	2.844856663921747908e-02
9.110000000000000000e+02	2.846098975311344911e-02
9.120000000000000000e+02	2.847340035055033469e-02
9.130000000000000000e+02	2.848579863870402684e-02
9.140000000000000000e+02	2.849818504638082159e-02
9.150000000000000000e+02	2.851056023214173368e-02
9.160000000000000000e+02	2.852292506952424853e-02
9.170000000000000000e+02	2.853527995593688887e-02
9.180000000000000000e+02	2.854762503755202407e-02
9.190000000000000000e+02	2.855996009185595222e-02
9.200000000000000000e+02	2.857228463770044788e-02
9.210000000000000000e+02	2.858459837744989351e-02
9.220000000000000000e+02	2.859690124251563006e-02
9.230000000000000000e+02	2.860919309268375108e-02
9.240000000000000000e+02	2.862147410148016199e-02
9.250000000000000000e+02	2.863374526952629923e-02
9.260000000000000000e+02	2.864600772864689740e-02
9.270000000000000000e+02	2.865826200179862060e-02
9.280000000000000000e+02	2.867050766964251984e-02
9.290000000000000000e+02	2.868274407205369247e-02
9.300000000000000000e+02	2.869497099765219369e-02
9.310000000000000000e+02	2.870718845296668306e-02
9.320000000000000000e+02	2.871939603380375614e-02
9.330000000000000000e+02	2.873159305922322673e-02
9.340000000000000000e+02	2.874377900500460839e-02
9.350000000000000000e+02	2.875595345823976981e-02
9.360000000000000000e+02	2.876811653436748412e-02
9.370000000000000000e+02	2.878026857980793898e-02
9.380000000000000000e+02	2.879240951543710070e-02
9.390000000000000000e+02	2.880453927193701857e-02
9.400000000000000000e+02	2.881665830109454707e-02
9.410000000000000000e+02	2.882876722450498225e-02
9.420000000000000000e+02	2.884086654961334414e-02
9.430000000000000000e+02	2.885295640036577430e-02
9.440000000000000000e+02	2.886503634335037607e-02
9.450000000000000000e+02	2.887710551544708099e-02
9.460000000000000000e+02	2.888916293964111093e-02
9.470000000000000000e+02	2.890120800247455296e-02
9.480000000000000000e+02	2.891324075205777000e-02
9.490000000000000000e+02	2.892526186931138402e-02
9.500000000000000000e+02	2.893727188456305527e-02
9.510000000000000000e+02	2.894927013485175046e-02
9.520000000000000000e+02	2.896125536561981045e-02
9.530000000000000000e+02	2.897322708937802999e-02
9.540000000000000000e+02	2.898518497181540657e-02
9.550000000000000000e+02	2.899712853532799423e-02
9.560000000000000000e+02	2.900905771534552022e-02
9.570000000000000000e+02	2.902097250797427280e-02
9.580000000000000000e+02	2.903287282408813230e-02
9.590000000000000000e+02	2.904475856188891425e-02
9.600000000000000000e+02	2.905663031300844898e-02
9.610000000000000000e+02	2.906848858834527524e-02
9.620000000000000000e+02	2.908033335736084912e-02
9.630000000000000000e+02	2.909216424261623288e-02
9.640000000000000000e+02	2.910398080520418956e-02
9.650000000000000000e+02	2.911578291370291866e-02
9.660000000000000000e+02	2.912757048736136500e-02
9.670000000000000000e+02	2.913934350720197991e-02
9.680000000000000000e+02	2.915110276430325775e-02
9.690000000000000000e+02	2.916284839571194401e-02
9.700000000000000000e+02	2.917457922241061680e-02
9.710000000000000000e+02	2.918629384151766315e-02
9.720000000000000000e+02	2.919799158947779943e-02
9.730000000000000000e+02	2.920967244908730456e-02
9.740000000000000000e+02	2.922133669149900095e-02
9.750000000000000000e+02	2.923298464686359052e-02
9.760000000000000000e+02	2.924461648490728899e-02
9.770000000000000000e+02	2.925623239231778250e-02
9.780000000000000000e+02	2.926783297736427342e-02
9.790000000000000000e+02	2.927941890587213575e-02
9.800000000000000000e+02	2.929099068878516718e-02
9.810000000000000000e+02	2.930254880761279726e-02
9.820000000000000000e+02	2.931409359288486213e-02
9.830000000000000000e+02	2.932562521130988031e-02
9.840000000000000000e+02	2.933714382395810963e-02
9.850000000000000000e+02	2.934864989425080631e-02
9.860000000000000000e+02	2.936014355316803742e-02
9.870000000000000000e+02	2.937162438203195711e-02
9.880000000000000000e+02	2.938309213186218738e-02
9.890000000000000000e+02	2.939454704257528014e-02
9.900000000000000000e+02	2.940598962092630039e-02
9.910000000000000000e+02	2.941742020101849667e-02
9.920000000000000000e+02	2.942883897819310174e-02
9.930000000000000000e+02	2.944024614632277659e-02
9.940000000000000000e+02	2.945164146976967517e-02
9.950000000000000000e+02	2.946302422633146484e-02
9.960000000000000000e+02	2.947439393090757476e-02
9.970000000000000000e+02	2.948575059179222788e-02
9.980000000000000000e+02	2.949709430583619812e-02
9.990000000000000000e+02	2.950842532234201898e-02
1.000000000000000000e+03	2.951974410581457292e-02
1.001000000000000000e+03	2.953105120896662786e-02
1.002000000000000000e+03	2.954234717757187045e-02
1.003000000000000000e+03	2.955363260273181220e-02
1.004000000000000000e+03	2.956490772611982537e-02
1.005000000000000000e+03	2.957617188006230260e-02
1.006000000000000000e+03	2.958742383064897480e-02
1.007000000000000000e+03	2.959866305556923052e-02
1.008000000000000000e+03	2.960988976782005441e-02
1.009000000000000000e+03	2.962110403295133490e-02
1.010000000000000000e+03	2.963230593818149544e-02
1.011000000000000000e+03	2.964349581802790817e-02
1.012000000000000000e+03	2.965467349249392703e-02
1.013000000000000000e+03	2.966583831708968083e-02
1.014000000000000000e+03	2.967699006924942595e-02
1.015000000000000000e+03	2.968812912793245690e-02
1.016000000000000000e+03	2.969925596483895605e-02
1.017000000000000000e+03	2.971037093151388669e-02
1.018000000000000000e+03	2.972147464941478703e-02
1.019000000000000000e+03	2.973256822281012540e-02
1.020000000000000000e+03	2.974365258858605726e-02
1.021000000000000000e+03	2.975472820742529681e-02
1.022000000000000000e+03	2.976579524292569806e-02
1.023000000000000000e+03	2.977685361322284646e-02
1.024000000000000000e+03	2.978790303009470897e-02
1.025000000000000000e+03	2.979894288499268865e-02
1.026000000000000000e+03	2.980997282029053050e-02
1.027000000000000000e+03	2.982099335755049666e-02
1.028000000000000000e+03	2.983200501700784477e-02
1.029000000000000000e+03	2.984300813018905124e-02
1.030000000000000000e+03	2.985400238490533431e-02
1.031000000000000000e+03	2.986498718953095252e-02
1.032000000000000000e+03	2.987596200434487065e-02
1.033000000000000000e+03	2.988692640491477648e-02
1.034000000000000000e+03	2.989788097761926847e-02
1.035000000000000000e+03	2.990882663538635064e-02
1.036000000000000000e+03	2.991976390712962341e-02
1.037000000000000000e+03	2.993069291085093120e-02
1.038000000000000000e+03	2.994161357942673116e-02
1.039000000000000000e+03	2.995252558489210765e-02
1.040000000000000000e+03	2.996342891191167146e-02
1.041000000000000000e+03	2.997432340081912505e-02
1.042000000000000000e+03	2.998520946506010726e-02
1.043000000000000000e+03	2.999608731043328438e-02
1.044000000000000000e+03	3.000695658548784006e-02
1.045000000000000000e+03	3.001781703388038333e-02
1.046000000000000000e+03	3.002866923897798412e-02
1.047000000000000000e+03	3.003951423431066789e-02
1.048000000000000000e+03	3.005035181283693957e-02
1.049000000000000000e+03	3.006118153640875007e-02
1.050000000000000000e+03	3.007200335926244611e-02
1.051000000000000000e+03	3.008281729938110452e-02
1.052000000000000000e+03	3.009362318184730795e-02
1.053000000000000000e+03	3.010442073440179264e-02
1.054000000000000000e+03	3.011520981332385660e-02
1.055000000000000000e+03	3.012599055497375972e-02
1.056000000000000000e+03	3.013676307773873256e-02
1.057000000000000000e+03	3.014752712221319131e-02
1.058000000000000000e+03	3.015828210319875316e-02
1.059000000000000000e+03	3.016902736074082020e-02
1.060000000000000000e+03	3.017976256115267875e-02
1.061000000000000000e+03	3.019048775058081474e-02
1.062000000000000000e+03	3.020120311268615146e-02
1.063000000000000000e+03	3.021190914507505473e-02
1.064000000000000000e+03	3.022260627622156900e-02
1.065000000000000000e+03	3.023329396300070832e-02
1.066000000000000000e+03	3.024397080738515375e-02
1.067000000000000000e+03	3.025463579257642657e-02
1.068000000000000000e+03	3.026528884350088849e-02
1.069000000000000000e+03	3.027593047800703971e-02
1.070000000000000000e+03	3.028656089532483220e-02
1.071000000000000000e+03	3.029718007741801639e-02
1.072000000000000000e+03	3.030778778647280278e-02
1.073000000000000000e+03	3.031838328347721823e-02
1.074000000000000000e+03	3.032896607447676390e-02
1.075000000000000000e+03	3.033953603338471541e-02
1.076000000000000000e+03	3.035009273718108566e-02
1.077000000000000000e+03	3.036063543299731896e-02
1.078000000000000000e+03	3.037116306422622466e-02
1.079000000000000000e+03	3.038167438348518545e-02
1.080000000000000000e+03	3.039216831430858676e-02
1.081000000000000000e+03	3.040264413778551167e-02
1.082000000000000000e+03	3.041310116195003466e-02
1.083000000000000000e+03	3.042353868431323105e-02
1.084000000000000000e+03	3.043395630685915426e-02
1.085000000000000000e+03	3.044435359302342589e-02
1.086000000000000000e+03	3.045472978262527691e-02
1.087000000000000000e+03	3.046508392959324657e-02
1.088000000000000000e+03	3.047541524577636676e-02
1.089000000000000000e+03	3.048572364342866728e-02
1.090000000000000000e+03	3.049600949961978058e-02
1.091000000000000000e+03	3.050627316481872159e-02
1.092000000000000000e+03	3.051651525600311207e-02
1.093000000000000000e+03	3.052673665584192120e-02
1.094000000000000000e+03	3.053693804027683353e-02
1.095000000000000000e+03	3.054711964061795210e-02
1.096000000000000000e+03	3.055728155221322170e-02
1.097000000000000000e+03	3.056742362316485981e-02
1.098000000000000000e+03	3.057754522597210672e-02
1.099000000000000000e+03	3.058764544780338823e-02
1.100000000000000000e+03	3.059772345224891221e-02
1.101000000000000000e+03	3.060777870861882202e-02
1.102000000000000000e+03	3.061781104940034665e-02
1.103000000000000000e+03	3.062782052238621072e-02
1.104000000000000000e+03	3.063780747052397696e-02
1.105000000000000000e+03	3.064777216143611122e-02
1.106000000000000000e+03	3.065771435159557121e-02
1.107000000000000000e+03	3.066763355361440402e-02
1.108000000000000000e+03	3.067752942031784155e-02
1.109000000000000000e+03	3.068740161351026993e-02
1.110000000000000000e+03	3.069724998151160400e-02
1.111000000000000000e+03	3.070707482437663727e-02
1.112000000000000000e+03	3.071687647467469598e-02
1.113000000000000000e+03	3.072665497998157760e-02
1.114000000000000000e+03	3.073641067123898674e-02
1.115000000000000000e+03	3.074614425979016810e-02
1.116000000000000000e+03	3.075585622297630217e-02
1.117000000000000000e+03	3.076554670936343730e-02
1.118000000000000000e+03	3.077521605840352961e-02
1.119000000000000000e+03	3.078486472938966531e-02
1.120000000000000000e+03	3.079449318570826738e-02
1.121000000000000000e+03	3.080410148821192615e-02
1.122000000000000000e+03	3.081368939648805594e-02
1.123000000000000000e+03	3.082325682996913535e-02
1.124000000000000000e+03	3.083280403797181504e-02
1.125000000000000000e+03	3.084233103763844505e-02
1.126000000000000000e+03	3.085183779244432545e-02
1.127000000000000000e+03	3.086132449723416951e-02
1.128000000000000000e+03	3.087079178086324024e-02
1.129000000000000000e+03	3.088024049328987747e-02
1.130000000000000000e+03	3.088967109212004472e-02
1.131000000000000000e+03	3.089908400839606883e-02
1.132000000000000000e+03	3.090847992300779085e-02
1.133000000000000000e+03	3.091785933475977438e-02
1.134000000000000000e+03	3.092722264984827316e-02
1.135000000000000000e+03	3.093657014205553404e-02
1.136000000000000000e+03	3.094590242098962246e-02
1.137000000000000000e+03	3.095522055430589489e-02
1.138000000000000000e+03	3.096452578318310139e-02
1.139000000000000000e+03	3.097381930372011469e-02
1.140000000000000000e+03	3.098310196387329615e-02
1.141000000000000000e+03	3.099237397045174341e-02
1.142000000000000000e+03	3.100163513794414530e-02
1.143000000000000000e+03	3.101088521642684365e-02
1.144000000000000000e+03	3.102012395704892983e-02
1.145000000000000000e+03	3.102935132629941126e-02
1.146000000000000000e+03	3.103856759677330046e-02
1.147000000000000000e+03	3.104777295116846123e-02
1.148000000000000000e+03	3.105696745202533512e-02
1.149000000000000000e+03	3.106615155123793742e-02
1.150000000000000000e+03	3.107532587910886990e-02
1.151000000000000000e+03	3.108449098613418060e-02
1.152000000000000000e+03	3.109364733287109384e-02
1.153000000000000000e+03	3.110279537154178944e-02
1.154000000000000000e+03	3.111193549180420181e-02
1.155000000000000000e+03	3.112106806158726827e-02
1.156000000000000000e+03	3.113019354636495026e-02
1.157000000000000000e+03	3.113931252756143436e-02
1.158000000000000000e+03	3.114842550070384686e-02
1.159000000000000000e+03	3.115753278287225134e-02
1.160000000000000000e+03	3.116663469096376399e-02
1.161000000000000000e+03	3.117573147350096233e-02
1.162000000000000000e+03	3.118482337211236563e-02
1.163000000000000000e+03	3.119391082605207574e-02
1.164000000000000000e+03	3.120299437901265238e-02
1.165000000000000000e+03	3.121207492082203258e-02
1.166000000000000000e+03	3.122115354821769842e-02
1.167000000000000000e+03	3.123023101465739748e-02
1.168000000000000000e+03	3.123930762921712026e-02
1.169000000000000000e+03	3.124838344140769622e-02
1.170000000000000000e+03	3.125745817367886481e-02
1.171000000000000000e+03	3.126653111688106751e-02
1.172000000000000000e+03	3.127560222094527553e-02
1.173000000000000000e+03	3.128467220214208033e-02
1.174000000000000000e+03	3.129374182575694885e-02
1.175000000000000000e+03	3.130281191223787535e-02
1.176000000000000000e+03	3.131188296201414117e-02
1.177000000000000000e+03	3.132095539344632168e-02
1.178000000000000000e+03	3.133002993173068795e-02
1.179000000000000000e+03	3.133910749936774653e-02
1.180000000000000000e+03	3.134818916582732262e-02
1.181000000000000000e+03	3.135727559587962038e-02
1.182000000000000000e+03	3.136636711198527439e-02
1.183000000000000000e+03	3.137546445214118435e-02
1.184000000000000000e+03	3.138456822101532567e-02
1.185000000000000000e+03	3.139367854146939141e-02
1.186000000000000000e+03	3.140279575335128831e-02
1.187000000000000000e+03	3.141192027706727480e-02
1.188000000000000000e+03	3.142105221632080642e-02
1.189000000000000000e+03	3.143019204333039746e-02
1.190000000000000000e+03	3.143934061638618133e-02
1.191000000000000000e+03	3.144849851747428399e-02
1.192000000000000000e+03	3.145766638859646969e-02
1.193000000000000000e+03	3.146684500433700321e-02
1.194000000000000000e+03	3.147603468289313089e-02
1.195000000000000000e+03	3.148523578426548619e-02
1.196000000000000000e+03	3.149444869998276053e-02
1.197000000000000000e+03	3.150367358861484030e-02
1.198000000000000000e+03	3.151291050748606520e-02
1.199000000000000000e+03	3.152215929979453740e-02
1.200000000000000000e+03	3.153141986064688512e-02
1.201000000000000000e+03	3.154069241718494149e-02
1.202000000000000000e+03	3.154997721588692627e-02
1.203000000000000000e+03	3.155927448673603170e-02
1.204000000000000000e+03	3.156858450074553207e-02
1.205000000000000000e+03	3.157790757842952184e-02
1.206000000000000000e+03	3.158724405626876092e-02
1.207000000000000000e+03	3.159659383719454900e-02
1.208000000000000000e+03	3.160595649911170785e-02
1.209000000000000000e+03	3.161533177469588035e-02
1.210000000000000000e+03	3.162471975956489961e-02
1.211000000000000000e+03	3.163412097143986079e-02
1.212000000000000000e+03	3.164353623895286433e-02
1.213000000000000000e+03	3.165296614196277253e-02
1.214000000000000000e+03	3.166241084046451243e-02
1.215000000000000000e+03	3.167187056899521680e-02
1.216000000000000000e+03	3.168134576497657479e-02
1.217000000000000000e+03	3.169083737827798480e-02
1.218000000000000000e+03	3.170034641607006459e-02
1.219000000000000000e+03	3.170987345586045308e-02
1.220000000000000000e+03	3.171941859432607369e-02
1.221000000000000000e+03	3.172898212736830620e-02
1.222000000000000000e+03	3.173856422207239902e-02
1.223000000000000000e+03	3.174816491528840989e-02
1.224000000000000000e+03	3.175778413626540592e-02
1.225000000000000000e+03	3.176742161603589992e-02
1.226000000000000000e+03	3.177707705900223445e-02
1.227000000000000000e+03	3.178675052115940286e-02
1.228000000000000000e+03	3.179644217032366604e-02
1.229000000000000000e+03	3.180615219810824235e-02
1.230000000000000000e+03	3.181588107154068035e-02
1.231000000000000000e+03	3.182562924982010322e-02
1.232000000000000000e+03	3.183539700831576613e-02
1.233000000000000000e+03	3.184518441833902869e-02
1.234000000000000000e+03	3.185499140674292323e-02
1.235000000000000000e+03	3.186481804363400921e-02
1.236000000000000000e+03	3.187466454396624405e-02
1.237000000000000000e+03	3.188453118967143896e-02
1.238000000000000000e+03	3.189441834562248279e-02
1.239000000000000000e+03	3.190432638806588173e-02
1.240000000000000000e+03	3.191425536291701837e-02
1.241000000000000000e+03	3.192420480126735571e-02
1.242000000000000000e+03	3.193417420932358197e-02
1.243000000000000000e+03	3.194416343651228923e-02
1.244000000000000000e+03	3.195417302797166209e-02
1.245000000000000000e+03	3.196420373383466323e-02
1.246000000000000000e+03	3.197425599387583584e-02
1.247000000000000000e+03	3.198432992064394187e-02
1.248000000000000000e+03	3.199442579678367371e-02
1.249000000000000000e+03	3.200454410927961596e-02
1.250000000000000000e+03	3.201468468326192779e-02
1.251000000000000000e+03	3.202484742063099049e-02
1.252000000000000000e+03	3.203503253579041005e-02
1.253000000000000000e+03	3.204524038269986053e-02
1.254000000000000000e+03	3.205547141300967712e-02
1.255000000000000000e+03	3.206572596928137370e-02
1.256000000000000000e+03	3.207600426462470233e-02
1.257000000000000000e+03	3.208630619667622585e-02
1.258000000000000000e+03	3.209663174651072870e-02
1.259000000000000000e+03	3.210698105603983915e-02
1.260000000000000000e+03	3.211735391336659196e-02
1.261000000000000000e+03	3.212774998301259899e-02
1.262000000000000000e+03	3.213816908750670442e-02
1.263000000000000000e+03	3.214861100884495310e-02
1.264000000000000000e+03	3.215907559966917073e-02
1.265000000000000000e+03	3.216956272133851547e-02
1.266000000000000000e+03	3.218007226645600016e-02
1.267000000000000000e+03	3.219060418247543520e-02
1.268000000000000000e+03	3.220115840743342783e-02
1.269000000000000000e+03	3.221173485179695817e-02
1.270000000000000000e+03	3.222233338800676444e-02
1.271000000000000000e+03	3.223295387309425830e-02
1.272000000000000000e+03	3.224359614220663472e-02
1.273000000000000000e+03	3.225425973654556799e-02
1.274000000000000000e+03	3.226494423279305246e-02
1.275000000000000000e+03	3.227564952717681263e-02
1.276000000000000000e+03	3.228637551349260171e-02
1.277000000000000000e+03	3.229712200107487385e-02
1.278000000000000000e+03	3.230788860487475433e-02
1.279000000000000000e+03	3.231867496900278636e-02
1.280000000000000000e+03	3.232948100513081263e-02
1.281000000000000000e+03	3.234030660927621897e-02
1.282000000000000000e+03	3.235115145552773519e-02
1.283000000000000000e+03	3.236201485875126599e-02
1.284000000000000000e+03	3.237289627212220494e-02
1.285000000000000000e+03	3.238379570871609964e-02
1.286000000000000000e+03	3.239471379404719464e-02
1.287000000000000000e+03	3.240565145282080228e-02
1.288000000000000000e+03	3.241660936322489361e-02
1.289000000000000000e+03	3.242758766471410398e-02
1.290000000000000000e+03	3.243858634422792236e-02
1.291000000000000000e+03	3.244960543303773703e-02
1.292000000000000000e+03	3.246064497277437177e-02
1.293000000000000000e+03	3.247170522533834175e-02
1.294000000000000000e+03	3.248278664870644927e-02
1.295000000000000000e+03	3.249388938239461400e-02
1.296000000000000000e+03	3.250501310917709719e-02
1.297000000000000000e+03	3.251615737676927936e-02
1.298000000000000000e+03	3.252732173857208336e-02
1.299000000000000000e+03	3.253850604581335487e-02
1.300000000000000000e+03	3.254971070807247124e-02
1.301000000000000000e+03	3.256093634119585495e-02
1.302000000000000000e+03	3.257218333532656274e-02
1.303000000000000000e+03	3.258345178201169090e-02
1.304000000000000000e+03	3.259474147210975059e-02
1.305000000000000000e+03	3.260605176628894597e-02
1.306000000000000000e+03	3.261738190768020962e-02
1.307000000000000000e+03	3.262873119842497893e-02
1.308000000000000000e+03	3.264009886659462178e-02
1.309000000000000000e+03	3.265148421894494002e-02
1.310000000000000000e+03	3.266288687675837632e-02
1.311000000000000000e+03	3.267430673069041808e-02
1.312000000000000000e+03	3.268574338971036441e-02
1.313000000000000000e+03	3.269719652789495473e-02
1.314000000000000000e+03	3.270866608409277176e-02
1.315000000000000000e+03	3.272015207672507309e-02
1.316000000000000000e+03	3.273165438470406613e-02
1.317000000000000000e+03	3.274317281869947721e-02
1.318000000000000000e+03	3.275470727190631093e-02
1.319000000000000000e+03	3.276625788592057303e-02
1.320000000000000000e+03	3.277782502559330874e-02
1.321000000000000000e+03	3.278940862271992329e-02
1.322000000000000000e+03	3.280100820593988276e-02
1.323000000000000000e+03	3.281262336825400971e-02
1.324000000000000000e+03	3.282425358537598148e-02
1.325000000000000000e+03	3.283589803632502857e-02
1.326000000000000000e+03	3.284755597723745812e-02
1.327000000000000000e+03	3.285922710736986080e-02
1.328000000000000000e+03	3.287091168152636578e-02
1.329000000000000000e+03	3.288261027312196216e-02
1.330000000000000000e+03	3.289432341766739681e-02
1.331000000000000000e+03	3.290605135143150062e-02
1.332000000000000000e+03	3.291779404391331765e-02
1.333000000000000000e+03	3.292955161257807989e-02
1.334000000000000000e+03	3.294132425216471372e-02
1.335000000000000000e+03	3.295311206699571421e-02
1.336000000000000000e+03	3.296491524662624462e-02
1.337000000000000000e+03	3.297673396719016242e-02
1.338000000000000000e+03	3.298856817904100014e-02
1.339000000000000000e+03	3.300041752672965012e-02
1.340000000000000000e+03	3.301228161340342970e-02
1.341000000000000000e+03	3.302416029713591689e-02
1.342000000000000000e+03	3.303605383223698344e-02
1.343000000000000000e+03	3.304796248699159306e-02
1.344000000000000000e+03	3.305988640453565858e-02
1.345000000000000000e+03	3.307182621180108917e-02
1.346000000000000000e+03	3.308378273729704888e-02
1.347000000000000000e+03	3.309575632731286826e-02
1.348000000000000000e+03	3.310774706488891356e-02
1.349000000000000000e+03	3.311975516112437845e-02
1.350000000000000000e+03	3.313178105850055066e-02
1.351000000000000000e+03	3.314382503154217341e-02
1.352000000000000000e+03	3.315588724844698021e-02
1.353000000000000000e+03	3.316796763299887513e-02
1.354000000000000000e+03	3.318006614597662773e-02
1.355000000000000000e+03	3.319218300140663186e-02
1.356000000000000000e+03	3.320431874932276012e-02
1.357000000000000000e+03	3.321647400396772476e-02
1.358000000000000000e+03	3.322864904798648877e-02
1.359000000000000000e+03	3.324084406798259728e-02
1.360000000000000000e+03	3.325305925971226706e-02
1.361000000000000000e+03	3.326529469495790453e-02
1.362000000000000000e+03	3.327755038097943152e-02
1.363000000000000000e+03	3.328982654421307891e-02
1.364000000000000000e+03	3.330212352276807480e-02
1.365000000000000000e+03	3.331444189008374301e-02
1.366000000000000000e+03	3.332678234282220736e-02
1.367000000000000000e+03	3.333914524043754546e-02
1.368000000000000000e+03	3.335153065639152870e-02
1.369000000000000000e+03	3.336393898676023179e-02
1.370000000000000000e+03	3.337637048635704040e-02
1.371000000000000000e+03	3.338882556773760391e-02
1.372000000000000000e+03	3.340130469354574139e-02
1.373000000000000000e+03	3.341380802602451905e-02
1.374000000000000000e+03	3.342633549343374672e-02
1.375000000000000000e+03	3.343888698319778113e-02
1.376000000000000000e+03	3.345146243545583931e-02
1.377000000000000000e+03	3.346406191626197235e-02
1.378000000000000000e+03	3.347668543514117911e-02
1.379000000000000000e+03	3.348933275157333495e-02
1.380000000000000000e+03	3.350200376174427425e-02
1.381000000000000000e+03	3.351469854702724543e-02
1.382000000000000000e+03	3.352741751900432943e-02
1.383000000000000000e+03	3.354016105922684454e-02
1.384000000000000000e+03	3.355292947904948281e-02
1.385000000000000000e+03	3.356572303060167961e-02
1.386000000000000000e+03	3.357854177278498525e-02
1.387000000000000000e+03	3.359138567498645006e-02
1.388000000000000000e+03	3.360425444636579856e-02
1.389000000000000000e+03	3.361714782981428673e-02
1.390000000000000000e+03	3.363006560699674519e-02
1.391000000000000000e+03	3.364300783485423690e-02
1.392000000000000000e+03	3.365597482786009120e-02
1.393000000000000000e+03	3.366896663714254168e-02
1.394000000000000000e+03	3.368198292779495812e-02
1.395000000000000000e+03	3.369502307754628639e-02
1.396000000000000000e+03	3.370808645276502508e-02
1.397000000000000000e+03	3.372117260954311802e-02
1.398000000000000000e+03	3.373428170917214947e-02
1.399000000000000000e+03	3.374741423985311989e-02
1.400000000000000000e+03	3.376057066375873217e-02
1.401000000000000000e+03	3.377375093517395038e-02
1.402000000000000000e+03	3.378695466877429388e-02
1.403000000000000000e+03	3.380018144857057510e-02
1.404000000000000000e+03	3.381343099824991177e-02
1.405000000000000000e+03	3.382670331646888545e-02
1.406000000000000000e+03	3.383999894189967939e-02
1.407000000000000000e+03	3.385331857083657275e-02
1.408000000000000000e+03	3.386666258904177246e-02
1.409000000000000000e+03	3.388003080833305869e-02
1.410000000000000000e+03	3.389342276715383295e-02
1.411000000000000000e+03	3.390683824922306050e-02
1.412000000000000000e+03	3.392027711978683885e-02
1.413000000000000000e+03	3.393373926997721168e-02
1.414000000000000000e+03	3.394722447119200015e-02
1.415000000000000000e+03	3.396073300263847267e-02
1.416000000000000000e+03	3.397426522188203013e-02
1.417000000000000000e+03	3.398782108905257920e-02
1.418000000000000000e+03	3.400140072232443744e-02
1.419000000000000000e+03	3.401500430351130783e-02
1.420000000000000000e+03	3.402863162968369076e-02
1.421000000000000000e+03	3.404228242555554923e-02
1.422000000000000000e+03	3.405595667932429654e-02
1.423000000000000000e+03	3.406965433167188223e-02
1.424000000000000000e+03	3.408337496384710591e-02
1.425000000000000000e+03	3.409711768454460473e-02
1.426000000000000000e+03	3.411088256490876075e-02
1.427000000000000000e+03	3.412466977970595589e-02
1.428000000000000000e+03	3.413847958255342152e-02
1.429000000000000000e+03	3.415231211153497287e-02
1.430000000000000000e+03	3.416616704221712986e-02
1.431000000000000000e+03	3.418004384174287008e-02
1.432000000000000000e+03	3.419394169934442812e-02
1.433000000000000000e+03	3.420785992900941819e-02
1.434000000000000000e+03	3.422179803767712303e-02
1.435000000000000000e+03	3.423575559834043935e-02
1.436000000000000000e+03	3.424973244686179558e-02
1.437000000000000000e+03	3.426372823045656379e-02
1.438000000000000000e+03	3.427774278587217976e-02
1.439000000000000000e+03	3.429177558630278760e-02
1.440000000000000000e+03	3.430582597571444486e-02
1.441000000000000000e+03	3.431989355029265581e-02
1.442000000000000000e+03	3.433397821054575555e-02
1.443000000000000000e+03	3.434807982972402224e-02
1.444000000000000000e+03	3.436219824917093046e-02
1.445000000000000000e+03	3.437633318871034793e-02
1.446000000000000000e+03	3.439048439647058447e-02
1.447000000000000000e+03	3.440465182777574515e-02
1.448000000000000000e+03	3.441883546837484764e-02
1.449000000000000000e+03	3.443303526143608184e-02
1.450000000000000000e+03	3.444725103186269816e-02
1.451000000000000000e+03	3.446148201288649210e-02
1.452000000000000000e+03	3.447572743595374994e-02
1.453000000000000000e+03	3.448998705728694575e-02
1.454000000000000000e+03	3.450426133328674677e-02
1.455000000000000000e+03	3.451855048709893958e-02
1.456000000000000000e+03	3.453285436070639702e-02
1.457000000000000000e+03	3.454717276346735283e-02
1.458000000000000000e+03	3.456150555234806243e-02
1.459000000000000000e+03	3.457585254897567462e-02
1.460000000000000000e+03	3.459021359077270319e-02
1.461000000000000000e+03	3.460458850989950319e-02
1.462000000000000000e+03	3.461897715938461878e-02
1.463000000000000000e+03	3.463337956369050979e-02
1.464000000000000000e+03	3.464779561769466831e-02
1.465000000000000000e+03	3.466222505672530985e-02
1.466000000000000000e+03	3.467666750215761540e-02
1.467000000000000000e+03	3.469112294020940818e-02
1.468000000000000000e+03	3.470559157518794680e-02
1.469000000000000000e+03	3.472007373859604951e-02
1.470000000000000000e+03	3.473456965762013876e-02
1.471000000000000000e+03	3.474907927907910227e-02
1.472000000000000000e+03	3.476360235089987621e-02
1.473000000000000000e+03	3.477813857907847972e-02
1.474000000000000000e+03	3.479268780502737385e-02
1.475000000000000000e+03	3.480724995790376169e-02
1.476000000000000000e+03	3.482182501305336464e-02
1.477000000000000000e+03	3.483641292695859037e-02
1.478000000000000000e+03	3.485101354356408276e-02
1.479000000000000000e+03	3.486562673899536863e-02
1.480000000000000000e+03	3.488025235243380484e-02
1.481000000000000000e+03	3.489489029315816920e-02
1.482000000000000000e+03	3.490954063540740310e-02
1.483000000000000000e+03	3.492420346645272455e-02
1.484000000000000000e+03	3.493887873223411322e-02
1.485000000000000000e+03	3.495356613755264824e-02
1.486000000000000000e+03	3.496826521915027269e-02
1.487000000000000000e+03	3.498297541380201992e-02
1.488000000000000000e+03	3.499769630678051940e-02
1.489000000000000000e+03	3.501242792116468494e-02
1.490000000000000000e+03	3.502717052828334399e-02
1.491000000000000000e+03	3.504192423427040376e-02
1.492000000000000000e+03	3.505668908257945221e-02
1.493000000000000000e+03	3.507146478501151771e-02
1.494000000000000000e+03	3.508625092807205609e-02
1.495000000000000000e+03	3.510104735611070670e-02
1.496000000000000000e+03	3.511585413705577141e-02
1.497000000000000000e+03	3.513067146912713518e-02
1.498000000000000000e+03	3.514549956344496795e-02
1.499000000000000000e+03	3.516033846099608090e-02
1.500000000000000000e+03	3.517518785617204657e-02
1.501000000000000000e+03	3.519004750470896420e-02
1.502000000000000000e+03	3.520491747437359126e-02
1.503000000000000000e+03	3.521979797368472720e-02
1.504000000000000000e+03	3.523468918821491547e-02
1.505000000000000000e+03	3.524959114714470293e-02
1.506000000000000000e+03	3.526450389172352401e-02
1.507000000000000000e+03	3.527942734307067119e-02
1.508000000000000000e+03	3.529436125079899594e-02
1.509000000000000000e+03	3.530930539134621848e-02
1.510000000000000000e+03	3.532425966092814229e-02
1.511000000000000000e+03	3.533922420550546228e-02
1.512000000000000000e+03	3.535419918801813166e-02
1.513000000000000000e+03	3.536918480046283980e-02
1.514000000000000000e+03	3.538418120599632483e-02
1.515000000000000000e+03	3.539918852418724726e-02
1.516000000000000000e+03	3.541420683199560104e-02
1.517000000000000000e+03	3.542923620145146946e-02
1.518000000000000000e+03	3.544427678638791684e-02
1.519000000000000000e+03	3.545932848738337501e-02
1.520000000000000000e+03	3.547439091514351800e-02
1.521000000000000000e+03	3.548946358115275673e-02
1.522000000000000000e+03	3.550454602722034197e-02
1.523000000000000000e+03	3.551963779231228496e-02
1.524000000000000000e+03	3.553473878657801427e-02
1.525000000000000000e+03	3.554984938119972598e-02
1.526000000000000000e+03	3.556496992071094682e-02
1.527000000000000000e+03	3.558010056955766831e-02
1.528000000000000000e+03	3.559524121963782844e-02
1.529000000000000000e+03	3.561039181696092765e-02
1.530000000000000000e+03	3.562555242876825484e-02
1.531000000000000000e+03	3.564072304935397145e-02
1.532000000000000000e+03	3.565590361052041468e-02
1.533000000000000000e+03	3.567109386403833488e-02
1.534000000000000000e+03	3.568629355589872376e-02
1.535000000000000000e+03	3.570150255889022184e-02
1.536000000000000000e+03	3.571672086735187823e-02
1.537000000000000000e+03	3.573194854915222318e-02
1.538000000000000000e+03	3.574718576036384210e-02
1.539000000000000000e+03	3.576243272459361799e-02
1.540000000000000000e+03	3.577768959595487019e-02
1.541000000000000000e+03	3.579295652908487391e-02
1.542000000000000000e+03	3.580823351448368663e-02
1.543000000000000000e+03	3.582352024644248900e-02
1.544000000000000000e+03	3.583881644024447533e-02
1.545000000000000000e+03	3.585412192413287014e-02
1.546000000000000000e+03	3.586943659448524335e-02
1.547000000000000000e+03	3.588476037177883854e-02
1.548000000000000000e+03	3.590009313720318035e-02
1.549000000000000000e+03	3.591543478629680153e-02
1.550000000000000000e+03	3.593078524514308619e-02
1.551000000000000000e+03	3.594614441797669424e-02
1.552000000000000000e+03	3.596151229851022452e-02
1.553000000000000000e+03	3.597688886690681570e-02
1.554000000000000000e+03	3.599227385339334728e-02
1.555000000000000000e+03	3.600766672931101503e-02
1.556000000000000000e+03	3.602306685837079747e-02
1.557000000000000000e+03	3.603847370248091514e-02
1.558000000000000000e+03	3.605388715535790684e-02
1.559000000000000000e+03	3.606930734192467791e-02
1.560000000000000000e+03	3.608473448552893675e-02
1.561000000000000000e+03	3.610016881479763406e-02
1.562000000000000000e+03	3.611561035864632729e-02
1.563000000000000000e+03	3.613105885368940451e-02
1.564000000000000000e+03	3.614651405109869237e-02
1.565000000000000000e+03	3.616197583825109946e-02
1.566000000000000000e+03	3.617744422771804885e-02
1.567000000000000000e+03	3.619291933157597896e-02
1.568000000000000000e+03	3.620840118442189559e-02
1.569000000000000000e+03	3.622388965485523471e-02
1.570000000000000000e+03	3.623938449264928197e-02
1.571000000000000000e+03	3.625488541536790732e-02
1.572000000000000000e+03	3.627039220784064599e-02
1.573000000000000000e+03	3.628590475222622652e-02
1.574000000000000000e+03	3.630142303448308932e-02
1.575000000000000000e+03	3.631694702544072811e-02
1.576000000000000000e+03	3.633247656194203007e-02
1.577000000000000000e+03	3.634801147714559338e-02
1.578000000000000000e+03	3.636355149830276107e-02
1.579000000000000000e+03	3.637909630298445662e-02
1.580000000000000000e+03	3.639464562583004381e-02
1.581000000000000000e+03	3.641019931356846012e-02
1.582000000000000000e+03	3.642575716757740639e-02
1.583000000000000000e+03	3.644131895431050594e-02
1.584000000000000000e+03	3.645688446495989887e-02
1.585000000000000000e+03	3.647245360698553318e-02
1.586000000000000000e+03	3.648802651098968786e-02
1.587000000000000000e+03	3.650360341646749496e-02
1.588000000000000000e+03	3.651918455147559056e-02
1.589000000000000000e+03	3.653477001678860636e-02
1.590000000000000000e+03	3.655035977498958394e-02
1.591000000000000000e+03	3.656595366081783621e-02
1.592000000000000000e+03	3.658155148454385330e-02
1.593000000000000000e+03	3.659715322309878283e-02
1.594000000000000000e+03	3.661275900914408993e-02
1.595000000000000000e+03	3.662836911581331123e-02
1.596000000000000000e+03	3.664398364492664484e-02
1.597000000000000000e+03	3.665960241168624706e-02
1.598000000000000000e+03	3.667522515714184694e-02
1.599000000000000000e+03	3.669085161082785707e-02
1.600000000000000000e+03	3.670648154555802151e-02
1.601000000000000000e+03	3.672211480212500545e-02
1.602000000000000000e+03	3.673775123036351897e-02
1.603000000000000000e+03	3.675339063360572728e-02
1.604000000000000000e+03	3.676903275021695117e-02
1.605000000000000000e+03	3.678467729608132786e-02
1.606000000000000000e+03	3.680032414335714791e-02
1.607000000000000000e+03	3.681597329219782333e-02
1.608000000000000000e+03	3.683162489634805165e-02
1.609000000000000000e+03	3.684727922407173006e-02
1.610000000000000000e+03	3.686293648440110149e-02
1.611000000000000000e+03	3.687859674958990364e-02
1.612000000000000000e+03	3.689425995512152917e-02
1.613000000000000000e+03	3.690992594005221977e-02
1.614000000000000000e+03	3.692559444180831124e-02
1.615000000000000000e+03	3.694126515078436507e-02
1.616000000000000000e+03	3.695693785018256544e-02
1.617000000000000000e+03	3.697261243520810065e-02
1.618000000000000000e+03	3.698828882510988431e-02
1.619000000000000000e+03	3.700396686620258807e-02
1.620000000000000000e+03	3.701964636067534703e-02
1.621000000000000000e+03	3.703532712819783412e-02
1.622000000000000000e+03	3.705100900268506331e-02
1.623000000000000000e+03	3.706669179042100526e-02
1.624000000000000000e+03	3.708237524845203054e-02
1.625000000000000000e+03	3.709805913442733999e-02
1.626000000000000000e+03	3.711374320276063926e-02
1.627000000000000000e+03	3.712942735093889557e-02
1.628000000000000000e+03	3.714511162427315549e-02
1.629000000000000000e+03	3.716079611212459027e-02
1.630000000000000000e+03	3.717648089503517578e-02
1.631000000000000000e+03	3.719216590524172805e-02
1.632000000000000000e+03	3.720785094963587059e-02
1.633000000000000000e+03	3.722353571690648066e-02
1.634000000000000000e+03	3.723921985784345301e-02
1.635000000000000000e+03	3.725490310553165874e-02
1.636000000000000000e+03	3.727058534535186707e-02
1.637000000000000000e+03	3.728626662471394571e-02
1.638000000000000000e+03	3.730194708653894464e-02
1.639000000000000000e+03	3.731762683714043294e-02
1.640000000000000000e+03	3.733330596437987176e-02
1.641000000000000000e+03	3.734898458035178226e-02
1.642000000000000000e+03	3.736466282665795030e-02
1.643000000000000000e+03	3.738034085937650547e-02
1.644000000000000000e+03	3.739601874159809852e-02
1.645000000000000000e+03	3.741169636949498445e-02
1.646000000000000000e+03	3.742737359527750080e-02
1.647000000000000000e+03	3.744305037050758150e-02
1.648000000000000000e+03	3.745872665814223984e-02
1.649000000000000000e+03	3.747440242524334442e-02
1.650000000000000000e+03	3.749007774264020293e-02
1.651000000000000000e+03	3.750575272765913071e-02
1.652000000000000000e+03	3.752142748812964390e-02
1.653000000000000000e+03	3.753710216331961058e-02
1.654000000000000000e+03	3.755277692660897310e-02
1.655000000000000000e+03	3.756845192648694542e-02
1.656000000000000000e+03	3.758412721810368978e-02
1.657000000000000000e+03	3.759980281602644248e-02
1.658000000000000000e+03	3.761547871576057661e-02
1.659000000000000000e+03	3.763115484084535861e-02
1.660000000000000000e+03	3.764683103002741671e-02
1.661000000000000000e+03	3.766250703953692019e-02
1.662000000000000000e+03	3.767818262458830225e-02
1.663000000000000000e+03	3.769385765705882824e-02
1.664000000000000000e+03	3.770953215955987620e-02
1.665000000000000000e+03	3.772520617053298081e-02
1.666000000000000000e+03	3.774087968029054413e-02
1.667000000000000000e+03	3.775655268112265706e-02
1.668000000000000000e+03	3.777222519726582822e-02
1.669000000000000000e+03	3.778789729747666915e-02
1.670000000000000000e+03	3.780356912461625696e-02
1.671000000000000000e+03	3.781924087427616932e-02
1.672000000000000000e+03	3.783491274857968961e-02
1.673000000000000000e+03	3.785058487435493529e-02
1.674000000000000000e+03	3.786625730538437790e-02
1.675000000000000000e+03	3.788193006484256997e-02
1.676000000000000000e+03	3.789760313788991669e-02
1.677000000000000000e+03	3.791327650023503665e-02
1.678000000000000000e+03	3.792895012626564671e-02
1.679000000000000000e+03	3.794462393936459677e-02
1.680000000000000000e+03	3.796029778012043748e-02
1.681000000000000000e+03	3.797597135244861616e-02
1.682000000000000000e+03	3.799164427992379744e-02
1.683000000000000000e+03	3.800731617438873888e-02
1.684000000000000000e+03	3.802298669139830833e-02
1.685000000000000000e+03	3.803865557592772673e-02
1.686000000000000000e+03	3.805432268753983216e-02
1.687000000000000000e+03	3.806998789909590147e-02
1.688000000000000000e+03	3.808565100713139778e-02
1.689000000000000000e+03	3.810131180516788951e-02
1.690000000000000000e+03	3.811697015389239190e-02
1.691000000000000000e+03	3.813262606989964443e-02
1.692000000000000000e+03	3.814827975934660664e-02
1.693000000000000000e+03	3.816393149053919076e-02
1.694000000000000000e+03	3.817958145204676523e-02
1.695000000000000000e+03	3.819522966833691080e-02
1.696000000000000000e+03	3.821087602255855004e-02
1.697000000000000000e+03	3.822652034518025238e-02
1.698000000000000000e+03	3.824216255505977213e-02
1.699000000000000000e+03	3.825780268502808334e-02
1.700000000000000000e+03	3.827344089491863111e-02
1.701000000000000000e+03	3.828907737916655701e-02
1.702000000000000000e+03	3.830471217542276430e-02
1.703000000000000000e+03	3.832034513431725742e-02
1.704000000000000000e+03	3.833597596758267501e-02
1.705000000000000000e+03	3.835160439438087959e-02
1.706000000000000000e+03	3.836723027950528220e-02
1.707000000000000000e+03	3.838285366168198154e-02
1.708000000000000000e+03	3.839847461329019135e-02
1.709000000000000000e+03	3.841409307540193802e-02
1.710000000000000000e+03	3.842970884707624241e-02
1.711000000000000000e+03	3.844532160900950013e-02
1.712000000000000000e+03	3.846093102604558611e-02
1.713000000000000000e+03	3.847653687473658740e-02
1.714000000000000000e+03	3.849213904296093502e-02
1.715000000000000000e+03	3.850773739929283512e-02
1.716000000000000000e+03	3.852333177009338583e-02
1.717000000000000000e+03	3.853892197653739637e-02
1.718000000000000000e+03	3.855450788362467518e-02
1.719000000000000000e+03	3.857008947728907816e-02
1.720000000000000000e+03	3.858566682810350007e-02
1.721000000000000000e+03	3.860124006735123764e-02
1.722000000000000000e+03	3.861680933646282482e-02
1.723000000000000000e+03	3.863237464642108737e-02
1.724000000000000000e+03	3.864793582846726139e-02
1.725000000000000000e+03	3.866349253992432122e-02
1.726000000000000000e+03	3.867904435332503860e-02
1.727000000000000000e+03	3.869459090736361573e-02
1.728000000000000000e+03	3.871013200356591966e-02
1.729000000000000000e+03	3.872566752204330970e-02
1.730000000000000000e+03	3.874119730507466497e-02
1.731000000000000000e+03	3.875672113625724946e-02
1.732000000000000000e+03	3.877223877455910489e-02
1.733000000000000000e+03	3.878775005074877602e-02
1.734000000000000000e+03	3.880325492164662243e-02
1.735000000000000000e+03	3.881875346223533779e-02
1.736000000000000000e+03	3.883424573532755913e-02
1.737000000000000000e+03	3.884973159770457873e-02
1.738000000000000000e+03	3.886521078267601848e-02
1.739000000000000000e+03	3.888068304140150644e-02
1.740000000000000000e+03	3.889614818944197444e-02
1.741000000000000000e+03	3.891160615050768407e-02
1.742000000000000000e+03	3.892705696862124032e-02
1.743000000000000000e+03	3.894250067759146006e-02
1.744000000000000000e+03	3.895793723757894067e-02
1.745000000000000000e+03	3.897336652614393632e-02
1.746000000000000000e+03	3.898878841589284439e-02
1.747000000000000000e+03	3.900420293537880390e-02
1.748000000000000000e+03	3.901961022618530284e-02
1.749000000000000000e+03	3.903501044463184022e-02
1.750000000000000000e+03	3.905040368898887032e-02
1.751000000000000000e+03	3.906578992397011230e-02
1.752000000000000000e+03	3.908116898136087397e-02
1.753000000000000000e+03	3.909654062752129094e-02
1.754000000000000000e+03	3.911190462079687513e-02
1.755000000000000000e+03	3.912726072532806548e-02
1.756000000000000000e+03	3.914260877241598074e-02
1.757000000000000000e+03	3.915794865217800402e-02
1.758000000000000000e+03	3.917328027204024232e-02
1.759000000000000000e+03	3.918860344366462134e-02
1.760000000000000000e+03	3.920391784306392208e-02
1.761000000000000000e+03	3.921922310950487489e-02
1.762000000000000000e+03	3.923451903681954289e-02
1.763000000000000000e+03	3.924980558468326580e-02
1.764000000000000000e+03	3.926508276080665355e-02
1.765000000000000000e+03	3.928035059096188913e-02
1.766000000000000000e+03	3.929560909640082006e-02
1.767000000000000000e+03	3.931085819479267218e-02
1.768000000000000000e+03	3.932609776451115313e-02
1.769000000000000000e+03	3.934132774273278038e-02
1.770000000000000000e+03	3.935654810276102700e-02
1.771000000000000000e+03	3.937175889146672658e-02
1.772000000000000000e+03	3.938696011426692789e-02
1.773000000000000000e+03	3.940215170585349702e-02
1.774000000000000000e+03	3.941733355198379779e-02
1.775000000000000000e+03	3.943250550212072658e-02
1.776000000000000000e+03	3.944766739934540273e-02
1.777000000000000000e+03	3.946281909634484497e-02
1.778000000000000000e+03	3.947796033296657042e-02
1.779000000000000000e+03	3.949309077615469066e-02
1.780000000000000000e+03	3.950821018092057907e-02
1.781000000000000000e+03	3.952331837873774428e-02
1.782000000000000000e+03	3.953841533261329144e-02
1.783000000000000000e+03	3.955350114397993694e-02
1.784000000000000000e+03	3.956857604840538500e-02
1.785000000000000000e+03	3.958364035067431230e-02
1.786000000000000000e+03	3.959869427876331477e-02
1.787000000000000000e+03	3.961373789484132907e-02
1.788000000000000000e+03	3.962877112716687439e-02
1.789000000000000000e+03	3.964379387552231099e-02
1.790000000000000000e+03	3.965880594919331259e-02
1.791000000000000000e+03	3.967380709712469561e-02
1.792000000000000000e+03	3.968879707495051590e-02
1.793000000000000000e+03	3.970377560354529378e-02
1.794000000000000000e+03	3.971874234610052457e-02
1.795000000000000000e+03	3.973369705483284497e-02
1.796000000000000000e+03	3.974863963154045415e-02
1.797000000000000000e+03	3.976357009220379130e-02
1.798000000000000000e+03	3.977848851254085077e-02
1.799000000000000000e+03	3.979339504243667447e-02
1.800000000000000000e+03	3.980828984338016796e-02
1.801000000000000000e+03	3.982317295629753812e-02
1.802000000000000000e+03	3.983804438205519605e-02
1.803000000000000000e+03	3.985290411265961924e-02
1.804000000000000000e+03	3.986775212944115160e-02
1.805000000000000000e+03	3.988258841043984537e-02
1.806000000000000000e+03	3.989741302257570482e-02
1.807000000000000000e+03	3.991222606175095361e-02
1.808000000000000000e+03	3.992702764378984470e-02
1.809000000000000000e+03	3.994181786584583005e-02
1.810000000000000000e+03	3.995659678218182326e-02
1.811000000000000000e+03	3.997136442627197139e-02
1.812000000000000000e+03	3.998612085509404418e-02
1.813000000000000000e+03	4.000086607429775842e-02
1.814000000000000000e+03	4.001559994585731500e-02
1.815000000000000000e+03	4.003032216108579761e-02
1.816000000000000000e+03	4.004503236636761110e-02
1.817000000000000000e+03	4.005973021443298004e-02
1.818000000000000000e+03	4.007441543748816587e-02
1.819000000000000000e+03	4.008908788803092899e-02
1.820000000000000000e+03	4.010374750063105953e-02
1.821000000000000000e+03	4.011839421722140225e-02
1.822000000000000000e+03	4.013302796329797778e-02
1.823000000000000000e+03	4.014764859537812980e-02
1.824000000000000000e+03	4.016225591228979319e-02
1.825000000000000000e+03	4.017684969655773569e-02
1.826000000000000000e+03	4.019142980091064410e-02
1.827000000000000000e+03	4.020599618503513384e-02
1.828000000000000000e+03	4.022054878243118414e-02
1.829000000000000000e+03	4.023508743109452390e-02
1.830000000000000000e+03	4.024961191520951692e-02
1.831000000000000000e+03	4.026412211273753400e-02
1.832000000000000000e+03	4.027861809601186727e-02
1.833000000000000000e+03	4.029310001023142518e-02
1.834000000000000000e+03	4.030756791840368197e-02
1.835000000000000000e+03	4.032202181595324897e-02
1.836000000000000000e+03	4.033646156307266195e-02
1.837000000000000000e+03	4.035088688056649026e-02
1.838000000000000000e+03	4.036529746014461822e-02
1.839000000000000000e+03	4.037969313270703409e-02
1.840000000000000000e+03	4.039407394666645612e-02
1.841000000000000000e+03	4.040843994960607866e-02
1.842000000000000000e+03	4.042279101776790479e-02
1.843000000000000000e+03	4.043712685359603098e-02
1.844000000000000000e+03	4.045144704300253358e-02
1.845000000000000000e+03	4.046575118359945628e-02
1.846000000000000000e+03	4.048003903618967864e-02
1.847000000000000000e+03	4.049431049349568740e-02
1.848000000000000000e+03	4.050856541678262562e-02
1.849000000000000000e+03	4.052280350965035277e-02
1.850000000000000000e+03	4.053702439872395452e-02
1.851000000000000000e+03	4.055122777567910647e-02
1.852000000000000000e+03	4.056541347594427166e-02
1.853000000000000000e+03	4.057958144490997343e-02
1.854000000000000000e+03	4.059373164691143510e-02
1.855000000000000000e+03	4.060786400941867463e-02
1.856000000000000000e+03	4.062197837131689693e-02
1.857000000000000000e+03	4.063607452234609813e-02
1.858000000000000000e+03	4.065015225108566804e-02
1.859000000000000000e+03	4.066421140798869710e-02
1.860000000000000000e+03	4.067825182864923117e-02
1.861000000000000000e+03	4.069227324089565168e-02
1.862000000000000000e+03	4.070627537539720647e-02
1.863000000000000000e+03	4.072025788888829212e-02
1.864000000000000000e+03	4.073422014680035813e-02
1.865000000000000000e+03	4.074816153641285660e-02
1.866000000000000000e+03	4.076208160990331397e-02
1.867000000000000000e+03	4.077598018282874853e-02
1.868000000000000000e+03	4.078985724953873571e-02
1.869000000000000000e+03	4.080371279713253252e-02
1.870000000000000000e+03	4.081754667252818908e-02
1.871000000000000000e+03	4.083135864240478030e-02
1.872000000000000000e+03	4.084514847307043478e-02
1.873000000000000000e+03	4.085891596230593198e-02
1.874000000000000000e+03	4.087266095445966224e-02
1.875000000000000000e+03	4.088638336875559387e-02
1.876000000000000000e+03	4.090008312883198355e-02
1.877000000000000000e+03	4.091376007113445290e-02
1.878000000000000000e+03	4.092741397823872890e-02
1.879000000000000000e+03	4.094104463202094535e-02
1.880000000000000000e+03	4.095465190077527545e-02
1.881000000000000000e+03	4.096823566078920675e-02
1.882000000000000000e+03	4.098179579666057920e-02
1.883000000000000000e+03	4.099533223750072980e-02
1.884000000000000000e+03	4.100884480318177372e-02
1.885000000000000000e+03	4.102233316770748095e-02
1.886000000000000000e+03	4.103579705159281221e-02
1.887000000000000000e+03	4.104923632100959674e-02
1.888000000000000000e+03	4.106265080921940591e-02
1.889000000000000000e+03	4.107604038210661834e-02
1.890000000000000000e+03	4.108940492875016309e-02
1.891000000000000000e+03	4.110274431851688309e-02
1.892000000000000000e+03	4.111605816197889257e-02
1.893000000000000000e+03	4.112934604375931280e-02
1.894000000000000000e+03	4.114260768079427283e-02
1.895000000000000000e+03	4.115584301803745793e-02
1.896000000000000000e+03	4.116905216485701458e-02
1.897000000000000000e+03	4.118223509864821219e-02
1.898000000000000000e+03	4.119539163709468044e-02
1.899000000000000000e+03	4.120852141481781694e-02
1.900000000000000000e+03	4.122162399642986808e-02
1.901000000000000000e+03	4.123469907408568863e-02
1.902000000000000000e+03	4.124774652972953287e-02
1.903000000000000000e+03	4.126076651596467110e-02
1.904000000000000000e+03	4.127375926899726905e-02
1.905000000000000000e+03	4.128672494530236797e-02
1.906000000000000000e+03	4.129966346614168116e-02
1.907000000000000000e+03	4.131257454344043623e-02
1.908000000000000000e+03	4.132545773975636327e-02
1.909000000000000000e+03	4.133831268961915550e-02
1.910000000000000000e+03	4.135113922569065570e-02
1.911000000000000000e+03	4.136393724239176978e-02
1.912000000000000000e+03	4.137670658406529534e-02
1.913000000000000000e+03	4.138944723946800380e-02
1.914000000000000000e+03	4.140215931229618979e-02
1.915000000000000000e+03	4.141484281028323666e-02
1.916000000000000000e+03	4.142749760691328414e-02
1.917000000000000000e+03	4.144012349271450346e-02
1.918000000000000000e+03	4.145272028646392742e-02
1.919000000000000000e+03	4.146528792496872312e-02
1.920000000000000000e+03	4.147782632576774847e-02
1.921000000000000000e+03	4.149033520166359179e-02
1.922000000000000000e+03	4.150281424262098479e-02
1.923000000000000000e+03	4.151526325642405923e-02
1.924000000000000000e+03	4.152768220236667529e-02
1.925000000000000000e+03	4.154007124210623569e-02
1.926000000000000000e+03	4.155243056783235189e-02
1.927000000000000000e+03	4.156476018080206697e-02
1.928000000000000000e+03	4.157705998381616003e-02
1.929000000000000000e+03	4.158932998717648072e-02
1.930000000000000000e+03	4.160157025508265383e-02
1.931000000000000000e+03	4.161378090457881068e-02
1.932000000000000000e+03	4.162596203220064045e-02
1.933000000000000000e+03	4.163811363878706234e-02
1.934000000000000000e+03	4.165023572325324275e-02
1.935000000000000000e+03	4.166232823139175145e-02
1.936000000000000000e+03	4.167439103014260876e-02
1.937000000000000000e+03	4.168642400966873079e-02
1.938000000000000000e+03	4.169842713049252969e-02
1.939000000000000000e+03	4.171040036251034283e-02
1.940000000000000000e+03	4.172234374015126174e-02
1.941000000000000000e+03	4.173425719583793991e-02
1.942000000000000000e+03	4.174614054382431994e-02
1.943000000000000000e+03	4.175799355859845935e-02
1.944000000000000000e+03	4.176981603803976706e-02
1.945000000000000000e+03	4.178160791679173813e-02
1.946000000000000000e+03	4.179336917848556349e-02
1.947000000000000000e+03	4.180509972519100975e-02
1.948000000000000000e+03	4.181679941779202492e-02
1.949000000000000000e+03	4.182846814919426170e-02
1.950000000000000000e+03	4.184010585608088223e-02
1.951000000000000000e+03	4.185171253674721537e-02
1.952000000000000000e+03	4.186328829901768411e-02
1.953000000000000000e+03	4.187483325189816225e-02
1.954000000000000000e+03	4.188634741905097186e-02
1.955000000000000000e+03	4.189783068293761320e-02
1.956000000000000000e+03	4.190928283486853451e-02
1.957000000000000000e+03	4.192070365137384735e-02
1.958000000000000000e+03	4.193209306548625198e-02
1.959000000000000000e+03	4.194345109264471100e-02
1.960000000000000000e+03	4.195477781566477049e-02
1.961000000000000000e+03	4.196607345668239286e-02
1.962000000000000000e+03	4.197733811188784914e-02
1.963000000000000000e+03	4.198857176525003232e-02
1.964000000000000000e+03	4.199977445439847384e-02
1.965000000000000000e+03	4.201094636460429160e-02
1.966000000000000000e+03	4.202208776485535230e-02
1.967000000000000000e+03	4.203319884511409060e-02
1.968000000000000000e+03	4.204427961300173655e-02
1.969000000000000000e+03	4.205532996492098580e-02
1.970000000000000000e+03	4.206634982531661654e-02
1.971000000000000000e+03	4.207733919150692670e-02
1.972000000000000000e+03	4.208829808755337049e-02
1.973000000000000000e+03	4.209922654685092219e-02
1.974000000000000000e+03	4.211012450984824573e-02
1.975000000000000000e+03	4.212099179634191254e-02
1.976000000000000000e+03	4.213182818015497044e-02
1.977000000000000000e+03	4.214263347895778195e-02
1.978000000000000000e+03	4.215340759719320846e-02
1.979000000000000000e+03	4.216415058901150370e-02
1.980000000000000000e+03	4.217486265779919058e-02
1.981000000000000000e+03	4.218554413164467276e-02
1.982000000000000000e+03	4.219619527761690747e-02
1.983000000000000000e+03	4.220681611735207367e-02
1.984000000000000000e+03	4.221740659287902264e-02
1.985000000000000000e+03	4.222796655092161261e-02
1.986000000000000000e+03	4.223849573288626646e-02
1.987000000000000000e+03	4.224899400707914088e-02
1.988000000000000000e+03	4.225946128481427450e-02
1.989000000000000000e+03	4.226989729657262829e-02
1.990000000000000000e+03	4.228030183754277749e-02
1.991000000000000000e+03	4.229067483745167777e-02
1.992000000000000000e+03	4.230101629387750251e-02
1.993000000000000000e+03	4.231132625465661157e-02
1.994000000000000000e+03	4.232160496040113240e-02
1.995000000000000000e+03	4.233185278953101316e-02
1.996000000000000000e+03	4.234207007371232345e-02
1.997000000000000000e+03	4.235225688694937290e-02
1.998000000000000000e+03	4.236241322862160930e-02
1.999000000000000000e+03	4.237253912675933987e-02
2.000000000000000000e+03	4.238263453049263829e-02
2.001000000000000000e+03	4.239269913823010688e-02
2.002000000000000000e+03	4.240273277771686167e-02
2.003000000000000000e+03	4.241273532849463429e-02
2.004000000000000000e+03	4.242270662551344412e-02
2.005000000000000000e+03	4.243264656834647847e-02
2.006000000000000000e+03	4.244255514451587830e-02
2.007000000000000000e+03	4.245243244805694399e-02
2.008000000000000000e+03	4.246227871705252760e-02
2.009000000000000000e+03	4.247209426893197581e-02
2.010000000000000000e+03	4.248187943962836166e-02
2.011000000000000000e+03	4.249163449844748502e-02
2.012000000000000000e+03	4.250135957716318080e-02
2.013000000000000000e+03	4.251105473489743408e-02
2.014000000000000000e+03	4.252072001315627958e-02
2.015000000000000000e+03	4.253035544111176403e-02
2.016000000000000000e+03	4.253996106423825474e-02
2.017000000000000000e+03	4.254953698978997806e-02
2.018000000000000000e+03	4.255908328310991501e-02
2.019000000000000000e+03	4.256859981090824196e-02
2.020000000000000000e+03	4.257808625440016176e-02
2.021000000000000000e+03	4.258754249096916022e-02
2.022000000000000000e+03	4.259696852302257558e-02
2.023000000000000000e+03	4.260636438385041053e-02
2.024000000000000000e+03	4.261573001990368037e-02
2.025000000000000000e+03	4.262506537012528823e-02
2.026000000000000000e+03	4.263437034045612639e-02
2.027000000000000000e+03	4.264364475652043796e-02
2.028000000000000000e+03	4.265288840019455102e-02
2.029000000000000000e+03	4.266210118744007823e-02
2.030000000000000000e+03	4.267128306315188385e-02
2.031000000000000000e+03	4.268043388511350705e-02
2.032000000000000000e+03	4.268955350123568304e-02
2.033000000000000000e+03	4.269864201059184877e-02
2.034000000000000000e+03	4.270769949535230953e-02
2.035000000000000000e+03	4.271672594039495341e-02
2.036000000000000000e+03	4.272572137049899382e-02
2.037000000000000000e+03	4.273468576609163599e-02
2.038000000000000000e+03	4.274361909104644475e-02
2.039000000000000000e+03	4.275252153736257277e-02
2.040000000000000000e+03	4.276139323601946263e-02
2.041000000000000000e+03	4.277023423778497646e-02
2.042000000000000000e+03	4.277904463162267995e-02
2.043000000000000000e+03	4.278782455448427308e-02
2.044000000000000000e+03	4.279657414062342652e-02
2.045000000000000000e+03	4.280529336256370943e-02
2.046000000000000000e+03	4.281398210162007389e-02
2.047000000000000000e+03	4.282264036634707283e-02
2.048000000000000000e+03	4.283126830210476355e-02
2.049000000000000000e+03	4.283986617322116386e-02
2.050000000000000000e+03	4.284843430686013227e-02
2.051000000000000000e+03	4.285697293888442172e-02
2.052000000000000000e+03	4.286548227358762120e-02
2.053000000000000000e+03	4.287396250970756245e-02
2.054000000000000000e+03	4.288241367345460575e-02
2.055000000000000000e+03	4.289083568575518396e-02
2.056000000000000000e+03	4.289922856389739164e-02
2.057000000000000000e+03	4.290759236791425596e-02
2.058000000000000000e+03	4.291592711614437838e-02
2.059000000000000000e+03	4.292423284458333349e-02
2.060000000000000000e+03	4.293250957187582512e-02
2.061000000000000000e+03	4.294075703343187139e-02
2.062000000000000000e+03	4.294897502422390101e-02
2.063000000000000000e+03	4.295716353103742891e-02
2.064000000000000000e+03	4.296532256041680348e-02
2.065000000000000000e+03	4.297345208893880303e-02
2.066000000000000000e+03	4.298155200635750406e-02
2.067000000000000000e+03	4.298962217166520106e-02
2.068000000000000000e+03	4.299766241934164374e-02
2.069000000000000000e+03	4.300567258500999357e-02
2.070000000000000000e+03	4.301365241371003095e-02
2.071000000000000000e+03	4.302160161609400874e-02
2.072000000000000000e+03	4.302951995888895653e-02
2.073000000000000000e+03	4.303740730159603262e-02
2.074000000000000000e+03	4.304526350729232648e-02
2.075000000000000000e+03	4.305308841683894855e-02
2.076000000000000000e+03	4.306088190382875713e-02
2.077000000000000000e+03	4.306864383382779521e-02
2.078000000000000000e+03	4.307637413737901849e-02
2.079000000000000000e+03	4.308407279879774426e-02
2.080000000000000000e+03	4.309173982464415548e-02
2.081000000000000000e+03	4.309937512960903411e-02
2.082000000000000000e+03	4.310697843557069475e-02
2.083000000000000000e+03	4.311454945183651466e-02
2.084000000000000000e+03	4.312208782599838419e-02
2.085000000000000000e+03	4.312959324303158870e-02
2.086000000000000000e+03	4.313706552612812245e-02
2.087000000000000000e+03	4.314450454332294932e-02
2.088000000000000000e+03	4.315191001205011950e-02
2.089000000000000000e+03	4.315928170276810139e-02
2.090000000000000000e+03	4.316661950574927215e-02
2.091000000000000000e+03	4.317392336769916572e-02
2.092000000000000000e+03	4.318119325716652385e-02
2.093000000000000000e+03	4.318842893987608761e-02
2.094000000000000000e+03	4.319562999575306261e-02
2.095000000000000000e+03	4.320279589840731599e-02
2.096000000000000000e+03	4.320992615894429095e-02
2.097000000000000000e+03	4.321702031029498597e-02
2.098000000000000000e+03	4.322407802960374912e-02
2.099000000000000000e+03	4.323109915621778376e-02
2.100000000000000000e+03	4.323808367526174590e-02
2.101000000000000000e+03	4.324503176247468383e-02
2.102000000000000000e+03	4.325194353213408782e-02
2.103000000000000000e+03	4.325881889050593732e-02
2.104000000000000000e+03	4.326565770075772865e-02
2.105000000000000000e+03	4.327245982010075043e-02
2.106000000000000000e+03	4.327922501534733901e-02
2.107000000000000000e+03	4.328595311246963284e-02
2.108000000000000000e+03	4.329264381806861850e-02
2.109000000000000000e+03	4.329929655391814153e-02
2.110000000000000000e+03	4.330591078403093347e-02
2.111000000000000000e+03	4.331248614926684615e-02
2.112000000000000000e+03	4.331902239663620174e-02
2.113000000000000000e+03	4.332551931416091240e-02
2.114000000000000000e+03	4.333197681220157110e-02
2.115000000000000000e+03	4.333839499678555918e-02
2.116000000000000000e+03	4.334477407895456075e-02
2.117000000000000000e+03	4.335111405353179320e-02
2.118000000000000000e+03	4.335741477462481952e-02
2.119000000000000000e+03	4.336367595940925773e-02
2.120000000000000000e+03	4.336989727900887603e-02
2.121000000000000000e+03	4.337607839921606839e-02
2.122000000000000000e+03	4.338221921163207956e-02
2.123000000000000000e+03	4.338831962528703901e-02
2.124000000000000000e+03	4.339437939489834001e-02
2.125000000000000000e+03	4.340039838003089540e-02
2.126000000000000000e+03	4.340637650903493572e-02
2.127000000000000000e+03	4.341231372569149399e-02
2.128000000000000000e+03	4.341820984915788217e-02
2.129000000000000000e+03	4.342406446098757977e-02
2.130000000000000000e+03	4.342987702444844889e-02
2.131000000000000000e+03	4.343564682428611295e-02
2.132000000000000000e+03	4.344137350331904457e-02
2.133000000000000000e+03	4.344705699558711748e-02
2.134000000000000000e+03	4.345269753497272430e-02
2.135000000000000000e+03	4.345829516959391625e-02
2.136000000000000000e+03	4.346384944835676722e-02
2.137000000000000000e+03	4.346935978355120911e-02
2.138000000000000000e+03	4.347482584377145021e-02
2.139000000000000000e+03	4.348024747173361015e-02
2.140000000000000000e+03	4.348562437404868142e-02
2.141000000000000000e+03	4.349095646289941747e-02
2.142000000000000000e+03	4.349624376228310163e-02
2.143000000000000000e+03	4.350148615511014588e-02
2.144000000000000000e+03	4.350668337382344181e-02
2.145000000000000000e+03	4.351183505164462478e-02
2.146000000000000000e+03	4.351694063825791575e-02
2.147000000000000000e+03	4.352199940159202224e-02
2.148000000000000000e+03	4.352701069456199612e-02
2.149000000000000000e+03	4.353197404793041764e-02
2.150000000000000000e+03	4.353688921218068497e-02
2.151000000000000000e+03	4.354175565020698691e-02
2.152000000000000000e+03	4.354657298272067434e-02
2.153000000000000000e+03	4.355134106830893526e-02
2.154000000000000000e+03	4.355605974616501286e-02
2.155000000000000000e+03	4.356072885866942024e-02
2.156000000000000000e+03	4.356534826283507689e-02
2.157000000000000000e+03	4.356991767755803713e-02
2.158000000000000000e+03	4.357443679677860948e-02
2.159000000000000000e+03	4.357890530573578503e-02
2.160000000000000000e+03	4.358332293833284965e-02
2.161000000000000000e+03	4.358768951857806134e-02
2.162000000000000000e+03	4.359200513587162956e-02
2.163000000000000000e+03	4.359626986196171727e-02
2.164000000000000000e+03	4.360048371677188728e-02
2.165000000000000000e+03	4.360464666640970210e-02
2.166000000000000000e+03	4.360875870991730296e-02
2.167000000000000000e+03	4.361281970435429423e-02
2.168000000000000000e+03	4.361682951586874635e-02
2.169000000000000000e+03	4.362078806554568755e-02
2.170000000000000000e+03	4.362469525611063076e-02
2.171000000000000000e+03	4.362855087849351610e-02
2.172000000000000000e+03	4.363235463383154794e-02
2.173000000000000000e+03	4.363610628754283766e-02
2.174000000000000000e+03	4.363980574546982849e-02
2.175000000000000000e+03	4.364345277806033069e-02
2.176000000000000000e+03	4.364704720443954300e-02
2.177000000000000000e+03	4.365058892933745133e-02
2.178000000000000000e+03	4.365407772215997018e-02
2.179000000000000000e+03	4.365751337442622115e-02
2.180000000000000000e+03	4.366089591312132673e-02
2.181000000000000000e+03	4.366422537997992348e-02
2.182000000000000000e+03	4.366750156154530771e-02
2.183000000000000000e+03	4.367072423997520048e-02
2.184000000000000000e+03	4.367389341772100197e-02
2.185000000000000000e+03	4.367700926391957644e-02
2.186000000000000000e+03	4.368007189034217586e-02
2.187000000000000000e+03	4.368308130816093288e-02
2.188000000000000000e+03	4.368603775843057924e-02
2.189000000000000000e+03	4.368894154245333422e-02
2.190000000000000000e+03	4.369179278106886249e-02
2.191000000000000000e+03	4.369459175503865450e-02
2.192000000000000000e+03	4.369733893152212556e-02
2.193000000000000000e+03	4.370003475223420419e-02
2.194000000000000000e+03	4.370267971149948555e-02
2.195000000000000000e+03	4.370527413316813159e-02
2.196000000000000000e+03	4.370781825147843080e-02
2.197000000000000000e+03	4.371031227496176980e-02
2.198000000000000000e+03	4.371275642410247381e-02
2.199000000000000000e+03	4.371515097881293471e-02
2.200000000000000000e+03	4.371749610328172497e-02
2.201000000000000000e+03	4.371979172193141833e-02
2.202000000000000000e+03	4.372203754509115109e-02
2.203000000000000000e+03	4.372423326257061232e-02
2.204000000000000000e+03	4.372637875508003646e-02
2.205000000000000000e+03	4.372847412613209417e-02
2.206000000000000000e+03	4.373051947776529502e-02
2.207000000000000000e+03	4.373251500901910449e-02
2.208000000000000000e+03	4.373446101011597975e-02
2.209000000000000000e+03	4.373635770874834128e-02
2.210000000000000000e+03	4.373820521319887050e-02
2.211000000000000000e+03	4.374000361322522706e-02
2.212000000000000000e+03	4.374175297139054619e-02
2.213000000000000000e+03	4.374345320236036616e-02
2.214000000000000000e+03	4.374510413845405371e-02
2.215000000000000000e+03	4.374670577441917146e-02
2.216000000000000000e+03	4.374825831540973126e-02
2.217000000000000000e+03	4.374976229681201700e-02
2.218000000000000000e+03	4.375121832758982476e-02
2.219000000000000000e+03	4.375262682202440967e-02
2.220000000000000000e+03	4.375398801004313359e-02
2.221000000000000000e+03	4.375530238225858876e-02
2.222000000000000000e+03	4.375657034646553839e-02
2.223000000000000000e+03	4.375779206854145398e-02
2.224000000000000000e+03	4.375896765640999164e-02
2.225000000000000000e+03	4.376009710417465975e-02
2.226000000000000000e+03	4.376118031711685036e-02
2.227000000000000000e+03	4.376221721079898846e-02
2.228000000000000000e+03	4.376320782780357410e-02
2.229000000000000000e+03	4.376415212599232829e-02
2.230000000000000000e+03	4.376504990913684251e-02
2.231000000000000000e+03	4.376590124121334385e-02
2.232000000000000000e+03	4.376670648104660083e-02
2.233000000000000000e+03	4.376746584503368037e-02
2.234000000000000000e+03	4.376817949922720552e-02
2.235000000000000000e+03	4.376884741631337228e-02
2.236000000000000000e+03	4.376946936066885424e-02
2.237000000000000000e+03	4.377004518821440981e-02
2.238000000000000000e+03	4.377057481944182649e-02
2.239000000000000000e+03	4.377105820250655477e-02
2.240000000000000000e+03	4.377149520346518968e-02
2.241000000000000000e+03	4.377188583427217561e-02
2.242000000000000000e+03	4.377222996385805170e-02
2.243000000000000000e+03	4.377252780274684674e-02
2.244000000000000000e+03	4.377277984523183368e-02
2.245000000000000000e+03	4.377298630735538404e-02
2.246000000000000000e+03	4.377314737950048495e-02
2.247000000000000000e+03	4.377326325868406698e-02
2.248000000000000000e+03	4.377333397035682722e-02
2.249000000000000000e+03	4.377335931517208067e-02
2.250000000000000000e+03	4.377333883491050376e-02
2.251000000000000000e+03	4.377327209545100323e-02
2.252000000000000000e+03	4.377315907072745066e-02
2.253000000000000000e+03	4.377299978927581825e-02
2.254000000000000000e+03	4.377279418659044130e-02
2.255000000000000000e+03	4.377254233866898631e-02
2.256000000000000000e+03	4.377224392759264393e-02
2.257000000000000000e+03	4.377189847267272393e-02
2.258000000000000000e+03	4.377150575712163844e-02
2.259000000000000000e+03	4.377106579871834630e-02
2.260000000000000000e+03	4.377057847925390488e-02
2.261000000000000000e+03	4.377004364247916168e-02
2.262000000000000000e+03	4.376946131946109209e-02
2.263000000000000000e+03	4.376883159455787625e-02
2.264000000000000000e+03	4.376815428074955910e-02
2.265000000000000000e+03	4.376742914863294975e-02
2.266000000000000000e+03	4.376665609544235641e-02
2.267000000000000000e+03	4.376583507899896308e-02
2.268000000000000000e+03	4.376496604222802206e-02
2.269000000000000000e+03	4.376404890673017689e-02
2.270000000000000000e+03	4.376308358395878534e-02
2.271000000000000000e+03	4.376206990120266177e-02
2.272000000000000000e+03	4.376100753022797718e-02
2.273000000000000000e+03	4.375989634194504124e-02
2.274000000000000000e+03	4.375873644420860686e-02
2.275000000000000000e+03	4.375752784817826813e-02
2.276000000000000000e+03	4.375627071424773723e-02
2.277000000000000000e+03	4.375496529544299629e-02
2.278000000000000000e+03	4.375361161416464750e-02
2.279000000000000000e+03	4.375220969421793338e-02
2.280000000000000000e+03	4.375075963412316388e-02
2.281000000000000000e+03	4.374926172393056589e-02
2.282000000000000000e+03	4.374771627001074192e-02
2.283000000000000000e+03	4.374612350298577590e-02
2.284000000000000000e+03	4.374448311959926172e-02
2.285000000000000000e+03	4.374279494117537526e-02
2.286000000000000000e+03	4.374105892218269759e-02
2.287000000000000000e+03	4.373927509381491524e-02
2.288000000000000000e+03	4.373744349296282419e-02
2.289000000000000000e+03	4.373556429970522352e-02
2.290000000000000000e+03	4.373363770558696961e-02
2.291000000000000000e+03	4.373166365848734499e-02
2.292000000000000000e+03	4.372964210837766014e-02
2.293000000000000000e+03	4.372757307680545658e-02
2.294000000000000000e+03	4.372545673188770604e-02
2.295000000000000000e+03	4.372329327734515714e-02
2.296000000000000000e+03	4.372108291461722362e-02
2.297000000000000000e+03	4.371882590734584711e-02
2.298000000000000000e+03	4.371652230483478313e-02
2.299000000000000000e+03	4.371417191197458224e-02
2.300000000000000000e+03	4.371177434806699375e-02
2.301000000000000000e+03	4.370932940863109240e-02
2.302000000000000000e+03	4.370683711961190210e-02
2.303000000000000000e+03	4.370429741886319719e-02
2.304000000000000000e+03	4.370171036405022524e-02
2.305000000000000000e+03	4.369907591311783523e-02
2.306000000000000000e+03	4.369639394915806468e-02
2.307000000000000000e+03	4.369366455759644829e-02
2.308000000000000000e+03	4.369088787728565848e-02
2.309000000000000000e+03	4.368806399695156911e-02
2.310000000000000000e+03	4.368519305515965873e-02
2.311000000000000000e+03	4.368227529544548710e-02
2.312000000000000000e+03	4.367931098616621016e-02
2.313000000000000000e+03	4.367630015201325044e-02
2.314000000000000000e+03	4.367324267446034275e-02
2.315000000000000000e+03	4.367013839262000319e-02
2.316000000000000000e+03	4.366698740602827783e-02
2.317000000000000000e+03	4.366378996056837630e-02
2.318000000000000000e+03	4.366054618090538242e-02
2.319000000000000000e+03	4.365725622602922851e-02
2.320000000000000000e+03	4.365392045206783339e-02
2.321000000000000000e+03	4.365053916701348846e-02
2.322000000000000000e+03	4.364711244965240045e-02
2.323000000000000000e+03	4.364364030693224095e-02
2.324000000000000000e+03	4.364012277953951968e-02
2.325000000000000000e+03	4.363655986589107250e-02
2.326000000000000000e+03	4.363295157174859606e-02
2.327000000000000000e+03	4.362929783904419268e-02
2.328000000000000000e+03	4.362559879234458038e-02
2.329000000000000000e+03	4.362185473783232459e-02
2.330000000000000000e+03	4.361806564560478244e-02
2.331000000000000000e+03	4.361423135763598663e-02
2.332000000000000000e+03	4.361035190709636189e-02
2.333000000000000000e+03	4.360642738412619929e-02
2.334000000000000000e+03	4.360245789172617625e-02
2.335000000000000000e+03	4.359844357964261924e-02
2.336000000000000000e+03	4.359438477291698033e-02
2.337000000000000000e+03	4.359028178394321051e-02
2.338000000000000000e+03	4.358613489563596677e-02
2.339000000000000000e+03	4.358194434617252561e-02
2.340000000000000000e+03	4.357771040470805046e-02
2.341000000000000000e+03	4.357343323647849126e-02
2.342000000000000000e+03	4.356911301915435131e-02
2.343000000000000000e+03	4.356474994911638254e-02
2.344000000000000000e+03	4.356034389487460634e-02
2.345000000000000000e+03	4.355589486055117671e-02
2.346000000000000000e+03	4.355140289111571889e-02
2.347000000000000000e+03	4.354686797509884494e-02
2.348000000000000000e+03	4.354229013356140932e-02
2.349000000000000000e+03	4.353766946961731832e-02
2.350000000000000000e+03	4.353300632976082885e-02
2.351000000000000000e+03	4.352830111260477114e-02
2.352000000000000000e+03	4.352355418707908041e-02
2.353000000000000000e+03	4.351876601373112774e-02
2.354000000000000000e+03	4.351393712247466489e-02
2.355000000000000000e+03	4.350906805973635966e-02
2.356000000000000000e+03	4.350415910014934079e-02
2.357000000000000000e+03	4.349921031449960340e-02
2.358000000000000000e+03	4.349422174809192826e-02
2.359000000000000000e+03	4.348919348183884898e-02
2.360000000000000000e+03	4.348412552887810645e-02
2.361000000000000000e+03	4.347901769466933075e-02
2.362000000000000000e+03	4.347386979497973314e-02
2.363000000000000000e+03	4.346868141206128300e-02
2.364000000000000000e+03	4.346345246448448524e-02
2.365000000000000000e+03	4.345818300696319136e-02
2.366000000000000000e+03	4.345287314056719974e-02
2.367000000000000000e+03	4.344752299821054431e-02
2.368000000000000000e+03	4.344213251242038526e-02
2.369000000000000000e+03	4.343670137890708050e-02
2.370000000000000000e+03	4.343122945240461552e-02
2.371000000000000000e+03	4.342571685513476470e-02
2.372000000000000000e+03	4.342016393802539814e-02
2.373000000000000000e+03	4.341457088054446328e-02
2.374000000000000000e+03	4.340893781273836433e-02
2.375000000000000000e+03	4.340326489171265900e-02
2.376000000000000000e+03	4.339755224437055053e-02
2.377000000000000000e+03	4.339179984171886995e-02
2.378000000000000000e+03	4.338600780609075391e-02
2.379000000000000000e+03	4.338017636345217753e-02
2.380000000000000000e+03	4.337430556292176664e-02
2.381000000000000000e+03	4.336839527432513608e-02
2.382000000000000000e+03	4.336244529578565238e-02
2.383000000000000000e+03	4.335645538681577593e-02
2.384000000000000000e+03	4.335042559667063450e-02
2.385000000000000000e+03	4.334435615635595651e-02
2.386000000000000000e+03	4.333824716882511002e-02
2.387000000000000000e+03	4.333209871073495645e-02
2.388000000000000000e+03	4.332591088530509532e-02
2.389000000000000000e+03	4.331968379088346754e-02
2.390000000000000000e+03	4.331341762909465820e-02
2.391000000000000000e+03	4.330711256471739962e-02
2.392000000000000000e+03	4.330076878800089013e-02
2.393000000000000000e+03	4.329438640700274121e-02
2.394000000000000000e+03	4.328796546994601036e-02
2.395000000000000000e+03	4.328150603107120548e-02
2.396000000000000000e+03	4.327500807579338221e-02
2.397000000000000000e+03	4.326847172993982665e-02
2.398000000000000000e+03	4.326189735384130403e-02
2.399000000000000000e+03	4.325528532115805597e-02
2.400000000000000000e+03	4.324863605514114168e-02
2.401000000000000000e+03	4.324194981745957400e-02
2.402000000000000000e+03	4.323522666879953819e-02
2.403000000000000000e+03	4.322846657287267302e-02
2.404000000000000000e+03	4.322166923075905498e-02
2.405000000000000000e+03	4.321483442993979962e-02
2.406000000000000000e+03	4.320796189745580718e-02
2.407000000000000000e+03	4.320105124509191624e-02
2.408000000000000000e+03	4.319410235574987905e-02
2.409000000000000000e+03	4.318711549625682544e-02
2.410000000000000000e+03	4.318009073514084140e-02
2.411000000000000000e+03	4.317302800420744213e-02
2.412000000000000000e+03	4.316592726563443089e-02
2.413000000000000000e+03	4.315878842409626159e-02
2.414000000000000000e+03	4.315161132541534689e-02
2.415000000000000000e+03	4.314439597918829500e-02
2.416000000000000000e+03	4.313714247587892292e-02
2.417000000000000000e+03	4.312985067361809616e-02
2.418000000000000000e+03	4.312252049036042340e-02
2.419000000000000000e+03	4.311515197253279474e-02
2.420000000000000000e+03	4.310774529039439890e-02
2.421000000000000000e+03	4.310030051211646146e-02
2.422000000000000000e+03	4.309281766364960603e-02
2.423000000000000000e+03	4.308529692837666930e-02
2.424000000000000000e+03	4.307773852743717463e-02
2.425000000000000000e+03	4.307014259719123273e-02
2.426000000000000000e+03	4.306250898221045120e-02
2.427000000000000000e+03	4.305483754543337066e-02
2.428000000000000000e+03	4.304712827880495529e-02
2.429000000000000000e+03	4.303938102638641544e-02
2.430000000000000000e+03	4.303159533044560031e-02
2.431000000000000000e+03	4.302377057208722766e-02
2.432000000000000000e+03	4.301590639853240805e-02
2.433000000000000000e+03	4.300800257639554591e-02
2.434000000000000000e+03	4.300005873670761924e-02
2.435000000000000000e+03	4.299207462126630047e-02
2.436000000000000000e+03	4.298405019757356449e-02
2.437000000000000000e+03	4.297598544285916727e-02
2.438000000000000000e+03	4.296788012477671670e-02
2.439000000000000000e+03	4.295973384856833360e-02
2.440000000000000000e+03	4.295154653760100555e-02
2.441000000000000000e+03	4.294331848489284925e-02
2.442000000000000000e+03	4.293504984348688741e-02
2.443000000000000000e+03	4.292674058484691885e-02
2.444000000000000000e+03	4.291839073990067616e-02
2.445000000000000000e+03	4.291000015315495769e-02
2.446000000000000000e+03	4.290156846540620073e-02
2.447000000000000000e+03	4.289309534718407924e-02
2.448000000000000000e+03	4.288458053827704647e-02
2.449000000000000000e+03	4.287602368977925377e-02
2.450000000000000000e+03	4.286742449681918421e-02
2.451000000000000000e+03	4.285878266873391351e-02
2.452000000000000000e+03	4.285009803326028655e-02
2.453000000000000000e+03	4.284137039688948323e-02
2.454000000000000000e+03	4.283259958836723585e-02
2.455000000000000000e+03	4.282378558443689781e-02
2.456000000000000000e+03	4.281492848210716184e-02
2.457000000000000000e+03	4.280602839346094729e-02
2.458000000000000000e+03	4.279708528081578589e-02
2.459000000000000000e+03	4.278809909500678327e-02
2.460000000000000000e+03	4.277906989618854294e-02
2.461000000000000000e+03	4.276999754211351090e-02
2.462000000000000000e+03	4.276088184699850664e-02
2.463000000000000000e+03	4.275172271925133799e-02
2.464000000000000000e+03	4.274252030658313301e-02
2.465000000000000000e+03	4.273327479652375138e-02
2.466000000000000000e+03	4.272398623595237421e-02
2.467000000000000000e+03	4.271465455675039352e-02
2.468000000000000000e+03	4.270527974138673549e-02
2.469000000000000000e+03	4.269586217476558504e-02
2.470000000000000000e+03	4.268640235793904475e-02
2.471000000000000000e+03	4.267690076456785719e-02
2.472000000000000000e+03	4.266735760312090342e-02
2.473000000000000000e+03	4.265777282960192540e-02
2.474000000000000000e+03	4.264814643847093800e-02
2.475000000000000000e+03	4.263847861703321668e-02
2.476000000000000000e+03	4.262876965214836694e-02
2.477000000000000000e+03	4.261901995363203549e-02
2.478000000000000000e+03	4.260922986910444660e-02
2.479000000000000000e+03	4.259939949130731734e-02
2.480000000000000000e+03	4.258952879249482126e-02
2.481000000000000000e+03	4.257961788772905015e-02
2.482000000000000000e+03	4.256966694650350658e-02
2.483000000000000000e+03	4.255967610141930119e-02
2.484000000000000000e+03	4.254964540326564709e-02
2.485000000000000000e+03	4.253957494729286581e-02
2.486000000000000000e+03	4.252946509502511518e-02
2.487000000000000000e+03	4.251931626150454169e-02
2.488000000000000000e+03	4.250912865526886714e-02
2.489000000000000000e+03	4.249890253380008559e-02
2.490000000000000000e+03	4.248863821768403964e-02
2.491000000000000000e+03	4.247833565519898436e-02
2.492000000000000000e+03	4.246799462839832839e-02
2.493000000000000000e+03	4.245761512852434111e-02
2.494000000000000000e+03	4.244719721849505439e-02
2.495000000000000000e+03	4.243674088863461091e-02
2.496000000000000000e+03	4.242624601463788198e-02
2.497000000000000000e+03	4.241571245844295845e-02
2.498000000000000000e+03	4.240514005055099483e-02
2.499000000000000000e+03	4.239452851757086194e-02
2.500000000000000000e+03	4.238387752210771853e-02
2.501000000000000000e+03	4.237318684750743941e-02
2.502000000000000000e+03	4.236245642298186453e-02
2.503000000000000000e+03	4.235168619480065427e-02
2.504000000000000000e+03	4.234087627216145955e-02
2.505000000000000000e+03	4.233002679301633986e-02
2.506000000000000000e+03	4.231913780633422134e-02
2.507000000000000000e+03	4.230820940815105402e-02
2.508000000000000000e+03	4.229724171928827409e-02
2.509000000000000000e+03	4.228623470476456508e-02
2.510000000000000000e+03	4.227518831840360036e-02
2.511000000000000000e+03	4.226410278445058566e-02
2.512000000000000000e+03	4.225297817701423320e-02
2.513000000000000000e+03	4.224181448120802040e-02
2.514000000000000000e+03	4.223061172277303016e-02
2.515000000000000000e+03	4.221936989393601514e-02
2.516000000000000000e+03	4.220808888980653178e-02
2.517000000000000000e+03	4.219676844010594036e-02
2.518000000000000000e+03	4.218540845438518982e-02
2.519000000000000000e+03	4.217400881753539943e-02
2.520000000000000000e+03	4.216256945416296809e-02
2.521000000000000000e+03	4.215109053602712763e-02
2.522000000000000000e+03	4.213957202674693120e-02
2.523000000000000000e+03	4.212801368948146385e-02
2.524000000000000000e+03	4.211641558297931492e-02
2.525000000000000000e+03	4.210477781800470165e-02
2.526000000000000000e+03	4.209310030681088360e-02
2.527000000000000000e+03	4.208138312635728573e-02
2.528000000000000000e+03	4.206962637875632377e-02
2.529000000000000000e+03	4.205782995403813118e-02
2.530000000000000000e+03	4.204599366070295441e-02
2.531000000000000000e+03	4.203411730681933661e-02
2.532000000000000000e+03	4.202220078112307161e-02
2.533000000000000000e+03	4.201024394827816699e-02
2.534000000000000000e+03	4.199824675400751217e-02
2.535000000000000000e+03	4.198620919975494525e-02
2.536000000000000000e+03	4.197413116266085487e-02
2.537000000000000000e+03	4.196201226655067729e-02
2.538000000000000000e+03	4.194985196511313158e-02
2.539000000000000000e+03	4.193764998468996891e-02
2.540000000000000000e+03	4.192540626677641880e-02
2.541000000000000000e+03	4.191312058224593712e-02
2.542000000000000000e+03	4.190079259020407232e-02
2.543000000000000000e+03	4.188842200812447486e-02
2.544000000000000000e+03	4.187600870898459948e-02
2.545000000000000000e+03	4.186355259400947187e-02
2.546000000000000000e+03	4.185105360139954045e-02
2.547000000000000000e+03	4.183851167614777156e-02
2.548000000000000000e+03	4.182592670637450688e-02
2.549000000000000000e+03	4.181329843750067332e-02
2.550000000000000000e+03	4.180062645753934714e-02
2.551000000000000000e+03	4.178791033439036712e-02
2.552000000000000000e+03	4.177514980451551424e-02
2.553000000000000000e+03	4.176234471394747044e-02
2.554000000000000000e+03	4.174949484149999279e-02
2.555000000000000000e+03	4.173659988728760373e-02
2.556000000000000000e+03	4.172365937743430925e-02
2.557000000000000000e+03	4.171067294909705514e-02
2.558000000000000000e+03	4.169764053136604948e-02
2.559000000000000000e+03	4.168456186363567878e-02
2.560000000000000000e+03	4.167143677191868095e-02
2.561000000000000000e+03	4.165826525957461168e-02
2.562000000000000000e+03	4.164504720769209023e-02
2.563000000000000000e+03	4.163178251283455172e-02
2.564000000000000000e+03	4.161847121899332064e-02
2.565000000000000000e+03	4.160511346170980146e-02
2.566000000000000000e+03	4.159170931415211159e-02
2.567000000000000000e+03	4.157825867858880309e-02
2.568000000000000000e+03	4.156476145412214829e-02
2.569000000000000000e+03	4.155121741301000260e-02
2.570000000000000000e+03	4.153762620703844305e-02
2.571000000000000000e+03	4.152398748685855179e-02
2.572000000000000000e+03	4.151030116782011142e-02
2.573000000000000000e+03	4.149656724063011115e-02
2.574000000000000000e+03	4.148278557177692560e-02
2.575000000000000000e+03	4.146895621173541518e-02
2.576000000000000000e+03	4.145507942911164784e-02
2.577000000000000000e+03	4.144115547545153960e-02
2.578000000000000000e+03	4.142718411228295261e-02
2.579000000000000000e+03	4.141316516865220509e-02
2.580000000000000000e+03	4.139909889453474712e-02
2.581000000000000000e+03	4.138498552132996444e-02
2.582000000000000000e+03	4.137082508061856040e-02
2.583000000000000000e+03	4.135661740338300585e-02
2.584000000000000000e+03	4.134236248549477688e-02
2.585000000000000000e+03	4.132806032677593944e-02
2.586000000000000000e+03	4.131371087942632692e-02
2.587000000000000000e+03	4.129931426996714949e-02
2.588000000000000000e+03	4.128487054218919761e-02
2.589000000000000000e+03	4.127037972793497211e-02
2.590000000000000000e+03	4.125584185479570787e-02
2.591000000000000000e+03	4.124125684422402793e-02
2.592000000000000000e+03	4.122662427847146455e-02
2.593000000000000000e+03	4.121194385013197958e-02
2.594000000000000000e+03	4.119721551111648478e-02
2.595000000000000000e+03	4.118243921927945694e-02
2.596000000000000000e+03	4.116761516252282621e-02
2.597000000000000000e+03	4.115274326593089393e-02
2.598000000000000000e+03	4.113782351545426652e-02
2.599000000000000000e+03	4.112285612534184731e-02
2.600000000000000000e+03	4.110784152025182686e-02
2.601000000000000000e+03	4.109278005003346584e-02
2.602000000000000000e+03	4.107767176191164799e-02
2.603000000000000000e+03	4.106251643644787119e-02
2.604000000000000000e+03	4.104731397931758036e-02
2.605000000000000000e+03	4.103206434593147101e-02
2.606000000000000000e+03	4.101676733207986619e-02
2.607000000000000000e+03	4.100142278214629482e-02
2.608000000000000000e+03	4.098603053181225364e-02
2.609000000000000000e+03	4.097059051083057346e-02
2.610000000000000000e+03	4.095510276591405457e-02
2.611000000000000000e+03	4.093956741902789881e-02
2.612000000000000000e+03	4.092398436853120908e-02
2.613000000000000000e+03	4.090835345929941247e-02
2.614000000000000000e+03	4.089267466302856646e-02
2.615000000000000000e+03	4.087694796820861426e-02
2.616000000000000000e+03	4.086117353311845973e-02
2.617000000000000000e+03	4.084535152398099944e-02
2.618000000000000000e+03	4.082948216962629939e-02
2.619000000000000000e+03	4.081356555290244909e-02
2.620000000000000000e+03	4.079760155481606393e-02
2.621000000000000000e+03	4.078158999892865511e-02
2.622000000000000000e+03	4.076553105356749834e-02
2.623000000000000000e+03	4.074942516708495582e-02
2.624000000000000000e+03	4.073327283078027189e-02
2.625000000000000000e+03	4.071707434711284435e-02
2.626000000000000000e+03	4.070082996894138633e-02
2.627000000000000000e+03	4.068454012906150968e-02
2.628000000000000000e+03	4.066820525669580244e-02
2.629000000000000000e+03	4.065182556076656767e-02
2.630000000000000000e+03	4.063540122919453990e-02
2.631000000000000000e+03	4.061893264446852364e-02
2.632000000000000000e+03	4.060242018529616054e-02
2.633000000000000000e+03	4.058586419638872400e-02
2.634000000000000000e+03	4.056926501653321943e-02
2.635000000000000000e+03	4.055262292253387912e-02
2.636000000000000000e+03	4.053593783092348385e-02
2.637000000000000000e+03	4.051920969296259750e-02
2.638000000000000000e+03	4.050243854859281178e-02
2.639000000000000000e+03	4.048562460543299324e-02
2.640000000000000000e+03	4.046876832042954619e-02
2.641000000000000000e+03	4.045187007383084510e-02
2.642000000000000000e+03	4.043493007637136150e-02
2.643000000000000000e+03	4.041794850669608308e-02
2.644000000000000000e+03	4.040092575242567458e-02
2.645000000000000000e+03	4.038386236478156560e-02
2.646000000000000000e+03	4.036675898866678991e-02
2.647000000000000000e+03	4.034961598830803797e-02
2.648000000000000000e+03	4.033243349134350147e-02
2.649000000000000000e+03	4.031521169587307801e-02
2.650000000000000000e+03	4.029795102416362795e-02
2.651000000000000000e+03	4.028065180554770558e-02
2.652000000000000000e+03	4.026331400483954687e-02
2.653000000000000000e+03	4.024593774455667572e-02
2.654000000000000000e+03	4.022852337832156372e-02
2.655000000000000000e+03	4.021107105292928696e-02
2.656000000000000000e+03	4.019358065949947545e-02
2.657000000000000000e+03	4.017605206896351921e-02
2.658000000000000000e+03	4.015848521418576011e-02
2.659000000000000000e+03	4.014088010532897849e-02
2.660000000000000000e+03	4.012323676088302288e-02
2.661000000000000000e+03	4.010555514995373105e-02
2.662000000000000000e+03	4.008783531513755716e-02
2.663000000000000000e+03	4.007007717831371357e-02
2.664000000000000000e+03	4.005228032308269515e-02
2.665000000000000000e+03	4.003444412379295048e-02
2.666000000000000000e+03	4.001656824006193797e-02
2.667000000000000000e+03	3.999865314829210983e-02
2.668000000000000000e+03	3.998069951056133081e-02
2.669000000000000000e+03	3.996270754203968406e-02
2.670000000000000000e+03	3.994467741898621166e-02
2.671000000000000000e+03	3.992660924144740553e-02
2.672000000000000000e+03	3.990850297494380472e-02
2.673000000000000000e+03	3.989035860922250654e-02
2.674000000000000000e+03	3.987217621028681103e-02
2.675000000000000000e+03	3.985395575502870963e-02
2.676000000000000000e+03	3.983569729038931306e-02
2.677000000000000000e+03	3.981740092517806889e-02
2.678000000000000000e+03	3.979906641331740214e-02
2.679000000000000000e+03	3.978069322486964959e-02
2.680000000000000000e+03	3.976228082649323897e-02
2.681000000000000000e+03	3.974382883490848450e-02
2.682000000000000000e+03	3.972533673706365315e-02
2.683000000000000000e+03	3.970680372382330570e-02
2.684000000000000000e+03	3.968822921540644116e-02
2.685000000000000000e+03	3.966961305041266650e-02
2.686000000000000000e+03	3.965095530859660128e-02
2.687000000000000000e+03	3.963225595843133248e-02
2.688000000000000000e+03	3.961351476417391410e-02
2.689000000000000000e+03	3.959473160798623187e-02
2.690000000000000000e+03	3.957590640263950604e-02
2.691000000000000000e+03	3.955703907262372171e-02
2.692000000000000000e+03	3.953812936035523001e-02
2.693000000000000000e+03	3.951917711184306514e-02
2.694000000000000000e+03	3.950018217419198896e-02
2.695000000000000000e+03	3.948114442517952627e-02
2.696000000000000000e+03	3.946206368577612894e-02
2.697000000000000000e+03	3.944293961599455028e-02
2.698000000000000000e+03	3.942377170135885622e-02
2.699000000000000000e+03	3.940455938301885147e-02
2.700000000000000000e+03	3.938530221700667355e-02
2.701000000000000000e+03	3.936600002205527249e-02
2.702000000000000000e+03	3.934665256617472795e-02
2.703000000000000000e+03	3.932725960923481173e-02
2.704000000000000000e+03	3.930782082760896079e-02
2.705000000000000000e+03	3.928833571136085973e-02
2.706000000000000000e+03	3.926880374027973131e-02
2.707000000000000000e+03	3.924922465388020615e-02
2.708000000000000000e+03	3.922959831327063607e-02
2.709000000000000000e+03	3.920992442159019348e-02
2.710000000000000000e+03	3.919020248057446948e-02
2.711000000000000000e+03	3.917043202541706237e-02
2.712000000000000000e+03	3.915061262212847504e-02
2.713000000000000000e+03	3.913074398742141802e-02
2.714000000000000000e+03	3.911082578166268087e-02
2.715000000000000000e+03	3.909085770876032095e-02
2.716000000000000000e+03	3.907083950295878183e-02
2.717000000000000000e+03	3.905077063021437228e-02
2.718000000000000000e+03	3.903065044609144163e-02
2.719000000000000000e+03	3.901047836204050295e-02
2.720000000000000000e+03	3.899025374565056462e-02
2.721000000000000000e+03	3.896997628966730048e-02
2.722000000000000000e+03	3.894964568916184366e-02
2.723000000000000000e+03	3.892926169827714417e-02
2.724000000000000000e+03	3.890882428688213074e-02
2.725000000000000000e+03	3.888833354844598023e-02
2.726000000000000000e+03	3.886778946301024801e-02
2.727000000000000000e+03	3.884719181089316131e-02
2.728000000000000000e+03	3.882654036635903305e-02
2.729000000000000000e+03	3.880583494236788250e-02
2.730000000000000000e+03	3.878507545112859500e-02
2.731000000000000000e+03	3.876426167279450191e-02
2.732000000000000000e+03	3.874339324773212051e-02
2.733000000000000000e+03	3.872246966149669317e-02
2.734000000000000000e+03	3.870149053809048001e-02
2.735000000000000000e+03	3.868045586305147304e-02
2.736000000000000000e+03	3.865936563868620918e-02
2.737000000000000000e+03	3.863821972534625671e-02
2.738000000000000000e+03	3.861701800692930037e-02
2.739000000000000000e+03	3.859576026390490466e-02
2.740000000000000000e+03	3.857444631436078575e-02
2.741000000000000000e+03	3.855307595906862922e-02
2.742000000000000000e+03	3.853164907043103715e-02
2.743000000000000000e+03	3.851016547591774170e-02
2.744000000000000000e+03	3.848862502474740405e-02
2.745000000000000000e+03	3.846702799447887511e-02
2.746000000000000000e+03	3.844537459840903504e-02
2.747000000000000000e+03	3.842366475620086902e-02
2.748000000000000000e+03	3.840189812814638615e-02
2.749000000000000000e+03	3.838007432889320447e-02
2.750000000000000000e+03	3.835819315972530119e-02
2.751000000000000000e+03	3.833625447835199707e-02
2.752000000000000000e+03	3.831425810090102746e-02
2.753000000000000000e+03	3.829220386787909880e-02
2.754000000000000000e+03	3.827009171132119553e-02
2.755000000000000000e+03	3.824792151148412311e-02
2.756000000000000000e+03	3.822569329354380541e-02
2.757000000000000000e+03	3.820340704122674597e-02
2.758000000000000000e+03	3.818106271281217212e-02
2.759000000000000000e+03	3.815866013470046308e-02
2.760000000000000000e+03	3.813619922857657690e-02
2.761000000000000000e+03	3.811368012363181013e-02
2.762000000000000000e+03	3.809110311946031779e-02
2.763000000000000000e+03	3.806846860396362331e-02
2.764000000000000000e+03	3.804577696389191410e-02
2.765000000000000000e+03	3.802302850409934598e-02
2.766000000000000000e+03	3.800022358544394296e-02
2.767000000000000000e+03	3.797736253403493495e-02
2.768000000000000000e+03	3.795444568200818242e-02
2.769000000000000000e+03	3.793147344072442945e-02
2.770000000000000000e+03	3.790844608401749277e-02
2.771000000000000000e+03	3.788536371721359930e-02
2.772000000000000000e+03	3.786222643687831013e-02
2.773000000000000000e+03	3.783903441626612629e-02
2.774000000000000000e+03	3.781578802808821527e-02
2.775000000000000000e+03	3.779248761320715827e-02
2.776000000000000000e+03	3.776913353198103895e-02
2.777000000000000000e+03	3.774572626250608659e-02
2.778000000000000000e+03	3.772226616502323548e-02
2.779000000000000000e+03	3.769875355392818955e-02
2.780000000000000000e+03	3.767518901042029439e-02
2.781000000000000000e+03	3.765157276474560832e-02
2.782000000000000000e+03	3.762790511345150829e-02
2.783000000000000000e+03	3.760418642781485771e-02
2.784000000000000000e+03	3.758041702964703273e-02
2.785000000000000000e+03	3.755659731960940551e-02
2.786000000000000000e+03	3.753272772734890517e-02
2.787000000000000000e+03	3.750880841915939928e-02
2.788000000000000000e+03	3.748483938102736140e-02
2.789000000000000000e+03	3.746082063146600333e-02
2.790000000000000000e+03	3.743675229213093425e-02
2.791000000000000000e+03	3.741263458710174933e-02
2.792000000000000000e+03	3.738846786072869827e-02
2.793000000000000000e+03	3.736425237232274960e-02
2.794000000000000000e+03	3.733998845841617759e-02
2.795000000000000000e+03	3.731567681005872050e-02
2.796000000000000000e+03	3.729131799551674981e-02
2.797000000000000000e+03	3.726691240533534094e-02
2.798000000000000000e+03	3.724246032979836030e-02
2.799000000000000000e+03	3.721796181705368939e-02
2.800000000000000000e+03	3.719341678844560739e-02
2.801000000000000000e+03	3.716882531997312000e-02
2.802000000000000000e+03	3.714418736862992038e-02
2.803000000000000000e+03	3.711950300410499920e-02
2.804000000000000000e+03	3.709477239698565076e-02
2.805000000000000000e+03	3.706999567688679803e-02
2.806000000000000000e+03	3.704517291372261961e-02
2.807000000000000000e+03	3.702030424315878171e-02
2.808000000000000000e+03	3.699538969806765581e-02
2.809000000000000000e+03	3.697042919688013629e-02
2.810000000000000000e+03	3.694542285128972481e-02
2.811000000000000000e+03	3.692037095479475811e-02
2.812000000000000000e+03	3.689527384619971373e-02
2.813000000000000000e+03	3.687013190442871985e-02
2.814000000000000000e+03	3.684494530440098059e-02
2.815000000000000000e+03	3.681971402262215753e-02
2.816000000000000000e+03	3.679443806406944989e-02
2.817000000000000000e+03	3.676911735142891074e-02
2.818000000000000000e+03	3.674375161803800777e-02
2.819000000000000000e+03	3.671834036949909313e-02
2.820000000000000000e+03	3.669288316685070939e-02
2.821000000000000000e+03	3.666738000800729563e-02
2.822000000000000000e+03	3.664183114928026841e-02
2.823000000000000000e+03	3.661623666644406999e-02
2.824000000000000000e+03	3.659059660019847726e-02
2.825000000000000000e+03	3.656491106785072359e-02
2.826000000000000000e+03	3.653918036553829851e-02
2.827000000000000000e+03	3.651340485592367846e-02
2.828000000000000000e+03	3.648758459228805540e-02
2.829000000000000000e+03	3.646171945501511247e-02
2.830000000000000000e+03	3.643580926404062920e-02
2.831000000000000000e+03	3.640985394703669109e-02
2.832000000000000000e+03	3.638385350758518294e-02
2.833000000000000000e+03	3.635780807842397405e-02
2.834000000000000000e+03	3.633171793538959166e-02
2.835000000000000000e+03	3.630558304413637749e-02
2.836000000000000000e+03	3.627940322101510379e-02
2.837000000000000000e+03	3.625317838487257527e-02
2.838000000000000000e+03	3.622690859125862750e-02
2.839000000000000000e+03	3.620059413219468142e-02
2.840000000000000000e+03	3.617423521574500422e-02
2.841000000000000000e+03	3.614783175547272437e-02
2.842000000000000000e+03	3.612138355012511903e-02
2.843000000000000000e+03	3.609489028472285393e-02
2.844000000000000000e+03	3.606835174669547478e-02
2.845000000000000000e+03	3.604176803568035631e-02
2.846000000000000000e+03	3.601513919349359077e-02
2.847000000000000000e+03	3.598846510361551621e-02
2.848000000000000000e+03	3.596174571196041753e-02
2.849000000000000000e+03	3.593498134825898888e-02
2.850000000000000000e+03	3.590817238639670145e-02
2.851000000000000000e+03	3.588131895307784813e-02
2.852000000000000000e+03	3.585442115656435613e-02
2.853000000000000000e+03	3.582747903806247219e-02
2.854000000000000000e+03	3.580049247808565760e-02
2.855000000000000000e+03	3.577346122997971528e-02
2.856000000000000000e+03	3.574638499730654201e-02
2.857000000000000000e+03	3.571926354984928526e-02
2.858000000000000000e+03	3.569209680139150825e-02
2.859000000000000000e+03	3.566488497332343660e-02
2.860000000000000000e+03	3.563762817466432919e-02
2.861000000000000000e+03	3.561032652001834553e-02
2.862000000000000000e+03	3.558298032704319130e-02
2.863000000000000000e+03	3.555558958265846170e-02
2.864000000000000000e+03	3.552815416263480769e-02
2.865000000000000000e+03	3.550067401670928269e-02
2.866000000000000000e+03	3.547314915797349089e-02
2.867000000000000000e+03	3.544557979507954176e-02
2.868000000000000000e+03	3.541796608165578147e-02
2.869000000000000000e+03	3.539030796290270481e-02
2.870000000000000000e+03	3.536260530706637761e-02
2.871000000000000000e+03	3.533485806006704533e-02
2.872000000000000000e+03	3.530706627959183386e-02
2.873000000000000000e+03	3.527923005466283152e-02
2.874000000000000000e+03	3.525134929766160496e-02
2.875000000000000000e+03	3.522342399404093660e-02
2.876000000000000000e+03	3.519545436901913571e-02
2.877000000000000000e+03	3.516744060315140502e-02
2.878000000000000000e+03	3.513938258267219200e-02
2.879000000000000000e+03	3.511127992417203969e-02
2.880000000000000000e+03	3.508313226327027662e-02
2.881000000000000000e+03	3.505493963718592926e-02
2.882000000000000000e+03	3.502670239250209316e-02
2.883000000000000000e+03	3.499842090253145466e-02
2.884000000000000000e+03	3.497009544089495214e-02
2.885000000000000000e+03	3.494172625459637804e-02
2.886000000000000000e+03	3.491331345561771854e-02
2.887000000000000000e+03	3.488485697454974527e-02
2.888000000000000000e+03	3.485635681523442664e-02
2.889000000000000000e+03	3.482781301544569247e-02
2.890000000000000000e+03	3.479922574297958371e-02
2.891000000000000000e+03	3.477059533685103454e-02
2.892000000000000000e+03	3.474192207435593260e-02
2.893000000000000000e+03	3.471320619016333292e-02
2.894000000000000000e+03	3.468444787909463756e-02
2.895000000000000000e+03	3.465564735827453974e-02
2.896000000000000000e+03	3.462680478479979174e-02
2.897000000000000000e+03	3.459792044997558880e-02
2.898000000000000000e+03	3.456899499528404834e-02
2.899000000000000000e+03	3.454002912199528874e-02
2.900000000000000000e+03	3.451102341653423944e-02
2.901000000000000000e+03	3.448197840024924687e-02
2.902000000000000000e+03	3.445289448355492307e-02
2.903000000000000000e+03	3.442377200915329449e-02
2.904000000000000000e+03	3.439461157640611583e-02
2.905000000000000000e+03	3.436541378133958768e-02
2.906000000000000000e+03	3.433617890212661838e-02
2.907000000000000000e+03	3.430690732815064314e-02
2.908000000000000000e+03	3.427759971793541138e-02
2.909000000000000000e+03	3.424825683621726680e-02
2.910000000000000000e+03	3.421887925081702753e-02
2.911000000000000000e+03	3.418946754470651717e-02
2.912000000000000000e+03	3.416002228712485683e-02
2.913000000000000000e+03	3.413054393939018299e-02
2.914000000000000000e+03	3.410103323583287688e-02
2.915000000000000000e+03	3.407149085990146542e-02
2.916000000000000000e+03	3.404191744509849071e-02
2.917000000000000000e+03	3.401231357524294591e-02
2.918000000000000000e+03	3.398267975523746459e-02
2.919000000000000000e+03	3.395301633518445911e-02
2.920000000000000000e+03	3.392332354571296615e-02
2.921000000000000000e+03	3.389360169734571132e-02
2.922000000000000000e+03	3.386385133182318041e-02
2.923000000000000000e+03	3.383407299085295500e-02
2.924000000000000000e+03	3.380426704112035607e-02
2.925000000000000000e+03	3.377443368873291746e-02
2.926000000000000000e+03	3.374457311257181985e-02
2.927000000000000000e+03	3.371468542458746359e-02
2.928000000000000000e+03	3.368477072201445099e-02
2.929000000000000000e+03	3.365482929199078294e-02
2.930000000000000000e+03	3.362486168333260472e-02
2.931000000000000000e+03	3.359486840427861054e-02
2.932000000000000000e+03	3.356485015002656086e-02
2.933000000000000000e+03	3.353480765249976236e-02
2.934000000000000000e+03	3.350474142058543908e-02
2.935000000000000000e+03	3.347465179070953367e-02
2.936000000000000000e+03	3.344453891747989349e-02
2.937000000000000000e+03	3.341440271124711259e-02
2.938000000000000000e+03	3.338424339787682965e-02
2.939000000000000000e+03	3.335406144278869889e-02
2.940000000000000000e+03	3.332385690124929634e-02
2.941000000000000000e+03	3.329362967114531807e-02
2.942000000000000000e+03	3.326337966412446639e-02
2.943000000000000000e+03	3.323310701241417170e-02
2.944000000000000000e+03	3.320281195757140980e-02
2.945000000000000000e+03	3.317249457583950484e-02
2.946000000000000000e+03	3.314215484168943349e-02
2.947000000000000000e+03	3.311179289907800749e-02
2.948000000000000000e+03	3.308140918153424509e-02
2.949000000000000000e+03	3.305100413890396660e-02
2.950000000000000000e+03	3.302057813226881577e-02
2.951000000000000000e+03	3.299013138078912832e-02
2.952000000000000000e+03	3.295966397138011539e-02
2.953000000000000000e+03	3.292917590807466904e-02
2.954000000000000000e+03	3.289866716969096216e-02
2.955000000000000000e+03	3.286813761165202630e-02
2.956000000000000000e+03	3.283758699895665545e-02
2.957000000000000000e+03	3.280701521681132771e-02
2.958000000000000000e+03	3.277642232500652814e-02
2.959000000000000000e+03	3.274580845075746038e-02
2.960000000000000000e+03	3.271517385036280118e-02
2.961000000000000000e+03	3.268451880583080060e-02
2.962000000000000000e+03	3.265384347230938789e-02
2.963000000000000000e+03	3.262314786091519148e-02
2.964000000000000000e+03	3.259243182762357888e-02
2.965000000000000000e+03	3.256169508313799116e-02
2.966000000000000000e+03	3.253093740545260487e-02
2.967000000000000000e+03	3.250015867135688796e-02
2.968000000000000000e+03	3.246935882120133288e-02
2.969000000000000000e+03	3.243853776655352544e-02
2.970000000000000000e+03	3.240769527587161747e-02
2.971000000000000000e+03	3.237683093314000504e-02
2.972000000000000000e+03	3.234594419461024606e-02
2.973000000000000000e+03	3.231503470799159533e-02
2.974000000000000000e+03	3.228410243004783270e-02
2.975000000000000000e+03	3.225314733013766311e-02
2.976000000000000000e+03	3.222216926520402036e-02
2.977000000000000000e+03	3.219116805365217215e-02
2.978000000000000000e+03	3.216014348520662702e-02
2.979000000000000000e+03	3.212909513614110868e-02
2.980000000000000000e+03	3.209802249179329048e-02
2.981000000000000000e+03	3.206692482835277191e-02
2.982000000000000000e+03	3.203580179241539982e-02
2.983000000000000000e+03	3.200465327550666012e-02
2.984000000000000000e+03	3.197347915726069661e-02
2.985000000000000000e+03	3.194227911049282720e-02
2.986000000000000000e+03	3.191105269906884673e-02
2.987000000000000000e+03	3.187979958855325507e-02
2.988000000000000000e+03	3.184851984990615809e-02
2.989000000000000000e+03	3.181721360286228484e-02
2.990000000000000000e+03	3.178588080741590050e-02
2.991000000000000000e+03	3.175452125018481120e-02
2.992000000000000000e+03	3.172313465112339137e-02
2.993000000000000000e+03	3.169172083605507895e-02
2.994000000000000000e+03	3.166027962547338787e-02
2.995000000000000000e+03	3.162881098067415325e-02
2.996000000000000000e+03	3.159731463446208144e-02
2.997000000000000000e+03	3.156579037827002276e-02
2.998000000000000000e+03	3.153423814882190535e-02
2.999000000000000000e+03	3.150265785610909669e-02
3.000000000000000000e+03	3.147104989090328958e-02
3.001000000000000000e+03	3.143941483488312677e-02
3.002000000000000000e+03	3.140775293161189585e-02
3.003000000000000000e+03	3.137606417963865330e-02
3.004000000000000000e+03	3.134434847689370612e-02
3.005000000000000000e+03	3.131260553446447298e-02
3.006000000000000000e+03	3.128083501002150435e-02
3.007000000000000000e+03	3.124903664227440120e-02
3.008000000000000000e+03	3.121721033554629085e-02
3.009000000000000000e+03	3.118535604425080876e-02
3.010000000000000000e+03	3.115347384451432403e-02
3.011000000000000000e+03	3.112156393581950314e-02
3.012000000000000000e+03	3.108962632098631607e-02
3.013000000000000000e+03	3.105766084608219818e-02
3.014000000000000000e+03	3.102566741458032476e-02
3.015000000000000000e+03	3.099364586075270198e-02
3.016000000000000000e+03	3.096159614641241439e-02
3.017000000000000000e+03	3.092951834089163049e-02
3.018000000000000000e+03	3.089741228157991820e-02
3.019000000000000000e+03	3.086527786807652038e-02
3.020000000000000000e+03	3.083311494968654295e-02
3.021000000000000000e+03	3.080092338977062638e-02
3.022000000000000000e+03	3.076870315142104031e-02
3.023000000000000000e+03	3.073645422279953909e-02
3.024000000000000000e+03	3.070417655106540133e-02
3.025000000000000000e+03	3.067187012999696150e-02
3.026000000000000000e+03	3.063953502728573169e-02
3.027000000000000000e+03	3.060717133522097150e-02
3.028000000000000000e+03	3.057477934339551326e-02
3.029000000000000000e+03	3.054235973607339477e-02
3.030000000000000000e+03	3.050991322808546680e-02
3.031000000000000000e+03	3.047744000253421737e-02
3.032000000000000000e+03	3.044494003448645555e-02
3.033000000000000000e+03	3.041241335302253754e-02
3.034000000000000000e+03	3.037985996223524499e-02
3.035000000000000000e+03	3.034727999343183463e-02
3.036000000000000000e+03	3.031467354923516808e-02
3.037000000000000000e+03	3.028204055590226138e-02
3.038000000000000000e+03	3.024938082594315347e-02
3.039000000000000000e+03	3.021669417264651741e-02
3.040000000000000000e+03	3.018398052978331705e-02
3.041000000000000000e+03	3.015124001928336933e-02
3.042000000000000000e+03	3.011847273091927679e-02
3.043000000000000000e+03	3.008567849447447637e-02
3.044000000000000000e+03	3.005285714374296771e-02
3.045000000000000000e+03	3.002000871024209858e-02
3.046000000000000000e+03	2.998713339806254041e-02
3.047000000000000000e+03	2.995423156580558077e-02
3.048000000000000000e+03	2.992130344281307766e-02
3.049000000000000000e+03	2.988834865724832729e-02
3.050000000000000000e+03	2.985536711840924839e-02
3.051000000000000000e+03	2.982235914288421455e-02
3.052000000000000000e+03	2.978932481814567171e-02
3.053000000000000000e+03	2.975626392782087376e-02
3.054000000000000000e+03	2.972317648283409955e-02
3.055000000000000000e+03	2.969006260207509088e-02
3.056000000000000000e+03	2.965692265752890508e-02
3.057000000000000000e+03	2.962375681509463524e-02
3.058000000000000000e+03	2.959056506986438434e-02
3.059000000000000000e+03	2.955734750347090503e-02
3.060000000000000000e+03	2.952410422117559413e-02
3.061000000000000000e+03	2.949083546770937467e-02
3.062000000000000000e+03	2.945754157497755196e-02
3.063000000000000000e+03	2.942422273750875186e-02
3.064000000000000000e+03	2.939087904926965950e-02
3.065000000000000000e+03	2.935751054851379327e-02
3.066000000000000000e+03	2.932411753278836922e-02
3.067000000000000000e+03	2.929070048760559417e-02
3.068000000000000000e+03	2.925726012549310223e-02
3.069000000000000000e+03	2.922379747539009462e-02
3.070000000000000000e+03	2.919031324040745334e-02
3.071000000000000000e+03	2.915680763530428127e-02
3.072000000000000000e+03	2.912328086319592238e-02
3.073000000000000000e+03	2.908973319597081206e-02
3.074000000000000000e+03	2.905616479527534102e-02
3.075000000000000000e+03	2.902257581383768312e-02
3.076000000000000000e+03	2.898896647884816394e-02
3.077000000000000000e+03	2.895533720205787503e-02
3.078000000000000000e+03	2.892168847645134114e-02
3.079000000000000000e+03	2.888802053102893647e-02
3.080000000000000000e+03	2.885433338392816641e-02
3.081000000000000000e+03	2.882062735903748174e-02
3.082000000000000000e+03	2.878690310760274179e-02
3.083000000000000000e+03	2.875316111834386526e-02
3.084000000000000000e+03	2.871940157219661158e-02
3.085000000000000000e+03	2.868562467766421625e-02
3.086000000000000000e+03	2.865183075883452959e-02
3.087000000000000000e+03	2.861802017640684495e-02
3.088000000000000000e+03	2.858419302689853281e-02
3.089000000000000000e+03	2.855034901671642950e-02
3.090000000000000000e+03	2.851648764412488893e-02
3.091000000000000000e+03	2.848260893566232146e-02
3.092000000000000000e+03	2.844871330259924821e-02
3.093000000000000000e+03	2.841480063698263378e-02
3.094000000000000000e+03	2.838087070797102457e-02
3.095000000000000000e+03	2.834692327629715833e-02
3.096000000000000000e+03	2.831295823712058277e-02
3.097000000000000000e+03	2.827897572833143816e-02
3.098000000000000000e+03	2.824497613444777039e-02
3.099000000000000000e+03	2.821095974348695676e-02
3.100000000000000000e+03	2.817692681813655300e-02
3.101000000000000000e+03	2.814287741198911660e-02
3.102000000000000000e+03	2.810881141889241819e-02
3.103000000000000000e+03	2.807472871718478397e-02
3.104000000000000000e+03	2.804062922987037021e-02
3.105000000000000000e+03	2.800651279077271891e-02
3.106000000000000000e+03	2.797237927244290712e-02
3.107000000000000000e+03	2.793822863807404744e-02
3.108000000000000000e+03	2.790406092098190322e-02
3.109000000000000000e+03	2.786987624048658380e-02
3.110000000000000000e+03	2.783567458636919054e-02
3.111000000000000000e+03	2.780145587650728611e-02
3.112000000000000000e+03	2.776722015921262790e-02
3.113000000000000000e+03	2.773296760894371563e-02
3.114000000000000000e+03	2.769869844982424112e-02
3.115000000000000000e+03	2.766441291821485765e-02
3.116000000000000000e+03	2.763011124212834402e-02
3.117000000000000000e+03	2.759579350438347983e-02
3.118000000000000000e+03	2.756145981903980469e-02
3.119000000000000000e+03	2.752711031760591773e-02
3.120000000000000000e+03	2.749274473692655402e-02
3.121000000000000000e+03	2.745836264732832641e-02
3.122000000000000000e+03	2.742396382790243323e-02
3.123000000000000000e+03	2.738954828123265836e-02
3.124000000000000000e+03	2.735511589310701819e-02
3.125000000000000000e+03	2.732066655642463593e-02
3.126000000000000000e+03	2.728620038362124939e-02
3.127000000000000000e+03	2.725171735175904025e-02
3.128000000000000000e+03	2.721721744940136523e-02
3.129000000000000000e+03	2.718270069916620471e-02
3.130000000000000000e+03	2.714816687835748879e-02
3.131000000000000000e+03	2.711361582577821380e-02
3.132000000000000000e+03	2.707904757403535589e-02
3.133000000000000000e+03	2.704446193812869159e-02
3.134000000000000000e+03	2.700985866969708715e-02
3.135000000000000000e+03	2.697523767789276883e-02
3.136000000000000000e+03	2.694059866487609131e-02
3.137000000000000000e+03	2.690594114573796949e-02
3.138000000000000000e+03	2.687126492663476085e-02
3.139000000000000000e+03	2.683657003676198291e-02
3.140000000000000000e+03	2.680185638755702704e-02
3.141000000000000000e+03	2.676712369470181721e-02
3.142000000000000000e+03	2.673237167861958197e-02
3.143000000000000000e+03	2.669760016962795593e-02
3.144000000000000000e+03	2.666280913194311875e-02
3.145000000000000000e+03	2.662799867399928341e-02
3.146000000000000000e+03	2.659316884385442767e-02
3.147000000000000000e+03	2.655831979729902925e-02
3.148000000000000000e+03	2.652345182613895583e-02
3.149000000000000000e+03	2.648856495289609106e-02
3.150000000000000000e+03	2.645365859045796866e-02
3.151000000000000000e+03	2.641873189813839784e-02
3.152000000000000000e+03	2.638378422639246421e-02
3.153000000000000000e+03	2.634881540183948295e-02
3.154000000000000000e+03	2.631382562990300031e-02
3.155000000000000000e+03	2.627881505951121591e-02
3.156000000000000000e+03	2.624378367670673548e-02
3.157000000000000000e+03	2.620873147457709537e-02
3.158000000000000000e+03	2.617365867976466018e-02
3.159000000000000000e+03	2.613856506165569346e-02
3.160000000000000000e+03	2.610345032234501206e-02
3.161000000000000000e+03	2.606831430321488244e-02
3.162000000000000000e+03	2.603315730684095317e-02
3.163000000000000000e+03	2.599797995867790881e-02
3.164000000000000000e+03	2.596278241534536943e-02
3.165000000000000000e+03	2.592756454629339263e-02
3.166000000000000000e+03	2.589232628461619889e-02
3.167000000000000000e+03	2.585706762627055372e-02
3.168000000000000000e+03	2.582178895542308270e-02
3.169000000000000000e+03	2.578649063699890026e-02
3.170000000000000000e+03	2.575117289219571934e-02
3.171000000000000000e+03	2.571583606803817465e-02
3.172000000000000000e+03	2.568048021282138757e-02
3.173000000000000000e+03	2.564510517081734428e-02
3.174000000000000000e+03	2.560971094352093580e-02
3.175000000000000000e+03	2.557429770708888328e-02
3.176000000000000000e+03	2.553886556267090033e-02
3.177000000000000000e+03	2.550341457524099228e-02
3.178000000000000000e+03	2.546794510179966817e-02
3.179000000000000000e+03	2.543245753959017669e-02
3.180000000000000000e+03	2.539695216869757022e-02
3.181000000000000000e+03	2.536142953861721117e-02
3.182000000000000000e+03	2.532589010332028656e-02
3.183000000000000000e+03	2.529033422343029275e-02
3.184000000000000000e+03	2.525476242415631775e-02
3.185000000000000000e+03	2.521917530776622909e-02
3.186000000000000000e+03	2.518357335852648010e-02
3.187000000000000000e+03	2.514795674201124667e-02
3.188000000000000000e+03	2.511232595312019519e-02
3.189000000000000000e+03	2.507668147768017664e-02
3.190000000000000000e+03	2.504102386603951000e-02
3.191000000000000000e+03	2.500535395150933760e-02
3.192000000000000000e+03	2.496967239125273338e-02
3.193000000000000000e+03	2.493397961525001261e-02
3.194000000000000000e+03	2.489827574273721644e-02
3.195000000000000000e+03	2.486256100039558117e-02
3.196000000000000000e+03	2.482683635150091661e-02
3.197000000000000000e+03	2.479110262316487276e-02
3.198000000000000000e+03	2.475536017290851099e-02
3.199000000000000000e+03	2.471960916929758639e-02
3.200000000000000000e+03	2.468384952639387717e-02
3.201000000000000000e+03	2.464808134305211326e-02
3.202000000000000000e+03	2.461230507315550348e-02
3.203000000000000000e+03	2.457652141516988853e-02
3.204000000000000000e+03	2.454073087782592671e-02
3.205000000000000000e+03	2.450493379326449186e-02
3.206000000000000000e+03	2.446913057293697083e-02
3.207000000000000000e+03	2.443332174956370020e-02
3.208000000000000000e+03	2.439750807105662417e-02
3.209000000000000000e+03	2.436169031054680190e-02
3.210000000000000000e+03	2.432586865910749824e-02
3.211000000000000000e+03	2.429004308764704315e-02
3.212000000000000000e+03	2.425421366034807846e-02
3.213000000000000000e+03	2.421838050954892851e-02
3.214000000000000000e+03	2.418254366022759907e-02
3.215000000000000000e+03	2.414670318474062410e-02
3.216000000000000000e+03	2.411085926772410515e-02
3.217000000000000000e+03	2.407501222507772362e-02
3.218000000000000000e+03	2.403916257432497580e-02
3.219000000000000000e+03	2.400331093512643107e-02
3.220000000000000000e+03	2.396745789679936151e-02
3.221000000000000000e+03	2.393160382041057202e-02
3.222000000000000000e+03	2.389574899398750132e-02
3.223000000000000000e+03	2.385989375971031209e-02
3.224000000000000000e+03	2.382403837181852266e-02
3.225000000000000000e+03	2.378818310762827876e-02
3.226000000000000000e+03	2.375232839343231414e-02
3.227000000000000000e+03	2.371647457028975767e-02
3.228000000000000000e+03	2.368062168785413021e-02
3.229000000000000000e+03	2.364476951600107124e-02
3.230000000000000000e+03	2.360891790180191796e-02
3.231000000000000000e+03	2.357306680318767625e-02
3.232000000000000000e+03	2.353721640817478186e-02
3.233000000000000000e+03	2.350136711196852343e-02
3.234000000000000000e+03	2.346551937487039233e-02
3.235000000000000000e+03	2.342967367507836629e-02
3.236000000000000000e+03	2.339383016452385722e-02
3.237000000000000000e+03	2.335798890601277142e-02
3.238000000000000000e+03	2.332214999946984058e-02
3.239000000000000000e+03	2.328631341488995171e-02
3.240000000000000000e+03	2.325047923323035268e-02
3.241000000000000000e+03	2.321464742783601459e-02
3.242000000000000000e+03	2.317881772499335441e-02
3.243000000000000000e+03	2.314298981385603388e-02
3.244000000000000000e+03	2.310716361591728246e-02
3.245000000000000000e+03	2.307133922859438621e-02
3.246000000000000000e+03	2.303551682996604968e-02
3.247000000000000000e+03	2.299969673731071598e-02
3.248000000000000000e+03	2.296387916783784733e-02
3.249000000000000000e+03	2.292806419412303162e-02
3.250000000000000000e+03	2.289225198549015364e-02
3.251000000000000000e+03	2.285644265228515062e-02
3.252000000000000000e+03	2.282063615040350046e-02
3.253000000000000000e+03	2.278483265177008721e-02
3.254000000000000000e+03	2.274903244497121502e-02
3.255000000000000000e+03	2.271323565682464157e-02
3.256000000000000000e+03	2.267744231357059562e-02
3.257000000000000000e+03	2.264165255801072266e-02
3.258000000000000000e+03	2.260586650714059564e-02
3.259000000000000000e+03	2.257008412911224587e-02
3.260000000000000000e+03	2.253430537871332212e-02
3.261000000000000000e+03	2.249853043149469684e-02
3.262000000000000000e+03	2.246275963612230989e-02
3.263000000000000000e+03	2.242699327342821680e-02
3.264000000000000000e+03	2.239123148769934027e-02
3.265000000000000000e+03	2.235547439847328580e-02
3.266000000000000000e+03	2.231972204338925764e-02
3.267000000000000000e+03	2.228397441530693274e-02
3.268000000000000000e+03	2.224823159492491167e-02
3.269000000000000000e+03	2.221249342788997674e-02
3.270000000000000000e+03	2.217675951546060897e-02
3.271000000000000000e+03	2.214102926129530094e-02
3.272000000000000000e+03	2.210530223161739569e-02
3.273000000000000000e+03	2.206957823285124465e-02
3.274000000000000000e+03	2.203385720276444804e-02
3.275000000000000000e+03	2.199813911733193225e-02
3.276000000000000000e+03	2.196242391719006176e-02
3.277000000000000000e+03	2.192671155565145344e-02
3.278000000000000000e+03	2.189100171531288552e-02
3.279000000000000000e+03	2.185529419900973311e-02
3.280000000000000000e+03	2.181958874705988011e-02
3.281000000000000000e+03	2.178388458566558536e-02
3.282000000000000000e+03	2.174818050430772295e-02
3.283000000000000000e+03	2.171247557187458085e-02
3.284000000000000000e+03	2.167676967302362839e-02
3.285000000000000000e+03	2.164106308545533236e-02
3.286000000000000000e+03	2.160535576321787402e-02
3.287000000000000000e+03	2.156964722846568122e-02
3.288000000000000000e+03	2.153393705627982754e-02
3.289000000000000000e+03	2.149822488161890269e-02
3.290000000000000000e+03	2.146251038181854615e-02
3.291000000000000000e+03	2.142679355162106086e-02
3.292000000000000000e+03	2.139107468209774932e-02
3.293000000000000000e+03	2.135535408247803135e-02
3.294000000000000000e+03	2.131963190274257028e-02
3.295000000000000000e+03	2.128390808537655374e-02
3.296000000000000000e+03	2.124818226822245554e-02
3.297000000000000000e+03	2.121245381375004221e-02
3.298000000000000000e+03	2.117672201643096969e-02
3.299000000000000000e+03	2.114098634597337198e-02
3.300000000000000000e+03	2.110524685864862207e-02
3.301000000000000000e+03	2.106950346322341780e-02
3.302000000000000000e+03	2.103375609547330702e-02
3.303000000000000000e+03	2.099800504120773181e-02
3.304000000000000000e+03	2.096225048477828520e-02
3.305000000000000000e+03	2.092649271943223394e-02
3.306000000000000000e+03	2.089073204562608491e-02
3.307000000000000000e+03	2.085496861864184759e-02
3.308000000000000000e+03	2.081920249767612099e-02
3.309000000000000000e+03	2.078343375094376597e-02
3.310000000000000000e+03	2.074766200090936638e-02
3.311000000000000000e+03	2.071188718480329941e-02
3.312000000000000000e+03	2.067610941536039693e-02
3.313000000000000000e+03	2.064032862933815396e-02
3.314000000000000000e+03	2.060454475340739791e-02
3.315000000000000000e+03	2.056875785684787045e-02
3.316000000000000000e+03	2.053296811332566002e-02
3.317000000000000000e+03	2.049717563695023850e-02
3.318000000000000000e+03	2.046138041674737396e-02
3.319000000000000000e+03	2.042558254521941591e-02
3.320000000000000000e+03	2.038978218954274127e-02
3.321000000000000000e+03	2.035397910060468898e-02
3.322000000000000000e+03	2.031817317909467152e-02
3.323000000000000000e+03	2.028236497777934425e-02
3.324000000000000000e+03	2.024655464617414885e-02
3.325000000000000000e+03	2.021074177713638384e-02
3.326000000000000000e+03	2.017492629101116236e-02
3.327000000000000000e+03	2.013910845720544296e-02
3.328000000000000000e+03	2.010328861968171954e-02
3.329000000000000000e+03	2.006746763833876582e-02
3.330000000000000000e+03	2.003164621757929850e-02
3.331000000000000000e+03	1.999582470898283657e-02
3.332000000000000000e+03	1.996000308610278856e-02
3.333000000000000000e+03	1.992418127301981770e-02
3.334000000000000000e+03	1.988835948585357741e-02
3.335000000000000000e+03	1.985253870767161519e-02
3.336000000000000000e+03	1.981671980585065704e-02
3.337000000000000000e+03	1.978090330349065520e-02
3.338000000000000000e+03	1.974508992836368840e-02
3.339000000000000000e+03	1.970928056195398251e-02
3.340000000000000000e+03	1.967347598297632116e-02
3.341000000000000000e+03	1.963767672711491316e-02
3.342000000000000000e+03	1.960188330506249313e-02
3.343000000000000000e+03	1.956609620095042801e-02
3.344000000000000000e+03	1.953031596256375388e-02
3.345000000000000000e+03	1.949454290083200633e-02
3.346000000000000000e+03	1.945877717338343610e-02
3.347000000000000000e+03	1.942301888508113708e-02
3.348000000000000000e+03	1.938726814524235204e-02
3.349000000000000000e+03	1.935152513954464110e-02
3.350000000000000000e+03	1.931578977214129522e-02
3.351000000000000000e+03	1.928006250728482238e-02
3.352000000000000000e+03	1.924434440087103085e-02
3.353000000000000000e+03	1.920863645719059210e-02
3.354000000000000000e+03	1.917293943431963923e-02
3.355000000000000000e+03	1.913725433541308210e-02
3.356000000000000000e+03	1.910158229502160326e-02
3.357000000000000000e+03	1.906592397256464885e-02
3.358000000000000000e+03	1.903027970611219019e-02
3.359000000000000000e+03	1.899464988233152268e-02
3.360000000000000000e+03	1.895903524390011793e-02
3.361000000000000000e+03	1.892343679424499103e-02
3.362000000000000000e+03	1.888785581526645357e-02
3.363000000000000000e+03	1.885229370554476064e-02
3.364000000000000000e+03	1.881675080393196975e-02
3.365000000000000000e+03	1.878122673008871674e-02
3.366000000000000000e+03	1.874572140997361747e-02
3.367000000000000000e+03	1.871023531031440826e-02
3.368000000000000000e+03	1.867476927240638643e-02
3.369000000000000000e+03	1.863932414081125380e-02
3.370000000000000000e+03	1.860390061740956752e-02
3.371000000000000000e+03	1.856849959086879012e-02
3.372000000000000000e+03	1.853312167776253669e-02
3.373000000000000000e+03	1.849776704734082747e-02
3.374000000000000000e+03	1.846243625823279846e-02
3.375000000000000000e+03	1.842713070031091332e-02
3.376000000000000000e+03	1.839185191995308319e-02
3.377000000000000000e+03	1.835660083833116213e-02
3.378000000000000000e+03	1.832137788204595691e-02
3.379000000000000000e+03	1.828618396814319508e-02
3.380000000000000000e+03	1.825102011079022396e-02
3.381000000000000000e+03	1.821588677136693618e-02
3.382000000000000000e+03	1.818078407248665748e-02
3.383000000000000000e+03	1.814571250937890498e-02
3.384000000000000000e+03	1.811067317848765248e-02
3.385000000000000000e+03	1.807566739483050522e-02
3.386000000000000000e+03	1.804069596376167359e-02
3.387000000000000000e+03	1.800575920477503686e-02
3.388000000000000000e+03	1.797085748378017198e-02
3.389000000000000000e+03	1.793599149416565813e-02
3.390000000000000000e+03	1.790116220919138121e-02
3.391000000000000000e+03	1.786637043642662001e-02
3.392000000000000000e+03	1.783161665530124881e-02
3.393000000000000000e+03	1.779690104858261748e-02
3.394000000000000000e+03	1.776222348158054687e-02
3.395000000000000000e+03	1.772758390112153318e-02
3.396000000000000000e+03	1.769298259060044301e-02
3.397000000000000000e+03	1.765841979134768688e-02
3.398000000000000000e+03	1.762389549162311081e-02
3.399000000000000000e+03	1.758940966944257805e-02
3.400000000000000000e+03	1.755496234958286300e-02
3.401000000000000000e+03	1.752055362413799250e-02
3.402000000000000000e+03	1.748618383492643938e-02
3.403000000000000000e+03	1.745185333087012625e-02
3.404000000000000000e+03	1.741756234533091766e-02
3.405000000000000000e+03	1.738331086808337853e-02
3.406000000000000000e+03	1.734909926386813198e-02
3.407000000000000000e+03	1.731492772022072760e-02
3.408000000000000000e+03	1.728079648884403574e-02
3.409000000000000000e+03	1.724670565466177030e-02
3.410000000000000000e+03	1.721265497573109746e-02
3.411000000000000000e+03	1.717864401184112863e-02
3.412000000000000000e+03	1.714467266629932790e-02
3.413000000000000000e+03	1.711074065903827116e-02
3.414000000000000000e+03	1.707684739445432254e-02
3.415000000000000000e+03	1.704299205894468233e-02
3.416000000000000000e+03	1.700917394948451081e-02
3.417000000000000000e+03	1.697539208461661467e-02
3.418000000000000000e+03	1.694164531733306778e-02
3.419000000000000000e+03	1.690793319270550085e-02
3.420000000000000000e+03	1.687425549226483773e-02
3.421000000000000000e+03	1.684061224413973407e-02
3.422000000000000000e+03	1.680700322129794269e-02
3.423000000000000000e+03	1.677342736277588967e-02
3.424000000000000000e+03	1.673988360024798380e-02
3.425000000000000000e+03	1.670637144724566175e-02
3.426000000000000000e+03	1.667289029957759461e-02
3.427000000000000000e+03	1.663943928463461341e-02
3.428000000000000000e+03	1.660601805752316695e-02
3.429000000000000000e+03	1.657262640072676430e-02
3.430000000000000000e+03	1.653926422769563462e-02
3.431000000000000000e+03	1.650593169252615594e-02
3.432000000000000000e+03	1.647262880976329419e-02
3.433000000000000000e+03	1.643935517502972607e-02
3.434000000000000000e+03	1.640611032805968858e-02
3.435000000000000000e+03	1.637289394853141955e-02
3.436000000000000000e+03	1.633970567119426634e-02
3.437000000000000000e+03	1.630654516410742425e-02
3.438000000000000000e+03	1.627341194475937988e-02
3.439000000000000000e+03	1.624030563794997759e-02
3.440000000000000000e+03	1.620722623508629931e-02
3.441000000000000000e+03	1.617417341079923840e-02
3.442000000000000000e+03	1.614114687542249349e-02
3.443000000000000000e+03	1.610814677492823643e-02
3.444000000000000000e+03	1.607517295029902565e-02
3.445000000000000000e+03	1.604222514230851243e-02
3.446000000000000000e+03	1.600930343520333074e-02
3.447000000000000000e+03	1.597640765668131499e-02
3.448000000000000000e+03	1.594353757983440686e-02
3.449000000000000000e+03	1.591069317382736228e-02
3.450000000000000000e+03	1.587787471733808492e-02
3.451000000000000000e+03	1.584508239565984855e-02
3.452000000000000000e+03	1.581231631074541538e-02
3.453000000000000000e+03	1.577957720959376892e-02
3.454000000000000000e+03	1.574686577256675241e-02
3.455000000000000000e+03	1.571418206167616086e-02
3.456000000000000000e+03	1.568152604160913052e-02
3.457000000000000000e+03	1.564889810324744668e-02
3.458000000000000000e+03	1.561629853334520722e-02
3.459000000000000000e+03	1.558372705575312642e-02
3.460000000000000000e+03	1.555118330819781416e-02
3.461000000000000000e+03	1.551866743659432134e-02
3.462000000000000000e+03	1.548617974431467509e-02
3.463000000000000000e+03	1.545372055996949330e-02
3.464000000000000000e+03	1.542128969783442688e-02
3.465000000000000000e+03	1.538888721355511496e-02
3.466000000000000000e+03	1.535651352641920209e-02
3.467000000000000000e+03	1.532416880812057305e-02
3.468000000000000000e+03	1.529185255157636952e-02
3.469000000000000000e+03	1.525956411803171611e-02
3.470000000000000000e+03	1.522730357657325027e-02
3.471000000000000000e+03	1.519507086778440486e-02
3.472000000000000000e+03	1.516286685028953203e-02
3.473000000000000000e+03	1.513069206947268396e-02
3.474000000000000000e+03	1.509854674887994679e-02
3.475000000000000000e+03	1.506643115867503657e-02
3.476000000000000000e+03	1.503434574769260332e-02
3.477000000000000000e+03	1.500229114217976542e-02
3.478000000000000000e+03	1.497026764606335623e-02
3.479000000000000000e+03	1.493827517511676917e-02
3.480000000000000000e+03	1.490631350980291085e-02
3.481000000000000000e+03	1.487438222316375507e-02
3.482000000000000000e+03	1.484248100779562290e-02
3.483000000000000000e+03	1.481061002569251245e-02
3.484000000000000000e+03	1.477876973099909001e-02
3.485000000000000000e+03	1.474696090496043985e-02
3.486000000000000000e+03	1.471518432041955815e-02
3.487000000000000000e+03	1.468344052087707310e-02
3.488000000000000000e+03	1.465172981836623291e-02
3.489000000000000000e+03	1.462005242408147450e-02
3.490000000000000000e+03	1.458840917652848984e-02
3.491000000000000000e+03	1.455680032543695858e-02
3.492000000000000000e+03	1.452522520197529685e-02
3.493000000000000000e+03	1.449368358869286728e-02
3.494000000000000000e+03	1.446217599936277382e-02
3.495000000000000000e+03	1.443070285608975475e-02
3.496000000000000000e+03	1.439926441830973770e-02
3.497000000000000000e+03	1.436786077751045498e-02
3.498000000000000000e+03	1.433649242849109780e-02
3.499000000000000000e+03	1.430516029202904237e-02
3.500000000000000000e+03	1.427386437137515007e-02
3.501000000000000000e+03	1.424260428485135503e-02
3.502000000000000000e+03	1.421137972527258993e-02
3.503000000000000000e+03	1.418019071204107938e-02
3.504000000000000000e+03	1.414903762222194383e-02
3.505000000000000000e+03	1.411792122707325632e-02
3.506000000000000000e+03	1.408684252282950584e-02
3.507000000000000000e+03	1.405580212461337263e-02
3.508000000000000000e+03	1.402480063848303080e-02
3.509000000000000000e+03	1.399383879709453944e-02
3.510000000000000000e+03	1.396291676223122315e-02
3.511000000000000000e+03	1.393203497452743557e-02
3.512000000000000000e+03	1.390119387120496500e-02
3.513000000000000000e+03	1.387039325387685006e-02
3.514000000000000000e+03	1.383963296318503969e-02
3.515000000000000000e+03	1.380891338294243723e-02
3.516000000000000000e+03	1.377823519486984054e-02
3.517000000000000000e+03	1.374759852573098455e-02
3.518000000000000000e+03	1.371700329190559016e-02
3.519000000000000000e+03	1.368645019537485796e-02
3.520000000000000000e+03	1.365593981820317944e-02
3.521000000000000000e+03	1.362547246950251284e-02
3.522000000000000000e+03	1.359504845711644559e-02
3.523000000000000000e+03	1.356466796494913175e-02
3.524000000000000000e+03	1.353433104142064310e-02
3.525000000000000000e+03	1.350403769928568143e-02
3.526000000000000000e+03	1.347378805762888127e-02
3.527000000000000000e+03	1.344358206141106453e-02
3.528000000000000000e+03	1.341341943994366417e-02
3.529000000000000000e+03	1.338329955641033055e-02
3.530000000000000000e+03	1.335322161330914324e-02
3.531000000000000000e+03	1.332318456178062729e-02
3.532000000000000000e+03	1.329318725879863848e-02
3.533000000000000000e+03	1.326322880235596482e-02
3.534000000000000000e+03	1.323330857617395842e-02
3.535000000000000000e+03	1.320342608558916497e-02
3.536000000000000000e+03	1.317358098951991810e-02
3.537000000000000000e+03	1.314377294680571864e-02
3.538000000000000000e+03	1.311400120111768514e-02
3.539000000000000000e+03	1.308426489779688888e-02
3.540000000000000000e+03	1.305456356517059602e-02
3.541000000000000000e+03	1.302489701606730430e-02
3.542000000000000000e+03	1.299526489481715209e-02
3.543000000000000000e+03	1.296566692224413245e-02
3.544000000000000000e+03	1.293610256679396560e-02
3.545000000000000000e+03	1.290657108595430827e-02
3.546000000000000000e+03	1.287707206129461331e-02
3.547000000000000000e+03	1.284760511186192923e-02
3.548000000000000000e+03	1.281816991109207757e-02
3.549000000000000000e+03	1.278876615419794090e-02
3.550000000000000000e+03	1.275939327355224764e-02
3.551000000000000000e+03	1.273005058987756490e-02
3.552000000000000000e+03	1.270073764292616036e-02
3.553000000000000000e+03	1.267145423701959012e-02
3.554000000000000000e+03	1.264220013698821692e-02
3.555000000000000000e+03	1.261297552094258791e-02
3.556000000000000000e+03	1.258378061980322191e-02
3.557000000000000000e+03	1.255461463542312597e-02
3.558000000000000000e+03	1.252547643148604894e-02
3.559000000000000000e+03	1.249636552292102132e-02
3.560000000000000000e+03	1.246728165354448262e-02
3.561000000000000000e+03	1.243822460402134976e-02
3.562000000000000000e+03	1.240919419351805761e-02
3.563000000000000000e+03	1.238018962484928841e-02
3.564000000000000000e+03	1.235121001785552917e-02
3.565000000000000000e+03	1.232225498218370539e-02
3.566000000000000000e+03	1.229332420339734021e-02
3.567000000000000000e+03	1.226441710009278617e-02
3.568000000000000000e+03	1.223553266177869990e-02
3.569000000000000000e+03	1.220666984804712717e-02
3.570000000000000000e+03	1.217782787929274323e-02
3.571000000000000000e+03	1.214900596028941140e-02
3.572000000000000000e+03	1.212020297859836213e-02
3.573000000000000000e+03	1.209141802122151547e-02
3.574000000000000000e+03	1.206265047528201281e-02
3.575000000000000000e+03	1.203389954320821867e-02
3.576000000000000000e+03	1.200516440463058644e-02
3.577000000000000000e+03	1.197644392124198008e-02
3.578000000000000000e+03	1.194773718596315974e-02
3.579000000000000000e+03	1.191904367230633456e-02
3.580000000000000000e+03	1.189036280047935275e-02
3.581000000000000000e+03	1.186169377580577507e-02
3.582000000000000000e+03	1.183303576191388311e-02
3.583000000000000000e+03	1.180438771999445073e-02
3.584000000000000000e+03	1.177574883051764852e-02
3.585000000000000000e+03	1.174711870831027238e-02
3.586000000000000000e+03	1.171849682456586883e-02
3.587000000000000000e+03	1.168988155792575340e-02
3.588000000000000000e+03	1.166127095476904643e-02
3.589000000000000000e+03	1.163266386543530470e-02
3.590000000000000000e+03	1.160405969202639442e-02
3.591000000000000000e+03	1.157545706718025175e-02
3.592000000000000000e+03	1.154685492919534963e-02
3.593000000000000000e+03	1.151825266873285174e-02
3.594000000000000000e+03	1.148964956574245744e-02
3.595000000000000000e+03	1.146104460337619285e-02
3.596000000000000000e+03	1.143243620666580841e-02
3.597000000000000000e+03	1.140382312064438380e-02
3.598000000000000000e+03	1.137520429981347427e-02
3.599000000000000000e+03	1.134657873953997913e-02
3.600000000000000000e+03	1.131794533581314058e-02
3.601000000000000000e+03	1.128930282624424769e-02
3.602000000000000000e+03	1.126065016222852107e-02
3.603000000000000000e+03	1.123198686458679908e-02
3.604000000000000000e+03	1.120331237234927987e-02
3.605000000000000000e+03	1.117462633006236286e-02
3.606000000000000000e+03	1.114592897124438292e-02
3.607000000000000000e+03	1.111722050736857655e-02
3.608000000000000000e+03	1.108850073224298093e-02
3.609000000000000000e+03	1.105976970006808044e-02
3.610000000000000000e+03	1.103102793323075884e-02
3.611000000000000000e+03	1.100227573970817031e-02
3.612000000000000000e+03	1.097351328415986649e-02
3.613000000000000000e+03	1.094474086959637722e-02
3.614000000000000000e+03	1.091595908389134985e-02
3.615000000000000000e+03	1.088716842477144807e-02
3.616000000000000000e+03	1.085836958856897794e-02
3.617000000000000000e+03	1.082956344596588613e-02
3.618000000000000000e+03	1.080075055541361746e-02
3.619000000000000000e+03	1.077193140293662872e-02
3.620000000000000000e+03	1.074310660817984729e-02
3.621000000000000000e+03	1.071427709816061974e-02
3.622000000000000000e+03	1.068544319104841947e-02
3.623000000000000000e+03	1.065660474571510780e-02
3.624000000000000000e+03	1.062776171704276837e-02
3.625000000000000000e+03	1.059891451572677994e-02
3.626000000000000000e+03	1.057006351860228371e-02
3.627000000000000000e+03	1.054120914091850013e-02
3.628000000000000000e+03	1.051235212684491216e-02
3.629000000000000000e+03	1.048349335288215924e-02
3.630000000000000000e+03	1.045463416148724976e-02
3.631000000000000000e+03	1.042577609766346704e-02
3.632000000000000000e+03	1.039692058124075738e-02
3.633000000000000000e+03	1.036806851807295544e-02
3.634000000000000000e+03	1.033922106776230358e-02
3.635000000000000000e+03	1.031037947118522424e-02
3.636000000000000000e+03	1.028154463555777838e-02
3.637000000000000000e+03	1.025271803683517821e-02
3.638000000000000000e+03	1.022390184128730770e-02
3.639000000000000000e+03	1.019509819787624456e-02
3.640000000000000000e+03	1.016630835066047005e-02
3.641000000000000000e+03	1.013753246666750096e-02
3.642000000000000000e+03	1.010877046685153269e-02
3.643000000000000000e+03	1.008002211429515245e-02
3.644000000000000000e+03	1.005128758548196923e-02
3.645000000000000000e+03	1.002256781823786073e-02
3.646000000000000000e+03	9.993863491067433644e-03
3.647000000000000000e+03	9.965174449488290592e-03
3.648000000000000000e+03	9.936500146821437840e-03
3.649000000000000000e+03	9.907840342519985688e-03
3.650000000000000000e+03	9.879195294726892534e-03
3.651000000000000000e+03	9.850565697866544429e-03
3.652000000000000000e+03	9.821952466980579319e-03
3.653000000000000000e+03	9.793356276686700917e-03
3.654000000000000000e+03	9.764777685189626050e-03
3.655000000000000000e+03	9.736217588256419406e-03
3.656000000000000000e+03	9.707676223120426801e-03
3.657000000000000000e+03	9.679154470627095164e-03
3.658000000000000000e+03	9.650653815097330265e-03
3.659000000000000000e+03	9.622175425746969102e-03
3.660000000000000000e+03	9.593719586894609852e-03
3.661000000000000000e+03	9.565286032476265701e-03
3.662000000000000000e+03	9.536874544627467129e-03
3.663000000000000000e+03	9.508485206794335676e-03
3.664000000000000000e+03	9.480118394605512380e-03
3.665000000000000000e+03	9.451774309929180870e-03
3.666000000000000000e+03	9.423453000369778898e-03
3.667000000000000000e+03	9.395154462634596609e-03
3.668000000000000000e+03	9.366879102481155336e-03
3.669000000000000000e+03	9.338627454184133397e-03
3.670000000000000000e+03	9.310399862840344765e-03
3.671000000000000000e+03	9.282196411488209328e-03
3.672000000000000000e+03	9.254017001434891934e-03
3.673000000000000000e+03	9.225861052562069411e-03
3.674000000000000000e+03	9.197728571813695853e-03
3.675000000000000000e+03	9.169621339219087910e-03
3.676000000000000000e+03	9.141540206124787460e-03
3.677000000000000000e+03	9.113484384703373145e-03
3.678000000000000000e+03	9.085453574670056612e-03
3.679000000000000000e+03	9.057448532733399990e-03
3.680000000000000000e+03	9.029469660822523475e-03
3.681000000000000000e+03	9.001516121533045117e-03
3.682000000000000000e+03	8.973586956663989755e-03
3.683000000000000000e+03	8.945681906316066065e-03
3.684000000000000000e+03	8.917801326324812164e-03
3.685000000000000000e+03	8.889945403700378473e-03
3.686000000000000000e+03	8.862113772694879890e-03
3.687000000000000000e+03	8.834306734781886480e-03
3.688000000000000000e+03	8.806524159882742064e-03
3.689000000000000000e+03	8.778765383764637262e-03
3.690000000000000000e+03	8.751030240988425316e-03
3.691000000000000000e+03	8.723318223131050833e-03
3.692000000000000000e+03	8.695628055908732890e-03
3.693000000000000000e+03	8.667958665784439645e-03
3.694000000000000000e+03	8.640309631719378727e-03
3.695000000000000000e+03	8.612680038894543130e-03
3.696000000000000000e+03	8.585068574820248211e-03
3.697000000000000000e+03	8.557474225682277363e-03
3.698000000000000000e+03	8.529896548893377284e-03
3.699000000000000000e+03	8.502334446075498001e-03
3.700000000000000000e+03	8.474786043853096279e-03
3.701000000000000000e+03	8.447250028301834732e-03
3.702000000000000000e+03	8.419725323501365752e-03
3.703000000000000000e+03	8.392210770129162473e-03
3.704000000000000000e+03	8.364705603473054571e-03
3.705000000000000000e+03	8.337209771924300461e-03
3.706000000000000000e+03	8.309723515543081945e-03
3.707000000000000000e+03	8.282245935486605426e-03
3.708000000000000000e+03	8.254775785344878325e-03
3.709000000000000000e+03	8.227312132259070529e-03
3.710000000000000000e+03	8.199854213321542198e-03
3.711000000000000000e+03	8.172401448710606142e-03
3.712000000000000000e+03	8.144953128338978249e-03
3.713000000000000000e+03	8.117508601690271233e-03
3.714000000000000000e+03	8.090067268199557446e-03
3.715000000000000000e+03	8.062628469466240691e-03
3.716000000000000000e+03	8.035191371787342787e-03
3.717000000000000000e+03	8.007755302396238339e-03
3.718000000000000000e+03	7.980320317354799506e-03
3.719000000000000000e+03	7.952886909790261513e-03
3.720000000000000000e+03	7.925455210786257892e-03
3.721000000000000000e+03	7.898025329670724237e-03
3.722000000000000000e+03	7.870597392111950558e-03
3.723000000000000000e+03	7.843171141699729551e-03
3.724000000000000000e+03	7.815746237544397498e-03
3.725000000000000000e+03	7.788322341138154484e-03
3.726000000000000000e+03	7.760898994691393070e-03
3.727000000000000000e+03	7.733475692062057906e-03
3.728000000000000000e+03	7.706052145509213747e-03
3.729000000000000000e+03	7.678627984332433640e-03
3.730000000000000000e+03	7.651202457895385847e-03
3.731000000000000000e+03	7.623774961570167069e-03
3.732000000000000000e+03	7.596345127993220196e-03
3.733000000000000000e+03	7.568912714688551084e-03
3.734000000000000000e+03	7.541477645757820036e-03
3.735000000000000000e+03	7.514040418790994547e-03
3.736000000000000000e+03	7.486601712059197909e-03
3.737000000000000000e+03	7.459161923701767595e-03
3.738000000000000000e+03	7.431721420768247141e-03
3.739000000000000000e+03	7.404280393114727465e-03
3.740000000000000000e+03	7.376839242846901061e-03
3.741000000000000000e+03	7.349398619997504767e-03
3.742000000000000000e+03	7.321958828654378561e-03
3.743000000000000000e+03	7.294520563022060915e-03
3.744000000000000000e+03	7.267084475376614852e-03
3.745000000000000000e+03	7.239650525815243161e-03
3.746000000000000000e+03	7.212217965191726823e-03
3.747000000000000000e+03	7.184787134831109590e-03
3.748000000000000000e+03	7.157358906351287374e-03
3.749000000000000000e+03	7.129934324677435209e-03
3.750000000000000000e+03	7.102514444383138670e-03
3.751000000000000000e+03	7.075100323641009790e-03
3.752000000000000000e+03	7.047692922930919555e-03
3.753000000000000000e+03	7.020293896821909636e-03
3.754000000000000000e+03	6.992904902350782943e-03
3.755000000000000000e+03	6.965526712246468931e-03
3.756000000000000000e+03	6.938159576623224162e-03
3.757000000000000000e+03	6.910803769852055453e-03
3.758000000000000000e+03	6.883459489261176470e-03
3.759000000000000000e+03	6.856127046227455946e-03
3.760000000000000000e+03	6.828806808457920166e-03
3.761000000000000000e+03	6.801499231500137549e-03
3.762000000000000000e+03	6.774204500893307550e-03
3.763000000000000000e+03	6.746922621189894477e-03
3.764000000000000000e+03	6.719653905210289449e-03
3.765000000000000000e+03	6.692398588500407704e-03
3.766000000000000000e+03	6.665156935759404197e-03
3.767000000000000000e+03	6.637929057699843045e-03
3.768000000000000000e+03	6.610714876474134763e-03
3.769000000000000000e+03	6.583514247809664661e-03
3.770000000000000000e+03	6.556327271364493191e-03
3.771000000000000000e+03	6.529154406085187733e-03
3.772000000000000000e+03	6.501996012618574926e-03
3.773000000000000000e+03	6.474851988819374689e-03
3.774000000000000000e+03	6.447722093063003833e-03
3.775000000000000000e+03	6.420607071792230197e-03
3.776000000000000000e+03	6.393507569222293963e-03
3.777000000000000000e+03	6.366424398889668559e-03
3.778000000000000000e+03	6.339359110920949648e-03
3.779000000000000000e+03	6.312313119042782528e-03
3.780000000000000000e+03	6.285286750317451571e-03
3.781000000000000000e+03	6.258280378893732107e-03
3.782000000000000000e+03	6.231294884736168077e-03
3.783000000000000000e+03	6.204331443115165649e-03
3.784000000000000000e+03	6.177391318399054476e-03
3.785000000000000000e+03	6.150475451924325085e-03
3.786000000000000000e+03	6.123584310682998050e-03
3.787000000000000000e+03	6.096718526298783303e-03
3.788000000000000000e+03	6.069879445966834021e-03
3.789000000000000000e+03	6.043068241488971579e-03
3.790000000000000000e+03	6.016284660742813976e-03
3.791000000000000000e+03	5.989528222147644937e-03
3.792000000000000000e+03	5.962799288587871879e-03
3.793000000000000000e+03	5.936098661015131416e-03
3.794000000000000000e+03	5.909426954099175275e-03
3.795000000000000000e+03	5.882784808648800108e-03
3.796000000000000000e+03	5.856173438980052069e-03
3.797000000000000000e+03	5.829594173306004538e-03
3.798000000000000000e+03	5.803048266244692846e-03
3.799000000000000000e+03	5.776537015887840514e-03
3.800000000000000000e+03	5.750061141153731820e-03
3.801000000000000000e+03	5.723621564690820930e-03
3.802000000000000000e+03	5.697219411829257223e-03
3.803000000000000000e+03	5.670856238856230962e-03
3.804000000000000000e+03	5.644533271781072663e-03
3.805000000000000000e+03	5.618251640452909777e-03
3.806000000000000000e+03	5.592012864627165375e-03
3.807000000000000000e+03	5.565818336841610314e-03
3.808000000000000000e+03	5.539669164386110296e-03
3.809000000000000000e+03	5.513566108584774979e-03
3.810000000000000000e+03	5.487510118672393224e-03
3.811000000000000000e+03	5.461502189570472190e-03
3.812000000000000000e+03	5.435544425931681037e-03
3.813000000000000000e+03	5.409639290783985373e-03
3.814000000000000000e+03	5.383788976529848766e-03
3.815000000000000000e+03	5.357995029231820902e-03
3.816000000000000000e+03	5.332258573975763062e-03
3.817000000000000000e+03	5.306581414871439605e-03
3.818000000000000000e+03	5.280965058973033366e-03
3.819000000000000000e+03	5.255410257259572442e-03
3.820000000000000000e+03	5.229917922702417669e-03
3.821000000000000000e+03	5.204488311486521641e-03
3.822000000000000000e+03	5.179121986843975532e-03
3.823000000000000000e+03	5.153819500561396608e-03
3.824000000000000000e+03	5.128581785410933451e-03
3.825000000000000000e+03	5.103410269232788905e-03
3.826000000000000000e+03	5.078306820595753987e-03
3.827000000000000000e+03	5.053272960006809436e-03
3.828000000000000000e+03	5.028309169706545595e-03
3.829000000000000000e+03	5.003416213824182432e-03
3.830000000000000000e+03	4.978595668145849133e-03
3.831000000000000000e+03	4.953848863049225247e-03
3.832000000000000000e+03	4.929176837601926577e-03
3.833000000000000000e+03	4.904581045453128112e-03
3.834000000000000000e+03	4.880063480096801312e-03
3.835000000000000000e+03	4.855626354581778908e-03
3.836000000000000000e+03	4.831272275499267667e-03
3.837000000000000000e+03	4.807003117468226783e-03
3.838000000000000000e+03	4.782819991071544929e-03
3.839000000000000000e+03	4.758724013738033047e-03
3.840000000000000000e+03	4.734716659770631282e-03
3.841000000000000000e+03	4.710799653887639236e-03
3.842000000000000000e+03	4.686974580403342576e-03
3.843000000000000000e+03	4.663242867305145839e-03
3.844000000000000000e+03	4.639605795057348721e-03
3.845000000000000000e+03	4.616064642636711658e-03
3.846000000000000000e+03	4.592619749139206439e-03
3.847000000000000000e+03	4.569270119155058492e-03
3.848000000000000000e+03	4.546014263005953952e-03
3.849000000000000000e+03	4.522851965004941882e-03
3.850000000000000000e+03	4.499784245763509966e-03
3.851000000000000000e+03	4.476811483422639404e-03
3.852000000000000000e+03	4.453934063514818076e-03
3.853000000000000000e+03	4.431152557376250023e-03
3.854000000000000000e+03	4.408466480698332475e-03
3.855000000000000000e+03	4.385875675729985004e-03
3.856000000000000000e+03	4.363381464426491566e-03
3.857000000000000000e+03	4.340984324046503161e-03
3.858000000000000000e+03	4.318683695973318283e-03
3.859000000000000000e+03	4.296479642442795760e-03
3.860000000000000000e+03	4.274372618398156708e-03
3.861000000000000000e+03	4.252363378191635450e-03
3.862000000000000000e+03	4.230452493357935231e-03
3.863000000000000000e+03	4.208640199423146870e-03
3.864000000000000000e+03	4.186926988416552267e-03
3.865000000000000000e+03	4.165313950933563145e-03
3.866000000000000000e+03	4.143801926765734375e-03
3.867000000000000000e+03	4.122392229334671809e-03
3.868000000000000000e+03	4.101086003605059274e-03
3.869000000000000000e+03	4.079883820715719638e-03
3.870000000000000000e+03	4.058785882065066471e-03
3.871000000000000000e+03	4.037792699567624433e-03
3.872000000000000000e+03	4.016904454940315415e-03
3.873000000000000000e+03	3.996121845612375309e-03
3.874000000000000000e+03	3.975446482322991110e-03
3.875000000000000000e+03	3.954879136465675252e-03
3.876000000000000000e+03	3.934419417620693867e-03
3.877000000000000000e+03	3.914067473386149097e-03
3.878000000000000000e+03	3.893823518601293235e-03
3.879000000000000000e+03	3.873686360082124157e-03
3.880000000000000000e+03	3.853656190051672325e-03
3.881000000000000000e+03	3.833732761627360857e-03
3.882000000000000000e+03	3.813914599445761971e-03
3.883000000000000000e+03	3.794199619588958967e-03
3.884000000000000000e+03	3.774586178828023917e-03
3.885000000000000000e+03	3.755073430761745983e-03
3.886000000000000000e+03	3.735660570807128582e-03
3.887000000000000000e+03	3.716347822527986747e-03
3.888000000000000000e+03	3.697136161298285231e-03
3.889000000000000000e+03	3.678025293966636321e-03
3.890000000000000000e+03	3.659014324016294194e-03
3.891000000000000000e+03	3.640103371516579221e-03
3.892000000000000000e+03	3.621291367536391952e-03
3.893000000000000000e+03	3.602575562406806677e-03
3.894000000000000000e+03	3.583953875218841810e-03
3.895000000000000000e+03	3.565426673912174774e-03
3.896000000000000000e+03	3.546995445823305625e-03
3.897000000000000000e+03	3.528661032611531741e-03
3.898000000000000000e+03	3.510423896531444498e-03
3.899000000000000000e+03	3.492283060134888928e-03
3.900000000000000000e+03	3.474236169327960845e-03
3.901000000000000000e+03	3.456281575858913355e-03
3.902000000000000000e+03	3.438418942638946877e-03
3.903000000000000000e+03	3.420648622799544666e-03
3.904000000000000000e+03	3.402970370531428410e-03
3.905000000000000000e+03	3.385382988589986063e-03
3.906000000000000000e+03	3.367886487513986702e-03
3.907000000000000000e+03	3.350483380938614440e-03
3.908000000000000000e+03	3.333175261502219038e-03
3.909000000000000000e+03	3.315961055975890238e-03
3.910000000000000000e+03	3.298839048102895823e-03
3.911000000000000000e+03	3.281808697366304234e-03
3.912000000000000000e+03	3.264870068588034569e-03
3.913000000000000000e+03	3.248023450146084092e-03
3.914000000000000000e+03	3.231269983034065763e-03
3.915000000000000000e+03	3.214610848982414441e-03
3.916000000000000000e+03	3.198045495373557767e-03
3.917000000000000000e+03	3.181572923968502969e-03
3.918000000000000000e+03	3.165192579693078094e-03
3.919000000000000000e+03	3.148903711056669913e-03
3.920000000000000000e+03	3.132705601459214850e-03
3.921000000000000000e+03	3.116598476848888005e-03
3.922000000000000000e+03	3.100583033138722740e-03
3.923000000000000000e+03	3.084659399597398152e-03
3.924000000000000000e+03	3.068826841665945031e-03
3.925000000000000000e+03	3.053084821339648817e-03
3.926000000000000000e+03	3.037432969403805992e-03
3.927000000000000000e+03	3.021871207023810180e-03
3.928000000000000000e+03	3.006400579447956415e-03
3.929000000000000000e+03	2.991022161608904942e-03
3.930000000000000000e+03	2.975737203755384960e-03
3.931000000000000000e+03	2.960548536570991544e-03
3.932000000000000000e+03	2.945458553006263368e-03
3.933000000000000000e+03	2.930468121146414390e-03
3.934000000000000000e+03	2.915577787609086383e-03
3.935000000000000000e+03	2.900787816367755671e-03
3.936000000000000000e+03	2.886097576466926506e-03
3.937000000000000000e+03	2.871506877153974686e-03
3.938000000000000000e+03	2.857014864116157703e-03
3.939000000000000000e+03	2.842620651341582361e-03
3.940000000000000000e+03	2.828323836553450418e-03
3.941000000000000000e+03	2.814124104578777374e-03
3.942000000000000000e+03	2.800020946402782384e-03
3.943000000000000000e+03	2.786014333641298035e-03
3.944000000000000000e+03	2.772104432560103682e-03
3.945000000000000000e+03	2.758290220185627157e-03
3.946000000000000000e+03	2.744571513052580358e-03
3.947000000000000000e+03	2.730949138877183067e-03
3.948000000000000000e+03	2.717423142266064441e-03
3.949000000000000000e+03	2.703994192202270521e-03
3.950000000000000000e+03	2.690663292550559121e-03
3.951000000000000000e+03	2.677430230883267974e-03
3.952000000000000000e+03	2.664293605711603140e-03
3.953000000000000000e+03	2.651251939486240407e-03
3.954000000000000000e+03	2.638304940170916116e-03
3.955000000000000000e+03	2.625452211575883456e-03
3.956000000000000000e+03	2.612693808647854974e-03
3.957000000000000000e+03	2.600031396200780560e-03
3.958000000000000000e+03	2.587467052954311054e-03
3.959000000000000000e+03	2.575001258831993538e-03
3.960000000000000000e+03	2.562633411258207101e-03
3.961000000000000000e+03	2.550363709828125467e-03
3.962000000000000000e+03	2.538191990661744016e-03
3.963000000000000000e+03	2.526116769757766767e-03
3.964000000000000000e+03	2.514137362460107990e-03
3.965000000000000000e+03	2.502253935674988300e-03
3.966000000000000000e+03	2.490467761460527559e-03
3.967000000000000000e+03	2.478779210127526889e-03
3.968000000000000000e+03	2.467188609261844467e-03
3.969000000000000000e+03	2.455695734819660775e-03
3.970000000000000000e+03	2.444299578555408047e-03
3.971000000000000000e+03	2.432998554806295108e-03
3.972000000000000000e+03	2.421793068938569472e-03
3.973000000000000000e+03	2.410683612430037509e-03
3.974000000000000000e+03	2.399672721488849397e-03
3.975000000000000000e+03	2.388762359457795130e-03
3.976000000000000000e+03	2.377953925474501212e-03
3.977000000000000000e+03	2.367252158293000914e-03
3.978000000000000000e+03	2.356662258827801459e-03
3.979000000000000000e+03	2.346187131595896518e-03
3.980000000000000000e+03	2.335829641328259799e-03
3.981000000000000000e+03	2.325594877903360089e-03
3.982000000000000000e+03	2.315486659977951476e-03
3.983000000000000000e+03	2.305507566765785821e-03
3.984000000000000000e+03	2.295657018917314756e-03
3.985000000000000000e+03	2.285933229560510767e-03
3.986000000000000000e+03	2.276337418450027905e-03
3.987000000000000000e+03	2.266867913769182816e-03
3.988000000000000000e+03	2.257518350676754153e-03
3.989000000000000000e+03	2.248283387836230805e-03
3.990000000000000000e+03	2.239160852940031560e-03
3.991000000000000000e+03	2.230152188069739472e-03
3.992000000000000000e+03	2.221261229790640924e-03
3.993000000000000000e+03	2.212488858895717003e-03
3.994000000000000000e+03	2.203834745055431848e-03
3.995000000000000000e+03	2.195302038478618833e-03
3.996000000000000000e+03	2.186896419164676732e-03
3.997000000000000000e+03	2.178624379021887759e-03
3.998000000000000000e+03	2.170487173313389272e-03
3.999000000000000000e+03	2.162484608120998977e-03
4.000000000000000000e+03	2.154617462545754900e-03
4.001000000000000000e+03	2.146886104540035676e-03
4.002000000000000000e+03	2.139289353815731435e-03
4.003000000000000000e+03	2.131824494178688901e-03
4.004000000000000000e+03	2.124485956778306064e-03
4.005000000000000000e+03	2.117271098889066637e-03
4.006000000000000000e+03	2.110189599902552275e-03
4.007000000000000000e+03	2.103247588859236475e-03
4.008000000000000000e+03	2.096439483786951326e-03
4.009000000000000000e+03	2.089765132839933003e-03
4.010000000000000000e+03	2.083215680240568975e-03
4.011000000000000000e+03	2.076781294700665980e-03
4.012000000000000000e+03	2.070460126155877507e-03
4.013000000000000000e+03	2.064268205406123279e-03
4.014000000000000000e+03	2.058230377659656454e-03
4.015000000000000000e+03	2.052342764476465607e-03
4.016000000000000000e+03	2.046515978758972794e-03
4.017000000000000000e+03	2.040742601793249685e-03
4.018000000000000000e+03	2.035102839021136860e-03
