Tau Allanstd
3.000000000000000000e+00	7.422630415922107372e-02
4.000000000000000000e+00	7.253450302326432120e-02
5.000000000000000000e+00	6.883275849991621342e-02
6.000000000000000000e+00	6.480456329791797754e-02
7.000000000000000000e+00	6.117274053782811860e-02
8.000000000000000000e+00	5.816420152062442422e-02
9.000000000000000000e+00	5.573923731101188689e-02
1.000000000000000000e+01	5.377026451568191201e-02
1.100000000000000000e+01	5.215866262929872571e-02
1.200000000000000000e+01	5.085412202415023203e-02
1.300000000000000000e+01	4.982956870307354846e-02
1.400000000000000000e+01	4.904322810844140984e-02
1.500000000000000000e+01	4.844495743912900776e-02
1.600000000000000000e+01	4.799459891002653966e-02
1.700000000000000000e+01	4.766349138869731966e-02
1.800000000000000000e+01	4.743121716976522045e-02
1.900000000000000000e+01	4.728357040987870435e-02
2.000000000000000000e+01	4.720858980932715609e-02
2.100000000000000000e+01	4.720015414265924664e-02
2.200000000000000000e+01	4.725872473330548079e-02
2.300000000000000000e+01	4.738338224892204437e-02
2.400000000000000000e+01	4.757004124319774013e-02
2.500000000000000000e+01	4.781351273819801906e-02
2.600000000000000000e+01	4.810768436038689866e-02
2.700000000000000000e+01	4.844751294035623546e-02
2.800000000000000000e+01	4.883028733939158428e-02
2.900000000000000000e+01	4.925449273166870173e-02
3.000000000000000000e+01	4.971862430048195475e-02
3.100000000000000000e+01	5.022050613008858383e-02
3.200000000000000000e+01	5.075699662360223102e-02
3.300000000000000000e+01	5.132421768270820084e-02
3.400000000000000000e+01	5.191885478580719054e-02
3.500000000000000000e+01	5.253808152908268775e-02
3.600000000000000000e+01	5.317920245017329628e-02
3.700000000000000000e+01	5.383998761853755338e-02
3.800000000000000000e+01	5.451882095070396950e-02
3.900000000000000000e+01	5.521445581449652834e-02
4.000000000000000000e+01	5.592542612950045233e-02
4.100000000000000000e+01	5.665010718347937568e-02
4.200000000000000000e+01	5.738698300146449077e-02
4.300000000000000000e+01	5.813442539939849690e-02
4.400000000000000000e+01	5.889142299864422170e-02
4.500000000000000000e+01	5.965667422764515948e-02
4.600000000000000000e+01	6.042905155634101244e-02
4.700000000000000000e+01	6.120722360129949441e-02
4.800000000000000000e+01	6.198985721135401999e-02
4.900000000000000000e+01	6.277595662241108876e-02
5.000000000000000000e+01	6.356449664920005294e-02
5.100000000000000000e+01	6.435426995022854035e-02
5.200000000000000000e+01	6.514432464377264975e-02
5.300000000000000000e+01	6.593405829443489685e-02
5.400000000000000000e+01	6.672297473719207561e-02
5.500000000000000000e+01	6.751089249547205517e-02
5.600000000000000000e+01	6.829751348365389885e-02
5.700000000000000000e+01	6.908242589519199284e-02
5.800000000000000000e+01	6.986498911704198955e-02
5.900000000000000000e+01	7.064453130614525844e-02
6.000000000000000000e+01	7.142059756078251997e-02
6.100000000000000000e+01	7.219275206221069385e-02
6.200000000000000000e+01	7.296055692812020155e-02
6.300000000000000000e+01	7.372381871898907313e-02
6.400000000000000000e+01	7.448226298210590401e-02
6.500000000000000000e+01	7.523536659938269422e-02
6.600000000000000000e+01	7.598254293390073466e-02
6.700000000000000000e+01	7.672332671426991546e-02
6.800000000000000000e+01	7.745748064117648213e-02
6.900000000000000000e+01	7.818482142752185282e-02
7.000000000000000000e+01	7.890521612212035574e-02
7.100000000000000000e+01	7.961851941136871558e-02
7.200000000000000000e+01	8.032440554780830022e-02
7.300000000000000000e+01	8.102253755698243798e-02
7.400000000000000000e+01	8.171262691609275375e-02
7.500000000000000000e+01	8.239427741476658407e-02
7.600000000000000000e+01	8.306719712002702538e-02
7.700000000000000000e+01	8.373107246150025829e-02
7.800000000000000000e+01	8.438558865429056366e-02
7.900000000000000000e+01	8.503056716676876681e-02
8.000000000000000000e+01	8.566592499400348115e-02
8.100000000000000000e+01	8.629142205898095164e-02
8.200000000000000000e+01	8.690681550469291083e-02
8.300000000000000000e+01	8.751197443140891485e-02
8.400000000000000000e+01	8.810680365441873885e-02
8.500000000000000000e+01	8.869123874359857718e-02
8.600000000000000000e+01	8.926531453991083664e-02
8.700000000000000000e+01	8.982909155575466431e-02
8.800000000000000000e+01	9.038258950648739298e-02
8.900000000000000000e+01	9.092569433525124478e-02
9.000000000000000000e+01	9.145826444473528771e-02
9.100000000000000000e+01	9.198019824444492176e-02
9.200000000000000000e+01	9.249132622369646284e-02
9.300000000000000000e+01	9.299149225728872703e-02
9.400000000000000000e+01	9.348052618787870693e-02
9.500000000000000000e+01	9.395831564240242351e-02
9.600000000000000000e+01	9.442474973572365093e-02
9.700000000000000000e+01	9.487973493168255779e-02
9.800000000000000000e+01	9.532317007937120279e-02
9.900000000000000000e+01	9.575501495988103517e-02
1.000000000000000000e+02	9.617523112426533405e-02
1.010000000000000000e+02	9.658375764423945964e-02
1.020000000000000000e+02	9.698050895263132798e-02
1.030000000000000000e+02	9.736539084796488885e-02
1.040000000000000000e+02	9.773831161492582686e-02
1.050000000000000000e+02	9.809918156990381222e-02
1.060000000000000000e+02	9.844791523101145692e-02
1.070000000000000000e+02	9.878442904825078530e-02
1.080000000000000000e+02	9.910867664466055382e-02
1.090000000000000000e+02	9.942064104770718946e-02
1.100000000000000000e+02	9.972032695005843272e-02
1.110000000000000000e+02	1.000077699665595093e-01
1.120000000000000000e+02	1.002830136976510522e-01
1.130000000000000000e+02	1.005460905468821553e-01
1.140000000000000000e+02	1.007970311403254271e-01
1.150000000000000000e+02	1.010358602889659674e-01
1.160000000000000000e+02	1.012625918163797406e-01
1.170000000000000000e+02	1.014772240424251654e-01
1.180000000000000000e+02	1.016797444669937239e-01
1.190000000000000000e+02	1.018701250883827236e-01
1.200000000000000000e+02	1.020483212711293108e-01
1.210000000000000000e+02	1.022143002848728277e-01
1.220000000000000000e+02	1.023680571809796186e-01
1.230000000000000000e+02	1.025096049909576257e-01
1.240000000000000000e+02	1.026389755436704909e-01
1.250000000000000000e+02	1.027562235427670195e-01
1.260000000000000000e+02	1.028614103931186491e-01
1.270000000000000000e+02	1.029545956558259451e-01
1.280000000000000000e+02	1.030358414110892490e-01
1.290000000000000000e+02	1.031051798967993621e-01
1.300000000000000000e+02	1.031626117362736128e-01
1.310000000000000000e+02	1.032081352860254875e-01
1.320000000000000000e+02	1.032417537279215064e-01
1.330000000000000000e+02	1.032634630348746724e-01
1.340000000000000000e+02	1.032732764275474668e-01
1.350000000000000000e+02	1.032712354035379698e-01
1.360000000000000000e+02	1.032574084097934164e-01
1.370000000000000000e+02	1.032318503988826630e-01
1.380000000000000000e+02	1.031946266039210497e-01
1.390000000000000000e+02	1.031458197911826608e-01
1.400000000000000000e+02	1.030855060079232527e-01
1.410000000000000000e+02	1.030137533896212931e-01
1.420000000000000000e+02	1.029306231963807022e-01
1.430000000000000000e+02	1.028361760987619722e-01
1.440000000000000000e+02	1.027305115821426501e-01
1.450000000000000000e+02	1.026137484344168543e-01
1.460000000000000000e+02	1.024859864952661764e-01
1.470000000000000000e+02	1.023473151063823694e-01
1.480000000000000000e+02	1.021978214393275269e-01
1.490000000000000000e+02	1.020376134495174225e-01
1.500000000000000000e+02	1.018667870220414245e-01
1.510000000000000000e+02	1.016854252805299147e-01
1.520000000000000000e+02	1.014936200009783490e-01
1.530000000000000000e+02	1.012914621953655420e-01
1.540000000000000000e+02	1.010790550377039243e-01
1.550000000000000000e+02	1.008564973765168071e-01
1.560000000000000000e+02	1.006238762103253831e-01
1.570000000000000000e+02	1.003812908442868468e-01
1.580000000000000000e+02	1.001288706249337523e-01
1.590000000000000000e+02	9.986673823229502700e-02
1.600000000000000000e+02	9.959499855107076249e-02
1.610000000000000000e+02	9.931375007321602277e-02
1.620000000000000000e+02	9.902308049878071061e-02
1.630000000000000000e+02	9.872307580485792378e-02
1.640000000000000000e+02	9.841383034849020273e-02
1.650000000000000000e+02	9.809544449976109748e-02
1.660000000000000000e+02	9.776804197808362795e-02
1.670000000000000000e+02	9.743177435234168238e-02
1.680000000000000000e+02	9.708678513539288624e-02
1.690000000000000000e+02	9.673319292094485766e-02
1.700000000000000000e+02	9.637112701177867613e-02
1.710000000000000000e+02	9.600074193671637168e-02
1.720000000000000000e+02	9.562216521681048131e-02
1.730000000000000000e+02	9.523552152533444615e-02
1.740000000000000000e+02	9.484094951033941734e-02
1.750000000000000000e+02	9.443860675640576574e-02
1.760000000000000000e+02	9.402865406491382749e-02
1.770000000000000000e+02	9.361122194628573867e-02
1.780000000000000000e+02	9.318643498501079370e-02
1.790000000000000000e+02	9.275444752680370164e-02
1.800000000000000000e+02	9.231541759305075812e-02
1.810000000000000000e+02	9.186949244731848485e-02
1.820000000000000000e+02	9.141681333947973553e-02
1.830000000000000000e+02	9.095751198790599790e-02
1.840000000000000000e+02	9.049171643664107034e-02
1.850000000000000000e+02	9.001955986692050660e-02
1.860000000000000000e+02	8.954116982299729910e-02
1.870000000000000000e+02	8.905667969341833634e-02
1.880000000000000000e+02	8.856623808790228813e-02
1.890000000000000000e+02	8.806999939565600399e-02
1.900000000000000000e+02	8.756811329272112809e-02
1.910000000000000000e+02	8.706071660496635112e-02
1.920000000000000000e+02	8.654797343530244713e-02
1.930000000000000000e+02	8.603008789032649817e-02
1.940000000000000000e+02	8.550728774391049003e-02
1.950000000000000000e+02	8.497977876712893563e-02
1.960000000000000000e+02	8.444772452139814867e-02
1.970000000000000000e+02	8.391128753828119846e-02
1.980000000000000000e+02	8.337064057903971481e-02
1.990000000000000000e+02	8.282594970132529932e-02
2.000000000000000000e+02	8.227737598489169579e-02
2.010000000000000000e+02	8.172508256034809182e-02
2.020000000000000000e+02	8.116923823800725746e-02
2.030000000000000000e+02	8.060997453469301299e-02
2.040000000000000000e+02	8.004744745258748906e-02
2.050000000000000000e+02	7.948182215617517754e-02
2.060000000000000000e+02	7.891324281612360769e-02
2.070000000000000000e+02	7.834187297783118398e-02
2.080000000000000000e+02	7.776787573495098915e-02
2.090000000000000000e+02	7.719140697946572094e-02
2.100000000000000000e+02	7.661262164124181540e-02
2.110000000000000000e+02	7.603168188384480664e-02
2.120000000000000000e+02	7.544876833261010551e-02
2.130000000000000000e+02	7.486406104792768523e-02
2.140000000000000000e+02	7.427772467097307207e-02
2.150000000000000000e+02	7.368991297347313174e-02
2.160000000000000000e+02	7.310077741279617791e-02
2.170000000000000000e+02	7.251046115720166663e-02
2.180000000000000000e+02	7.191909860414384681e-02
2.190000000000000000e+02	7.132684221576054973e-02
2.200000000000000000e+02	7.073384048243548661e-02
2.210000000000000000e+02	7.014025356327870109e-02
2.220000000000000000e+02	6.954623073923571486e-02
2.230000000000000000e+02	6.895190726121101787e-02
2.240000000000000000e+02	6.835742273803283031e-02
2.250000000000000000e+02	6.776292692124398498e-02
2.260000000000000000e+02	6.716856661030293218e-02
2.270000000000000000e+02	6.657448839134758045e-02
2.280000000000000000e+02	6.598083110038216459e-02
2.290000000000000000e+02	6.538773154157156986e-02
2.300000000000000000e+02	6.479532374487927127e-02
2.310000000000000000e+02	6.420373782737216761e-02
2.320000000000000000e+02	6.361310070064918332e-02
2.330000000000000000e+02	6.302354218299244248e-02
2.340000000000000000e+02	6.243519060127141612e-02
2.350000000000000000e+02	6.184817609622569878e-02
2.360000000000000000e+02	6.126262923560847617e-02
2.370000000000000000e+02	6.067868039636167832e-02
2.380000000000000000e+02	6.009645151951081843e-02
2.390000000000000000e+02	5.951607136327544123e-02
2.400000000000000000e+02	5.893767105778684873e-02
2.410000000000000000e+02	5.836137198326236952e-02
2.420000000000000000e+02	5.778728963001657226e-02
2.430000000000000000e+02	5.721554187218555465e-02
2.440000000000000000e+02	5.664625314068929413e-02
2.450000000000000000e+02	5.607954580205590928e-02
2.460000000000000000e+02	5.551553809163210784e-02
2.470000000000000000e+02	5.495434655268770924e-02
2.480000000000000000e+02	5.439608504950057405e-02
2.490000000000000000e+02	5.384086848033192013e-02
2.500000000000000000e+02	5.328881030094615584e-02
2.510000000000000000e+02	5.274001955426362714e-02
2.520000000000000000e+02	5.219460640453683908e-02
2.530000000000000000e+02	5.165267897529440821e-02
2.540000000000000000e+02	5.111433695352802370e-02
2.550000000000000000e+02	5.057967475737132346e-02
2.560000000000000000e+02	5.004879679818214494e-02
2.570000000000000000e+02	4.952181318180680358e-02
2.580000000000000000e+02	4.899883347816197388e-02
2.590000000000000000e+02	4.847996411028498293e-02
2.600000000000000000e+02	4.796530576758843700e-02
2.610000000000000000e+02	4.745495544746171357e-02
2.620000000000000000e+02	4.694900902599469239e-02
2.630000000000000000e+02	4.644755912959248889e-02
2.640000000000000000e+02	4.595069555925847954e-02
2.650000000000000000e+02	4.545851494575681856e-02
2.660000000000000000e+02	4.497111395198092471e-02
2.670000000000000000e+02	4.448858141298931562e-02
2.680000000000000000e+02	4.401100274258313433e-02
2.690000000000000000e+02	4.353846470685350523e-02
2.700000000000000000e+02	4.307105576075659359e-02
2.710000000000000000e+02	4.260886584279971467e-02
2.720000000000000000e+02	4.215198330631019646e-02
2.730000000000000000e+02	4.170048845557207395e-02
2.740000000000000000e+02	4.125445473058145240e-02
2.750000000000000000e+02	4.081395201013927193e-02
2.760000000000000000e+02	4.037904702826140141e-02
2.770000000000000000e+02	3.994980603328651680e-02
2.780000000000000000e+02	3.952629673976187225e-02
2.790000000000000000e+02	3.910858769228537507e-02
2.800000000000000000e+02	3.869674459356189228e-02
2.810000000000000000e+02	3.829082718306885819e-02
2.820000000000000000e+02	3.789089230213289750e-02
2.830000000000000000e+02	3.749699180206998023e-02
2.840000000000000000e+02	3.710917375527460899e-02
2.850000000000000000e+02	3.672748605878930345e-02
2.860000000000000000e+02	3.635197568583430072e-02
2.870000000000000000e+02	3.598268878359130868e-02
2.880000000000000000e+02	3.561966872100243153e-02
2.890000000000000000e+02	3.526295312720113817e-02
2.900000000000000000e+02	3.491257412287943063e-02
2.910000000000000000e+02	3.456856811631901782e-02
2.920000000000000000e+02	3.423097067075203670e-02
2.930000000000000000e+02	3.389981326540782852e-02
2.940000000000000000e+02	3.357512217645290675e-02
2.950000000000000000e+02	3.325691400005988813e-02
2.960000000000000000e+02	3.294519773605444207e-02
2.970000000000000000e+02	3.263997665723103458e-02
2.980000000000000000e+02	3.234124773856041080e-02
2.990000000000000000e+02	3.204900824653806463e-02
3.000000000000000000e+02	3.176325595107081651e-02
3.010000000000000000e+02	3.148398629606154880e-02
3.020000000000000000e+02	3.121118732960158695e-02
3.030000000000000000e+02	3.094483896434834999e-02
3.040000000000000000e+02	3.068491841363757758e-02
3.050000000000000000e+02	3.043140232727665345e-02
3.060000000000000000e+02	3.018426854278533772e-02
3.070000000000000000e+02	2.994348931526915822e-02
3.080000000000000000e+02	2.970903089254813348e-02
3.090000000000000000e+02	2.948085380287699883e-02
3.100000000000000000e+02	2.925891292187784987e-02
3.110000000000000000e+02	2.904316049897962687e-02
3.120000000000000000e+02	2.883354065697562793e-02
3.130000000000000000e+02	2.862998723376303581e-02
3.140000000000000000e+02	2.843243171043642950e-02
3.150000000000000000e+02	2.824081717311734824e-02
3.160000000000000000e+02	2.805508290513681127e-02
3.170000000000000000e+02	2.787515706882505440e-02
3.180000000000000000e+02	2.770096814998260215e-02
3.190000000000000000e+02	2.753244015124691607e-02
3.200000000000000000e+02	2.736949224903879527e-02
3.210000000000000000e+02	2.721204380670251555e-02
3.220000000000000000e+02	2.706000180980248221e-02
3.230000000000000000e+02	2.691326630408478679e-02
3.240000000000000000e+02	2.677173923138795320e-02
3.250000000000000000e+02	2.663531970361453227e-02
3.260000000000000000e+02	2.650390170232985038e-02
3.270000000000000000e+02	2.637737621860418435e-02
3.280000000000000000e+02	2.625564039301791358e-02
3.290000000000000000e+02	2.613859496047289677e-02
3.300000000000000000e+02	2.602614093135007314e-02
3.310000000000000000e+02	2.591817471100838627e-02
3.320000000000000000e+02	2.581459268945682228e-02
3.330000000000000000e+02	2.571528951542554481e-02
3.340000000000000000e+02	2.562014681978932659e-02
3.350000000000000000e+02	2.552903562135473703e-02
3.360000000000000000e+02	2.544182812934642907e-02
3.370000000000000000e+02	2.535840301120038595e-02
3.380000000000000000e+02	2.527864417179194814e-02
3.390000000000000000e+02	2.520244118812443521e-02
3.400000000000000000e+02	2.512968640572783505e-02
3.410000000000000000e+02	2.506027768165314251e-02
3.420000000000000000e+02	2.499411000985691383e-02
3.430000000000000000e+02	2.493108216465610844e-02
3.440000000000000000e+02	2.487109317111555612e-02
3.450000000000000000e+02	2.481404416373996988e-02
3.460000000000000000e+02	2.475983780561003683e-02
3.470000000000000000e+02	2.470837296120598561e-02
3.480000000000000000e+02	2.465955218060417523e-02
3.490000000000000000e+02	2.461328332423956197e-02
3.500000000000000000e+02	2.456947726552024050e-02
3.510000000000000000e+02	2.452804529318521748e-02
3.520000000000000000e+02	2.448889775085446793e-02
3.530000000000000000e+02	2.445194971130118175e-02
3.540000000000000000e+02	2.441712065182422009e-02
3.550000000000000000e+02	2.438432330572401496e-02
3.560000000000000000e+02	2.435346385862385138e-02
3.570000000000000000e+02	2.432445472368440637e-02
3.580000000000000000e+02	2.429721482241384289e-02
3.590000000000000000e+02	2.427167266369414933e-02
3.600000000000000000e+02	2.424775874139808302e-02
3.610000000000000000e+02	2.422539916730236456e-02
3.620000000000000000e+02	2.420452021332815742e-02
3.630000000000000000e+02	2.418504580274173643e-02
3.640000000000000000e+02	2.416690075706072471e-02
3.650000000000000000e+02	2.415001628679887963e-02
3.660000000000000000e+02	2.413432591562912621e-02
3.670000000000000000e+02	2.411976140930866680e-02
3.680000000000000000e+02	2.410625666648255963e-02
3.690000000000000000e+02	2.409375353711169440e-02
3.700000000000000000e+02	2.408219959424505799e-02
3.710000000000000000e+02	2.407154336118545734e-02
3.720000000000000000e+02	2.406173489442699903e-02
3.730000000000000000e+02	2.405272841074099568e-02
3.740000000000000000e+02	2.404447898154388544e-02
3.750000000000000000e+02	2.403694031517085439e-02
3.760000000000000000e+02	2.403005958100878914e-02
3.770000000000000000e+02	2.402378620885216656e-02
3.780000000000000000e+02	2.401807674273104265e-02
3.790000000000000000e+02	2.401289516641502697e-02
3.800000000000000000e+02	2.400820888380978194e-02
3.810000000000000000e+02	2.400399146325409711e-02
3.820000000000000000e+02	2.400021744387454900e-02
3.830000000000000000e+02	2.399685701135742533e-02
3.840000000000000000e+02	2.399388006654250283e-02
3.850000000000000000e+02	2.399125941575712753e-02
3.860000000000000000e+02	2.398896942471388100e-02
3.870000000000000000e+02	2.398698373482875679e-02
3.880000000000000000e+02	2.398527887023942096e-02
3.890000000000000000e+02	2.398383809961445248e-02
3.900000000000000000e+02	2.398263954685561639e-02
3.910000000000000000e+02	2.398166089912094276e-02
3.920000000000000000e+02	2.398088320893805928e-02
3.930000000000000000e+02	2.398028838999294310e-02
3.940000000000000000e+02	2.397986050805425012e-02
3.950000000000000000e+02	2.397958444743943096e-02
3.960000000000000000e+02	2.397944393651512199e-02
3.970000000000000000e+02	2.397942493820269874e-02
3.980000000000000000e+02	2.397950971643693710e-02
3.990000000000000000e+02	2.397968636470983184e-02
4.000000000000000000e+02	2.397994889861928755e-02
4.010000000000000000e+02	2.398028007000116771e-02
4.020000000000000000e+02	2.398065264762989923e-02
4.030000000000000000e+02	2.398103507775890819e-02
4.040000000000000000e+02	2.398139884893470131e-02
4.050000000000000000e+02	2.398172546254423096e-02
4.060000000000000000e+02	2.398200718739703502e-02
4.070000000000000000e+02	2.398224287233493776e-02
4.080000000000000000e+02	2.398243051949701041e-02
4.090000000000000000e+02	2.398256896746195355e-02
4.100000000000000000e+02	2.398265752903304751e-02
4.110000000000000000e+02	2.398269020806506266e-02
4.120000000000000000e+02	2.398266683532446555e-02
4.130000000000000000e+02	2.398259090449804051e-02
4.140000000000000000e+02	2.398246113935471879e-02
4.150000000000000000e+02	2.398227459820168050e-02
4.160000000000000000e+02	2.398202735076312986e-02
4.170000000000000000e+02	2.398171746856140110e-02
4.180000000000000000e+02	2.398135254040262634e-02
4.190000000000000000e+02	2.398093159375273842e-02
4.200000000000000000e+02	2.398045121618723810e-02
4.210000000000000000e+02	2.397992001758584082e-02
4.220000000000000000e+02	2.397934232476190558e-02
4.230000000000000000e+02	2.397871760070437175e-02
4.240000000000000000e+02	2.397804355512322266e-02
4.250000000000000000e+02	2.397731870896909270e-02
4.260000000000000000e+02	2.397654192973062287e-02
4.270000000000000000e+02	2.397571353839233685e-02
4.280000000000000000e+02	2.397483112142111822e-02
4.290000000000000000e+02	2.397389466337023975e-02
4.300000000000000000e+02	2.397290151504250996e-02
4.310000000000000000e+02	2.397184315824551354e-02
4.320000000000000000e+02	2.397071368482946163e-02
4.330000000000000000e+02	2.396950858433434528e-02
4.340000000000000000e+02	2.396822857898196421e-02
4.350000000000000000e+02	2.396688684639946762e-02
4.360000000000000000e+02	2.396548424557795251e-02
4.370000000000000000e+02	2.396401827116877853e-02
4.380000000000000000e+02	2.396249308446539786e-02
4.390000000000000000e+02	2.396090598823459247e-02
4.400000000000000000e+02	2.395924923861464037e-02
4.410000000000000000e+02	2.395752035351225370e-02
4.420000000000000000e+02	2.395572030259840446e-02
4.430000000000000000e+02	2.395385347357002412e-02
4.440000000000000000e+02	2.395192998930715036e-02
4.450000000000000000e+02	2.394995764638398195e-02
4.460000000000000000e+02	2.394793961728294840e-02
4.470000000000000000e+02	2.394587934634885215e-02
4.480000000000000000e+02	2.394378235295398921e-02
4.490000000000000000e+02	2.394165485561351031e-02
4.500000000000000000e+02	2.393949820693370978e-02
4.510000000000000000e+02	2.393731564533767980e-02
4.520000000000000000e+02	2.393511555471211638e-02
4.530000000000000000e+02	2.393290256999594176e-02
4.540000000000000000e+02	2.393067611659948843e-02
4.550000000000000000e+02	2.392843496034106204e-02
4.560000000000000000e+02	2.392617422353950432e-02
4.570000000000000000e+02	2.392388556069273420e-02
4.580000000000000000e+02	2.392156595343363293e-02
4.590000000000000000e+02	2.391921753742481949e-02
4.600000000000000000e+02	2.391683972530414884e-02
4.610000000000000000e+02	2.391443092366580397e-02
4.620000000000000000e+02	2.391199347170775910e-02
4.630000000000000000e+02	2.390952888379727428e-02
4.640000000000000000e+02	2.390703647162935666e-02
4.650000000000000000e+02	2.390451646331963678e-02
4.660000000000000000e+02	2.390197048207940572e-02
4.670000000000000000e+02	2.389940248072654552e-02
4.680000000000000000e+02	2.389681349612619507e-02
4.690000000000000000e+02	2.389420316464605301e-02
4.700000000000000000e+02	2.389158131706312083e-02
4.710000000000000000e+02	2.388896066730661696e-02
4.720000000000000000e+02	2.388634175908073767e-02
4.730000000000000000e+02	2.388372446178540706e-02
4.740000000000000000e+02	2.388111981696933173e-02
4.750000000000000000e+02	2.387854664040157254e-02
4.760000000000000000e+02	2.387601520731177929e-02
4.770000000000000000e+02	2.387352744379862488e-02
4.780000000000000000e+02	2.387108636734196904e-02
4.790000000000000000e+02	2.386869669951506567e-02
4.800000000000000000e+02	2.386636267628537700e-02
4.810000000000000000e+02	2.386408994427009073e-02
4.820000000000000000e+02	2.386188252797002279e-02
4.830000000000000000e+02	2.385975026505809254e-02
4.840000000000000000e+02	2.385770592208032170e-02
4.850000000000000000e+02	2.385575994497076205e-02
4.860000000000000000e+02	2.385391626932723344e-02
4.870000000000000000e+02	2.385217988858023483e-02
4.880000000000000000e+02	2.385055586350473544e-02
4.890000000000000000e+02	2.384905134794820802e-02
4.900000000000000000e+02	2.384766834924209600e-02
4.910000000000000000e+02	2.384640227307979060e-02
4.920000000000000000e+02	2.384525695228243217e-02
4.930000000000000000e+02	2.384423580524904288e-02
4.940000000000000000e+02	2.384333579994475996e-02
4.950000000000000000e+02	2.384255121772093505e-02
4.960000000000000000e+02	2.384187829088204452e-02
4.970000000000000000e+02	2.384132214557650037e-02
4.980000000000000000e+02	2.384089300794367886e-02
4.990000000000000000e+02	2.384060118816931986e-02
5.000000000000000000e+02	2.384045872644378547e-02
5.010000000000000000e+02	2.384048389589037489e-02
5.020000000000000000e+02	2.384070001498246258e-02
5.030000000000000000e+02	2.384112926534610530e-02
5.040000000000000000e+02	2.384178626614890176e-02
5.050000000000000000e+02	2.384268035702350949e-02
5.060000000000000000e+02	2.384382089015556899e-02
5.070000000000000000e+02	2.384521537520183782e-02
5.080000000000000000e+02	2.384686690952831506e-02
5.090000000000000000e+02	2.384877656200750859e-02
5.100000000000000000e+02	2.385094500856735356e-02
5.110000000000000000e+02	2.385336688314553324e-02
5.120000000000000000e+02	2.385603919886861504e-02
5.130000000000000000e+02	2.385895156273150353e-02
5.140000000000000000e+02	2.386209164400666591e-02
5.150000000000000000e+02	2.386545461601377593e-02
5.160000000000000000e+02	2.386904188495065499e-02
5.170000000000000000e+02	2.387285257274888300e-02
5.180000000000000000e+02	2.387687980167944521e-02
5.190000000000000000e+02	2.388111656389226012e-02
5.200000000000000000e+02	2.388556066132897088e-02
5.210000000000000000e+02	2.389021427471924724e-02
5.220000000000000000e+02	2.389507214757782480e-02
5.230000000000000000e+02	2.390012998990140997e-02
5.240000000000000000e+02	2.390539094326996766e-02
5.250000000000000000e+02	2.391085689721667365e-02
5.260000000000000000e+02	2.391652582566359403e-02
5.270000000000000000e+02	2.392239445590551780e-02
5.280000000000000000e+02	2.392845807441247238e-02
5.290000000000000000e+02	2.393471469087409681e-02
5.300000000000000000e+02	2.394116585693640067e-02
5.310000000000000000e+02	2.394781842523400345e-02
5.320000000000000000e+02	2.395468378502177073e-02
5.330000000000000000e+02	2.396177489021265872e-02
5.340000000000000000e+02	2.396910184781096687e-02
5.350000000000000000e+02	2.397666938696419586e-02
5.360000000000000000e+02	2.398447695866428794e-02
5.370000000000000000e+02	2.399252175490602240e-02
5.380000000000000000e+02	2.400079813852455321e-02
5.390000000000000000e+02	2.400930119976934368e-02
5.400000000000000000e+02	2.401803087338509612e-02
5.410000000000000000e+02	2.402699099879690436e-02
5.420000000000000000e+02	2.403618095889404130e-02
5.430000000000000000e+02	2.404559524453295238e-02
5.440000000000000000e+02	2.405522972329579220e-02
5.450000000000000000e+02	2.406507780113684852e-02
5.460000000000000000e+02	2.407513556734095297e-02
5.470000000000000000e+02	2.408540039805281974e-02
5.480000000000000000e+02	2.409587423466868009e-02
5.490000000000000000e+02	2.410655233062091937e-02
5.500000000000000000e+02	2.411742157262517644e-02
5.510000000000000000e+02	2.412847372642432445e-02
5.520000000000000000e+02	2.413970907450116096e-02
5.530000000000000000e+02	2.415112634944368078e-02
5.540000000000000000e+02	2.416272098950343269e-02
5.550000000000000000e+02	2.417448552369360140e-02
5.560000000000000000e+02	2.418640971112185137e-02
5.570000000000000000e+02	2.419848515621994892e-02
5.580000000000000000e+02	2.421070543518330509e-02
5.590000000000000000e+02	2.422307148478523853e-02
5.600000000000000000e+02	2.423558073457224293e-02
5.610000000000000000e+02	2.424822797832862711e-02
5.620000000000000000e+02	2.426101136572907796e-02
5.630000000000000000e+02	2.427392467475304391e-02
5.640000000000000000e+02	2.428695759352341582e-02
5.650000000000000000e+02	2.430010417725455424e-02
5.660000000000000000e+02	2.431335707165582435e-02
5.670000000000000000e+02	2.432670864032849753e-02
5.680000000000000000e+02	2.434014568644220569e-02
5.690000000000000000e+02	2.435365708554147746e-02
5.700000000000000000e+02	2.436723711135790893e-02
5.710000000000000000e+02	2.438088086065127655e-02
5.720000000000000000e+02	2.439458214421632784e-02
5.730000000000000000e+02	2.440833174851341283e-02
5.740000000000000000e+02	2.442211970297656840e-02
5.750000000000000000e+02	2.443593562056840460e-02
5.760000000000000000e+02	2.444976900295617317e-02
5.770000000000000000e+02	2.446361084453321441e-02
5.780000000000000000e+02	2.447745076023550778e-02
5.790000000000000000e+02	2.449128049006694258e-02
5.800000000000000000e+02	2.450509643679489591e-02
5.810000000000000000e+02	2.451889082907986531e-02
5.820000000000000000e+02	2.453265377068365033e-02
5.830000000000000000e+02	2.454637386590836912e-02
5.840000000000000000e+02	2.456004522869497872e-02
5.850000000000000000e+02	2.457366175581796042e-02
5.860000000000000000e+02	2.458721473727258633e-02
5.870000000000000000e+02	2.460069439888608323e-02
5.880000000000000000e+02	2.461409216564573385e-02
5.890000000000000000e+02	2.462740063801569651e-02
5.900000000000000000e+02	2.464061204640357813e-02
5.910000000000000000e+02	2.465371839641186669e-02
5.920000000000000000e+02	2.466671382844923266e-02
5.930000000000000000e+02	2.467959257623810951e-02
5.940000000000000000e+02	2.469234482009730752e-02
5.950000000000000000e+02	2.470495909254244796e-02
5.960000000000000000e+02	2.471742572927345533e-02
5.970000000000000000e+02	2.472973306126383455e-02
5.980000000000000000e+02	2.474186957329252770e-02
5.990000000000000000e+02	2.475382664846001793e-02
6.000000000000000000e+02	2.476559781740331201e-02
6.010000000000000000e+02	2.477717669821983063e-02
6.020000000000000000e+02	2.478855644308969319e-02
6.030000000000000000e+02	2.479973246634679593e-02
6.040000000000000000e+02	2.481069672919328922e-02
6.050000000000000000e+02	2.482144056077600913e-02
6.060000000000000000e+02	2.483195714081346331e-02
6.070000000000000000e+02	2.484224155059677752e-02
6.080000000000000000e+02	2.485229040221176994e-02
6.090000000000000000e+02	2.486209911576018131e-02
6.100000000000000000e+02	2.487166093260176694e-02
6.110000000000000000e+02	2.488096919050296341e-02
6.120000000000000000e+02	2.489001905838746434e-02
6.130000000000000000e+02	2.489880752121025054e-02
6.140000000000000000e+02	2.490733159603994093e-02
6.150000000000000000e+02	2.491559045714328291e-02
6.160000000000000000e+02	2.492358389361495549e-02
6.170000000000000000e+02	2.493131056563759745e-02
6.180000000000000000e+02	2.493876766385092272e-02
6.190000000000000000e+02	2.494595181088755248e-02
6.200000000000000000e+02	2.495286176771080444e-02
6.210000000000000000e+02	2.495949967112091536e-02
6.220000000000000000e+02	2.496586848035053582e-02
6.230000000000000000e+02	2.497196958958753168e-02
6.240000000000000000e+02	2.497780439291800297e-02
6.250000000000000000e+02	2.498337579166893044e-02
6.260000000000000000e+02	2.498868282021857873e-02
6.270000000000000000e+02	2.499372415618912255e-02
6.280000000000000000e+02	2.499850175831777599e-02
6.290000000000000000e+02	2.500301956610747126e-02
6.300000000000000000e+02	2.500728158550788449e-02
6.310000000000000000e+02	2.501128674222712067e-02
6.320000000000000000e+02	2.501503351735915801e-02
6.330000000000000000e+02	2.501852153075078550e-02
6.340000000000000000e+02	2.502175368892127147e-02
6.350000000000000000e+02	2.502473528374780237e-02
6.360000000000000000e+02	2.502747031389892379e-02
6.370000000000000000e+02	2.502996177355213195e-02
6.380000000000000000e+02	2.503221120306154540e-02
6.390000000000000000e+02	2.503421965616914671e-02
6.400000000000000000e+02	2.503598913700415610e-02
6.410000000000000000e+02	2.503752346208509838e-02
6.420000000000000000e+02	2.503882653066671904e-02
6.430000000000000000e+02	2.503990137917894501e-02
6.440000000000000000e+02	2.504075227661103908e-02
6.450000000000000000e+02	2.504138439609310957e-02
6.460000000000000000e+02	2.504180257070165450e-02
6.470000000000000000e+02	2.504201143437356780e-02
6.480000000000000000e+02	2.504201574455986595e-02
6.490000000000000000e+02	2.504182063656028301e-02
6.500000000000000000e+02	2.504143237029265653e-02
6.510000000000000000e+02	2.504085578117645414e-02
6.520000000000000000e+02	2.504009518887173602e-02
6.530000000000000000e+02	2.503915593278231710e-02
6.540000000000000000e+02	2.503804308592539468e-02
6.550000000000000000e+02	2.503676162489522003e-02
6.560000000000000000e+02	2.503531703182307333e-02
6.570000000000000000e+02	2.503371599582845247e-02
6.580000000000000000e+02	2.503196558688231335e-02
6.590000000000000000e+02	2.503007381632529199e-02
6.600000000000000000e+02	2.502804844587400504e-02
6.610000000000000000e+02	2.502589528057136067e-02
6.620000000000000000e+02	2.502361910989613428e-02
6.630000000000000000e+02	2.502122412688968095e-02
6.640000000000000000e+02	2.501871415165395768e-02
6.650000000000000000e+02	2.501609320704308720e-02
6.660000000000000000e+02	2.501336570522261910e-02
6.670000000000000000e+02	2.501053907301763191e-02
6.680000000000000000e+02	2.500762224081280391e-02
6.690000000000000000e+02	2.500462394233116808e-02
6.700000000000000000e+02	2.500155131513659423e-02
6.710000000000000000e+02	2.499840991555836098e-02
6.720000000000000000e+02	2.499520481281006928e-02
6.730000000000000000e+02	2.499194210612942779e-02
6.740000000000000000e+02	2.498862979677236168e-02
6.750000000000000000e+02	2.498527591192156380e-02
6.760000000000000000e+02	2.498188721009399552e-02
6.770000000000000000e+02	2.497846925471173749e-02
6.780000000000000000e+02	2.497502785612320392e-02
6.790000000000000000e+02	2.497156877099872274e-02
6.800000000000000000e+02	2.496809936832033658e-02
6.810000000000000000e+02	2.496462699217632392e-02
6.820000000000000000e+02	2.496115822354447872e-02
6.830000000000000000e+02	2.495770051357449476e-02
6.840000000000000000e+02	2.495426338807790051e-02
6.850000000000000000e+02	2.495085514791404308e-02
6.860000000000000000e+02	2.494748140333017880e-02
6.870000000000000000e+02	2.494414516634422055e-02
6.880000000000000000e+02	2.494084769647583744e-02
6.890000000000000000e+02	2.493759075220023866e-02
6.900000000000000000e+02	2.493437797983492216e-02
6.910000000000000000e+02	2.493121245656559209e-02
6.920000000000000000e+02	2.492809690874166206e-02
6.930000000000000000e+02	2.492503463417320916e-02
6.940000000000000000e+02	2.492202966915667978e-02
6.950000000000000000e+02	2.491908622658604508e-02
6.960000000000000000e+02	2.491620892058371561e-02
6.970000000000000000e+02	2.491340180944522434e-02
6.980000000000000000e+02	2.491066961066339472e-02
6.990000000000000000e+02	2.490801695777943373e-02
7.000000000000000000e+02	2.490544937620320712e-02
7.010000000000000000e+02	2.490297280308340772e-02
7.020000000000000000e+02	2.490059383194379028e-02
7.030000000000000000e+02	2.489831845896532669e-02
7.040000000000000000e+02	2.489615022408107198e-02
7.050000000000000000e+02	2.489409097089519823e-02
7.060000000000000000e+02	2.489214284194055105e-02
7.070000000000000000e+02	2.489030748810517127e-02
7.080000000000000000e+02	2.488858616790286596e-02
7.090000000000000000e+02	2.488698264154942316e-02
7.100000000000000000e+02	2.488550226810721383e-02
7.110000000000000000e+02	2.488414834171003356e-02
7.120000000000000000e+02	2.488292353382718161e-02
7.130000000000000000e+02	2.488183116827553248e-02
7.140000000000000000e+02	2.488087467011940862e-02
7.150000000000000000e+02	2.488005730629799447e-02
7.160000000000000000e+02	2.487938101231859656e-02
7.170000000000000000e+02	2.487884622795227124e-02
7.180000000000000000e+02	2.487845389760769826e-02
7.190000000000000000e+02	2.487820512515392588e-02
7.200000000000000000e+02	2.487810005146262604e-02
7.210000000000000000e+02	2.487813876707957450e-02
7.220000000000000000e+02	2.487832255401523432e-02
7.230000000000000000e+02	2.487865293689562815e-02
7.240000000000000000e+02	2.487912980338525398e-02
7.250000000000000000e+02	2.487975282264899557e-02
7.260000000000000000e+02	2.488052258876589928e-02
7.270000000000000000e+02	2.488143898545890076e-02
7.280000000000000000e+02	2.488250100795877731e-02
7.290000000000000000e+02	2.488370834606958362e-02
7.300000000000000000e+02	2.488506272927904633e-02
7.310000000000000000e+02	2.488656538543675481e-02
7.320000000000000000e+02	2.488821643233573785e-02
7.330000000000000000e+02	2.489001589456436500e-02
7.340000000000000000e+02	2.489196362852380551e-02
7.350000000000000000e+02	2.489406043336206756e-02
7.360000000000000000e+02	2.489630862772998846e-02
7.370000000000000000e+02	2.489870940063949878e-02
7.380000000000000000e+02	2.490126280954872359e-02
7.390000000000000000e+02	2.490396870822172634e-02
7.400000000000000000e+02	2.490682824593668312e-02
7.410000000000000000e+02	2.490984284092199325e-02
7.420000000000000000e+02	2.491301409928344673e-02
7.430000000000000000e+02	2.491634580253630077e-02
7.440000000000000000e+02	2.491984381814992336e-02
7.450000000000000000e+02	2.492350992995856149e-02
7.460000000000000000e+02	2.492734286183944173e-02
7.470000000000000000e+02	2.493134052738697065e-02
7.480000000000000000e+02	2.493550019748291824e-02
7.490000000000000000e+02	2.493981881338726281e-02
7.500000000000000000e+02	2.494429363969888347e-02
7.510000000000000000e+02	2.494892231988821499e-02
7.520000000000000000e+02	2.495370093178311127e-02
7.530000000000000000e+02	2.495862396908453754e-02
7.540000000000000000e+02	2.496368760776427123e-02
7.550000000000000000e+02	2.496888747213027795e-02
7.560000000000000000e+02	2.497421874847850082e-02
7.570000000000000000e+02	2.497967829426335148e-02
7.580000000000000000e+02	2.498526170813101036e-02
7.590000000000000000e+02	2.499096412699015890e-02
7.600000000000000000e+02	2.499678061686043742e-02
7.610000000000000000e+02	2.500270703434210109e-02
7.620000000000000000e+02	2.500874113646393490e-02
7.630000000000000000e+02	2.501488171320221873e-02
7.640000000000000000e+02	2.502112669018899047e-02
7.650000000000000000e+02	2.502747411124140939e-02
7.660000000000000000e+02	2.503392238037305262e-02
7.670000000000000000e+02	2.504047112804715786e-02
7.680000000000000000e+02	2.504712085090477283e-02
7.690000000000000000e+02	2.505386943270330666e-02
7.700000000000000000e+02	2.506071401050592728e-02
7.710000000000000000e+02	2.506765229367198186e-02
7.720000000000000000e+02	2.507468095011511355e-02
7.730000000000000000e+02	2.508179603396266250e-02
7.740000000000000000e+02	2.508899369627428169e-02
7.750000000000000000e+02	2.509627080790856335e-02
7.760000000000000000e+02	2.510362597709852109e-02
7.770000000000000000e+02	2.511105912463963002e-02
7.780000000000000000e+02	2.511856909670792670e-02
7.790000000000000000e+02	2.512615341080633516e-02
7.800000000000000000e+02	2.513380995882115790e-02
7.810000000000000000e+02	2.514153679825708795e-02
7.820000000000000000e+02	2.514933360203087942e-02
7.830000000000000000e+02	2.515720032958643562e-02
7.840000000000000000e+02	2.516513664587948299e-02
7.850000000000000000e+02	2.517314081113204705e-02
7.860000000000000000e+02	2.518120992701927685e-02
7.870000000000000000e+02	2.518934135734593113e-02
7.880000000000000000e+02	2.519753350626281405e-02
7.890000000000000000e+02	2.520578492291017728e-02
7.900000000000000000e+02	2.521409404448334349e-02
7.910000000000000000e+02	2.522245924272600165e-02
7.920000000000000000e+02	2.523087895849871962e-02
7.930000000000000000e+02	2.523935162864053561e-02
7.940000000000000000e+02	2.524787605666240636e-02
7.950000000000000000e+02	2.525645105897491791e-02
7.960000000000000000e+02	2.526507446623087183e-02
7.970000000000000000e+02	2.527374292044771639e-02
7.980000000000000000e+02	2.528245340019726756e-02
7.990000000000000000e+02	2.529120376899601785e-02
8.000000000000000000e+02	2.529999261311221062e-02
8.010000000000000000e+02	2.530881747788420524e-02
8.020000000000000000e+02	2.531767579046364722e-02
8.030000000000000000e+02	2.532656591992960005e-02
8.040000000000000000e+02	2.533548736016930092e-02
8.050000000000000000e+02	2.534443962159568797e-02
8.060000000000000000e+02	2.535342192066896913e-02
8.070000000000000000e+02	2.536243357531377599e-02
8.080000000000000000e+02	2.537147284255241927e-02
8.090000000000000000e+02	2.538053663504319032e-02
8.100000000000000000e+02	2.538962279286691159e-02
8.110000000000000000e+02	2.539872984513106072e-02
8.120000000000000000e+02	2.540785614683053334e-02
8.130000000000000000e+02	2.541700137717427602e-02
8.140000000000000000e+02	2.542616728848488133e-02
8.150000000000000000e+02	2.543535437303438840e-02
8.160000000000000000e+02	2.544456354086389177e-02
8.170000000000000000e+02	2.545379513416977726e-02
8.180000000000000000e+02	2.546304844386529029e-02
8.190000000000000000e+02	2.547232265319131911e-02
8.200000000000000000e+02	2.548161768365076255e-02
8.210000000000000000e+02	2.549093214294030629e-02
8.220000000000000000e+02	2.550026498908601266e-02
8.230000000000000000e+02	2.550961593510773021e-02
8.240000000000000000e+02	2.551898591598497981e-02
8.250000000000000000e+02	2.552837727517449570e-02
8.260000000000000000e+02	2.553779178341795270e-02
8.270000000000000000e+02	2.554722807957070241e-02
8.280000000000000000e+02	2.555668238725371244e-02
8.290000000000000000e+02	2.556615184802421906e-02
8.300000000000000000e+02	2.557563520472845575e-02
8.310000000000000000e+02	2.558513060546539070e-02
8.320000000000000000e+02	2.559463760880019076e-02
8.330000000000000000e+02	2.560415649568149876e-02
8.340000000000000000e+02	2.561368763878164867e-02
8.350000000000000000e+02	2.562323143339617290e-02
8.360000000000000000e+02	2.563278801239879390e-02
8.370000000000000000e+02	2.564235790454706329e-02
8.380000000000000000e+02	2.565194002690025094e-02
8.390000000000000000e+02	2.566153349681442319e-02
8.400000000000000000e+02	2.567113810669161347e-02
8.410000000000000000e+02	2.568075370508685756e-02
8.420000000000000000e+02	2.569037863888339393e-02
8.430000000000000000e+02	2.570001054150114830e-02
8.440000000000000000e+02	2.570964808563877546e-02
8.450000000000000000e+02	2.571929100796220904e-02
8.460000000000000000e+02	2.572893873349185387e-02
8.470000000000000000e+02	2.573859001422550141e-02
8.480000000000000000e+02	2.574824458011203826e-02
8.490000000000000000e+02	2.575790216687304582e-02
8.500000000000000000e+02	2.576756272207625029e-02
8.510000000000000000e+02	2.577722768788374627e-02
8.520000000000000000e+02	2.578689900280754788e-02
8.530000000000000000e+02	2.579657701110809470e-02
8.540000000000000000e+02	2.580626030664492920e-02
8.550000000000000000e+02	2.581594894695821499e-02
8.560000000000000000e+02	2.582564502843417292e-02
8.570000000000000000e+02	2.583534920664753640e-02
8.580000000000000000e+02	2.584506009976518873e-02
8.590000000000000000e+02	2.585477858617562727e-02
8.600000000000000000e+02	2.586450765387334275e-02
8.610000000000000000e+02	2.587424915606019102e-02
8.620000000000000000e+02	2.588400366791062529e-02
8.630000000000000000e+02	2.589377101084720800e-02
8.640000000000000000e+02	2.590355090919659736e-02
8.650000000000000000e+02	2.591334265297418754e-02
8.660000000000000000e+02	2.592314641504852094e-02
8.670000000000000000e+02	2.593296333460567982e-02
8.680000000000000000e+02	2.594279312320981259e-02
8.690000000000000000e+02	2.595263460495516802e-02
8.700000000000000000e+02	2.596248663234613022e-02
8.710000000000000000e+02	2.597234883148868620e-02
8.720000000000000000e+02	2.598222066251980669e-02
8.730000000000000000e+02	2.599210202445302251e-02
8.740000000000000000e+02	2.600199236392115865e-02
8.750000000000000000e+02	2.601189053904356605e-02
8.760000000000000000e+02	2.602179528348808404e-02
8.770000000000000000e+02	2.603170623211919013e-02
8.780000000000000000e+02	2.604162361404567180e-02
8.790000000000000000e+02	2.605154847978403271e-02
8.800000000000000000e+02	2.606148164457006491e-02
8.810000000000000000e+02	2.607142350927100019e-02
8.820000000000000000e+02	2.608137399050813876e-02
8.830000000000000000e+02	2.609133084601634664e-02
8.840000000000000000e+02	2.610129135558075797e-02
8.850000000000000000e+02	2.611125499233094352e-02
8.860000000000000000e+02	2.612122196256360523e-02
8.870000000000000000e+02	2.613119181964278573e-02
8.880000000000000000e+02	2.614116488267355723e-02
8.890000000000000000e+02	2.615114070597677684e-02
8.900000000000000000e+02	2.616111918422185309e-02
8.910000000000000000e+02	2.617110094767634634e-02
8.920000000000000000e+02	2.618108651902319173e-02
8.930000000000000000e+02	2.619107490123760013e-02
8.940000000000000000e+02	2.620106507712926733e-02
8.950000000000000000e+02	2.621105846901646691e-02
8.960000000000000000e+02	2.622105671538127458e-02
8.970000000000000000e+02	2.623105917732664744e-02
8.980000000000000000e+02	2.624106448863755547e-02
8.990000000000000000e+02	2.625107208459342284e-02
9.000000000000000000e+02	2.626108177675805580e-02
9.010000000000000000e+02	2.627109394252987590e-02
9.020000000000000000e+02	2.628110959872008434e-02
9.030000000000000000e+02	2.629113013778285740e-02
9.040000000000000000e+02	2.630115673236460908e-02
9.050000000000000000e+02	2.631119033627393744e-02
9.060000000000000000e+02	2.632123202274871954e-02
9.070000000000000000e+02	2.633128282773571083e-02
9.080000000000000000e+02	2.634134364347810384e-02
9.090000000000000000e+02	2.635141530517666822e-02
9.100000000000000000e+02	2.636149824833428773e-02
9.110000000000000000e+02	2.637159249422600660e-02
9.120000000000000000e+02	2.638169836174762695e-02
9.130000000000000000e+02	2.639181607395877857e-02
9.140000000000000000e+02	2.640194598438732124e-02
9.150000000000000000e+02	2.641208861530949803e-02
9.160000000000000000e+02	2.642224347320634714e-02
9.170000000000000000e+02	2.643241065232372969e-02
9.180000000000000000e+02	2.644259005785496927e-02
9.190000000000000000e+02	2.645278078792476922e-02
9.200000000000000000e+02	2.646298125295609704e-02
9.210000000000000000e+02	2.647318994135868311e-02
9.220000000000000000e+02	2.648340657944942000e-02
9.230000000000000000e+02	2.649363240618753806e-02
9.240000000000000000e+02	2.650386783984422928e-02
9.250000000000000000e+02	2.651411186766186590e-02
9.260000000000000000e+02	2.652436265900105436e-02
9.270000000000000000e+02	2.653462008888644863e-02
9.280000000000000000e+02	2.654488642575334595e-02
9.290000000000000000e+02	2.655516386641281965e-02
9.300000000000000000e+02	2.656545453452391695e-02
9.310000000000000000e+02	2.657576055721359506e-02
9.320000000000000000e+02	2.658608124437785228e-02
9.330000000000000000e+02	2.659641452700129902e-02
9.340000000000000000e+02	2.660675870483733205e-02
9.350000000000000000e+02	2.661711257141533699e-02
9.360000000000000000e+02	2.662747564236032580e-02
9.370000000000000000e+02	2.663784646295645417e-02
9.380000000000000000e+02	2.664822347047116069e-02
9.390000000000000000e+02	2.665860598751786451e-02
9.400000000000000000e+02	2.666899401794417535e-02
9.410000000000000000e+02	2.667938795474840766e-02
9.420000000000000000e+02	2.668978853146581134e-02
9.430000000000000000e+02	2.670019651580567838e-02
9.440000000000000000e+02	2.671061178066662031e-02
9.450000000000000000e+02	2.672103445741763270e-02
9.460000000000000000e+02	2.673146495567011588e-02
9.470000000000000000e+02	2.674190395142525892e-02
9.480000000000000000e+02	2.675235239505932561e-02
9.490000000000000000e+02	2.676281089122670154e-02
9.500000000000000000e+02	2.677327966489639888e-02
9.510000000000000000e+02	2.678375823526846569e-02
9.520000000000000000e+02	2.679424587419474563e-02
9.530000000000000000e+02	2.680474167055878904e-02
9.540000000000000000e+02	2.681524475355742676e-02
9.550000000000000000e+02	2.682575431544549985e-02
9.560000000000000000e+02	2.683626949701188244e-02
9.570000000000000000e+02	2.684679017229626985e-02
9.580000000000000000e+02	2.685731654342464816e-02
9.590000000000000000e+02	2.686784887306924510e-02
9.600000000000000000e+02	2.687838723210883574e-02
9.610000000000000000e+02	2.688893133876170405e-02
9.620000000000000000e+02	2.689948118719463765e-02
9.630000000000000000e+02	2.691003736938629362e-02
9.640000000000000000e+02	2.692060038660750582e-02
9.650000000000000000e+02	2.693116973751831511e-02
9.660000000000000000e+02	2.694174473866935843e-02
9.670000000000000000e+02	2.695232472213773822e-02
9.680000000000000000e+02	2.696290919888170295e-02
9.690000000000000000e+02	2.697349702225999499e-02
9.700000000000000000e+02	2.698408672273990005e-02
9.710000000000000000e+02	2.699467715571592791e-02
9.720000000000000000e+02	2.700526728356649961e-02
9.730000000000000000e+02	2.701585600412287347e-02
9.740000000000000000e+02	2.702644244494338197e-02
9.750000000000000000e+02	2.703702572171861815e-02
9.760000000000000000e+02	2.704760528235479466e-02
9.770000000000000000e+02	2.705818083992323972e-02
9.780000000000000000e+02	2.706875149095064326e-02
9.790000000000000000e+02	2.707931607820997580e-02
9.800000000000000000e+02	2.708987328675951586e-02
9.810000000000000000e+02	2.710042187337231498e-02
9.820000000000000000e+02	2.711096032134863512e-02
9.830000000000000000e+02	2.712148687532920169e-02
9.840000000000000000e+02	2.713200045759021906e-02
9.850000000000000000e+02	2.714250053784152128e-02
9.860000000000000000e+02	2.715298647066147902e-02
9.870000000000000000e+02	2.716345755653334221e-02
9.880000000000000000e+02	2.717391243626877603e-02
9.890000000000000000e+02	2.718434868914241381e-02
9.900000000000000000e+02	2.719476430574072762e-02
9.910000000000000000e+02	2.720515726955521907e-02
9.920000000000000000e+02	2.721552583580368750e-02
9.930000000000000000e+02	2.722586894250770759e-02
9.940000000000000000e+02	2.723618580651657531e-02
9.950000000000000000e+02	2.724647548083267146e-02
9.960000000000000000e+02	2.725673702569576806e-02
9.970000000000000000e+02	2.726696917849508531e-02
9.980000000000000000e+02	2.727717024993257453e-02
9.990000000000000000e+02	2.728733838954537985e-02
1.000000000000000000e+03	2.729747216586202521e-02
1.001000000000000000e+03	2.730757002374720882e-02
1.002000000000000000e+03	2.731762979426914997e-02
1.003000000000000000e+03	2.732764975921050596e-02
1.004000000000000000e+03	2.733762862568303587e-02
1.005000000000000000e+03	2.734756580898808562e-02
1.006000000000000000e+03	2.735746033169673616e-02
1.007000000000000000e+03	2.736731115423220867e-02
1.008000000000000000e+03	2.737711718353045415e-02
1.009000000000000000e+03	2.738687651377967949e-02
1.010000000000000000e+03	2.739658699949424139e-02
1.011000000000000000e+03	2.740624728519799880e-02
1.012000000000000000e+03	2.741585605144298068e-02
1.013000000000000000e+03	2.742541248596644041e-02
1.014000000000000000e+03	2.743491611512714062e-02
1.015000000000000000e+03	2.744436598063271573e-02
1.016000000000000000e+03	2.745376068909573947e-02
1.017000000000000000e+03	2.746309929247914630e-02
1.018000000000000000e+03	2.747238111549452425e-02
1.019000000000000000e+03	2.748160534212185438e-02
1.020000000000000000e+03	2.749077117307280674e-02
1.021000000000000000e+03	2.749987816324695952e-02
1.022000000000000000e+03	2.750892582576013393e-02
1.023000000000000000e+03	2.751791315671030941e-02
1.024000000000000000e+03	2.752683980865576127e-02
1.025000000000000000e+03	2.753570567313452441e-02
1.026000000000000000e+03	2.754451098888949234e-02
1.027000000000000000e+03	2.755325673982506399e-02
1.028000000000000000e+03	2.756194387295268083e-02
1.029000000000000000e+03	2.757057306725662835e-02
1.030000000000000000e+03	2.757914496942712526e-02
1.031000000000000000e+03	2.758766089363214047e-02
1.032000000000000000e+03	2.759612184885827310e-02
1.033000000000000000e+03	2.760452787137469485e-02
1.034000000000000000e+03	2.761287958177312957e-02
1.035000000000000000e+03	2.762117785512960971e-02
1.036000000000000000e+03	2.762942308681870865e-02
1.037000000000000000e+03	2.763761556190258428e-02
1.038000000000000000e+03	2.764575554378553499e-02
1.039000000000000000e+03	2.765384341338206209e-02
1.040000000000000000e+03	2.766188007302735827e-02
1.041000000000000000e+03	2.766986706452549682e-02
1.042000000000000000e+03	2.767780551046042717e-02
1.043000000000000000e+03	2.768569635351155953e-02
1.044000000000000000e+03	2.769354009360503605e-02
1.045000000000000000e+03	2.770133742638214436e-02
1.046000000000000000e+03	2.770908911747711756e-02
1.047000000000000000e+03	2.771679552174900751e-02
1.048000000000000000e+03	2.772445705345109868e-02
1.049000000000000000e+03	2.773207385066259537e-02
1.050000000000000000e+03	2.773964687539066942e-02
1.051000000000000000e+03	2.774717779346196067e-02
1.052000000000000000e+03	2.775466801356767446e-02
1.053000000000000000e+03	2.776211850755901794e-02
1.054000000000000000e+03	2.776953014737737133e-02
1.055000000000000000e+03	2.777690426337300900e-02
1.056000000000000000e+03	2.778424245321226352e-02
1.057000000000000000e+03	2.779154639840802216e-02
1.058000000000000000e+03	2.779881747927906432e-02
1.059000000000000000e+03	2.780605725759364641e-02
1.060000000000000000e+03	2.781326874130260474e-02
1.061000000000000000e+03	2.782045514901734795e-02
1.062000000000000000e+03	2.782761852985221954e-02
1.063000000000000000e+03	2.783475953479775181e-02
1.064000000000000000e+03	2.784187848362502243e-02
1.065000000000000000e+03	2.784897533501731401e-02
1.066000000000000000e+03	2.785605053216501023e-02
1.067000000000000000e+03	2.786310607370841297e-02
1.068000000000000000e+03	2.787014394627470443e-02
1.069000000000000000e+03	2.787716621430998826e-02
1.070000000000000000e+03	2.788417543573212462e-02
1.071000000000000000e+03	2.789117388501237416e-02
1.072000000000000000e+03	2.789816337681428129e-02
1.073000000000000000e+03	2.790514595846393942e-02
1.074000000000000000e+03	2.791212381823162877e-02
1.075000000000000000e+03	2.791909847350140111e-02
1.076000000000000000e+03	2.792607079836424352e-02
1.077000000000000000e+03	2.793304183648614297e-02
1.078000000000000000e+03	2.794001305671525368e-02
1.079000000000000000e+03	2.794698621058354371e-02
1.080000000000000000e+03	2.795396292239210254e-02
1.081000000000000000e+03	2.796094439574800528e-02
1.082000000000000000e+03	2.796793168022112044e-02
1.083000000000000000e+03	2.797492617152625219e-02
1.084000000000000000e+03	2.798192899454160498e-02
1.085000000000000000e+03	2.798894130196758270e-02
1.086000000000000000e+03	2.799596497314466720e-02
1.087000000000000000e+03	2.800300187157501314e-02
1.088000000000000000e+03	2.801005321107558413e-02
1.089000000000000000e+03	2.801712000873777045e-02
1.090000000000000000e+03	2.802420284177651114e-02
1.091000000000000000e+03	2.803130278562676256e-02
1.092000000000000000e+03	2.803842087642890654e-02
1.093000000000000000e+03	2.804555887393677879e-02
1.094000000000000000e+03	2.805271794891207870e-02
1.095000000000000000e+03	2.805989917111743545e-02
1.096000000000000000e+03	2.806710444985400024e-02
1.097000000000000000e+03	2.807433484132799625e-02
1.098000000000000000e+03	2.808159110031378108e-02
1.099000000000000000e+03	2.808887362686794328e-02
1.100000000000000000e+03	2.809618253808058089e-02
1.101000000000000000e+03	2.810351804175921162e-02
1.102000000000000000e+03	2.811088057896568917e-02
1.103000000000000000e+03	2.811827065591336952e-02
1.104000000000000000e+03	2.812568861991172897e-02
1.105000000000000000e+03	2.813313498552620640e-02
1.106000000000000000e+03	2.814060996101019549e-02
1.107000000000000000e+03	2.814811402426118866e-02
1.108000000000000000e+03	2.815564709956549713e-02
1.109000000000000000e+03	2.816320910620262116e-02
1.110000000000000000e+03	2.817080011399632905e-02
1.111000000000000000e+03	2.817841982751855337e-02
1.112000000000000000e+03	2.818606812117661897e-02
1.113000000000000000e+03	2.819374503884322647e-02
1.114000000000000000e+03	2.820145023598234421e-02
1.115000000000000000e+03	2.820918332857376074e-02
1.116000000000000000e+03	2.821694350083937125e-02
1.117000000000000000e+03	2.822473007687777494e-02
1.118000000000000000e+03	2.823254268468132142e-02
1.119000000000000000e+03	2.824038033531031319e-02
1.120000000000000000e+03	2.824824145803672346e-02
1.121000000000000000e+03	2.825612473390956905e-02
1.122000000000000000e+03	2.826402956774137429e-02
1.123000000000000000e+03	2.827195553790918733e-02
1.124000000000000000e+03	2.827990262093634313e-02
1.125000000000000000e+03	2.828787131100354152e-02
1.126000000000000000e+03	2.829586111514158231e-02
1.127000000000000000e+03	2.830387142205861156e-02
1.128000000000000000e+03	2.831190203457529739e-02
1.129000000000000000e+03	2.831995223562877237e-02
1.130000000000000000e+03	2.832802121361010367e-02
1.131000000000000000e+03	2.833610840622786259e-02
1.132000000000000000e+03	2.834421359793946535e-02
1.133000000000000000e+03	2.835233724435157546e-02
1.134000000000000000e+03	2.836047930983295537e-02
1.135000000000000000e+03	2.836863921749580020e-02
1.136000000000000000e+03	2.837681657315532444e-02
1.137000000000000000e+03	2.838501101944491956e-02
1.138000000000000000e+03	2.839322229871428516e-02
1.139000000000000000e+03	2.840144946533183085e-02
1.140000000000000000e+03	2.840969106137995401e-02
1.141000000000000000e+03	2.841794632728463638e-02
1.142000000000000000e+03	2.842621476301236336e-02
1.143000000000000000e+03	2.843449502438228499e-02
1.144000000000000000e+03	2.844278551442101441e-02
1.145000000000000000e+03	2.845108549537948839e-02
1.146000000000000000e+03	2.845939504602934197e-02
1.147000000000000000e+03	2.846771456497296932e-02
1.148000000000000000e+03	2.847604336216539439e-02
1.149000000000000000e+03	2.848437998929815446e-02
1.150000000000000000e+03	2.849272330259671956e-02
1.151000000000000000e+03	2.850107209034250660e-02
1.152000000000000000e+03	2.850942528762540062e-02
1.153000000000000000e+03	2.851778319841968487e-02
1.154000000000000000e+03	2.852614669968941280e-02
1.155000000000000000e+03	2.853451622039126709e-02
1.156000000000000000e+03	2.854289162844114366e-02
1.157000000000000000e+03	2.855127248110042940e-02
1.158000000000000000e+03	2.855965801997046097e-02
1.159000000000000000e+03	2.856804740643272000e-02
1.160000000000000000e+03	2.857643975724158056e-02
1.161000000000000000e+03	2.858483402165790110e-02
1.162000000000000000e+03	2.859322932614047352e-02
1.163000000000000000e+03	2.860162487698967443e-02
1.164000000000000000e+03	2.861001987611621125e-02
1.165000000000000000e+03	2.861841351626309010e-02
1.166000000000000000e+03	2.862680550745667213e-02
1.167000000000000000e+03	2.863519592793977234e-02
1.168000000000000000e+03	2.864358502725400032e-02
1.169000000000000000e+03	2.865197309306313084e-02
1.170000000000000000e+03	2.866035980562827573e-02
1.171000000000000000e+03	2.866874487807354391e-02
1.172000000000000000e+03	2.867712843180490051e-02
1.173000000000000000e+03	2.868551073577256527e-02
1.174000000000000000e+03	2.869389203187045975e-02
1.175000000000000000e+03	2.870227251196248372e-02
1.176000000000000000e+03	2.871065234170354016e-02
1.177000000000000000e+03	2.871903175344663744e-02
1.178000000000000000e+03	2.872741122494925498e-02
1.179000000000000000e+03	2.873579151913937743e-02
1.180000000000000000e+03	2.874417280892817284e-02
1.181000000000000000e+03	2.875255527109384784e-02
1.182000000000000000e+03	2.876093893914942121e-02
1.183000000000000000e+03	2.876932369555270860e-02
1.184000000000000000e+03	2.877770914325981574e-02
1.185000000000000000e+03	2.878609493049926610e-02
1.186000000000000000e+03	2.879448161386111149e-02
1.187000000000000000e+03	2.880286990196373811e-02
1.188000000000000000e+03	2.881126040290800036e-02
1.189000000000000000e+03	2.881965391011170191e-02
1.190000000000000000e+03	2.882805126548108887e-02
1.191000000000000000e+03	2.883645319688031561e-02
1.192000000000000000e+03	2.884486021773912182e-02
1.193000000000000000e+03	2.885327310452925204e-02
1.194000000000000000e+03	2.886169271497223202e-02
1.195000000000000000e+03	2.887012022669257008e-02
1.196000000000000000e+03	2.887855690800454622e-02
1.197000000000000000e+03	2.888700369566576942e-02
1.198000000000000000e+03	2.889546099348468122e-02
1.199000000000000000e+03	2.890392878283810224e-02
1.200000000000000000e+03	2.891240723595835463e-02
1.201000000000000000e+03	2.892089694400536842e-02
1.202000000000000000e+03	2.892939876722798800e-02
1.203000000000000000e+03	2.893791305789420593e-02
1.204000000000000000e+03	2.894644011127828209e-02
1.205000000000000000e+03	2.895498045235899917e-02
1.206000000000000000e+03	2.896353436004936791e-02
1.207000000000000000e+03	2.897210258300045999e-02
1.208000000000000000e+03	2.898068596123290486e-02
1.209000000000000000e+03	2.898928473795116950e-02
1.210000000000000000e+03	2.899789915442592056e-02
1.211000000000000000e+03	2.900652959542682902e-02
1.212000000000000000e+03	2.901517688963132016e-02
1.213000000000000000e+03	2.902384213380694231e-02
1.214000000000000000e+03	2.903252570323204204e-02
1.215000000000000000e+03	2.904122750933436220e-02
1.216000000000000000e+03	2.904994834013692809e-02
1.217000000000000000e+03	2.905868910929406898e-02
1.218000000000000000e+03	2.906745061984613437e-02
1.219000000000000000e+03	2.907623353865835397e-02
1.220000000000000000e+03	2.908503787797107193e-02
1.221000000000000000e+03	2.909386307386938389e-02
1.222000000000000000e+03	2.910270947121310070e-02
1.223000000000000000e+03	2.911157863441416610e-02
1.224000000000000000e+03	2.912047168215523008e-02
1.225000000000000000e+03	2.912938928753464052e-02
1.226000000000000000e+03	2.913833194208842112e-02
1.227000000000000000e+03	2.914729968400744942e-02
1.228000000000000000e+03	2.915629234453365887e-02
1.229000000000000000e+03	2.916530974413497276e-02
1.230000000000000000e+03	2.917435155748958689e-02
1.231000000000000000e+03	2.918341745610962545e-02
1.232000000000000000e+03	2.919250711264058731e-02
1.233000000000000000e+03	2.920162074891823750e-02
1.234000000000000000e+03	2.921075842799681840e-02
1.235000000000000000e+03	2.921992060118155238e-02
1.236000000000000000e+03	2.922910804799055615e-02
1.237000000000000000e+03	2.923832075652937207e-02
1.238000000000000000e+03	2.924755822306720349e-02
1.239000000000000000e+03	2.925681967996510841e-02
1.240000000000000000e+03	2.926610480354751784e-02
1.241000000000000000e+03	2.927541314907524533e-02
1.242000000000000000e+03	2.928474476019432213e-02
1.243000000000000000e+03	2.929409963149840965e-02
1.244000000000000000e+03	2.930347704780734627e-02
1.245000000000000000e+03	2.931287594215480422e-02
1.246000000000000000e+03	2.932229574349686646e-02
1.247000000000000000e+03	2.933173590843470707e-02
1.248000000000000000e+03	2.934119596520268908e-02
1.249000000000000000e+03	2.935067488471791372e-02
1.250000000000000000e+03	2.936017207442937968e-02
1.251000000000000000e+03	2.936968690261853102e-02
1.252000000000000000e+03	2.937921856659455114e-02
1.253000000000000000e+03	2.938876643442313308e-02
1.254000000000000000e+03	2.939832965106410276e-02
1.255000000000000000e+03	2.940790712974892737e-02
1.256000000000000000e+03	2.941749766133384958e-02
1.257000000000000000e+03	2.942710023645946082e-02
1.258000000000000000e+03	2.943671341332187996e-02
1.259000000000000000e+03	2.944633576578480072e-02
1.260000000000000000e+03	2.945596600723668010e-02
1.261000000000000000e+03	2.946560273075968586e-02
1.262000000000000000e+03	2.947524494089181699e-02
1.263000000000000000e+03	2.948489200313502562e-02
1.264000000000000000e+03	2.949454316046968075e-02
1.265000000000000000e+03	2.950419690531942002e-02
1.266000000000000000e+03	2.951385138940654934e-02
1.267000000000000000e+03	2.952350497596465534e-02
1.268000000000000000e+03	2.953315629849892140e-02
1.269000000000000000e+03	2.954280415337488808e-02
1.270000000000000000e+03	2.955244734573370460e-02
1.271000000000000000e+03	2.956208416563814098e-02
1.272000000000000000e+03	2.957171240967551573e-02
1.273000000000000000e+03	2.958133016360766157e-02
1.274000000000000000e+03	2.959093583871380204e-02
1.275000000000000000e+03	2.960052735590296830e-02
1.276000000000000000e+03	2.961010260420272530e-02
1.277000000000000000e+03	2.961966048383891936e-02
1.278000000000000000e+03	2.962919997731988317e-02
1.279000000000000000e+03	2.963871995581985469e-02
1.280000000000000000e+03	2.964821960971898013e-02
1.281000000000000000e+03	2.965769767836273427e-02
1.282000000000000000e+03	2.966715222611245387e-02
1.283000000000000000e+03	2.967658140294351238e-02
1.284000000000000000e+03	2.968598306043025020e-02
1.285000000000000000e+03	2.969535555086089476e-02
1.286000000000000000e+03	2.970469730655286161e-02
1.287000000000000000e+03	2.971400670804616798e-02
1.288000000000000000e+03	2.972328237695380862e-02
1.289000000000000000e+03	2.973252295883488730e-02
1.290000000000000000e+03	2.974172686764699897e-02
1.291000000000000000e+03	2.975089270259328664e-02
1.292000000000000000e+03	2.976001936446208418e-02
1.293000000000000000e+03	2.976910590908603965e-02
1.294000000000000000e+03	2.977815200377548557e-02
1.295000000000000000e+03	2.978715709368929057e-02
1.296000000000000000e+03	2.979612065490162484e-02
1.297000000000000000e+03	2.980504238485247662e-02
1.298000000000000000e+03	2.981392181224276627e-02
1.299000000000000000e+03	2.982275840651697763e-02
1.300000000000000000e+03	2.983155169178702132e-02
1.301000000000000000e+03	2.984030119202828180e-02
1.302000000000000000e+03	2.984900620408869124e-02
1.303000000000000000e+03	2.985766565079773366e-02
1.304000000000000000e+03	2.986627896438667079e-02
1.305000000000000000e+03	2.987484638430036588e-02
1.306000000000000000e+03	2.988336848132503928e-02
1.307000000000000000e+03	2.989184611699798044e-02
1.308000000000000000e+03	2.990028010846385725e-02
1.309000000000000000e+03	2.990867110301411932e-02
1.310000000000000000e+03	2.991701958064123257e-02
1.311000000000000000e+03	2.992532618665169966e-02
1.312000000000000000e+03	2.993359188375546015e-02
1.313000000000000000e+03	2.994181722874719384e-02
1.314000000000000000e+03	2.995000281283493465e-02
1.315000000000000000e+03	2.995814912636046018e-02
1.316000000000000000e+03	2.996625674142326320e-02
1.317000000000000000e+03	2.997432644225860726e-02
1.318000000000000000e+03	2.998235857106957419e-02
1.319000000000000000e+03	2.999035355041475628e-02
1.320000000000000000e+03	2.999831166390299481e-02
1.321000000000000000e+03	3.000623301131336018e-02
1.322000000000000000e+03	3.001411784865974305e-02
1.323000000000000000e+03	3.002196668911190358e-02
1.324000000000000000e+03	3.002978006900838825e-02
1.325000000000000000e+03	3.003755858576500487e-02
1.326000000000000000e+03	3.004530302162379540e-02
1.327000000000000000e+03	3.005301437514171919e-02
1.328000000000000000e+03	3.006069310612394588e-02
1.329000000000000000e+03	3.006834037144305583e-02
1.330000000000000000e+03	3.007595706898280249e-02
1.331000000000000000e+03	3.008354395825851846e-02
1.332000000000000000e+03	3.009110215237272706e-02
1.333000000000000000e+03	3.009863319898225045e-02
1.334000000000000000e+03	3.010613890737931508e-02
1.335000000000000000e+03	3.011362122312442879e-02
1.336000000000000000e+03	3.012108135805435447e-02
1.337000000000000000e+03	3.012852015513758919e-02
1.338000000000000000e+03	3.013593933087154939e-02
1.339000000000000000e+03	3.014334085505485095e-02
1.340000000000000000e+03	3.015072591197238971e-02
1.341000000000000000e+03	3.015809569355129560e-02
1.342000000000000000e+03	3.016545131677899130e-02
1.343000000000000000e+03	3.017279355930646209e-02
1.344000000000000000e+03	3.018012371138066238e-02
1.345000000000000000e+03	3.018744332526466026e-02
1.346000000000000000e+03	3.019475359906698478e-02
1.347000000000000000e+03	3.020205559361962069e-02
1.348000000000000000e+03	3.020935006075362028e-02
1.349000000000000000e+03	3.021663791565390098e-02
1.350000000000000000e+03	3.022391995317176561e-02
1.351000000000000000e+03	3.023119678357274673e-02
1.352000000000000000e+03	3.023846909135173913e-02
1.353000000000000000e+03	3.024573729015398935e-02
1.354000000000000000e+03	3.025300191254939874e-02
1.355000000000000000e+03	3.026026342756484369e-02
1.356000000000000000e+03	3.026752219807685163e-02
1.357000000000000000e+03	3.027477862121168151e-02
1.358000000000000000e+03	3.028203326668577750e-02
1.359000000000000000e+03	3.028928661747130185e-02
1.360000000000000000e+03	3.029653896234911839e-02
1.361000000000000000e+03	3.030379039306989319e-02
1.362000000000000000e+03	3.031104096043725493e-02
1.363000000000000000e+03	3.031829064712705801e-02
1.364000000000000000e+03	3.032553925146256116e-02
1.365000000000000000e+03	3.033278650321272196e-02
1.366000000000000000e+03	3.034003214648440735e-02
1.367000000000000000e+03	3.034727616443344891e-02
1.368000000000000000e+03	3.035451871937445631e-02
1.369000000000000000e+03	3.036176008108993837e-02
1.370000000000000000e+03	3.036900041673888315e-02
1.371000000000000000e+03	3.037623959550711170e-02
1.372000000000000000e+03	3.038347753882657265e-02
1.373000000000000000e+03	3.039071447769469900e-02
1.374000000000000000e+03	3.039795072927316266e-02
1.375000000000000000e+03	3.040518636489394563e-02
1.376000000000000000e+03	3.041242144542714854e-02
1.377000000000000000e+03	3.041965610598298606e-02
1.378000000000000000e+03	3.042689067449740742e-02
1.379000000000000000e+03	3.043412545555952003e-02
1.380000000000000000e+03	3.044136073643993051e-02
1.381000000000000000e+03	3.044859650117210520e-02
1.382000000000000000e+03	3.045583230716214854e-02
1.383000000000000000e+03	3.046306737444748683e-02
1.384000000000000000e+03	3.047030091964256573e-02
1.385000000000000000e+03	3.047753220465114835e-02
1.386000000000000000e+03	3.048476056147407520e-02
1.387000000000000000e+03	3.049198529832242155e-02
1.388000000000000000e+03	3.049920584282911698e-02
1.389000000000000000e+03	3.050642161879977415e-02
1.390000000000000000e+03	3.051363196786600895e-02
1.391000000000000000e+03	3.052083617625735157e-02
1.392000000000000000e+03	3.052803350108322655e-02
1.393000000000000000e+03	3.053522314315001290e-02
1.394000000000000000e+03	3.054240426883349929e-02
1.395000000000000000e+03	3.054957585878543408e-02
1.396000000000000000e+03	3.055673693886236386e-02
1.397000000000000000e+03	3.056388690358128116e-02
1.398000000000000000e+03	3.057102536599425047e-02
1.399000000000000000e+03	3.057815195079185977e-02
1.400000000000000000e+03	3.058526638729779437e-02
1.401000000000000000e+03	3.059236846969450377e-02
1.402000000000000000e+03	3.059945766013725393e-02
1.403000000000000000e+03	3.060653293453976034e-02
1.404000000000000000e+03	3.061359322200083929e-02
1.405000000000000000e+03	3.062063786621868275e-02
1.406000000000000000e+03	3.062766643235823733e-02
1.407000000000000000e+03	3.063467795507846675e-02
1.408000000000000000e+03	3.064167159329610549e-02
1.409000000000000000e+03	3.064864620748122478e-02
1.410000000000000000e+03	3.065560069763622122e-02
1.411000000000000000e+03	3.066253435887335982e-02
1.412000000000000000e+03	3.066944667360765181e-02
1.413000000000000000e+03	3.067633742649472639e-02
1.414000000000000000e+03	3.068320630570778307e-02
1.415000000000000000e+03	3.069005330300531020e-02
1.416000000000000000e+03	3.069687842495409311e-02
1.417000000000000000e+03	3.070368129366054383e-02
1.418000000000000000e+03	3.071046134099554570e-02
1.419000000000000000e+03	3.071721788696039901e-02
1.420000000000000000e+03	3.072395006142228380e-02
1.421000000000000000e+03	3.073065678334436363e-02
1.422000000000000000e+03	3.073733682554650667e-02
1.423000000000000000e+03	3.074398917594371033e-02
1.424000000000000000e+03	3.075061303801175996e-02
1.425000000000000000e+03	3.075720743233774715e-02
1.426000000000000000e+03	3.076377188791654810e-02
1.427000000000000000e+03	3.077030610500195926e-02
1.428000000000000000e+03	3.077680949178140252e-02
1.429000000000000000e+03	3.078328142431061010e-02
1.430000000000000000e+03	3.078972138855591220e-02
1.431000000000000000e+03	3.079612902229415458e-02
1.432000000000000000e+03	3.080250412700867579e-02
1.433000000000000000e+03	3.080884679731498224e-02
1.434000000000000000e+03	3.081515718484693217e-02
1.435000000000000000e+03	3.082143520651977817e-02
1.436000000000000000e+03	3.082768054516963827e-02
1.437000000000000000e+03	3.083389304014699100e-02
1.438000000000000000e+03	3.084007291461605266e-02
1.439000000000000000e+03	3.084622030313707852e-02
1.440000000000000000e+03	3.085233524999954000e-02
1.441000000000000000e+03	3.085841788841861555e-02
1.442000000000000000e+03	3.086446832113233160e-02
1.443000000000000000e+03	3.087048652118445924e-02
1.444000000000000000e+03	3.087647247160776182e-02
1.445000000000000000e+03	3.088242622158078252e-02
1.446000000000000000e+03	3.088834789099492023e-02
1.447000000000000000e+03	3.089423767824049302e-02
1.448000000000000000e+03	3.090009559416126081e-02
1.449000000000000000e+03	3.090592162941928345e-02
1.450000000000000000e+03	3.091171590318991455e-02
1.451000000000000000e+03	3.091747862940255262e-02
1.452000000000000000e+03	3.092321008976153460e-02
1.453000000000000000e+03	3.092891074292259193e-02
1.454000000000000000e+03	3.093458107600227311e-02
1.455000000000000000e+03	3.094022145821198957e-02
1.456000000000000000e+03	3.094583209751288616e-02
1.457000000000000000e+03	3.095141341852594360e-02
1.458000000000000000e+03	3.095696593852198183e-02
1.459000000000000000e+03	3.096249012878625473e-02
1.460000000000000000e+03	3.096798663290062717e-02
1.461000000000000000e+03	3.097345628056957095e-02
1.462000000000000000e+03	3.097890014349779370e-02
1.463000000000000000e+03	3.098431903864780346e-02
1.464000000000000000e+03	3.098971341432091298e-02
1.465000000000000000e+03	3.099508391208890407e-02
1.466000000000000000e+03	3.100043146766420787e-02
1.467000000000000000e+03	3.100575695274006977e-02
1.468000000000000000e+03	3.101106123653483981e-02
1.469000000000000000e+03	3.101634515962302385e-02
1.470000000000000000e+03	3.102160957312908099e-02
1.471000000000000000e+03	3.102685521997334064e-02
1.472000000000000000e+03	3.103208302301778757e-02
1.473000000000000000e+03	3.103729430351365517e-02
1.474000000000000000e+03	3.104249046327223205e-02
1.475000000000000000e+03	3.104767276927219988e-02
1.476000000000000000e+03	3.105284228454929449e-02
1.477000000000000000e+03	3.105799987095289594e-02
1.478000000000000000e+03	3.106314639825328780e-02
1.479000000000000000e+03	3.106828268997818138e-02
1.480000000000000000e+03	3.107340948472509662e-02
1.481000000000000000e+03	3.107852763242829192e-02
1.482000000000000000e+03	3.108363808566518699e-02
1.483000000000000000e+03	3.108874176339728942e-02
1.484000000000000000e+03	3.109383942694522729e-02
1.485000000000000000e+03	3.109893194059545896e-02
1.486000000000000000e+03	3.110402018827497853e-02
1.487000000000000000e+03	3.110910469983875840e-02
1.488000000000000000e+03	3.111418568267131785e-02
1.489000000000000000e+03	3.111926326784160424e-02
1.490000000000000000e+03	3.112433754017515999e-02
1.491000000000000000e+03	3.112940882070693721e-02
1.492000000000000000e+03	3.113447736448560210e-02
1.493000000000000000e+03	3.113954338291488252e-02
1.494000000000000000e+03	3.114460684198769314e-02
1.495000000000000000e+03	3.114966796463993631e-02
1.496000000000000000e+03	3.115472741675500562e-02
1.497000000000000000e+03	3.115978618454525936e-02
1.498000000000000000e+03	3.116484524482342547e-02
1.499000000000000000e+03	3.116990522616965367e-02
1.500000000000000000e+03	3.117496643142653526e-02
1.501000000000000000e+03	3.118002935269239065e-02
1.502000000000000000e+03	3.118509488684028177e-02
1.503000000000000000e+03	3.119016360004612382e-02
1.504000000000000000e+03	3.119523578338781813e-02
1.505000000000000000e+03	3.120031198971938771e-02
1.506000000000000000e+03	3.120539286601842210e-02
1.507000000000000000e+03	3.121047909643173343e-02
1.508000000000000000e+03	3.121557142549278782e-02
1.509000000000000000e+03	3.122067045865719800e-02
1.510000000000000000e+03	3.122577678989022637e-02
1.511000000000000000e+03	3.123089105360246989e-02
1.512000000000000000e+03	3.123601379202151779e-02
1.513000000000000000e+03	3.124114554883648809e-02
1.514000000000000000e+03	3.124628668692411640e-02
1.515000000000000000e+03	3.125143717683499106e-02
1.516000000000000000e+03	3.125659691542358176e-02
1.517000000000000000e+03	3.126176619760329817e-02
1.518000000000000000e+03	3.126694554571089746e-02
1.519000000000000000e+03	3.127213536338125516e-02
1.520000000000000000e+03	3.127733591310730837e-02
1.521000000000000000e+03	3.128254746784407681e-02
1.522000000000000000e+03	3.128776984088964264e-02
1.523000000000000000e+03	3.129300292958690777e-02
1.524000000000000000e+03	3.129824657529250986e-02
1.525000000000000000e+03	3.130350047284883447e-02
1.526000000000000000e+03	3.130876438544470675e-02
1.527000000000000000e+03	3.131403827021456837e-02
1.528000000000000000e+03	3.131932206251404616e-02
1.529000000000000000e+03	3.132461584918509040e-02
1.530000000000000000e+03	3.132991976344480511e-02
1.531000000000000000e+03	3.133523380922000751e-02
1.532000000000000000e+03	3.134055800270817149e-02
1.533000000000000000e+03	3.134589240706132929e-02
1.534000000000000000e+03	3.135123704275963319e-02
1.535000000000000000e+03	3.135659173886899687e-02
1.536000000000000000e+03	3.136195612598678684e-02
1.537000000000000000e+03	3.136732979003936661e-02
1.538000000000000000e+03	3.137271235930055857e-02
1.539000000000000000e+03	3.137810333357087672e-02
1.540000000000000000e+03	3.138350186628864613e-02
1.541000000000000000e+03	3.138890698718480726e-02
1.542000000000000000e+03	3.139431823184123116e-02
1.543000000000000000e+03	3.139973548442605983e-02
1.544000000000000000e+03	3.140515866264229072e-02
1.545000000000000000e+03	3.141058774899661149e-02
1.546000000000000000e+03	3.141602285418042262e-02
1.547000000000000000e+03	3.142146396003340364e-02
1.548000000000000000e+03	3.142691071400665476e-02
1.549000000000000000e+03	3.143236247895272312e-02
1.550000000000000000e+03	3.143781863605524252e-02
1.551000000000000000e+03	3.144327842586925464e-02
1.552000000000000000e+03	3.144874112851614445e-02
1.553000000000000000e+03	3.145420606241712547e-02
1.554000000000000000e+03	3.145967233657216700e-02
1.555000000000000000e+03	3.146513920109979962e-02
1.556000000000000000e+03	3.147060615361120528e-02
1.557000000000000000e+03	3.147607228286653652e-02
1.558000000000000000e+03	3.148153716313471101e-02
1.559000000000000000e+03	3.148700043381316011e-02
1.560000000000000000e+03	3.149246152080144995e-02
1.561000000000000000e+03	3.149791975584893822e-02
1.562000000000000000e+03	3.150337478137338332e-02
1.563000000000000000e+03	3.150882633494855867e-02
1.564000000000000000e+03	3.151427410382605376e-02
1.565000000000000000e+03	3.151971792029866631e-02
1.566000000000000000e+03	3.152515743691166467e-02
1.567000000000000000e+03	3.153059237174986318e-02
1.568000000000000000e+03	3.153602230304185933e-02
1.569000000000000000e+03	3.154144678911369182e-02
1.570000000000000000e+03	3.154686565310423074e-02
1.571000000000000000e+03	3.155227859521397143e-02
1.572000000000000000e+03	3.155768526434438170e-02
1.573000000000000000e+03	3.156308538591609536e-02
1.574000000000000000e+03	3.156847868919698125e-02
1.575000000000000000e+03	3.157386470026075226e-02
1.576000000000000000e+03	3.157924295239036838e-02
1.577000000000000000e+03	3.158461283413414866e-02
1.578000000000000000e+03	3.158997373851327867e-02
1.579000000000000000e+03	3.159532514859048069e-02
1.580000000000000000e+03	3.160066670057595090e-02
1.581000000000000000e+03	3.160599812381827828e-02
1.582000000000000000e+03	3.161131900984626153e-02
1.583000000000000000e+03	3.161662884423610542e-02
1.584000000000000000e+03	3.162192705735846626e-02
1.585000000000000000e+03	3.162721304451301257e-02
1.586000000000000000e+03	3.163248634482678651e-02
1.587000000000000000e+03	3.163774683397507781e-02
1.588000000000000000e+03	3.164299449731063779e-02
1.589000000000000000e+03	3.164822875853630368e-02
1.590000000000000000e+03	3.165344860491681872e-02
1.591000000000000000e+03	3.165865345573049688e-02
1.592000000000000000e+03	3.166384306206473237e-02
1.593000000000000000e+03	3.166901749635126634e-02
1.594000000000000000e+03	3.167417674290586710e-02
1.595000000000000000e+03	3.167932051664706233e-02
1.596000000000000000e+03	3.168444876575188945e-02
1.597000000000000000e+03	3.168956194787183461e-02
1.598000000000000000e+03	3.169465994363090955e-02
1.599000000000000000e+03	3.169974192570657739e-02
1.600000000000000000e+03	3.170480697551068816e-02
1.601000000000000000e+03	3.170985498847369438e-02
1.602000000000000000e+03	3.171488602852928079e-02
1.603000000000000000e+03	3.171989994719812828e-02
1.604000000000000000e+03	3.172489638370995513e-02
1.605000000000000000e+03	3.172987471114601526e-02
1.606000000000000000e+03	3.173483447262463730e-02
1.607000000000000000e+03	3.173977540572109346e-02
1.608000000000000000e+03	3.174469701942350675e-02
1.609000000000000000e+03	3.174959864376009078e-02
1.610000000000000000e+03	3.175447986188541238e-02
1.611000000000000000e+03	3.175934054463012274e-02
1.612000000000000000e+03	3.176418044564070092e-02
1.613000000000000000e+03	3.176899961448063914e-02
1.614000000000000000e+03	3.177379833074241156e-02
1.615000000000000000e+03	3.177857723384992089e-02
1.616000000000000000e+03	3.178333666356530918e-02
1.617000000000000000e+03	3.178807646261024716e-02
1.618000000000000000e+03	3.179279649918725220e-02
1.619000000000000000e+03	3.179749671502865582e-02
1.620000000000000000e+03	3.180217742529359987e-02
1.621000000000000000e+03	3.180683903699550730e-02
1.622000000000000000e+03	3.181148167621819511e-02
1.623000000000000000e+03	3.181610518132847037e-02
1.624000000000000000e+03	3.182070928664979675e-02
1.625000000000000000e+03	3.182529371345761693e-02
1.626000000000000000e+03	3.182985853150226835e-02
1.627000000000000000e+03	3.183440419093819251e-02
1.628000000000000000e+03	3.183893126167055415e-02
1.629000000000000000e+03	3.184344022365130644e-02
1.630000000000000000e+03	3.184793110285411705e-02
1.631000000000000000e+03	3.185240404565387734e-02
1.632000000000000000e+03	3.185685907400456068e-02
1.633000000000000000e+03	3.186129634642269337e-02
1.634000000000000000e+03	3.186571613045816043e-02
1.635000000000000000e+03	3.187011818085212778e-02
1.636000000000000000e+03	3.187450259868527397e-02
1.637000000000000000e+03	3.187886965383269350e-02
1.638000000000000000e+03	3.188321941370657331e-02
1.639000000000000000e+03	3.188755182225019164e-02
1.640000000000000000e+03	3.189186685809661248e-02
1.641000000000000000e+03	3.189616480803709325e-02
1.642000000000000000e+03	3.190044609311611795e-02
1.643000000000000000e+03	3.190471116764520554e-02
1.644000000000000000e+03	3.190896025587363488e-02
1.645000000000000000e+03	3.191319358817521629e-02
1.646000000000000000e+03	3.191741132049524116e-02
1.647000000000000000e+03	3.192161360928154334e-02
1.648000000000000000e+03	3.192580036464733734e-02
1.649000000000000000e+03	3.192997175305031798e-02
1.650000000000000000e+03	3.193412807351171667e-02
1.651000000000000000e+03	3.193826956787573085e-02
1.652000000000000000e+03	3.194239615261158100e-02
1.653000000000000000e+03	3.194650764420566003e-02
1.654000000000000000e+03	3.195060409513632294e-02
1.655000000000000000e+03	3.195468588165370494e-02
1.656000000000000000e+03	3.195875336948758583e-02
1.657000000000000000e+03	3.196280659165898208e-02
1.658000000000000000e+03	3.196684549105201917e-02
1.659000000000000000e+03	3.197087022173830673e-02
1.660000000000000000e+03	3.197488081879373834e-02
1.661000000000000000e+03	3.197887752406105427e-02
1.662000000000000000e+03	3.198286084331061069e-02
1.663000000000000000e+03	3.198683103285078488e-02
1.664000000000000000e+03	3.199078819294586679e-02
1.665000000000000000e+03	3.199473250868844348e-02
1.666000000000000000e+03	3.199866406506976513e-02
1.667000000000000000e+03	3.200258299183354055e-02
1.668000000000000000e+03	3.200648919716998775e-02
1.669000000000000000e+03	3.201038246421921557e-02
1.670000000000000000e+03	3.201426306953168710e-02
1.671000000000000000e+03	3.201813125424890494e-02
1.672000000000000000e+03	3.202198695837015635e-02
1.673000000000000000e+03	3.202583016352399808e-02
1.674000000000000000e+03	3.202966115110258277e-02
1.675000000000000000e+03	3.203348024101028424e-02
1.676000000000000000e+03	3.203728760981781887e-02
1.677000000000000000e+03	3.204108316552793656e-02
1.678000000000000000e+03	3.204486669022281464e-02
1.679000000000000000e+03	3.204863823578819881e-02
1.680000000000000000e+03	3.205239839695100262e-02
1.681000000000000000e+03	3.205614765110460090e-02
1.682000000000000000e+03	3.205988625866944275e-02
1.683000000000000000e+03	3.206361445312644332e-02
1.684000000000000000e+03	3.206733242211030899e-02
1.685000000000000000e+03	3.207104011402726884e-02
1.686000000000000000e+03	3.207473707679701219e-02
1.687000000000000000e+03	3.207842290571365218e-02
1.688000000000000000e+03	3.208209739735664451e-02
1.689000000000000000e+03	3.208576050592570894e-02
1.690000000000000000e+03	3.208941192659733183e-02
1.691000000000000000e+03	3.209305139659281852e-02
1.692000000000000000e+03	3.209667875692310407e-02
1.693000000000000000e+03	3.210029393920677682e-02
1.694000000000000000e+03	3.210389725122096694e-02
1.695000000000000000e+03	3.210748892604070592e-02
1.696000000000000000e+03	3.211106874141807233e-02
1.697000000000000000e+03	3.211463676261473027e-02
1.698000000000000000e+03	3.211819311068342397e-02
1.699000000000000000e+03	3.212173767430163973e-02
1.700000000000000000e+03	3.212527014426853206e-02
1.701000000000000000e+03	3.212879045070760747e-02
1.702000000000000000e+03	3.213229843934765906e-02
1.703000000000000000e+03	3.213579364838827640e-02
1.704000000000000000e+03	3.213927545566770683e-02
1.705000000000000000e+03	3.214274341158338683e-02
1.706000000000000000e+03	3.214619733199695906e-02
1.707000000000000000e+03	3.214963687902382128e-02
1.708000000000000000e+03	3.215306181280490339e-02
1.709000000000000000e+03	3.215647246362342282e-02
1.710000000000000000e+03	3.215986928926061611e-02
1.711000000000000000e+03	3.216325251993966405e-02
1.712000000000000000e+03	3.216662211021737577e-02
1.713000000000000000e+03	3.216997815448397607e-02
1.714000000000000000e+03	3.217332091827062451e-02
1.715000000000000000e+03	3.217665032576421530e-02
1.716000000000000000e+03	3.217996611039648097e-02
1.717000000000000000e+03	3.218326785177295923e-02
1.718000000000000000e+03	3.218655492020956743e-02
1.719000000000000000e+03	3.218982685376483438e-02
1.720000000000000000e+03	3.219308317833703692e-02
1.721000000000000000e+03	3.219632360077264582e-02
1.722000000000000000e+03	3.219954810392219868e-02
1.723000000000000000e+03	3.220275680967946141e-02
1.724000000000000000e+03	3.220594991212694103e-02
1.725000000000000000e+03	3.220912757916808561e-02
1.726000000000000000e+03	3.221228995177582294e-02
1.727000000000000000e+03	3.221543712053281244e-02
1.728000000000000000e+03	3.221856920501302984e-02
1.729000000000000000e+03	3.222168619471542372e-02
1.730000000000000000e+03	3.222478810185497311e-02
1.731000000000000000e+03	3.222787506532694829e-02
1.732000000000000000e+03	3.223094713824794372e-02
1.733000000000000000e+03	3.223400430515678539e-02
1.734000000000000000e+03	3.223704656823587339e-02
1.735000000000000000e+03	3.224007381660199539e-02
1.736000000000000000e+03	3.224308569292399368e-02
1.737000000000000000e+03	3.224608188457857294e-02
1.738000000000000000e+03	3.224906227757225186e-02
1.739000000000000000e+03	3.225202677028417286e-02
1.740000000000000000e+03	3.225497530114578015e-02
1.741000000000000000e+03	3.225790767868880887e-02
1.742000000000000000e+03	3.226082369040891851e-02
1.743000000000000000e+03	3.226372315762997267e-02
1.744000000000000000e+03	3.226660556928478973e-02
1.745000000000000000e+03	3.226947073229292917e-02
1.746000000000000000e+03	3.227231888217995531e-02
1.747000000000000000e+03	3.227515040291490528e-02
1.748000000000000000e+03	3.227796583481070541e-02
1.749000000000000000e+03	3.228076557409663427e-02
1.750000000000000000e+03	3.228355009826604227e-02
1.751000000000000000e+03	3.228631973195138227e-02
1.752000000000000000e+03	3.228907465673162142e-02
1.753000000000000000e+03	3.229181497544108409e-02
1.754000000000000000e+03	3.229454078419764784e-02
1.755000000000000000e+03	3.229725231257759427e-02
1.756000000000000000e+03	3.229994982819285598e-02
1.757000000000000000e+03	3.230263327080203084e-02
1.758000000000000000e+03	3.230530219144065601e-02
1.759000000000000000e+03	3.230795631588795347e-02
1.760000000000000000e+03	3.231059584839655191e-02
1.761000000000000000e+03	3.231322091460955143e-02
1.762000000000000000e+03	3.231583154519868800e-02
1.763000000000000000e+03	3.231842767408822648e-02
1.764000000000000000e+03	3.232100917823087227e-02
1.765000000000000000e+03	3.232357592267056517e-02
1.766000000000000000e+03	3.232612783989669003e-02
1.767000000000000000e+03	3.232866511804452503e-02
1.768000000000000000e+03	3.233118781772455208e-02
1.769000000000000000e+03	3.233369631566438557e-02
1.770000000000000000e+03	3.233619092105871617e-02
1.771000000000000000e+03	3.233867161910997101e-02
1.772000000000000000e+03	3.234113831338714107e-02
1.773000000000000000e+03	3.234359119305572905e-02
1.774000000000000000e+03	3.234603064428857172e-02
1.775000000000000000e+03	3.234845726591081133e-02
1.776000000000000000e+03	3.235087137270389185e-02
1.777000000000000000e+03	3.235327285239485845e-02
1.778000000000000000e+03	3.235566179006321708e-02
1.779000000000000000e+03	3.235803849265488086e-02
1.780000000000000000e+03	3.236040297523636033e-02
1.781000000000000000e+03	3.236275518244170063e-02
1.782000000000000000e+03	3.236509484928481312e-02
1.783000000000000000e+03	3.236742166639840906e-02
1.784000000000000000e+03	3.236973546937577800e-02
1.785000000000000000e+03	3.237203604980103816e-02
1.786000000000000000e+03	3.237432342182613998e-02
1.787000000000000000e+03	3.237659810609195415e-02
1.788000000000000000e+03	3.237886070805645611e-02
1.789000000000000000e+03	3.238111186910309913e-02
1.790000000000000000e+03	3.238335193624547470e-02
1.791000000000000000e+03	3.238558095150234628e-02
1.792000000000000000e+03	3.238779893610017196e-02
1.793000000000000000e+03	3.239000598061184122e-02
1.794000000000000000e+03	3.239220202675763272e-02
1.795000000000000000e+03	3.239438711488280831e-02
1.796000000000000000e+03	3.239656136167081563e-02
1.797000000000000000e+03	3.239872496871400859e-02
1.798000000000000000e+03	3.240087821512177557e-02
1.799000000000000000e+03	3.240302112012417163e-02
1.800000000000000000e+03	3.240515371298444136e-02
1.801000000000000000e+03	3.240727623309287014e-02
1.802000000000000000e+03	3.240938907456116652e-02
1.803000000000000000e+03	3.241149291172721464e-02
1.804000000000000000e+03	3.241358837781348895e-02
1.805000000000000000e+03	3.241567555055110961e-02
1.806000000000000000e+03	3.241775448522146025e-02
1.807000000000000000e+03	3.241982527954566373e-02
1.808000000000000000e+03	3.242188802376777534e-02
1.809000000000000000e+03	3.242394290137268209e-02
1.810000000000000000e+03	3.242598994285111891e-02
1.811000000000000000e+03	3.242802932185031434e-02
1.812000000000000000e+03	3.243006121917148266e-02
1.813000000000000000e+03	3.243208592919708672e-02
1.814000000000000000e+03	3.243410373588083428e-02
1.815000000000000000e+03	3.243611490347626108e-02
1.816000000000000000e+03	3.243811954746789877e-02
1.817000000000000000e+03	3.244011752820612909e-02
1.818000000000000000e+03	3.244210870356815241e-02
1.819000000000000000e+03	3.244409302105677462e-02
1.820000000000000000e+03	3.244607043358892912e-02
1.821000000000000000e+03	3.244804113769065440e-02
1.822000000000000000e+03	3.245000531002296268e-02
1.823000000000000000e+03	3.245196279875847689e-02
1.824000000000000000e+03	3.245391346623548168e-02
1.825000000000000000e+03	3.245585737514123520e-02
1.826000000000000000e+03	3.245779434487008897e-02
1.827000000000000000e+03	3.245972397003724780e-02
1.828000000000000000e+03	3.246164595824197613e-02
1.829000000000000000e+03	3.246356010183701346e-02
1.830000000000000000e+03	3.246546633267303333e-02
1.831000000000000000e+03	3.246736444835484486e-02
1.832000000000000000e+03	3.246925384192574787e-02
1.833000000000000000e+03	3.247113356826451802e-02
1.834000000000000000e+03	3.247300278668647372e-02
1.835000000000000000e+03	3.247486071268289309e-02
1.836000000000000000e+03	3.247670662956170240e-02
1.837000000000000000e+03	3.247853983381484427e-02
1.838000000000000000e+03	3.248035997548981424e-02
1.839000000000000000e+03	3.248216669334846873e-02
1.840000000000000000e+03	3.248395944574142963e-02
1.841000000000000000e+03	3.248573777419661024e-02
1.842000000000000000e+03	3.248750154883049690e-02
1.843000000000000000e+03	3.248925046711025055e-02
1.844000000000000000e+03	3.249098445381396610e-02
1.845000000000000000e+03	3.249270360969120502e-02
1.846000000000000000e+03	3.249440786193097397e-02
1.847000000000000000e+03	3.249609733379260623e-02
1.848000000000000000e+03	3.249777190588898357e-02
1.849000000000000000e+03	3.249943128439156809e-02
1.850000000000000000e+03	3.250107526532206026e-02
1.851000000000000000e+03	3.250270383232871374e-02
1.852000000000000000e+03	3.250431689779634953e-02
1.853000000000000000e+03	3.250591389781270352e-02
1.854000000000000000e+03	3.250749421436937431e-02
1.855000000000000000e+03	3.250905769506693549e-02
1.856000000000000000e+03	3.251060422182404375e-02
1.857000000000000000e+03	3.251213371870736307e-02
1.858000000000000000e+03	3.251364617486625364e-02
1.859000000000000000e+03	3.251514135052902682e-02
1.860000000000000000e+03	3.251661902174642765e-02
1.861000000000000000e+03	3.251807912733984535e-02
1.862000000000000000e+03	3.251952145258219656e-02
1.863000000000000000e+03	3.252094558295427762e-02
1.864000000000000000e+03	3.252235136508133118e-02
1.865000000000000000e+03	3.252373892951126999e-02
1.866000000000000000e+03	3.252510840179900775e-02
1.867000000000000000e+03	3.252645955299739156e-02
1.868000000000000000e+03	3.252779208425199409e-02
1.869000000000000000e+03	3.252910575496222728e-02
1.870000000000000000e+03	3.253040062066316768e-02
1.871000000000000000e+03	3.253167653151932404e-02
1.872000000000000000e+03	3.253293326071740599e-02
1.873000000000000000e+03	3.253417090021901853e-02
1.874000000000000000e+03	3.253538959024389332e-02
1.875000000000000000e+03	3.253658932874491094e-02
1.876000000000000000e+03	3.253777026426266789e-02
1.877000000000000000e+03	3.253893276615299479e-02
1.878000000000000000e+03	3.254007735056582695e-02
1.879000000000000000e+03	3.254120462221472138e-02
1.880000000000000000e+03	3.254231499079995177e-02
1.881000000000000000e+03	3.254340857907475626e-02
1.882000000000000000e+03	3.254448537595504287e-02
1.883000000000000000e+03	3.254554565945647071e-02
1.884000000000000000e+03	3.254658991120693012e-02
1.885000000000000000e+03	3.254761872973076231e-02
1.886000000000000000e+03	3.254863283900632370e-02
1.887000000000000000e+03	3.254963289632137324e-02
1.888000000000000000e+03	3.255061944305218807e-02
1.889000000000000000e+03	3.255159284535819736e-02
1.890000000000000000e+03	3.255255323777057203e-02
1.891000000000000000e+03	3.255350075668875243e-02
1.892000000000000000e+03	3.255443552376866695e-02
1.893000000000000000e+03	3.255535759959597708e-02
1.894000000000000000e+03	3.255626716094391082e-02
1.895000000000000000e+03	3.255716446681643228e-02
1.896000000000000000e+03	3.255804982827352478e-02
1.897000000000000000e+03	3.255892409511280255e-02
1.898000000000000000e+03	3.255978815232483947e-02
1.899000000000000000e+03	3.256064273206286247e-02
1.900000000000000000e+03	3.256148857583653772e-02
1.901000000000000000e+03	3.256232618590578637e-02
1.902000000000000000e+03	3.256315599887368156e-02
1.903000000000000000e+03	3.256397842741752535e-02
1.904000000000000000e+03	3.256479366629298766e-02
1.905000000000000000e+03	3.256560212719664116e-02
1.906000000000000000e+03	3.256640470313718755e-02
1.907000000000000000e+03	3.256720211227748935e-02
1.908000000000000000e+03	3.256799507512551234e-02
1.909000000000000000e+03	3.256878438635723433e-02
1.910000000000000000e+03	3.256957077069357748e-02
1.911000000000000000e+03	3.257035511657285776e-02
1.912000000000000000e+03	3.257113848269883177e-02
1.913000000000000000e+03	3.257192192296093358e-02
1.914000000000000000e+03	3.257270645683956606e-02
1.915000000000000000e+03	3.257349272692127568e-02
1.916000000000000000e+03	3.257428123656467417e-02
1.917000000000000000e+03	3.257507245081754654e-02
1.918000000000000000e+03	3.257586669313099897e-02
1.919000000000000000e+03	3.257666420617494341e-02
1.920000000000000000e+03	3.257746550432746163e-02
1.921000000000000000e+03	3.257827146281799813e-02
1.922000000000000000e+03	3.257908292569006853e-02
1.923000000000000000e+03	3.257990063636938965e-02
1.924000000000000000e+03	3.258072538018772640e-02
1.925000000000000000e+03	3.258155798991955315e-02
1.926000000000000000e+03	3.258239934101182095e-02
1.927000000000000000e+03	3.258325004247215884e-02
1.928000000000000000e+03	3.258411093635869837e-02
1.929000000000000000e+03	3.258498320418493771e-02
1.930000000000000000e+03	3.258586760550327699e-02
1.931000000000000000e+03	3.258676445490969742e-02
1.932000000000000000e+03	3.258767401291468024e-02
1.933000000000000000e+03	3.258859666065615224e-02
1.934000000000000000e+03	3.258953309919894459e-02
1.935000000000000000e+03	3.259048411096946568e-02
1.936000000000000000e+03	3.259145038434874825e-02
1.937000000000000000e+03	3.259243247551786571e-02
1.938000000000000000e+03	3.259343100615432615e-02
1.939000000000000000e+03	3.259444643615098947e-02
1.940000000000000000e+03	3.259547867544242139e-02
1.941000000000000000e+03	3.259652744421780851e-02
1.942000000000000000e+03	3.259759257749260397e-02
1.943000000000000000e+03	3.259867401330716896e-02
1.944000000000000000e+03	3.259977189933716685e-02
1.945000000000000000e+03	3.260088626471388529e-02
1.946000000000000000e+03	3.260201702163182530e-02
1.947000000000000000e+03	3.260316423455054263e-02
1.948000000000000000e+03	3.260432809577604174e-02
1.949000000000000000e+03	3.260550890293071463e-02
1.950000000000000000e+03	3.260670706233456673e-02
1.951000000000000000e+03	3.260792301605849874e-02
1.952000000000000000e+03	3.260915701176392290e-02
1.953000000000000000e+03	3.261040921503577383e-02
1.954000000000000000e+03	3.261167989547289481e-02
1.955000000000000000e+03	3.261296911424989980e-02
1.956000000000000000e+03	3.261427691307975524e-02
1.957000000000000000e+03	3.261560338391353286e-02
1.958000000000000000e+03	3.261694852625700303e-02
1.959000000000000000e+03	3.261831215858506522e-02
1.960000000000000000e+03	3.261969386656515119e-02
1.961000000000000000e+03	3.262109308555312392e-02
1.962000000000000000e+03	3.262250946407609098e-02
1.963000000000000000e+03	3.262394268759092469e-02
1.964000000000000000e+03	3.262539260941944852e-02
1.965000000000000000e+03	3.262685945726898074e-02
1.966000000000000000e+03	3.262834332610901888e-02
1.967000000000000000e+03	3.262984385408095045e-02
1.968000000000000000e+03	3.263136051955061595e-02
1.969000000000000000e+03	3.263289303661551233e-02
1.970000000000000000e+03	3.263444119810382515e-02
1.971000000000000000e+03	3.263600460764769923e-02
1.972000000000000000e+03	3.263758283120749004e-02
1.973000000000000000e+03	3.263917550238586845e-02
1.974000000000000000e+03	3.264078217400080001e-02
1.975000000000000000e+03	3.264240249531605298e-02
1.976000000000000000e+03	3.264403618638508225e-02
1.977000000000000000e+03	3.264568310296619980e-02
1.978000000000000000e+03	3.264734326154111743e-02
1.979000000000000000e+03	3.264901668604935220e-02
1.980000000000000000e+03	3.265070327067632477e-02
1.981000000000000000e+03	3.265240291132995298e-02
1.982000000000000000e+03	3.265411530325556394e-02
1.983000000000000000e+03	3.265583989660703068e-02
1.984000000000000000e+03	3.265757640374065268e-02
1.985000000000000000e+03	3.265932470816775013e-02
1.986000000000000000e+03	3.266108472797778217e-02
1.987000000000000000e+03	3.266285630118653804e-02
1.988000000000000000e+03	3.266463896204302442e-02
1.989000000000000000e+03	3.266643224112915356e-02
1.990000000000000000e+03	3.266823566357369979e-02
1.991000000000000000e+03	3.267004896991665408e-02
1.992000000000000000e+03	3.267187193500203923e-02
1.993000000000000000e+03	3.267370442034725486e-02
1.994000000000000000e+03	3.267554629503263697e-02
1.995000000000000000e+03	3.267739716415483248e-02
1.996000000000000000e+03	3.267925632483872911e-02
1.997000000000000000e+03	3.268112330321053943e-02
1.998000000000000000e+03	3.268299753612746716e-02
1.999000000000000000e+03	3.268487835549219178e-02
2.000000000000000000e+03	3.268676506558854111e-02
2.001000000000000000e+03	3.268865709744818437e-02
2.002000000000000000e+03	3.269055370919094622e-02
2.003000000000000000e+03	3.269245429249447582e-02
2.004000000000000000e+03	3.269435846354059455e-02
2.005000000000000000e+03	3.269626581893286116e-02
2.006000000000000000e+03	3.269817586671081716e-02
2.007000000000000000e+03	3.270008811564057566e-02
2.008000000000000000e+03	3.270200205610786226e-02
2.009000000000000000e+03	3.270391717775881363e-02
2.010000000000000000e+03	3.270583310020254431e-02
2.011000000000000000e+03	3.270774922218019909e-02
2.012000000000000000e+03	3.270966506723799877e-02
2.013000000000000000e+03	3.271158008019043467e-02
2.014000000000000000e+03	3.271349360526765865e-02
2.015000000000000000e+03	3.271540512298282827e-02
2.016000000000000000e+03	3.271731397019565085e-02
2.017000000000000000e+03	3.271921947696543320e-02
2.018000000000000000e+03	3.272112122723364047e-02
2.019000000000000000e+03	3.272301885460290882e-02
2.020000000000000000e+03	3.272491218804354091e-02
2.021000000000000000e+03	3.272680166093865084e-02
2.022000000000000000e+03	3.272868762594571823e-02
2.023000000000000000e+03	3.273057014551727234e-02
2.024000000000000000e+03	3.273244923779254634e-02
2.025000000000000000e+03	3.273432522815782758e-02
2.026000000000000000e+03	3.273619821319040391e-02
2.027000000000000000e+03	3.273806776450678691e-02
2.028000000000000000e+03	3.273993344151798768e-02
2.029000000000000000e+03	3.274179505006785673e-02
2.030000000000000000e+03	3.274365245225393378e-02
2.031000000000000000e+03	3.274550555573036564e-02
2.032000000000000000e+03	3.274735421001225000e-02
2.033000000000000000e+03	3.274919825400849499e-02
2.034000000000000000e+03	3.275103740563883870e-02
2.035000000000000000e+03	3.275287144015236185e-02
2.036000000000000000e+03	3.275470018475219042e-02
2.037000000000000000e+03	3.275652350188128226e-02
2.038000000000000000e+03	3.275834148927441597e-02
2.039000000000000000e+03	3.276015408862063133e-02
2.040000000000000000e+03	3.276196118309923633e-02
2.041000000000000000e+03	3.276376282449895011e-02
2.042000000000000000e+03	3.276555902158618389e-02
2.043000000000000000e+03	3.276734970186966078e-02
2.044000000000000000e+03	3.276913479217116038e-02
2.045000000000000000e+03	3.277091434447032547e-02
2.046000000000000000e+03	3.277268837298202148e-02
2.047000000000000000e+03	3.277445703751431100e-02
2.048000000000000000e+03	3.277622054755263692e-02
2.049000000000000000e+03	3.277797903870750817e-02
2.050000000000000000e+03	3.277973262279255257e-02
2.051000000000000000e+03	3.278148118180699427e-02
2.052000000000000000e+03	3.278322454023881866e-02
2.053000000000000000e+03	3.278496266612331012e-02
2.054000000000000000e+03	3.278669531883940391e-02
2.055000000000000000e+03	3.278842203838299579e-02
2.056000000000000000e+03	3.279014237334493959e-02
2.057000000000000000e+03	3.279185610795689459e-02
2.058000000000000000e+03	3.279356322369821053e-02
2.059000000000000000e+03	3.279526362697768316e-02
2.060000000000000000e+03	3.279695723798740220e-02
2.061000000000000000e+03	3.279864406199003990e-02
2.062000000000000000e+03	3.280032408465453214e-02
2.063000000000000000e+03	3.280199722869538148e-02
2.064000000000000000e+03	3.280366335443851700e-02
2.065000000000000000e+03	3.280532237749856500e-02
2.066000000000000000e+03	3.280697431948827181e-02
2.067000000000000000e+03	3.280861904883295571e-02
2.068000000000000000e+03	3.281025648661634042e-02
2.069000000000000000e+03	3.281188645074775007e-02
2.070000000000000000e+03	3.281350855433765729e-02
2.071000000000000000e+03	3.281512241125376927e-02
2.072000000000000000e+03	3.281672774056589720e-02
2.073000000000000000e+03	3.281832432096209312e-02
2.074000000000000000e+03	3.281991192253728984e-02
2.075000000000000000e+03	3.282149037649848000e-02
2.076000000000000000e+03	3.282305954181713448e-02
2.077000000000000000e+03	3.282461935552644094e-02
2.078000000000000000e+03	3.282616995286960493e-02
2.079000000000000000e+03	3.282771152556065997e-02
2.080000000000000000e+03	3.282924428819465612e-02
2.081000000000000000e+03	3.283076824124083609e-02
2.082000000000000000e+03	3.283228315245684953e-02
2.083000000000000000e+03	3.283378882262664999e-02
2.084000000000000000e+03	3.283528524031884693e-02
2.085000000000000000e+03	3.283677233427004238e-02
2.086000000000000000e+03	3.283824976348943131e-02
2.087000000000000000e+03	3.283971700383583880e-02
2.088000000000000000e+03	3.284117381263471080e-02
2.089000000000000000e+03	3.284262016733573153e-02
2.090000000000000000e+03	3.284405626069925033e-02
2.091000000000000000e+03	3.284548223403415540e-02
2.092000000000000000e+03	3.284689796726552452e-02
2.093000000000000000e+03	3.284830319072937210e-02
2.094000000000000000e+03	3.284969764923596769e-02
2.095000000000000000e+03	3.285108107653472720e-02
2.096000000000000000e+03	3.285245318400945025e-02
2.097000000000000000e+03	3.285381363755316558e-02
2.098000000000000000e+03	3.285516221556497585e-02
2.099000000000000000e+03	3.285649872715219744e-02
2.100000000000000000e+03	3.285782286131718605e-02
2.101000000000000000e+03	3.285913441396302176e-02
2.102000000000000000e+03	3.286043351169599253e-02
2.103000000000000000e+03	3.286172036880040392e-02
2.104000000000000000e+03	3.286299513417302587e-02
2.105000000000000000e+03	3.286425794693469127e-02
2.106000000000000000e+03	3.286550895372966630e-02
2.107000000000000000e+03	3.286674803424671082e-02
2.108000000000000000e+03	3.286797494844608675e-02
2.109000000000000000e+03	3.286918948085891523e-02
2.110000000000000000e+03	3.287039150775062507e-02
2.111000000000000000e+03	3.287158078495794333e-02
2.112000000000000000e+03	3.287275690792434285e-02
2.113000000000000000e+03	3.287391973667750517e-02
2.114000000000000000e+03	3.287506923066507714e-02
2.115000000000000000e+03	3.287620504982380343e-02
2.116000000000000000e+03	3.287732723582752897e-02
2.117000000000000000e+03	3.287843598818566970e-02
2.118000000000000000e+03	3.287953136428097001e-02
2.119000000000000000e+03	3.288061354890960131e-02
2.120000000000000000e+03	3.288168274138681541e-02
2.121000000000000000e+03	3.288273884694281612e-02
2.122000000000000000e+03	3.288378171049336635e-02
2.123000000000000000e+03	3.288481116320068898e-02
2.124000000000000000e+03	3.288582701860082169e-02
2.125000000000000000e+03	3.288682914431827892e-02
2.126000000000000000e+03	3.288781734501364934e-02
2.127000000000000000e+03	3.288879131143879198e-02
2.128000000000000000e+03	3.288975075636720036e-02
2.129000000000000000e+03	3.289069553861618395e-02
2.130000000000000000e+03	3.289162564341580053e-02
2.131000000000000000e+03	3.289254119617655153e-02
2.132000000000000000e+03	3.289344247173490304e-02
2.133000000000000000e+03	3.289432968815717701e-02
2.134000000000000000e+03	3.289520287376131169e-02
2.135000000000000000e+03	3.289606194316914423e-02
2.136000000000000000e+03	3.289690685033963558e-02
2.137000000000000000e+03	3.289773752755876385e-02
2.138000000000000000e+03	3.289855382264580269e-02
2.139000000000000000e+03	3.289935561771682726e-02
2.140000000000000000e+03	3.290014287886428024e-02
2.141000000000000000e+03	3.290091557114766668e-02
2.142000000000000000e+03	3.290167371200653640e-02
2.143000000000000000e+03	3.290241747679355233e-02
2.144000000000000000e+03	3.290314701242062767e-02
2.145000000000000000e+03	3.290386241345898827e-02
2.146000000000000000e+03	3.290456384270566692e-02
2.147000000000000000e+03	3.290525148726140825e-02
2.148000000000000000e+03	3.290592559601276251e-02
2.149000000000000000e+03	3.290658619643707650e-02
2.150000000000000000e+03	3.290723303454717863e-02
2.151000000000000000e+03	3.290786566543025399e-02
2.152000000000000000e+03	3.290848391979520060e-02
2.153000000000000000e+03	3.290908786846852285e-02
2.154000000000000000e+03	3.290967780329082104e-02
2.155000000000000000e+03	3.291025385448768242e-02
2.156000000000000000e+03	3.291081607349972266e-02
2.157000000000000000e+03	3.291136463479912844e-02
2.158000000000000000e+03	3.291189980213608118e-02
2.159000000000000000e+03	3.291242172493019646e-02
2.160000000000000000e+03	3.291293053789924594e-02
2.161000000000000000e+03	3.291342633360189174e-02
2.162000000000000000e+03	3.291390906652760101e-02
2.163000000000000000e+03	3.291437863433709088e-02
2.164000000000000000e+03	3.291483492678139167e-02
2.165000000000000000e+03	3.291527779493849670e-02
2.166000000000000000e+03	3.291570716406864300e-02
2.167000000000000000e+03	3.291612312085478997e-02
2.168000000000000000e+03	3.291652576088859722e-02
2.169000000000000000e+03	3.291691511144592686e-02
2.170000000000000000e+03	3.291729120396994640e-02
2.171000000000000000e+03	3.291765408302386314e-02
2.172000000000000000e+03	3.291800369324012626e-02
2.173000000000000000e+03	3.291833998285045165e-02
2.174000000000000000e+03	3.291866297630292176e-02
2.175000000000000000e+03	3.291897248417100658e-02
2.176000000000000000e+03	3.291926800113471191e-02
2.177000000000000000e+03	3.291954904144269584e-02
2.178000000000000000e+03	3.291981525991771740e-02
2.179000000000000000e+03	3.292006640876228574e-02
2.180000000000000000e+03	3.292030263958516112e-02
2.181000000000000000e+03	3.292052420946116331e-02
2.182000000000000000e+03	3.292073109144544318e-02
2.183000000000000000e+03	3.292092310788910514e-02
2.184000000000000000e+03	3.292110033789817647e-02
2.185000000000000000e+03	3.292126300739890710e-02
2.186000000000000000e+03	3.292141132503095813e-02
2.187000000000000000e+03	3.292154545536094684e-02
2.188000000000000000e+03	3.292166559737874643e-02
2.189000000000000000e+03	3.292177179173970403e-02
2.190000000000000000e+03	3.292186397502228079e-02
2.191000000000000000e+03	3.292194196929885963e-02
2.192000000000000000e+03	3.292200566177749810e-02
2.193000000000000000e+03	3.292205508971318695e-02
2.194000000000000000e+03	3.292209063737762398e-02
2.195000000000000000e+03	3.292211269010528185e-02
2.196000000000000000e+03	3.292212142886542098e-02
2.197000000000000000e+03	3.292211708468568282e-02
2.198000000000000000e+03	3.292209988276005583e-02
2.199000000000000000e+03	3.292206980282250117e-02
2.200000000000000000e+03	3.292202678600381766e-02
2.201000000000000000e+03	3.292197098920059822e-02
2.202000000000000000e+03	3.292190251666560208e-02
2.203000000000000000e+03	3.292182164013695428e-02
2.204000000000000000e+03	3.292172854890179634e-02
2.205000000000000000e+03	3.292162311566785432e-02
2.206000000000000000e+03	3.292150506449138120e-02
2.207000000000000000e+03	3.292137403639010945e-02
2.208000000000000000e+03	3.292122965578829497e-02
2.209000000000000000e+03	3.292107161879734289e-02
2.210000000000000000e+03	3.292089965304190874e-02
2.211000000000000000e+03	3.292071358394851183e-02
2.212000000000000000e+03	3.292051313111673400e-02
2.213000000000000000e+03	3.292029792743461636e-02
2.214000000000000000e+03	3.292006752206393799e-02
2.215000000000000000e+03	3.291982174216375595e-02
2.216000000000000000e+03	3.291956060439125975e-02
2.217000000000000000e+03	3.291928395915131450e-02
2.218000000000000000e+03	3.291899171693819098e-02
2.219000000000000000e+03	3.291868378981478022e-02
2.220000000000000000e+03	3.291835993044819192e-02
2.221000000000000000e+03	3.291802022482904350e-02
2.222000000000000000e+03	3.291766490531805589e-02
2.223000000000000000e+03	3.291729392567113721e-02
2.224000000000000000e+03	3.291690733572107813e-02
2.225000000000000000e+03	3.291650527805795035e-02
2.226000000000000000e+03	3.291608779265531304e-02
2.227000000000000000e+03	3.291565477760181879e-02
2.228000000000000000e+03	3.291520600638446481e-02
2.229000000000000000e+03	3.291474131798420577e-02
2.230000000000000000e+03	3.291426050010139853e-02
2.231000000000000000e+03	3.291376311295484552e-02
2.232000000000000000e+03	3.291324861036534766e-02
2.233000000000000000e+03	3.291271684520243740e-02
2.234000000000000000e+03	3.291216776235442870e-02
2.235000000000000000e+03	3.291160108225718584e-02
2.236000000000000000e+03	3.291101653592819198e-02
2.237000000000000000e+03	3.291041430988693450e-02
2.238000000000000000e+03	3.290979475674102317e-02
2.239000000000000000e+03	3.290915815296596714e-02
2.240000000000000000e+03	3.290850478316605793e-02
2.241000000000000000e+03	3.290783481609869943e-02
2.242000000000000000e+03	3.290714808825129234e-02
2.243000000000000000e+03	3.290644450537768412e-02
2.244000000000000000e+03	3.290572416862015681e-02
2.245000000000000000e+03	3.290498690086980649e-02
2.246000000000000000e+03	3.290423222649754842e-02
2.247000000000000000e+03	3.290345970227823158e-02
2.248000000000000000e+03	3.290266906675914232e-02
2.249000000000000000e+03	3.290186040551230234e-02
2.250000000000000000e+03	3.290103397541035285e-02
2.251000000000000000e+03	3.290018983771291622e-02
2.252000000000000000e+03	3.289932797349041232e-02
2.253000000000000000e+03	3.289844859808376681e-02
2.254000000000000000e+03	3.289755175458097813e-02
2.255000000000000000e+03	3.289663758007468908e-02
2.256000000000000000e+03	3.289570616807816622e-02
2.257000000000000000e+03	3.289475747873457645e-02
2.258000000000000000e+03	3.289379140311201460e-02
2.259000000000000000e+03	3.289280783063253805e-02
2.260000000000000000e+03	3.289180666186517638e-02
2.261000000000000000e+03	3.289078781279131808e-02
2.262000000000000000e+03	3.288975135797915506e-02
2.263000000000000000e+03	3.288869747002632488e-02
2.264000000000000000e+03	3.288762636403039230e-02
2.265000000000000000e+03	3.288653808476917767e-02
2.266000000000000000e+03	3.288543252850462117e-02
2.267000000000000000e+03	3.288430963869257151e-02
2.268000000000000000e+03	3.288316935281929837e-02
2.269000000000000000e+03	3.288201154770370449e-02
2.270000000000000000e+03	3.288083611570433162e-02
2.271000000000000000e+03	3.287964316519532276e-02
2.272000000000000000e+03	3.287843290646074584e-02
2.273000000000000000e+03	3.287720535862866805e-02
2.274000000000000000e+03	3.287596076559362590e-02
2.275000000000000000e+03	3.287469916840986967e-02
2.276000000000000000e+03	3.287342058398303596e-02
2.277000000000000000e+03	3.287212533293856070e-02
2.278000000000000000e+03	3.287081349672826835e-02
2.279000000000000000e+03	3.286948528369226102e-02
2.280000000000000000e+03	3.286814096221145343e-02
2.281000000000000000e+03	3.286678070165186677e-02
2.282000000000000000e+03	3.286540475098444214e-02
2.283000000000000000e+03	3.286401328499900798e-02
2.284000000000000000e+03	3.286260665620985288e-02
2.285000000000000000e+03	3.286118521654571301e-02
2.286000000000000000e+03	3.285974907225219788e-02
2.287000000000000000e+03	3.285829820132499940e-02
2.288000000000000000e+03	3.285683257316989597e-02
2.289000000000000000e+03	3.285535205473208431e-02
2.290000000000000000e+03	3.285385656954910999e-02
2.291000000000000000e+03	3.285234632253882653e-02
2.292000000000000000e+03	3.285082145340900012e-02
2.293000000000000000e+03	3.284928196598679156e-02
2.294000000000000000e+03	3.284772797902024699e-02
2.295000000000000000e+03	3.284615973860788990e-02
2.296000000000000000e+03	3.284457736215696394e-02
2.297000000000000000e+03	3.284298079781485663e-02
2.298000000000000000e+03	3.284136999886186348e-02
2.299000000000000000e+03	3.283974469936554175e-02
2.300000000000000000e+03	3.283810460983249691e-02
2.301000000000000000e+03	3.283644962269402501e-02
2.302000000000000000e+03	3.283477981841509408e-02
2.303000000000000000e+03	3.283309557580557647e-02
2.304000000000000000e+03	3.283139710665369804e-02
2.305000000000000000e+03	3.282968460610474759e-02
2.306000000000000000e+03	3.282795838951173273e-02
2.307000000000000000e+03	3.282621863132604428e-02
2.308000000000000000e+03	3.282446546253232206e-02
2.309000000000000000e+03	3.282269911435065773e-02
2.310000000000000000e+03	3.282091975537815981e-02
2.311000000000000000e+03	3.281912733367019219e-02
2.312000000000000000e+03	3.281732174497387078e-02
2.313000000000000000e+03	3.281550312209079862e-02
2.314000000000000000e+03	3.281367150644360492e-02
2.315000000000000000e+03	3.281182701949639235e-02
2.316000000000000000e+03	3.280997004510013276e-02
2.317000000000000000e+03	3.280810086429474665e-02
2.318000000000000000e+03	3.280621953992798184e-02
2.319000000000000000e+03	3.280432599913509634e-02
2.320000000000000000e+03	3.280242013716864330e-02
2.321000000000000000e+03	3.280050182605689230e-02
2.322000000000000000e+03	3.279857111783548995e-02
2.323000000000000000e+03	3.279662810967460401e-02
2.324000000000000000e+03	3.279467279891582626e-02
2.325000000000000000e+03	3.279270522109330177e-02
2.326000000000000000e+03	3.279072517659034625e-02
2.327000000000000000e+03	3.278873254169170637e-02
2.328000000000000000e+03	3.278672734916562859e-02
2.329000000000000000e+03	3.278470960894845632e-02
2.330000000000000000e+03	3.278267944205156409e-02
2.331000000000000000e+03	3.278063688665424497e-02
2.332000000000000000e+03	3.277858195785723211e-02
2.333000000000000000e+03	3.277651480967370967e-02
2.334000000000000000e+03	3.277443575594087694e-02
2.335000000000000000e+03	3.277234529183978978e-02
2.336000000000000000e+03	3.277024370472394338e-02
2.337000000000000000e+03	3.276813111568866593e-02
2.338000000000000000e+03	3.276600751890395430e-02
2.339000000000000000e+03	3.276387275634027457e-02
2.340000000000000000e+03	3.276172652751187936e-02
2.341000000000000000e+03	3.275956838464631760e-02
2.342000000000000000e+03	3.275739816128494380e-02
2.343000000000000000e+03	3.275521579750862583e-02
2.344000000000000000e+03	3.275302110444056058e-02
2.345000000000000000e+03	3.275081393359316473e-02
2.346000000000000000e+03	3.274859413731064095e-02
2.347000000000000000e+03	3.274636155010554606e-02
2.348000000000000000e+03	3.274411614165038259e-02
2.349000000000000000e+03	3.274185787844318546e-02
2.350000000000000000e+03	3.273958660824930617e-02
2.351000000000000000e+03	3.273730213767217512e-02
2.352000000000000000e+03	3.273500423853541175e-02
2.353000000000000000e+03	3.273269243542589746e-02
2.354000000000000000e+03	3.273036610943992619e-02
2.355000000000000000e+03	3.272802471968847687e-02
2.356000000000000000e+03	3.272566783779336935e-02
2.357000000000000000e+03	3.272329543093020765e-02
2.358000000000000000e+03	3.272090754704703314e-02
2.359000000000000000e+03	3.271850405405319490e-02
2.360000000000000000e+03	3.271608478977454382e-02
2.361000000000000000e+03	3.271364956431623700e-02
2.362000000000000000e+03	3.271119819074581880e-02
2.363000000000000000e+03	3.270873067672169093e-02
2.364000000000000000e+03	3.270624682666484900e-02
2.365000000000000000e+03	3.270374624540405700e-02
2.366000000000000000e+03	3.270122846315554055e-02
2.367000000000000000e+03	3.269869312519534804e-02
2.368000000000000000e+03	3.269614003061195595e-02
2.369000000000000000e+03	3.269356902392882291e-02
2.370000000000000000e+03	3.269097983372874772e-02
2.371000000000000000e+03	3.268837210284702283e-02
2.372000000000000000e+03	3.268574555125977610e-02
2.373000000000000000e+03	3.268310000309760516e-02
2.374000000000000000e+03	3.268043522941527224e-02
2.375000000000000000e+03	3.267775113478595117e-02
2.376000000000000000e+03	3.267504762568145676e-02
2.377000000000000000e+03	3.267232453253604563e-02
2.378000000000000000e+03	3.266958157484041447e-02
2.379000000000000000e+03	3.266681856728447658e-02
2.380000000000000000e+03	3.266403530703745894e-02
2.381000000000000000e+03	3.266123152159868676e-02
2.382000000000000000e+03	3.265840697713816992e-02
2.383000000000000000e+03	3.265556133188289578e-02
2.384000000000000000e+03	3.265269418102170057e-02
2.385000000000000000e+03	3.264980510970187655e-02
2.386000000000000000e+03	3.264689389640165751e-02
2.387000000000000000e+03	3.264396012296010702e-02
2.388000000000000000e+03	3.264100343368307733e-02
2.389000000000000000e+03	3.263802344074255568e-02
2.390000000000000000e+03	3.263501967402412246e-02
2.391000000000000000e+03	3.263199192911683116e-02
2.392000000000000000e+03	3.262893990061328797e-02
2.393000000000000000e+03	3.262586319676318708e-02
2.394000000000000000e+03	3.262276128609187947e-02
2.395000000000000000e+03	3.261963371154039809e-02
2.396000000000000000e+03	3.261648029487014544e-02
2.397000000000000000e+03	3.261330095313032251e-02
2.398000000000000000e+03	3.261009575640576308e-02
2.399000000000000000e+03	3.260686477673101907e-02
2.400000000000000000e+03	3.260360788386113678e-02
2.401000000000000000e+03	3.260032476105186039e-02
2.402000000000000000e+03	3.259701505514724790e-02
2.403000000000000000e+03	3.259367836752372766e-02
2.404000000000000000e+03	3.259031442679575369e-02
2.405000000000000000e+03	3.258692296851688902e-02
2.406000000000000000e+03	3.258350370096511905e-02
2.407000000000000000e+03	3.258005667274581352e-02
2.408000000000000000e+03	3.257658176621369694e-02
2.409000000000000000e+03	3.257307865629661264e-02
2.410000000000000000e+03	3.256954712271748625e-02
2.411000000000000000e+03	3.256598698475380443e-02
2.412000000000000000e+03	3.256239824852048131e-02
2.413000000000000000e+03	3.255878084605028089e-02
2.414000000000000000e+03	3.255513449546893617e-02
2.415000000000000000e+03	3.255145896586987553e-02
2.416000000000000000e+03	3.254775428521797243e-02
2.417000000000000000e+03	3.254402045362854434e-02
2.418000000000000000e+03	3.254025742758100831e-02
2.419000000000000000e+03	3.253646513556045922e-02
2.420000000000000000e+03	3.253264355637157379e-02
2.421000000000000000e+03	3.252879288420971321e-02
2.422000000000000000e+03	3.252491326139275024e-02
2.423000000000000000e+03	3.252100454628931853e-02
2.424000000000000000e+03	3.251706638193378046e-02
2.425000000000000000e+03	3.251309863966985597e-02
2.426000000000000000e+03	3.250910130415661514e-02
2.427000000000000000e+03	3.250507437924659432e-02
2.428000000000000000e+03	3.250101788913348916e-02
2.429000000000000000e+03	3.249693180049391394e-02
2.430000000000000000e+03	3.249281594912972054e-02
2.431000000000000000e+03	3.248867030524606875e-02
2.432000000000000000e+03	3.248449488677498248e-02
2.433000000000000000e+03	3.248028973654938645e-02
2.434000000000000000e+03	3.247605487824608422e-02
2.435000000000000000e+03	3.247179030246326314e-02
2.436000000000000000e+03	3.246749608879046650e-02
2.437000000000000000e+03	3.246317241779816259e-02
2.438000000000000000e+03	3.245881945260572360e-02
2.439000000000000000e+03	3.245443722434466355e-02
2.440000000000000000e+03	3.245002573482997504e-02
2.441000000000000000e+03	3.244558497947138548e-02
2.442000000000000000e+03	3.244111483816972119e-02
2.443000000000000000e+03	3.243661520346979160e-02
2.444000000000000000e+03	3.243208601018728043e-02
2.445000000000000000e+03	3.242752718030983416e-02
2.446000000000000000e+03	3.242293875161769701e-02
2.447000000000000000e+03	3.241832079480187756e-02
2.448000000000000000e+03	3.241367341302547889e-02
2.449000000000000000e+03	3.240899666643211330e-02
2.450000000000000000e+03	3.240429053805524845e-02
2.451000000000000000e+03	3.239955498655440469e-02
2.452000000000000000e+03	3.239479000433947986e-02
2.453000000000000000e+03	3.238999550945697442e-02
2.454000000000000000e+03	3.238517133788666735e-02
2.455000000000000000e+03	3.238031747279281752e-02
2.456000000000000000e+03	3.237543402559840688e-02
2.457000000000000000e+03	3.237052114456271529e-02
2.458000000000000000e+03	3.236557869258716719e-02
2.459000000000000000e+03	3.236060650659022819e-02
2.460000000000000000e+03	3.235560466641727861e-02
2.461000000000000000e+03	3.235057345139083496e-02
2.462000000000000000e+03	3.234551328339328041e-02
2.463000000000000000e+03	3.234042468492792644e-02
2.464000000000000000e+03	3.233530818297301185e-02
2.465000000000000000e+03	3.233016404017904216e-02
2.466000000000000000e+03	3.232499284034308362e-02
2.467000000000000000e+03	3.231979508147203584e-02
2.468000000000000000e+03	3.231457100994745285e-02
2.469000000000000000e+03	3.230932075691368005e-02
2.470000000000000000e+03	3.230404441550698003e-02
2.471000000000000000e+03	3.229874217936712366e-02
2.472000000000000000e+03	3.229341438295661032e-02
2.473000000000000000e+03	3.228806115964349271e-02
2.474000000000000000e+03	3.228268240976162051e-02
2.475000000000000000e+03	3.227727811024861532e-02
2.476000000000000000e+03	3.227184855046712902e-02
2.477000000000000000e+03	3.226639412404992691e-02
2.478000000000000000e+03	3.226091511383551158e-02
2.479000000000000000e+03	3.225541179315381118e-02
2.480000000000000000e+03	3.224988457604307385e-02
2.481000000000000000e+03	3.224433387697345915e-02
2.482000000000000000e+03	3.223876012032057120e-02
2.483000000000000000e+03	3.223316380801854314e-02
2.484000000000000000e+03	3.222754521174363979e-02
2.485000000000000000e+03	3.222190440244815379e-02
2.486000000000000000e+03	3.221624148570137458e-02
2.487000000000000000e+03	3.221055651085641403e-02
2.488000000000000000e+03	3.220484937237155787e-02
2.489000000000000000e+03	3.219911994173831754e-02
2.490000000000000000e+03	3.219336840449401466e-02
2.491000000000000000e+03	3.218759506038601503e-02
2.492000000000000000e+03	3.218180007815484023e-02
2.493000000000000000e+03	3.217598357432587680e-02
2.494000000000000000e+03	3.217014560690397568e-02
2.495000000000000000e+03	3.216428634767699857e-02
2.496000000000000000e+03	3.215840601262347220e-02
2.497000000000000000e+03	3.215250473256362623e-02
2.498000000000000000e+03	3.214658271259043798e-02
2.499000000000000000e+03	3.214064017931781564e-02
2.500000000000000000e+03	3.213467713450652435e-02
2.501000000000000000e+03	3.212869357431999418e-02
2.502000000000000000e+03	3.212268954753353528e-02
2.503000000000000000e+03	3.211666509235962252e-02
2.504000000000000000e+03	3.211062017701275806e-02
2.505000000000000000e+03	3.210455475387534452e-02
2.506000000000000000e+03	3.209846876104728575e-02
2.507000000000000000e+03	3.209236208272556873e-02
2.508000000000000000e+03	3.208623466760349152e-02
2.509000000000000000e+03	3.208008655857227942e-02
2.510000000000000000e+03	3.207391767020893736e-02
2.511000000000000000e+03	3.206772781147431556e-02
2.512000000000000000e+03	3.206151680410303934e-02
2.513000000000000000e+03	3.205528444671994215e-02
2.514000000000000000e+03	3.204903053959894110e-02
2.515000000000000000e+03	3.204275497119886407e-02
2.516000000000000000e+03	3.203645779164711327e-02
2.517000000000000000e+03	3.203013920219384414e-02
2.518000000000000000e+03	3.202379917136823073e-02
2.519000000000000000e+03	3.201743741955996592e-02
2.520000000000000000e+03	3.201105378885106545e-02
2.521000000000000000e+03	3.200464829162013441e-02
2.522000000000000000e+03	3.199822085995048665e-02
2.523000000000000000e+03	3.199177123849721027e-02
2.524000000000000000e+03	3.198529902605914965e-02
2.525000000000000000e+03	3.197880398168392174e-02
2.526000000000000000e+03	3.197228598797119403e-02
2.527000000000000000e+03	3.196574496325347431e-02
2.528000000000000000e+03	3.195918089422536412e-02
2.529000000000000000e+03	3.195259383288095306e-02
2.530000000000000000e+03	3.194598374483380993e-02
2.531000000000000000e+03	3.193935072080424098e-02
2.532000000000000000e+03	3.193269486177245653e-02
2.533000000000000000e+03	3.192601617396516323e-02
2.534000000000000000e+03	3.191931454082237024e-02
2.535000000000000000e+03	3.191258954923365670e-02
2.536000000000000000e+03	3.190584070623001672e-02
2.537000000000000000e+03	3.189906766405926908e-02
2.538000000000000000e+03	3.189227023481634032e-02
2.539000000000000000e+03	3.188544812236095150e-02
2.540000000000000000e+03	3.187860083193600619e-02
2.541000000000000000e+03	3.187172802548256939e-02
2.542000000000000000e+03	3.186482962039046546e-02
2.543000000000000000e+03	3.185790571469275523e-02
2.544000000000000000e+03	3.185095630306813974e-02
2.545000000000000000e+03	3.184398114658649331e-02
2.546000000000000000e+03	3.183697987726785000e-02
2.547000000000000000e+03	3.182995214548747787e-02
2.548000000000000000e+03	3.182289769691862280e-02
2.549000000000000000e+03	3.181581639365359260e-02
2.550000000000000000e+03	3.180870806636536263e-02
2.551000000000000000e+03	3.180157238152539478e-02
2.552000000000000000e+03	3.179440903028693532e-02
2.553000000000000000e+03	3.178721791263930396e-02
2.554000000000000000e+03	3.177999906433327110e-02
2.555000000000000000e+03	3.177275251440281334e-02
2.556000000000000000e+03	3.176547826110320827e-02
2.557000000000000000e+03	3.175817633908269849e-02
2.558000000000000000e+03	3.175084671605008652e-02
2.559000000000000000e+03	3.174348914609291528e-02
2.560000000000000000e+03	3.173610346585978986e-02
2.561000000000000000e+03	3.172868962123114034e-02
2.562000000000000000e+03	3.172124760118462394e-02
2.563000000000000000e+03	3.171377725563447048e-02
2.564000000000000000e+03	3.170627831088203979e-02
2.565000000000000000e+03	3.169875044103549061e-02
2.566000000000000000e+03	3.169119334918037156e-02
2.567000000000000000e+03	3.168360687594858754e-02
2.568000000000000000e+03	3.167599095381318230e-02
2.569000000000000000e+03	3.166834556964719105e-02
2.570000000000000000e+03	3.166067074993926533e-02
2.571000000000000000e+03	3.165296661646308657e-02
2.572000000000000000e+03	3.164523323016644324e-02
2.573000000000000000e+03	3.163747063544326832e-02
2.574000000000000000e+03	3.162967880673645676e-02
2.575000000000000000e+03	3.162185758327985124e-02
2.576000000000000000e+03	3.161400696933354404e-02
2.577000000000000000e+03	3.160612713072979280e-02
2.578000000000000000e+03	3.159821787522016506e-02
2.579000000000000000e+03	3.159027893591617731e-02
2.580000000000000000e+03	3.158231014931735942e-02
2.581000000000000000e+03	3.157431141218496745e-02
2.582000000000000000e+03	3.156628262258093925e-02
2.583000000000000000e+03	3.155822378975940701e-02
2.584000000000000000e+03	3.155013514129978436e-02
2.585000000000000000e+03	3.154201690829264854e-02
2.586000000000000000e+03	3.153386917504783643e-02
2.587000000000000000e+03	3.152569169738244498e-02
2.588000000000000000e+03	3.151748427538996616e-02
2.589000000000000000e+03	3.150924697644933575e-02
2.590000000000000000e+03	3.150098000861562691e-02
2.591000000000000000e+03	3.149268354868083736e-02
2.592000000000000000e+03	3.148435765107510109e-02
2.593000000000000000e+03	3.147600226961237008e-02
2.594000000000000000e+03	3.146761737672860992e-02
2.595000000000000000e+03	3.145920317384409692e-02
2.596000000000000000e+03	3.145075997615180696e-02
2.597000000000000000e+03	3.144228790817262670e-02
2.598000000000000000e+03	3.143378721806092124e-02
2.599000000000000000e+03	3.142525818851255731e-02
2.600000000000000000e+03	3.141670086509099069e-02
2.601000000000000000e+03	3.140811523080676293e-02
2.602000000000000000e+03	3.139950131647883946e-02
2.603000000000000000e+03	3.139085915040831787e-02
2.604000000000000000e+03	3.138218867866180567e-02
2.605000000000000000e+03	3.137348983877553260e-02
2.606000000000000000e+03	3.136476272246381536e-02
2.607000000000000000e+03	3.135600772475399811e-02
2.608000000000000000e+03	3.134722528831841021e-02
2.609000000000000000e+03	3.133841584823633675e-02
2.610000000000000000e+03	3.132957972957320369e-02
2.611000000000000000e+03	3.132071732477844511e-02
2.612000000000000000e+03	3.131182907136528804e-02
2.613000000000000000e+03	3.130291524223446920e-02
2.614000000000000000e+03	3.129397613184992794e-02
2.615000000000000000e+03	3.128501198221651097e-02
2.616000000000000000e+03	3.127602312990735572e-02
2.617000000000000000e+03	3.126701004109544435e-02
2.618000000000000000e+03	3.125797315180415398e-02
2.619000000000000000e+03	3.124891274547534487e-02
2.620000000000000000e+03	3.123982914011090226e-02
2.621000000000000000e+03	3.123072248435939877e-02
2.622000000000000000e+03	3.122159280881065674e-02
2.623000000000000000e+03	3.121244015901370600e-02
2.624000000000000000e+03	3.120326460577478242e-02
2.625000000000000000e+03	3.119406647371700952e-02
2.626000000000000000e+03	3.118484641099400489e-02
2.627000000000000000e+03	3.117560486634483527e-02
2.628000000000000000e+03	3.116634201512055030e-02
2.629000000000000000e+03	3.115705793024762041e-02
2.630000000000000000e+03	3.114775277674598428e-02
2.631000000000000000e+03	3.113842667398378228e-02
2.632000000000000000e+03	3.112907966515619448e-02
2.633000000000000000e+03	3.111971196106965570e-02
2.634000000000000000e+03	3.111032402138546454e-02
2.635000000000000000e+03	3.110091633341149214e-02
2.636000000000000000e+03	3.109148902570308889e-02
2.637000000000000000e+03	3.108204215969813042e-02
2.638000000000000000e+03	3.107257599438555465e-02
2.639000000000000000e+03	3.106309087254902415e-02
2.640000000000000000e+03	3.105358693742547860e-02
2.641000000000000000e+03	3.104406410763585825e-02
2.642000000000000000e+03	3.103452236787509338e-02
2.643000000000000000e+03	3.102496171357494587e-02
2.644000000000000000e+03	3.101538215830583478e-02
2.645000000000000000e+03	3.100578364608989890e-02
2.646000000000000000e+03	3.099616610266709912e-02
2.647000000000000000e+03	3.098652958525584949e-02
2.648000000000000000e+03	3.097687439454836072e-02
2.649000000000000000e+03	3.096720075056054108e-02
2.650000000000000000e+03	3.095750865718523842e-02
2.651000000000000000e+03	3.094779810003097167e-02
2.652000000000000000e+03	3.093806914524241392e-02
2.653000000000000000e+03	3.092832173264692050e-02
2.654000000000000000e+03	3.091855580400678857e-02
2.655000000000000000e+03	3.090877138128553941e-02
2.656000000000000000e+03	3.089896845874886069e-02
2.657000000000000000e+03	3.088914704125344038e-02
2.658000000000000000e+03	3.087930714613588284e-02
2.659000000000000000e+03	3.086944876003865426e-02
2.660000000000000000e+03	3.085957181852777911e-02
2.661000000000000000e+03	3.084967623567671374e-02
2.662000000000000000e+03	3.083976197634811026e-02
2.663000000000000000e+03	3.082982909890513018e-02
2.664000000000000000e+03	3.081987781568710713e-02
2.665000000000000000e+03	3.080990840281469523e-02
2.666000000000000000e+03	3.079992103037645229e-02
2.667000000000000000e+03	3.078991558525248987e-02
2.668000000000000000e+03	3.077989184356266436e-02
2.669000000000000000e+03	3.076984958531819858e-02
2.670000000000000000e+03	3.075978868810030215e-02
2.671000000000000000e+03	3.074970902038759793e-02
2.672000000000000000e+03	3.073961039117808700e-02
2.673000000000000000e+03	3.072949285465718591e-02
2.674000000000000000e+03	3.071935642440305064e-02
2.675000000000000000e+03	3.070920081228935977e-02
2.676000000000000000e+03	3.069902535926921638e-02
2.677000000000000000e+03	3.068882935483807292e-02
2.678000000000000000e+03	3.067861239610326918e-02
2.679000000000000000e+03	3.066837416799825244e-02
2.680000000000000000e+03	3.065811436662052927e-02
2.681000000000000000e+03	3.064783290684191044e-02
2.682000000000000000e+03	3.063752937185779124e-02
2.683000000000000000e+03	3.062720299654887388e-02
2.684000000000000000e+03	3.061685337888439898e-02
2.685000000000000000e+03	3.060648017686567329e-02
2.686000000000000000e+03	3.059608284511083215e-02
2.687000000000000000e+03	3.058566088130407548e-02
2.688000000000000000e+03	3.057521376731098250e-02
2.689000000000000000e+03	3.056474096658099576e-02
2.690000000000000000e+03	3.055424215015087666e-02
2.691000000000000000e+03	3.054371726664301470e-02
2.692000000000000000e+03	3.053316626194873054e-02
2.693000000000000000e+03	3.052258943216797776e-02
2.694000000000000000e+03	3.051198686988439851e-02
2.695000000000000000e+03	3.050135855242580921e-02
2.696000000000000000e+03	3.049070453468912673e-02
2.697000000000000000e+03	3.048002495687839736e-02
2.698000000000000000e+03	3.046931995781882938e-02
2.699000000000000000e+03	3.045858969531465427e-02
2.700000000000000000e+03	3.044783426733888368e-02
2.701000000000000000e+03	3.043705357947324927e-02
2.702000000000000000e+03	3.042624762518315526e-02
2.703000000000000000e+03	3.041541637102171403e-02
2.704000000000000000e+03	3.040455939824617676e-02
2.705000000000000000e+03	3.039367646900418066e-02
2.706000000000000000e+03	3.038276741582209700e-02
2.707000000000000000e+03	3.037183217637010740e-02
2.708000000000000000e+03	3.036087077517869368e-02
2.709000000000000000e+03	3.034988289691956456e-02
2.710000000000000000e+03	3.033886829342370695e-02
2.711000000000000000e+03	3.032782702629724728e-02
2.712000000000000000e+03	3.031675915273733535e-02
2.713000000000000000e+03	3.030566467220905877e-02
2.714000000000000000e+03	3.029454353525605839e-02
2.715000000000000000e+03	3.028339569433046233e-02
2.716000000000000000e+03	3.027222129123682132e-02
2.717000000000000000e+03	3.026102098034820845e-02
2.718000000000000000e+03	3.024979561516353069e-02
2.719000000000000000e+03	3.023854585572539194e-02
2.720000000000000000e+03	3.022727218836719978e-02
2.721000000000000000e+03	3.021597493180665575e-02
2.722000000000000000e+03	3.020465435360676631e-02
2.723000000000000000e+03	3.019331071158189161e-02
2.724000000000000000e+03	3.018194430442830770e-02
2.725000000000000000e+03	3.017055589370508037e-02
2.726000000000000000e+03	3.015914630978614244e-02
2.727000000000000000e+03	3.014771612306331797e-02
2.728000000000000000e+03	3.013626601584733569e-02
2.729000000000000000e+03	3.012479656167691214e-02
2.730000000000000000e+03	3.011330816621519968e-02
2.731000000000000000e+03	3.010180117469627922e-02
2.732000000000000000e+03	3.009027580642328892e-02
2.733000000000000000e+03	3.007873231621545698e-02
2.734000000000000000e+03	3.006717125919420794e-02
2.735000000000000000e+03	3.005559328222884644e-02
2.736000000000000000e+03	3.004399886841807935e-02
2.737000000000000000e+03	3.003238852320570806e-02
2.738000000000000000e+03	3.002076269911711781e-02
2.739000000000000000e+03	3.000912204949972295e-02
2.740000000000000000e+03	2.999746722886990555e-02
2.741000000000000000e+03	2.998579880730519939e-02
2.742000000000000000e+03	2.997411735016176568e-02
2.743000000000000000e+03	2.996242333145937922e-02
2.744000000000000000e+03	2.995071720466688237e-02
2.745000000000000000e+03	2.993899987943367952e-02
2.746000000000000000e+03	2.992727245135674494e-02
2.747000000000000000e+03	2.991553562667087843e-02
2.748000000000000000e+03	2.990379014451573572e-02
2.749000000000000000e+03	2.989203689154102880e-02
2.750000000000000000e+03	2.988027661548148597e-02
2.751000000000000000e+03	2.986850987257744575e-02
2.752000000000000000e+03	2.985673718228863335e-02
2.753000000000000000e+03	2.984495914888050591e-02
2.754000000000000000e+03	2.983317647933456801e-02
2.755000000000000000e+03	2.982138986646975035e-02
2.756000000000000000e+03	2.980959982582080323e-02
2.757000000000000000e+03	2.979780651722389526e-02
2.758000000000000000e+03	2.978601011561590045e-02
2.759000000000000000e+03	2.977421091982289728e-02
2.760000000000000000e+03	2.976240936283372149e-02
2.761000000000000000e+03	2.975060589992051599e-02
2.762000000000000000e+03	2.973880098427874805e-02
2.763000000000000000e+03	2.972699496889548432e-02
2.764000000000000000e+03	2.971518801393187303e-02
2.765000000000000000e+03	2.970338026170360815e-02
2.766000000000000000e+03	2.969157173186356274e-02
2.767000000000000000e+03	2.967976253020104468e-02
2.768000000000000000e+03	2.966795304646744832e-02
2.769000000000000000e+03	2.965614378045017957e-02
2.770000000000000000e+03	2.964433501348364905e-02
2.771000000000000000e+03	2.963252698663581750e-02
2.772000000000000000e+03	2.962072002818519692e-02
2.773000000000000000e+03	2.960891432222892070e-02
2.774000000000000000e+03	2.959711032064804917e-02
2.775000000000000000e+03	2.958530830902692671e-02
2.776000000000000000e+03	2.957350849489872799e-02
2.777000000000000000e+03	2.956171097021318556e-02
2.778000000000000000e+03	2.954991557283328379e-02
2.779000000000000000e+03	2.953812190555782369e-02
2.780000000000000000e+03	2.952632966276691820e-02
2.781000000000000000e+03	2.951453863752338466e-02
2.782000000000000000e+03	2.950274862376796661e-02
2.783000000000000000e+03	2.949095931816414842e-02
2.784000000000000000e+03	2.947917044926026339e-02
2.785000000000000000e+03	2.946738169158428719e-02
2.786000000000000000e+03	2.945559271954051664e-02
2.787000000000000000e+03	2.944380310068678980e-02
2.788000000000000000e+03	2.943201231585751074e-02
2.789000000000000000e+03	2.942022011599599446e-02
2.790000000000000000e+03	2.940842633869766506e-02
2.791000000000000000e+03	2.939663076581225734e-02
2.792000000000000000e+03	2.938483306193631628e-02
2.793000000000000000e+03	2.937303301818357942e-02
2.794000000000000000e+03	2.936123052970887604e-02
2.795000000000000000e+03	2.934942532791610589e-02
2.796000000000000000e+03	2.933761709147801947e-02
2.797000000000000000e+03	2.932580535722833712e-02
2.798000000000000000e+03	2.931398950601448242e-02
2.799000000000000000e+03	2.930216938852205424e-02
2.800000000000000000e+03	2.929034522209548325e-02
2.801000000000000000e+03	2.927851705157343346e-02
2.802000000000000000e+03	2.926668477660371651e-02
2.803000000000000000e+03	2.925484831827743562e-02
2.804000000000000000e+03	2.924300728287509282e-02
2.805000000000000000e+03	2.923116129599119192e-02
2.806000000000000000e+03	2.921931031139583107e-02
2.807000000000000000e+03	2.920745422101363870e-02
2.808000000000000000e+03	2.919559283100853567e-02
2.809000000000000000e+03	2.918372596366224092e-02
2.810000000000000000e+03	2.917185339245091311e-02
2.811000000000000000e+03	2.915997481266339661e-02
2.812000000000000000e+03	2.914808993066424214e-02
2.813000000000000000e+03	2.913619820723179279e-02
2.814000000000000000e+03	2.912429901438812196e-02
2.815000000000000000e+03	2.911239196278445768e-02
2.816000000000000000e+03	2.910047670348597446e-02
2.817000000000000000e+03	2.908855294545465917e-02
2.818000000000000000e+03	2.907662042038170608e-02
2.819000000000000000e+03	2.906467879521643441e-02
2.820000000000000000e+03	2.905272779539313024e-02
2.821000000000000000e+03	2.904076714993141309e-02
2.822000000000000000e+03	2.902879660332106579e-02
2.823000000000000000e+03	2.901681587995981124e-02
2.824000000000000000e+03	2.900482461627813119e-02
2.825000000000000000e+03	2.899282252607170152e-02
2.826000000000000000e+03	2.898080945805399031e-02
2.827000000000000000e+03	2.896878554693878630e-02
2.828000000000000000e+03	2.895675079586202891e-02
2.829000000000000000e+03	2.894470531281667647e-02
2.830000000000000000e+03	2.893264912596396274e-02
2.831000000000000000e+03	2.892058217022746430e-02
2.832000000000000000e+03	2.890850424555898093e-02
2.833000000000000000e+03	2.889641508240614262e-02
2.834000000000000000e+03	2.888431438277034788e-02
2.835000000000000000e+03	2.887220194970787149e-02
2.836000000000000000e+03	2.886007783800464618e-02
2.837000000000000000e+03	2.884794207873213334e-02
2.838000000000000000e+03	2.883579463719131153e-02
2.839000000000000000e+03	2.882363548323745722e-02
2.840000000000000000e+03	2.881146454316181257e-02
2.841000000000000000e+03	2.879928177807677611e-02
2.842000000000000000e+03	2.878708716216523897e-02
2.843000000000000000e+03	2.877488098708877104e-02
2.844000000000000000e+03	2.876266358036382031e-02
2.845000000000000000e+03	2.875043497426209987e-02
2.846000000000000000e+03	2.873819505558064535e-02
2.847000000000000000e+03	2.872594372704816851e-02
2.848000000000000000e+03	2.871368097645686512e-02
2.849000000000000000e+03	2.870140681679853381e-02
2.850000000000000000e+03	2.868912137846930596e-02
2.851000000000000000e+03	2.867682522749355131e-02
2.852000000000000000e+03	2.866451889091225363e-02
2.853000000000000000e+03	2.865220272704284421e-02
2.854000000000000000e+03	2.863987716345949702e-02
2.855000000000000000e+03	2.862754273548633044e-02
2.856000000000000000e+03	2.861519992313749788e-02
2.857000000000000000e+03	2.860284903052299002e-02
2.858000000000000000e+03	2.859048994396205801e-02
2.859000000000000000e+03	2.857812238235291069e-02
2.860000000000000000e+03	2.856574654697505156e-02
2.861000000000000000e+03	2.855336269455917633e-02
2.862000000000000000e+03	2.854097078708547203e-02
2.863000000000000000e+03	2.852857120433754945e-02
2.864000000000000000e+03	2.851616431424211506e-02
2.865000000000000000e+03	2.850375043966050029e-02
2.866000000000000000e+03	2.849132993697712363e-02
2.867000000000000000e+03	2.847890309379338958e-02
2.868000000000000000e+03	2.846647026673853123e-02
2.869000000000000000e+03	2.845403197505141576e-02
2.870000000000000000e+03	2.844158873302180326e-02
2.871000000000000000e+03	2.842914119064805095e-02
2.872000000000000000e+03	2.841669024137435245e-02
2.873000000000000000e+03	2.840423638722509164e-02
2.874000000000000000e+03	2.839177969045619115e-02
2.875000000000000000e+03	2.837932019029795055e-02
2.876000000000000000e+03	2.836685806528733630e-02
2.877000000000000000e+03	2.835439376849259105e-02
2.878000000000000000e+03	2.834192790652230801e-02
2.879000000000000000e+03	2.832946098293557396e-02
2.880000000000000000e+03	2.831699345642062216e-02
2.881000000000000000e+03	2.830452598834121841e-02
2.882000000000000000e+03	2.829205929627067601e-02
2.883000000000000000e+03	2.827959410159153197e-02
2.884000000000000000e+03	2.826713122280954948e-02
2.885000000000000000e+03	2.825467130578413269e-02
2.886000000000000000e+03	2.824221480334544038e-02
2.887000000000000000e+03	2.822976189741961336e-02
2.888000000000000000e+03	2.821731255563084823e-02
2.889000000000000000e+03	2.820486683189691104e-02
2.890000000000000000e+03	2.819242490390317518e-02
2.891000000000000000e+03	2.817998714349979547e-02
2.892000000000000000e+03	2.816755392258357346e-02
2.893000000000000000e+03	2.815512554475529602e-02
2.894000000000000000e+03	2.814270248687627748e-02
2.895000000000000000e+03	2.813028526246989097e-02
2.896000000000000000e+03	2.811787434678250652e-02
2.897000000000000000e+03	2.810547024749309244e-02
2.898000000000000000e+03	2.809307349107625917e-02
2.899000000000000000e+03	2.808068452799946171e-02
2.900000000000000000e+03	2.806830356462476292e-02
2.901000000000000000e+03	2.805593066814354719e-02
2.902000000000000000e+03	2.804356621283360385e-02
2.903000000000000000e+03	2.803121061509091308e-02
2.904000000000000000e+03	2.801886447587345619e-02
2.905000000000000000e+03	2.800652835817057235e-02
2.906000000000000000e+03	2.799420255630952897e-02
2.907000000000000000e+03	2.798188763688230773e-02
2.908000000000000000e+03	2.796958415985053431e-02
2.909000000000000000e+03	2.795729279029241302e-02
2.910000000000000000e+03	2.794501432813866967e-02
2.911000000000000000e+03	2.793274956962723751e-02
2.912000000000000000e+03	2.792049923062872585e-02
2.913000000000000000e+03	2.790826382459466945e-02
2.914000000000000000e+03	2.789604365764680738e-02
2.915000000000000000e+03	2.788383891135150228e-02
2.916000000000000000e+03	2.787164968152694086e-02
2.917000000000000000e+03	2.785947628472695836e-02
2.918000000000000000e+03	2.784731912448623961e-02
2.919000000000000000e+03	2.783517854346760634e-02
2.920000000000000000e+03	2.782305477222496090e-02
2.921000000000000000e+03	2.781094795839231942e-02
2.922000000000000000e+03	2.779885823201308850e-02
2.923000000000000000e+03	2.778678566405577352e-02
2.924000000000000000e+03	2.777473019917513219e-02
2.925000000000000000e+03	2.776269166513940095e-02
2.926000000000000000e+03	2.775066995201215178e-02
2.927000000000000000e+03	2.773866491349048086e-02
2.928000000000000000e+03	2.772667630518976106e-02
2.929000000000000000e+03	2.771470398982735575e-02
2.930000000000000000e+03	2.770274776166462005e-02
2.931000000000000000e+03	2.769080781774672234e-02
2.932000000000000000e+03	2.767888442011099542e-02
2.933000000000000000e+03	2.766697763777598365e-02
2.934000000000000000e+03	2.765508735551293340e-02
2.935000000000000000e+03	2.764321353595161276e-02
2.936000000000000000e+03	2.763135634511413793e-02
2.937000000000000000e+03	2.761951589652612143e-02
2.938000000000000000e+03	2.760769248920339966e-02
2.939000000000000000e+03	2.759588656478825092e-02
2.940000000000000000e+03	2.758409818912282291e-02
2.941000000000000000e+03	2.757232710194966463e-02
2.942000000000000000e+03	2.756057304229024563e-02
2.943000000000000000e+03	2.754883592591233360e-02
2.944000000000000000e+03	2.753711582196205834e-02
2.945000000000000000e+03	2.752541287913231466e-02
2.946000000000000000e+03	2.751372710564288504e-02
2.947000000000000000e+03	2.750205814883352820e-02
2.948000000000000000e+03	2.749040559705303796e-02
2.949000000000000000e+03	2.747876918593709569e-02
2.950000000000000000e+03	2.746714868096778936e-02
2.951000000000000000e+03	2.745554392458006074e-02
2.952000000000000000e+03	2.744395492443600995e-02
2.953000000000000000e+03	2.743238162116408072e-02
2.954000000000000000e+03	2.742082376252282655e-02
2.955000000000000000e+03	2.740928121216023444e-02
2.956000000000000000e+03	2.739775384442321576e-02
2.957000000000000000e+03	2.738624152742653514e-02
2.958000000000000000e+03	2.737474430691094751e-02
2.959000000000000000e+03	2.736326227846673162e-02
2.960000000000000000e+03	2.735179529706617887e-02
2.961000000000000000e+03	2.734034284154800848e-02
2.962000000000000000e+03	2.732890447672940704e-02
2.963000000000000000e+03	2.731748010580998740e-02
2.964000000000000000e+03	2.730606967355055439e-02
2.965000000000000000e+03	2.729467314174294917e-02
2.966000000000000000e+03	2.728329051633092070e-02
2.967000000000000000e+03	2.727192183290808383e-02
2.968000000000000000e+03	2.726056707674637605e-02
2.969000000000000000e+03	2.724922612211793174e-02
2.970000000000000000e+03	2.723789864841824615e-02
2.971000000000000000e+03	2.722658419676246208e-02
2.972000000000000000e+03	2.721528239599955296e-02
2.973000000000000000e+03	2.720399312551968762e-02
2.974000000000000000e+03	2.719271642084548912e-02
2.975000000000000000e+03	2.718145205116910892e-02
2.976000000000000000e+03	2.717019967768855362e-02
2.977000000000000000e+03	2.715895913384545196e-02
2.978000000000000000e+03	2.714773032566960426e-02
2.979000000000000000e+03	2.713651312342692593e-02
2.980000000000000000e+03	2.712530724954271069e-02
2.981000000000000000e+03	2.711411257251952756e-02
2.982000000000000000e+03	2.710292902881827892e-02
2.983000000000000000e+03	2.709175652816353530e-02
2.984000000000000000e+03	2.708059500244571968e-02
2.985000000000000000e+03	2.706944435741148389e-02
2.986000000000000000e+03	2.705830448133355812e-02
2.987000000000000000e+03	2.704717531655978502e-02
2.988000000000000000e+03	2.703605673753897362e-02
2.989000000000000000e+03	2.702494841485459168e-02
2.990000000000000000e+03	2.701385004510273302e-02
2.991000000000000000e+03	2.700276157802956531e-02
2.992000000000000000e+03	2.699168304140142638e-02
2.993000000000000000e+03	2.698061449118645261e-02
2.994000000000000000e+03	2.696955603805996360e-02
2.995000000000000000e+03	2.695850787365722603e-02
2.996000000000000000e+03	2.694747018791184695e-02
2.997000000000000000e+03	2.693644301711123346e-02
2.998000000000000000e+03	2.692542648423964374e-02
2.999000000000000000e+03	2.691442086520304949e-02
3.000000000000000000e+03	2.690342597321313325e-02
3.001000000000000000e+03	2.689244123155900765e-02
3.002000000000000000e+03	2.688146616061976371e-02
3.003000000000000000e+03	2.687050059359683690e-02
3.004000000000000000e+03	2.685954457480774563e-02
3.005000000000000000e+03	2.684859822196532242e-02
3.006000000000000000e+03	2.683766153631420709e-02
3.007000000000000000e+03	2.682673456314067784e-02
3.008000000000000000e+03	2.681581749171513956e-02
3.009000000000000000e+03	2.680491039593849156e-02
3.010000000000000000e+03	2.679401299937316308e-02
3.011000000000000000e+03	2.678312512293018130e-02
3.012000000000000000e+03	2.677224691067242590e-02
3.013000000000000000e+03	2.676137849556413026e-02
3.014000000000000000e+03	2.675051984668608621e-02
3.015000000000000000e+03	2.673967115291974242e-02
3.016000000000000000e+03	2.672883264061279296e-02
3.017000000000000000e+03	2.671800437391280356e-02
3.018000000000000000e+03	2.670718644302809766e-02
3.019000000000000000e+03	2.669637923335256915e-02
3.020000000000000000e+03	2.668558317026796869e-02
3.021000000000000000e+03	2.667479856110735459e-02
3.022000000000000000e+03	2.666402553587420704e-02
3.023000000000000000e+03	2.665326413922436757e-02
3.024000000000000000e+03	2.664251439250895845e-02
3.025000000000000000e+03	2.663177622290829882e-02
3.026000000000000000e+03	2.662104951474910178e-02
3.027000000000000000e+03	2.661033406344345820e-02
3.028000000000000000e+03	2.659962964739632021e-02
3.029000000000000000e+03	2.658893624342415288e-02
3.030000000000000000e+03	2.657825390089607956e-02
3.031000000000000000e+03	2.656758258130158951e-02
3.032000000000000000e+03	2.655692232580344689e-02
3.033000000000000000e+03	2.654627298147389791e-02
3.034000000000000000e+03	2.653563445540113239e-02
3.035000000000000000e+03	2.652500703117063527e-02
3.036000000000000000e+03	2.651439063291121528e-02
3.037000000000000000e+03	2.650378493951787567e-02
3.038000000000000000e+03	2.649318982490187629e-02
3.039000000000000000e+03	2.648260527995777505e-02
3.040000000000000000e+03	2.647203155721486803e-02
3.041000000000000000e+03	2.646146878795949467e-02
3.042000000000000000e+03	2.645091692836834540e-02
3.043000000000000000e+03	2.644037597065003811e-02
3.044000000000000000e+03	2.642984574533247324e-02
3.045000000000000000e+03	2.641932617433028971e-02
3.046000000000000000e+03	2.640881743155770733e-02
3.047000000000000000e+03	2.639831970520265317e-02
3.048000000000000000e+03	2.638783319929166593e-02
3.049000000000000000e+03	2.637735783996813382e-02
3.050000000000000000e+03	2.636689377351995184e-02
3.051000000000000000e+03	2.635644128847380169e-02
3.052000000000000000e+03	2.634600053854833576e-02
3.053000000000000000e+03	2.633557156209699948e-02
3.054000000000000000e+03	2.632515443422879867e-02
3.055000000000000000e+03	2.631474916706838182e-02
3.056000000000000000e+03	2.630435557139011379e-02
3.057000000000000000e+03	2.629397352891894857e-02
3.058000000000000000e+03	2.628360309403860937e-02
3.059000000000000000e+03	2.627324427415115085e-02
3.060000000000000000e+03	2.626289688593289734e-02
3.061000000000000000e+03	2.625256076702246408e-02
3.062000000000000000e+03	2.624223599319228106e-02
3.063000000000000000e+03	2.623192270173893906e-02
3.064000000000000000e+03	2.622162101725231467e-02
3.065000000000000000e+03	2.621133094758910584e-02
3.066000000000000000e+03	2.620105229603778701e-02
3.067000000000000000e+03	2.619078481550480078e-02
3.068000000000000000e+03	2.618052832031335375e-02
3.069000000000000000e+03	2.617028270354612371e-02
3.070000000000000000e+03	2.616004801339617478e-02
3.071000000000000000e+03	2.614982430187835077e-02
3.072000000000000000e+03	2.613961162422243079e-02
3.073000000000000000e+03	2.612940996070964306e-02
3.074000000000000000e+03	2.611921923454291194e-02
3.075000000000000000e+03	2.610903929708921489e-02
3.076000000000000000e+03	2.609887009421098941e-02
3.077000000000000000e+03	2.608871174561733924e-02
3.078000000000000000e+03	2.607856407026958728e-02
3.079000000000000000e+03	2.606842679818718519e-02
3.080000000000000000e+03	2.605829982577351558e-02
3.081000000000000000e+03	2.604818323769238914e-02
3.082000000000000000e+03	2.603807733671691799e-02
3.083000000000000000e+03	2.602798248942855483e-02
3.084000000000000000e+03	2.601789877368081497e-02
3.085000000000000000e+03	2.600782601490477311e-02
3.086000000000000000e+03	2.599776396602177658e-02
3.087000000000000000e+03	2.598771250349074524e-02
3.088000000000000000e+03	2.597767138772374279e-02
3.089000000000000000e+03	2.596764016803706707e-02
3.090000000000000000e+03	2.595761859230101554e-02
3.091000000000000000e+03	2.594760676511413677e-02
3.092000000000000000e+03	2.593760482557740110e-02
3.093000000000000000e+03	2.592761303140589044e-02
3.094000000000000000e+03	2.591763148284397661e-02
3.095000000000000000e+03	2.590766019708039269e-02
3.096000000000000000e+03	2.589769933686177431e-02
3.097000000000000000e+03	2.588774904632127824e-02
3.098000000000000000e+03	2.587780946093557258e-02
3.099000000000000000e+03	2.586788082298650121e-02
3.100000000000000000e+03	2.585796330334491980e-02
3.101000000000000000e+03	2.584805682304378710e-02
3.102000000000000000e+03	2.583816123466324208e-02
3.103000000000000000e+03	2.582827648747737861e-02
3.104000000000000000e+03	2.581840267231544708e-02
3.105000000000000000e+03	2.580853997201207339e-02
3.106000000000000000e+03	2.579868861917215123e-02
3.107000000000000000e+03	2.578884874647268191e-02
3.108000000000000000e+03	2.577902058805106589e-02
3.109000000000000000e+03	2.576920443725853188e-02
3.110000000000000000e+03	2.575940046379366147e-02
3.111000000000000000e+03	2.574960880247454884e-02
3.112000000000000000e+03	2.573982955994605359e-02
3.113000000000000000e+03	2.573006287105929560e-02
3.114000000000000000e+03	2.572030903869507168e-02
3.115000000000000000e+03	2.571056837654495802e-02
3.116000000000000000e+03	2.570084096543504698e-02
3.117000000000000000e+03	2.569112670163355150e-02
3.118000000000000000e+03	2.568142538651622259e-02
3.119000000000000000e+03	2.567173674968261515e-02
3.120000000000000000e+03	2.566206055032373839e-02
3.121000000000000000e+03	2.565239659956469048e-02
3.122000000000000000e+03	2.564274518042651552e-02
3.123000000000000000e+03	2.563310679307875817e-02
3.124000000000000000e+03	2.562348172448433367e-02
3.125000000000000000e+03	2.561387017961013965e-02
3.126000000000000000e+03	2.560427258072748777e-02
3.127000000000000000e+03	2.559468943268887117e-02
3.128000000000000000e+03	2.558512127954406037e-02
3.129000000000000000e+03	2.557556876763006706e-02
3.130000000000000000e+03	2.556603242402291989e-02
3.131000000000000000e+03	2.555651278231309276e-02
3.132000000000000000e+03	2.554701045457942812e-02
3.133000000000000000e+03	2.553752581384513901e-02
3.134000000000000000e+03	2.552805900296719471e-02
3.135000000000000000e+03	2.551861010190411075e-02
3.136000000000000000e+03	2.550917916105021818e-02
3.137000000000000000e+03	2.549976645260033578e-02
3.138000000000000000e+03	2.549037252266333001e-02
3.139000000000000000e+03	2.548099785688418689e-02
3.140000000000000000e+03	2.547164285060312533e-02
3.141000000000000000e+03	2.546230803385958474e-02
3.142000000000000000e+03	2.545299406891204583e-02
3.143000000000000000e+03	2.544370164744825732e-02
3.144000000000000000e+03	2.543443139799421437e-02
3.145000000000000000e+03	2.542518403602084254e-02
3.146000000000000000e+03	2.541596016849112863e-02
3.147000000000000000e+03	2.540676022229233777e-02
3.148000000000000000e+03	2.539758459607443369e-02
3.149000000000000000e+03	2.538843377860446060e-02
3.150000000000000000e+03	2.537930828137375389e-02
3.151000000000000000e+03	2.537020846338919680e-02
3.152000000000000000e+03	2.536113454398875033e-02
3.153000000000000000e+03	2.535208684679899141e-02
3.154000000000000000e+03	2.534306562194695370e-02
3.155000000000000000e+03	2.533407138189394323e-02
3.156000000000000000e+03	2.532510483822025815e-02
3.157000000000000000e+03	2.531616651732059714e-02
3.158000000000000000e+03	2.530725698366526055e-02
3.159000000000000000e+03	2.529837687002202753e-02
3.160000000000000000e+03	2.528952651276336616e-02
3.161000000000000000e+03	2.528070599471201468e-02
3.162000000000000000e+03	2.527191568535530272e-02
3.163000000000000000e+03	2.526315621075350334e-02
3.164000000000000000e+03	2.525442834431031527e-02
3.165000000000000000e+03	2.524573271281421033e-02
3.166000000000000000e+03	2.523706970976048042e-02
3.167000000000000000e+03	2.522843974324726068e-02
3.168000000000000000e+03	2.521984349994808167e-02
3.169000000000000000e+03	2.521128140349119390e-02
3.170000000000000000e+03	2.520275364179929561e-02
3.171000000000000000e+03	2.519426069432876419e-02
3.172000000000000000e+03	2.518580311169743569e-02
3.173000000000000000e+03	2.517738128332068503e-02
3.174000000000000000e+03	2.516899555247039885e-02
3.175000000000000000e+03	2.516064621338513080e-02
3.176000000000000000e+03	2.515233373256573965e-02
3.177000000000000000e+03	2.514405861903364417e-02
3.178000000000000000e+03	2.513582134952378408e-02
3.179000000000000000e+03	2.512762221058439591e-02
3.180000000000000000e+03	2.511946148176638985e-02
3.181000000000000000e+03	2.511133947009844963e-02
3.182000000000000000e+03	2.510325643743497107e-02
3.183000000000000000e+03	2.509521269926459283e-02
3.184000000000000000e+03	2.508720857554982975e-02
3.185000000000000000e+03	2.507924440402606661e-02
3.186000000000000000e+03	2.507132051176732754e-02
3.187000000000000000e+03	2.506343704352724175e-02
3.188000000000000000e+03	2.505559404570689708e-02
3.189000000000000000e+03	2.504779177830847650e-02
3.190000000000000000e+03	2.504003051148498069e-02
3.191000000000000000e+03	2.503231052169282295e-02
3.192000000000000000e+03	2.502463204055938376e-02
3.193000000000000000e+03	2.501699524379268416e-02
3.194000000000000000e+03	2.500940016497867416e-02
3.195000000000000000e+03	2.500184682218161911e-02
3.196000000000000000e+03	2.499433530320379140e-02
3.197000000000000000e+03	2.498686567877753464e-02
3.198000000000000000e+03	2.497943799970054474e-02
3.199000000000000000e+03	2.497205235551235025e-02
3.200000000000000000e+03	2.496470889089295528e-02
3.201000000000000000e+03	2.495740756469605817e-02
3.202000000000000000e+03	2.495014829555279590e-02
3.203000000000000000e+03	2.494293110975834282e-02
3.204000000000000000e+03	2.493575618074253888e-02
3.205000000000000000e+03	2.492862354539121528e-02
3.206000000000000000e+03	2.492153315455615178e-02
3.207000000000000000e+03	2.491448497941650686e-02
3.208000000000000000e+03	2.490747885736904407e-02
3.209000000000000000e+03	2.490051462201424426e-02
3.210000000000000000e+03	2.489359220444864115e-02
3.211000000000000000e+03	2.488671156355672098e-02
3.212000000000000000e+03	2.487987267822048751e-02
3.213000000000000000e+03	2.487307549538129645e-02
3.214000000000000000e+03	2.486631981036275391e-02
3.215000000000000000e+03	2.485960533552932644e-02
3.216000000000000000e+03	2.485293184631419058e-02
3.217000000000000000e+03	2.484629908853328017e-02
3.218000000000000000e+03	2.483970671954794512e-02
3.219000000000000000e+03	2.483315451270519392e-02
3.220000000000000000e+03	2.482664223407261492e-02
3.221000000000000000e+03	2.482016940220305168e-02
3.222000000000000000e+03	2.481373549333975095e-02
3.223000000000000000e+03	2.480734006989237378e-02
3.224000000000000000e+03	2.480098290903379882e-02
3.225000000000000000e+03	2.479466390354284969e-02
3.226000000000000000e+03	2.478838283490831379e-02
3.227000000000000000e+03	2.478213938195467439e-02
3.228000000000000000e+03	2.477593302549208759e-02
3.229000000000000000e+03	2.476976315106396015e-02
3.230000000000000000e+03	2.476362920946726179e-02
3.231000000000000000e+03	2.475753068361449122e-02
3.232000000000000000e+03	2.475146727176291001e-02
3.233000000000000000e+03	2.474543874455548478e-02
3.234000000000000000e+03	2.473944478829190677e-02
3.235000000000000000e+03	2.473348500943840789e-02
3.236000000000000000e+03	2.472755894555344128e-02
3.237000000000000000e+03	2.472166616461336092e-02
3.238000000000000000e+03	2.471580649732422336e-02
3.239000000000000000e+03	2.470997990313270401e-02
3.240000000000000000e+03	2.470418609613399610e-02
3.241000000000000000e+03	2.469842471175228565e-02
3.242000000000000000e+03	2.469269551670075571e-02
3.243000000000000000e+03	2.468699825485244290e-02
3.244000000000000000e+03	2.468133244779930832e-02
3.245000000000000000e+03	2.467569764526596210e-02
3.246000000000000000e+03	2.467009358689372864e-02
3.247000000000000000e+03	2.466451994532431816e-02
3.248000000000000000e+03	2.465897628392310637e-02
3.249000000000000000e+03	2.465346226664864859e-02
3.250000000000000000e+03	2.464797746394490480e-02
3.251000000000000000e+03	2.464252151372130911e-02
3.252000000000000000e+03	2.463709430320528901e-02
3.253000000000000000e+03	2.463169586407532724e-02
3.254000000000000000e+03	2.462632619885654975e-02
3.255000000000000000e+03	2.462098529855272569e-02
3.256000000000000000e+03	2.461567308133754892e-02
3.257000000000000000e+03	2.461038945799807684e-02
3.258000000000000000e+03	2.460513437040395823e-02
3.259000000000000000e+03	2.459990784034604694e-02
3.260000000000000000e+03	2.459470991339287455e-02
3.261000000000000000e+03	2.458954053329105022e-02
3.262000000000000000e+03	2.458439944138095593e-02
3.263000000000000000e+03	2.457928643145142547e-02
3.264000000000000000e+03	2.457420140249287274e-02
3.265000000000000000e+03	2.456914416269582666e-02
3.266000000000000000e+03	2.456411462808610197e-02
3.267000000000000000e+03	2.455911302190268153e-02
3.268000000000000000e+03	2.455413965009065752e-02
3.269000000000000000e+03	2.454919464594500222e-02
3.270000000000000000e+03	2.454427796862510350e-02
3.271000000000000000e+03	2.453938943777191767e-02
3.272000000000000000e+03	2.453452884462360706e-02
3.273000000000000000e+03	2.452969632307242312e-02
3.274000000000000000e+03	2.452489183724907568e-02
3.275000000000000000e+03	2.452011504478257900e-02
3.276000000000000000e+03	2.451536572332319031e-02
3.277000000000000000e+03	2.451064377409564038e-02
3.278000000000000000e+03	2.450594917048943763e-02
3.279000000000000000e+03	2.450128205515858179e-02
3.280000000000000000e+03	2.449664247452495655e-02
3.281000000000000000e+03	2.449203024606089185e-02
3.282000000000000000e+03	2.448744502729905542e-02
3.283000000000000000e+03	2.448288658699927789e-02
3.284000000000000000e+03	2.447835479892517332e-02
3.285000000000000000e+03	2.447384967141541870e-02
3.286000000000000000e+03	2.446937140429262039e-02
3.287000000000000000e+03	2.446492023981495373e-02
3.288000000000000000e+03	2.446049645626093699e-02
3.289000000000000000e+03	2.445610049971519429e-02
3.290000000000000000e+03	2.445173285370009358e-02
3.291000000000000000e+03	2.444739349398033709e-02
3.292000000000000000e+03	2.444308259631213648e-02
3.293000000000000000e+03	2.443880050833751108e-02
3.294000000000000000e+03	2.443454766545679474e-02
3.295000000000000000e+03	2.443032451659661597e-02
3.296000000000000000e+03	2.442613175606694539e-02
3.297000000000000000e+03	2.442197006851354671e-02
3.298000000000000000e+03	2.441784012952924465e-02
3.299000000000000000e+03	2.441374263842280290e-02
3.300000000000000000e+03	2.440967793614155432e-02
3.301000000000000000e+03	2.440564629396846374e-02
3.302000000000000000e+03	2.440164802458490503e-02
3.303000000000000000e+03	2.439768333329765324e-02
3.304000000000000000e+03	2.439375245528589004e-02
3.305000000000000000e+03	2.438985553021247310e-02
3.306000000000000000e+03	2.438599300229790309e-02
3.307000000000000000e+03	2.438216567284221675e-02
3.308000000000000000e+03	2.437837452142116793e-02
3.309000000000000000e+03	2.437462054411956500e-02
3.310000000000000000e+03	2.437090449955579829e-02
3.311000000000000000e+03	2.436722707823832032e-02
3.312000000000000000e+03	2.436358906646400591e-02
3.313000000000000000e+03	2.435999148068686629e-02
3.314000000000000000e+03	2.435643525007941124e-02
3.315000000000000000e+03	2.435292102824495458e-02
3.316000000000000000e+03	2.434944936919527722e-02
3.317000000000000000e+03	2.434602089645526365e-02
3.318000000000000000e+03	2.434263629836016726e-02
3.319000000000000000e+03	2.433929636127325075e-02
3.320000000000000000e+03	2.433600199822857565e-02
3.321000000000000000e+03	2.433275413119087571e-02
3.322000000000000000e+03	2.432955341286228632e-02
3.323000000000000000e+03	2.432640042586190279e-02
3.324000000000000000e+03	2.432329602599625148e-02
3.325000000000000000e+03	2.432024139415040268e-02
3.326000000000000000e+03	2.431723788738132316e-02
3.327000000000000000e+03	2.431428660311314022e-02
3.328000000000000000e+03	2.431138849648347561e-02
3.329000000000000000e+03	2.430854440678962766e-02
3.330000000000000000e+03	2.430575517543483166e-02
3.331000000000000000e+03	2.430302146309957362e-02
3.332000000000000000e+03	2.430034377805244741e-02
3.333000000000000000e+03	2.429772260952807114e-02
3.334000000000000000e+03	2.429515856604278976e-02
3.335000000000000000e+03	2.429265242154955012e-02
3.336000000000000000e+03	2.429020492697317804e-02
3.337000000000000000e+03	2.428781683806100974e-02
3.338000000000000000e+03	2.428548891631954545e-02
3.339000000000000000e+03	2.428322173929897340e-02
3.340000000000000000e+03	2.428101601454185285e-02
3.341000000000000000e+03	2.427887257870148946e-02
3.342000000000000000e+03	2.427679233322455402e-02
3.343000000000000000e+03	2.427477591316408792e-02
3.344000000000000000e+03	2.427282379339728083e-02
3.345000000000000000e+03	2.427093648870708512e-02
3.346000000000000000e+03	2.426911474937134758e-02
3.347000000000000000e+03	2.426735959946538235e-02
3.348000000000000000e+03	2.426567212803248247e-02
3.349000000000000000e+03	2.426405327016679242e-02
3.350000000000000000e+03	2.426250383354273260e-02
3.351000000000000000e+03	2.426102429252630435e-02
3.352000000000000000e+03	2.425961486105200626e-02
3.353000000000000000e+03	2.425827583153496864e-02
3.354000000000000000e+03	2.425700754827106800e-02
3.355000000000000000e+03	2.425581017839176234e-02
3.356000000000000000e+03	2.425468373151953502e-02
3.357000000000000000e+03	2.425362821314565320e-02
3.358000000000000000e+03	2.425264365589519661e-02
3.359000000000000000e+03	2.425173005536539195e-02
3.360000000000000000e+03	2.425088769576359132e-02
3.361000000000000000e+03	2.425011695688508717e-02
3.362000000000000000e+03	2.424941836849047599e-02
3.363000000000000000e+03	2.424879258660117554e-02
3.364000000000000000e+03	2.424823976216835056e-02
3.365000000000000000e+03	2.424775954266667269e-02
3.366000000000000000e+03	2.424735167645671735e-02
3.367000000000000000e+03	2.424701629460090241e-02
3.368000000000000000e+03	2.424675385025480689e-02
3.369000000000000000e+03	2.424656488221477862e-02
3.370000000000000000e+03	2.424644961668068893e-02
3.371000000000000000e+03	2.424640816791068590e-02
3.372000000000000000e+03	2.424644032949197989e-02
3.373000000000000000e+03	2.424654588758790377e-02
3.374000000000000000e+03	2.424672489070640521e-02
3.375000000000000000e+03	2.424697716565037131e-02
3.376000000000000000e+03	2.424730274622548254e-02
3.377000000000000000e+03	2.424770164852680515e-02
3.378000000000000000e+03	2.424817373779117324e-02
3.379000000000000000e+03	2.424871909433009079e-02
3.380000000000000000e+03	2.424933803830364720e-02
3.381000000000000000e+03	2.425003084147262303e-02
3.382000000000000000e+03	2.425079733760421991e-02
3.383000000000000000e+03	2.425163707711844308e-02
3.384000000000000000e+03	2.425254948314633022e-02
3.385000000000000000e+03	2.425353395466897655e-02
3.386000000000000000e+03	2.425458991827112581e-02
3.387000000000000000e+03	2.425571713751803471e-02
3.388000000000000000e+03	2.425691568432717174e-02
3.389000000000000000e+03	2.425818563849681600e-02
3.390000000000000000e+03	2.425952713863160567e-02
3.391000000000000000e+03	2.426094009751417896e-02
3.392000000000000000e+03	2.426242393259774727e-02
3.393000000000000000e+03	2.426397779614195699e-02
3.394000000000000000e+03	2.426560080894438892e-02
3.395000000000000000e+03	2.426729175688025278e-02
3.396000000000000000e+03	2.426904935002480515e-02
3.397000000000000000e+03	2.427087268752795707e-02
3.398000000000000000e+03	2.427276064403075320e-02
3.399000000000000000e+03	2.427471190771967810e-02
3.400000000000000000e+03	2.427672545118448461e-02
3.401000000000000000e+03	2.427880062209840373e-02
3.402000000000000000e+03	2.428093713841216958e-02
3.403000000000000000e+03	2.428313478467502770e-02
3.404000000000000000e+03	2.428539338731682332e-02
3.405000000000000000e+03	2.428771297015006048e-02
3.406000000000000000e+03	2.429009366059002237e-02
3.407000000000000000e+03	2.429253527292717443e-02
3.408000000000000000e+03	2.429503745766854739e-02
3.409000000000000000e+03	2.429760017416705137e-02
3.410000000000000000e+03	2.430022339926776048e-02
3.411000000000000000e+03	2.430290707270249539e-02
3.412000000000000000e+03	2.430565104275961286e-02
3.413000000000000000e+03	2.430845472552727385e-02
3.414000000000000000e+03	2.431131730872444080e-02
3.415000000000000000e+03	2.431423801388523862e-02
3.416000000000000000e+03	2.431721623302363772e-02
3.417000000000000000e+03	2.432025165159989663e-02
3.418000000000000000e+03	2.432334408894330779e-02
3.419000000000000000e+03	2.432649322064615524e-02
3.420000000000000000e+03	2.432969885980603916e-02
3.421000000000000000e+03	2.433296088141401539e-02
3.422000000000000000e+03	2.433627902758563402e-02
3.423000000000000000e+03	2.433965289937834939e-02
3.424000000000000000e+03	2.434308211926807658e-02
3.425000000000000000e+03	2.434656631147889480e-02
3.426000000000000000e+03	2.435010507247342346e-02
3.427000000000000000e+03	2.435369798880830314e-02
3.428000000000000000e+03	2.435734475960205439e-02
3.429000000000000000e+03	2.436104534743377750e-02
3.430000000000000000e+03	2.436479979546162314e-02
3.431000000000000000e+03	2.436860805085426171e-02
3.432000000000000000e+03	2.437247002045263289e-02
3.433000000000000000e+03	2.437638573184392615e-02
3.434000000000000000e+03	2.438035537416587475e-02
3.435000000000000000e+03	2.438437913392719689e-02
3.436000000000000000e+03	2.438845706717908401e-02
3.437000000000000000e+03	2.439258930291103925e-02
3.438000000000000000e+03	2.439677608312277798e-02
3.439000000000000000e+03	2.440101763515688249e-02
3.440000000000000000e+03	2.440531392524353249e-02
3.441000000000000000e+03	2.440966496420921006e-02
3.442000000000000000e+03	2.441407094924663568e-02
3.443000000000000000e+03	2.441853229659520300e-02
3.444000000000000000e+03	2.442304925402849144e-02
3.445000000000000000e+03	2.442762187040918576e-02
3.446000000000000000e+03	2.443225066246047794e-02
3.447000000000000000e+03	2.443693602845133789e-02
3.448000000000000000e+03	2.444167805406112851e-02
3.449000000000000000e+03	2.444647666132919103e-02
3.450000000000000000e+03	2.445133169889428248e-02
3.451000000000000000e+03	2.445624323299941741e-02
3.452000000000000000e+03	2.446121158320940445e-02
3.453000000000000000e+03	2.446623686096159947e-02
3.454000000000000000e+03	2.447131922163538545e-02
3.455000000000000000e+03	2.447645898665941691e-02
3.456000000000000000e+03	2.448165657333797526e-02
3.457000000000000000e+03	2.448691208829115520e-02
3.458000000000000000e+03	2.449222573156097441e-02
3.459000000000000000e+03	2.449759787887046542e-02
3.460000000000000000e+03	2.450302898437173305e-02
3.461000000000000000e+03	2.450851962425300290e-02
3.462000000000000000e+03	2.451407031072231138e-02
3.463000000000000000e+03	2.451968141981021240e-02
3.464000000000000000e+03	2.452535361713031187e-02
3.465000000000000000e+03	2.453108780724025731e-02
3.466000000000000000e+03	2.453688477170110072e-02
3.467000000000000000e+03	2.454274482943642408e-02
3.468000000000000000e+03	2.454866791680413926e-02
3.469000000000000000e+03	2.455465388770097443e-02
3.470000000000000000e+03	2.456070281275302830e-02
3.471000000000000000e+03	2.456681481622149596e-02
3.472000000000000000e+03	2.457299031378481352e-02
3.473000000000000000e+03	2.457922977499024317e-02
3.474000000000000000e+03	2.458553324489442735e-02
3.475000000000000000e+03	2.459190058210890956e-02
3.476000000000000000e+03	2.459833155626245729e-02
3.477000000000000000e+03	2.460482597081796452e-02
3.478000000000000000e+03	2.461138383009694314e-02
3.479000000000000000e+03	2.461800528313835487e-02
3.480000000000000000e+03	2.462469034256196607e-02
3.481000000000000000e+03	2.463143887280219713e-02
3.482000000000000000e+03	2.463825086599945313e-02
3.483000000000000000e+03	2.464512649453506551e-02
3.484000000000000000e+03	2.465206599711115831e-02
3.485000000000000000e+03	2.465906952873964109e-02
3.486000000000000000e+03	2.466613705285523525e-02
3.487000000000000000e+03	2.467326840458426013e-02
3.488000000000000000e+03	2.468046372816555881e-02
3.489000000000000000e+03	2.468772345372468452e-02
3.490000000000000000e+03	2.469504798371837534e-02
3.491000000000000000e+03	2.470243754998567576e-02
3.492000000000000000e+03	2.470989226445468798e-02
3.493000000000000000e+03	2.471741225344433954e-02
3.494000000000000000e+03	2.472499752502986189e-02
3.495000000000000000e+03	2.473264795568568333e-02
3.496000000000000000e+03	2.474036335749060095e-02
3.497000000000000000e+03	2.474814359611472031e-02
3.498000000000000000e+03	2.475598827699803522e-02
3.499000000000000000e+03	2.476389690219662695e-02
3.500000000000000000e+03	2.477186932395268257e-02
3.501000000000000000e+03	2.477990527414330665e-02
3.502000000000000000e+03	2.478800431274434321e-02
3.503000000000000000e+03	2.479616610652009279e-02
3.504000000000000000e+03	2.480439028891584172e-02
3.505000000000000000e+03	2.481267636824634887e-02
3.506000000000000000e+03	2.482102400728595018e-02
3.507000000000000000e+03	2.482943266659860121e-02
3.508000000000000000e+03	2.483790154132442182e-02
3.509000000000000000e+03	2.484643006850041289e-02
3.510000000000000000e+03	2.485501810424994504e-02
3.511000000000000000e+03	2.486366555568458522e-02
3.512000000000000000e+03	2.487237232823579294e-02
3.513000000000000000e+03	2.488113797156378537e-02
3.514000000000000000e+03	2.488996173544786097e-02
3.515000000000000000e+03	2.489884314064997467e-02
3.516000000000000000e+03	2.490778178893906028e-02
3.517000000000000000e+03	2.491677718307024406e-02
3.518000000000000000e+03	2.492582868060405632e-02
3.519000000000000000e+03	2.493493574087204609e-02
3.520000000000000000e+03	2.494409791818845076e-02
3.521000000000000000e+03	2.495331455238251547e-02
3.522000000000000000e+03	2.496258524352489711e-02
3.523000000000000000e+03	2.497190968185094076e-02
3.524000000000000000e+03	2.498128720733486588e-02
3.525000000000000000e+03	2.499071714915178377e-02
3.526000000000000000e+03	2.500019924550568942e-02
3.527000000000000000e+03	2.500973322898466383e-02
3.528000000000000000e+03	2.501931843033417674e-02
3.529000000000000000e+03	2.502895332131645570e-02
3.530000000000000000e+03	2.503863580464052788e-02
3.531000000000000000e+03	2.504836360044407004e-02
3.532000000000000000e+03	2.505813472222681582e-02
3.533000000000000000e+03	2.506794779953416125e-02
3.534000000000000000e+03	2.507780197530581207e-02
3.535000000000000000e+03	2.508769632050183648e-02
3.536000000000000000e+03	2.509763007904114093e-02
3.537000000000000000e+03	2.510760263292797709e-02
3.538000000000000000e+03	2.511761312923985884e-02
3.539000000000000000e+03	2.512766065765620338e-02
3.540000000000000000e+03	2.513774418366721344e-02
3.541000000000000000e+03	2.514786294075713538e-02
3.542000000000000000e+03	2.515801609107282122e-02
3.543000000000000000e+03	2.516820248185673570e-02
3.544000000000000000e+03	2.517842098840558304e-02
3.545000000000000000e+03	2.518867094821761882e-02
3.546000000000000000e+03	2.519895204118901763e-02
3.547000000000000000e+03	2.520926333986757764e-02
3.548000000000000000e+03	2.521960365767882822e-02
3.549000000000000000e+03	2.522997185428254435e-02
3.550000000000000000e+03	2.524036704893338132e-02
3.551000000000000000e+03	2.525078843650570629e-02
3.552000000000000000e+03	2.526123498846513313e-02
3.553000000000000000e+03	2.527170574079924334e-02
3.554000000000000000e+03	2.528220012356368132e-02
3.555000000000000000e+03	2.529271755418562376e-02
3.556000000000000000e+03	2.530325752959185215e-02
3.557000000000000000e+03	2.531381991574697954e-02
3.558000000000000000e+03	2.532440434906656213e-02
3.559000000000000000e+03	2.533501040307662225e-02
3.560000000000000000e+03	2.534563786200772287e-02
3.561000000000000000e+03	2.535628657092714455e-02
3.562000000000000000e+03	2.536695611696692179e-02
3.563000000000000000e+03	2.537764605512667776e-02
3.564000000000000000e+03	2.538835619563523799e-02
3.565000000000000000e+03	2.539908666594227482e-02
3.566000000000000000e+03	2.540983779751554081e-02
3.567000000000000000e+03	2.542060973154152206e-02
3.568000000000000000e+03	2.543140204369244081e-02
3.569000000000000000e+03	2.544221474722644510e-02
3.570000000000000000e+03	2.545304813641613428e-02
3.571000000000000000e+03	2.546390249322301458e-02
3.572000000000000000e+03	2.547477813395316107e-02
3.573000000000000000e+03	2.548567537005774764e-02
3.574000000000000000e+03	2.549659456825831630e-02
3.575000000000000000e+03	2.550753624466214897e-02
3.576000000000000000e+03	2.551850108294990982e-02
3.577000000000000000e+03	2.552948961173635151e-02
3.578000000000000000e+03	2.554050205522049102e-02
3.579000000000000000e+03	2.555153849510063621e-02
3.580000000000000000e+03	2.556259931953623957e-02
3.581000000000000000e+03	2.557368540268015883e-02
3.582000000000000000e+03	2.558479754030823505e-02
3.583000000000000000e+03	2.559593624740184176e-02
3.584000000000000000e+03	2.560710182645694472e-02
3.585000000000000000e+03	2.561829452316909117e-02
3.586000000000000000e+03	2.562951476688584210e-02
3.587000000000000000e+03	2.564076352140202616e-02
3.588000000000000000e+03	2.565204197537210989e-02
3.589000000000000000e+03	2.566335098758974406e-02
3.590000000000000000e+03	2.567469125953356773e-02
3.591000000000000000e+03	2.568606401474789538e-02
3.592000000000000000e+03	2.569747052412615917e-02
3.593000000000000000e+03	2.570891174829741457e-02
3.594000000000000000e+03	2.572038838535363817e-02
3.595000000000000000e+03	2.573190095506834238e-02
3.596000000000000000e+03	2.574345009090238737e-02
3.597000000000000000e+03	2.575503620482232081e-02
3.598000000000000000e+03	2.576665996639211295e-02
3.599000000000000000e+03	2.577832241749658873e-02
3.600000000000000000e+03	2.579002493293889101e-02
3.601000000000000000e+03	2.580176856081143125e-02
3.602000000000000000e+03	2.581355384927920549e-02
3.603000000000000000e+03	2.582538141245856525e-02
3.604000000000000000e+03	2.583725187274547863e-02
3.605000000000000000e+03	2.584916555844305255e-02
3.606000000000000000e+03	2.586112312914598879e-02
3.607000000000000000e+03	2.587312592130880384e-02
3.608000000000000000e+03	2.588517539620995012e-02
3.609000000000000000e+03	2.589727277971592620e-02
3.610000000000000000e+03	2.590941911067504849e-02
3.611000000000000000e+03	2.592161539910673579e-02
3.612000000000000000e+03	2.593386206084888346e-02
3.613000000000000000e+03	2.594615946076285831e-02
3.614000000000000000e+03	2.595850826399891814e-02
3.615000000000000000e+03	2.597090911417158574e-02
3.616000000000000000e+03	2.598336249798443437e-02
3.617000000000000000e+03	2.599586859704779845e-02
3.618000000000000000e+03	2.600842745028142042e-02
3.619000000000000000e+03	2.602103962147307714e-02
3.620000000000000000e+03	2.603370570044247559e-02
3.621000000000000000e+03	2.604642630902283956e-02
3.622000000000000000e+03	2.605920217507154413e-02
3.623000000000000000e+03	2.607203386010709112e-02
3.624000000000000000e+03	2.608492165964364923e-02
3.625000000000000000e+03	2.609786591838856792e-02
3.626000000000000000e+03	2.611086703283032814e-02
3.627000000000000000e+03	2.612392521345012139e-02
3.628000000000000000e+03	2.613704067903659806e-02
3.629000000000000000e+03	2.615021390684793556e-02
3.630000000000000000e+03	2.616344486076745135e-02
3.631000000000000000e+03	2.617673295583046456e-02
3.632000000000000000e+03	2.619007768065549982e-02
3.633000000000000000e+03	2.620347903912728302e-02
3.634000000000000000e+03	2.621693743204228308e-02
3.635000000000000000e+03	2.623045373754792978e-02
3.636000000000000000e+03	2.624402846272671716e-02
3.637000000000000000e+03	2.625766165598915000e-02
3.638000000000000000e+03	2.627135375396880135e-02
3.639000000000000000e+03	2.628510535925116312e-02
3.640000000000000000e+03	2.629891697440431275e-02
3.641000000000000000e+03	2.631278888519593059e-02
3.642000000000000000e+03	2.632672138482319152e-02
3.643000000000000000e+03	2.634071478628186372e-02
3.644000000000000000e+03	2.635476911763614746e-02
3.645000000000000000e+03	2.636888387598015915e-02
3.646000000000000000e+03	2.638305881837075054e-02
3.647000000000000000e+03	2.639729403507330013e-02
3.648000000000000000e+03	2.641158964638281800e-02
3.649000000000000000e+03	2.642594567531242333e-02
3.650000000000000000e+03	2.644036162429990594e-02
3.651000000000000000e+03	2.645483641528485752e-02
3.652000000000000000e+03	2.646936944255829510e-02
3.653000000000000000e+03	2.648396055663845491e-02
3.654000000000000000e+03	2.649860978121760385e-02
3.655000000000000000e+03	2.651331714584719348e-02
3.656000000000000000e+03	2.652808218484551187e-02
3.657000000000000000e+03	2.654290451027012734e-02
3.658000000000000000e+03	2.655778294218055086e-02
3.659000000000000000e+03	2.657271573127702527e-02
3.660000000000000000e+03	2.658770167738111131e-02
3.661000000000000000e+03	2.660273921121534060e-02
3.662000000000000000e+03	2.661782685474023066e-02
3.663000000000000000e+03	2.663296451312966578e-02
3.664000000000000000e+03	2.664815268213318114e-02
3.665000000000000000e+03	2.666339168544937938e-02
3.666000000000000000e+03	2.667868118540860090e-02
3.667000000000000000e+03	2.669401981824143927e-02
3.668000000000000000e+03	2.670940640120380086e-02
3.669000000000000000e+03	2.672484007367189815e-02
3.670000000000000000e+03	2.674031985356363147e-02
3.671000000000000000e+03	2.675584436764810031e-02
3.672000000000000000e+03	2.677141211347376301e-02
3.673000000000000000e+03	2.678702187376541879e-02
3.674000000000000000e+03	2.680267253192353608e-02
3.675000000000000000e+03	2.681836295239226411e-02
3.676000000000000000e+03	2.683409232458350974e-02
3.677000000000000000e+03	2.684985954207873976e-02
3.678000000000000000e+03	2.686566320819548312e-02
3.679000000000000000e+03	2.688150212212102666e-02
3.680000000000000000e+03	2.689737463143604401e-02
3.681000000000000000e+03	2.691327947276300411e-02
3.682000000000000000e+03	2.692921545170440939e-02
3.683000000000000000e+03	2.694518224806737722e-02
3.684000000000000000e+03	2.696118005887040633e-02
3.685000000000000000e+03	2.697720815212719184e-02
3.686000000000000000e+03	2.699326528251241517e-02
3.687000000000000000e+03	2.700935066369084328e-02
3.688000000000000000e+03	2.702546325507243150e-02
3.689000000000000000e+03	2.704160234360351855e-02
3.690000000000000000e+03	2.705776762229755023e-02
3.691000000000000000e+03	2.707395838132430066e-02
3.692000000000000000e+03	2.709017356203627727e-02
3.693000000000000000e+03	2.710641249618124526e-02
3.694000000000000000e+03	2.712267463264413786e-02
3.695000000000000000e+03	2.713895902791980258e-02
3.696000000000000000e+03	2.715526519972124783e-02
3.697000000000000000e+03	2.717159315148422530e-02
3.698000000000000000e+03	2.718794278345835688e-02
3.699000000000000000e+03	2.720431398427328520e-02
3.700000000000000000e+03	2.722070565175653892e-02
3.701000000000000000e+03	2.723711741542438405e-02
3.702000000000000000e+03	2.725354929287451822e-02
3.703000000000000000e+03	2.727000114282621471e-02
3.704000000000000000e+03	2.728647267757696934e-02
3.705000000000000000e+03	2.730296277099665547e-02
3.706000000000000000e+03	2.731946992356944562e-02
3.707000000000000000e+03	2.733599329771436992e-02
3.708000000000000000e+03	2.735253189640936278e-02
3.709000000000000000e+03	2.736908489721584514e-02
3.710000000000000000e+03	2.738565214049309970e-02
3.711000000000000000e+03	2.740223378856401423e-02
3.712000000000000000e+03	2.741882986786884843e-02
3.713000000000000000e+03	2.743544022412934200e-02
3.714000000000000000e+03	2.745206459718238165e-02
3.715000000000000000e+03	2.746870275676998457e-02
3.716000000000000000e+03	2.748535463231163364e-02
3.717000000000000000e+03	2.750202014804608436e-02
3.718000000000000000e+03	2.751869941348672119e-02
3.719000000000000000e+03	2.753539230149531017e-02
3.720000000000000000e+03	2.755209822671707623e-02
3.721000000000000000e+03	2.756881693392904467e-02
3.722000000000000000e+03	2.758554859008304286e-02
3.723000000000000000e+03	2.760229329719297159e-02
3.724000000000000000e+03	2.761905093730689445e-02
3.725000000000000000e+03	2.763582141259680880e-02
3.726000000000000000e+03	2.765260473501492816e-02
3.727000000000000000e+03	2.766940080000476407e-02
3.728000000000000000e+03	2.768620951329033367e-02
3.729000000000000000e+03	2.770303148071425262e-02
3.730000000000000000e+03	2.771986736644170210e-02
3.731000000000000000e+03	2.773671749147804677e-02
3.732000000000000000e+03	2.775358189160668718e-02
3.733000000000000000e+03	2.777046047731486500e-02
3.734000000000000000e+03	2.778735331480957152e-02
3.735000000000000000e+03	2.780426048489785529e-02
3.736000000000000000e+03	2.782118247010801834e-02
3.737000000000000000e+03	2.783812015966228778e-02
3.738000000000000000e+03	2.785507372415607988e-02
3.739000000000000000e+03	2.787204312857725561e-02
3.740000000000000000e+03	2.788902865407064807e-02
3.741000000000000000e+03	2.790603067094801423e-02
3.742000000000000000e+03	2.792304928537044095e-02
3.743000000000000000e+03	2.794008481982516306e-02
3.744000000000000000e+03	2.795713746196909141e-02
3.745000000000000000e+03	2.797420703000337572e-02
3.746000000000000000e+03	2.799129315885005853e-02
3.747000000000000000e+03	2.800839579552645564e-02
3.748000000000000000e+03	2.802551505063631543e-02
3.749000000000000000e+03	2.804265103272019985e-02
3.750000000000000000e+03	2.805980377188782918e-02
3.751000000000000000e+03	2.807697359440479087e-02
3.752000000000000000e+03	2.809416090395762400e-02
3.753000000000000000e+03	2.811136577379809778e-02
3.754000000000000000e+03	2.812858799909058460e-02
3.755000000000000000e+03	2.814582730746955849e-02
3.756000000000000000e+03	2.816308329889988249e-02
3.757000000000000000e+03	2.818035621742834632e-02
3.758000000000000000e+03	2.819764618582574350e-02
3.759000000000000000e+03	2.821495311587328067e-02
3.760000000000000000e+03	2.823227757524762738e-02
3.761000000000000000e+03	2.824962031925909792e-02
3.762000000000000000e+03	2.826698152190650418e-02
3.763000000000000000e+03	2.828436148097285621e-02
3.764000000000000000e+03	2.830176067217170244e-02
3.765000000000000000e+03	2.831917928339931778e-02
3.766000000000000000e+03	2.833661774395357380e-02
3.767000000000000000e+03	2.835407664233033018e-02
3.768000000000000000e+03	2.837155632102945566e-02
3.769000000000000000e+03	2.838905728036406062e-02
3.770000000000000000e+03	2.840658022726477369e-02
3.771000000000000000e+03	2.842412568439539600e-02
3.772000000000000000e+03	2.844169425892180067e-02
3.773000000000000000e+03	2.845928654203273497e-02
3.774000000000000000e+03	2.847690273867452965e-02
3.775000000000000000e+03	2.849454282567566443e-02
3.776000000000000000e+03	2.851220679589118456e-02
3.777000000000000000e+03	2.852989457077539232e-02
3.778000000000000000e+03	2.854760652620820169e-02
3.779000000000000000e+03	2.856534294577792177e-02
3.780000000000000000e+03	2.858310334998446708e-02
3.781000000000000000e+03	2.860088698304181706e-02
3.782000000000000000e+03	2.861869373565760141e-02
3.783000000000000000e+03	2.863652412048123957e-02
3.784000000000000000e+03	2.865437863768663038e-02
3.785000000000000000e+03	2.867225763074901165e-02
3.786000000000000000e+03	2.869016143975437749e-02
3.787000000000000000e+03	2.870809074081985199e-02
3.788000000000000000e+03	2.872604553292860269e-02
3.789000000000000000e+03	2.874402543409894720e-02
3.790000000000000000e+03	2.876202995334960211e-02
3.791000000000000000e+03	2.878005895061572228e-02
3.792000000000000000e+03	2.879811239125199679e-02
3.793000000000000000e+03	2.881618993684153390e-02
3.794000000000000000e+03	2.883429170711841044e-02
3.795000000000000000e+03	2.885241806850071672e-02
3.796000000000000000e+03	2.887056825788239869e-02
3.797000000000000000e+03	2.888874095090868122e-02
3.798000000000000000e+03	2.890693557657801963e-02
3.799000000000000000e+03	2.892515175080299233e-02
3.800000000000000000e+03	2.894338911772984316e-02
3.801000000000000000e+03	2.896164760763959151e-02
3.802000000000000000e+03	2.897992703653696350e-02
3.803000000000000000e+03	2.899822744560021787e-02
3.804000000000000000e+03	2.901654859991640786e-02
3.805000000000000000e+03	2.903488990853870036e-02
3.806000000000000000e+03	2.905325088925153620e-02
3.807000000000000000e+03	2.907163128358718901e-02
3.808000000000000000e+03	2.909003061846228075e-02
3.809000000000000000e+03	2.910844825722629439e-02
3.810000000000000000e+03	2.912688413422355460e-02
3.811000000000000000e+03	2.914533824414826391e-02
3.812000000000000000e+03	2.916381021940255350e-02
3.813000000000000000e+03	2.918229989374118705e-02
3.814000000000000000e+03	2.920080732955101371e-02
3.815000000000000000e+03	2.921933272837587067e-02
3.816000000000000000e+03	2.923787595280215312e-02
3.817000000000000000e+03	2.925643669287555579e-02
3.818000000000000000e+03	2.927501477164340740e-02
3.819000000000000000e+03	2.929360974286109379e-02
3.820000000000000000e+03	2.931222139232858223e-02
3.821000000000000000e+03	2.933084968584655922e-02
3.822000000000000000e+03	2.934949487033501961e-02
3.823000000000000000e+03	2.936815709276060365e-02
3.824000000000000000e+03	2.938683669654101535e-02
3.825000000000000000e+03	2.940553422261363292e-02
3.826000000000000000e+03	2.942424978743217456e-02
3.827000000000000000e+03	2.944298310277730646e-02
3.828000000000000000e+03	2.946173403461722906e-02
3.829000000000000000e+03	2.948050228956132501e-02
3.830000000000000000e+03	2.949928789240607863e-02
3.831000000000000000e+03	2.951809093443127224e-02
3.832000000000000000e+03	2.953691126626714972e-02
3.833000000000000000e+03	2.955574843358045600e-02
3.834000000000000000e+03	2.957460207056983661e-02
3.835000000000000000e+03	2.959347171256665465e-02
3.836000000000000000e+03	2.961235661718614187e-02
3.837000000000000000e+03	2.963125632195630008e-02
3.838000000000000000e+03	2.965017064330472893e-02
3.839000000000000000e+03	2.966909954016653042e-02
3.840000000000000000e+03	2.968804301962523276e-02
3.841000000000000000e+03	2.970700143075481053e-02
3.842000000000000000e+03	2.972597524891660431e-02
3.843000000000000000e+03	2.974496498268571973e-02
3.844000000000000000e+03	2.976397090485830010e-02
3.845000000000000000e+03	2.978299276038680332e-02
3.846000000000000000e+03	2.980203080287771242e-02
3.847000000000000000e+03	2.982108576798528018e-02
3.848000000000000000e+03	2.984015813159855007e-02
3.849000000000000000e+03	2.985924769067222276e-02
3.850000000000000000e+03	2.987835353121993595e-02
3.851000000000000000e+03	2.989747530801040859e-02
3.852000000000000000e+03	2.991661285266368139e-02
3.853000000000000000e+03	2.993576608967340666e-02
3.854000000000000000e+03	2.995493552173831425e-02
3.855000000000000000e+03	2.997412218826352864e-02
3.856000000000000000e+03	2.999332639804550352e-02
3.857000000000000000e+03	3.001254814231582579e-02
3.858000000000000000e+03	3.003178772577493744e-02
3.859000000000000000e+03	3.005104542038154053e-02
3.860000000000000000e+03	3.007032124861866787e-02
3.861000000000000000e+03	3.008961513676590080e-02
3.862000000000000000e+03	3.010892678469001549e-02
3.863000000000000000e+03	3.012825557119054240e-02
3.864000000000000000e+03	3.014760121269637050e-02
3.865000000000000000e+03	3.016696417026870983e-02
3.866000000000000000e+03	3.018634486669033098e-02
3.867000000000000000e+03	3.020574330270701241e-02
3.868000000000000000e+03	3.022515961298095910e-02
3.869000000000000000e+03	3.024459390352152166e-02
3.870000000000000000e+03	3.026404625614573587e-02
3.871000000000000000e+03	3.028351639578194532e-02
3.872000000000000000e+03	3.030300389880516421e-02
3.873000000000000000e+03	3.032250869162219503e-02
3.874000000000000000e+03	3.034203096656903909e-02
3.875000000000000000e+03	3.036157071386656400e-02
3.876000000000000000e+03	3.038112720095417427e-02
3.877000000000000000e+03	3.040070003129540996e-02
3.878000000000000000e+03	3.042028948508226915e-02
3.879000000000000000e+03	3.043989614132516092e-02
3.880000000000000000e+03	3.045952094493989751e-02
3.881000000000000000e+03	3.047916436735718590e-02
3.882000000000000000e+03	3.049882630759616353e-02
3.883000000000000000e+03	3.051850650792350267e-02
3.884000000000000000e+03	3.053820445952290866e-02
3.885000000000000000e+03	3.055791948657698986e-02
3.886000000000000000e+03	3.057765150107489768e-02
3.887000000000000000e+03	3.059740068957987613e-02
3.888000000000000000e+03	3.061716768176228273e-02
3.889000000000000000e+03	3.063695289067660393e-02
3.890000000000000000e+03	3.065675643979419787e-02
3.891000000000000000e+03	3.067657903735960395e-02
3.892000000000000000e+03	3.069642109596838406e-02
3.893000000000000000e+03	3.071628264644923195e-02
3.894000000000000000e+03	3.073616442405371213e-02
3.895000000000000000e+03	3.075606701964643183e-02
3.896000000000000000e+03	3.077599035410506084e-02
3.897000000000000000e+03	3.079593425770823026e-02
3.898000000000000000e+03	3.081589854553429611e-02
3.899000000000000000e+03	3.083588313171368653e-02
3.900000000000000000e+03	3.085588862200109792e-02
3.901000000000000000e+03	3.087591585300100694e-02
3.902000000000000000e+03	3.089596572732397281e-02
3.903000000000000000e+03	3.091603910780575670e-02
3.904000000000000000e+03	3.093613662176177004e-02
3.905000000000000000e+03	3.095625877509387489e-02
3.906000000000000000e+03	3.097640665223035800e-02
3.907000000000000000e+03	3.099658108804262402e-02
3.908000000000000000e+03	3.101678279677717517e-02
3.909000000000000000e+03	3.103701273800460111e-02
3.910000000000000000e+03	3.105727143818714370e-02
3.911000000000000000e+03	3.107755929277773027e-02
3.912000000000000000e+03	3.109787645956607616e-02
3.913000000000000000e+03	3.111822306621191137e-02
3.914000000000000000e+03	3.113859931342683254e-02
3.915000000000000000e+03	3.115900585455055188e-02
3.916000000000000000e+03	3.117944256359273664e-02
3.917000000000000000e+03	3.119990833690033591e-02
3.918000000000000000e+03	3.122040342427035223e-02
3.919000000000000000e+03	3.124092848422092839e-02
3.920000000000000000e+03	3.126148307503853752e-02
3.921000000000000000e+03	3.128206746928718224e-02
3.922000000000000000e+03	3.130268286609364653e-02
3.923000000000000000e+03	3.132332992872005617e-02
3.924000000000000000e+03	3.134400864092159317e-02
3.925000000000000000e+03	3.136471853699623197e-02
3.926000000000000000e+03	3.138545872737340259e-02
3.927000000000000000e+03	3.140622718463594726e-02
3.928000000000000000e+03	3.142702243625176278e-02
3.929000000000000000e+03	3.144784455641596449e-02
3.930000000000000000e+03	3.146869477642625507e-02
3.931000000000000000e+03	3.148957358743112445e-02
3.932000000000000000e+03	3.151048111277405389e-02
3.933000000000000000e+03	3.153141792407698762e-02
3.934000000000000000e+03	3.155238502792884897e-02
3.935000000000000000e+03	3.157338266504160912e-02
3.936000000000000000e+03	3.159441126974315422e-02
3.937000000000000000e+03	3.161547168540607827e-02
3.938000000000000000e+03	3.163656373553035139e-02
3.939000000000000000e+03	3.165768593777137235e-02
3.940000000000000000e+03	3.167883691454025791e-02
3.941000000000000000e+03	3.170001657200995082e-02
3.942000000000000000e+03	3.172122526486558652e-02
3.943000000000000000e+03	3.174246339152380497e-02
3.944000000000000000e+03	3.176373076629752934e-02
3.945000000000000000e+03	3.178502546179973881e-02
3.946000000000000000e+03	3.180634530851120245e-02
3.947000000000000000e+03	3.182768947938260234e-02
3.948000000000000000e+03	3.184905793257783446e-02
3.949000000000000000e+03	3.187045118574682867e-02
3.950000000000000000e+03	3.189186949264476850e-02
3.951000000000000000e+03	3.191331264668575279e-02
3.952000000000000000e+03	3.193478052118911559e-02
3.953000000000000000e+03	3.195627145721196410e-02
3.954000000000000000e+03	3.197778371649131340e-02
3.955000000000000000e+03	3.199931755006946155e-02
3.956000000000000000e+03	3.202087377281088998e-02
3.957000000000000000e+03	3.204245233532447557e-02
3.958000000000000000e+03	3.206405298998366016e-02
3.959000000000000000e+03	3.208567536205012699e-02
3.960000000000000000e+03	3.210731896856649364e-02
3.961000000000000000e+03	3.212898424553978227e-02
3.962000000000000000e+03	3.215067111912187775e-02
3.963000000000000000e+03	3.217237996751086404e-02
3.964000000000000000e+03	3.219411175037865946e-02
3.965000000000000000e+03	3.221586692486144710e-02
3.966000000000000000e+03	3.223764650537036536e-02
3.967000000000000000e+03	3.225945060512889345e-02
3.968000000000000000e+03	3.228127999722048280e-02
3.969000000000000000e+03	3.230313640870716152e-02
3.970000000000000000e+03	3.232502264157711969e-02
3.971000000000000000e+03	3.234694144760487389e-02
3.972000000000000000e+03	3.236889453984337361e-02
3.973000000000000000e+03	3.239088350278812589e-02
3.974000000000000000e+03	3.241291009080712188e-02
3.975000000000000000e+03	3.243497718461631207e-02
3.976000000000000000e+03	3.245708798181461824e-02
3.977000000000000000e+03	3.247924470381058359e-02
3.978000000000000000e+03	3.250144753438395651e-02
3.979000000000000000e+03	3.252369853288047952e-02
3.980000000000000000e+03	3.254599990613420146e-02
3.981000000000000000e+03	3.256835440242710628e-02
3.982000000000000000e+03	3.259076553296869072e-02
3.983000000000000000e+03	3.261323636619597316e-02
3.984000000000000000e+03	3.263576972770789592e-02
3.985000000000000000e+03	3.265836982930184901e-02
3.986000000000000000e+03	3.268103705728392372e-02
3.987000000000000000e+03	3.270376687678181599e-02
3.988000000000000000e+03	3.272655733942873152e-02
3.989000000000000000e+03	3.274941081835774231e-02
3.990000000000000000e+03	3.277233251659660701e-02
3.991000000000000000e+03	3.279532169033462508e-02
3.992000000000000000e+03	3.281837218184428806e-02
3.993000000000000000e+03	3.284147888955917666e-02
3.994000000000000000e+03	3.286463733517314134e-02
3.995000000000000000e+03	3.288784343230530260e-02
3.996000000000000000e+03	3.291109760561649472e-02
3.997000000000000000e+03	3.293440400628071252e-02
3.998000000000000000e+03	3.295776638058957320e-02
3.999000000000000000e+03	3.298118363799414088e-02
4.000000000000000000e+03	3.300464919612998427e-02
4.001000000000000000e+03	3.302815539413479079e-02
4.002000000000000000e+03	3.305170155695724699e-02
4.003000000000000000e+03	3.307529958802634534e-02
4.004000000000000000e+03	3.309896675030430530e-02
4.005000000000000000e+03	3.312270527787692515e-02
4.006000000000000000e+03	3.314650183652598225e-02
4.007000000000000000e+03	3.317033360047628998e-02
4.008000000000000000e+03	3.319418348155888515e-02
4.009000000000000000e+03	3.321802887076496374e-02
4.010000000000000000e+03	3.324185324180949780e-02
4.011000000000000000e+03	3.326565526274736367e-02
4.012000000000000000e+03	3.328943949003249081e-02
4.013000000000000000e+03	3.331321867210485649e-02
4.014000000000000000e+03	3.333700551273090923e-02
4.015000000000000000e+03	3.336080979866803270e-02
4.016000000000000000e+03	3.338468646368800835e-02
4.017000000000000000e+03	3.340864727076818530e-02
4.018000000000000000e+03	3.343264568916845536e-02
