%    mjd       X       Y  sigmaX  sigmaY  (all in microas)
  45704.24    159.72    311.54     41.02     41.02
  45709.26    182.18    299.42     40.94     40.94
  45724.24    243.35    253.84     40.69     40.69
  45725.30    247.28    250.13     40.67     40.67
  45729.23    261.38    235.82     40.61     40.61
  45734.25    278.18    216.37     40.53     40.53
  45739.24    293.43    195.90     40.44     40.44
  45744.32    307.43    173.90     40.36     40.36
  45749.26    319.44    151.59     40.28     40.28
  45754.26    329.96    128.15     40.20     40.20
  45755.25    331.85    123.41     40.18     40.18
  45759.25    338.75    104.02     40.11     40.11
  45764.24    345.78     79.28     40.03     40.03
  45769.26    351.01     53.95     39.95     39.95
  45774.25    354.39     28.41     39.87     39.87
  45775.31    354.86     22.96     39.85     39.85
  45779.25    355.90      2.61     39.79     39.79
  45784.25    355.54    -23.24     39.70     39.70
  45794.26    349.17    -74.70     39.54     39.54
  45799.27    343.19   -100.01     39.46     39.46
  45804.26    335.41   -124.74     39.37     39.37
  45809.25    325.84   -148.88     39.29     39.29
  45810.54    323.09   -154.98     39.27     39.27
  45814.25    314.53   -172.29     39.21     39.21
  45817.28    306.83   -186.11     39.16     39.16
  45819.26    301.48   -194.94     39.13     39.13
  45824.31    286.70   -216.74     39.04     39.04
  45829.38    270.25   -237.53     38.96     38.96
  45834.25    253.06   -256.30     38.88     38.88
  45839.24    234.06   -274.26     38.80     38.80
  45844.25    213.75   -290.86     38.71     38.71
  45849.27    192.17   -306.00     38.63     38.63
  45854.25    169.74   -319.43     38.55     38.55
  45859.24    146.31   -331.25     38.47     38.47
  45864.26    121.88   -341.40     38.38     38.38
  45869.26     96.91   -349.71     38.30     38.30
  45874.25     71.37   -356.20     38.22     38.22
  45879.25     45.38   -360.83     38.14     38.14
  45884.25     19.09   -363.56     38.06     38.06
  45889.26     -7.34   -363.78     37.97     37.97
  45889.41     -8.16   -363.73     37.97     37.97
  45894.29    -33.76   -361.41     37.89     37.89
  45899.25    -59.45   -357.22     37.80     37.80
  45902.79    -77.56   -353.11     37.74     37.74
  45903.96    -83.46   -351.55     37.72     37.72
  45904.25    -84.96   -351.14     37.72     37.72
  45909.25   -109.87   -343.26     37.63     37.63
  45909.91   -113.11   -342.08     37.62     37.62
  45911.03   -118.59   -340.02     37.60     37.60
  45914.26   -134.12   -333.60     37.55     37.55
  45916.80   -146.14   -328.03     37.50     37.50
  45918.04   -151.93   -325.16     37.48     37.48
  45919.25   -157.50   -322.26     37.46     37.46
  45924.30   -180.18   -309.15     37.37     37.37
  45929.24   -201.35   -294.77     37.29     37.29
  45934.25   -221.66   -278.72     37.20     37.20
  45937.65   -234.68   -267.07     37.15     37.15
  45939.25   -240.63   -261.35     37.12     37.12
  45941.37   -248.28   -253.59     37.08     37.08
  45942.88   -253.58   -247.91     37.06     37.06
  45944.25   -258.29   -242.65     37.03     37.03
  45945.87   -263.69   -236.36     37.01     37.01
  45949.25   -274.50   -222.80     36.95     36.95
  45954.25   -289.18   -201.88     36.86     36.86
  45959.25   -302.28   -180.01     36.78     36.78
  45964.25   -313.74   -157.28     36.69     36.69
  45969.25   -323.51   -133.84     36.61     36.61
  45974.28   -331.56   -109.70     36.52     36.52
  45979.26   -337.78    -85.31     36.44     36.44
  45984.28   -342.23    -60.42     36.35     36.35
  45989.25   -344.84    -35.57     36.27     36.27
  45994.25   -345.65    -10.55     36.18     36.18
  45999.25   -344.65     14.45     36.10     36.10
  46004.24   -341.86     39.18     36.01     36.01
  46009.25   -337.28     63.68     35.92     35.92
  46014.25   -330.96     87.69     35.84     35.84
  46019.25   -322.96    111.08     35.75     35.75
  46024.26   -313.27    133.86     35.67     35.67
  46029.26   -302.02    155.74     35.58     35.58
  46034.25   -289.27    176.68     35.50     35.50
  46039.25   -275.06    196.60     35.41     35.41
  46044.25   -259.47    215.43     35.33     35.33
  46049.25   -242.59    233.04     35.24     35.24
  46054.26   -224.51    249.35     35.16     35.16
  46057.49   -212.28    259.13     35.10     35.10
  46064.25   -185.33    277.65     34.99     34.99
  46069.25   -164.36    289.57     34.90     34.90
  46074.25   -142.21    300.73     34.80     34.80
  46079.25   -119.24    310.26     34.71     34.71
  46089.28    -71.48    324.04     34.51     34.51
  46090.30    -66.55    325.04     34.49     34.49
  46094.25    -47.22    328.19     34.42     34.42
  46099.23    -22.64    330.52     34.32     34.32
  46104.27      2.25    331.01     34.22     34.22
  46109.25     26.87    329.66     34.13     34.13
  46114.26     51.39    326.46     34.03     34.03
  46119.25     75.53    321.46     33.93     33.93
  46124.26     99.30    314.65     33.84     33.84
  46129.24    122.29    306.16     33.74     33.74
  46130.62    128.57    303.50     33.71     33.71
  46139.25    166.30    284.05     33.54     33.54
  46144.25    186.91    270.62     33.45     33.45
  46149.26    206.44    255.69     33.35     33.35
  46154.25    224.74    239.40     33.25     33.25
  46159.25    241.82    221.75     33.16     33.16
  46164.27    257.54    202.86     33.06     33.06
  46169.25    271.72    182.97     32.96     32.96
  46174.27    284.45    161.96     32.87     32.87
  46179.26    295.49    140.21     32.77     32.77
  46180.28    297.56    135.65     32.75     32.75
  46184.25    304.88    117.72     32.67     32.67
  46189.23    312.56     94.61     32.58     32.58
  46193.20    317.43     75.84     32.50     32.50
  46194.24    318.51     70.90     32.48     32.48
  46195.56    319.79     64.57     32.45     32.45
  46199.22    322.65     46.98     32.38     32.38
  46201.33    323.87     36.74     32.34     32.34
  46204.27    325.02     22.48     32.28     32.28
  46209.26    325.55     -1.81     32.19     32.19
  46214.25    324.26    -26.07     32.09     32.09
  46219.28    321.14    -50.30     31.99     31.99
  46224.26    316.26    -74.02     31.90     31.90
  46229.26    309.61    -97.37     31.80     31.80
  46234.24    301.27   -120.06     31.70     31.70
  46235.29    299.31   -124.75     31.68     31.68
  46236.46    297.02   -129.94     31.66     31.66
  46239.25    291.22   -142.17     31.61     31.61
  46244.25    279.57   -163.42     31.51     31.51
  46249.25    266.39   -183.69     31.41     31.41
  46253.13    255.16   -198.58     31.34     31.34
  46254.24    251.80   -202.60     31.32     31.32
  46259.24    235.94   -219.99     31.23     31.23
  46264.22    218.92   -236.11     31.15     31.15
  46267.63    206.65   -246.37     31.09     31.09
  46269.21    200.81   -250.92     31.06     31.06
  46274.29    181.32   -264.60     30.97     30.97
  46274.61    180.08   -265.39     30.97     30.97
  46279.27    161.33   -276.54     30.88     30.88
  46284.26    140.55   -286.99     30.80     30.80
  46288.12    124.01   -294.01     30.73     30.73
  46289.25    119.10   -295.88     30.71     30.71
  46294.24     97.06   -303.19     30.62     30.62
  46299.23     74.62   -308.86     30.54     30.54
  46302.29     60.73   -311.51     30.48     30.48
  46304.25     51.73   -312.89     30.45     30.45
  46309.23     28.85   -315.22     30.36     30.36
  46313.64      8.53   -315.89     30.29     30.29
  46314.24      5.76   -315.88     30.28     30.28
  46319.23    -17.22   -314.86     30.19     30.19
  46320.30    -22.09   -314.43     30.17     30.17
  46324.25    -40.09   -312.16     30.10     30.10
  46329.24    -62.58   -307.82     30.02     30.02
  46334.23    -84.65   -301.87     29.93     29.93
  46338.51   -103.14   -295.52     29.85     29.85
  46339.23   -106.20   -294.34     29.84     29.84
  46344.25   -127.17   -285.24     29.75     29.75
  46349.24   -147.31   -274.69     29.67     29.67
  46354.23   -166.58   -262.74     29.58     29.58
  46359.24   -184.95   -249.40     29.49     29.49
  46364.24   -202.22   -234.82     29.41     29.41
  46367.75   -213.68   -223.85     29.35     29.35
  46369.24   -218.36   -219.04     29.32     29.32
  46374.23   -233.26   -202.17     29.23     29.23
  46379.24   -246.91   -184.24     29.15     29.15
  46384.25   -259.17   -165.43     29.06     29.06
  46389.30   -270.11   -145.61     28.97     28.97
  46390.28   -272.07   -141.67     28.95     28.95
  46391.45   -274.31   -136.96     28.93     28.93
  46394.23   -279.33   -125.58     28.88     28.88
  46399.24   -287.18   -104.66     28.80     28.80
  46404.24   -293.46    -83.28     28.71     28.71
  46409.25   -298.17    -61.53     28.62     28.62
  46410.28   -298.93    -57.03     28.61     28.61
  46414.28   -301.27    -39.45     28.54     28.54
  46419.26   -302.74    -17.43     28.45     28.45
  46429.23   -300.87     26.50     28.28     28.28
  46434.20   -297.56     48.13     28.19     28.19
  46439.32   -292.75     69.53     28.09     28.09
  46440.43   -291.52     74.07     28.07     28.07
  46444.23   -286.73     89.55     27.99     27.99
  46445.24   -285.32     93.61     27.97     27.97
  46446.26   -283.85     97.67     27.95     27.95
  46449.23   -279.19    109.43     27.89     27.89
  46450.24   -277.51    113.36     27.87     27.87
  46454.24   -270.27    128.72     27.79     27.79
  46459.24   -260.05    147.27     27.69     27.69
  46460.24   -257.85    150.88     27.67     27.67
  46464.23   -248.56    165.00     27.59     27.59
  46465.26   -246.05    168.54     27.57     27.57
  46469.28   -235.74    182.01     27.49     27.49
  46473.23   -224.88    194.66     27.41     27.41
  46474.26   -221.94    197.85     27.39     27.39
  46479.24   -207.08    212.65     27.29     27.29
  46484.23   -191.23    226.35     27.19     27.19
  46489.23   -174.46    238.90     27.09     27.09
  46494.24   -156.84    250.23     26.99     26.99
  46499.24   -138.51    260.25     26.89     26.89
  46502.29   -127.01    265.72     26.83     26.83
  46503.34   -123.00    267.48     26.80     26.80
  46504.23   -119.59    268.93     26.79     26.79
  46509.23   -100.12    276.24     26.69     26.69
  46510.30    -95.88    277.63     26.66     26.66
  46514.23    -80.19    282.16     26.59     26.59
  46518.50    -62.91    286.07     26.50     26.50
  46524.24    -39.45    289.67     26.39     26.39
  46525.55    -34.06    290.23     26.36     26.36
  46529.24    -18.86    291.25     26.29     26.29
  46529.25    -18.80    291.25     26.29     26.29
  46534.23      1.76    291.36     26.19     26.19
  46539.24     22.31    290.02     26.09     26.09
  46544.24     42.69    287.24     25.98     25.98
  46549.25     62.79    283.03     25.88     25.88
  46553.25     78.62    278.65     25.80     25.80
  46554.24     82.45    277.44     25.78     25.78
  46559.23    101.66    270.48     25.68     25.68
  46564.24    120.33    262.18     25.58     25.58
  46565.55    125.10    259.79     25.56     25.56
  46567.50    132.15    256.07     25.52     25.52
  46574.25    155.57    241.80     25.38     25.38
  46579.24    171.95    229.84     25.28     25.28
  46584.25    187.44    216.78     25.18     25.18
  46589.25    201.95    202.66     25.08     25.08
  46594.24    215.36    187.64     24.98     24.98
  46598.16    225.13    175.20     24.90     24.90
  46599.25    227.71    171.66     24.88     24.88
  46600.46    230.53    167.66     24.86     24.86
  46604.23    238.84    154.96     24.78     24.78
  46609.25    248.80    137.43     24.68     24.68
  46614.25    257.45    119.36     24.58     24.58
  46617.14    261.86    108.65     24.52     24.52
  46619.24    264.62     99.75     24.49     24.49
  46624.13    269.83     78.51     24.43     24.43
  46624.25    269.93     78.00     24.43     24.43
  46628.18    272.87     60.74     24.38     24.38
  46629.23    273.47     56.11     24.36     24.36
  46634.25    275.27     34.00     24.29     24.29
  46638.14    275.45     16.88     24.24     24.24
  46639.23    275.31     12.06     24.23     24.23
  46644.24    273.61     -9.79     24.16     24.16
  46645.29    273.04    -14.34     24.15     24.15
  46649.25    270.21    -31.34     24.10     24.10
  46654.24    265.15    -52.31     24.03     24.03
  46659.24    258.46    -72.78     23.96     23.96
  46664.23    250.23    -92.52     23.90     23.90
  46668.21    242.59   -107.68     23.84     23.84
  46669.22    240.51   -111.43     23.83     23.83
  46674.24    229.31   -129.50     23.76     23.76
  46679.24    216.83   -146.45     23.70     23.70
  46679.35    216.53   -146.82     23.69     23.69
  46684.24    203.11   -162.28     23.63     23.63
  46689.25    188.20   -176.92     23.56     23.56
  46690.30    184.95   -179.82     23.55     23.55
  46691.36    181.62   -182.68     23.54     23.54
  46694.23    172.34   -190.18     23.50     23.50
  46699.24    155.48   -202.12     23.43     23.43
  46704.23    137.89   -212.57     23.36     23.36
  46709.24    119.52   -221.58     23.30     23.30
  46714.09    101.21   -228.83     23.23     23.23
  46719.24     81.29   -234.91     23.16     23.16
  46720.60     75.99   -236.23     23.15     23.15
  46724.24     61.69   -239.18     23.10     23.10
  46727.24     49.80   -240.98     23.06     23.06
  46729.23     41.88   -241.85     23.03     23.03
  46734.24     21.99   -242.92     22.96     22.96
  46735.29     17.82   -242.94     22.95     22.95
  46738.18      6.40   -242.63     22.91     22.91
  46739.25      2.16   -242.38     22.90     22.90
  46740.50     -2.76   -241.99     22.88     22.88
  46742.18     -9.34   -241.32     22.86     22.86
  46744.23    -17.34   -240.26     22.83     22.83
  46749.23    -36.59   -236.58     22.77     22.77
  46754.24    -55.41   -231.38     22.70     22.70
  46759.24    -73.62   -224.71     22.63     22.63
  46764.24    -91.16   -216.63     22.57     22.57
  46769.24   -107.90   -207.19     22.50     22.50
  46770.16   -110.89   -205.32     22.49     22.49
  46773.21   -120.58   -198.78     22.45     22.45
  46774.25   -123.78   -196.46     22.43     22.43
  46779.26   -138.67   -184.52     22.37     22.37
  46784.25   -152.41   -171.52     22.30     22.30
  46787.50   -160.72   -162.53     22.26     22.26
  46794.23   -176.31   -142.64     22.17     22.17
  46799.23   -186.40   -126.88     22.10     22.10
  46804.24   -195.00   -112.68     22.06     22.06
  46809.23   -202.51    -98.34     22.01     22.01
  46810.37   -204.08    -95.00     22.01     22.01
  46814.24   -208.99    -83.47     21.97     21.97
  46815.32   -210.25    -80.20     21.96     21.96
  46816.27   -211.31    -77.31     21.96     21.96
  46819.22   -214.35    -68.26     21.93     21.93
  46824.23   -218.64    -52.60     21.89     21.89
  46825.31   -219.41    -49.18     21.88     21.88
  46829.24   -221.78    -36.69     21.85     21.85
  46830.30   -222.29    -33.29     21.84     21.84
  46831.31   -222.74    -30.05     21.83     21.83
  46834.27   -223.77    -20.53     21.81     21.81
  46835.31   -224.03    -17.17     21.80     21.80
  46839.25   -224.58     -4.44     21.77     21.77
  46840.29   -224.60     -1.09     21.76     21.76
  46844.25   -224.23     11.70     21.73     21.73
  46844.32   -224.22     11.93     21.73     21.73
  46845.29   -224.02     15.06     21.72     21.72
  46849.24   -222.73     27.77     21.69     21.69
  46850.27   -222.28     31.08     21.68     21.68
  46851.37   -221.74     34.58     21.67     21.67
  46854.24   -220.08     43.70     21.65     21.65
  46859.24   -216.28     59.41     21.61     21.61
  46864.24   -211.37     74.77     21.56     21.56
  46865.25   -210.25     77.84     21.56     21.56
  46869.23   -205.38     89.73     21.52     21.52
  46874.24   -198.31    104.26     21.48     21.48
  46875.28   -196.72    107.19     21.47     21.47
  46879.24   -190.23    118.19     21.44     21.44
  46879.25   -190.21    118.23     21.44     21.44
  46880.33   -188.34    121.16     21.43     21.43
  46881.44   -186.35    124.16     21.42     21.42
  46884.24   -181.17    131.53     21.40     21.40
  46889.25   -171.16    144.19     21.36     21.36
  46894.24   -160.29    156.07     21.32     21.32
  46895.57   -157.28    159.07     21.31     21.31
  46899.25   -148.59    167.14     21.28     21.28
  46900.37   -145.85    169.51     21.27     21.27
  46903.51   -138.02    175.88     21.24     21.24
  46907.25   -128.30    183.02     21.21     21.21
  46909.24   -123.01    186.58     21.20     21.20
  46914.24   -109.23    194.87     21.15     21.15
  46915.26   -106.33    196.45     21.15     21.15
  46917.17   -100.89    199.26     21.13     21.13
  46918.16    -98.02    200.67     21.12     21.12
  46919.23    -94.93    202.14     21.11     21.11
  46920.58    -90.97    203.93     21.10     21.10
  46922.24    -86.04    206.02     21.09     21.09
  46924.22    -80.15    208.35     21.07     21.07
  46929.28    -64.75    213.56     21.03     21.03
  46934.26    -49.26    217.57     20.99     20.99
  46939.25    -33.50    220.47     20.95     20.95
  46940.37    -29.95    220.96     20.94     20.94
  46944.24    -17.59    222.23     20.91     20.91
  46945.29    -14.21    222.45     20.90     20.90
  46949.24     -1.54    222.84     20.87     20.87
  46952.51      8.94    222.61     20.84     20.84
  46956.25     20.89    221.75     20.81     20.81
  46959.23     30.40    220.60     20.79     20.79
  46964.23     46.16    217.77     20.75     20.75
  46965.38     49.75    216.96     20.74     20.74
  46969.24     61.71    213.80     20.70     20.70
  46970.32     65.02    212.80     20.70     20.70
  46971.54     68.75    211.61     20.69     20.69
  46974.23     76.88    208.75     20.66     20.66
  46975.28     80.01    207.55     20.66     20.66
  46976.31     83.08    206.33     20.65     20.65
  46977.35     86.16    205.04     20.64     20.64
  46979.24     91.68    202.60     20.62     20.62
  46984.24    106.10    195.14     20.58     20.58
  46985.38    109.36    193.16     20.57     20.57
  46989.24    120.17    186.05     20.54     20.54
  46994.24    133.47    175.95     20.51     20.51
  46995.59    136.93    173.05     20.50     20.50
  46998.21    143.46    167.24     20.48     20.48
  46999.23    145.94    164.91     20.47     20.47
  47000.08    147.97    162.94     20.46     20.46
  47004.25    157.55    152.94     20.43     20.43
  47005.25    159.76    150.45     20.42     20.42
  47009.09    167.83    140.64     20.39     20.39
  47009.25    168.16    140.21     20.39     20.39
  47010.92    171.47    135.79     20.38     20.38
  47014.24    177.73    126.78     20.35     20.35
  47017.58    183.55    117.42     20.33     20.33
  47019.24    186.26    112.67     20.32     20.32
  47019.42    186.54    112.15     20.31     20.31
  47023.25    192.28    100.97     20.28     20.28
  47024.23    193.66     98.04     20.28     20.28
  47029.23    199.93     82.88     20.24     20.24
  47030.34    201.16     79.47     20.23     20.23
  47033.16    204.04     70.70     20.21     20.21
  47034.24    205.03     67.34     20.20     20.20
  47035.29    205.95     64.01     20.19     20.19
  47039.23    208.92     51.52     20.16     20.16
  47044.24    211.61     35.46     20.12     20.12
  47049.24    213.06     19.31     20.09     20.09
  47050.36    213.22     15.66     20.08     20.08
  47054.24    213.30      3.15     20.05     20.05
  47055.31    213.19     -0.33     20.04     20.04
  47059.23    212.31    -12.94     20.01     20.01
  47062.33    211.08    -22.86     19.99     19.99
  47064.24    210.11    -28.89     19.97     19.97
  47065.29    209.49    -32.23     19.96     19.96
  47069.23    206.72    -44.57     19.93     19.93
  47074.23    202.17    -59.90     19.90     19.90
  47079.26    196.45    -74.90     19.86     19.86
  47084.24    189.70    -89.22     19.82     19.82
  47085.58    187.70    -92.99     19.81     19.81
  47088.25    183.50   -100.35     19.79     19.79
  47089.24    181.87   -103.03     19.78     19.78
  47090.31    180.06   -105.90     19.77     19.77
  47091.36    178.24   -108.70     19.76     19.76
  47094.24    173.04   -116.17     19.74     19.74
  47099.24    163.27   -128.57     19.70     19.70
  47100.29    161.09   -131.09     19.70     19.70
  47103.17    154.96   -137.75     19.67     19.67
  47104.25    152.58   -140.19     19.67     19.67
  47105.46    149.89   -142.86     19.66     19.66
  47109.26    141.10   -150.92     19.63     19.63
  47110.37    138.43   -153.19     19.62     19.62
  47114.25    128.88   -160.71     19.59     19.59
  47119.25    116.00   -169.52     19.55     19.55
  47124.24    102.54   -177.30     19.51     19.51
  47129.24     88.54   -184.02     19.48     19.48
  47130.29     85.54   -185.30     19.47     19.47
  47134.25     74.09   -189.66     19.44     19.44
  47137.45     64.66   -192.69     19.41     19.41
  47138.18     62.49   -193.31     19.41     19.41
  47139.25     59.29   -194.18     19.40     19.40
  47144.25     44.25   -197.54     19.36     19.36
  47145.37     40.86   -198.14     19.35     19.35
  47148.17     32.35   -199.37     19.33     19.33
  47149.24     29.09   -199.75     19.32     19.32
  47150.28     25.93   -200.06     19.31     19.31
  47151.11     23.37   -200.28     19.31     19.31
  47152.48     19.18   -200.56     19.30     19.30
  47159.24     -1.48   -200.68     19.25     19.25
  47164.25    -16.71   -199.40     19.21     19.21
  47165.33    -19.98   -198.98     19.20     19.20
  47168.16    -28.53   -197.84     19.18     19.18
  47169.24    -31.78   -197.31     19.17     19.17
  47171.01    -37.08   -196.33     19.15     19.15
  47173.17    -43.52   -194.93     19.13     19.13
  47174.25    -46.73   -194.16     19.12     19.12
  47176.00    -51.88   -192.78     19.11     19.11
  47177.17    -55.32   -191.79     19.10     19.10
  47178.16    -58.18   -190.91     19.09     19.09
  47179.23    -61.30   -189.89     19.08     19.08
  47180.25    -64.23   -188.89     19.07     19.07
  47183.17    -72.55   -185.76     19.05     19.05
  47184.25    -75.59   -184.51     19.04     19.04
  47188.16    -86.40   -179.57     19.00     19.00
  47189.23    -89.32   -178.10     18.99     18.99
  47194.26   -102.64   -170.60     18.95     18.95
  47195.34   -105.41   -168.85     18.94     18.94
  47199.23   -115.20   -162.20     18.91     18.91
  47203.21   -124.76   -154.81     18.87     18.87
  47204.25   -127.19   -152.79     18.87     18.87
  47207.34   -134.19   -146.56     18.84     18.84
  47209.25   -138.38   -142.53     18.82     18.82
  47211.66   -143.48   -137.30     18.80     18.80
  47214.25   -148.74   -131.47     18.78     18.78
  47215.30   -150.80   -129.06     18.77     18.77
  47216.92   -153.91   -125.26     18.76     18.76
  47219.24   -158.20   -119.69     18.74     18.74
  47224.24   -166.77   -107.19     18.69     18.69
  47229.25   -174.35    -94.07     18.65     18.65
  47230.33   -175.86    -91.16     18.64     18.64
  47234.25   -180.90    -80.44     18.61     18.61
  47235.29   -182.14    -77.52     18.60     18.60
  47238.17   -185.30    -69.43     18.58     18.58
  47239.26   -186.40    -66.33     18.57     18.57
  47240.25   -187.36    -63.48     18.56     18.56
  47244.24   -190.79    -51.92     18.52     18.52
  47244.93   -191.31    -49.90     18.52     18.52
  47249.26   -194.08    -37.13     18.48     18.48
  47253.51   -195.98    -24.45     18.44     18.44
  47259.24   -197.22     -7.23     18.39     18.39
  47261.25   -197.31     -1.15     18.38     18.38
  47264.25   -197.08      7.88     18.35     18.35
  47265.32   -196.90     11.12     18.34     18.34
  47269.23   -195.80     22.85     18.31     18.31
  47270.28   -195.38     25.97     18.30     18.30
  47272.17   -194.51     31.59     18.28     18.28
  47273.17   -193.98     34.56     18.28     18.28
  47274.25   -193.36     37.76     18.27     18.27
  47274.25   -193.36     37.76     18.27     18.27
  47278.26   -190.60     49.49     18.23     18.23
  47279.25   -189.81     52.36     18.22     18.22
  47279.34   -189.73     52.62     18.22     18.22
  47283.25   -186.17     63.85     18.19     18.19
  47284.25   -185.16     66.66     18.18     18.18
  47285.18   -184.17     69.29     18.17     18.17
  47289.24   -179.43     80.56     18.14     18.14
  47294.27   -172.63     94.03     18.09     18.09
  47298.17   -166.65    104.12     18.06     18.06
  47299.26   -164.87    106.87     18.05     18.05
  47300.21   -163.29    109.24     18.04     18.04
  47302.53   -159.28    114.92     18.02     18.02
  47303.25   -157.99    116.67     18.02     18.02
  47304.00   -156.63    118.46     18.01     18.01
  47309.25   -146.54    130.58     17.97     17.97
  47314.25   -136.09    141.31     17.92     17.92
  47317.25   -129.42    147.37     17.90     17.90
  47318.02   -127.68    148.86     17.89     17.89
  47319.24   -124.85    151.21     17.88     17.88
  47324.25   -112.88    160.24     17.84     17.84
  47329.24   -100.29    168.30     17.80     17.80
  47330.33    -97.44    169.94     17.79     17.79
  47331.54    -94.28    171.69     17.78     17.78
  47333.33    -89.53    174.18     17.76     17.76
  47334.25    -87.06    175.41     17.75     17.75
  47335.30    -84.24    176.76     17.74     17.74
  47339.24    -73.42    181.46     17.71     17.71
  47344.25    -59.29    186.46     17.67     17.67
  47349.24    -44.99    190.15     17.63     17.63
  47350.50    -41.41    190.77     17.62     17.62
  47354.24    -30.78    192.20     17.60     17.60
  47358.50    -18.63    193.10     17.57     17.57
  47359.25    -16.49    193.18     17.57     17.57
  47359.59    -15.53    193.21     17.57     17.57
  47363.47     -4.46    193.20     17.55     17.55
  47364.24     -2.27    193.12     17.54     17.54
  47366.94      5.37    192.65     17.53     17.53
  47368.28      9.17    192.30     17.52     17.52
  47369.25     11.89    192.01     17.51     17.51
  47373.29     23.20    190.36     17.49     17.49
  47374.25     25.86    189.87     17.48     17.48
  47374.37     26.19    189.81     17.48     17.48
  47379.24     39.55    186.72     17.45     17.45
  47380.58     43.19    185.71     17.45     17.45
  47384.24     52.96    182.59     17.43     17.43
  47385.93     57.40    180.97     17.42     17.42
  47389.24     65.95    177.50     17.40     17.40
  47394.25     78.53    171.47     17.37     17.37
  47399.25     90.56    164.58     17.34     17.34
  47403.16     99.54    158.61     17.32     17.32
  47404.26    102.02    156.83     17.31     17.31
  47405.33    104.39    155.06     17.30     17.30
  47409.25    112.78    148.33     17.28     17.28
  47413.17    120.76    141.13     17.26     17.26
  47414.24    122.87    139.08     17.25     17.25
  47419.25    132.24    129.13     17.22     17.22
  47422.25    137.46    122.87     17.21     17.21
  47424.25    140.79    118.58     17.19     17.19
  47425.33    142.53    116.22     17.19     17.19
  47429.24    148.49    107.51     17.17     17.17
  47432.92    153.63     99.00     17.14     17.14
  47434.24    155.35     95.89     17.14     17.14
  47439.25    161.32     83.85     17.11     17.11
  47440.92    163.10     79.75     17.10     17.10
  47448.16    169.63     61.57     17.06     17.06
  47449.25    170.44     58.79     17.05     17.05
  47453.17    172.98     48.70     17.03     17.03
  47454.20    173.55     46.04     17.02     17.02
  47459.25    175.74     32.89     16.99     16.99
  47464.25    176.93     19.79     16.96     16.96
  47464.25    176.93     19.78     16.96     16.96
  47465.01    177.03     17.79     16.96     16.96
  47469.24    177.15      6.73     16.93     16.93
  47470.34    177.07      3.86     16.93     16.93
  47472.25    176.82     -1.13     16.92     16.92
  47474.25    176.41     -6.32     16.91     16.91
  47475.33    176.13     -9.12     16.90     16.90
  47476.54    175.75    -12.25     16.89     16.89
  47479.25    174.72    -19.19     16.88     16.88
  47484.25    172.10    -31.85     16.85     16.85
  47489.25    168.55    -44.25     16.82     16.82
  47494.24    164.14    -56.24     16.79     16.79
  47495.34    163.05    -58.84     16.78     16.78
  47499.25    158.85    -67.91     16.76     16.76
  47506.21    150.16    -83.28     16.72     16.72
  47509.26    145.88    -89.70     16.70     16.70
  47510.33    144.30    -91.92     16.70     16.70
  47510.59    143.92    -92.43     16.70     16.70
  47511.54    142.49    -94.36     16.69     16.69
  47514.24    138.29    -99.72     16.68     16.68
  47515.27    136.65   -101.71     16.67     16.67
  47516.92    133.94   -104.84     16.66     16.66
  47518.53    131.23   -107.83     16.65     16.65
  47524.24    121.08   -117.88     16.62     16.62
  47529.25    111.55   -125.93     16.59     16.59
  47531.93    106.26   -130.20     16.57     16.57
  47534.24    101.55   -133.92     16.56     16.56
  47539.25     90.92   -141.41     16.54     16.54
  47539.97     89.35   -142.41     16.54     16.54
  47540.96     87.16   -143.77     16.53     16.53
  47544.26     79.75   -148.04     16.52     16.52
  47549.24     68.15   -153.77     16.49     16.49
  47550.27     65.70   -154.84     16.49     16.49
  47553.67     57.50   -158.11     16.47     16.47
  47554.25     56.09   -158.62     16.47     16.47
  47559.25     43.71   -162.52     16.45     16.45
  47560.31     41.05   -163.22     16.44     16.44
  47564.23     31.10   -165.45     16.42     16.42
  47565.32     28.33   -165.96     16.42     16.42
  47568.10     21.17   -167.05     16.40     16.40
  47569.25     18.20   -167.42     16.40     16.40
  47574.24      5.26   -168.38     16.38     16.38
  47575.31      2.49   -168.46     16.37     16.37
  47576.39     -0.32   -168.49     16.37     16.37
  47577.11     -2.18   -168.48     16.36     16.36
  47578.16     -4.93   -168.44     16.36     16.36
  47579.25     -7.77   -168.34     16.35     16.35
  47584.11    -20.35   -167.35     16.33     16.33
  47585.27    -23.35   -166.98     16.32     16.32
  47589.24    -33.54   -165.29     16.30     16.30
  47590.31    -36.28   -164.72     16.30     16.30
  47594.25    -46.23   -162.27     16.28     16.28
  47599.25    -58.64   -158.29     16.26     16.26
  47604.24    -70.67   -153.38     16.23     16.23
  47604.25    -70.68   -153.37     16.23     16.23
  47609.25    -82.34   -147.53     16.21     16.21
  47611.56    -87.57   -144.53     16.20     16.20
  47613.17    -91.13   -142.34     16.19     16.19
  47614.24    -93.49   -140.83     16.19     16.19
  47615.30    -95.79   -139.29     16.18     16.18
  47617.27   -100.00   -136.34     16.17     16.17
  47619.25   -104.14   -133.25     16.16     16.16
  47620.34   -106.37   -131.50     16.16     16.16
  47624.24   -114.14   -124.91     16.14     16.14
  47629.25   -123.50   -115.80     16.12     16.12
  47634.25   -132.13   -105.99     16.09     16.09
  47635.28   -133.81   -103.90     16.09     16.09
  47636.42   -135.63   -101.54     16.08     16.08
  47637.16   -136.81    -99.98     16.08     16.08
  47638.17   -138.36    -97.85     16.07     16.07
  47639.24   -139.97    -95.57     16.07     16.07
  47639.72   -140.69    -94.52     16.07     16.07
  47641.09   -142.67    -91.56     16.06     16.06
  47644.25   -147.01    -84.54     16.05     16.05
  47649.22   -153.16    -73.05     16.02     16.02
  47649.25   -153.19    -72.99     16.02     16.02
  47654.25   -158.45    -61.02     16.00     16.00
  47655.33   -159.47    -58.37     15.99     15.99
  47659.25   -162.78    -48.67     15.97     15.97
  47659.25   -162.78    -48.66     15.97     15.97
  47660.34   -163.60    -45.92     15.97     15.97
  47664.23   -166.15    -36.04     15.95     15.95
  47664.25   -166.15    -36.01     15.95     15.95
  47667.25   -167.71    -28.29     15.94     15.94
  47669.24   -168.54    -23.13     15.93     15.93
  47670.27   -168.91    -20.44     15.92     15.92
  47671.42   -169.27    -17.47     15.92     15.92
  47674.24   -169.94    -10.09     15.90     15.90
  47679.25   -170.33      3.05     15.88     15.88
  47680.81   -170.25      7.14     15.87     15.87
  47681.25   -170.20      8.30     15.87     15.87
  47682.36   -170.06     11.21     15.87     15.87
  47684.24   -169.71     16.16     15.86     15.86
  47685.56   -169.38     19.59     15.85     15.85
  47688.17   -168.52     26.40     15.84     15.84
  47689.25   -168.08     29.21     15.83     15.83
  47694.25   -165.46     42.12     15.81     15.81
  47699.25   -161.85     54.75     15.79     15.79
  47700.27   -161.00     57.30     15.78     15.78
  47704.25   -157.28     67.10     15.76     15.76
  47705.31   -156.18     69.69     15.76     15.76
  47709.24   -151.77     79.06     15.74     15.74
  47710.34   -150.44     81.63     15.73     15.73
  47714.25   -145.36     90.39     15.72     15.72
  47716.21   -142.64     94.42     15.71     15.71
  47717.29   -141.09     96.61     15.70     15.70
  47719.25   -138.21    100.52     15.70     15.70
  47724.23   -130.38    110.05     15.68     15.68
  47726.25   -127.03    113.73     15.67     15.67
  47729.25   -121.85    119.02     15.66     15.66
  47731.05   -118.62    122.10     15.65     15.65
  47734.24   -112.74    127.31     15.64     15.64
  47735.27   -110.79    128.93     15.63     15.63
  47737.17   -107.14    131.85     15.62     15.62
  47739.25   -103.04    134.93     15.62     15.62
  47743.20    -95.03    140.42     15.60     15.60
  47744.26    -92.84    141.81     15.60     15.60
  47746.05    -89.07    144.09     15.59     15.59
  47749.26    -82.19    147.91     15.58     15.58
  47754.24    -71.20    153.20     15.56     15.56
  47756.25    -66.66    155.11     15.55     15.55
  47759.25    -59.81    157.70     15.54     15.54
  47761.16    -55.37    159.19     15.53     15.53
  47763.16    -50.72    160.62     15.52     15.52
  47764.25    -48.16    161.34     15.52     15.52
  47768.17    -38.88    163.60     15.50     15.50
  47769.25    -36.29    164.13     15.50     15.50
  47770.33    -33.70    164.62     15.49     15.49
  47774.25    -24.27    166.05     15.48     15.48
  47777.23    -17.07    166.78     15.46     15.46
  47779.25    -12.18    167.10     15.46     15.46
  47780.31     -9.60    167.20     15.45     15.45
  47784.25     -0.04    167.26     15.44     15.44
  47786.17      4.58    167.09     15.43     15.43
  47787.26      7.22    166.94     15.42     15.42
  47789.25     12.03    166.55     15.42     15.42
  47790.27     14.49    166.29     15.41     15.41
  47794.25     24.02    164.96     15.40     15.40
  47796.21     28.65    164.11     15.39     15.39
  47797.26     31.14    163.60     15.38     15.38
  47799.24     35.80    162.53     15.38     15.38
  47804.24     47.38    159.25     15.36     15.36
  47805.35     49.92    158.40     15.35     15.35
  47808.17     56.28    156.09     15.34     15.34
  47809.25     58.71    155.13     15.34     15.34
  47810.27     60.97    154.19     15.33     15.33
  47811.36     63.37    153.15     15.33     15.33
  47814.25     69.66    150.22     15.32     15.32
  47815.31     71.93    149.08     15.31     15.31
  47816.27     73.97    148.02     15.31     15.31
  47816.32     74.09    147.96     15.31     15.31
  47817.21     75.95    146.95     15.30     15.30
  47818.16     77.95    145.84     15.30     15.30
  47819.25     80.21    144.55     15.30     15.30
  47821.54     84.89    141.70     15.29     15.29
  47822.31     86.45    140.70     15.28     15.28
  47823.18     88.18    139.57     15.28     15.28
  47824.25     90.30    138.13     15.28     15.28
  47825.31     92.38    136.68     15.27     15.27
  47826.27     94.24    135.34     15.27     15.27
  47827.23     96.08    133.97     15.26     15.26
  47828.19     97.89    132.59     15.26     15.26
  47829.25     99.90    131.01     15.26     15.26
  47830.33    101.89    129.39     15.25     15.25
  47830.34    101.91    129.37     15.25     15.25
  47831.33    103.72    127.85     15.25     15.25
  47834.25    108.92    123.24     15.24     15.24
  47834.42    109.22    122.96     15.23     15.23
  47836.08    112.09    120.23     15.23     15.23
  47839.25    117.35    114.84     15.22     15.22
  47840.33    119.09    112.95     15.21     15.21
  47844.25    125.15    105.86     15.20     15.20
  47844.66    125.75    105.11     15.19     15.19
  47849.25    132.25     96.37     15.18     15.18
  47850.22    133.54     94.48     15.17     15.17
  47852.24    136.15     90.47     15.16     15.16
  47854.25    138.63     86.42     15.16     15.16
  47856.17    140.88     82.48     15.15     15.15
  47857.23    142.09     80.26     15.14     15.14
  47859.26    144.28     76.02     15.14     15.14
  47864.18    149.08     65.43     15.12     15.12
  47865.35    150.11     62.87     15.11     15.11
  47873.04    155.75     45.69     15.08     15.08
  47874.24    156.46     42.96     15.08     15.08
  47874.26    156.47     42.92     15.07     15.07
  47878.10    158.40     34.12     15.06     15.06
  47879.17    158.85     31.65     15.06     15.06
  47879.25    158.89     31.46     15.05     15.05
  47880.29    159.28     29.05     15.05     15.05
  47882.46    160.00     24.03     15.04     15.04
  47883.51    160.29     21.57     15.04     15.04
  47888.15    161.12     10.75     15.02     15.02
  47889.26    161.21      8.16     15.01     15.01
  47894.26    161.10     -3.51     14.99     14.99
  47899.26    160.12    -15.46     14.97     14.97
  47901.33    159.46    -20.44     14.96     14.96
  47902.42    159.04    -23.05     14.96     14.96
  47904.26    158.25    -27.43     14.95     14.95
  47909.23    155.50    -39.13     14.92     14.92
  47909.25    155.49    -39.17     14.92     14.92
  47910.34    154.77    -41.70     14.92     14.92
  47914.25    151.86    -50.68     14.90     14.90
  47914.25    151.85    -50.69     14.90     14.90
  47915.31    150.97    -53.08     14.90     14.90
  47916.35    150.07    -55.42     14.89     14.89
  47918.22    148.36    -59.59     14.88     14.88
  47919.24    147.38    -61.85     14.88     14.88
  47919.25    147.37    -61.86     14.88     14.88
  47921.10    145.51    -65.90     14.87     14.87
  47923.08    143.38    -70.18     14.86     14.86
  47924.25    142.07    -72.66     14.85     14.85
  47924.26    142.06    -72.69     14.85     14.85
  47929.25    135.98    -83.02     14.83     14.83
  47930.33    134.56    -85.19     14.82     14.82
  47931.08    133.55    -86.69     14.82     14.82
  47934.25    129.13    -92.87     14.81     14.81
  47934.25    129.13    -92.88     14.81     14.81
  47935.27    127.64    -94.82     14.80     14.80
  47936.21    126.25    -96.58     14.80     14.80
  47937.08    124.93    -98.21     14.79     14.79
  47938.17    123.27   -100.20     14.79     14.79
  47939.26    121.56   -102.18     14.78     14.78
  47940.25    119.99   -103.96     14.78     14.78
  47941.19    118.47   -105.61     14.77     14.77
  47942.12    116.93   -107.24     14.77     14.77
  47943.18    115.17   -109.05     14.76     14.76
  47944.25    113.36   -110.86     14.76     14.76
  47949.25    104.52   -118.88     14.73     14.73
  47951.08    101.14   -121.66     14.73     14.73
  47954.25     95.11   -126.22     14.71     14.71
  47958.10     87.53   -131.36     14.69     14.69
  47959.25     85.20   -132.82     14.69     14.69
  47964.25     74.84   -138.63     14.66     14.66
  47965.29     72.62   -139.75     14.66     14.66
  47966.42     70.22   -140.91     14.65     14.65
  47969.25     64.07   -143.65     14.64     14.64
  47972.10     57.79   -146.14     14.62     14.62
  47973.40     54.88   -147.19     14.62     14.62
  47974.25     52.99   -147.84     14.61     14.61
  47978.17     44.10   -150.52     14.60     14.60
  47979.25     41.63   -151.17     14.59     14.59
  47979.25     41.63   -151.17     14.59     14.59
  47980.33     39.14   -151.78     14.59     14.59
  47984.25     30.07   -153.64     14.57     14.57
  47985.29     27.65   -154.04     14.56     14.56
  47986.07     25.83   -154.31     14.56     14.56
  47989.25     18.38   -155.22     14.54     14.54
  47993.08      9.36   -155.84     14.52     14.52
  47994.25      6.61   -155.92     14.52     14.52
  47995.34      4.04   -155.95     14.51     14.51
  47998.17     -2.61   -155.85     14.50     14.50
  47999.25     -5.15   -155.73     14.50     14.50
  48000.07     -7.08   -155.61     14.49     14.49
  48000.33     -7.70   -155.57     14.49     14.49
  48001.17     -9.65   -155.42     14.49     14.49
  48004.25    -16.85   -154.66     14.47     14.47
  48005.34    -19.38   -154.31     14.47     14.47
  48007.08    -23.43   -153.66     14.46     14.46
  48008.17    -25.94   -153.20     14.45     14.45
  48009.25    -28.42   -152.71     14.45     14.45
  48013.16    -37.34   -150.58     14.43     14.43
  48014.25    -39.80   -149.90     14.42     14.42
  48015.33    -42.23   -149.17     14.42     14.42
  48018.17    -48.53   -147.10     14.41     14.41
  48019.25    -50.91   -146.24     14.40     14.40
  48020.27    -53.14   -145.39     14.40     14.40
  48020.34    -53.29   -145.33     14.39     14.39
  48022.17    -57.26   -143.72     14.39     14.39
  48024.25    -61.70   -141.76     14.38     14.38
  48026.17    -65.74   -139.83     14.37     14.37
  48027.26    -68.01   -138.69     14.36     14.36
  48029.25    -72.10   -136.49     14.35     14.35
  48033.17    -79.97   -131.83     14.33     14.33
  48034.25    -82.06   -130.47     14.33     14.33
  48034.25    -82.08   -130.46     14.33     14.33
  48035.33    -84.17   -129.06     14.32     14.32
  48036.33    -86.08   -127.74     14.32     14.32
  48039.25    -91.54   -123.71     14.30     14.30
  48041.27    -95.21   -120.78     14.30     14.30
  48044.25   -100.46   -116.27     14.28     14.28
  48047.25   -105.52   -111.51     14.27     14.27
  48049.25   -108.78   -108.19     14.26     14.26
  48054.25   -116.46    -99.52     14.23     14.23
  48055.32   -118.01    -97.59     14.23     14.23
  48059.25   -123.45    -90.31     14.21     14.21
  48064.25   -129.72    -80.61     14.19     14.19
  48065.33   -130.98    -78.45     14.18     14.18
  48068.16   -134.10    -72.71     14.17     14.17
  48068.17   -134.10    -72.71     14.17     14.17
  48069.23   -135.21    -70.51     14.16     14.16
  48069.25   -135.23    -70.48     14.16     14.16
  48071.04   -137.02    -66.75     14.15     14.15
  48071.23   -137.19    -66.37     14.15     14.15
  48072.50   -138.40    -63.68     14.15     14.15
  48074.25   -139.95    -59.98     14.14     14.14
  48078.17   -143.09    -51.53     14.12     14.12
  48079.25   -143.85    -49.25     14.11     14.11
  48082.25   -145.77    -42.92     14.08     14.08
  48084.25   -146.89    -38.67     14.06     14.06
  48086.41   -147.97    -34.02     14.04     14.04
  48089.25   -149.15    -27.91     14.01     14.01
  48090.36   -149.55    -25.49     14.00     14.00
  48092.09   -150.09    -21.73     13.98     13.98
  48093.17   -150.37    -19.38     13.97     13.97
  48094.25   -150.63    -17.01     13.96     13.96
  48096.04   -150.96    -13.08     13.94     13.94
  48097.17   -151.12    -10.62     13.93     13.93
  48097.25   -151.13    -10.45     13.93     13.93
  48098.18   -151.23     -8.41     13.92     13.92
  48099.25   -151.31     -6.06     13.91     13.91
  48100.34   -151.35     -3.67     13.90     13.90
  48103.17   -151.29      2.54     13.87     13.87
  48104.25   -151.19      4.91     13.86     13.86
  48104.27   -151.19      4.95     13.86     13.86
  48111.25   -149.71     20.17     13.79     13.79
  48114.25   -148.60     26.64     13.76     13.76
  48115.33   -148.13     28.96     13.75     13.75
  48117.24   -147.21     33.04     13.73     13.73
  48118.25   -146.68     35.17     13.72     13.72
  48119.25   -146.13     37.28     13.71     13.71
  48120.34   -145.49     39.59     13.70     13.70
  48124.25   -142.90     47.72     13.66     13.66
  48126.25   -141.40     51.81     13.64     13.64
  48129.25   -138.93     57.88     13.61     13.61
  48132.27   -136.18     63.86     13.58     13.58
  48134.25   -134.24     67.71     13.56     13.56
  48139.26   -128.84     77.19     13.51     13.51
  48140.24   -127.70     79.00     13.50     13.50
  48141.42   -126.31     81.14     13.49     13.49
  48143.16   -124.17     84.28     13.47     13.47
  48144.25   -122.79     86.22     13.46     13.46
  48145.33   -121.40     88.11     13.45     13.45
  48146.42   -119.98     89.98     13.44     13.44
  48149.25   -116.12     94.77     13.41     13.41
  48154.25   -108.83    102.83     13.36     13.36
  48155.35   -107.17    104.52     13.35     13.35
  48159.25   -101.01    110.32     13.31     13.31
  48160.35    -99.22    111.88     13.30     13.30
  48162.17    -96.20    114.42     13.28     13.28
  48164.25    -92.67    117.22     13.26     13.26
  48167.24    -87.44    121.05     13.23     13.23
  48169.25    -83.85    123.49     13.21     13.21
  48169.25    -83.84    123.49     13.21     13.21
  48170.34    -81.87    124.77     13.20     13.20
  48174.25    -74.60    129.11     13.16     13.16
  48174.26    -74.60    129.11     13.16     13.16
  48175.33    -72.56    130.23     13.15     13.15
  48176.42    -70.48    131.33     13.14     13.14
  48179.25    -65.01    134.02     13.11     13.11
  48179.25    -65.00    134.03     13.11     13.11
  48181.27    -61.02    135.82     13.09     13.09
  48183.16    -57.26    137.38     13.07     13.07
  48184.25    -55.07    138.24     13.06     13.06
  48187.25    -48.98    140.41     13.03     13.03
  48188.35    -46.74    141.14     13.02     13.02
  48189.25    -44.88    141.71     13.01     13.01
  48190.33    -42.64    142.37     13.00     13.00
  48192.17    -38.82    143.40     12.98     12.98
  48193.17    -36.74    143.91     12.97     12.97
  48194.25    -34.48    144.44     12.96     12.96
  48194.25    -34.47    144.44     12.96     12.96
  48195.34    -32.18    144.93     12.95     12.95
  48196.40    -29.93    145.38     12.94     12.94
  48199.25    -23.90    146.40     12.91     12.91
  48202.25    -17.51    147.21     12.88     12.88
  48204.25    -13.23    147.60     12.86     12.86
  48204.25    -13.22    147.60     12.86     12.86
  48209.25     -2.51    148.01     12.81     12.81
  48210.32     -0.22    148.00     12.80     12.80
  48213.17      5.89    147.80     12.77     12.77
  48214.25      8.20    147.65     12.76     12.76
  48216.25     12.47    147.29     12.74     12.74
  48219.25     18.84    146.52     12.71     12.71
  48222.08     24.82    145.54     12.68     12.68
  48223.17     27.11    145.10     12.67     12.67
  48224.25     29.37    144.62     12.66     12.66
  48225.35     31.66    144.10     12.65     12.65
  48229.25     39.72    141.97     12.61     12.61
  48229.26     39.73    141.96     12.61     12.61
  48231.25     43.80    140.70     12.59     12.59
  48234.26     49.85    138.57     12.56     12.56
  48236.25     53.81    137.02     12.54     12.54
  48237.33     55.94    136.13     12.53     12.53
  48239.25     59.67    134.47     12.51     12.51
  48240.33     61.76    133.48     12.50     12.50
  48243.17     67.15    130.76     12.47     12.47
  48244.25     69.17    129.66     12.46     12.46
  48244.25     69.18    129.66     12.46     12.46
  48246.26     72.90    127.53     12.44     12.44
  48248.52     76.98    125.03     12.42     12.42
  48252.32     83.69    120.50     12.38     12.38
  48254.25     86.98    118.07     12.36     12.36
  48259.25     95.20    111.35     12.31     12.31
  48260.35     96.94    109.80     12.30     12.30
  48262.73    100.65    106.20     12.28     12.28
  48264.25    102.95    103.82     12.27     12.27
  48265.35    104.59    102.06     12.26     12.26
  48267.17    107.22     99.10     12.25     12.25
  48269.25    110.14     95.61     12.24     12.24
  48272.33    114.24     90.32     12.22     12.22
  48273.17    115.32     88.84     12.22     12.22
  48274.25    116.67     86.93     12.21     12.21
  48279.25    122.53     77.79     12.18     12.18
  48279.25    122.53     77.79     12.18     12.18
  48280.35    123.72     75.73     12.17     12.17
  48284.25    127.68     68.26     12.15     12.15
  48285.33    128.69     66.15     12.14     12.14
  48287.25    130.41     62.39     12.13     12.13
  48289.24    132.08     58.42     12.12     12.12
  48292.25    134.37     52.35     12.10     12.10
  48294.25    135.74     48.27     12.08     12.08
  48295.34    136.43     46.02     12.08     12.08
  48299.25    138.61     37.92     12.05     12.05
  48299.25    138.62     37.91     12.05     12.05
  48300.33    139.14     35.64     12.05     12.05
  48301.41    139.62     33.38     12.04     12.04
  48301.42    139.62     33.37     12.04     12.04
  48304.26    140.71     27.38     12.02     12.02
  48307.27    141.59     20.98     12.00     12.00
  48309.25    142.01     16.78     11.99     11.99
  48312.25    142.40     10.38     11.97     11.97
  48314.25    142.51      6.11     11.96     11.96
  48315.33    142.51      3.80     11.95     11.95
  48316.42    142.48      1.49     11.95     11.95
  48319.25    142.21     -4.53     11.93     11.93
  48322.23    141.66    -10.85     11.91     11.91
  48324.25    141.13    -15.10     11.90     11.90
  48327.27    140.09    -21.41     11.88     11.88
  48327.98    139.81    -22.89     11.87     11.87
  48329.25    139.26    -25.54     11.87     11.87
  48329.26    139.25    -25.55     11.87     11.87
  48330.33    138.75    -27.77     11.86     11.86
  48331.42    138.21    -29.99     11.85     11.85
  48334.25    136.62    -35.77     11.84     11.84
  48336.41    135.24    -40.13     11.82     11.82
  48339.25    133.23    -45.76     11.80     11.80
  48339.94    132.71    -47.11     11.80     11.80
  48341.17    131.74    -49.51     11.79     11.79
  48344.25    129.12    -55.44     11.77     11.77
  48344.25    129.12    -55.44     11.77     11.77
  48348.17    125.40    -62.78     11.75     11.75
  48349.25    124.30    -64.78     11.74     11.74
  48349.26    124.29    -64.79     11.74     11.74
  48350.36    123.14    -66.79     11.73     11.73
  48354.25    118.82    -73.69     11.71     11.71
  48356.26    116.43    -77.15     11.70     11.70
  48357.34    115.11    -78.97     11.69     11.69
  48358.42    113.76    -80.78     11.68     11.68
  48359.25    112.69    -82.16     11.68     11.68
  48361.93    109.16    -86.49     11.66     11.66
  48362.29    108.68    -87.06     11.66     11.66
  48364.25    105.98    -90.11     11.65     11.65
  48365.33    104.44    -91.78     11.64     11.64
  48368.83     99.32    -96.94     11.62     11.62
  48370.33     97.05    -99.07     11.61     11.61
  48371.25     95.64   -100.34     11.60     11.60
  48372.36     93.89   -101.87     11.60     11.60
  48375.83     88.33   -106.42     11.58     11.58
  48378.25     84.32   -109.41     11.56     11.56
  48379.35     82.47   -110.72     11.55     11.55
  48382.83     76.44   -114.67     11.53     11.53
  48384.17     74.09   -116.09     11.52     11.52
  48384.27     73.91   -116.20     11.52     11.52
  48386.27     70.33   -118.24     11.51     11.51
  48389.83     63.81   -121.60     11.49     11.49
  48390.91     61.80   -122.55     11.48     11.48
  48393.25     57.40   -124.49     11.47     11.47
  48396.83     50.55   -127.15     11.45     11.45
  48398.25     47.81   -128.11     11.44     11.44
  48400.26     43.90   -129.35     11.42     11.42
  48403.83     36.85   -131.28     11.40     11.40
  48406.26     32.01   -132.37     11.39     11.39
  48407.36     29.81   -132.80     11.38     11.38
  48410.83     22.82   -133.93     11.36     11.36
  48411.25     21.98   -134.04     11.36     11.36
  48414.27     15.87   -134.69     11.34     11.34
  48417.83      8.65   -135.10     11.31     11.31
  48419.17      5.94   -135.16     11.31     11.31
  48419.25      5.78   -135.16     11.31     11.31
  48421.26      1.70   -135.13     11.29     11.29
  48424.83     -5.52   -134.78     11.27     11.27
  48428.26    -12.40   -134.09     11.25     11.25
  48431.83    -19.53   -132.98     11.23     11.23
  48433.18    -22.19   -132.47     11.22     11.22
  48434.25    -24.30   -132.03     11.21     11.21
  48435.35    -26.46   -131.53     11.21     11.21
  48436.42    -28.55   -131.02     11.20     11.20
  48437.54    -30.74   -130.45     11.19     11.19
  48438.83    -33.23   -129.74     11.18     11.18
  48439.17    -33.87   -129.55     11.18     11.18
  48440.28    -36.01   -128.89     11.17     11.17
  48441.59    -38.51   -128.08     11.17     11.17
  48445.83    -46.49   -125.28     11.15     11.15
  48447.09    -48.82   -124.41     11.14     11.14
  48448.17    -50.82   -123.62     11.14     11.14
  48449.27    -52.84   -122.79     11.14     11.14
  48450.33    -54.78   -121.95     11.13     11.13
  48451.33    -56.59   -121.14     11.13     11.13
  48452.83    -59.28   -119.86     11.13     11.13
  48454.17    -61.66   -118.68     11.12     11.12
  48454.27    -61.83   -118.59     11.12     11.12
  48456.17    -65.16   -116.82     11.12     11.12
  48457.43    -67.35   -115.59     11.11     11.11
  48459.25    -70.46   -113.75     11.11     11.11
  48463.26    -77.13   -109.40     11.10     11.10
  48467.25    -83.51   -104.68     11.09     11.09
  48468.33    -85.19   -103.34     11.08     11.08
  48470.26    -88.13   -100.88     11.08     11.08
  48471.34    -89.74    -99.47     11.07     11.07
  48472.42    -91.33    -98.03     11.07     11.07
  48473.83    -93.39    -96.10     11.07     11.07
  48475.08    -95.16    -94.36     11.06     11.06
  48475.25    -95.41    -94.12     11.06     11.06
  48477.26    -98.19    -91.25     11.06     11.06
  48480.83   -102.92    -85.95     11.05     11.05
  48480.83   -102.92    -85.95     11.05     11.05
  48484.28   -107.22    -80.61     11.04     11.04
  48485.33   -108.48    -78.92     11.03     11.03
  48487.84   -111.36    -74.86     11.03     11.03
  48489.17   -112.84    -72.65     11.02     11.02
  48490.25   -114.00    -70.84     11.02     11.02
  48491.34   -115.15    -68.99     11.02     11.02
  48494.33   -118.13    -63.83     11.01     11.01
  48494.83   -118.61    -62.95     11.01     11.01
  48495.42   -119.16    -61.91     11.01     11.01
  48497.25   -120.82    -58.67     11.00     11.00
  48498.36   -121.78    -56.68     11.00     11.00
  48501.83   -124.59    -50.34     10.99     10.99
  48504.17   -126.29    -46.01     10.98     10.98
  48504.25   -126.35    -45.85     10.98     10.98
  48505.36   -127.09    -43.78     10.98     10.98
  48506.42   -127.78    -41.77     10.97     10.97
  48508.19   -128.86    -38.41     10.97     10.97
  48509.25   -129.46    -36.38     10.97     10.97
  48509.25   -129.46    -36.38     10.97     10.97
  48512.27   -131.00    -30.54     10.96     10.96
  48513.34   -131.48    -28.47     10.96     10.96
  48515.84   -132.48    -23.58     10.95     10.95
  48519.27   -133.56    -16.81     10.94     10.94
  48522.83   -134.31     -9.72     10.93     10.93
  48524.25   -134.50     -6.89     10.92     10.92
  48525.08   -134.59     -5.24     10.92     10.92
  48525.25   -134.60     -4.91     10.92     10.92
  48526.29   -134.68     -2.83     10.92     10.92
  48529.83   -134.69      4.26     10.91     10.91
  48532.25   -134.48      9.09     10.90     10.90
  48533.33   -134.33     11.26     10.90     10.90
  48536.83   -133.62     18.22     10.89     10.89
  48537.16   -133.53     18.87     10.89     10.89
  48538.26   -133.22     21.04     10.88     10.88
  48540.26   -132.56     25.00     10.88     10.88
  48543.83   -131.10     32.00     10.87     10.87
  48544.98   -130.55     34.23     10.87     10.87
  48546.19   -129.93     36.58     10.86     10.86
  48547.33   -129.31     38.79     10.86     10.86
  48548.48   -128.65     40.98     10.86     10.86
  48549.69   -127.90     43.29     10.85     10.85
  48550.83   -127.16     45.46     10.85     10.85
  48551.98   -126.39     47.63     10.85     10.85
  48553.19   -125.53     49.89     10.84     10.84
  48554.34   -124.67     52.03     10.84     10.84
  48555.42   -123.84     54.03     10.84     10.84
  48557.83   -121.85     58.45     10.83     10.83
  48559.17   -120.69     60.86     10.83     10.83
  48559.25   -120.61     61.01     10.82     10.82
  48561.25   -118.77     64.58     10.82     10.82
  48562.42   -117.65     66.63     10.82     10.82
  48564.83   -115.21     70.82     10.81     10.81
  48565.25   -114.78     71.53     10.81     10.81
  48568.25   -111.51     76.60     10.80     10.80
  48569.33   -110.28     78.39     10.80     10.80
  48571.84   -107.32     82.45     10.79     10.79
  48573.17   -105.69     84.57     10.79     10.79
  48573.25   -105.58     84.71     10.78     10.78
  48575.25   -103.05     87.82     10.78     10.78
  48576.33   -101.64     89.46     10.78     10.78
  48578.84    -98.27     93.21     10.77     10.77
  48580.24    -96.32     95.25     10.77     10.77
  48580.25    -96.30     95.27     10.77     10.77
  48581.29    -94.83     96.75     10.76     10.76
  48582.25    -93.45     98.10     10.76     10.76
  48582.38    -93.26     98.28     10.76     10.76
  48585.83    -88.14    102.97     10.75     10.75
  48587.25    -85.96    104.81     10.75     10.75
  48588.08    -84.67    105.88     10.74     10.74
  48591.75    -78.82    110.37     10.73     10.73
  48592.83    -77.04    111.63     10.73     10.73
  48593.42    -76.07    112.31     10.73     10.73
  48594.33    -74.56    113.33     10.73     10.73
  48595.25    -73.01    114.35     10.72     10.72
  48596.33    -71.17    115.53     10.72     10.72
  48599.83    -65.10    119.11     10.71     10.71
  48601.17    -62.73    120.39     10.71     10.71
  48602.23    -60.84    121.38     10.70     10.70
  48602.25    -60.80    121.40     10.70     10.70
  48603.28    -58.95    122.32     10.70     10.70
  48605.25    -55.35    124.02     10.69     10.69
  48606.83    -52.44    125.31     10.69     10.69
  48608.25    -49.79    126.40     10.69     10.69
  48609.26    -47.91    127.15     10.68     10.68
  48610.33    -45.87    127.91     10.68     10.68
  48611.42    -43.81    128.65     10.68     10.68
  48613.50    -39.82    129.97     10.67     10.67
  48617.25    -32.55    132.03     10.66     10.66
  48624.25    -18.69    134.80     10.64     10.64
  48627.84    -11.62    135.52     10.63     10.63
  48629.33     -8.72    135.64     10.62     10.62
  48631.25     -5.01    135.70     10.62     10.62
  48634.83      1.92    135.55     10.61     10.61
  48635.13      2.50    135.52     10.61     10.61
  48636.14      4.44    135.41     10.60     10.60
  48636.25      4.66    135.40     10.60     10.60
  48638.25      8.51    135.08     10.60     10.60
  48639.33     10.58    134.87     10.59     10.59
  48641.83     15.36    134.24     10.59     10.59
  48642.17     16.01    134.15     10.59     10.59
  48643.33     18.21    133.79     10.58     10.58
  48643.33     18.22    133.79     10.58     10.58
  48645.25     21.84    133.12     10.58     10.58
  48648.83     28.56    131.61     10.57     10.57
  48649.17     29.19    131.45     10.56     10.56
  48649.25     29.35    131.41     10.56     10.56
  48650.25     31.19    130.92     10.56     10.56
  48650.34     31.36    130.87     10.56     10.56
  48652.25     34.88    129.85     10.55     10.55
  48655.84     41.40    127.68     10.54     10.54
  48657.25     43.93    126.74     10.54     10.54
  48657.25     43.93    126.74     10.54     10.54
  48659.25     47.48    125.32     10.53     10.53
  48662.83     53.71    122.53     10.52     10.52
  48663.17     54.29    122.25     10.52     10.52
  48664.25     56.14    121.34     10.52     10.52
  48664.26     56.16    121.33     10.52     10.52
  48665.77     58.71    120.01     10.51     10.51
  48667.34     61.33    118.58     10.51     10.51
  48669.84     65.44    116.18     10.50     10.50
  48671.25     67.72    114.76     10.50     10.50
  48673.26     70.90    112.67     10.49     10.49
  48674.33     72.58    111.52     10.49     10.49
  48676.83     76.41    108.73     10.48     10.48
  48678.17     78.42    107.19     10.48     10.48
  48678.26     78.55    107.09     10.47     10.47
  48680.25     81.47    104.72     10.47     10.47
  48683.83     86.56    100.26     10.46     10.46
  48685.33     88.62     98.32     10.45     10.45
  48687.25     91.19     95.78     10.45     10.45
  48688.33     92.60     94.31     10.44     10.44
  48690.83     95.79     90.85     10.44     10.44
  48691.08     96.10     90.49     10.44     10.44
  48692.17     97.43     88.96     10.43     10.43
  48692.26     97.54     88.83     10.43     10.43
  48694.25     99.93     85.94     10.43     10.43
  48695.34    101.19     84.34     10.42     10.42
  48697.83    104.00     80.60     10.41     10.41
  48699.50    105.79     78.05     10.41     10.41
  48701.25    107.62     75.32     10.40     10.40
  48702.34    108.72     73.61     10.40     10.40
  48704.83    111.13     69.62     10.39     10.39
  48708.25    114.20     64.03     10.38     10.38
  48711.83    117.11     58.03     10.37     10.37
  48713.26    118.18     55.61     10.37     10.37
  48715.25    119.59     52.19     10.36     10.36
  48718.84    121.89     45.95     10.35     10.35
  48720.42    122.80     43.16     10.35     10.35
  48720.73    122.97     42.61     10.34     10.34
  48722.25    123.77     39.91     10.34     10.34
  48725.84    125.43     33.49     10.33     10.33
  48726.08    125.53     33.04     10.33     10.33
  48727.17    125.96     31.09     10.33     10.33
  48728.25    126.36     29.13     10.32     10.32
  48728.25    126.36     29.13     10.32     10.32
  48732.83    127.71     20.79     10.31     10.31
  48733.25    127.80     20.03     10.31     10.31
  48734.34    128.03     18.05     10.30     10.30
  48736.25    128.36     14.54     10.30     10.30
  48739.83    128.71      7.97     10.29     10.29
  48741.17    128.75      5.52     10.28     10.28
  48741.25    128.75      5.38     10.28     10.28
  48743.25    128.73      1.70     10.28     10.28
  48746.83    128.43     -4.84     10.26     10.26
  48748.17    128.23     -7.27     10.26     10.26
  48748.30    128.21     -7.51     10.26     10.26
  48750.25    127.83    -11.05     10.25     10.25
  48753.83    126.89    -17.51     10.24     10.24
  48754.26    126.75    -18.27     10.24     10.24
  48755.02    126.50    -19.63     10.24     10.24
  48755.33    126.39    -20.20     10.24     10.24
  48757.27    125.67    -23.64     10.23     10.23
  48760.83    124.10    -29.92     10.22     10.22
  48763.17    122.90    -33.98     10.21     10.21
  48764.06    122.41    -35.52     10.21     10.21
  48764.25    122.30    -35.85     10.21     10.21
  48765.33    121.67    -37.71     10.21     10.21
  48767.84    120.11    -41.96     10.20     10.20
  48768.09    119.94    -42.39     10.20     10.20
  48770.17    118.52    -45.87     10.19     10.19
  48771.24    117.74    -47.64     10.19     10.19
  48772.34    116.93    -49.44     10.19     10.19
  48772.83    116.55    -50.24     10.19     10.19
  48773.42    116.09    -51.21     10.18     10.18
  48774.83    114.96    -53.49     10.18     10.18
  48775.00    114.83    -53.75     10.18     10.18
  48775.92    114.07    -55.22     10.18     10.18
  48776.08    113.93    -55.49     10.18     10.18
  48777.00    113.15    -56.93     10.17     10.17
  48778.25    112.05    -58.90     10.17     10.17
  48781.84    108.71    -64.42     10.16     10.16
  48782.25    108.31    -65.05     10.16     10.16
  48786.34    104.15    -71.08     10.14     10.14
  48787.05    103.39    -72.10     10.14     10.14
  48787.41    103.00    -72.62     10.14     10.14
  48788.83    101.44    -74.63     10.14     10.14
  48790.17     99.95    -76.49     10.13     10.13
  48792.25     97.54    -79.33     10.13     10.13
  48793.34     96.26    -80.78     10.12     10.12
  48794.42     94.95    -82.22     10.12     10.12
  48795.83     93.22    -84.04     10.11     10.11
  48797.17     91.55    -85.74     10.11     10.11
  48797.25     91.45    -85.84     10.11     10.11
  48799.25     88.89    -88.32     10.10     10.10
  48802.83     84.14    -92.56     10.09     10.09
  48802.83     84.14    -92.56     10.09     10.09
  48804.42     81.97    -94.36     10.09     10.09
  48804.43     81.96    -94.37     10.09     10.09
  48805.50     80.47    -95.56     10.09     10.09
  48809.84     74.23   -100.20     10.07     10.07
  48810.08     73.86   -100.46     10.07     10.07
  48811.00     72.46   -101.45     10.07     10.07
  48811.17     72.21   -101.63     10.07     10.07
  48812.06     70.83   -102.57     10.07     10.07
  48812.25     70.54   -102.76     10.07     10.07
  48813.33     68.85   -103.87     10.07     10.07
  48816.83     63.27   -107.27     10.06     10.06
  48819.17     59.46   -109.36     10.06     10.06
  48820.25     57.67   -110.29     10.06     10.06
  48820.38     57.46   -110.39     10.06     10.06
  48821.33     55.87   -111.18     10.06     10.06
  48823.84     51.63   -113.15     10.05     10.05
  48824.17     51.07   -113.39     10.05     10.05
  48825.33     49.07   -114.24     10.05     10.05
  48826.34     47.35   -114.95     10.05     10.05
  48827.42     45.46   -115.68     10.05     10.05
  48828.67     43.29   -116.48     10.04     10.04
  48829.75     41.39   -117.14     10.04     10.04
  48830.83     39.47   -117.77     10.04     10.04
  48831.88     37.63   -118.35     10.04     10.04
  48831.96     37.48   -118.39     10.04     10.04
  48833.13     35.40   -119.01     10.04     10.04
  48834.25     33.38   -119.56     10.04     10.04
  48835.42     31.28   -120.10     10.03     10.03
  48836.67     29.02   -120.63     10.03     10.03
  48837.84     26.90   -121.10     10.03     10.03
  48838.88     25.00   -121.48     10.03     10.03
  48838.96     24.86   -121.51     10.03     10.03
  48840.13     22.73   -121.90     10.03     10.03
  48840.13     22.71   -121.90     10.03     10.03
  48841.25     20.66   -122.24     10.03     10.03
  48842.42     18.53   -122.55     10.02     10.02
  48843.67     16.23   -122.85     10.02     10.02
  48844.83     14.08   -123.09     10.02     10.02
  48845.08     13.61   -123.13     10.02     10.02
  48845.19     13.42   -123.15     10.02     10.02
  48846.16     11.62   -123.31     10.02     10.02
  48847.26      9.60   -123.46     10.02     10.02
  48848.25      7.76   -123.57     10.01     10.01
  48851.84      1.12   -123.72     10.01     10.01
  48853.17     -1.34   -123.69     10.01     10.01
  48853.26     -1.51   -123.69     10.01     10.01
  48855.25     -5.20   -123.54     10.00     10.00
  48856.33     -7.20   -123.42     10.00     10.00
  48857.42     -9.21   -123.26     10.00     10.00
  48858.84    -11.81   -123.00     10.00     10.00
  48859.92    -13.81   -122.77     10.00     10.00
  48861.00    -15.79   -122.51      9.99      9.99
  48862.25    -18.08   -122.16      9.99      9.99
  48862.75    -18.98   -122.01      9.99      9.99
  48863.33    -20.05   -121.83      9.99      9.99
  48864.42    -22.03   -121.46      9.99      9.99
  48865.83    -24.58   -120.94      9.99      9.99
  48867.42    -27.43   -120.29      9.98      9.98
  48869.25    -30.71   -119.45      9.98      9.98
  48872.83    -37.05   -117.55      9.98      9.98
  48874.42    -39.82   -116.61      9.97      9.97
  48876.25    -42.98   -115.44      9.97      9.97
  48879.83    -49.08   -112.89      9.97      9.97
  48881.27    -51.48   -111.78      9.96      9.96
  48882.43    -53.41   -110.84      9.96      9.96
  48882.92    -54.21   -110.44      9.96      9.96
  48886.83    -60.55   -107.00      9.96      9.96
  48888.17    -62.66   -105.74      9.95      9.95
  48888.25    -62.79   -105.66      9.95      9.95
  48889.92    -65.39   -104.03      9.95      9.95
  48893.84    -71.32    -99.95      9.94      9.94
  48896.92    -75.81    -96.50      9.94      9.94
  48900.83    -81.28    -91.83      9.93      9.93
  48903.91    -85.39    -87.93      9.93      9.93
  48907.83    -90.34    -82.71      9.92      9.92
  48909.25    -92.05    -80.75      9.92      9.92
  48910.92    -94.00    -78.41      9.92      9.92
  48914.83    -98.37    -72.71      9.91      9.91
  48915.18    -98.74    -72.20      9.91      9.91
  48916.25    -99.87    -70.59      9.91      9.91
  48916.25    -99.87    -70.59      9.91      9.91
  48917.92   -101.57    -68.05      9.91      9.91
  48919.42   -103.04    -65.74      9.91      9.91
  48921.83   -105.31    -61.94      9.90      9.90
  48924.92   -108.00    -56.98      9.90      9.90
  48926.34   -109.16    -54.66      9.89      9.89
  48928.83   -111.08    -50.52      9.89      9.89
  48930.00   -111.92    -48.55      9.89      9.89
  48931.17   -112.73    -46.58      9.89      9.89
  48931.25   -112.79    -46.44      9.89      9.89
  48932.33   -113.50    -44.60      9.89      9.89
  48935.83   -115.61    -38.57      9.88      9.88
  48937.25   -116.38    -36.09      9.88      9.88
  48939.27   -117.37    -32.54      9.87      9.87
  48940.38   -117.87    -30.59      9.87      9.87
  48942.83   -118.87    -26.22      9.87      9.87
  48944.42   -119.42    -23.38      9.87      9.87
  48946.25   -119.98    -20.09      9.86      9.86
  48947.33   -120.27    -18.14      9.86      9.86
  48949.83   -120.81    -13.61      9.86      9.86
  48956.83   -121.43     -0.89      9.85      9.85
  48958.00   -121.40      1.23      9.85      9.85
  48959.09   -121.34      3.21      9.84      9.84
  48959.17   -121.33      3.36      9.84      9.84
  48960.25   -121.24      5.32      9.84      9.84
  48962.35   -120.97      9.12      9.84      9.84
  48963.83   -120.71     11.81      9.84      9.84
  48965.25   -120.40     14.37      9.83      9.83
  48967.25   -119.87     17.97      9.83      9.83
  48970.84   -118.66     24.36      9.83      9.83
  48971.17   -118.53     24.95      9.83      9.83
  48972.33   -118.06     27.01      9.82      9.82
  48973.16   -117.70     28.47      9.82      9.82
  48976.17   -116.23     33.72      9.82      9.82
  48977.83   -115.32     36.60      9.82      9.82
  48979.26   -114.49     39.05      9.81      9.81
  48984.83   -110.72     48.42      9.80      9.80
  48986.25   -109.64     50.75      9.80      9.80
  48987.33   -108.79     52.51      9.80      9.80
  48991.83   -104.94     59.65      9.79      9.79
  48993.09   -103.87     61.52      9.79      9.79
  48994.92   -102.23     64.20      9.78      9.78
  48998.84    -98.50     69.80      9.77      9.77
  49002.25    -95.00     74.50      9.75      9.75
  49005.83    -91.09     79.24      9.74      9.74
  49007.42    -89.28     81.28      9.73      9.73
  49009.25    -87.14     83.58      9.73      9.73
  49012.83    -82.77     87.91      9.71      9.71
  49013.00    -82.56     88.11      9.71      9.71
  49014.42    -80.78     89.75      9.71      9.71
  49015.17    -79.81     90.61      9.71      9.71
  49016.25    -78.41     91.83      9.70      9.70
  49019.84    -73.63     95.71      9.69      9.69
  49020.00    -73.41     95.88      9.69      9.69
  49021.09    -71.92     97.01      9.68      9.68
  49022.18    -70.41     98.11      9.68      9.68
  49023.09    -69.13     99.02      9.68      9.68
  49023.25    -68.90     99.18      9.68      9.68
  49026.83    -63.77    102.56      9.66      9.66
  49028.09    -61.93    103.68      9.66      9.66
  49029.18    -60.32    104.63      9.65      9.65
  49030.25    -58.71    105.54      9.65      9.65
  49031.33    -57.09    106.44      9.65      9.65
  49033.83    -53.27    108.40      9.64      9.64
  49034.77    -51.82    109.10      9.63      9.63
  49037.25    -47.95    110.87      9.62      9.62
  49040.83    -42.24    113.17      9.61      9.61
  49044.25    -36.70    115.10      9.60      9.60
  49047.83    -30.79    116.83      9.58      9.58
  49050.00    -27.18    117.72      9.58      9.58
  49051.25    -25.07    118.19      9.57      9.57
  49054.83    -19.03    119.32      9.56      9.56
  49056.09    -16.90    119.65      9.55      9.55
  49058.25    -13.22    120.11      9.54      9.54
  49061.83     -7.08    120.64      9.53      9.53
  49063.08     -4.94    120.75      9.53      9.53
  49063.09     -4.93    120.75      9.53      9.53
  49064.16     -3.08    120.81      9.52      9.52
  49065.25     -1.22    120.85      9.52      9.52
  49068.84      4.95    120.76      9.51      9.51
  49070.08      7.09    120.66      9.50      9.50
  49071.12      8.87    120.55      9.50      9.50
  49071.17      8.94    120.54      9.50      9.50
  49072.25     10.80    120.39      9.49      9.49
  49075.83     16.92    119.70      9.48      9.48
  49082.83     28.73    117.44      9.45      9.45
  49085.25     32.76    116.39      9.44      9.44
  49089.83     40.27    114.02      9.43      9.43
  49091.00     42.16    113.34      9.42      9.42
  49092.08     43.90    112.68      9.42      9.42
  49093.17     45.63    112.00      9.41      9.41
  49093.26     45.77    111.94      9.41      9.41
  49096.83     51.41    109.48      9.40      9.40
  49098.08     53.35    108.55      9.40      9.40
  49099.17     55.02    107.72      9.39      9.39
  49099.17     55.02    107.72      9.39      9.39
  49100.25     56.67    106.86      9.39      9.39
  49103.83     62.05    103.85      9.37      9.37
  49105.08     63.88    102.73      9.37      9.37
  49105.08     63.88    102.73      9.37      9.37
  49106.17     65.46    101.74      9.37      9.37
  49107.25     67.02    100.72      9.36      9.36
  49111.10     72.44     96.91      9.35      9.35
  49112.23     73.99     95.74      9.34      9.34
  49113.25     75.38     94.66      9.34      9.34
  49114.34     76.83     93.49      9.33      9.33
  49119.25     83.18     87.91      9.32      9.32
  49120.33     84.53     86.62      9.31      9.31
  49121.42     85.86     85.31      9.31      9.31
  49121.42     85.86     85.30      9.31      9.31
  49125.17     90.29     80.62      9.29      9.29
  49126.25     91.52     79.22      9.29      9.29
  49129.17     94.74     75.37      9.28      9.28
  49132.17     97.88     71.26      9.27      9.27
  49133.25     98.97     69.75      9.26      9.26
  49134.33    100.03     68.22      9.26      9.26
  49140.25    105.43     59.58      9.24      9.24
  49141.34    106.35     57.94      9.23      9.23
  49142.09    106.96     56.81      9.23      9.23
  49146.16    110.08     50.53      9.22      9.22
  49147.25    110.86     48.82      9.21      9.21
  49147.81    111.24     47.93      9.21      9.21
  49148.34    111.60     47.10      9.21      9.21
  49153.17    114.59     39.34      9.19      9.19
  49154.25    115.19     37.57      9.19      9.19
  49160.00    117.89     28.04      9.16      9.16
  49161.25    118.38     25.95      9.16      9.16
  49162.75    118.91     23.42      9.15      9.15
  49162.98    118.99     23.03      9.15      9.15
  49164.06    119.33     21.20      9.15      9.15
  49164.76    119.54     20.02      9.15      9.15
  49167.17    120.17     15.91      9.14      9.14
  49168.25    120.40     14.05      9.13      9.13
  49175.25    121.21      1.90      9.11      9.11
  49176.29    121.21     -0.01      9.11      9.11
  49177.33    121.18     -1.91      9.11      9.11
  49181.00    120.84     -8.63      9.11      9.11
  49182.25    120.64    -10.90      9.10      9.10
  49183.33    120.43    -12.87      9.10      9.10
  49184.42    120.18    -14.85      9.10      9.10
  49185.43    119.93    -16.68      9.10      9.10
  49188.09    119.12    -21.47      9.10      9.10
  49188.17    119.10    -21.61      9.10      9.10
  49189.25    118.71    -23.56      9.10      9.10
  49190.33    118.29    -25.49      9.10      9.10
  49196.25    115.47    -35.93      9.09      9.09
  49197.33    114.85    -37.81      9.09      9.09
  49198.37    114.22    -39.61      9.09      9.09
  49202.17    111.72    -46.07      9.09      9.09
  49203.25    110.94    -47.88      9.09      9.09
  49204.34    110.12    -49.69      9.09      9.09
  49205.42    109.28    -51.48      9.09      9.09
  49209.08    106.22    -57.43      9.08      9.08
  49209.17    106.14    -57.56      9.08      9.08
  49210.25    105.18    -59.28      9.08      9.08
  49211.33    104.18    -60.99      9.08      9.08
  49216.17     99.39    -68.40      9.08      9.08
  49217.25     98.25    -70.01      9.08      9.08
  49218.33     97.08    -71.59      9.08      9.08
  49219.42     95.88    -73.17      9.08      9.08
  49223.17     91.54    -78.45      9.07      9.07
  49224.25     90.24    -79.93      9.07      9.07
  49225.33     88.90    -81.38      9.07      9.07
  49225.33     88.90    -81.39      9.07      9.07
  49230.00     82.90    -87.41      9.07      9.07
  49230.17     82.68    -87.61      9.07      9.07
  49231.25     81.23    -88.94      9.07      9.07
  49231.25     81.23    -88.94      9.07      9.07
  49232.33     79.75    -90.25      9.06      9.06
  49233.42     78.25    -91.53      9.06      9.06
  49237.08     73.03    -95.69      9.06      9.06
  49238.25     71.32    -96.95      9.06      9.06
  49245.25     60.64   -103.87      9.05      9.05
  49246.33     58.93   -104.83      9.05      9.05
  49247.42     57.19   -105.77      9.05      9.05
  49252.00     49.70   -109.43      9.05      9.05
  49252.25     49.29   -109.62      9.05      9.05
  49253.33     47.48   -110.39      9.05      9.05
  49254.01     46.36   -110.86      9.05      9.05
  49254.42     45.67   -111.14      9.05      9.05
  49258.00     39.56   -113.41      9.04      9.04
  49259.25     37.41   -114.13      9.04      9.04
  49259.92     36.25   -114.49      9.04      9.04
  49260.33     35.53   -114.71      9.04      9.04
  49261.01     34.36   -115.06      9.04      9.04
  49261.42     33.64   -115.26      9.04      9.04
  49266.25     25.12   -117.36      9.04      9.04
  49267.34     23.19   -117.74      9.04      9.04
  49268.41     21.27   -118.09      9.04      9.04
  49272.17     14.53   -119.06      9.03      9.03
  49273.25     12.58   -119.27      9.03      9.03
  49274.33     10.62   -119.45      9.03      9.03
  49275.42      8.66   -119.60      9.03      9.03
  49279.17      1.87   -119.85      9.03      9.03
  49279.17      1.87   -119.85      9.03      9.03
  49280.25     -0.09   -119.85      9.03      9.03
  49281.33     -2.06   -119.82      9.03      9.03
  49286.08    -10.65   -119.31      9.02      9.02
  49287.25    -12.75   -119.09      9.02      9.02
  49288.33    -14.70   -118.86      9.02      9.02
  49293.08    -23.18   -117.44      9.02      9.02
  49293.17    -23.33   -117.41      9.02      9.02
  49294.25    -25.25   -117.00      9.02      9.02
  49295.33    -27.16   -116.56      9.02      9.02
  49296.42    -29.06   -116.09      9.01      9.01
  49300.00    -35.30   -114.31      9.01      9.01
  49301.25    -37.45   -113.61      9.01      9.01
  49308.25    -49.22   -108.94      9.00      9.00
  49309.33    -50.98   -108.12      9.00      9.00
  49315.25    -60.41   -103.07      9.00      9.00
  49321.17    -69.35    -97.21      8.99      8.99
  49322.25    -70.92    -96.06      8.99      8.99
  49323.33    -72.48    -94.87      8.99      8.99
  49328.17    -79.19    -89.29      8.99      8.99
  49329.25    -80.63    -87.97      8.99      8.99
  49330.00    -81.62    -87.04      8.99      8.99
  49331.42    -83.46    -85.26      8.99      8.99
  49333.25    -85.77    -82.91      8.98      8.98
  49335.09    -88.03    -80.48      8.98      8.98
  49336.25    -89.42    -78.91      8.98      8.98
  49338.42    -91.95    -75.92      8.98      8.98
  49342.00    -95.90    -70.80      8.98      8.98
  49342.17    -96.08    -70.56      8.98      8.98
  49343.25    -97.21    -68.98      8.98      8.98
  49350.25   -103.90    -58.29      8.97      8.97
  49351.33   -104.83    -56.57      8.97      8.97
  49357.25   -109.42    -46.98      8.97      8.97
  49358.35   -110.17    -45.22      8.96      8.96
  49359.42   -110.88    -43.49      8.96      8.96
  49363.17   -113.14    -37.34      8.96      8.96
  49364.25   -113.73    -35.56      8.96      8.96
  49365.27   -114.26    -33.86      8.96      8.96
  49365.30   -114.27    -33.80      8.96      8.96
  49366.27   -114.75    -32.19      8.96      8.96
  49366.30   -114.77    -32.13      8.96      8.96
  49367.27   -115.22    -30.50      8.95      8.95
  49367.29   -115.23    -30.47      8.95      8.95
  49367.34   -115.25    -30.39      8.95      8.95
  49368.27   -115.67    -28.82      8.95      8.95
  49368.27   -115.67    -28.82      8.95      8.95
  49369.26   -116.09    -27.13      8.95      8.95
  49369.27   -116.09    -27.12      8.95      8.95
  49370.25   -116.48    -25.45      8.95      8.95
  49370.25   -116.48    -25.44      8.95      8.95
  49370.32   -116.51    -25.32      8.95      8.95
  49371.25   -116.85    -23.75      8.95      8.95
  49372.27   -117.20    -22.00      8.95      8.95
  49372.32   -117.22    -21.91      8.95      8.95
  49373.26   -117.52    -20.30      8.95      8.95
  49373.27   -117.52    -20.29      8.95      8.95
  49373.36   -117.55    -20.13      8.95      8.95
  49374.27   -117.82    -18.57      8.95      8.95
  49374.27   -117.82    -18.56      8.95      8.95
  49374.36   -117.84    -18.41      8.95      8.95
  49375.26   -118.09    -16.85      8.95      8.95
  49375.27   -118.09    -16.84      8.95      8.95
  49376.27   -118.33    -15.11      8.94      8.94
  49377.25   -118.55    -13.41      8.94      8.94
  49377.25   -118.55    -13.40      8.94      8.94
  49377.31   -118.56    -13.31      8.94      8.94
  49378.25   -118.75    -11.67      8.94      8.94
  49379.50   -118.95     -9.49      8.94      8.94
  49380.00   -119.03     -8.62      8.94      8.94
  49385.25   -119.40      0.54      8.93      8.93
  49385.90   -119.39      1.68      8.93      8.93
  49386.33   -119.38      2.44      8.93      8.93
  49391.00   -118.99     10.60      8.93      8.93
  49391.17   -118.97     10.89      8.93      8.93
  49392.25   -118.79     12.77      8.93      8.93
  49394.42   -118.35     16.54      8.92      8.92
  49398.02   -117.36     22.76      8.92      8.92
  49398.09   -117.33     22.88      8.92      8.92
  49399.25   -116.94     24.88      8.92      8.92
  49400.08   -116.64     26.31      8.92      8.92
  49405.09   -114.45     34.79      8.91      8.91
  49406.26   -113.85     36.77      8.91      8.91
  49407.08   -113.41     38.14      8.91      8.91
  49413.25   -109.57     48.24      8.90      8.90
  49419.17   -105.04     57.57      8.89      8.89
  49420.25   -104.13     59.24      8.89      8.89
  49422.42   -102.21     62.53      8.89      8.89
  49426.17    -98.66     68.07      8.89      8.89
  49427.25    -97.58     69.63      8.89      8.89
  49428.34    -96.47     71.18      8.88      8.88
  49429.41    -95.35     72.70      8.88      8.88
  49429.42    -95.34     72.71      8.88      8.88
  49434.25    -90.00     79.31      8.88      8.88
  49435.33    -88.74     80.73      8.88      8.88
  49436.42    -87.45     82.14      8.87      8.87
  49441.25    -81.47     88.16      8.87      8.87
  49448.25    -72.06     96.10      8.86      8.86
  49455.25    -61.89    103.04      8.85      8.85
  49456.33    -60.25    104.02      8.85      8.85
  49462.25    -51.06    108.90      8.85      8.85
  49468.17    -41.46    112.98      8.84      8.84
  49469.25    -39.66    113.63      8.84      8.84
  49470.33    -37.86    114.26      8.84      8.84
  49471.42    -36.04    114.86      8.83      8.83
  49476.25    -27.84    117.18      8.83      8.83
  49482.17    -17.61    119.21      8.82      8.82
  49483.25    -15.71    119.49      8.82      8.82
  49484.33    -13.82    119.74      8.82      8.82
  49484.33    -13.82    119.74      8.82      8.82
  49484.34    -13.81    119.74      8.82      8.82
  49485.42    -11.92    119.95      8.82      8.82
  49489.08     -5.46    120.46      8.81      8.81
  49490.25     -3.40    120.55      8.81      8.81
  49491.33     -1.50    120.60      8.81      8.81
  49496.00      6.75    120.48      8.81      8.81
  49497.25      8.96    120.35      8.80      8.80
  49498.34     10.87    120.20      8.80      8.80
  49504.25     21.24    118.88      8.80      8.80
  49506.00     24.28    118.31      8.79      8.79
  49511.25     33.32    116.15      8.79      8.79
  49512.33     35.16    115.62      8.79      8.79
  49518.25     45.07    112.21      8.78      8.78
  49519.33     46.84    111.49      8.78      8.78
  49524.17     54.64    107.95      8.77      8.77
  49525.25     56.35    107.08      8.77      8.77
  49528.75     61.78    104.09      8.77      8.77
  49530.92     65.07    102.09      8.77      8.77
  49532.25     67.05    100.82      8.76      8.76
  49533.08     68.28    100.00      8.76      8.76
  49533.34     68.67     99.74      8.76      8.76
  49534.42     70.23     98.66      8.76      8.76
  49534.42     70.23     98.66      8.76      8.76
  49534.42     70.24     98.65      8.76      8.76
  49534.54     70.42     98.53      8.76      8.76
  49539.25     77.07     93.48      8.76      8.76
  49541.00     79.36     91.44      8.76      8.76
  49541.25     79.68     91.14      8.76      8.76
  49541.75     80.32     90.54      8.75      8.75
  49545.17     84.57     86.31      8.75      8.75
  49546.25     85.87     84.93      8.75      8.75
  49547.33     87.14     83.54      8.75      8.75
  49547.33     87.14     83.54      8.75      8.75
  49547.33     87.15     83.54      8.75      8.75
  49548.42     88.40     82.12      8.75      8.75
  49552.17     92.57     77.06      8.75      8.75
  49553.25     93.72     75.56      8.75      8.75
  49554.33     94.84     74.05      8.75      8.75
  49555.42     95.94     72.52      8.74      8.74
  49559.17     99.57     67.08      8.74      8.74
  49560.25    100.56     65.48      8.74      8.74
  49562.08    102.17     62.74      8.74      8.74
  49562.08    102.17     62.73      8.74      8.74
  49566.17    105.50     56.48      8.74      8.74
  49567.25    106.31     54.80      8.74      8.74
  49568.33    107.11     53.09      8.73      8.73
  49569.42    107.87     51.38      8.73      8.73
  49573.09    110.26     45.50      8.73      8.73
  49574.25    110.95     43.61      8.73      8.73
  49575.33    111.56     41.85      8.73      8.73
  49576.42    112.15     40.07      8.73      8.73
  49576.50    112.19     39.93      8.73      8.73
  49580.04    113.90     34.08      8.73      8.73
  49581.25    114.42     32.06      8.72      8.72
  49588.25    116.69     20.25      8.72      8.72
  49589.33    116.93     18.41      8.72      8.72
  49589.34    116.94     18.40      8.72      8.72
  49590.42    117.15     16.57      8.72      8.72
  49594.17    117.67     10.16      8.72      8.72
  49595.25    117.75      8.31      8.71      8.71
  49596.33    117.81      6.47      8.71      8.71
  49597.42    117.83      4.61      8.71      8.71
  49602.25    117.60     -3.63      8.71      8.71
  49603.33    117.47     -5.47      8.71      8.71
  49603.33    117.47     -5.47      8.71      8.71
  49603.34    117.47     -5.47      8.71      8.71
  49604.42    117.31     -7.31      8.71      8.71
  49608.04    116.56    -13.42      8.70      8.70
  49609.25    116.24    -15.45      8.70      8.70
  49611.42    115.58    -19.07      8.70      8.70
  49615.08    114.21    -25.12      8.70      8.70
  49616.25    113.70    -27.04      8.70      8.70
  49618.09    112.85    -30.02      8.70      8.70
  49622.04    110.74    -36.36      8.69      8.69
  49623.25    110.02    -38.27      8.69      8.69
  49629.08    106.10    -47.28      8.69      8.69
  49630.25    105.23    -49.04      8.69      8.69
  49631.33    104.40    -50.65      8.69      8.69
  49632.42    103.53    -52.26      8.69      8.69
  49637.25     99.40    -59.23      8.68      8.68
  49639.16     97.64    -61.89      8.68      8.68
  49639.16     97.64    -61.89      8.68      8.68
  49643.00     93.87    -67.10      8.68      8.68
  49644.25     92.59    -68.74      8.68      8.68
  49645.33     91.45    -70.15      8.68      8.68
  49646.04     90.70    -71.06      8.68      8.68
  49650.31     85.96    -76.37      8.67      8.67
  49651.26     84.87    -77.50      8.67      8.67
  49652.33     83.61    -78.77      8.67      8.67
  49653.42     82.32    -80.03      8.67      8.67
  49653.42     82.32    -80.03      8.67      8.67
  49657.00     77.92    -84.04      8.67      8.67
  49658.26     76.33    -85.39      8.67      8.67
  49659.34     74.95    -86.53      8.67      8.67
  49664.09     68.68    -91.26      8.66      8.66
  49665.25     67.09    -92.35      8.66      8.66
  49667.42     64.10    -94.31      8.66      8.66
  49672.25     57.22    -98.32      8.66      8.66
  49678.08     48.59   -102.50      8.65      8.65
  49679.25     46.82   -103.25      8.65      8.65
  49685.17     37.72   -106.56      8.65      8.65
  49685.17     37.72   -106.56      8.65      8.65
  49685.17     37.72   -106.57      8.65      8.65
  49686.25     36.03   -107.08      8.65      8.65
  49689.49     30.92   -108.48      8.64      8.64
  49692.08     26.80   -109.43      8.64      8.64
  49693.25     24.93   -109.80      8.64      8.64
  49694.33     23.20   -110.12      8.64      8.64
  49699.17     15.41   -111.20      8.64      8.64
  49700.25     13.66   -111.37      8.64      8.64
  49702.08     10.70   -111.59      8.63      8.63
  49706.17      4.08   -111.80      8.63      8.63
  49707.25      2.33   -111.79      8.63      8.63
  49714.25     -8.95   -111.07      8.62      8.62
  49715.00    -10.15   -110.92      8.62      8.62
  49715.33    -10.68   -110.86      8.62      8.62
  49716.42    -12.41   -110.62      8.62      8.62
  49716.42    -12.41   -110.62      8.62      8.62
  49716.42    -12.41   -110.61      8.62      8.62
  49721.25    -20.05   -109.22      8.62      8.62
  49727.04    -29.27   -107.01      8.62      8.62
  49728.25    -31.17   -106.45      8.62      8.62
  49735.25    -41.96   -102.59      8.61      8.61
  49736.36    -43.63   -101.87      8.61      8.61
  49741.17    -50.72    -98.47      8.61      8.61
  49741.17    -50.72    -98.47      8.61      8.61
  49741.17    -50.72    -98.47      8.61      8.61
  49742.25    -52.28    -97.63      8.61      8.61
  49744.08    -54.89    -96.16      8.61      8.61
  49748.08    -60.45    -92.71      8.61      8.61
  49749.25    -62.03    -91.64      8.61      8.61
  49750.33    -63.48    -90.63      8.61      8.61
  49750.33    -63.49    -90.63      8.61      8.61
  49750.33    -63.49    -90.62      8.61      8.61
  49751.42    -64.92    -89.59      8.61      8.61
  49751.42    -64.92    -89.59      8.61      8.61
  49756.25    -71.11    -84.68      8.60      8.60
  49762.09    -78.09    -78.19      8.60      8.60
  49763.25    -79.41    -76.83      8.60      8.60
  49764.33    -80.62    -75.54      8.60      8.60
  49770.25    -86.85    -68.16      8.60      8.60
  49772.09    -88.65    -65.77      8.60      8.60
  49777.25    -93.35    -58.79      8.59      8.59
  49779.04    -94.86    -56.28      8.59      8.59
  49783.08    -98.00    -50.50      8.59      8.59
  49784.25    -98.85    -48.79      8.59      8.59
  49790.17   -102.66    -39.96      8.59      8.59
  49790.17   -102.66    -39.95      8.59      8.59
  49791.25   -103.28    -38.30      8.59      8.59
  49798.25   -106.60    -27.41      8.58      8.58
  49800.42   -107.39    -23.98      8.58      8.58
  49804.08   -108.49    -18.12      8.58      8.58
  49805.25   -108.77    -16.24      8.58      8.58
  49811.04   -109.69     -6.88      8.58      8.58
  49812.25   -109.78     -4.92      8.58      8.58
  49818.08   -109.73      4.55      8.58      8.58
  49819.25   -109.62      6.44      8.57      8.57
  49819.96   -109.54      7.58      8.57      8.57
  49820.33   -109.49      8.19      8.57      8.57
  49821.42   -109.33      9.94      8.57      8.57
  49826.25   -108.29     17.71      8.57      8.57
  49826.96   -108.09     18.84      8.57      8.57
  49827.33   -107.98     19.44      8.57      8.57
  49828.42   -107.64     21.16      8.57      8.57
  49828.42   -107.64     21.16      8.57      8.57
  49828.42   -107.64     21.17      8.57      8.57
  49832.00   -106.33     26.82      8.57      8.57
  49833.25   -105.80     28.77      8.57      8.57
  49839.04   -102.89     37.69      8.57      8.57
  49840.25   -102.18     39.51      8.57      8.57
  49847.25    -97.48     49.82      8.56      8.56
  49848.33    -96.66     51.36      8.56      8.56
  49854.25    -91.74     59.57      8.56      8.56
  49861.25    -85.04     68.68      8.56      8.56
  49862.33    -83.92     70.02      8.56      8.56
  49868.25    -77.43     77.03      8.55      8.55
  49869.33    -76.18     78.25      8.55      8.55
  49875.26    -69.00     84.56      8.55      8.55
  49876.33    -67.64     85.63      8.55      8.55
  49877.42    -66.25     86.70      8.55      8.55
  49882.25    -59.86     91.16      8.55      8.55
  49883.33    -58.39     92.09      8.55      8.55
  49888.00    -51.88     95.85      8.54      8.54
  49889.25    -50.09     96.78      8.54      8.54
  49895.08    -41.54    100.67      8.54      8.54
  49896.25    -39.79    101.36      8.54      8.54
  49897.33    -38.16    101.97      8.54      8.54
  49904.25    -27.54    105.25      8.54      8.54
  49909.09    -20.13    106.83      8.53      8.53
  49909.12    -20.09    106.84      8.53      8.53
  49910.25    -18.34    107.13      8.53      8.53
  49911.33    -16.68    107.39      8.53      8.53
  49914.17    -12.29    107.93      8.53      8.53
  49916.00     -9.44    108.18      8.53      8.53
  49917.25     -7.49    108.31      8.53      8.53
  49923.00      1.46    108.46      8.53      8.53
  49923.00      1.47    108.46      8.53      8.53
  49924.25      3.41    108.40      8.52      8.52
  49930.17     12.59    107.62      8.52      8.52
  49931.25     14.26    107.39      8.52      8.52
  49937.00     23.04    105.75      8.52      8.52
  49938.25     24.93    105.30      8.52      8.52
  49939.33     26.56    104.88      8.52      8.52
  49945.25     35.33    102.16      8.51      8.51
  49946.33     36.91    101.58      8.51      8.51
  49952.25     45.35     97.99      8.51      8.51
  49953.32     46.85     97.26      8.51      8.51
  49954.32     48.23     96.56      8.51      8.51
  49955.32     49.60     95.85      8.51      8.51
  49956.32     50.97     95.11      8.51      8.51
  49957.32     52.32     94.35      8.51      8.51
  49958.25     53.57     93.63      8.51      8.51
  49959.25     54.90     92.84      8.50      8.50
  49960.33     56.32     91.96      8.50      8.50
  49961.42     57.74     91.06      8.50      8.50
  49966.25     63.86     86.77      8.50      8.50
  49967.33     65.19     85.75      8.50      8.50
  49973.25     72.17     79.84      8.50      8.50
  49979.08     78.52     73.46      8.49      8.49
  49979.08     78.52     73.45      8.49      8.49
  49980.25     79.72     72.12      8.49      8.49
  49982.08     81.57     69.98      8.49      8.49
  49986.08     85.40     65.14      8.49      8.49
  49987.25     86.46     63.68      8.49      8.49
  49993.17     91.47     56.07      8.48      8.48
  49993.17     91.47     56.07      8.48      8.48
  49994.25     92.32     54.63      8.48      8.48
  49996.09     93.70     52.17      8.48      8.48
  50000.08     96.47     46.68      8.48      8.48
  50001.25     97.22     45.05      8.48      8.48
  50002.33     97.90     43.52      8.48      8.48
  50003.08     98.35     42.46      8.48      8.48
  50003.42     98.54     41.99      8.48      8.48
  50008.25    101.14     35.03      8.48      8.48
  50014.00    103.59     26.55      8.47      8.47
  50015.25    104.03     24.68      8.47      8.47
  50022.25    105.87     14.11      8.47      8.47
  50029.25    106.64      3.42      8.46      8.46
  50029.25    106.64      3.41      8.46      8.46
  50031.42    106.65      0.10      8.46      8.46
  50035.00    106.46     -5.38      8.46      8.46
  50036.25    106.33     -7.29      8.46      8.46
  50038.08    106.07    -10.08      8.46      8.46
  50042.04    105.26    -16.07      8.46      8.46
  50043.25    104.95    -17.90      8.46      8.46
  50049.00    103.02    -26.46      8.45      8.45
  50050.25    102.51    -28.30      8.45      8.45
  50057.25     99.05    -38.39      8.45      8.45
  50058.33     98.43    -39.92      8.45      8.45
  50059.42     97.78    -41.44      8.45      8.45
  50064.25     94.60    -48.08      8.44      8.44
  50065.33     93.83    -49.54      8.44      8.44
  50070.04     90.21    -55.72      8.44      8.44
  50071.25     89.21    -57.26      8.44      8.44
  50078.25     82.93    -65.85      8.44      8.44
  50085.00     76.10    -73.48      8.43      8.43
  50085.25     75.83    -73.75      8.43      8.43
  50092.25     67.84    -80.68      8.43      8.43
  50099.25     59.19    -86.66      8.43      8.43
  50105.04     51.64    -90.91      8.43      8.43
  50106.25     50.03    -91.72      8.43      8.43
  50108.08     47.56    -92.89      8.43      8.43
  50112.08     42.07    -95.21      8.43      8.43
  50113.25     40.45    -95.82      8.43      8.43
  50119.08     32.22    -98.49      8.43      8.43
  50120.25     30.56    -98.93      8.43      8.43
  50121.33     29.00    -99.33      8.43      8.43
  50126.04     22.20   -100.74      8.44      8.44
  50127.25     20.45   -101.03      8.44      8.44
  50129.08     17.78   -101.41      8.44      8.44
  50134.25     10.23   -102.10      8.44      8.44
  50136.08      7.55   -102.21      8.44      8.44
  50141.25      0.00   -102.15      8.44      8.44
  50147.04     -8.39   -101.42      8.44      8.44
  50148.25    -10.13   -101.18      8.44      8.44
  50149.33    -11.68   -100.94      8.44      8.44
  50153.88    -18.13    -99.68      8.44      8.44
  50153.88    -18.13    -99.68      8.44      8.44
  50155.25    -20.06    -99.21      8.44      8.44
  50155.83    -20.87    -99.01      8.44      8.44
  50156.33    -21.57    -98.82      8.44      8.44
  50162.25    -29.71    -96.28      8.44      8.44
  50163.34    -31.17    -95.74      8.44      8.44
  50168.17    -37.56    -93.08      8.44      8.44
  50169.25    -38.97    -92.42      8.44      8.44
  50170.33    -40.36    -91.74      8.44      8.44
  50176.25    -47.75    -87.68      8.44      8.44
  50177.33    -49.06    -86.87      8.44      8.44
  50182.08    -54.64    -83.10      8.44      8.44
  50183.25    -55.98    -82.11      8.44      8.44
  50189.04    -62.31    -76.93      8.44      8.44
  50190.25    -63.57    -75.78      8.44      8.44
  50197.01    -70.24    -69.01      8.45      8.45
  50197.25    -70.47    -68.76      8.45      8.45
  50198.33    -71.47    -67.62      8.45      8.45
  50199.42    -72.45    -66.46      8.45      8.45
  50204.25    -76.60    -61.13      8.45      8.45
  50205.33    -77.47    -59.89      8.45      8.45
  50210.00    -81.02    -54.45      8.45      8.45
  50211.25    -81.91    -52.96      8.45      8.45
  50218.25    -86.36    -44.35      8.45      8.45
  50219.33    -86.97    -42.98      8.45      8.45
  50224.04    -89.37    -36.95      8.45      8.45
  50225.25    -89.91    -35.38      8.45      8.45
  50232.25    -92.55    -26.15      8.45      8.45
  50233.34    -92.87    -24.70      8.45      8.45
  50234.42    -93.17    -23.25      8.45      8.45
  50238.08    -94.02    -18.32      8.45      8.45
  50239.25    -94.24    -16.75      8.45      8.45
  50242.33    -94.68    -12.58      8.45      8.45
  50245.05    -94.92     -8.90      8.45      8.45
  50246.25    -94.98     -7.27      8.45      8.45
  50247.44    -95.01     -5.67      8.45      8.45
  50248.52    -95.02     -4.20      8.45      8.45
  50253.25    -94.78      2.18      8.45      8.45
  50255.03    -94.58      4.56      8.45      8.45
  50255.29    -94.55      4.91      8.45      8.45
  50256.03    -94.44      5.90      8.45      8.45
  50259.08    -93.90      9.97      8.45      8.45
  50259.08    -93.90      9.97      8.45      8.45
  50260.25    -93.65     11.52      8.45      8.45
  50262.08    -93.20     13.93      8.45      8.45
  50267.25    -91.60     20.65      8.46      8.46
  50274.25    -88.80     29.62      8.45      8.45
  50276.17    -87.90     32.03      8.45      8.45
  50276.17    -87.90     32.03      8.45      8.45
  50276.17    -87.90     32.03      8.45      8.45
  50280.04    -85.88     36.83      8.44      8.44
  50281.25    -85.19     38.31      8.44      8.44
  50282.33    -84.56     39.61      8.44      8.44
  50287.08    -81.54     45.22      8.44      8.44
  50287.08    -81.54     45.23      8.44      8.44
  50288.25    -80.74     46.57      8.44      8.44
  50290.09    -79.44     48.66      8.43      8.43
  50295.25    -75.49     54.33      8.43      8.43
  50302.25    -69.50     61.51      8.42      8.42
  50303.33    -68.51     62.56      8.42      8.42
  50305.83    -66.17     64.93      8.41      8.41
  50308.04    -64.04     66.95      8.41      8.41
  50309.25    -62.84     68.03      8.41      8.41
  50316.25    -55.57     73.84      8.40      8.40
  50322.08    -49.11     78.09      8.40      8.40
  50322.08    -49.10     78.09      8.40      8.40
  50323.25    -47.77     78.88      8.40      8.40
  50324.33    -46.52     79.58      8.39      8.39
  50324.33    -46.52     79.58      8.39      8.39
  50329.17    -40.82     82.50      8.39      8.39
  50330.25    -39.52     83.10      8.39      8.39
  50331.32    -38.23     83.67      8.39      8.39
  50332.32    -37.01     84.18      8.38      8.38
  50333.33    -35.77     84.68      8.38      8.38
  50336.10    -32.35     85.97      8.38      8.38
  50337.25    -30.91     86.46      8.38      8.38
  50338.33    -29.55     86.90      8.38      8.38
  50343.17    -23.42     88.61      8.37      8.37
  50344.25    -22.03     88.93      8.37      8.37
  50345.32    -20.65     89.23      8.37      8.37
  50346.32    -19.36     89.49      8.37      8.37
  50347.33    -18.05     89.74      8.37      8.37
  50349.88    -14.75     90.26      8.36      8.36
  50351.25    -12.96     90.50      8.36      8.36
  50355.33     -7.62     90.99      8.36      8.36
  50357.17     -5.22     91.11      8.36      8.36
  50358.25     -3.80     91.15      8.36      8.36
  50359.32     -2.39     91.17      8.35      8.35
  50360.32     -1.08     91.16      8.35      8.35
  50361.33      0.24     91.14      8.35      8.35
  50364.08      3.84     90.98      8.35      8.35
  50365.25      5.36     90.87      8.35      8.35
  50366.96      7.58     90.67      8.35      8.35
  50371.17     13.03     89.93      8.34      8.34
  50372.25     14.42     89.68      8.34      8.34
  50373.32     15.80     89.42      8.34      8.34
  50374.32     17.07     89.16      8.34      8.34
  50375.33     18.36     88.87      8.34      8.34
  50378.04     21.78     88.02      8.33      8.33
  50379.25     23.30     87.59      8.33      8.33
  50386.25     31.91     84.63      8.32      8.32
  50387.33     33.21     84.09      8.32      8.32
  50392.17     38.90     81.47      8.32      8.32
  50393.25     40.15     80.82      8.32      8.32
  50394.32     41.37     80.17      8.31      8.31
  50395.32     42.51     79.54      8.31      8.31
  50396.33     43.64     78.89      8.31      8.31
  50396.33     43.64     78.89      8.31      8.31
  50399.16     46.77     76.99      8.31      8.31
  50399.17     46.78     76.98      8.31      8.31
  50400.25     47.95     76.22      8.31      8.31
  50401.32     49.10     75.45      8.31      8.31
  50402.32     50.17     74.71      8.30      8.30
  50402.32     50.17     74.71      8.30      8.30
  50403.33     51.23     73.95      8.30      8.30
  50407.25     55.24     70.87      8.30      8.30
  50408.35     56.33     69.97      8.30      8.30
  50409.42     57.38     69.07      8.30      8.30
  50413.17     60.94     65.81      8.29      8.29
  50413.17     60.94     65.81      8.29      8.29
  50414.25     61.94     64.83      8.29      8.29
  50420.17     67.09     59.23      8.28      8.28
  50421.25     67.98     58.16      8.28      8.28
  50422.33     68.85     57.08      8.28      8.28
  50423.42     69.71     55.98      8.28      8.28
  50427.05     72.45     52.21      8.28      8.28
  50428.25     73.31     50.94      8.28      8.28
  50435.25     77.88     43.23      8.27      8.27
  50441.08     81.08     36.50      8.26      8.26
  50448.25     84.21     27.92      8.25      8.25
  50456.25     86.44     18.11      8.25      8.25
  50457.27     86.61     16.85      8.25      8.25
  50458.83     86.85     14.93      8.25      8.25
  50459.83     86.97     13.70      8.25      8.25
  50463.25     87.27      9.48      8.25      8.25
  50470.25     87.25      0.87      8.26      8.26
  50471.27     87.17     -0.38      8.26      8.26
  50477.25     86.39     -7.64      8.26      8.26
  50477.25     86.39     -7.64      8.26      8.26
  50478.33     86.18     -8.94      8.26      8.26
  50479.42     85.95    -10.24      8.27      8.27
  50483.17     85.02    -14.69      8.27      8.27
  50484.25     84.70    -15.97      8.27      8.27
  50485.91     84.19    -17.90      8.27      8.27
  50490.08     82.69    -22.71      8.27      8.27
  50491.25     82.23    -24.04      8.27      8.27
  50491.25     82.23    -24.04      8.27      8.27
  50492.82     81.56    -25.81      8.27      8.27
  50498.25     78.99    -31.78      8.28      8.28
  50500.08     78.02    -33.74      8.28      8.28
  50505.25     75.04    -39.11      8.28      8.28
  50505.25     75.04    -39.11      8.28      8.28
  50512.25     70.42    -45.97      8.29      8.29
  50519.25     65.18    -52.31      8.29      8.29
  50519.25     65.18    -52.31      8.29      8.29
  50525.10     60.38    -57.16      8.30      8.30
  50526.25     59.39    -58.06      8.30      8.30
  50527.27     58.51    -58.85      8.30      8.30
  50532.00     54.27    -62.32      8.30      8.30
  50533.25     53.11    -63.19      8.30      8.30
  50533.25     53.11    -63.19      8.30      8.30
  50539.17     47.46    -67.00      8.31      8.31
  50540.25     46.40    -67.64      8.31      8.31
  50541.27     45.39    -68.23      8.31      8.31
  50546.00     40.62    -70.77      8.31      8.31
  50547.25     39.34    -71.39      8.31      8.31
  50547.25     39.34    -71.39      8.31      8.31
  50554.25     31.99    -74.42      8.32      8.32
  50555.27     30.90    -74.79      8.32      8.32
  50560.08     25.71    -76.36      8.32      8.32
  50561.25     24.44    -76.69      8.32      8.32
  50568.25     16.75    -78.21      8.33      8.33
  50569.27     15.62    -78.36      8.33      8.33
  50574.00     10.39    -78.88      8.33      8.33
  50575.25      9.01    -78.96      8.33      8.33
  50575.25      9.01    -78.96      8.33      8.33
  50575.75      8.46    -78.99      8.33      8.33
  50582.25      1.28    -78.96      8.33      8.33
  50583.27      0.16    -78.90      8.34      8.34
  50588.08     -5.09    -78.39      8.34      8.34
  50589.25     -6.35    -78.21      8.34      8.34
  50589.25     -6.35    -78.21      8.34      8.34
  50596.25    -13.83    -76.73      8.34      8.34
  50602.00    -19.79    -74.99      8.35      8.35
  50603.25    -21.07    -74.55      8.35      8.35
  50603.25    -21.07    -74.55      8.35      8.35
  50610.25    -28.02    -71.69      8.35      8.35
  50616.09    -33.54    -68.82      8.36      8.36
  50617.25    -34.61    -68.20      8.36      8.36
  50617.25    -34.61    -68.20      8.36      8.36
  50624.25    -40.78    -64.11      8.36      8.36
  50631.25    -46.49    -59.48      8.37      8.37
  50631.25    -46.49    -59.48      8.37      8.37
  50631.75    -46.88    -59.13      8.37      8.37
  50638.25    -51.53    -54.34      8.38      8.38
  50639.27    -52.19    -53.55      8.39      8.39
  50644.00    -55.10    -49.81      8.40      8.40
  50645.25    -55.83    -48.79      8.41      8.41
  50645.25    -55.83    -48.79      8.41      8.41
  50652.25    -59.54    -42.93      8.43      8.43
  50653.27    -60.03    -42.06      8.44      8.44
  50654.33    -60.53    -41.14      8.44      8.44
  50659.25    -62.65    -36.83      8.46      8.46
  50659.25    -62.65    -36.83      8.46      8.46
  50665.17    -64.80    -31.52      8.48      8.48
  50666.25    -65.15    -30.53      8.48      8.48
  50672.00    -66.74    -25.27      8.50      8.50
  50673.25    -67.03    -24.11      8.51      8.51
  50673.25    -67.03    -24.11      8.51      8.51
  50680.25    -68.28    -17.62      8.53      8.53
  50681.27    -68.41    -16.68      8.54      8.54
  50686.08    -68.86    -12.21      8.55      8.55
  50687.25    -68.92    -11.12      8.56      8.56
  50687.25    -68.92    -11.12      8.56      8.56
  50687.84    -68.95    -10.58      8.56      8.56
  50694.25    -68.95     -4.67      8.58      8.58
  50695.27    -68.91     -3.74      8.59      8.59
  50700.09    -68.53      0.64      8.61      8.61
  50701.25    -68.40      1.68      8.61      8.61
  50701.25    -68.40      1.68      8.61      8.61
  50707.00    -67.52      6.78      8.63      8.63
  50708.25    -67.27      7.87      8.63      8.63
  50715.25    -65.61     13.86      8.66      8.66
  50715.25    -65.61     13.87      8.66      8.66
  50722.25    -63.42     19.61      8.69      8.69
  50728.17    -61.20     24.23      8.71      8.71
  50729.25    -60.76     25.05      8.71      8.71
  50729.25    -60.76     25.06      8.71      8.71
  50736.25    -57.64     30.18      8.74      8.74
  50742.17    -54.69     34.22      8.76      8.76
  50743.25    -54.13     34.93      8.76      8.76
  50743.25    -54.12     34.93      8.76      8.76
  50749.08    -50.91     38.60      8.78      8.78
  50750.25    -50.24     39.30      8.79      8.79
  50751.27    -49.64     39.90      8.79      8.79
  50752.20    -49.10     40.43      8.79      8.79
  50757.25    -46.02     43.24      8.81      8.81
  50757.25    -46.02     43.24      8.81      8.81
  50764.25    -41.53     46.74      8.84      8.84
  50765.34    -40.81     47.25      8.84      8.84
  50770.00    -37.66     49.28      8.86      8.86
  50771.25    -36.80     49.79      8.86      8.86
  50771.25    -36.80     49.79      8.86      8.86
  50773.08    -35.53     50.52      8.87      8.87
  50777.00    -32.77     51.95      8.88      8.88
  50778.25    -31.88     52.38      8.89      8.89
  50785.25    -26.81     54.48      8.91      8.91
  50785.25    -26.81     54.48      8.91      8.91
  50786.25    -26.08     54.74      8.92      8.92
  50791.08    -22.51     55.87      8.93      8.93
  50792.25    -21.64     56.11      8.94      8.94
  50793.27    -20.88     56.31      8.94      8.94
  50798.00    -17.35     57.09      8.96      8.96
  50799.22    -16.44     57.26      8.96      8.96
  50799.25    -16.41     57.26      8.96      8.96
  50800.34    -15.60     57.40      8.97      8.97
  50805.09    -12.04     57.86      8.99      8.99
  50806.17    -11.23     57.93      8.99      8.99
  50813.17     -6.02     58.15      9.01      9.01
  50813.17     -6.01     58.15      9.01      9.01
  50820.25     -0.73     58.04      9.03      9.03
  50826.17      3.75     57.78      9.04      9.04
  50827.25      4.57     57.70      9.04      9.04
  50827.25      4.57     57.70      9.04      9.04
  50834.25      9.79     56.88      9.04      9.04
  50840.17     14.12     55.82      9.05      9.05
  50841.25     14.90     55.59      9.05      9.05
  50841.25     14.91     55.59      9.05      9.05
  50843.00     16.16     55.20      9.05      9.05
  50847.00     18.99     54.20      9.05      9.05
  50848.25     19.86     53.86      9.06      9.06
  50849.34     20.62     53.55      9.06      9.06
  50854.08     23.85     52.08      9.06      9.06
  50855.25     24.63     51.69      9.06      9.06
  50857.00     25.79     51.09      9.06      9.06
  50862.25     29.17     49.11      9.07      9.07
  50868.17     32.80     46.63      9.07      9.07
  50869.25     33.45     46.15      9.07      9.07
  50869.25     33.45     46.15      9.07      9.07
  50876.25     37.43     42.82      9.08      9.08
  50883.25     41.09     39.16      9.08      9.08
  50883.25     41.09     39.15      9.08      9.08
  50884.27     41.59     38.59      9.08      9.08
  50890.25     44.39     35.19      9.09      9.09
  50896.00     46.83     31.73      9.09      9.09
  50897.25     47.32     30.95      9.09      9.09
  50897.25     47.32     30.95      9.09      9.09
  50898.27     47.72     30.31      9.10      9.10
  50904.25     49.86     26.48      9.10      9.10
  50905.92     50.40     25.38      9.10      9.10
  50911.25     51.98     21.80      9.11      9.11
  50911.25     51.98     21.80      9.11      9.11
  50912.27     52.25     21.11      9.11      9.11
  50917.00     53.39     17.84      9.11      9.11
  50918.25     53.66     16.97      9.11      9.11
  50919.32     53.88     16.22      9.11      9.11
  50924.00     54.72     12.91      9.12      9.12
  50925.25     54.91     12.01      9.12      9.12
  50925.25     54.91     12.01      9.12      9.12
  50926.27     55.06     11.28      9.12      9.12
  50932.25     55.71      6.97      9.12      9.12
  50938.00     56.03      2.80      9.13      9.13
  50939.25     56.05      1.89      9.13      9.13
  50940.27     56.07      1.14      9.13      9.13
  50946.25     55.94     -3.20      9.13      9.13
  50953.25     55.38     -8.26      9.14      9.14
  50953.25     55.38     -8.26      9.14      9.14
  50954.27     55.26     -8.99      9.14      9.14
  50960.25     54.37    -13.24      9.15      9.15
  50967.25     52.91    -18.10      9.15      9.15
  50967.25     52.91    -18.10      9.15      9.15
  50974.25     51.04    -22.81      9.16      9.16
  50980.00     49.18    -26.54      9.16      9.16
  50981.25     48.75    -27.34      9.16      9.16
  50981.25     48.74    -27.34      9.16      9.16
  50982.27     48.38    -27.98      9.16      9.16
  50987.00     46.57    -30.89      9.17      9.17
  50988.25     46.06    -31.64      9.17      9.17
  50989.32     45.62    -32.28      9.17      9.17
  50994.17     43.50    -35.08      9.17      9.17
  50995.25     43.00    -35.68      9.17      9.17
  50995.25     43.00    -35.68      9.17      9.17
  50996.27     42.53    -36.25      9.17      9.17
  51002.25     39.64    -39.43      9.18      9.18
  51007.96     36.77    -42.24      9.18      9.18
  51009.25     36.10    -42.85      9.18      9.18
  51009.25     36.10    -42.85      9.18      9.18
  51010.27     35.55    -43.32      9.18      9.18
  51015.17     32.87    -45.50      9.19      9.19
  51016.25     32.25    -45.96      9.19      9.19
  51023.25     28.15    -48.73      9.19      9.19
  51023.25     28.15    -48.74      9.19      9.19
  51024.27     27.53    -49.11      9.19      9.19
  51030.25     23.80    -51.16      9.19      9.19
  51036.09     20.02    -52.89      9.20      9.20
  51037.25     19.25    -53.20      9.20      9.20
  51037.25     19.25    -53.20      9.20      9.20
  51043.00     15.38    -54.59      9.20      9.20
  51044.25     14.52    -54.86      9.20      9.20
  51050.00     10.53    -55.91      9.20      9.20
  51051.25      9.65    -56.10      9.20      9.20
  51051.25      9.65    -56.10      9.20      9.20
  51052.27      8.93    -56.25      9.21      9.21
  51058.25      4.66    -56.92      9.21      9.21
  51065.25     -0.40    -57.31      9.21      9.21
  51065.25     -0.40    -57.31      9.21      9.21
  51072.25     -5.50    -57.26      9.22      9.22
  51073.71     -6.56    -57.19      9.22      9.22
  51079.25    -10.60    -56.76      9.22      9.22
  51079.25    -10.60    -56.76      9.22      9.22
  51085.00    -14.76    -56.02      9.22      9.22
  51086.25    -15.66    -55.82      9.22      9.22
  51088.08    -16.97    -55.49      9.22      9.22
  51092.00    -19.76    -54.71      9.23      9.23
  51093.25    -20.65    -54.43      9.23      9.23
  51093.25    -20.65    -54.43      9.23      9.23
  51094.27    -21.37    -54.19      9.23      9.23
  51099.00    -24.66    -52.95      9.23      9.23
  51100.25    -25.52    -52.59      9.23      9.23
  51107.25    -30.24    -50.33      9.23      9.23
  51107.25    -30.25    -50.33      9.23      9.23
  51108.27    -30.92    -49.97      9.23      9.23
  51114.25    -34.78    -47.65      9.24      9.24
  51115.71    -35.70    -47.04      9.24      9.24
  51120.00    -38.33    -45.14      9.24      9.24
  51120.17    -38.43    -45.06      9.24      9.24
  51121.25    -39.08    -44.56      9.24      9.24
  51121.25    -39.08    -44.56      9.24      9.24
  51122.27    -39.69    -44.08      9.24      9.24
  51123.35    -40.33    -43.55      9.24      9.24
  51128.25    -43.12    -41.08      9.25      9.25
  51130.46    -44.34    -39.90      9.25      9.25
  51135.25    -46.87    -37.23      9.25      9.25
  51135.25    -46.87    -37.23      9.25      9.25
  51142.25    -50.28    -33.04      9.25      9.25
  51149.25    -53.32    -28.54      9.26      9.26
  51149.25    -53.32    -28.54      9.26      9.26
  51155.00    -55.53    -24.62      9.26      9.26
  51156.25    -55.97    -23.75      9.26      9.26
  51157.71    -56.48    -22.72      9.26      9.26
  51162.03    -57.85    -19.60      9.26      9.26
  51163.25    -58.21    -18.71      9.26      9.26
  51163.25    -58.21    -18.71      9.26      9.26
  51164.27    -58.49    -17.95      9.26      9.26
  51169.17    -59.74    -14.28      9.27      9.27
  51170.25    -59.99    -13.45      9.27      9.27
  51176.17    -61.14     -8.87      9.27      9.27
  51177.25    -61.31     -8.01      9.27      9.27
  51177.25    -61.31     -8.01      9.27      9.27
  51184.25    -62.02     -2.42      9.27      9.27
  51191.25    -61.66      3.29      9.27      9.27
  51191.25    -61.66      3.30      9.27      9.27
  51192.27    -61.57      4.12      9.27      9.27
  51198.25    -60.79      8.92      9.27      9.27
  51205.25    -59.41     14.40      9.26      9.26
  51205.25    -59.41     14.40      9.26      9.26
  51206.27    -59.17     15.19      9.26      9.26
  51207.04    -58.98     15.78      9.26      9.26
  51211.00    -57.92     18.78      9.26      9.26
  51211.09    -57.89     18.84      9.26      9.26
  51212.25    -57.55     19.71      9.26      9.26
  51214.00    -57.01     21.00      9.26      9.26
  51218.08    -55.65     23.96      9.25      9.25
  51219.25    -55.23     24.79      9.25      9.25
  51219.25    -55.23     24.79      9.25      9.25
  51221.00    -54.58     26.02      9.25      9.25
  51224.92    -53.03     28.71      9.25      9.25
  51226.25    -52.47     29.61      9.25      9.25
  51228.00    -51.72     30.77      9.25      9.25
  51233.25    -49.31     34.13      9.25      9.25
  51233.25    -49.31     34.13      9.25      9.25
  51240.25    -45.76     38.33      9.24      9.24
  51246.08    -42.55     41.55      9.24      9.24
  51247.25    -41.88     42.16      9.24      9.24
  51247.25    -41.88     42.16      9.24      9.24
  51248.27    -41.29     42.69      9.24      9.24
  51253.08    -38.41     45.07      9.24      9.24
  51254.25    -37.69     45.61      9.23      9.23
  51261.25    -33.22     48.65      9.23      9.23
  51261.25    -33.22     48.65      9.23      9.23
  51262.27    -32.55     49.06      9.23      9.23
  51268.25    -28.53     51.26      9.23      9.23
  51275.25    -23.64     53.43      9.22      9.22
  51275.25    -23.64     53.43      9.22      9.22
  51276.27    -22.92     53.71      9.22      9.22
  51282.25    -18.61     55.14      9.22      9.22
  51284.08    -17.27     55.51      9.22      9.22
  51288.08    -14.33     56.21      9.22      9.22
  51288.21    -14.24     56.23      9.22      9.22
  51289.25    -13.47     56.38      9.22      9.22
  51289.25    -13.47     56.38      9.22      9.22
  51290.27    -12.71     56.53      9.21      9.21
  51295.00     -9.19     57.05      9.21      9.21
  51296.25     -8.26     57.16      9.21      9.21
  51297.27     -7.50     57.23      9.21      9.21
  51302.08     -3.90     57.44      9.21      9.21
  51303.25     -3.03     57.46      9.21      9.21
  51303.25     -3.03     57.46      9.21      9.21
  51304.27     -2.27     57.47      9.21      9.21
  51309.08      1.32     57.36      9.20      9.20
  51310.25      2.19     57.30      9.20      9.20
  51317.25      7.34     56.67      9.20      9.20
  51317.25      7.34     56.67      9.20      9.20
  51318.27      8.09     56.54      9.20      9.20
  51324.25     12.40     55.59      9.20      9.20
  51331.25     17.32     54.07      9.19      9.19
  51331.25     17.32     54.07      9.19      9.19
  51338.25     22.07     52.12      9.19      9.19
  51344.08     25.86     50.19      9.18      9.18
  51345.25     26.61     49.77      9.18      9.18
  51345.25     26.61     49.77      9.18      9.18
  51351.09     30.21     47.52      9.18      9.18
  51352.25     30.90     47.04      9.18      9.18
  51358.00     34.23     44.52      9.18      9.18
  51359.25     34.92     43.95      9.18      9.18
  51359.25     34.92     43.95      9.18      9.18
  51360.27     35.49     43.47      9.18      9.18
  51366.25     38.65     40.52      9.17      9.17
  51373.25     42.04     36.78      9.16      9.16
  51373.25     42.04     36.78      9.16      9.16
  51374.27     42.51     36.21      9.16      9.16
  51379.08     44.61     33.45      9.16      9.16
  51380.25     45.09     32.76      9.16      9.16
  51385.84     47.25     29.38      9.15      9.15
  51387.25     47.76     28.50      9.15      9.15
  51387.25     47.76     28.50      9.15      9.15
  51388.27     48.11     27.87      9.15      9.15
  51393.08     49.68     24.80      9.14      9.14
  51394.25     50.03     24.04      9.14      9.14
  51400.08     51.62     20.18      9.13      9.13
  51401.25     51.90     19.40      9.13      9.13
  51401.25     51.90     19.40      9.13      9.13
  51402.27     52.14     18.71      9.13      9.13
  51407.00     53.12     15.49      9.13      9.13
  51408.25     53.34     14.62      9.13      9.13
  51414.17     54.23     10.51      9.12      9.12
  51415.25     54.36      9.75      9.12      9.12
  51415.25     54.36      9.75      9.12      9.12
  51422.25     54.94      4.82      9.11      9.11
  51429.25     55.08     -0.14      9.10      9.10
  51429.25     55.08     -0.14      9.10      9.10
  51436.25     54.78     -5.09      9.09      9.09
  51442.08     54.21     -9.17      9.09      9.09
  51443.25     54.05     -9.98      9.09      9.09
  51443.25     54.05     -9.98      9.09      9.09
  51449.17     53.10    -14.05      9.08      9.08
  51450.25     52.90    -14.78      9.08      9.08
  51456.17     51.59    -18.75      9.07      9.07
  51457.25     51.32    -19.46      9.07      9.07
  51457.25     51.32    -19.46      9.07      9.07
  51463.00     49.72    -23.18      9.07      9.07
  51464.25     49.34    -23.98      9.06      9.06
  51470.17     47.37    -27.64      9.06      9.06
  51471.25     46.97    -28.30      9.06      9.06
  51471.25     46.97    -28.30      9.06      9.06
  51473.08     46.29    -29.40      9.05      9.05
  51475.09     45.52    -30.58      9.05      9.05
  51477.08     44.71    -31.73      9.05      9.05
  51478.25     44.23    -32.40      9.05      9.05
  51484.08     41.68    -35.61      9.04      9.04
  51485.25     41.14    -36.24      9.04      9.04
  51485.25     41.14    -36.24      9.04      9.04
  51486.27     40.67    -36.77      9.04      9.04
  51487.29     40.18    -37.30      9.04      9.04
  51491.12     38.30    -39.24      9.03      9.03
  51492.25     37.73    -39.79      9.03      9.03
  51493.29     37.19    -40.29      9.03      9.03
  51494.33     36.65    -40.79      9.03      9.03
  51498.08     34.65    -42.51      9.03      9.03
  51499.25     34.01    -43.02      9.03      9.03
  51499.25     34.01    -43.02      9.03      9.03
  51506.25     30.03    -45.92      9.02      9.02
  51513.25     25.80    -48.46      9.01      9.01
  51513.25     25.79    -48.46      9.01      9.01
  51519.08     22.11    -50.29      9.00      9.00
  51520.25     21.35    -50.62      9.00      9.00
  51526.00     17.57    -52.09      9.00      9.00
  51527.25     16.73    -52.38      8.99      8.99
  51527.25     16.73    -52.38      8.99      8.99
  51528.27     16.05    -52.60      8.99      8.99
  51533.09     12.77    -53.53      8.99      8.99
  51534.25     11.97    -53.72      8.99      8.99
  51541.25      7.10    -54.65      8.98      8.98
  51541.25      7.10    -54.65      8.98      8.98
  51542.27      6.39    -54.74      8.98      8.98
  51548.25      2.16    -55.13      8.97      8.97
  51554.08     -1.80    -55.10      8.97      8.97
  51555.25     -2.60    -55.06      8.96      8.96
  51555.25     -2.60    -55.06      8.96      8.96
  51556.27     -3.29    -55.01      8.96      8.96
  51562.25     -7.33    -54.59      8.96      8.96
  51569.25    -12.00    -53.72      8.95      8.95
  51569.25    -12.00    -53.72      8.95      8.95
  51571.00    -13.16    -53.44      8.95      8.95
  51575.07    -15.82    -52.71      8.95      8.95
  51576.25    -16.58    -52.47      8.95      8.95
  51578.00    -17.71    -52.10      8.94      8.94
  51582.00    -20.25    -51.16      8.94      8.94
  51582.08    -20.31    -51.14      8.94      8.94
  51583.25    -21.04    -50.84      8.94      8.94
  51583.25    -21.04    -50.84      8.94      8.94
  51585.00    -22.13    -50.38      8.94      8.94
  51589.08    -24.64    -49.21      8.93      8.93
  51590.25    -25.35    -48.85      8.93      8.93
  51597.25    -29.48    -46.51      8.93      8.93
  51604.25    -33.41    -43.82      8.92      8.92
  51611.25    -37.10    -40.82      8.92      8.92
  51617.08    -39.97    -38.09      8.91      8.91
  51618.25    -40.53    -37.51      8.91      8.91
  51620.00    -41.34    -36.64      8.91      8.91
  51625.25    -43.68    -33.92      8.90      8.90
  51625.25    -43.68    -33.92      8.90      8.90
  51631.08    -46.07    -30.73      8.90      8.90
  51632.25    -46.53    -30.08      8.90      8.90
  51639.25    -49.05    -25.99      8.89      8.89
  51646.25    -51.23    -21.70      8.88      8.88
  51653.25    -53.04    -17.23      8.88      8.88
  51653.25    -53.04    -17.23      8.88      8.88
  51659.08    -54.27    -13.38      8.87      8.87
  51660.25    -54.48    -12.60      8.87      8.87
  51667.25    -55.53     -7.85      8.87      8.87
  51673.08    -56.10     -3.82      8.86      8.86
  51674.25    -56.18     -3.01      8.86      8.86
  51675.27    -56.24     -2.30      8.86      8.86
  51680.00    -56.40      1.01      8.85      8.85
  51681.25    -56.41      1.89      8.85      8.85
  51687.08    -56.29      6.00      8.85      8.85
  51688.25    -56.24      6.82      8.85      8.85
  51695.25    -55.64     11.74      8.84      8.84
  51702.25    -54.62     16.61      8.83      8.83
  51704.00    -54.30     17.82      8.83      8.83
  51709.25    -53.18     21.41      8.83      8.83
  51715.08    -51.67     25.32      8.82      8.82
  51716.25    -51.33     26.10      8.82      8.82
  51723.25    -49.07     30.63      8.82      8.82
  51723.25    -49.07     30.63      8.82      8.82
  51731.25    -45.98     35.63      8.81      8.81
  51732.29    -45.48     36.35      8.81      8.81
  51736.23    -43.49     39.02      8.80      8.80
  51737.25    -42.94     39.70      8.80      8.80
  51738.27    -42.39     40.36      8.80      8.80
  51744.25    -38.95     44.11      8.79      8.79
  51750.08    -35.27     47.48      8.78      8.78
  51751.25    -34.50     48.12      8.77      8.77
  51758.25    -29.63     51.68      8.76      8.76
  51764.00    -25.35     54.24      8.75      8.75
  51765.25    -24.39     54.75      8.75      8.75
  51771.08    -19.79     56.89      8.74      8.74
  51772.25    -18.84     57.28      8.74      8.74
  51774.25    -17.21     57.90      8.73      8.73
  51778.22    -13.89     58.99      8.73      8.73
  51779.25    -13.03     59.25      8.72      8.72
  51780.27    -12.16     59.48      8.72      8.72
  51786.25     -7.00     60.62      8.71      8.71
  51787.33     -6.05     60.78      8.71      8.71
  51792.00     -1.94     61.29      8.70      8.70
  51793.25     -0.83     61.38      8.70      8.70
  51800.25      5.42     61.51      8.69      8.69
  51802.08      7.05     61.44      8.68      8.68
  51806.23     10.77     61.12      8.68      8.68
  51807.25     11.69     61.01      8.67      8.67
  51808.27     12.60     60.88      8.67      8.67
  51808.48     12.78     60.85      8.67      8.67
  51813.22     17.00     60.07      8.66      8.66
  51814.25     17.91     59.86      8.66      8.66
  51820.16     23.08     58.39      8.65      8.65
  51821.25     24.02     58.07      8.65      8.65
  51827.08     28.98     56.11      8.64      8.64
  51828.25     29.95     55.66      8.64      8.64
  51829.27     30.80     55.26      8.64      8.64
  51834.16     34.78     53.15      8.63      8.63
  51835.25     35.64     52.64      8.62      8.62
  51836.27     36.44     52.15      8.62      8.62
  51841.08     40.15     49.68      8.61      8.61
  51842.25     41.02     49.04      8.61      8.61
  51843.29     41.79     48.46      8.61      8.61
  51848.23     45.33     45.53      8.60      8.60
  51849.25     46.04     44.88      8.60      8.60
  51850.27     46.74     44.24      8.60      8.60
  51851.29     47.42     43.58      8.60      8.60
  51856.25     50.64     40.21      8.59      8.59
  51862.08     54.11     35.96      8.58      8.58
  51863.25     54.76     35.07      8.58      8.58
  51870.25     58.36     29.51      8.56      8.56
  51876.23     60.98     24.46      8.55      8.55
  51877.25     61.39     23.57      8.55      8.55
  51883.08     63.45     18.38      8.54      8.54
  51884.25     63.81     17.32      8.54      8.54
  51886.00     64.32     15.72      8.54      8.54
  51890.23     65.38     11.79      8.53      8.53
  51891.25     65.60     10.83      8.53      8.53
  51892.27     65.80      9.87      8.52      8.52
  51897.08     66.58      5.27      8.52      8.52
  51898.25     66.72      4.14      8.51      8.51
  51906.25     67.17     -3.63      8.50      8.50
  51912.25     66.91     -9.50      8.49      8.49
  51918.08     66.25    -14.84      8.48      8.48
  51919.25     66.08    -15.88      8.48      8.48
  51920.27     65.91    -16.78      8.48      8.48
  51926.25     64.68    -22.09      8.47      8.47
  51932.22     63.02    -27.31      8.47      8.47
  51933.25     62.69    -28.19      8.46      8.46
  51934.27     62.35    -29.07      8.46      8.46
  51939.08     60.60    -33.15      8.46      8.46
  51940.25     60.13    -34.12      8.46      8.46
  51946.22     57.50    -39.01      8.45      8.45
  51947.25     57.01    -39.83      8.45      8.45
  51948.27     56.51    -40.63      8.45      8.45
  51953.08     53.99    -44.37      8.44      8.44
  51954.25     53.34    -45.25      8.44      8.44
  51955.27     52.76    -46.01      8.44      8.44
  51960.08     49.89    -49.52      8.43      8.43
  51961.25     49.15    -50.35      8.43      8.43
  51962.27     48.50    -51.06      8.43      8.43
  51967.17     45.23    -54.36      8.42      8.42
  51968.25     44.48    -55.06      8.42      8.42
  51974.22     40.12    -58.75      8.42      8.42
  51975.25     39.35    -59.35      8.41      8.41
  51976.27     38.56    -59.93      8.41      8.41
  51981.08     34.75    -62.56      8.41      8.41
  51982.25     33.80    -63.16      8.41      8.41
  51988.08     28.88    -65.95      8.40      8.40
  51989.25     27.87    -66.46      8.40      8.40
  51990.27     26.98    -66.89      8.40      8.40
  51995.22     22.55    -68.84      8.39      8.39
  51996.25     21.62    -69.21      8.39      8.39
  51996.28     21.59    -69.22      8.39      8.39
  51997.27     20.68    -69.56      8.39      8.39
  52002.08     16.19    -71.05      8.38      8.38
  52003.25     15.09    -71.37      8.38      8.38
  52004.27     14.11    -71.63      8.38      8.38
  52009.17      9.39    -72.72      8.38      8.38
  52010.25      8.33    -72.92      8.37      8.37
  52016.23      2.43    -73.74      8.37      8.37
  52017.25      1.41    -73.83      8.37      8.37
  52018.27      0.40    -73.91      8.36      8.36
  52024.25     -5.61    -74.08      8.36      8.36
  52031.25    -12.67    -73.67      8.35      8.35
  52032.27    -13.70    -73.56      8.35      8.35
  52037.23    -18.69    -72.79      8.34      8.34
  52038.25    -19.72    -72.59      8.34      8.34
  52039.27    -20.74    -72.37      8.34      8.34
  52044.23    -25.67    -71.13      8.33      8.33
  52045.25    -26.68    -70.83      8.33      8.33
  52046.26    -27.68    -70.52      8.33      8.33
  52046.29    -27.70    -70.51      8.33      8.33
  52048.08    -29.46    -69.93      8.33      8.33
  52051.22    -32.50    -68.80      8.33      8.33
  52052.25    -33.49    -68.40      8.32      8.32
  52054.08    -35.23    -67.66      8.32      8.32
  52059.25    -40.08    -65.31      8.32      8.32
  52060.27    -41.02    -64.81      8.32      8.32
  52065.08    -45.37    -62.25      8.31      8.31
  52066.25    -46.40    -61.59      8.31      8.31
  52067.29    -47.31    -60.98      8.31      8.31
  52067.33    -47.35    -60.95      8.31      8.31
  52072.23    -51.53    -57.92      8.30      8.30
  52073.25    -52.38    -57.25      8.30      8.30
  52074.27    -53.22    -56.57      8.30      8.30
  52079.00    -56.99    -53.24      8.29      8.29
  52080.25    -57.95    -52.32      8.29      8.29
  52081.27    -58.73    -51.56      8.29      8.29
  52086.22    -62.36    -47.68      8.29      8.29
  52087.25    -63.07    -46.85      8.28      8.28
  52088.27    -63.78    -46.01      8.28      8.28
  52093.25    -67.05    -41.75      8.28      8.28
  52094.27    -67.69    -40.85      8.28      8.28
  52096.08    -68.79    -39.23      8.27      8.27
  52100.22    -70.87    -35.23      8.28      8.28
  52101.25    -71.34    -34.22      8.28      8.28
  52102.27    -71.80    -33.22      8.28      8.28
  52107.23    -73.84    -28.23      8.29      8.29
  52108.25    -74.22    -27.19      8.29      8.29
  52109.27    -74.58    -26.14      8.29      8.29
  52114.08    -76.09    -21.15      8.29      8.29
  52115.25    -76.40    -19.92      8.29      8.29
  52116.26    -76.66    -18.85      8.29      8.29
  52122.25    -77.88    -12.48      8.30      8.30
  52123.27    -78.04    -11.39      8.30      8.30
  52128.08    -78.57     -6.21      8.31      8.31
  52129.25    -78.64     -4.95      8.31      8.31
  52130.27    -78.69     -3.85      8.31      8.31
  52135.22    -78.72      1.51      8.31      8.31
  52136.25    -78.68      2.61      8.32      8.32
  52137.27    -78.62      3.71      8.32      8.32
  52142.23    -78.14      9.04      8.32      8.32
  52143.25    -77.99     10.14      8.32      8.32
  52144.27    -77.84     11.22      8.32      8.32
  52149.22    -76.84     16.48      8.33      8.33
  52150.25    -76.60     17.56      8.33      8.33
  52151.27    -76.33     18.62      8.33      8.33
  52156.00    -74.92     23.52      8.34      8.34
  52157.25    -74.50     24.80      8.34      8.34
  52158.27    -74.13     25.83      8.34      8.34
  52163.23    -72.17     30.79      8.34      8.34
  52164.25    -71.72     31.80      8.34      8.34
  52165.27    -71.26     32.79      8.35      8.35
  52171.25    -68.29     38.50      8.35      8.35
  52172.27    -67.74     39.45      8.35      8.35
  52177.08    -64.95     43.81      8.36      8.36
  52178.25    -64.24     44.84      8.36      8.36
  52179.27    -63.60     45.72      8.36      8.36
  52184.08    -60.41     49.80      8.37      8.37
  52185.25    -59.60     50.75      8.37      8.37
  52186.27    -58.88     51.57      8.37      8.37
  52192.25    -54.43     56.19      8.37      8.37
  52193.29    -53.62     56.96      8.37      8.37
  52198.17    -49.67     60.39      8.38      8.38
  52199.25    -48.76     61.11      8.38      8.38
  52200.27    -47.90     61.78      8.38      8.38
  52201.29    -47.03     62.44      8.38      8.38
  52205.23    -43.58     64.87      8.39      8.39
  52206.25    -42.66     65.47      8.39      8.39
  52207.27    -41.74     66.05      8.39      8.39
  52212.08    -37.27     68.64      8.39      8.39
  52213.25    -36.17     69.22      8.40      8.40
  52214.27    -35.20     69.71      8.40      8.40
  52219.22    -30.37     71.91      8.40      8.40
  52220.25    -29.36     72.33      8.40      8.40
  52221.27    -28.34     72.73      8.40      8.40
  52226.14    -23.42     74.43      8.41      8.41
  52227.24    -22.29     74.77      8.41      8.41
  52228.27    -21.23     75.07      8.41      8.41
  52234.25    -15.01     76.53      8.42      8.42
  52240.08     -8.85     77.46      8.42      8.42
  52241.25     -7.61     77.59      8.42      8.42
  52242.27     -6.52     77.68      8.43      8.43
  52247.23     -1.23     77.93      8.43      8.43
  52248.25     -0.14     77.94      8.43      8.43
  52249.27      0.95     77.93      8.43      8.43
  52254.00      6.00     77.69      8.44      8.44
  52254.17      6.18     77.67      8.44      8.44
  52255.25      7.32     77.57      8.44      8.44
  52257.08      9.27     77.35      8.44      8.44
  52262.25     14.72     76.49      8.45      8.45
  52263.27     15.78     76.27      8.45      8.45
  52271.25     24.01     74.08      8.46      8.46
  52278.27     31.01     71.42      8.46      8.46
  52282.21     35.15     69.97      8.46      8.46
  52285.27     38.36     68.71      8.45      8.45
  52289.21     42.43     66.88      8.44      8.44
  52291.25     44.51     65.83      8.44      8.44
  52292.27     45.54     65.28      8.44      8.44
  52297.21     50.42     62.41      8.43      8.43
  52299.27     52.41     61.09      8.42      8.42
  52303.20     56.11     58.42      8.42      8.42
  52304.23     57.05     57.69      8.42      8.42
  52306.25     58.88     56.19      8.41      8.41
  52306.27     58.91     56.17      8.41      8.41
  52310.00     62.18     53.27      8.40      8.40
  52310.20     62.35     53.11      8.40      8.40
  52312.25     64.08     51.43      8.40      8.40
  52313.27     64.93     50.56      8.40      8.40
  52317.08     67.99     47.23      8.39      8.39
  52317.21     68.09     47.12      8.39      8.39
  52318.23     68.88     46.19      8.39      8.39
  52320.27     70.42     44.30      8.38      8.38
  52325.21     73.93     39.52      8.38      8.38
  52327.27     75.31     37.44      8.37      8.37
  52331.20     77.76     33.34      8.36      8.36
  52334.27     79.52     30.04      8.36      8.36
  52338.20     81.57     25.66      8.35      8.35
  52339.22     82.06     24.51      8.35      8.35
  52340.25     82.54     23.34      8.35      8.35
  52341.27     83.00     22.16      8.34      8.34
  52345.20     84.61     17.55      8.34      8.34
  52346.23     84.99     16.33      8.34      8.34
  52348.27     85.69     13.88      8.33      8.33
  52352.21     86.84      9.09      8.32      8.32
  52354.25     87.33      6.56      8.32      8.32
  52355.27     87.55      5.29      8.32      8.32
  52359.20     88.22      0.35      8.31      8.31
  52360.25     88.35     -0.98      8.31      8.31
  52361.27     88.46     -2.28      8.31      8.31
  52367.21     88.70     -9.87      8.30      8.30
  52368.24     88.68    -11.21      8.29      8.29
  52369.27     88.64    -12.53      8.29      8.29
  52373.21     88.29    -17.62      8.28      8.28
  52374.23     88.15    -18.93      8.28      8.28
  52376.27     87.81    -21.57      8.28      8.28
  52380.21     86.94    -26.64      8.27      8.27
  52382.25     86.37    -29.27      8.27      8.27
  52383.27     86.06    -30.57      8.27      8.27
  52387.20     84.66    -35.58      8.26      8.26
  52390.27     83.37    -39.44      8.25      8.25
  52394.21     81.46    -44.33      8.24      8.24
  52397.27     79.77    -48.08      8.24      8.24
  52401.20     77.35    -52.79      8.23      8.23
  52402.23     76.67    -54.00      8.23      8.23
  52403.25     75.97    -55.20      8.23      8.23
  52404.27     75.26    -56.39      8.23      8.23
  52408.21     72.34    -60.88      8.22      8.22
  52409.17     71.59    -61.95      8.22      8.22
  52410.24     70.73    -63.15      8.21      8.21
  52411.27     69.88    -64.27      8.21      8.21
  52415.21     66.48    -68.50      8.20      8.20
  52418.27     63.67    -71.65      8.20      8.20
  52423.20     58.83    -76.49      8.19      8.19
  52425.27     56.68    -78.42      8.19      8.19
  52429.21     52.43    -81.93      8.18      8.18
  52430.23     51.29    -82.80      8.18      8.18
  52432.27     48.97    -84.50      8.17      8.17
  52436.21     44.34    -87.59      8.16      8.16
  52438.25     41.86    -89.09      8.16      8.16
  52439.27     40.60    -89.82      8.16      8.16
  52443.22     35.62    -92.46      8.15      8.15
  52444.23     34.31    -93.09      8.15      8.15
  52445.25     32.98    -93.71      8.15      8.15
  52446.27     31.64    -94.31      8.15      8.15
  52450.21     26.39    -96.44      8.14      8.14
  52451.22     25.00    -96.95      8.14      8.14
  52453.27     22.19    -97.90      8.13      8.13
  52457.21     16.70    -99.50      8.12      8.12
  52458.27     15.19    -99.88      8.12      8.12
  52464.21      6.89   -101.28      8.12      8.12
  52465.23      5.49   -101.40      8.12      8.12
  52466.25      4.09   -101.50      8.12      8.12
  52467.27      2.68   -101.58      8.12      8.12
  52471.21     -2.75   -101.70      8.12      8.12
  52473.25     -5.56   -101.65      8.12      8.12
  52474.27     -6.96   -101.59      8.12      8.12
  52478.20    -12.38   -101.20      8.12      8.12
  52480.25    -15.19   -100.88      8.12      8.12
  52481.27    -16.59   -100.70      8.12      8.12
  52485.21    -21.96    -99.79      8.12      8.12
  52488.27    -26.11    -98.89      8.13      8.13
  52492.20    -31.39    -97.49      8.13      8.13
  52493.23    -32.75    -97.07      8.13      8.13
  52495.27    -35.45    -96.19      8.13      8.13
  52499.21    -40.60    -94.28      8.13      8.13
  52501.25    -43.21    -93.19      8.13      8.13
  52502.27    -44.51    -92.62      8.13      8.13
  52506.20    -49.46    -90.23      8.13      8.13
  52509.27    -53.23    -88.18      8.13      8.13
  52513.21    -57.94    -85.33      8.13      8.13
  52515.25    -60.33    -83.75      8.14      8.14
  52516.27    -61.50    -82.94      8.14      8.14
  52520.00    -65.71    -79.83      8.14      8.14
  52521.20    -67.03    -78.77      8.14      8.14
  52522.24    -68.16    -77.85      8.14      8.14
  52523.27    -69.27    -76.92      8.14      8.14
  52525.75    -71.88    -74.61      8.14      8.14
  52527.22    -73.39    -73.20      8.14      8.14
  52529.25    -75.44    -71.20      8.14      8.14
  52530.27    -76.45    -70.17      8.14      8.14
  52534.21    -80.21    -66.08      8.14      8.14
  52535.23    -81.15    -64.98      8.14      8.14
  52537.27    -82.98    -62.75      8.14      8.14
  52541.20    -86.35    -58.31      8.14      8.14
  52543.25    -88.00    -55.94      8.14      8.14
  52544.27    -88.80    -54.73      8.15      8.15
  52548.21    -91.74    -49.97      8.15      8.15
  52551.27    -93.85    -46.16      8.15      8.15
  52555.21    -96.33    -41.13      8.15      8.15
  52556.23    -96.93    -39.80      8.15      8.15
  52557.25    -97.52    -38.47      8.15      8.15
  52558.27    -98.08    -37.12      8.15      8.15
  52562.21   -100.08    -31.87      8.15      8.15
  52563.22   -100.55    -30.49      8.15      8.15
  52564.24   -101.01    -29.10      8.15      8.15
  52565.24   -101.43    -27.74      8.15      8.15
  52566.24   -101.84    -26.37      8.15      8.15
  52567.24   -102.23    -24.99      8.15      8.15
  52568.24   -102.60    -23.60      8.15      8.15
  52569.24   -102.95    -22.22      8.15      8.15
  52570.24   -103.29    -20.81      8.15      8.15
  52571.24   -103.60    -19.41      8.15      8.15
  52572.24   -103.90    -18.02      8.15      8.15
  52573.24   -104.18    -16.60      8.16      8.16
  52574.24   -104.44    -15.19      8.16      8.16
  52575.24   -104.67    -13.77      8.16      8.16
  52576.24   -104.89    -12.34      8.16      8.16
  52577.24   -105.10    -10.92      8.16      8.16
  52578.24   -105.28     -9.49      8.16      8.16
  52579.27   -105.44     -8.01      8.16      8.16
  52583.21   -105.89     -2.36      8.16      8.16
  52584.23   -105.96     -0.88      8.16      8.16
  52585.25   -106.00      0.59      8.16      8.16
  52586.27   -106.03      2.07      8.16      8.16
  52590.21   -105.94      7.76      8.16      8.16
  52591.22   -105.86      9.24      8.16      8.16
  52592.25   -105.77     10.72      8.16      8.16
  52593.27   -105.66     12.20      8.16      8.16
  52597.00   -105.06     17.58      8.16      8.16
  52597.21   -105.02     17.88      8.16      8.16
  52598.22   -104.81     19.35      8.16      8.16
  52599.25   -104.57     20.81      8.16      8.16
  52600.27   -104.32     22.28      8.16      8.16
  52604.20   -103.14     27.89      8.17      8.17
  52605.27   -102.77     29.40      8.17      8.17
  52611.23   -100.30     37.75      8.17      8.17
  52612.23    -99.82     39.13      8.17      8.17
  52613.25    -99.31     40.53      8.17      8.17
  52614.27    -98.78     41.94      8.17      8.17
  52618.21    -96.54     47.26      8.17      8.17
  52619.23    -95.92     48.63      8.17      8.17
  52620.25    -95.27     49.98      8.17      8.17
  52621.27    -94.61     51.33      8.17      8.17
  52625.20    -91.87     56.43      8.17      8.17
  52626.22    -91.12     57.74      8.17      8.17
  52628.27    -89.55     60.31      8.17      8.17
  52639.20    -79.96     73.33      8.18      8.18
  52642.27    -76.92     76.73      8.18      8.18
  52646.21    -72.66     80.89      8.18      8.18
  52648.25    -70.30     82.96      8.18      8.18
  52649.27    -69.10     83.97      8.18      8.18
  52653.20    -64.33     87.69      8.18      8.18
  52655.25    -61.78     89.51      8.18      8.18
  52656.27    -60.48     90.40      8.18      8.18
  52660.12    -55.48     93.57      8.18      8.18
  52661.20    -54.05     94.41      8.18      8.18
  52662.23    -52.68     95.18      8.18      8.18
  52663.27    -51.27     95.95      8.18      8.18
  52667.21    -45.87     98.67      8.18      8.18
  52668.22    -44.45     99.32      8.18      8.18
  52669.24    -43.01     99.95      8.18      8.18
  52670.27    -41.55    100.57      8.18      8.18
  52674.21    -35.91    102.74      8.18      8.18
  52675.22    -34.43    103.25      8.18      8.18
  52676.25    -32.93    103.74      8.19      8.19
  52677.27    -31.44    104.21      8.19      8.19
  52681.21    -25.60    105.81      8.19      8.19
  52683.25    -22.54    106.51      8.19      8.19
  52684.27    -20.99    106.83      8.19      8.19
  52689.21    -13.50    108.05      8.19      8.19
  52691.27    -10.35    108.41      8.19      8.19
  52695.21     -4.31    108.84      8.19      8.19
  52697.25     -1.16    108.92      8.19      8.19
  52698.27      0.41    108.93      8.19      8.19
  52702.21      6.46    108.76      8.19      8.19
  52705.27     11.17    108.39      8.19      8.19
  52709.21     17.18    107.62      8.19      8.19
  52711.25     20.28    107.09      8.19      8.19
  52712.27     21.82    106.79      8.19      8.19
  52716.21     27.73    105.43      8.19      8.19
  52717.22     29.25    105.03      8.19      8.19
  52719.27     32.27    104.15      8.19      8.19
  52723.20     38.02    102.21      8.19      8.19
  52724.23     39.49    101.66      8.19      8.19
  52725.25     40.95    101.08      8.19      8.19
  52726.27     42.41    100.49      8.19      8.19
  52730.20     47.94     97.99      8.19      8.19
  52733.27     52.15     95.84      8.20      8.20
  52737.20     57.40     92.81      8.20      8.20
  52738.22     58.73     91.98      8.20      8.20
  52739.30     60.13     91.08      8.20      8.20
  52740.27     61.38     90.25      8.20      8.20
  52744.20     66.31     86.72      8.20      8.20
  52746.27     68.82     84.76      8.20      8.20
  52751.21     74.58     79.78      8.20      8.20
  52752.23     75.73     78.69      8.20      8.20
  52753.25     76.86     77.60      8.20      8.20
  52754.27     77.98     76.48      8.20      8.20
  52758.21     82.12     72.05      8.20      8.20
  52759.27     83.21     70.81      8.20      8.20
  52765.21     88.87     63.61      8.20      8.20
  52766.23     89.79     62.32      8.20      8.20
  52767.25     90.68     61.03      8.20      8.20
  52768.27     91.56     59.71      8.20      8.20
  52772.21     94.76     54.54      8.20      8.20
  52773.24     95.55     53.16      8.20      8.20
  52775.27     97.05     50.40      8.20      8.20
  52779.21     99.72     44.93      8.20      8.20
  52780.23    100.37     43.49      8.20      8.20
  52781.25    100.99     42.04      8.20      8.20
  52782.27    101.59     40.58      8.20      8.20
  52787.21    104.21     33.41      8.21      8.21
  52788.25    104.69     31.87      8.21      8.21
  52789.27    105.15     30.36      8.21      8.21
  52793.21    106.70     24.47      8.21      8.21
  52796.27    107.68     19.83      8.21      8.21
  52800.20    108.64     13.82      8.21      8.21
  52803.27    109.16      9.10      8.21      8.21
  52807.21    109.53      3.02      8.21      8.21
  52808.22    109.57      1.44      8.21      8.21
  52809.25    109.58     -0.14      8.21      8.21
  52810.27    109.58     -1.72      8.21      8.21
  52814.21    109.34     -7.82      8.21      8.21
  52815.23    109.22     -9.40      8.21      8.21
  52817.27    108.92    -12.55      8.21      8.21
  52821.21    108.09    -18.59      8.21      8.21
  52823.27    107.51    -21.74      8.21      8.21
  52828.20    105.93    -29.13      8.21      8.21
  52830.25    105.27    -32.11      8.21      8.21
  52831.27    104.91    -33.60      8.21      8.21
  52835.20    103.33    -39.28      8.21      8.21
  52836.22    102.86    -40.75      8.21      8.21
  52837.25    102.38    -42.21      8.21      8.21
  52838.27    101.87    -43.67      8.21      8.21
  52842.21     99.74    -49.22      8.21      8.21
  52844.24     98.52    -52.05      8.21      8.21
  52845.27     97.87    -53.47      8.21      8.21
  52849.21     95.20    -58.83      8.20      8.20
  52850.23     94.45    -60.21      8.20      8.20
  52852.27     92.91    -62.92      8.20      8.20
  52856.21     89.72    -68.04      8.20      8.20
  52859.27     87.04    -71.92      8.20      8.20
  52863.21     83.35    -76.74      8.20      8.20
  52864.22     82.35    -77.96      8.20      8.20
  52866.27     80.29    -80.37      8.20      8.20
  52870.21     76.13    -84.86      8.20      8.20
  52872.25     73.87    -87.10      8.20      8.20
  52873.27     72.72    -88.20      8.19      8.19
  52877.20     68.12    -92.30      8.19      8.19
  52878.23     66.88    -93.33      8.19      8.19
  52879.25     65.64    -94.33      8.19      8.19
  52880.27     64.37    -95.33      8.19      8.19
  52885.21     58.06    -99.88      8.19      8.19
  52886.25     56.68   -100.79      8.19      8.19
  52887.27     55.32   -101.67      8.19      8.19
  52891.20     49.95   -104.86      8.19      8.19
  52893.25     47.09   -106.40      8.19      8.19
  52894.27     45.63   -107.15      8.19      8.19
  52898.21     39.94   -109.83      8.19      8.19
  52899.22     38.44   -110.48      8.19      8.19
  52900.25     36.92   -111.11      8.19      8.19
  52901.27     35.39   -111.71      8.18      8.18
  52905.21     29.43   -113.85      8.18      8.18
  52906.22     27.86   -114.36      8.18      8.18
  52908.27     24.70   -115.30      8.18      8.18
  52912.21     18.51   -116.87      8.18      8.18
  52914.25     15.25   -117.56      8.18      8.18
  52915.27     13.62   -117.87      8.18      8.18
  52919.21      7.27   -118.85      8.18      8.18
  52921.24      3.95   -119.22      8.18      8.18
  52922.27      2.27   -119.37      8.18      8.18
  52926.20     -4.19   -119.74      8.18      8.18
  52927.24     -5.89   -119.78      8.18      8.18
  52929.27     -9.25   -119.78      8.17      8.17
  52933.20    -15.76   -119.52      8.17      8.17
  52934.24    -17.48   -119.40      8.17      8.17
  52935.25    -19.14   -119.25      8.17      8.17
  52936.27    -20.84   -119.08      8.17      8.17
  52940.21    -27.34   -118.19      8.17      8.17
  52941.23    -29.03   -117.90      8.17      8.17
  52943.27    -32.39   -117.25      8.17      8.17
  52947.20    -38.82   -115.73      8.17      8.17
  52948.23    -40.48   -115.28      8.17      8.17
  52949.25    -42.13   -114.80      8.17      8.17
  52950.27    -43.78   -114.30      8.17      8.17
  52954.23    -50.12   -112.14      8.17      8.17
  52955.22    -51.70   -111.54      8.16      8.16
  52956.25    -53.31   -110.90      8.16      8.16
  52957.27    -54.92   -110.24      8.16      8.16
  52961.21    -61.02   -107.47      8.16      8.16
  52962.23    -62.59   -106.70      8.16      8.16
  52963.25    -64.14   -105.91      8.16      8.16
  52964.27    -65.69   -105.09      8.16      8.16
  52968.21    -71.54   -101.72      8.16      8.16
  52969.27    -73.09   -100.76      8.16      8.16
  52975.21    -81.52    -94.94      8.16      8.16
  52976.23    -82.92    -93.86      8.16      8.16
  52977.25    -84.31    -92.77      8.16      8.16
  52978.27    -85.69    -91.65      8.16      8.16
  52982.08    -90.70    -87.31      8.15      8.15
  52983.23    -92.16    -85.95      8.15      8.15
  52984.25    -93.45    -84.72      8.15      8.15
  52985.27    -94.72    -83.47      8.15      8.15
  52989.23    -99.49    -78.44      8.15      8.15
  52990.23   -100.65    -77.12      8.15      8.15
  52991.25   -101.82    -75.76      8.15      8.15
  52992.27   -102.97    -74.39      8.15      8.15
  52996.20   -107.24    -68.92      8.15      8.15
  53003.21   -114.10    -58.58      8.15      8.15
  53010.21   -119.86    -47.51      8.14      8.14
  53012.25   -121.14    -44.08      8.14      8.14
  53013.27   -121.74    -42.36      8.14      8.14
  53017.21   -123.82    -35.64      8.14      8.14
  53018.22   -124.31    -33.88      8.14      8.14
  53020.27   -125.19    -30.33      8.14      8.14
  53025.21   -126.92    -21.68      8.14      8.14
  53027.27   -127.47    -18.04      8.14      8.14
  53031.00   -128.20    -11.41      8.14      8.14
  53031.21   -128.22    -11.05      8.14      8.14
  53034.27   -128.55     -5.58      8.14      8.14
  53038.20   -128.62      1.44      8.13      8.13
  53040.25   -128.51      5.09      8.13      8.13
  53041.27   -128.41      6.91      8.13      8.13
  53045.21   -127.81     13.90      8.13      8.13
  53046.22   -127.59     15.71      8.13      8.13
  53047.25   -127.34     17.51      8.13      8.13
  53048.27   -127.07     19.32      8.13      8.13
  53052.21   -125.79     26.22      8.13      8.13
  53053.23   -125.40     28.00      8.13      8.13
  53054.25   -124.98     29.77      8.13      8.13
  53055.27   -124.54     31.53      8.13      8.13
  53059.20   -122.60     38.27      8.13      8.13
  53062.27   -120.84     43.44      8.13      8.13
  53065.87   -118.49     49.41      8.12      8.12
  53066.21   -118.26     49.96      8.12      8.12
  53068.25   -116.78     53.29      8.12      8.12
  53069.27   -116.01     54.93      8.12      8.12
  53073.21   -112.81     61.17      8.12      8.12
  53074.24   -111.92     62.77      8.12      8.12
  53076.27   -110.09     65.90      8.12      8.12
  53080.20   -106.31     71.79      8.12      8.12
  53082.25   -104.21     74.77      8.12      8.12
  53083.27   -103.14     76.23      8.12      8.12
  53087.21    -98.81     81.73      8.12      8.12
  53090.27    -95.23     85.84      8.12      8.12
  53094.21    -90.39     90.89      8.11      8.11
  53095.00    -89.38     91.88      8.11      8.11
  53097.27    -86.43     94.63      8.11      8.11
  53101.21    -81.12     99.20      8.11      8.11
  53102.23    -79.71    100.33      8.11      8.11
  53103.27    -78.25    101.47      8.11      8.11
  53108.21    -71.11    106.56      8.11      8.11
  53109.25    -69.56    107.57      8.11      8.11
  53110.25    -68.05    108.53      8.11      8.11
  53111.27    -66.51    109.47      8.11      8.11
  53115.23    -60.39    112.94      8.11      8.11
  53118.27    -55.57    115.38      8.11      8.11
  53122.21    -49.18    118.22      8.11      8.11
  53125.27    -44.11    120.19      8.10      8.10
  53125.58    -43.60    120.38      8.10      8.10
  53129.21    -37.48    122.41      8.10      8.10
  53131.25    -33.99    123.41      8.10      8.10
  53132.27    -32.24    123.88      8.10      8.10
  53134.02    -29.23    124.62      8.10      8.10
  53136.23    -25.40    125.45      8.10      8.10
  53137.22    -23.66    125.78      8.10      8.10
  53138.25    -21.87    126.10      8.10      8.10
  53139.27    -20.08    126.40      8.10      8.10
  53143.21    -13.16    127.29      8.10      8.10
  53145.27     -9.51    127.61      8.10      8.10
  53150.21     -0.75    127.95      8.10      8.10
  53151.23      1.06    127.95      8.09      8.09
  53152.25      2.87    127.92      8.09      8.09
  53152.75      3.76    127.89      8.09      8.09
  53153.27      4.68    127.86      8.09      8.09
  53158.21     13.42    127.23      8.09      8.09
  53160.27     17.06    126.79      8.09      8.09
  53164.21     23.94    125.67      8.09      8.09
  53165.23     25.73    125.32      8.09      8.09
  53167.27     29.26    124.54      8.09      8.09
  53171.21     36.01    122.75      8.09      8.09
  53172.24     37.76    122.22      8.09      8.09
  53173.25     39.47    121.68      8.09      8.09
  53174.27     41.19    121.11      8.09      8.09
  53178.21     47.74    118.68      8.09      8.09
  53180.25     51.08    117.28      8.08      8.08
  53181.27     52.73    116.55      8.08      8.08
  53185.21     59.02    113.49      8.08      8.08
  53188.27     63.79    110.89      8.08      8.08
  53192.00     69.44    107.45      8.08      8.08
  53193.21     71.27    106.34      8.08      8.08
  53194.25     72.85    105.36      8.08      8.08
  53195.27     74.38    104.37      8.08      8.08
  53199.23     80.17    100.34      8.08      8.08
  53200.23     81.60     99.27      8.08      8.08
  53201.25     83.05     98.15      8.08      8.08
  53202.27     84.48     97.02      8.08      8.08
  53206.21     89.85     92.45      8.07      8.07
  53207.23     91.20     91.22      8.07      8.07
  53209.27     93.86     88.68      8.07      8.07
  53213.21     98.78     83.60      8.07      8.07
  53215.25    101.22     80.85      8.07      8.07
  53216.27    102.41     79.45      8.07      8.07
  53220.20    106.83     73.89      8.07      8.07
  53223.27    110.07     69.38      8.06      8.06
  53227.23    113.96     63.36      8.06      8.06
  53230.27    116.74     58.57      8.06      8.06
  53234.21    120.02     52.21      8.06      8.06
  53235.23    120.82     50.52      8.06      8.06
  53236.25    121.60     48.82      8.06      8.06
  53237.27    122.35     47.12      8.06      8.06
  53241.22    125.02     40.40      8.06      8.06
  53243.25    126.25     36.90      8.05      8.05
  53244.27    126.83     35.12      8.05      8.05
  53248.21    128.84     28.18      8.05      8.05
  53251.27    130.15     22.69      8.05      8.05
  53255.00    131.42     15.94      8.05      8.05
  53256.20    131.75     13.74      8.05      8.05
  53257.25    132.02     11.82      8.05      8.05
  53258.27    132.25      9.95      8.05      8.05
  53262.22    132.88      2.65      8.04      8.04
  53263.23    132.98      0.80      8.04      8.04
  53264.25    133.05     -1.10      8.04      8.04
  53265.27    133.10     -2.99      8.04      8.04
  53269.21    133.02    -10.31      8.04      8.04
  53272.27    132.68    -16.01      8.04      8.04
  53276.21    131.89    -23.32      8.04      8.04
  53278.25    131.32    -27.09      8.04      8.04
  53279.27    130.99    -28.98      8.04      8.04
  53283.21    129.48    -36.21      8.03      8.03
  53284.23    129.03    -38.07      8.03      8.03
  53285.25    128.54    -39.93      8.03      8.03
  53286.27    128.03    -41.78      8.03      8.03
  53290.21    125.82    -48.85      8.03      8.03
  53292.25    124.52    -52.48      8.03      8.03
  53293.27    123.82    -54.28      8.03      8.03
  53297.21    120.92    -61.13      8.03      8.03
  53300.27    118.39    -66.36      8.03      8.03
  53304.22    114.80    -72.96      8.02      8.02
  53305.23    113.83    -74.60      8.02      8.02
  53306.25    112.82    -76.26      8.02      8.02
  53307.27    111.78    -77.91      8.02      8.02
  53311.20    107.57    -84.11      8.02      8.02
  53314.27    104.04    -88.79      8.02      8.02
  53318.20     99.22    -94.59      8.02      8.02
  53319.22     97.91    -96.05      8.02      8.02
  53321.27     95.24    -98.92      8.01      8.01
  53325.23     89.82   -104.26      8.01      8.01
  53326.22     88.40   -105.56      8.01      8.01
  53327.25     86.93   -106.88      8.01      8.01
  53328.27     85.45   -108.17      8.01      8.01
  53332.21     79.54   -112.96      8.01      8.01
  53333.27     77.89   -114.20      8.01      8.01
  53339.21     68.38   -120.66      8.01      8.01
  53340.23     66.68   -121.70      8.00      8.00
  53341.25     64.97   -122.71      8.00      8.00
  53341.25     64.97   -122.71      8.00      8.00
  53342.27     63.25   -123.69      8.00      8.00
  53346.23     56.43   -127.29      8.00      8.00
  53347.22     54.67   -128.13      8.00      8.00
  53348.25     52.86   -128.98      8.00      8.00
  53349.27     51.04   -129.79      8.00      8.00
  53353.21     43.91   -132.70      8.00      8.00
  53354.22     42.04   -133.39      8.00      8.00
  53356.27     38.24   -134.69      8.00      8.00
  53360.21     30.83   -136.89      7.99      7.99
  53362.27     26.89   -137.89      7.99      7.99
  53367.23     17.31   -139.81      7.99      7.99
  53369.27     13.31   -140.40      7.99      7.99
  53374.21      3.59   -141.38      7.99      7.99
  53377.27     -2.36   -141.50      7.98      7.98
  53381.21    -10.01   -141.27      7.97      7.97
  53383.25    -13.96   -140.99      7.96      7.96
  53384.27    -15.94   -140.81      7.96      7.96
  53389.21    -25.45   -139.55      7.95      7.95
  53390.25    -27.44   -139.20      7.95      7.95
  53391.27    -29.40   -138.83      7.94      7.94
  53395.21    -36.87   -137.15      7.93      7.93
  53396.23    -38.81   -136.65      7.93      7.93
  53397.25    -40.72   -136.12      7.93      7.93
  53398.27    -42.63   -135.57      7.92      7.92
  53402.21    -49.93   -133.18      7.91      7.91
  53403.23    -51.79   -132.49      7.91      7.91
  53404.25    -53.65   -131.78      7.91      7.91
  53405.27    -55.51   -131.05      7.91      7.91
  53409.21    -62.55   -127.97      7.90      7.90
  53410.23    -64.36   -127.11      7.89      7.89
  53411.25    -66.15   -126.22      7.89      7.89
  53411.25    -66.16   -126.21      7.89      7.89
  53412.27    -67.92   -125.31      7.89      7.89
  53416.21    -74.65   -121.56      7.88      7.88
  53417.22    -76.36   -120.53      7.88      7.88
  53418.25    -78.08   -119.47      7.87      7.87
  53419.27    -79.75   -118.40      7.87      7.87
  53423.21    -86.10   -114.02      7.86      7.86
  53426.27    -90.88   -110.37      7.85      7.85
  53430.21    -96.80   -105.40      7.84      7.84
  53433.27   -101.22   -101.31      7.83      7.83
  53437.21   -106.64    -95.78      7.82      7.82
  53440.27   -110.65    -91.28      7.81      7.81
  53444.21   -115.53    -85.25      7.80      7.80
  53446.25   -117.93    -82.01      7.80      7.80
  53447.27   -119.10    -80.37      7.80      7.80
  53451.21   -123.39    -73.89      7.79      7.79
  53452.22   -124.44    -72.17      7.78      7.78
  53453.27   -125.50    -70.40      7.78      7.78
  53458.21   -130.14    -61.81      7.77      7.77
  53460.25   -131.89    -58.16      7.76      7.76
  53461.27   -132.73    -56.32      7.76      7.76
  53465.21   -135.71    -49.11      7.75      7.75
  53466.22   -136.42    -47.22      7.75      7.75
  53467.25   -137.11    -45.31      7.74      7.74
  53468.27   -137.77    -43.39      7.74      7.74
  53472.00   -139.94    -36.30      7.73      7.73
  53472.21   -140.05    -35.91      7.73      7.73
  53475.27   -141.55    -30.01      7.72      7.72
  53479.21   -143.12    -22.33      7.71      7.71
  53481.25   -143.77    -18.31      7.71      7.71
  53482.27   -144.05    -16.30      7.70      7.70
  53486.21   -144.87     -8.49      7.69      7.69
  53488.25   -145.13     -4.41      7.69      7.69
  53489.27   -145.22     -2.38      7.69      7.69
  53493.21   -145.29      5.49      7.68      7.68
  53496.27   -145.05     11.61      7.67      7.67
  53500.21   -144.37     19.47      7.66      7.66
  53501.44   -144.07     21.92      7.65      7.65
  53503.20   -143.56     25.42      7.65      7.65
  53503.27   -143.54     25.56      7.65      7.65
  53507.21   -142.10     33.33      7.64      7.64
  53509.25   -141.19     37.33      7.63      7.63
  53510.27   -140.69     39.32      7.63      7.63
  53514.21   -138.52     46.93      7.62      7.62
  53516.25   -137.22     50.84      7.62      7.62
  53517.27   -136.53     52.78      7.61      7.61
  53522.21   -132.82     62.02      7.60      7.60
  53523.42   -131.82     64.25      7.60      7.60
  53524.27   -131.09     65.81      7.59      7.59
  53528.21   -127.48     72.90      7.58      7.58
  53529.23   -126.47     74.71      7.58      7.58
  53531.27   -124.40     78.28      7.58      7.58
  53535.21   -120.12     85.00      7.57      7.57
  53538.27   -116.53     90.08      7.56      7.56
  53542.21   -111.61     96.38      7.55      7.55
  53543.22   -110.28     97.97      7.54      7.54
  53545.27   -107.54    101.10      7.54      7.54
  53549.21   -102.02    106.91      7.53      7.53
  53550.22   -100.54    108.37      7.53      7.53
  53551.25    -99.04    109.81      7.52      7.52
  53552.27    -97.51    111.23      7.52      7.52
  53552.29    -97.49    111.25      7.52      7.52
  53555.99    -91.78    116.22      7.51      7.51
  53557.21    -89.86    117.78      7.51      7.51
  53559.27    -86.48    120.41      7.51      7.51
  53560.32    -84.74    121.71      7.51      7.51
  53561.36    -82.98    122.97      7.51      7.51
  53563.21    -79.82    125.16      7.51      7.51
  53564.22    -78.05    126.32      7.51      7.51
  53565.25    -76.26    127.47      7.51      7.51
  53566.27    -74.45    128.60      7.51      7.51
  53570.21    -67.34    132.68      7.51      7.51
  53572.47    -63.16    134.84      7.51      7.51
  53573.27    -61.65    135.58      7.51      7.51
  53577.21    -54.17    138.96      7.51      7.51
  53580.27    -48.20    141.30      7.51      7.51
  53584.20    -40.40    143.93      7.51      7.51
  53587.27    -34.21    145.69      7.51      7.51
  53591.21    -26.17    147.55      7.51      7.51
  53593.25    -21.95    148.34      7.51      7.51
  53594.27    -19.83    148.69      7.51      7.51
  53598.21    -11.61    149.76      7.51      7.51
  53600.25     -7.33    150.13      7.51      7.51
  53601.27     -5.18    150.28      7.51      7.51
  53605.21      3.12    150.54      7.51      7.51
  53607.25      7.43    150.49      7.51      7.51
  53608.27      9.59    150.42      7.51      7.51
  53612.21     17.89    149.87      7.51      7.51
  53615.27     24.34    149.12      7.51      7.51
  53619.00     32.14    147.83      7.51      7.51
  53620.20     34.65    147.33      7.51      7.51
  53621.25     36.82    146.86      7.51      7.51
  53622.27     38.93    146.37      7.51      7.51
  53626.20     46.99    144.20      7.51      7.51
  53627.20     49.03    143.58      7.51      7.51
  53628.20     51.05    142.93      7.51      7.51
  53629.20     53.07    142.25      7.51      7.51
  53630.20     55.08    141.54      7.51      7.51
  53631.20     57.08    140.80      7.51      7.51
  53632.20     59.08    140.03      7.51      7.51
  53633.20     61.05    139.24      7.51      7.51
  53634.21     63.04    138.41      7.51      7.51
  53635.20     64.98    137.57      7.51      7.51
  53636.20     66.93    136.69      7.51      7.51
  53637.20     68.86    135.79      7.51      7.51
  53638.20     70.79    134.86      7.51      7.51
  53639.20     72.70    133.89      7.51      7.51
  53640.20     74.60    132.91      7.51      7.51
  53642.25     78.45    130.80      7.51      7.51
  53643.27     80.34    129.71      7.51      7.51
  53647.21     87.50    125.25      7.51      7.51
  53649.25     91.13    122.78      7.51      7.51
  53650.27     92.91    121.50      7.51      7.51
  53654.21     99.61    116.35      7.51      7.51
  53655.23    101.31    114.95      7.51      7.51
  53657.27    104.64    112.08      7.51      7.51
  53661.21    110.82    106.27      7.51      7.51
  53662.23    112.38    104.71      7.51      7.51
  53664.27    115.42    101.52      7.51      7.51
  53668.21    121.02     95.12      7.51      7.51
  53671.27    125.13     89.93      7.51      7.51
  53675.21    130.10     82.99      7.51      7.51
  53677.24    132.51     79.29      7.51      7.51
  53678.27    133.69     77.40      7.51      7.51
  53682.21    137.96     70.00      7.51      7.51
  53683.22    139.00     68.04      7.51      7.51
  53684.25    140.02     66.06      7.51      7.51
  53685.27    141.00     64.06      7.51      7.51
  53689.22    144.54     56.23      7.51      7.51
  53690.23    145.38     54.19      7.51      7.51
  53691.25    146.19     52.12      7.51      7.51
  53692.27    146.98     50.04      7.51      7.51
  53696.21    149.74     41.89      7.51      7.51
  53697.27    150.40     39.66      7.51      7.51
  53703.21    153.52     27.05      7.51      7.51
  53704.24    153.95     24.82      7.51      7.51
  53706.27    154.71     20.43      7.51      7.51
  53710.21    155.83     11.86      7.51      7.51
  53711.23    156.04      9.63      7.51      7.51
  53712.25    156.22      7.39      7.51      7.51
  53713.27    156.37      5.14      7.51      7.51
  53717.21    156.64     -3.52      7.51      7.51
  53718.22    156.63     -5.76      7.51      7.51
  53719.25    156.59     -8.02      7.51      7.51
  53720.27    156.52    -10.28      7.51      7.51
  53724.20    155.93    -18.94      7.51      7.51
  53725.23    155.70    -21.19      7.51      7.51
  53727.27    155.14    -25.68      7.51      7.51
  53732.21    153.27    -36.44      7.51      7.51
  53733.29    152.76    -38.78      7.51      7.51
  53734.27    152.26    -40.91      7.51      7.51
  53739.21    149.32    -51.47      7.51      7.51
  53740.27    148.57    -53.70      7.51      7.51
  53745.20    144.57    -63.80      7.50      7.50
  53748.29    141.71    -69.97      7.50      7.50
  53752.17    137.75    -77.55      7.49      7.49
  53753.20    136.63    -79.53      7.49      7.49
  53754.25    135.45    -81.53      7.49      7.49
  53755.27    134.30    -83.44      7.49      7.49
  53759.20    129.55    -90.70      7.48      7.48
  53760.23    128.25    -92.54      7.48      7.48
  53761.25    126.92    -94.37      7.48      7.48
  53762.27    125.57    -96.17      7.48      7.48
  53766.21    120.14   -102.94      7.47      7.47
  53767.22    118.67   -104.64      7.47      7.47
  53768.25    117.17   -106.34      7.47      7.47
  53769.27    115.65   -108.00      7.47      7.47
  53773.21    109.59   -114.21      7.46      7.46
  53774.23    107.96   -115.76      7.46      7.46
  53775.25    106.31   -117.29      7.46      7.46
  53776.27    104.63   -118.81      7.46      7.46
  53780.21     97.98   -124.40      7.45      7.45
  53780.64     97.23   -124.99      7.45      7.45
  53781.22     96.21   -125.79      7.45      7.45
  53782.84     93.37   -127.93      7.45      7.45
  53783.27     92.59   -128.50      7.45      7.45
  53787.21     85.43   -133.42      7.44      7.44
  53789.25     81.60   -135.82      7.44      7.44
  53789.60     80.95   -136.22      7.44      7.44
  53790.27     79.67   -136.98      7.44      7.44
  53794.23     72.01   -141.20      7.43      7.43
  53797.27     65.97   -144.16      7.43      7.43
  53801.21     57.98   -147.61      7.42      7.42
  53804.27     51.63   -149.99      7.42      7.42
  53808.21     43.34   -152.64      7.41      7.41
  53811.27     36.79   -154.39      7.41      7.41
  53815.21     28.27   -156.23      7.40      7.40
  53816.22     26.05   -156.63      7.40      7.40
  53818.27     21.58   -157.33      7.40      7.40
  53822.21     12.91   -158.33      7.39      7.39
  53824.25      8.40   -158.66      7.39      7.39
  53825.27      6.14   -158.78      7.39      7.39
  53829.21     -2.58   -158.93      7.38      7.38
  53832.27     -9.37   -158.72      7.38      7.38
  53836.21    -18.08   -158.02      7.37      7.37
  53837.25    -20.38   -157.76      7.37      7.37
  53838.27    -22.63   -157.47      7.37      7.37
  53844.21    -35.59   -155.14      7.36      7.36
  53846.28    -40.06   -154.08      7.36      7.36
  53850.21    -48.46   -151.71      7.35      7.35
  53851.23    -50.63   -151.02      7.35      7.35
  53852.25    -52.78   -150.30      7.35      7.35
  53853.27    -54.92   -149.54      7.35      7.35
  53858.20    -65.11   -145.48      7.34      7.34
  53860.27    -69.29   -143.58      7.34      7.34
  53864.21    -77.10   -139.61      7.33      7.33
  53867.27    -83.02   -136.23      7.33      7.33
  53871.21    -90.41   -131.52      7.32      7.32
  53874.27    -95.99   -127.58      7.32      7.32
  53878.21   -102.89   -122.17      7.31      7.31
  53879.23   -104.63   -120.70      7.31      7.31
  53881.27   -108.05   -117.70      7.31      7.31
  53885.00   -114.07   -111.97      7.30      7.30
  53886.21   -115.96   -110.04      7.30      7.30
  53888.27   -119.11   -106.68      7.30      7.30
  53892.21   -124.85   -100.02      7.29      7.29
  53893.21   -126.24    -98.29      7.29      7.29
  53895.27   -129.05    -94.63      7.29      7.29
  53899.21   -134.11    -87.44      7.28      7.28
  53900.27   -135.41    -85.45      7.28      7.28
  53906.21   -142.12    -74.00      7.27      7.27
  53908.25   -144.21    -69.93      7.27      7.27
  53909.27   -145.21    -67.88      7.27      7.27
  53913.21   -148.79    -59.83      7.26      7.26
  53914.23   -149.64    -57.71      7.26      7.26
  53915.25   -150.47    -55.58      7.26      7.26
  53916.27   -151.27    -53.43      7.26      7.26
  53920.00   -153.91    -45.52      7.25      7.25
  53922.21   -155.29    -40.76      7.25      7.25
  53923.27   -155.87    -38.40      7.25      7.25
  53927.21   -157.69    -29.58      7.25      7.25
  53928.23   -158.08    -27.26      7.25      7.25
  53929.08   -158.38    -25.33      7.26      7.26
  53929.25   -158.44    -24.96      7.26      7.26
  53930.27   -158.76    -22.64      7.26      7.26
  53934.21   -159.69    -13.69      7.26      7.26
  53936.25   -159.97     -9.04      7.26      7.26
  53937.27   -160.06     -6.70      7.26      7.26
  53941.21   -160.10      2.29      7.27      7.27
  53943.29   -159.91      7.05      7.27      7.27
  53944.27   -159.77      9.28      7.27      7.27
  53948.21   -158.91     18.22      7.27      7.27
  53949.23   -158.61     20.53      7.28      7.28
  53950.25   -158.27     22.83      7.28      7.28
  53951.27   -157.89     25.13      7.28      7.28
  53955.21   -156.15     33.93      7.28      7.28
  53958.27   -154.45     40.70      7.28      7.28
  53964.21   -150.33     53.57      7.29      7.29
  53965.27   -149.47     55.84      7.29      7.29
  53969.24   -145.99     64.16      7.29      7.29
  53971.25   -144.05     68.31      7.30      7.30
  53972.27   -143.02     70.39      7.30      7.30
  53976.21   -138.77     78.26      7.30      7.30
  53978.25   -136.39     82.24      7.30      7.30
  53979.27   -135.16     84.21      7.30      7.30
  53982.99   -130.44     91.21      7.31      7.31
  53984.21   -128.81     93.44      7.31      7.31
  53986.27   -125.97     97.16      7.31      7.31
  53990.21   -120.26    104.02      7.32      7.32
  53991.23   -118.71    105.75      7.32      7.32
  53992.25   -117.14    107.45      7.32      7.32
  53993.27   -115.55    109.12      7.32      7.32
  53997.21   -109.19    115.37      7.32      7.32
  53998.23   -107.48    116.93      7.32      7.32
  54000.27   -104.01    119.98      7.33      7.33
  54004.21    -97.06    125.56      7.33      7.33
  54007.27    -91.45    129.62      7.33      7.33
  54011.21    -83.98    134.47      7.34      7.34
  54013.25    -80.01    136.82      7.34      7.34
  54014.27    -78.00    137.95      7.34      7.34
  54018.22    -70.08    142.04      7.34      7.34
  54019.23    -68.01    143.02      7.34      7.34
  54021.27    -63.80    144.90      7.35      7.35
  54025.21    -55.55    148.17      7.35      7.35
  54028.27    -49.01    150.39      7.35      7.35
  54032.21    -40.47    152.82      7.36      7.36
  54035.27    -33.75    154.38      7.36      7.36
  54039.21    -25.02    155.95      7.36      7.36
  54042.27    -18.19    156.82      7.37      7.37
  54046.21     -9.36    157.51      7.37      7.37
  54047.22     -7.07    157.61      7.37      7.37
  54048.25     -4.76    157.68      7.37      7.37
  54049.27     -2.47    157.71      7.37      7.37
  54053.21      6.37    157.52      7.38      7.38
  54054.22      8.66    157.39      7.38      7.38
  54055.25     10.95    157.22      7.38      7.38
  54056.27     13.24    157.02      7.38      7.38
  54060.21     22.01    155.95      7.38      7.38
  54060.21     22.01    155.95      7.38      7.38
  54061.27     24.37    155.58      7.38      7.38
  54067.21     37.40    152.84      7.39      7.39
  54068.23     39.61    152.27      7.39      7.39
  54069.25     41.81    151.65      7.39      7.39
  54070.27     44.02    151.01      7.39      7.39
  54074.21     52.39    148.22      7.40      7.40
  54075.23     54.53    147.43      7.40      7.40
  54076.25     56.66    146.60      7.40      7.40
  54081.21     66.83    142.14      7.40      7.40
  54082.23     68.88    141.13      7.41      7.41
  54084.27     72.94    139.03      7.41      7.41
  54087.56     79.34    135.40      7.41      7.41
  54088.21     80.58    134.66      7.41      7.41
  54091.27     86.34    130.96      7.41      7.41
  54097.21     97.02    123.10      7.42      7.42
  54098.27     98.86    121.60      7.42      7.42
  54103.21    107.10    114.28      7.43      7.43
  54105.27    110.38    111.07      7.43      7.43
  54109.00    116.08    105.22      7.43      7.43
  54110.21    117.86    103.26      7.43      7.43
  54112.27    120.83     99.85      7.43      7.43
  54112.27    120.83     99.84      7.43      7.43
  54116.21    126.21     93.09      7.43      7.43
  54119.27    130.14     87.64      7.44      7.44
  54123.21    134.85     80.38      7.44      7.44
  54125.25    137.13     76.52      7.44      7.44
  54126.27    138.23     74.57      7.44      7.44
  54130.21    142.21     66.88      7.44      7.44
  54133.27    145.01     60.75      7.45      7.45
  54137.21    148.22     52.71      7.45      7.45
  54138.22    148.98     50.60      7.45      7.45
  54139.25    149.71     48.48      7.45      7.45
  54140.27    150.41     46.33      7.45      7.45
  54144.21    152.83     38.00      7.45      7.45
  54145.23    153.38     35.82      7.45      7.45
  54146.25    153.90     33.63      7.45      7.45
  54147.27    154.39     31.43      7.45      7.45
  54150.99    155.90     23.36      7.46      7.46
  54152.21    156.31     20.71      7.46      7.46
  54153.25    156.62     18.43      7.46      7.46
  54154.27    156.89     16.19      7.46      7.46
  54158.21    157.64      7.53      7.46      7.46
  54161.27    157.89      0.76      7.46      7.46
  54165.21    157.79     -7.94      7.47      7.47
  54166.27    157.69    -10.29      7.47      7.47
  54172.21    156.44    -23.36      7.47      7.47
  54173.24    156.11    -25.63      7.47      7.47
  54175.27    155.37    -30.06      7.47      7.47
  54179.21    153.57    -38.60      7.47      7.47
  54182.27    151.85    -45.18      7.48      7.48
  54186.21    149.23    -53.51      7.48      7.48
  54187.23    148.47    -55.65      7.48      7.48
  54188.25    147.69    -57.78      7.48      7.48
  54189.27    146.87    -59.89      7.48      7.48
  54193.21    143.44    -67.94      7.48      7.48
  54195.27    141.47    -72.08      7.48      7.48
  54201.21    135.13    -83.67      7.49      7.49
  54203.27    132.70    -87.57      7.49      7.49
  54207.08    127.93    -94.59      7.49      7.49
  54208.21    126.45    -96.61      7.49      7.49
  54210.27    123.65   -100.26      7.49      7.49
  54214.21    118.01   -107.00      7.50      7.50
  54216.25    114.94   -110.37      7.50      7.50
  54217.27    113.38   -112.02      7.50      7.50
  54223.21    103.78   -121.18      7.50      7.50
  54224.27    101.99   -122.74      7.50      7.50
  54228.21     95.13   -128.27      7.51      7.51
  54231.27     89.59   -132.30      7.51      7.51
  54235.21     82.22   -137.14      7.51      7.51
  54236.22     80.27   -138.32      7.51      7.51
  54238.27     76.30   -140.62      7.51      7.51
  54242.21     68.47   -144.72      7.51      7.51
  54243.23     66.41   -145.71      7.52      7.52
  54245.27     62.24   -147.61      7.52      7.52
  54250.21     51.93   -151.70      7.52      7.52
  54252.27     47.54   -153.19      7.52      7.52
  54256.21     39.05   -155.70      7.52      7.52
  54259.27     32.34   -157.32      7.53      7.53
  54263.21     23.63   -158.98      7.53      7.53
  54264.23     21.36   -159.34      7.53      7.53
  54266.27     16.79   -159.95      7.53      7.53
  54270.21      7.95   -160.75      7.53      7.53
  54273.27      1.04   -161.04      7.53      7.53
  54277.21     -7.85   -160.98      7.54      7.54
  54278.23    -10.16   -160.88      7.54      7.54
  54279.25    -12.46   -160.75      7.54      7.54
  54280.27    -14.77   -160.59      7.54      7.54
  54284.21    -23.62   -159.65      7.54      7.54
  54285.22    -25.90   -159.33      7.54      7.54
  54287.29    -30.53   -158.58      7.54      7.54
  54291.21    -39.27   -156.83      7.54      7.54
  54292.23    -41.54   -156.30      7.54      7.54
  54294.27    -46.05   -155.14      7.54      7.54
  54298.21    -54.66   -152.53      7.54      7.54
  54301.27    -61.26   -150.16      7.55      7.55
  54305.21    -69.58   -146.71      7.55      7.55
  54306.23    -71.72   -145.74      7.55      7.55
  54308.27    -75.93   -143.70      7.55      7.55
  54312.21    -83.89   -139.44      7.55      7.55
  54313.23    -85.92   -138.26      7.55      7.55
  54314.25    -87.93   -137.05      7.55      7.55
  54315.27    -89.92   -135.81      7.55      7.55
  54319.21    -97.44   -130.77      7.55      7.55
  54321.25   -101.24   -127.99      7.55      7.55
  54322.27   -103.11   -126.56      7.55      7.55
  54326.21   -110.11   -120.78      7.55      7.55
  54329.27   -115.34   -116.02      7.55      7.55
  54333.21   -121.76   -109.57      7.55      7.55
  54336.27   -126.50   -104.30      7.55      7.55
  54340.21   -132.26    -97.24      7.55      7.55
  54343.27   -136.48    -91.52      7.55      7.55
  54347.00   -141.27    -84.31      7.55      7.55
  54348.21   -142.74    -81.92      7.55      7.55
  54350.27   -145.16    -77.77      7.55      7.55
  54354.21   -149.45    -69.67      7.55      7.55
  54355.23   -150.48    -67.53      7.55      7.55
  54356.25   -151.49    -65.37      7.55      7.55
  54357.27   -152.47    -63.20      7.55      7.55
  54361.21   -155.94    -54.70      7.55      7.55
  54362.23   -156.76    -52.46      7.55      7.55
  54364.27   -158.31    -47.95      7.55      7.55
  54368.21   -160.94    -39.12      7.55      7.55
  54371.27   -162.64    -32.16      7.55      7.55
  54375.21   -164.38    -23.09      7.55      7.55
  54378.27   -165.39    -15.97      7.55      7.55
  54383.21   -166.36     -4.41      7.55      7.55
  54384.23   -166.46     -2.01      7.55      7.55
  54385.27   -166.53      0.44      7.55      7.55
  54390.21   -166.36     12.07      7.56      7.56
  54391.23   -166.22     14.47      7.56      7.56
  54392.27   -166.04     16.92      7.56      7.56
  54396.21   -165.05     26.17      7.56      7.56
  54398.25   -164.34     30.94      7.56      7.56
  54399.27   -163.93     33.32      7.56      7.56
  54403.21   -162.03     42.44      7.56      7.56
  54404.27   -161.43     44.89      7.56      7.56
  54410.21   -157.39     58.38      7.56      7.56
  54411.23   -156.59     60.66      7.56      7.56
  54412.25   -155.75     62.94      7.56      7.56
  54413.27   -154.87     65.20      7.56      7.56
  54417.21   -151.20     73.82      7.56      7.56
  54418.23   -150.17     76.01      7.56      7.56
  54419.25   -149.10     78.20      7.56      7.56
  54420.27   -148.00     80.37      7.56      7.56
  54424.21   -143.48     88.60      7.56      7.56
  54425.27   -142.19     90.78      7.56      7.56
  54427.00   -140.00     94.28      7.56      7.56
  54431.21   -134.33    102.58      7.56      7.56
  54432.23   -132.88    104.54      7.56      7.56
  54433.29   -131.34    106.57      7.56      7.56
  54434.27   -129.89    108.42      7.56      7.56
  54438.21   -123.81    115.63      7.56      7.56
  54440.25   -120.50    119.24      7.56      7.56
  54441.27   -118.80    121.00      7.56      7.56
  54445.21   -112.02    127.60      7.56      7.56
  54447.25   -108.36    130.87      7.56      7.56
  54448.27   -106.50    132.46      7.56      7.56
  54452.21    -99.08    138.37      7.56      7.56
  54455.27    -93.09    142.67      7.56      7.56
  54461.21    -80.94    150.28      7.56      7.56
  54462.27    -78.70    151.53      7.56      7.56
  54468.21    -65.83    157.91      7.56      7.56
  54469.27    -63.46    158.94      7.56      7.56
  54473.21    -54.90    162.47      7.57      7.57
  54476.27    -48.18    164.90      7.58      7.58
  54480.21    -39.38    167.63      7.58      7.58
  54482.25    -34.75    168.86      7.59      7.59
  54483.28    -32.41    169.43      7.59      7.59
  54487.00    -23.85    171.22      7.60      7.60
  54488.21    -21.04    171.72      7.60      7.60
  54489.25    -18.62    172.11      7.60      7.60
  54490.27    -16.23    172.45      7.60      7.60
  54494.21     -6.99    173.48      7.61      7.61
  54497.27      0.25    173.93      7.62      7.62
  54501.21      9.59    174.08      7.62      7.62
  54502.22     12.01    174.04      7.62      7.62
  54503.25     14.44    173.96      7.63      7.63
  54504.27     16.87    173.85      7.63      7.63
  54508.21     26.23    173.10      7.64      7.64
  54509.23     28.65    172.83      7.64      7.64
  54510.25     31.07    172.52      7.64      7.64
  54511.27     33.50    172.18      7.64      7.64
  54516.21     45.14    170.04      7.65      7.65
  54517.25     47.58    169.49      7.65      7.65
  54518.27     49.97    168.91      7.66      7.66
  54522.21     59.10    166.39      7.66      7.66
  54523.23     61.46    165.65      7.66      7.66
  54525.27     66.13    164.08      7.67      7.67
  54529.21     75.03    160.68      7.68      7.68
  54532.27     81.84    157.70      7.68      7.68
  54537.21     92.56    152.29      7.69      7.69
  54539.27     96.94    149.81      7.69      7.69
  54543.21    105.11    144.73      7.70      7.70
  54545.27    109.29    141.89      7.71      7.71
  54551.21    120.88    133.05      7.72      7.72
  54553.27    124.75    129.76      7.72      7.72
  54557.21    131.88    123.16      7.73      7.73
  54558.23    133.67    121.38      7.73      7.73
  54559.23    135.41    119.61      7.73      7.73
  54560.27    137.19    117.75      7.73      7.73
  54564.00    143.36    110.85      7.74      7.74
  54564.21    143.69    110.46      7.74      7.74
  54566.25    146.91    106.54      7.75      7.75
  54567.27    148.49    104.54      7.75      7.75
  54571.21    154.29     96.62      7.75      7.75
  54574.27    158.52     90.24      7.76      7.76
  54578.00    163.30     82.23      7.77      7.77
  54579.21    164.77     79.56      7.77      7.77
  54581.27    167.18     74.97      7.77      7.77
  54585.21    171.41     66.00      7.78      7.78
  54586.27    172.47     63.54      7.78      7.78
  54592.21    177.74     49.48      7.79      7.79
  54594.27    179.31     44.49      7.80      7.80
  54599.21    182.49     32.34      7.81      7.81
  54601.25    183.57     27.25      7.81      7.81
  54602.27    184.06     24.69      7.81      7.81
  54606.21    185.59     14.74      7.82      7.82
  54608.25    186.18      9.54      7.82      7.82
  54609.27    186.42      6.93      7.83      7.83
  54613.00    186.98     -2.63      7.83      7.83
  54614.21    187.06     -5.75      7.84      7.84
  54616.27    187.07    -11.07      7.84      7.84
  54620.21    186.67    -21.23      7.85      7.85
  54621.23    186.48    -23.87      7.85      7.85
  54623.27    185.99    -29.13      7.85      7.85
  54627.21    184.61    -39.26      7.86      7.86
  54628.27    184.14    -41.99      7.86      7.86
  54634.21    180.80    -57.11      7.87      7.87
  54637.27    178.59    -64.81      7.88      7.88
  54641.21    175.26    -74.59      7.89      7.89
  54642.23    174.32    -77.10      7.89      7.89
  54643.25    173.33    -79.60      7.89      7.89
  54644.27    172.31    -82.09      7.89      7.89
  54648.21    168.04    -91.55      7.90      7.90
  54650.27    165.59    -96.42      7.90      7.90
  54655.21    158.85   -107.91      7.91      7.91
  54656.23    157.28   -110.25      7.91      7.91
  54657.25    155.67   -112.57      7.91      7.91
  54658.27    154.04   -114.87      7.91      7.91
  54662.21    147.41   -123.48      7.91      7.91
  54664.25    143.79   -127.80      7.91      7.91
  54665.27    141.92   -129.93      7.91      7.91
  54669.21    134.45   -137.85      7.91      7.91
  54672.27    128.34   -143.72      7.91      7.91
  54676.21    120.10   -150.86      7.91      7.91
  54677.23    117.90   -152.63      7.91      7.91
  54679.27    113.42   -156.09      7.90      7.90
  54683.21    104.49   -162.38      7.90      7.90
  54684.23    102.11   -163.93      7.90      7.90
  54686.27     97.30   -166.92      7.90      7.90
  54690.50     87.06   -172.66      7.90      7.90
  54691.50     84.59   -173.93      7.90      7.90
  54692.50     82.09   -175.16      7.90      7.90
  54693.50     79.58   -176.36      7.90      7.90
  54694.50     77.05   -177.52      7.90      7.90
  54695.50     74.51   -178.64      7.90      7.90
  54696.50     71.95   -179.73      7.90      7.90
  54697.50     69.38   -180.78      7.90      7.90
  54698.50     66.78   -181.80      7.90      7.90
  54699.50     64.18   -182.77      7.90      7.90
  54700.50     61.56   -183.71      7.90      7.90
  54701.50     58.92   -184.61      7.90      7.90
  54702.50     56.27   -185.48      7.90      7.90
  54703.50     53.61   -186.30      7.90      7.90
  54704.50     50.94   -187.09      7.90      7.90
  54707.27     43.48   -189.07      7.90      7.90
  54711.00     33.32   -191.27      7.90      7.90
  54712.21     29.99   -191.87      7.90      7.90
  54713.25     27.12   -192.33      7.90      7.90
  54714.27     24.31   -192.75      7.90      7.90
  54718.21     13.37   -193.97      7.90      7.90
  54719.24     10.50   -194.18      7.90      7.90
  54720.25      7.68   -194.35      7.90      7.90
  54721.27      4.83   -194.49      7.90      7.90
  54725.21     -6.18   -194.60      7.90      7.90
  54728.27    -14.75   -194.25      7.90      7.90
  54732.21    -25.73   -193.26      7.90      7.90
  54733.22    -28.56   -192.90      7.90      7.90
  54735.27    -34.23   -192.06      7.90      7.90
  54739.21    -45.07   -189.96      7.90      7.90
  54741.25    -50.65   -188.63      7.90      7.90
  54742.27    -53.42   -187.91      7.90      7.90
  54746.21    -64.02   -184.73      7.90      7.90
  54747.23    -66.73   -183.80      7.90      7.90
  54748.25    -69.43   -182.84      7.89      7.89
  54749.27    -72.13   -181.84      7.89      7.89
  54754.21    -84.92   -176.44      7.89      7.89
  54756.27    -90.15   -173.92      7.89      7.89
  54760.21    -99.92   -168.67      7.89      7.89
  54763.27   -107.32   -164.20      7.89      7.89
  54767.21   -116.52   -158.00      7.89      7.89
  54770.27   -123.44   -152.81      7.89      7.89
  54774.21   -131.99   -145.69      7.89      7.89
  54776.25   -136.26   -141.82      7.89      7.89
  54777.27   -138.36   -139.82      7.89      7.89
  54781.21   -146.16   -131.88      7.89      7.89
  54782.23   -148.11   -129.75      7.89      7.89
  54783.25   -150.03   -127.58      7.89      7.89
  54784.27   -151.92   -125.39      7.89      7.89
  54788.21   -158.89   -116.69      7.89      7.89
  54789.23   -160.62   -114.36      7.89      7.89
  54790.25   -162.31   -112.02      7.89      7.89
  54791.27   -163.98   -109.64      7.89      7.89
  54795.21   -170.05   -100.27      7.89      7.89
  54796.27   -171.60    -97.68      7.89      7.89
  54798.00   -174.03    -93.42      7.89      7.89
  54802.21   -179.51    -82.79      7.89      7.89
  54803.23   -180.74    -80.17      7.89      7.89
  54805.27   -183.09    -74.85      7.89      7.89
  54810.21   -188.13    -61.74      7.89      7.89
  54812.27   -189.95    -56.15      7.89      7.89
  54816.21   -192.98    -45.35      7.89      7.89
  54817.23   -193.66    -42.52      7.89      7.89
  54818.25   -194.30    -39.68      7.88      7.88
  54819.27   -194.90    -36.83      7.88      7.88
  54823.21   -196.83    -25.76      7.88      7.88
  54824.27   -197.24    -22.77      7.88      7.88
  54830.21   -198.70     -5.86      7.88      7.88
  54831.29   -198.81     -2.76      7.88      7.88
  54837.21   -198.66     14.08      7.88      7.88
  54840.27   -198.16     22.71      7.87      7.87
  54844.21   -196.96     33.77      7.87      7.87
  54845.23   -196.55     36.63      7.87      7.87
  54847.27   -195.60     42.33      7.86      7.86
  54851.00   -193.44     52.68      7.86      7.86
  54852.21   -192.63     56.02      7.86      7.86
  54853.25   -191.87     58.88      7.85      7.85
  54854.27   -191.10     61.68      7.85      7.85
  54858.21   -187.72     72.36      7.85      7.85
  54861.27   -184.68     80.55      7.84      7.84
  54865.21   -180.25     90.88      7.84      7.84
  54866.22   -179.01     93.51      7.83      7.83
  54867.25   -177.73     96.14      7.83      7.83
  54868.27   -176.40     98.76      7.83      7.83
  54872.21   -170.95    108.64      7.82      7.82
  54872.21   -170.95    108.64      7.82      7.82
  54873.22   -169.45    111.14      7.82      7.82
  54874.25   -167.91    113.64      7.82      7.82
  54875.27   -166.33    116.12      7.82      7.82
  54880.21   -158.18    127.76      7.81      7.81
  54881.25   -156.36    130.14      7.81      7.81
  54882.27   -154.53    132.46      7.81      7.81
  54886.19   -147.23    141.08      7.80      7.80
  54887.21   -145.25    143.27      7.80      7.80
  54889.27   -141.14    147.60      7.80      7.80
  54893.21   -132.94    155.53      7.79      7.79
  54894.23   -130.74    157.52      7.79      7.79
  54896.27   -126.26    161.39      7.79      7.79
  54901.21   -114.93    170.23      7.78      7.78
  54903.27   -110.02    173.69      7.78      7.78
  54907.21   -100.35    179.89      7.77      7.77
  54910.27    -92.59    184.35      7.76      7.76
  54914.21    -82.31    189.59      7.76      7.76
  54916.00    -77.54    191.78      7.76      7.76
  54917.27    -74.11    193.26      7.75      7.75
  54921.21    -63.33    197.47      7.75      7.75
  54924.27    -54.78    200.33      7.74      7.74
  54928.21    -43.60    203.46      7.74      7.74
  54929.23    -40.67    204.17      7.73      7.73
  54930.27    -37.67    204.85      7.73      7.73
  54936.21    -20.36    207.88      7.72      7.72
  54937.25    -17.29    208.26      7.72      7.72
  54938.27    -14.28    208.59      7.72      7.72
  54942.21     -2.61    209.46      7.71      7.71
  54943.23      0.42    209.58      7.71      7.71
  54945.27      6.50    209.68      7.71      7.71
  54949.21     18.23    209.39      7.70      7.70
  54951.27     24.37    208.97      7.70      7.70
  54956.21     39.04    207.24      7.69      7.69
  54958.27     45.14    206.21      7.69      7.69
  54963.21     59.61    203.02      7.68      7.68
  54965.25     65.53    201.40      7.68      7.68
  54966.27     68.47    200.53      7.68      7.68
  54970.21     79.72    196.76      7.67      7.67
  54971.23     82.61    195.68      7.67      7.67
  54973.27     88.33    193.39      7.67      7.67
  54977.00     98.62    188.78      7.66      7.66
  54978.21    101.90    187.17      7.66      7.66
  54980.27    107.44    184.28      7.65      7.65
  54985.21    120.37    176.72      7.65      7.65
  54987.27    125.63    173.28      7.64      7.64
  54991.21    135.37    166.30      7.64      7.64
  54993.27    140.32    162.42      7.63      7.63
  54998.21    151.72    152.54      7.63      7.63
  55001.27    158.44    146.01      7.62      7.62
  55005.21    166.67    137.17      7.62      7.62
  55006.23    168.72    134.81      7.61      7.61
  55008.27    172.73    129.98      7.61      7.61
  55012.21    180.07    120.34      7.60      7.60
  55014.27    183.70    115.12      7.60      7.60
  55019.21    191.70    102.10      7.59      7.59
  55021.25    194.63     96.41      7.59      7.59
  55022.27    196.04     93.54      7.59      7.59
  55026.21    201.06     82.25      7.59      7.59
  55029.27    204.51     73.29      7.59      7.59
  55033.00    208.18     62.18      7.58      7.58
  55034.21    209.24     58.54      7.58      7.58
  55035.25    210.10     55.39      7.58      7.58
  55036.27    210.90     52.29      7.58      7.58
  55040.21    213.55     40.23      7.58      7.58
  55042.25    214.65     33.92      7.58      7.58
  55043.27    215.14     30.75      7.58      7.58
  55047.21    216.56     18.49      7.57      7.57
  55050.27    217.18      8.90      7.57      7.57
  55054.21    217.36     -3.46      7.57      7.57
  55057.27    217.01    -13.06      7.56      7.56
  55061.21    215.94    -25.37      7.56      7.56
  55064.27    214.62    -34.89      7.56      7.56
  55068.21    212.32    -47.03      7.56      7.56
  55069.23    211.61    -50.15      7.56      7.56
  55071.29    210.03    -56.44      7.55      7.55
  55075.21    206.53    -68.23      7.55      7.55
  55077.25    204.44    -74.29      7.55      7.55
  55078.27    203.32    -77.29      7.55      7.55
  55082.00    198.89    -88.13      7.55      7.55
  55083.21    197.33    -91.59      7.54      7.54
  55085.27    194.53    -97.43      7.54      7.54
  55089.21    188.70   -108.33      7.54      7.54
  55092.27    183.74   -116.57      7.54      7.54
  55096.21    176.84   -126.84      7.53      7.53
  55098.25    173.04   -132.00      7.53      7.53
  55099.27    171.07   -134.54      7.53      7.53
  55103.21    163.17   -144.06      7.53      7.53
  55106.27    156.66   -151.14      7.53      7.53
  55110.21    147.83   -159.82      7.52      7.52
  55111.23    145.47   -161.98      7.52      7.52
  55112.25    143.06   -164.12      7.52      7.52
  55113.27    140.63   -166.21      7.52      7.52
  55118.21    128.46   -175.83      7.52      7.52
  55119.25    125.80   -177.74      7.52      7.52
  55120.27    123.17   -179.59      7.52      7.52
  55124.21    112.78   -186.32      7.51      7.51
  55125.23    110.03   -187.96      7.51      7.51
  55127.28    104.44   -191.14      7.51      7.51
  55131.21     93.43   -196.78      7.51      7.51
  55134.27     84.65   -200.73      7.50      7.50
  55138.21     73.12   -205.24      7.50      7.50
  55141.27     63.98   -208.29      7.50      7.50
  55145.21     52.05   -211.61      7.50      7.50
  55146.23     48.93   -212.36      7.50      7.50
  55147.25     45.79   -213.07      7.49      7.49
  55148.27     42.64   -213.72      7.49      7.49
  55152.21     30.44   -215.83      7.49      7.49
  55153.23     27.25   -216.26      7.49      7.49
  55154.25     24.06   -216.64      7.49      7.49
  55155.27     20.87   -216.98      7.49      7.49
  55159.21      8.51   -217.84      7.49      7.49
  55160.27      5.17   -217.95      7.48      7.48
  55162.00     -0.27   -218.02      7.48      7.48
  55166.21    -13.51   -217.63      7.48      7.48
  55168.25    -19.92   -217.15      7.48      7.48
  55169.27    -23.12   -216.84      7.48      7.48
  55173.21    -35.41   -215.20      7.47      7.47
  55174.23    -38.58   -214.66      7.47      7.47
  55176.27    -44.89   -213.44      7.47      7.47
  55180.21    -56.95   -210.57      7.47      7.47
  55181.23    -60.05   -209.72      7.47      7.47
  55182.25    -63.13   -208.82      7.47      7.47
  55183.27    -66.21   -207.87      7.47      7.47
  55187.21    -77.92   -203.80      7.46      7.46
  55188.27    -81.04   -202.58      7.46      7.46
  55194.21    -98.10   -194.93      7.46      7.46
  55195.27   -101.09   -193.41      7.46      7.46
  55201.21   -117.34   -184.08      7.45      7.45
  55204.27   -125.64   -178.74      7.45      7.45
  55208.21   -135.96   -171.32      7.45      7.45
  55210.25   -141.13   -167.23      7.45      7.45
  55211.27   -143.68   -165.13      7.45      7.45
  55215.00   -152.70   -157.13      7.45      7.45
  55216.21   -155.53   -154.43      7.45      7.45
  55218.27   -160.25   -149.71      7.46      7.46
  55222.21   -168.85   -140.29      7.46      7.46
  55224.25   -173.10   -135.21      7.46      7.46
  55225.27   -175.17   -132.63      7.46      7.46
  55229.21   -182.77   -122.36      7.46      7.46
  55230.23   -184.64   -119.62      7.46      7.46
  55231.25   -186.47   -116.86      7.46      7.46
  55232.27   -188.26   -114.06      7.46      7.46
  55236.21   -194.78   -103.04      7.46      7.46
  55237.23   -196.36   -100.12      7.46      7.46
  55238.25   -197.90    -97.18      7.46      7.46
  55239.27   -199.40    -94.21      7.46      7.46
  55244.21   -206.00    -79.54      7.46      7.46
  55245.23   -207.23    -76.45      7.46      7.46
  55246.27   -208.44    -73.28      7.46      7.46
  55250.21   -212.57    -61.11      7.46      7.46
  55253.27   -215.29    -51.48      7.46      7.46
  55257.21   -218.15    -38.93      7.46      7.46
  55258.23   -218.77    -35.65      7.46      7.46
  55260.27   -219.86    -29.06      7.46      7.46
  55264.21   -221.41    -16.26      7.46      7.46
  55267.27   -222.10     -6.24      7.46      7.46
  55271.21   -222.32      6.68      7.46      7.46
  55274.27   -221.97     16.73      7.46      7.46
  55278.21   -220.85     29.62      7.46      7.46
  55281.27   -219.47     39.61      7.46      7.46
  55285.21   -217.02     52.34      7.46      7.46
  55287.27   -215.45     58.95      7.46      7.46
  55293.21   -209.79     77.70      7.46      7.46
  55294.23   -208.65     80.88      7.46      7.46
  55295.27   -207.44     84.10      7.46      7.46
  55299.21   -202.42     96.10      7.46      7.46
  55300.23   -201.00     99.17      7.46      7.46
  55302.27   -198.03    105.24      7.46      7.46
  55306.21   -191.78    116.68      7.46      7.46
  55309.27   -186.47    125.33      7.46      7.46
  55313.21   -179.06    136.08      7.47      7.47
  55316.27   -172.87    144.15      7.47      7.47
  55320.21   -164.38    154.10      7.47      7.47
  55321.23   -162.08    156.61      7.47      7.47
  55323.27   -157.38    161.50      7.47      7.47
  55327.21   -147.89    170.54      7.47      7.47
  55330.27   -140.15    177.19      7.47      7.47
  55334.21   -129.75    185.22      7.47      7.47
  55335.23   -126.99    187.20      7.47      7.47
  55336.25   -124.18    189.15      7.47      7.47
  55337.27   -121.35    191.05      7.47      7.47
  55342.21   -107.27    199.63      7.47      7.47
  55344.27   -101.20    202.91      7.47      7.47
  55349.21    -86.27    210.01      7.47      7.47
  55351.27    -79.88    212.65      7.47      7.47
  55355.21    -67.48    217.15      7.47      7.47
  55358.27    -57.64    220.16      7.47      7.47
  55362.21    -44.81    223.36      7.47      7.47
  55365.27    -34.71    225.34      7.47      7.47
  55369.21    -21.59    227.21      7.47      7.47
  55371.25    -14.74    227.87      7.47      7.47
  55372.27    -11.31    228.13      7.47      7.47
  55376.21      1.95    228.64      7.47      7.47
  55377.23      5.39    228.64      7.47      7.47
  55379.27     12.28    228.50      7.47      7.47
  55383.00     24.85    227.70      7.47      7.47
  55384.21     28.86    227.24      7.47      7.47
  55386.27     35.65    226.27      7.46      7.46
  55390.21     48.50    223.86      7.45      7.45
  55393.27     58.40    221.47      7.44      7.44
  55397.21     70.94    217.77      7.42      7.42
  55398.23     74.15    216.69      7.42      7.42
  55400.27     80.54    214.40      7.41      7.41
  55404.21     92.64    209.44      7.40      7.40
  55407.27    101.85    205.11      7.38      7.38
  55411.21    113.39    198.95      7.37      7.37
  55413.25    119.23    195.50      7.36      7.36
  55414.27    122.11    193.71      7.36      7.36
  55418.21    132.96    186.41      7.34      7.34
  55420.25    138.42    182.39      7.34      7.34
  55421.27    141.10    180.32      7.33      7.33
  55425.21    151.16    171.96      7.32      7.32
  55428.27    158.64    165.07      7.31      7.31
  55432.21    167.80    155.74      7.29      7.29
  55435.27    174.54    148.12      7.28      7.28
  55439.21    182.71    137.91      7.26      7.26
  55442.27    188.65    129.66      7.25      7.25
  55446.00    195.37    119.26      7.24      7.24
  55447.21    197.43    115.82      7.24      7.24
  55449.27    200.80    109.86      7.23      7.23
  55453.21    206.73     98.21      7.21      7.21
  55454.23    208.16     95.14      7.21      7.21
  55456.27    210.88     88.93      7.20      7.20
  55460.21    215.61     76.74      7.19      7.19
  55461.23    216.72     73.54      7.18      7.18
  55463.27    218.79     67.08      7.18      7.18
  55467.21    222.26     54.48      7.16      7.16
  55470.27    224.45     44.55      7.15      7.15
  55474.21    226.62     31.67      7.13      7.13
  55475.23    227.06     28.31      7.13      7.13
  55477.27    227.79     21.57      7.12      7.12
  55482.21    228.74      5.21      7.10      7.10
  55483.23    228.79      1.82      7.10      7.10
  55484.27    228.79     -1.63      7.10      7.10
  55488.21    228.31    -14.69      7.08      7.08
  55491.29    227.41    -24.89      7.07      7.07
  55495.21    225.63    -37.75      7.06      7.06
  55498.27    223.72    -47.75      7.04      7.04
  55503.21    219.72    -63.62      7.03      7.03
  55505.27    217.71    -70.17      7.02      7.02
  55509.21    213.34    -82.47      7.00      7.00
  55512.27    209.46    -91.87      6.99      6.99
  55516.21    203.86   -103.67      6.98      6.98
  55517.23    202.30   -106.67      6.97      6.97
  55518.25    200.70   -109.66      6.97      6.97
  55519.27    199.05   -112.62      6.97      6.97
  55523.21    192.29   -123.79      6.95      6.95
  55524.27    190.35   -126.74      6.95      6.95
  55526.00    187.11   -131.47      6.94      6.94
  55530.21    178.73   -142.64      6.93      6.93
  55533.27    172.21   -150.43      6.91      6.91
  55537.21    163.34   -160.01      6.90      6.90
  55538.23    160.95   -162.41      6.90      6.90
  55540.27    156.07   -167.10      6.89      6.89
  55544.21    146.27   -175.72      6.87      6.87
  55545.24    143.62   -177.89      6.87      6.87
  55546.25    140.99   -179.98      6.87      6.87
  55547.27    138.31   -182.04      6.86      6.86
  55551.21    127.69   -189.63      6.85      6.85
  55553.27    121.96   -193.37      6.84      6.84
  55558.21    107.80   -201.59      6.82      6.82
  55560.27    101.72   -204.72      6.81      6.81
  55565.21     86.80   -211.46      6.80      6.80
  55568.27     77.26   -215.15      6.79      6.79
  55572.21     64.75   -219.29      6.79      6.79
  55575.27     54.86   -222.01      6.78      6.78
  55579.00     42.67   -224.71      6.78      6.78
  55580.21     38.69   -225.44      6.78      6.78
  55582.27     31.87   -226.53      6.77      6.77
  55586.21     18.76   -228.03      6.77      6.77
  55589.27      8.53   -228.68      6.77      6.77
  55593.21     -4.67   -228.83      6.76      6.76
  55594.23     -8.09   -228.75      6.76      6.76
  55595.25    -11.52   -228.61      6.76      6.76
  55596.27    -14.93   -228.43      6.76      6.76
  55600.21    -28.07   -227.23      6.75      6.75
  55601.23    -31.47   -226.80      6.75      6.75
  55602.25    -34.85   -226.31      6.75      6.75
  55603.27    -38.23   -225.78      6.75      6.75
  55607.21    -51.20   -223.24      6.75      6.75
  55610.27    -61.16   -220.75      6.74      6.74
  55614.21    -73.80   -216.90      6.74      6.74
  55615.23    -77.03   -215.79      6.74      6.74
  55616.25    -80.25   -214.62      6.74      6.74
  55617.27    -83.46   -213.41      6.74      6.74
  55621.21    -95.63   -208.29      6.73      6.73
  55624.27   -104.89   -203.82      6.73      6.73
  55628.21   -116.48   -197.48      6.72      6.72
  55631.27   -125.24   -192.08      6.72      6.72
  55636.21   -138.82   -182.57      6.71      6.71
  55638.27   -144.29   -178.32      6.71      6.71
  55642.21   -154.35   -169.74      6.71      6.71
  55643.23   -156.87   -167.43      6.71      6.71
  55644.25   -159.37   -165.07      6.71      6.71
  55645.27   -161.83   -162.67      6.70      6.70
  55649.21   -170.96   -153.11      6.70      6.70
  55650.23   -173.24   -150.54      6.70      6.70
  55652.27   -177.68   -145.31      6.70      6.70
  55656.21   -185.80   -134.85      6.69      6.69
  55657.23   -187.80   -132.06      6.69      6.69
  55659.27   -191.69   -126.41      6.69      6.69
  55663.21   -198.69   -115.17      6.68      6.68
  55665.25   -202.06   -109.19      6.68      6.68
  55666.27   -203.68   -106.16      6.68      6.68
  55670.21   -209.50    -94.27      6.68      6.68
  55671.27   -210.95    -91.00      6.68      6.68
  55678.21   -219.17    -69.16      6.67      6.67
  55680.27   -221.18    -62.52      6.67      6.67
  55684.21   -224.46    -49.68      6.66      6.66
  55685.23   -225.19    -46.32      6.66      6.66
  55687.27   -226.49    -39.57      6.66      6.66
  55691.21   -228.44    -26.46      6.65      6.65
  55694.27   -229.43    -16.19      6.65      6.65
  55698.21   -230.03     -2.95      6.65      6.65
  55701.27   -229.96      7.37      6.64      6.64
  55705.21   -229.20     20.61      6.64      6.64
  55706.23   -228.87     24.04      6.64      6.64
  55708.27   -228.08     30.87      6.63      6.63
  55713.21   -225.30     47.27      6.63      6.63
  55715.27   -223.79     54.07      6.63      6.63
  55719.21   -220.35     66.88      6.62      6.62
  55722.27   -217.16     76.71      6.62      6.62
  55727.21   -211.10     92.22      6.61      6.61
  55729.27   -208.24     98.56      6.61      6.61
  55733.21   -202.26    110.42      6.61      6.61
  55734.23   -200.59    113.43      6.61      6.61
  55736.27   -197.13    119.39      6.60      6.60
  55740.21   -189.96    130.57      6.60      6.60
  55741.23   -187.99    133.41      6.60      6.60
  55743.27   -183.95    138.98      6.60      6.60
  55747.00   -176.12    148.84      6.59      6.59
  55748.21   -173.46    151.94      6.59      6.59
  55750.27   -168.87    157.09      6.59      6.59
  55754.21   -159.71    166.51      6.58      6.58
  55755.23   -157.24    168.86      6.57      6.57
  55757.27   -152.21    173.47      6.57      6.57
  55761.21   -142.14    181.91      6.56      6.56
  55763.25   -136.73    186.07      6.55      6.55
  55764.27   -133.97    188.09      6.55      6.55
  55768.21   -123.09    195.48      6.54      6.54
  55771.27   -114.34    200.79      6.53      6.53
  55775.21   -102.75    207.05      6.52      6.52
  55776.23    -99.69    208.56      6.52      6.52
  55778.27    -93.50    211.46      6.52      6.52
  55782.21    -81.34    216.51      6.51      6.51
  55785.27    -71.68    219.96      6.50      6.50
  55790.21    -55.82    224.62      6.49      6.49
  55792.27    -49.11    226.22      6.48      6.48
  55796.21    -36.15    228.73      6.47      6.47
  55797.23    -32.77    229.26      6.47      6.47
  55799.27    -25.99    230.17      6.47      6.47
  55803.21    -12.84    231.36      6.46      6.46
  55806.27     -2.58    231.76      6.45      6.45
  55810.00      9.93    231.64      6.44      6.44
  55811.21     13.98    231.46      6.44      6.44
  55813.27     20.89    230.98      6.43      6.43
  55817.21     34.02    229.49      6.42      6.42
  55819.50     41.61    228.29      6.42      6.42
  55820.50     44.92    227.68      6.41      6.41
  55821.50     48.21    227.03      6.41      6.41
  55822.50     51.50    226.32      6.41      6.41
  55823.50     54.77    225.58      6.41      6.41
  55824.50     58.04    224.78      6.40      6.40
  55825.50     61.29    223.94      6.40      6.40
  55826.50     64.53    223.04      6.40      6.40
  55827.50     67.76    222.11      6.40      6.40
  55828.50     70.97    221.12      6.39      6.39
  55829.50     74.17    220.09      6.39      6.39
  55830.50     77.36    219.01      6.39      6.39
  55831.50     80.52    217.89      6.39      6.39
  55832.50     83.68    216.72      6.38      6.38
  55833.50     86.81    215.51      6.38      6.38
  55838.21    101.33    209.18      6.37      6.37
  55841.27    110.53    204.54      6.36      6.36
  55845.21    122.04    197.99      6.35      6.35
  55846.23    124.96    196.18      6.35      6.35
  55847.25    127.86    194.33      6.35      6.35
  55848.27    130.73    192.44      6.34      6.34
  55852.21    141.53    184.74      6.34      6.34
  55853.27    144.37    182.56      6.33      6.33
  55859.21    159.58    169.59      6.32      6.32
  55862.27    166.99    162.39      6.31      6.31
  55867.19    178.19    150.17      6.30      6.30
  55868.21    180.40    147.54      6.30      6.30
  55869.27    182.67    144.77      6.29      6.29
  55873.21    190.68    134.17      6.28      6.28
  55874.23    192.66    131.35      6.28      6.28
  55875.25    194.60    128.50      6.28      6.28
  55876.27    196.50    125.62      6.28      6.28
  55880.21    203.40    114.27      6.27      6.27
  55881.23    205.09    111.25      6.26      6.26
  55882.25    206.73    108.22      6.26      6.26
  55883.27    208.32    105.17      6.26      6.26
  55887.21    214.05     93.17      6.25      6.25
  55888.27    215.48     89.87      6.25      6.25
  55889.29    216.81     86.68      6.24      6.24
  55894.21    222.51     71.08      6.23      6.23
  55895.23    223.56     67.79      6.23      6.23
  55897.27    225.51     61.17      6.22      6.22
  55901.21    228.71     48.24      6.21      6.21
  55902.23    229.42     44.86      6.21      6.21
  55904.27    230.68     38.07      6.21      6.21
  55908.21    232.56     24.87      6.20      6.20
  55909.23    232.92     21.44      6.19      6.19
  55911.27    233.50     14.55      6.19      6.19
  55915.21    234.03      1.23      6.18      6.18
  55916.23    234.04     -2.24      6.18      6.18
  55917.27    234.00     -5.76      6.17      6.17
  55923.21    232.77    -25.84      6.16      6.16
  55925.27    231.94    -32.79      6.16      6.16
  55930.21    229.10    -49.29      6.14      6.14
  55932.27    227.41    -56.12      6.14      6.14
  55936.21    223.32    -68.98      6.14      6.14
  55939.27    219.64    -78.80      6.15      6.15
  55943.00    214.57    -90.50      6.15      6.15
  55944.21    212.79    -94.21      6.15      6.15
  55946.39    209.43   -100.84      6.15      6.15
  55950.21    203.03   -112.16      6.16      6.16
  55951.23    201.22   -115.13      6.16      6.16
  55953.27    197.46   -120.96      6.16      6.16
  55957.21    189.75   -131.86      6.16      6.16
  55960.27    183.33   -140.00      6.17      6.17
  55964.21    174.57   -150.01      6.17      6.17
  55966.25    169.82   -154.99      6.17      6.17
  55967.27    167.38   -157.43      6.17      6.17
  55971.21    157.69   -166.45      6.17      6.17
  55972.23    155.09   -168.70      6.18      6.18
  55973.25    152.46   -170.90      6.18      6.18
  55974.27    149.80   -173.07      6.18      6.18
  55979.21    136.53   -182.94      6.18      6.18
  55981.27    130.78   -186.77      6.18      6.18
  55985.21    119.53   -193.57      6.19      6.19
  55986.23    116.56   -195.22      6.19      6.19
  55987.25    113.57   -196.83      6.19      6.19
  55988.27    110.55   -198.39      6.19      6.19
  55992.21     98.70   -203.99      6.19      6.19
  55995.27     89.28   -207.86      6.20      6.20
  56000.21     73.82   -213.18      6.20      6.20
  56002.27     67.27   -215.06      6.20      6.20
  56006.21     54.64   -218.09      6.20      6.20
  56009.27     44.72   -219.94      6.21      6.21
  56013.21     31.89   -221.66      6.21      6.21
  56014.23     28.55   -221.98      6.21      6.21
  56015.25     25.21   -222.26      6.21      6.21
  56016.27     21.88   -222.48      6.21      6.21
  56020.21      8.98   -222.87      6.22      6.22
  56021.25      5.58   -222.85      6.22      6.22
  56022.27      2.24   -222.78      6.22      6.22
  56028.21    -17.08   -221.38      6.22      6.22
  56030.27    -23.73   -220.50      6.23      6.23
  56034.21    -36.32   -218.27      6.23      6.23
  56036.25    -42.79   -216.83      6.23      6.23
  56037.27    -46.00   -216.04      6.23      6.23
  56041.21    -58.25   -212.55      6.23      6.23
  56044.27    -67.61   -209.35      6.24      6.24
  56050.21    -85.26   -201.98      6.24      6.24
  56051.27    -88.33   -200.51      6.24      6.24
  56055.21    -99.53   -194.63      6.25      6.25
  56056.23   -102.38   -193.00      6.25      6.25
  56057.25   -105.18   -191.34      6.25      6.25
  56058.27   -107.96   -189.63      6.25      6.25
  56062.21   -118.46   -182.67      6.25      6.25
  56065.27   -126.31   -176.85      6.26      6.26
  56069.21   -135.99   -168.88      6.26      6.26
  56072.27   -143.17   -162.31      6.26      6.26
  56077.21   -154.09   -151.09      6.27      6.27
  56078.25   -156.28   -148.63      6.27      6.27
  56079.27   -158.39   -146.19      6.27      6.27
  56084.21   -168.06   -133.96      6.27      6.27
  56086.27   -171.82   -128.66      6.27      6.27
  56091.21   -180.15   -115.56      6.28      6.28
  56093.27   -183.33   -109.93      6.28      6.28
  56097.21   -188.93    -98.94      6.28      6.28
  56098.25   -190.30    -95.98      6.28      6.28
  56100.27   -192.83    -90.19      6.29      6.29
  56104.21   -197.24    -78.73      6.29      6.29
  56106.25   -199.27    -72.70      6.29      6.29
  56107.27   -200.21    -69.66      6.29      6.29
  56111.21   -203.42    -57.86      6.29      6.29
  56112.23   -204.13    -54.79      6.30      6.30
  56114.27   -205.47    -48.60      6.30      6.30
  56118.21   -207.81    -36.69      6.30      6.30
  56119.23   -208.31    -33.58      6.29      6.29
  56121.27   -209.16    -27.35      6.29      6.29
  56125.21   -210.28    -15.28      6.29      6.29
  56128.27   -210.67     -5.85      6.29      6.29
  56132.21   -210.54      6.26      6.29      6.29
  56133.23   -210.40      9.40      6.29      6.29
  56135.27   -209.97     15.67      6.29      6.29
  56139.21   -208.61     27.69      6.29      6.29
  56142.27   -207.08     36.98      6.28      6.28
  56146.21   -204.51     48.80      6.28      6.28
  56148.25   -202.91     54.85      6.28      6.28
  56149.27   -202.04     57.87      6.28      6.28
  56153.21   -198.28     69.35      6.28      6.28
  56156.27   -194.90     78.12      6.28      6.28
  56160.21   -189.99     89.14      6.28      6.28
  56162.25   -187.19     94.74      6.28      6.28
  56163.27   -185.73     97.51      6.28      6.28
  56167.21   -179.73    107.96      6.27      6.27
  56168.23   -178.08    110.62      6.27      6.27
  56170.27   -174.65    115.85      6.27      6.27
  56174.00   -168.00    125.12      6.27      6.27
  56175.21   -165.74    128.05      6.27      6.27
  56177.27   -161.76    132.95      6.27      6.27
  56181.21   -153.78    141.95      6.27      6.27
  56182.23   -151.62    144.21      6.27      6.27
  56183.25   -149.44    146.43      6.27      6.27
  56184.27   -147.22    148.62      6.27      6.27
  56188.21   -138.36    156.76      6.26      6.26
  56191.27   -131.16    162.72      6.26      6.26
  56195.21   -121.52    169.90      6.26      6.26
  56196.23   -118.96    171.67      6.26      6.26
  56198.27   -113.75    175.10      6.26      6.26
  56202.21   -103.45    181.25      6.26      6.26
  56203.23   -100.73    182.74      6.26      6.26
  56204.25    -97.97    184.20      6.26      6.26
  56205.27    -95.20    185.62      6.26      6.26
  56210.19    -81.59    191.84      6.26      6.26
  56211.21    -78.71    193.01      6.25      6.25
  56212.27    -75.69    194.18      6.25      6.25
  56216.21    -64.37    198.11      6.25      6.25
  56217.23    -61.40    199.02      6.25      6.25
  56219.27    -55.42    200.71      6.25      6.25
  56223.21    -43.77    203.45      6.25      6.25
  56226.27    -34.61    205.12      6.25      6.25
  56230.21    -22.76    206.67      6.25      6.25
  56233.27    -13.49    207.39      6.25      6.25
  56237.21     -1.55    207.71      6.24      6.24
  56238.23      1.55    207.69      6.24      6.24
  56239.25      4.65    207.61      6.24      6.24
  56240.27      7.74    207.49      6.24      6.24
  56244.21     19.65    206.59      6.24      6.24
  56245.23     22.72    206.25      6.24      6.24
  56246.25     25.79    205.86      6.24      6.24
  56247.27     28.86    205.42      6.24      6.24
  56251.21     40.59    203.32      6.24      6.24
  56252.27     43.73    202.64      6.24      6.24
  56254.00     48.83    201.42      6.24      6.24
  56258.21     61.07    197.93      6.23      6.23
  56259.23     64.01    196.97      6.23      6.23
  56261.27     69.84    194.92      6.23      6.23
  56265.21     80.88    190.48      6.23      6.23
  56267.25     86.50    187.93      6.23      6.23
  56268.27     89.28    186.60      6.23      6.23
  56272.21     99.81    181.06      6.23      6.23
  56273.23    102.48    179.53      6.23      6.23
  56275.27    107.76    176.35      6.23      6.23
  56280.21    120.10    168.01      6.22      6.22
  56282.27    125.08    164.27      6.22      6.22
  56288.21    138.72    152.70      6.22      6.22
  56289.27    141.06    150.50      6.22      6.22
  56295.21    153.44    137.61      6.22      6.22
  56296.27    155.54    135.19      6.22      6.22
  56300.21    162.96    125.91      6.22      6.22
  56302.25    166.60    120.94      6.22      6.22
  56303.27    168.36    118.41      6.22      6.22
  56308.21    176.33    105.83      6.22      6.22
  56310.27    179.39    100.41      6.22      6.22
  56314.00    184.49     90.41      6.22      6.22
  56315.21    186.02     87.10      6.22      6.22
  56317.27    188.50     81.41      6.22      6.22
  56321.21    192.75     70.35      6.22      6.22
  56322.23    193.75     67.45      6.22      6.22
  56324.27    195.61     61.59      6.22      6.22
  56328.21    198.70     50.17      6.22      6.22
  56331.27    200.65     41.18      6.21      6.21
  56335.19    202.54     29.58      6.21      6.21
  56336.21    202.93     26.54      6.21      6.21
  56337.23    203.27     23.50      6.21      6.21
  56338.27    203.57     20.38      6.21      6.21
  56342.21    204.26      8.60      6.21      6.21
  56343.23    204.33      5.54      6.21      6.21
  56344.26    204.35      2.44      6.21      6.21
  56345.27    204.33     -0.58      6.21      6.21
  56349.21    203.82    -12.36      6.21      6.21
  56352.27    202.95    -21.49      6.21      6.21
  56356.21    201.23    -33.13      6.21      6.21
  56359.27    199.44    -42.11      6.21      6.21
  56364.21    195.70    -56.38      6.21      6.21
  56366.27    193.83    -62.25      6.21      6.21
  56370.21    189.79    -73.28      6.21      6.21
  56372.25    187.44    -78.90      6.21      6.21
  56373.27    186.21    -81.68      6.21      6.21
  56377.21    181.06    -92.22      6.21      6.21
  56378.27    179.57    -95.02      6.21      6.21
  56385.21    168.79   -112.62      6.21      6.21
  56387.27    165.24   -117.63      6.21      6.21
  56391.21    158.07   -126.88      6.21      6.21
  56392.23    156.13   -129.21      6.21      6.21
  56393.25    154.15   -131.51      6.21      6.21
  56394.27    152.13   -133.78      6.21      6.21
  56399.21    141.94   -144.31      6.21      6.21
  56400.25    139.69   -146.43      6.21      6.21
  56401.27    137.46   -148.48      6.21      6.21
  56405.21    128.57   -156.05      6.21      6.21
  56406.23    126.20   -157.93      6.21      6.21
  56408.27    121.37   -161.58      6.21      6.21
  56412.21    111.77   -168.20      6.21      6.21
  56415.27    104.05   -172.95      6.21      6.21
  56419.00     94.38   -178.27      6.21      6.21
  56420.21     91.19   -179.87      6.21      6.21
  56422.28     85.66   -182.49      6.21      6.21
  56426.21     74.95   -186.99      6.21      6.21
  56427.23     72.13   -188.06      6.21      6.21
  56429.27     66.44   -190.06      6.21      6.21
  56433.19     55.39   -193.43      6.21      6.21
  56434.21     52.47   -194.20      6.21      6.21
  56436.27     46.56   -195.63      6.21      6.21
  56439.54     37.11   -197.52      6.21      6.21
  56441.21     32.26   -198.31      6.21      6.21
  56443.27     26.24   -199.12      6.21      6.21
  56447.21     14.69   -200.16      6.21      6.21
  56450.27      5.69   -200.51      6.21      6.21
  56454.21     -5.88   -200.37      6.20      6.20
  56457.27    -14.87   -199.79      6.20      6.20
  56461.21    -26.35   -198.46      6.20      6.20
  56463.25    -32.27   -197.51      6.20      6.20
  56464.27    -35.22   -196.97      6.20      6.20
  56468.21    -46.49   -194.48      6.20      6.20
  56469.23    -49.39   -193.72      6.20      6.20
  56470.25    -52.28   -192.93      6.20      6.20
  56471.27    -55.15   -192.09      6.20      6.20
  56475.21    -66.09   -188.45      6.20      6.20
  56476.27    -69.01   -187.36      6.20      6.20
  56477.79    -73.15   -185.73      6.20      6.20
  56478.00    -73.72   -185.50      6.20      6.20
  56482.21    -85.18   -180.52      6.20      6.20
  56485.27    -93.38   -176.47      6.20      6.20
  56490.21   -106.18   -169.15      6.19      6.19
  56492.27   -111.37   -165.81      6.19      6.19
  56496.21   -120.97   -159.01      6.18      6.18
  56497.23   -123.39   -157.16      6.18      6.18
  56498.25   -125.79   -155.27      6.18      6.18
  56499.27   -128.16   -153.34      6.18      6.18
  56503.21   -137.01   -145.56      6.18      6.18
  56504.23   -139.22   -143.46      6.18      6.18
  56506.27   -143.55   -139.17      6.17      6.17
  56510.21   -151.54   -130.51      6.17      6.17
  56511.79   -154.59   -126.91      6.17      6.17
  56513.27   -157.39   -123.46      6.17      6.17
  56517.21   -164.43   -114.01      6.16      6.16
  56518.27   -166.23   -111.39      6.16      6.16
  56524.21   -175.53    -96.25      6.15      6.15
  56524.23   -175.57    -96.19      6.15      6.15
  56525.23   -177.00    -93.56      6.15      6.15
  56526.25   -178.42    -90.86      6.15      6.15
  56527.27   -179.80    -88.13      6.15      6.15
  56531.21   -184.73    -77.42      6.15      6.15
  56533.25   -187.04    -71.74      6.14      6.14
  56534.27   -188.12    -68.89      6.14      6.14
  56538.00   -191.72    -58.31      6.14      6.14
  56538.19   -191.89    -57.76      6.14      6.14
  56539.21   -192.76    -54.84      6.14      6.14
  56541.27   -194.39    -48.87      6.13      6.13
  56545.21   -196.99    -37.35      6.13      6.13
  56547.25   -198.07    -31.33      6.13      6.13
  56548.27   -198.54    -28.30      6.13      6.13
  56551.79   -199.80    -17.81      6.12      6.12
  56553.21   -200.16    -13.58      6.12      6.12
  56555.27   -200.51     -7.40      6.12      6.12
  56560.21   -200.59      7.42      6.11      6.11
  56561.25   -200.46     10.54      6.11      6.11
  56562.27   -200.29     13.61      6.11      6.11
  56565.79   -199.35     24.14      6.11      6.11
  56566.21   -199.21     25.38      6.11      6.11
  56567.23   -198.81     28.42      6.11      6.11
  56568.25   -198.37     31.46      6.11      6.11
  56569.27   -197.88     34.48      6.10      6.10
  56573.21   -195.57     46.08      6.10      6.10
  56574.23   -194.86     49.07      6.10      6.10
  56576.27   -193.30     54.99      6.10      6.10
  56579.79   -190.19     65.12      6.09      6.09
  56581.21   -188.79     69.14      6.09      6.09
  56583.27   -186.60     74.95      6.09      6.09
  56587.21   -181.92     85.82      6.08      6.08
  56588.79   -179.86     90.12      6.08      6.08
  56590.27   -177.84     94.09      6.08      6.08
  56594.21   -172.05    104.42      6.08      6.08
  56596.27   -168.78    109.70      6.07      6.07
  56600.79   -161.04    120.89      6.07      6.07
  56602.21   -158.46    124.29      6.07      6.07
  56603.25   -156.51    126.76      6.07      6.07
  56604.27   -154.57    129.14      6.07      6.07
  56608.19   -146.80    138.01      6.06      6.06
  56609.21   -144.69    140.25      6.06      6.06
  56610.23   -142.54    142.46      6.06      6.06
  56611.27   -140.31    144.67      6.06      6.06
  56615.21   -131.60    152.73      6.05      6.05
  56616.23   -129.27    154.73      6.05      6.05
  56617.25   -126.90    156.70      6.05      6.05
  56617.25   -126.90    156.70      6.05      6.05
  56618.27   -124.50    158.64      6.05      6.05
  56622.21   -114.99    165.74      6.05      6.05
  56623.27   -112.35    167.56      6.05      6.05
  56624.29   -109.79    169.27      6.04      6.04
  56625.33   -107.15    170.97      6.04      6.04
  56626.29   -104.71    172.50      6.04      6.04
  56627.28   -102.13    174.06      6.04      6.04
  56628.22    -99.68    175.49      6.04      6.04
  56629.21    -97.10    176.95      6.04      6.04
  56630.23    -94.39    178.43      6.04      6.04
  56631.27    -91.60    179.89      6.04      6.04
  56632.27    -88.92    181.25      6.04      6.04
  56632.27    -88.92    181.26      6.04      6.04
  56633.27    -86.21    182.58      6.03      6.03
  56634.26    -83.49    183.86      6.03      6.03
  56635.26    -80.74    185.10      6.03      6.03
  56636.21    -78.12    186.24      6.03      6.03
  56636.26    -77.99    186.30      6.03      6.03
  56637.25    -75.20    187.45      6.03      6.03
  56638.25    -72.41    188.57      6.03      6.03
  56638.25    -72.41    188.57      6.03      6.03
  56639.27    -69.53    189.67      6.03      6.03
  56640.27    -66.70    190.70      6.03      6.03
  56641.24    -63.92    191.67      6.03      6.03
  56642.21    -61.16    192.58      6.02      6.02
  56643.21    -58.27    193.50      6.02      6.02
  56644.23    -55.32    194.38      6.02      6.02
  56645.25    -52.35    195.22      6.02      6.02
  56646.27    -49.36    196.01      6.02      6.02
  56650.21    -37.76    198.64      6.02      6.02
  56653.27    -28.63    200.22      6.01      6.01
  56657.21    -16.81    201.62      6.01      6.01
  56660.27     -7.57    202.24      6.00      6.00
  56664.21      4.10    202.48      6.00      6.00
  56666.25     10.07    202.37      6.00      6.00
  56667.27     13.06    202.24      6.00      6.00
  56671.21     24.57    201.36      5.99      5.99
  56674.27     33.47    200.22      5.99      5.99
  56677.79     43.66    198.42      5.98      5.98
  56678.00     44.25    198.29      5.98      5.98
  56679.21     47.72    197.55      5.98      5.98
  56681.27     53.61    196.13      5.98      5.98
  56686.21     67.54    192.03      5.97      5.97
  56687.25     70.44    191.04      5.97      5.97
  56688.27     73.26    190.02      5.97      5.97
  56692.21     84.03    185.72      5.96      5.96
  56693.79     88.29    183.81      5.96      5.96
  56695.27     92.23    181.95      5.96      5.96
  56699.21    102.52    176.57      5.95      5.95
  56701.25    107.74    173.55      5.95      5.95
  56702.27    110.30    171.99      5.95      5.95
  56706.21    120.03    165.58      5.94      5.94
  56707.23    122.49    163.83      5.94      5.94
  56708.25    124.92    162.04      5.94      5.94
  56709.27    127.33    160.22      5.94      5.94
  56713.21    136.35    152.86      5.93      5.93
  56714.23    138.63    150.86      5.93      5.93
  56715.25    140.88    148.84      5.93      5.93
  56716.27    143.08    146.78      5.93      5.93
  56720.21    151.34    138.53      5.92      5.92
  56721.23    153.41    136.31      5.92      5.92
  56723.27    157.44    131.79      5.92      5.92
  56728.21    166.62    120.36      5.91      5.91
  56729.23    168.42    117.91      5.91      5.91
  56730.27    170.22    115.39      5.91      5.91
  56734.21    176.67    105.62      5.91      5.91
  56735.79    179.10    101.59      5.90      5.90
  56737.27    181.30     97.77      5.90      5.90
  56741.21    186.73     87.38      5.90      5.90
  56743.25    189.32     81.86      5.89      5.89
  56744.27    190.55     79.08      5.89      5.89
  56748.21    194.92     68.18      5.89      5.89
  56749.23    195.95     65.31      5.89      5.89
  56749.79    196.50     63.72      5.89      5.89
  56750.27    196.96     62.36      5.88      5.88
  56751.27    197.89     59.52      5.88      5.88
  56755.21    201.13     48.21      5.88      5.88
  56756.23    201.87     45.25      5.88      5.88
  56757.25    202.56     42.27      5.88      5.88
  56758.27    203.21     39.29      5.87      5.87
  56762.21    205.30     27.69      5.87      5.87
  56763.27    205.76     24.54      5.87      5.87
  56770.21    207.51      3.82      5.86      5.86
  56771.25    207.59      0.69      5.86      5.86
  56772.27    207.63     -2.38      5.86      5.86
  56776.21    207.35    -14.19      5.85      5.85
  56777.27    207.15    -17.38      5.85      5.85
  56778.79    206.79    -21.94      5.85      5.85
  56783.50    205.04    -35.99      5.84      5.84
  56784.50    204.55    -38.96      5.84      5.84
  56785.50    204.01    -41.92      5.84      5.84
  56786.50    203.43    -44.88      5.84      5.84
  56787.50    202.81    -47.83      5.83      5.83
  56788.50    202.14    -50.77      5.83      5.83
  56789.50    201.43    -53.70      5.83      5.83
  56790.50    200.68    -56.62      5.83      5.83
  56791.50    199.89    -59.52      5.83      5.83
  56792.50    199.05    -62.42      5.83      5.83
  56793.50    198.17    -65.31      5.83      5.83
  56794.50    197.25    -68.18      5.83      5.83
  56795.50    196.29    -71.04      5.82      5.82
  56796.50    195.29    -73.89      5.82      5.82
  56797.50    194.24    -76.73      5.82      5.82
  56800.27    191.13    -84.50      5.82      5.82
  56803.79    186.73    -94.19      5.81      5.81
  56805.21    184.83    -98.02      5.81      5.81
  56807.27    181.91   -103.55      5.81      5.81
  56811.21    175.88   -113.83      5.80      5.80
  56812.79    173.29   -117.87      5.80      5.80
  56814.27    170.79   -121.59      5.80      5.80
  56819.21    161.86   -133.62      5.79      5.79
  56820.25    159.86   -136.07      5.79      5.79
  56821.27    157.87   -138.45      5.79      5.79
  56826.21    147.76   -149.53      5.78      5.78
  56828.27    143.30   -153.94      5.78      5.78
  56832.21    134.43   -161.99      5.77      5.77
  56833.23    132.06   -163.99      5.77      5.77
  56834.25    129.65   -165.97      5.77      5.77
  56834.79    128.36   -167.00      5.77      5.77
  56835.27    127.21   -167.90      5.77      5.77
  56838.79    118.60   -174.30      5.77      5.77
  56839.21    117.56   -175.02      5.77      5.77
  56840.25    114.93   -176.82      5.76      5.76
  56841.27    112.34   -178.54      5.76      5.76
  56842.29    109.72   -180.22      5.76      5.76
  56846.21     99.31   -186.23      5.76      5.76
  56848.25     93.68   -189.09      5.75      5.75
  56849.27     90.84   -190.45      5.75      5.75
  56850.50     87.39   -192.03      5.75      5.75
  56851.50     84.56   -193.28      5.75      5.75
  56853.21     79.69   -195.30      5.75      5.75
  56856.27     70.84   -198.63      5.75      5.75
  56857.50     67.24   -199.85      5.74      5.74
  56858.50     64.30   -200.80      5.74      5.74
  56860.21     59.25   -202.31      5.74      5.74
  56863.28     50.10   -204.72      5.74      5.74
  56867.21     38.22   -207.19      5.73      5.73
  56870.27     28.89   -208.65      5.73      5.73
  56874.21     16.81   -209.89      5.72      5.72
  56875.79     11.94   -210.20      5.72      5.72
  56877.27      7.38   -210.38      5.72      5.72
  56878.50      3.60   -210.46      5.72      5.72
  56879.50      0.51   -210.47      5.72      5.72
  56880.79     -3.47   -210.42      5.72      5.72
  56881.21     -4.75   -210.39      5.72      5.72
  56884.27    -14.17   -209.91      5.71      5.71
  56885.50    -17.94   -209.60      5.71      5.71
  56886.50    -21.01   -209.30      5.71      5.71
  56888.21    -26.23   -208.68      5.71      5.71
  56890.25    -32.45   -207.77      5.71      5.71
  56890.79    -34.10   -207.49      5.71      5.71
  56891.27    -35.55   -207.24      5.71      5.71
  56895.21    -47.42   -204.78      5.70      5.70
  56896.23    -50.47   -204.03      5.70      5.70
  56898.27    -56.53   -202.40      5.70      5.70
  56899.50    -60.16   -201.33      5.70      5.70
  56900.50    -63.10   -200.41      5.70      5.70
  56901.79    -66.87   -199.16      5.69      5.69
  56902.00    -67.47   -198.95      5.69      5.69
  56903.21    -70.98   -197.71      5.69      5.69
  56904.25    -73.98   -196.58      5.69      5.69
  56904.66    -75.17   -196.12      5.69      5.69
  56905.27    -76.90   -195.44      5.69      5.69
  56905.66    -78.01   -194.99      5.69      5.69
  56906.66    -80.85   -193.81      5.69      5.69
  56907.65    -83.66   -192.60      5.69      5.69
  56909.21    -88.00   -190.62      5.69      5.69
  56910.23    -90.83   -189.27      5.68      5.68
  56911.64    -94.73   -187.32      5.68      5.68
  56912.27    -96.44   -186.44      5.68      5.68
  56912.64    -97.45   -185.90      5.68      5.68
  56913.64   -100.14   -184.45      5.68      5.68
  56914.64   -102.81   -182.95      5.68      5.68
  56916.21   -106.98   -180.51      5.68      5.68
  56917.63   -110.70   -178.23      5.68      5.68
  56918.62   -113.28   -176.58      5.67      5.67
  56919.27   -114.94   -175.49      5.67      5.67
  56919.61   -115.79   -174.92      5.67      5.67
  56920.62   -118.37   -173.16      5.67      5.67
  56921.62   -120.87   -171.40      5.67      5.67
  56923.21   -124.82   -168.52      5.67      5.67
  56924.79   -128.67   -165.56      5.67      5.67
  56926.27   -132.21   -162.72      5.67      5.67
  56930.21   -141.32   -154.78      5.66      5.66
  56931.23   -143.61   -152.63      5.66      5.66
  56932.27   -145.91   -150.41      5.66      5.66
  56934.50   -150.70   -145.55      5.66      5.66
  56935.50   -152.81   -143.31      5.66      5.66
  56936.79   -155.48   -140.38      5.65      5.65
  56937.21   -156.32   -139.42      5.65      5.65
  56939.25   -160.40   -134.66      5.65      5.65
  56940.27   -162.38   -132.23      5.65      5.65
  56941.50   -164.71   -129.29      5.65      5.65
  56942.50   -166.58   -126.84      5.65      5.65
  56944.21   -169.67   -122.63      5.65      5.65
  56945.23   -171.47   -120.06      5.64      5.64
  56945.79   -172.44   -118.64      5.64      5.64
  56947.27   -174.95   -114.87      5.64      5.64
  56948.50   -176.97   -111.69      5.64      5.64
  56950.17   -179.62   -107.32      5.64      5.64
  56951.21   -181.22   -104.56      5.64      5.64
  56952.27   -182.81   -101.72      5.64      5.64
  56958.21   -190.85    -85.42      5.63      5.63
  56959.23   -192.09    -82.55      5.63      5.63
  56961.27   -194.44    -76.76      5.63      5.63
  56962.50   -195.77    -73.24      5.62      5.62
  56963.50   -196.81    -70.36      5.62      5.62
  56965.21   -198.48    -65.41      5.62      5.62
  56967.25   -200.31    -59.43      5.62      5.62
  56968.27   -201.16    -56.43      5.62      5.62
  56971.79   -203.74    -45.97      5.61      5.61
  56972.21   -204.01    -44.73      5.61      5.61
  56973.23   -204.64    -41.68      5.61      5.61
  56974.25   -205.22    -38.61      5.61      5.61
  56975.27   -205.76    -35.53      5.61      5.61
  56976.50   -206.34    -31.83      5.61      5.61
  56977.50   -206.77    -28.79      5.61      5.61
  56979.21   -207.39    -23.61      5.61      5.61
  56980.23   -207.70    -20.50      5.60      5.60
  56981.25   -207.97    -17.40      5.60      5.60
  56982.27   -208.19    -14.28      5.60      5.60
  56983.50   -208.39    -10.54      5.60      5.60
  56984.50   -208.50     -7.48      5.60      5.60
  56986.17   -208.60     -2.39      5.60      5.60
  56986.21   -208.60     -2.27      5.60      5.60
  56987.27   -208.59      0.98      5.60      5.60
  56989.00   -208.47      6.25      5.59      5.59
  56989.17   -208.45      6.76      5.59      5.59
  56990.50   -208.25     10.84      5.59      5.59
  56991.50   -208.05     13.89      5.59      5.59
  56993.21   -207.61     19.08      5.59      5.59
  56995.25   -206.91     25.27      5.59      5.59
  56996.27   -206.50     28.36      5.59      5.59
  56997.50   -205.93     32.06      5.59      5.59
  56998.50   -205.42     35.08      5.58      5.58
  57000.19   -204.46     40.13      5.58      5.58
  57001.21   -203.82     43.18      5.58      5.58
  57001.21   -203.82     43.19      5.58      5.58
  57002.23   -203.14     46.22      5.58      5.58
  57003.27   -202.39     49.31      5.58      5.58
  57004.50   -201.45     52.93      5.58      5.58
  57005.50   -200.64     55.88      5.58      5.58
  57006.79   -199.52     59.65      5.57      5.57
  57007.21   -199.15     60.87      5.57      5.57
  57008.79   -197.65     65.47      5.57      5.57
  57009.25   -197.21     66.78      5.57      5.57
  57010.27   -196.17     69.71      5.57      5.57
  57011.61   -194.74     73.54      5.57      5.57
  57012.50   -193.75     76.07      5.57      5.57
  57014.21   -191.76     80.88      5.57      5.57
  57015.27   -190.46     83.84      5.57      5.57
  57021.21   -182.37    100.01      5.56      5.56
  57022.27   -180.78    102.82      5.56      5.56
  57028.21   -171.11    118.14      5.55      5.55
  57031.27   -165.64    125.81      5.55      5.55
  57032.29   -163.74    128.32      5.55      5.55
  57036.21   -156.11    137.64      5.56      5.56
  57037.25   -153.99    140.05      5.56      5.56
  57038.27   -151.88    142.38      5.56      5.56
  57039.50   -149.29    145.13      5.56      5.56
  57040.50   -147.14    147.35      5.56      5.56
  57042.00   -143.87    150.60      5.56      5.56
  57043.21   -141.17    153.17      5.56      5.56
  57045.27   -136.47    157.44      5.56      5.56
  57046.50   -133.61    159.92      5.56      5.56
  57047.50   -131.24    161.90      5.56      5.56
  57049.21   -127.14    165.20      5.56      5.56
  57050.23   -124.64    167.12      5.56      5.56
  57051.25   -122.12    169.00      5.56      5.56
  57052.27   -119.58    170.84      5.56      5.56
  57056.21   -109.48    177.60      5.56      5.56
  57057.23   -106.80    179.25      5.56      5.56
  57057.23   -106.79    179.26      5.56      5.56
  57058.25   -104.10    180.87      5.56      5.56
  57059.27   -101.36    182.44      5.56      5.56
  57060.29    -98.61    183.97      5.57      5.57
  57061.29    -95.89    185.44      5.57      5.57
  57062.23    -93.32    186.77      5.57      5.57
  57063.21    -90.62    188.12      5.57      5.57
  57064.23    -87.78    189.49      5.57      5.57
  57065.25    -84.92    190.82      5.57      5.57
  57066.27    -82.03    192.10      5.57      5.57
  57067.29    -79.14    193.34      5.57      5.57
  57068.29    -76.28    194.51      5.57      5.57
  57069.23    -73.58    195.58      5.57      5.57
  57070.21    -70.75    196.64      5.57      5.57
  57071.23    -67.79    197.71      5.57      5.57
  57072.25    -64.80    198.74      5.57      5.57
  57073.27    -61.80    199.72      5.57      5.57
  57074.29    -58.79    200.65      5.57      5.57
  57075.29    -55.82    201.53      5.57      5.57
  57076.40    -52.53    202.44      5.57      5.57
  57077.21    -50.10    203.08      5.57      5.57
  57078.23    -47.04    203.83      5.57      5.57
  57079.23    -44.02    204.53      5.57      5.57
  57080.27    -40.86    205.21      5.57      5.57
  57081.29    -37.77    205.83      5.57      5.57
  57082.29    -34.73    206.39      5.57      5.57
  57085.21    -25.81    207.77      5.57      5.57
  57087.27    -19.46    208.51      5.58      5.58
  57091.21     -7.30    209.39      5.58      5.58
  57092.23     -4.13    209.50      5.58      5.58
  57093.25     -0.97    209.57      5.58      5.58
  57094.27      2.19    209.59      5.58      5.58
  57095.50      5.99    209.54      5.58      5.58
  57096.50      9.10    209.46      5.58      5.58
  57098.21     14.39    209.20      5.58      5.58
  57101.27     23.85    208.42      5.58      5.58
  57102.50     27.64    207.98      5.58      5.58
  57103.50     30.72    207.57      5.58      5.58
  57105.21     35.95    206.77      5.58      5.58
  57107.25     42.19    205.65      5.58      5.58
  57108.27     45.30    205.01      5.58      5.58
  57109.50     49.02    204.19      5.58      5.58
  57110.50     52.04    203.46      5.59      5.59
  57112.21     57.17    202.13      5.59      5.59
  57113.23     60.22    201.27      5.59      5.59
  57113.23     60.23    201.26      5.59      5.59
  57114.27     63.33    200.34      5.59      5.59
  57120.21     80.71    194.16      5.59      5.59
  57121.25     83.70    192.91      5.59      5.59
  57122.27     86.61    191.65      5.59      5.59
  57123.50     90.09    190.08      5.59      5.59
  57124.50     92.91    188.75      5.59      5.59
  57126.21     97.66    186.38      5.59      5.59
  57129.27    106.04    181.84      5.59      5.59
  57130.50    109.34    179.91      5.59      5.59
  57131.50    112.00    178.29      5.59      5.59
  57133.21    116.49    175.44      5.59      5.59
  57135.25    121.77    171.89      5.59      5.59
  57136.27    124.37    170.05      5.60      5.60
  57137.50    127.45    167.79      5.60      5.60
  57138.50    129.93    165.91      5.60      5.60
  57140.21    134.11    162.61      5.60      5.60
  57142.27    139.04    158.48      5.60      5.60
  57143.29    141.43    156.39      5.60      5.60
  57147.21    150.32    148.01      5.60      5.60
  57148.23    152.56    145.74      5.60      5.60
  57148.23    152.56    145.74      5.60      5.60
  57149.25    154.76    143.44      5.60      5.60
  57150.27    156.92    141.11      5.60      5.60
  57151.50    159.48    138.26      5.60      5.60
  57152.50    161.53    135.90      5.60      5.60
  57154.21    164.95    131.80      5.60      5.60
  57155.22    166.93    129.33      5.60      5.60
  57156.25    168.89    126.80      5.60      5.60
  57157.27    170.81    124.25      5.60      5.60
  57158.50    173.06    121.14      5.60      5.60
  57159.50    174.87    118.57      5.60      5.60
  57161.21    177.83    114.16      5.61      5.61
  57162.23    179.56    111.47      5.61      5.61
  57163.25    181.25    108.76      5.61      5.61
  57164.27    182.89    106.03      5.61      5.61
  57169.21    190.25     92.47      5.61      5.61
  57171.27    193.03     86.65      5.61      5.61
  57173.50    195.83     80.26      5.61      5.61
  57175.21    197.84     75.31      5.61      5.61
  57176.23    198.98     72.32      5.61      5.61
  57177.23    200.05     69.38      5.61      5.61
  57178.27    201.12     66.30      5.61      5.61
  57179.29    202.12     63.27      5.61      5.61
  57180.29    203.06     60.28      5.61      5.61
  57183.21    205.54     51.49      5.61      5.61
  57184.23    206.32     48.39      5.61      5.61
  57185.27    207.07     45.21      5.61      5.61
  57186.29    207.75     42.09      5.61      5.61
  57187.29    208.38     39.01      5.62      5.62
  57189.21    209.45     33.11      5.62      5.62
  57190.25    209.96     29.88      5.62      5.62
  57191.12    210.35     27.16      5.62      5.62
  57192.27    210.81     23.60      5.62      5.62
  57193.29    211.17     20.43      5.62      5.62
  57194.29    211.48     17.30      5.62      5.62
  57195.23    211.72     14.36      5.62      5.62
  57196.21    211.93     11.30      5.62      5.62
  57197.23    212.11      8.11      5.62      5.62
  57198.23    212.23      4.97      5.62      5.62
  57198.25    212.23      4.90      5.62      5.62
  57199.27    212.31      1.70      5.62      5.62
  57201.50    212.31     -5.30      5.62      5.62
  57203.21    212.15    -10.66      5.62      5.62
  57204.36    211.97    -14.28      5.62      5.62
  57205.27    211.78    -17.13      5.62      5.62
  57210.21    210.07    -32.51      5.62      5.62
  57213.27    208.34    -41.83      5.62      5.62
  57217.21    205.52    -53.67      5.62      5.62
  57218.23    204.67    -56.71      5.62      5.62
  57219.25    203.79    -59.74      5.62      5.62
  57220.27    202.85    -62.75      5.62      5.62
  57224.21    198.84    -74.24      5.62      5.62
  57227.27    195.27    -83.00      5.62      5.62
  57231.21    190.11    -94.00      5.61      5.61
  57234.27    185.67   -102.34      5.61      5.61
  57238.00    179.77   -112.22      5.61      5.61
  57239.21    177.75   -115.35      5.61      5.61
  57241.27    174.16   -120.61      5.61      5.61
  57246.21    164.96   -132.73      5.61      5.61
  57247.23    162.95   -135.15      5.61      5.61
  57248.27    160.87   -137.59      5.60      5.60
  57252.21    152.66   -146.52      5.60      5.60
  57255.27    145.93   -153.12      5.60      5.60
  57259.21    136.86   -161.16      5.60      5.60
  57260.23    134.44   -163.15      5.60      5.60
  57261.25    131.98   -165.12      5.60      5.60
  57262.27    129.50   -167.04      5.60      5.60
  57266.21    119.66   -174.11      5.60      5.60
  57267.23    117.05   -175.85      5.60      5.60
  57269.27    111.75   -179.21      5.59      5.59
  57273.00    101.82   -184.93      5.59      5.59
  57274.21     98.54   -186.67      5.59      5.59
  57275.23     95.74   -188.09      5.59      5.59
  57276.27     92.87   -189.50      5.59      5.59
  57280.21     81.83   -194.42      5.59      5.59
  57283.27     73.07   -197.81      5.59      5.59
  57287.21     61.59   -201.58      5.59      5.59
  57288.23     58.57   -202.45      5.58      5.58
  57290.27     52.52   -204.05      5.58      5.58
  57291.50     48.85   -204.93      5.58      5.58
  57294.21     40.73   -206.64      5.58      5.58
  57297.27     31.47   -208.18      5.58      5.58
  57301.21     19.49   -209.55      5.58      5.58
  57302.23     16.37   -209.79      5.58      5.58
  57303.25     13.25   -209.99      5.58      5.58
  57304.24     10.22   -210.13      5.58      5.58
  57307.79     -0.66   -210.30      5.58      5.58
  57309.21     -4.99   -210.21      5.57      5.57
  57311.27    -11.29   -209.91      5.57      5.57
  57315.21    -23.28   -208.83      5.57      5.57
  57318.27    -32.55   -207.52      5.57      5.57
  57322.21    -44.37   -205.22      5.57      5.57
  57325.27    -53.45   -202.97      5.57      5.57
  57330.21    -67.85   -198.50      5.56      5.56
  57332.27    -73.76   -196.33      5.56      5.56
  57336.21    -84.85   -191.70      5.56      5.56
  57337.23    -87.67   -190.40      5.56      5.56
  57338.25    -90.48   -189.05      5.56      5.56
  57339.27    -93.27   -187.67      5.56      5.56
  57343.21   -103.82   -181.93      5.56      5.56
  57344.23   -106.50   -180.35      5.56      5.56
  57345.25   -109.15   -178.73      5.56      5.56
  57346.27   -111.79   -177.07      5.56      5.56
  57350.21   -121.69   -170.30      5.55      5.55
  57351.27   -124.30   -168.38      5.55      5.55
  57352.29   -126.77   -166.49      5.55      5.55
  57357.21   -138.27   -156.92      5.55      5.55
  57359.25   -142.84   -152.70      5.55      5.55
  57360.27   -145.08   -150.55      5.55      5.55
  57364.21   -153.40   -141.93      5.55      5.55
  57365.23   -155.47   -139.62      5.55      5.55
  57367.27   -159.51   -134.91      5.55      5.55
  57371.21   -166.91   -125.50      5.54      5.54
  57372.23   -168.73   -122.99      5.54      5.54
  57373.25   -170.52   -120.46      5.54      5.54
  57373.25   -170.52   -120.45      5.54      5.54
  57374.27   -172.27   -117.89      5.54      5.54
  57378.21   -178.66   -107.79      5.54      5.54
  57379.27   -180.29   -105.00      5.54      5.54
  57385.21   -188.55    -88.99      5.54      5.54
  57386.27   -189.88    -86.05      5.54      5.54
  57392.21   -196.47    -69.30      5.53      5.53
  57395.27   -199.33    -60.28      5.53      5.53
  57398.77   -202.08    -49.83      5.53      5.53
  57400.21   -203.06    -45.50      5.53      5.53
  57401.23   -203.69    -42.40      5.53      5.53
  57402.27   -204.29    -39.25      5.53      5.53
  57406.21   -206.11    -27.24      5.53      5.53
  57407.23   -206.47    -24.11      5.52      5.52
  57409.27   -207.05    -17.85      5.52      5.52
  57413.00   -207.60     -6.37      5.52      5.52
  57414.21   -207.65     -2.65      5.52      5.52
  57415.23   -207.63      0.50      5.52      5.52
  57416.27   -207.57      3.70      5.52      5.52
  57420.21   -206.88     15.80      5.52      5.52
  57421.23   -206.58     18.93      5.52      5.52
  57423.27   -205.86     25.17      5.52      5.52
  57427.21   -203.92     37.13      5.51      5.51
  57428.23   -203.30     40.20      5.51      5.51
  57428.23   -203.30     40.21      5.51      5.51
  57429.25   -202.64     43.27      5.51      5.51
  57430.27   -201.93     46.33      5.51      5.51
  57434.21   -198.77     58.01      5.51      5.51
  57435.23   -197.84     61.00      5.51      5.51
  57436.26   -196.85     64.01      5.51      5.51
  57437.27   -195.84     66.94      5.51      5.51
  57441.21   -191.49     78.22      5.51      5.51
  57442.24   -190.24     81.13      5.51      5.51
  57443.25   -188.97     83.96      5.51      5.51
  57444.27   -187.65     86.80      5.50      5.50
  57448.21   -182.16     97.55      5.50      5.50
  57451.27   -177.46    105.68      5.50      5.50
  57455.21   -170.89    115.79      5.50      5.50
  57458.27   -165.38    123.38      5.50      5.50
  57462.21   -157.80    132.75      5.49      5.49
  57463.23   -155.75    135.11      5.49      5.49
  57464.25   -153.66    137.43      5.49      5.49
  57465.27   -151.54    139.72      5.49      5.49
  57469.21   -143.05    148.24      5.49      5.49
  57470.23   -140.76    150.37      5.49      5.49
  57471.27   -138.40    152.51      5.49      5.49
  57477.21   -124.34    163.95      5.49      5.49
  57478.23   -121.83    165.79      5.49      5.49
  57479.27   -119.23    167.63      5.49      5.49
  57480.50   -116.13    169.75      5.48      5.48
  57481.50   -113.59    171.43      5.48      5.48
  57483.21   -109.17    174.21      5.48      5.48
  57484.23   -106.51    175.82      5.48      5.48
  57485.25   -103.81    177.39      5.48      5.48
  57485.25   -103.81    177.39      5.48      5.48
  57486.27   -101.10    178.91      5.48      5.48
  57490.21    -90.43    184.41      5.48      5.48
  57491.23    -87.61    185.73      5.48      5.48
  57493.27    -81.92    188.24      5.48      5.48
  57497.21    -70.75    192.59      5.48      5.48
  57498.23    -67.81    193.62      5.48      5.48
  57499.25    -64.86    194.59      5.47      5.47
  57500.27    -61.90    195.52      5.47      5.47
  57505.21    -47.39    199.39      5.47      5.47
  57507.27    -41.25    200.69      5.47      5.47
  57512.21    -26.43    203.02      5.47      5.47
  57514.27    -20.19    203.68      5.47      5.47
  57518.21     -8.26    204.39      5.46      5.46
  57520.25     -2.06    204.49      5.46      5.46
  57520.25     -2.06    204.49      5.46      5.46
  57521.27      1.03    204.47      5.46      5.46
  57525.08     12.59    203.97      5.46      5.46
  57526.21     15.99    203.70      5.46      5.46
  57528.27     22.21    203.06      5.46      5.46
  57532.21     34.01    201.30      5.46      5.46
  57535.27     43.11    199.46      5.45      5.45
  57540.21     57.56    195.63      5.45      5.45
  57542.27     63.50    193.72      5.45      5.45
  57547.21     77.46    188.42      5.45      5.45
  57548.25     80.35    187.17      5.45      5.45
  57549.27     83.17    185.90      5.45      5.45
  57553.21     93.83    180.63      5.45      5.45
  57554.23     96.55    179.16      5.44      5.44
  57556.27    101.90    176.10      5.44      5.44
  57560.21    111.95    169.75      5.44      5.44
  57561.23    114.49    168.02      5.44      5.44
  57562.25    117.01    166.23      5.44      5.44
  57563.27    119.50    164.42      5.44      5.44
  57567.21    128.82    157.07      5.44      5.44
  57568.23    131.17    155.08      5.44      5.44
  57569.25    133.49    153.05      5.44      5.44
  57570.27    135.77    150.99      5.44      5.44
  57574.21    144.28    142.72      5.43      5.43
  57576.25    148.46    138.31      5.43      5.43
  57577.27    150.49    136.08      5.43      5.43
  57581.21    158.00    127.18      5.43      5.43
  57582.23    159.86    124.80      5.43      5.43
  57583.25    161.69    122.40      5.43      5.43
  57584.27    163.48    119.97      5.43      5.43
  57588.21    170.04    110.37      5.43      5.43
  57589.23    171.65    107.82      5.43      5.43
  57590.25    173.23    105.24      5.43      5.43
  57591.27    174.76    102.65      5.43      5.43
  57595.21    180.30     92.43      5.43      5.43
  57596.23    181.64     89.73      5.43      5.43
  57597.25    182.94     87.01      5.43      5.43
  57598.27    184.20     84.27      5.43      5.43
  57602.21    188.68     73.54      5.42      5.42
  57605.27    191.73     65.04      5.42      5.42
  57609.21    195.09     53.91      5.42      5.42
  57610.23    195.85     51.01      5.42      5.42
  57612.27    197.25     45.14      5.42      5.42
  57617.21    199.91     30.83      5.42      5.42
  57618.23    200.33     27.85      5.42      5.42
  57619.27    200.72     24.81      5.42      5.42
  57623.21    201.75     13.25      5.42      5.42
  57624.23    201.91     10.25      5.42      5.42
  57625.25    202.02      7.24      5.42      5.42
  57626.27    202.09      4.23      5.42      5.42
  57630.21    201.94     -7.36      5.42      5.42
  57633.27    201.37    -16.36      5.41      5.41
  57637.00    200.12    -27.27      5.41      5.41
  57637.08    200.09    -27.52      5.41      5.41
  57638.21    199.59    -30.79      5.41      5.41
  57639.23    199.10    -33.75      5.41      5.41
  57640.27    198.55    -36.77      5.41      5.41
  57644.21    196.05    -48.08      5.41      5.41
  57646.25    194.51    -53.89      5.41      5.41
  57647.27    193.67    -56.77      5.41      5.41
  57651.21    190.04    -67.76      5.41      5.41
  57652.23    188.99    -70.59      5.41      5.41
  57653.25    187.91    -73.38      5.41      5.41
  57654.27    186.78    -76.16      5.41      5.41
  57658.21    182.05    -86.72      5.41      5.41
  57659.23    180.72    -89.42      5.41      5.41
  57660.25    179.36    -92.09      5.41      5.41
  57661.27    177.96    -94.74      5.40      5.40
  57665.19    172.21   -104.71      5.40      5.40
  57666.21    170.62   -107.25      5.40      5.40
  57667.23    168.99   -109.77      5.40      5.40
  57668.27    167.29   -112.31      5.40      5.40
  57669.35    165.50   -114.91      5.40      5.40
  57670.31    163.85   -117.22      5.40      5.40
  57673.21    158.73   -124.00      5.40      5.40
  57674.23    156.85   -126.34      5.40      5.40
  57675.27    154.90   -128.70      5.40      5.40
  57679.21    147.22   -137.33      5.40      5.40
  57680.23    145.15   -139.49      5.40      5.40
  57682.27    140.92   -143.73      5.40      5.40
  57685.19    134.65   -149.55      5.40      5.40
  57686.21    132.40   -151.53      5.40      5.40
  57689.27    125.48   -157.25      5.40      5.40
  57693.21    116.22   -164.14      5.39      5.39
  57694.23    113.75   -165.84      5.39      5.39
  57696.27    108.75   -169.12      5.39      5.39
  57699.19    101.45   -173.55      5.39      5.39
  57700.21     98.84   -175.03      5.39      5.39
  57701.23     96.22   -176.47      5.39      5.39
  57702.25     93.58   -177.86      5.39      5.39
  57703.27     90.91   -179.22      5.39      5.39
  57707.21     80.46   -184.09      5.39      5.39
  57708.23     77.71   -185.25      5.39      5.39
  57709.25     74.94   -186.37      5.39      5.39
  57710.27     72.15   -187.45      5.39      5.39
  57714.21     61.26   -191.22      5.39      5.39
  57715.27     58.29   -192.13      5.39      5.39
  57716.29     55.41   -192.97      5.39      5.39
  57717.00     53.42   -193.52      5.39      5.39
  57717.31     52.53   -193.75      5.39      5.39
  57721.21     41.44   -196.36      5.39      5.39
  57722.23     38.51   -196.94      5.39      5.39
  57723.25     35.58   -197.48      5.38      5.38
  57724.27     32.63   -197.97      5.38      5.38
  57728.21     21.22   -199.46      5.38      5.38
  57729.23     18.25   -199.74      5.38      5.38
  57730.25     15.27   -199.97      5.38      5.38
  57731.27     12.29   -200.16      5.38      5.38
  57732.29      9.32   -200.30      5.38      5.38
  57735.21      0.79   -200.47      5.38      5.38
  57736.23     -2.19   -200.45      5.38      5.38
  57737.27     -5.23   -200.38      5.38      5.38
  57743.21    -22.52   -199.08      5.38      5.38
  57744.27    -25.60   -198.70      5.38      5.38
  57750.21    -42.66   -195.65      5.38      5.38
  57752.27    -48.51   -194.25      5.38      5.38
  57757.21    -62.33   -190.19      5.37      5.37
  57758.27    -65.24   -189.12      5.38      5.38
  57764.21    -81.09   -182.22      5.39      5.39
  57765.25    -83.81   -180.87      5.39      5.39
  57766.27    -86.44   -179.51      5.39      5.39
  57770.19    -96.35   -173.94      5.40      5.40
  57770.47    -97.06   -173.51      5.40      5.40
  57771.21    -98.87   -172.40      5.40      5.40
  57772.23   -101.37   -170.82      5.40      5.40
  57773.27   -103.90   -169.17      5.41      5.41
  57777.21   -113.20   -162.60      5.41      5.41
  57778.23   -115.55   -160.81      5.42      5.42
  57780.27   -120.16   -157.14      5.42      5.42
  57784.21   -128.71   -149.68      5.43      5.43
  57785.23   -130.85   -147.67      5.43      5.43
  57786.25   -132.96   -145.64      5.43      5.43
  57787.27   -135.04   -143.57      5.43      5.43
  57791.21   -142.76   -135.31      5.44      5.44
  57792.23   -144.69   -133.10      5.44      5.44
  57793.25   -146.57   -130.86      5.45      5.45
  57794.27   -148.42   -128.60      5.45      5.45
  57798.21   -155.24   -119.63      5.46      5.46
  57799.23   -156.91   -117.25      5.46      5.46
  57800.25   -158.56   -114.84      5.46      5.46
  57801.27   -160.16   -112.40      5.46      5.46
  57804.38   -164.82   -104.86      5.47      5.47
  57805.19   -165.97   -102.88      5.47      5.47
  57806.21   -167.40   -100.34      5.47      5.47
  57807.23   -168.78    -97.79      5.48      5.48
  57808.27   -170.15    -95.16      5.48      5.48
  57809.37   -171.56    -92.38      5.48      5.48
  57812.21   -174.97    -85.07      5.49      5.49
  57815.27   -178.30    -77.06      5.49      5.49
  57819.21   -182.05    -66.57      5.50      5.50
  57821.25   -183.75    -61.06      5.50      5.50
  57822.27   -184.54    -58.28      5.51      5.51
  57826.21   -187.19    -47.51      5.51      5.51
  57828.25   -188.32    -41.87      5.52      5.52
  57829.27   -188.82    -39.05      5.52      5.52
  57833.21   -190.35    -28.09      5.53      5.53
  57834.23   -190.65    -25.25      5.53      5.53
  57836.27   -191.10    -19.54      5.54      5.54
  57836.29   -191.11    -19.48      5.54      5.54
  57839.79   -191.50     -9.70      5.54      5.54
  57840.21   -191.51     -8.53      5.54      5.54
  57841.23   -191.51     -5.68      5.55      5.55
  57842.25   -191.47     -2.83      5.55      5.55
  57843.27   -191.39      0.02      5.55      5.55
  57847.21   -190.67     10.97      5.56      5.56
  57848.23   -190.38     13.80      5.56      5.56
  57849.25   -190.05     16.62      5.56      5.56
  57849.25   -190.05     16.62      5.56      5.56
  57850.27   -189.68     19.44      5.56      5.56
  57854.21   -187.86     30.22      5.57      5.57
  57855.23   -187.28     32.99      5.57      5.57
  57856.27   -186.66     35.81      5.58      5.58
  57862.21   -182.28     51.64      5.59      5.59
  57863.23   -181.40     54.31      5.59      5.59
  57864.27   -180.45     57.03      5.59      5.59
  57868.21   -176.51     67.14      5.60      5.60
  57869.23   -175.39     69.72      5.60      5.60
  57870.25   -174.24     72.28      5.60      5.60
  57871.27   -173.05     74.82      5.61      5.61
  57872.20   -171.94     77.11      5.61      5.61
  57875.17   -168.17     84.34      5.61      5.61
  57875.19   -168.14     84.39      5.61      5.61
  57876.21   -166.78     86.83      5.62      5.62
  57877.23   -165.37     89.26      5.62      5.62
  57878.27   -163.91     91.70      5.62      5.62
  57882.21   -158.04    100.74      5.63      5.63
  57883.23   -156.44    103.01      5.63      5.63
  57885.27   -153.13    107.51      5.64      5.64
  57889.21   -146.40    115.86      5.64      5.64
  57890.23   -144.58    117.96      5.65      5.65
  57891.25   -142.73    120.03      5.65      5.65
  57892.27   -140.85    122.07      5.65      5.65
  57896.21   -133.34    129.66      5.66      5.66
  57897.23   -131.32    131.56      5.66      5.66
  57899.27   -127.20    135.26      5.66      5.66
  57904.21   -116.84    143.66      5.67      5.67
  57904.69   -115.80    144.44      5.68      5.68
  57906.27   -112.34    146.94      5.68      5.68
  57911.21   -101.21    154.21      5.69      5.69
  57912.25    -98.81    155.64      5.69      5.69
  57913.27    -96.42    157.00      5.69      5.69
  57917.21    -87.07    161.92      5.70      5.70
  57919.27    -82.08    164.27      5.71      5.71
  57924.21    -69.86    169.28      5.72      5.72
  57925.23    -67.30    170.21      5.72      5.72
  57927.27    -62.14    171.94      5.72      5.72
  57931.21    -52.06    174.83      5.73      5.73
  57932.23    -49.43    175.49      5.73      5.73
  57933.25    -46.79    176.10      5.73      5.73
  57934.27    -44.14    176.68      5.74      5.74
  57938.21    -33.86    178.52      5.74      5.74
  57939.23    -31.19    178.90      5.75      5.75
  57941.27    -25.82    179.64      5.75      5.75
  57945.21    -15.43    180.75      5.75      5.75
  57946.23    -12.73    180.94      5.75      5.75
  57947.25    -10.03    181.09      5.75      5.75
  57948.27     -7.32    181.20      5.75      5.75
  57952.19      3.08    181.24      5.75      5.75
  57953.21      5.78    181.15      5.75      5.75
  57954.25      8.53    181.02      5.75      5.75
  57954.25      8.55    181.02      5.75      5.75
  57955.27     11.24    180.85      5.75      5.75
  57959.21     21.62    179.83      5.76      5.76
  57960.23     24.30    179.47      5.76      5.76
  57961.25     26.98    179.06      5.76      5.76
  57962.27     29.65    178.62      5.76      5.76
  57966.21     39.87    176.54      5.76      5.76
  57967.23     42.50    175.90      5.76      5.76
  57969.27     47.72    174.51      5.76      5.76
  57973.21     57.66    171.40      5.76      5.76
  57974.23     60.21    170.50      5.76      5.76
  57976.27     65.26    168.59      5.76      5.76
  57978.13     69.81    166.71      5.76      5.76
  57980.21     74.83    164.48      5.76      5.76
  57981.23     77.27    163.32      5.76      5.76
  57982.25     79.68    162.13      5.76      5.76
  57983.27     82.09    160.90      5.77      5.77
  57987.21     91.18    155.84      5.77      5.77
  57988.23     93.49    154.44      5.77      5.77
  57989.25     95.77    153.01      5.77      5.77
  57990.27     98.03    151.55      5.77      5.77
  57994.21    106.55    145.59      5.77      5.77
  57997.27    112.93    140.62      5.77      5.77
  58001.19    120.75    133.86      5.77      5.77
  58002.21    122.71    132.03      5.77      5.77
  58003.23    124.66    130.17      5.77      5.77
  58004.27    126.61    128.24      5.77      5.77
  58008.21    133.73    120.68      5.78      5.78
  58009.23    135.50    118.66      5.78      5.78
  58010.24    137.23    116.62      5.78      5.78
  58010.25    137.24    116.61      5.78      5.78
  58011.27    138.95    114.53      5.78      5.78
  58015.21    145.25    106.29      5.78      5.78
  58016.23    146.80    104.10      5.78      5.78
  58018.27    149.81     99.65      5.78      5.78
  58022.21    155.23     90.81      5.78      5.78
  58023.23    156.56     88.47      5.78      5.78
  58024.25    157.84     86.11      5.78      5.78
  58025.27    159.09     83.74      5.78      5.78
  58029.21    163.58     74.41      5.78      5.78
  58030.23    164.65     71.95      5.78      5.78
  58031.25    165.69     69.48      5.78      5.78
  58032.27    166.69     66.98      5.79      5.79
  58036.00    170.02     57.77      5.79      5.79
  58036.19    170.17     57.30      5.79      5.79
  58037.21    170.99     54.74      5.79      5.79
  58038.23    171.77     52.18      5.79      5.79
  58039.27    172.53     49.55      5.79      5.79
  58043.21    175.01     39.51      5.79      5.79
  58044.23    175.57     36.89      5.79      5.79
  58046.27    176.55     31.63      5.79      5.79
  58048.08    177.29     26.94      5.79      5.79
  58050.21    178.00     21.40      5.79      5.79
  58053.27    178.71     13.40      5.79      5.79
  58057.21    179.11      3.08      5.80      5.80
  58059.25    179.08     -2.27      5.80      5.80
  58060.27    179.01     -4.94      5.80      5.80
  58064.21    178.34    -15.23      5.80      5.80
  58065.23    178.08    -17.90      5.80      5.80
  58066.25    177.77    -20.55      5.80      5.80
  58067.27    177.42    -23.20      5.80      5.80
  58071.21    175.71    -33.36      5.80      5.80
  58072.23    175.18    -35.98      5.80      5.80
  58073.25    174.60    -38.59      5.80      5.80
  58074.27    173.98    -41.19      5.80      5.80
  58078.21    171.25    -51.11      5.80      5.80
  58079.27    170.41    -53.76      5.80      5.80
  58081.00    168.96    -58.04      5.80      5.80
  58081.00    168.96    -58.05      5.80      5.80
  58082.02    168.06    -60.56      5.80      5.80
  58085.50    164.69    -69.00      5.81      5.81
  58085.50    164.69    -69.00      5.81      5.81
  58086.50    163.65    -71.39      5.81      5.81
  58086.50    163.65    -71.39      5.81      5.81
  58087.50    162.57    -73.77      5.81      5.81
  58088.50    161.45    -76.13      5.81      5.81
  58088.50    161.45    -76.13      5.81      5.81
  58089.50    160.30    -78.48      5.81      5.81
  58089.50    160.30    -78.48      5.81      5.81
  58090.50    159.12    -80.81      5.81      5.81
  58090.50    159.12    -80.81      5.81      5.81
  58091.45    157.96    -83.01      5.81      5.81
  58091.50    157.90    -83.12      5.81      5.81
  58091.50    157.90    -83.12      5.81      5.81
  58092.45    156.71    -85.30      5.81      5.81
  58092.50    156.65    -85.41      5.81      5.81
  58092.50    156.65    -85.41      5.81      5.81
  58093.45    155.43    -87.58      5.81      5.81
  58093.50    155.37    -87.68      5.81      5.81
  58093.50    155.37    -87.68      5.81      5.81
  58094.45    154.11    -89.83      5.81      5.81
  58094.50    154.05    -89.93      5.81      5.81
  58095.48    152.73    -92.13      5.81      5.81
  58095.50    152.70    -92.17      5.81      5.81
  58095.50    152.70    -92.17      5.81      5.81
  58096.50    151.32    -94.38      5.81      5.81
  58096.50    151.32    -94.38      5.81      5.81
  58097.50    149.90    -96.57      5.81      5.81
  58098.50    148.46    -98.75      5.81      5.81
  58098.50    148.46    -98.75      5.81      5.81
  58099.50    146.98   -100.90      5.81      5.81
  58099.50    146.98   -100.90      5.81      5.81
  58101.25    144.32   -104.61      5.81      5.81
  58102.27    142.72   -106.74      5.81      5.81
  58106.21    136.28   -114.73      5.81      5.81
  58107.27    134.46   -116.82      5.82      5.82
  58109.00    131.44   -120.16      5.82      5.82
  58115.21    119.91   -131.50      5.82      5.82
  58116.27    117.84   -133.33      5.82      5.82
  58121.21    107.84   -141.41      5.82      5.82
  58122.23    105.71   -142.99      5.82      5.82
  58123.27    103.50   -144.51      5.82      5.82
  58127.21     94.94   -149.75      5.83      5.83
  58128.23     92.68   -151.03      5.84      5.84
  58129.25     90.40   -152.27      5.84      5.84
  58130.27     88.10   -153.48      5.84      5.84
  58134.21     79.10   -157.82      5.85      5.85
  58137.06     72.46   -160.63      5.86      5.86
  58137.27     71.96   -160.83      5.86      5.86
  58141.21     62.61   -164.23      5.87      5.87
  58142.23     60.17   -165.02      5.87      5.87
  58143.86     56.24   -166.21      5.88      5.88
  58144.27     55.24   -166.50      5.88      5.88
  58148.21     45.64   -168.93      5.89      5.89
  58149.23     43.14   -169.47      5.89      5.89
  58151.27     38.11   -170.44      5.90      5.90
  58155.21     28.36   -171.88      5.91      5.91
  58156.23     25.83   -172.17      5.91      5.91
  58157.25     23.29   -172.42      5.91      5.91
  58158.27     20.75   -172.63      5.92      5.92
  58159.41     17.92   -172.82      5.92      5.92
  58162.21     10.95   -173.09      5.93      5.93
  58163.23      8.42   -173.12      5.93      5.93
  58164.25      5.88   -173.11      5.93      5.93
  58165.27      3.34   -173.06      5.94      5.94
  58169.21     -6.41   -172.54      5.95      5.95
  58170.23     -8.92   -172.32      5.95      5.95
  58170.23     -8.93   -172.32      5.95      5.95
  58171.25    -11.44   -172.05      5.95      5.95
  58172.27    -13.94   -171.76      5.95      5.95
  58176.21    -23.55   -170.27      5.96      5.96
  58177.23    -26.02   -169.79      5.97      5.97
  58178.25    -28.48   -169.28      5.97      5.97
  58179.27    -30.93   -168.74      5.97      5.97
  58183.21    -40.29   -166.30      5.98      5.98
  58186.27    -47.45   -164.05      5.99      5.99
  58190.21    -56.48   -160.71      6.00      6.00
  58191.23    -58.79   -159.76      6.00      6.00
  58193.27    -63.35   -157.76      6.01      6.01
  58197.21    -71.95   -153.55      6.02      6.02
  58198.23    -74.14   -152.38      6.02      6.02
  58199.25    -76.30   -151.18      6.03      6.03
  58200.27    -78.46   -149.95      6.03      6.03
  58203.80    -85.73   -145.46      6.04      6.04
  58204.21    -86.56   -144.92      6.04      6.04
  58205.27    -88.70   -143.48      6.04      6.04
  58212.21   -102.02   -133.38      6.06      6.06
  58213.23   -103.89   -131.78      6.06      6.06
  58213.23   -103.89   -131.78      6.06      6.06
  58214.27   -105.77   -130.13      6.07      6.07
  58218.21   -112.64   -123.65      6.08      6.08
  58220.25   -116.05   -120.14      6.08      6.08
  58220.25   -116.05   -120.14      6.08      6.08
  58221.27   -117.71   -118.35      6.09      6.09
  58225.21   -123.87   -111.25      6.10      6.10
  58228.27   -128.36   -105.50      6.10      6.10
  58232.21   -133.75    -97.85      6.11      6.11
  58233.23   -135.07    -95.83      6.12      6.12
  58235.27   -137.63    -91.71      6.12      6.12
  58240.16   -143.24    -81.60      6.14      6.14
  58241.21   -144.34    -79.40      6.14      6.14
  58242.27   -145.43    -77.14      6.14      6.14
  58246.18   -149.13    -68.70      6.15      6.15
  58247.21   -150.02    -66.47      6.15      6.15
  58249.27   -151.70    -61.93      6.16      6.16
  58253.21   -154.54    -53.15      6.17      6.17
  58254.23   -155.19    -50.86      6.17      6.17
  58255.25   -155.81    -48.56      6.18      6.18
  58256.27   -156.40    -46.24      6.18      6.18
  58258.15   -157.38    -41.98      6.18      6.18
  58260.17   -158.32    -37.37      6.19      6.19
  58261.21   -158.74    -34.98      6.19      6.19
  58263.27   -159.48    -30.24      6.20      6.20
  58268.21   -160.69    -18.86      6.21      6.21
  58270.27   -160.95    -14.10      6.22      6.22
  58272.78   -161.08     -8.30      6.22      6.22
  58274.21   -161.06     -5.01      6.23      6.23
  58277.27   -160.79      2.03      6.24      6.24
  58279.31   -160.44      6.70      6.24      6.24
  58281.21   -159.99     11.04      6.25      6.25
  58284.27   -159.02     17.99      6.25      6.25
  58288.21   -157.34     26.83      6.26      6.26
  58289.23   -156.82     29.10      6.27      6.27
  58290.25   -156.27     31.36      6.27      6.27
  58291.27   -155.69     33.61      6.27      6.27
  58295.21   -153.14     42.20      6.28      6.28
  58298.27   -150.84     48.75      6.29      6.29
  58301.30   -148.28     55.10      6.30      6.30
  58302.21   -147.46     56.99      6.30      6.30
  58303.23   -146.51     59.09      6.30      6.30
  58305.03   -144.77     62.76      6.31      6.31
  58305.27   -144.52     63.25      6.31      6.31
  58309.21   -140.11     71.41      6.32      6.32
  58312.27   -136.35     77.56      6.33      6.33
  58316.21   -131.12     85.18      6.34      6.34
  58319.27   -126.77     90.87      6.35      6.35
  58323.21   -120.81     97.86      6.36      6.36
  58326.27   -115.90    103.03      6.37      6.37
  58330.21   -109.28    109.32      6.38      6.38
  58331.23   -107.51    110.88      6.39      6.39
  58332.25   -105.70    112.43      6.39      6.39
  58333.27   -103.89    113.93      6.39      6.39
  58337.21    -96.68    119.46      6.41      6.41
  58340.27    -90.87    123.45      6.41      6.41
  58340.95    -89.57    124.30      6.42      6.42
  58344.21    -83.16    128.17      6.43      6.43
  58345.23    -81.13    129.32      6.43      6.43
  58347.27    -77.00    131.52      6.44      6.44
  58349.16    -73.13    133.44      6.44      6.44
  58350.19    -71.01    134.43      6.44      6.44
  58351.21    -68.89    135.38      6.45      6.45
  58352.23    -66.75    136.30      6.45      6.45
  58354.27    -62.44    138.05      6.46      6.46
  58358.21    -54.02    141.02      6.47      6.47
  58361.27    -47.37    142.98      6.48      6.48
  58363.70    -42.05    144.31      6.48      6.48
  58365.21    -38.72    145.04      6.49      6.49
  58366.23    -36.47    145.49      6.49      6.49
  58368.27    -31.94    146.29      6.50      6.50
  58372.21    -23.17    147.43      6.51      6.51
  58374.25    -18.62    147.81      6.52      6.52
  58375.27    -16.34    147.95      6.52      6.52
  58379.21     -7.55    148.16      6.53      6.53
  58380.23     -5.28    148.13      6.53      6.53
  58381.25     -3.01    148.06      6.54      6.54
  58382.00     -1.33    147.99      6.54      6.54
  58382.27     -0.74    147.96      6.54      6.54
  58386.21      7.97    147.25      6.55      6.55
  58386.48      8.58    147.18      6.55      6.55
  58387.21     10.17    146.99      6.55      6.55
  58388.23     12.41    146.69      6.56      6.56
  58389.27     14.69    146.35      6.56      6.56
  58393.21     23.23    144.73      6.57      6.57
  58396.27     29.78    143.13      6.58      6.58
  58400.21     38.05    140.65      6.59      6.59
  58403.27     44.36    138.38      6.60      6.60
  58407.21     52.28    135.05      6.61      6.61
  58410.27     58.29    132.15      6.62      6.62
  58414.21     65.77    128.04      6.63      6.63
  58417.27     71.40    124.54      6.64      6.64
  58421.21     78.37    119.69      6.66      6.66
  58422.27     80.20    118.31      6.66      6.66
  58425.73     85.97    113.64      6.67      6.67
  58428.21     89.95    110.12      6.68      6.68
  58429.23     91.55    108.63      6.68      6.68
  58430.25     93.12    107.11      6.68      6.68
  58431.27     94.67    105.57      6.69      6.69
  58431.27     94.67    105.57      6.69      6.69
  58435.21    100.40     99.44      6.70      6.70
  58436.23    101.82     97.80      6.70      6.70
  58437.25    103.22     96.14      6.70      6.70
  58437.25    103.22     96.13      6.70      6.70
  58438.27    104.59     94.45      6.71      6.71
  58442.21    109.62     87.79      6.72      6.72
  58443.27    110.90     85.94      6.72      6.72
  58449.21    117.51     75.30      6.74      6.74
  58452.27    120.52     69.61      6.75      6.75
  58456.21    124.00     62.13      6.76      6.76
  58456.71    124.41     61.16      6.76      6.76
  58459.27    126.38     56.19      6.77      6.77
  58463.21    129.03     48.43      6.78      6.78
  58466.27    130.77     42.31      6.79      6.79
  58470.21    132.57     34.36      6.80      6.80
  58471.23    132.96     32.30      6.80      6.80
  58472.71    133.47     29.28      6.81      6.81
  58473.27    133.64     28.13      6.81      6.81
  58479.21    134.89     15.99      6.83      6.83
  58480.27    135.00     13.81      6.83      6.83
  58481.84    135.10     10.60      6.84      6.84
  58486.21    134.96      1.67      6.85      6.85
  58487.27    134.84     -0.49      6.85      6.85
  58491.21    134.50     -8.02      6.86      6.86
  58491.25    134.49     -8.10      6.86      6.86
  58494.27    134.02    -13.78      6.86      6.86
  58498.21    133.04    -21.14      6.86      6.86
  58501.27    132.00    -26.82      6.86      6.86
  58506.21    129.82    -35.87      6.86      6.86
  58506.25    129.79    -35.95      6.86      6.86
  58508.27    128.72    -39.60      6.86      6.86
  58512.21    126.33    -46.63      6.87      6.87
  58513.23    125.65    -48.43      6.87      6.87
  58515.27    124.20    -52.00      6.87      6.87
  58519.21    121.14    -58.76      6.87      6.87
  58519.25    121.11    -58.83      6.87      6.87
  58520.23    120.29    -60.48      6.87      6.87
  58522.27    118.50    -63.90      6.87      6.87
  58526.21    114.79    -70.32      6.87      6.87
  58529.27    111.67    -75.17      6.87      6.87
  58532.91    107.68    -80.77      6.88      6.88
  58534.21    106.20    -82.70      6.88      6.88
  58534.25    106.15    -82.76      6.88      6.88
  58536.27    103.76    -85.73      6.88      6.88
  58540.21     98.88    -91.31      6.88      6.88
  58543.27     94.87    -95.46      6.88      6.88
  58547.21     89.46   -100.54      6.88      6.88
  58547.25     89.40   -100.59      6.88      6.88
  58550.27     85.06   -104.28      6.88      6.88
  58554.21     79.19   -108.81      6.89      6.89
  58557.27     74.45   -112.10      6.89      6.89
  58561.21     68.15   -116.03      6.89      6.89
  58561.25     68.09   -116.07      6.89      6.89
  58563.25     64.81   -117.93      6.89      6.89
  58564.27     63.12   -118.84      6.89      6.89
  58568.21     56.47   -122.14      6.89      6.89
  58569.23     54.72   -122.93      6.89      6.89
  58570.25     52.96   -123.70      6.89      6.89
  58571.27     51.18   -124.44      6.89      6.89
  58575.21     44.25   -127.07      6.90      6.90
  58575.25     44.17   -127.10      6.90      6.90
  58576.23     42.43   -127.69      6.90      6.90
  58577.25     40.60   -128.29      6.90      6.90
  58578.27     38.76   -128.85      6.90      6.90
  58582.21     31.60   -130.79      6.90      6.90
  58585.27     25.97   -132.03      6.90      6.90
  58589.21     18.65   -133.26      6.90      6.90
  58589.25     18.57   -133.27      6.90      6.90
  58591.27     14.80   -133.74      6.90      6.90
  58597.21      3.64   -134.52      6.91      6.91
  58599.27     -0.25   -134.57      6.91      6.91
  58603.21     -7.66   -134.35      6.91      6.91
  58603.25     -7.74   -134.35      6.91      6.91
  58606.27    -13.41   -133.91      6.91      6.91
  58610.08    -20.54   -133.01      6.91      6.91
  58611.21    -22.63   -132.67      6.91      6.91
  58613.27    -26.45   -131.96      6.92      6.92
  58617.21    -33.69   -130.31      6.92      6.92
  58617.25    -33.76   -130.29      6.92      6.92
  58620.27    -39.24   -128.75      6.92      6.92
  58622.00    -42.36   -127.77      6.92      6.92
  58624.21    -46.28   -126.40      6.92      6.92
  58625.23    -48.08   -125.73      6.92      6.92
  58627.27    -51.66   -124.31      6.92      6.92
  58631.75    -59.36   -120.83      6.92      6.92
  58632.21    -60.13   -120.46      6.92      6.92
  58632.25    -60.20   -120.42      6.92      6.92
  58634.27    -63.59   -118.67      6.93      6.93
  58635.00    -64.80   -118.02      6.93      6.93
  58638.21    -70.03   -115.00      6.93      6.93
  58639.23    -71.67   -113.99      6.93      6.93
  58641.27    -74.91   -111.90      6.93      6.93
  58645.41    -81.27   -107.38      6.93      6.93
  58646.21    -82.47   -106.47      6.93      6.93
  58646.25    -82.53   -106.42      6.93      6.93
  58648.27    -85.51   -104.05      6.93      6.93
  58652.21    -91.12    -99.19      6.93      6.93
  58655.27    -95.30    -95.20      6.94      6.94
  58659.21   -100.41    -89.81      6.94      6.94
  58659.21   -100.41    -89.81      6.94      6.94
  58659.25   -100.47    -89.76      6.94      6.94
  58660.23   -101.69    -88.37      6.94      6.94
  58662.27   -104.18    -85.43      6.94      6.94
  58666.21   -108.74    -79.57      6.94      6.94
  58669.27   -112.07    -74.85      6.94      6.94
  58673.21   -115.97    -68.22      6.95      6.95
  58673.21   -115.97    -68.22      6.95      6.95
  58673.25   -116.01    -68.15      6.95      6.95
  58676.27   -118.70    -62.79      6.95      6.95
  58680.21   -121.84    -55.66      6.96      6.96
  58683.27   -123.99    -50.00      6.96      6.96
  58687.21   -126.37    -42.61      6.97      6.97
  58687.25   -126.39    -42.53      6.97      6.97
  58688.23   -126.91    -40.67      6.97      6.97
  58690.27   -127.91    -36.79      6.97      6.97
  58694.21   -129.50    -29.22      6.98      6.98
  58697.27   -130.44    -23.30      6.98      6.98
  58701.21   -131.24    -15.65      6.99      6.99
  58701.25   -131.24    -15.56      6.99      6.99
  58702.23   -131.37    -13.66      6.99      6.99
  58704.27   -131.55     -9.68      6.99      6.99
  58708.21   -131.55     -2.02      7.00      7.00
  58709.23   -131.48     -0.04      7.00      7.00
  58711.27   -131.25      3.92      7.00      7.00
  58715.21   -130.47     11.50      7.01      7.01
  58715.25   -130.46     11.58      7.01      7.01
  58718.27   -129.56     17.35      7.01      7.01
  58722.21   -128.00     24.78      7.02      7.02
  58725.27   -126.50     30.48      7.02      7.02
  58729.21   -124.19     37.68      7.03      7.03
  58732.25   -122.13     43.13      7.03      7.03
  58732.27   -122.12     43.17      7.03      7.03
  58736.21   -119.10     50.06      7.04      7.04
  58739.27   -116.48     55.28      7.04      7.04
  58743.21   -112.77     61.79      7.05      7.05
  58743.25   -112.73     61.86      7.05      7.05
  58746.27   -109.65     66.69      7.05      7.05
  58750.21   -105.31     72.76      7.06      7.06
  58751.23   -104.13     74.29      7.06      7.06
  58753.27   -101.70     77.29      7.06      7.06
  58757.21    -96.79     82.85      7.07      7.07
  58757.21    -96.79     82.86      7.07      7.07
  58757.25    -96.73     82.91      7.07      7.07
  58758.27    -95.41     84.30      7.07      7.07
  58764.18    -87.35     91.94      7.08      7.08
  58765.21    -85.89     93.18      7.08      7.08
  58767.27    -82.89     95.63      7.08      7.08
  58771.21    -76.99    100.02      7.09      7.09
  58774.25    -72.27    103.16      7.09      7.09
  58774.27    -72.24    103.18      7.09      7.09
  58778.21    -65.94    106.93      7.10      7.10
  58781.27    -60.91    109.57      7.10      7.10
  58785.21    -54.30    112.62      7.11      7.11
  58785.25    -54.23    112.66      7.11      7.11
  58787.27    -50.77    114.07      7.11      7.11
  58792.21    -42.18    117.07      7.12      7.12
  58793.23    -40.38    117.61      7.12      7.12
  58795.27    -36.76    118.61      7.12      7.12
  58799.21    -29.72    120.22      7.13      7.13
  58802.25    -24.24    121.19      7.13      7.13
  58802.27    -24.20    121.19      7.13      7.13
  58806.21    -17.07    122.06      7.14      7.14
  58807.23    -15.21    122.22      7.14      7.14
  58809.27    -11.50    122.45      7.14      7.14
  58813.21     -4.35    122.58      7.15      7.15
  58813.25     -4.27    122.58      7.15      7.15
  58814.27     -2.42    122.54      7.15      7.15
  58820.21      8.29    121.78      7.16      7.16
  58823.27     13.77    121.03      7.17      7.17
  58827.21     20.73    119.69      7.17      7.17
  58827.25     20.80    119.67      7.17      7.17
  58828.23     22.52    119.28      7.17      7.17
  58830.27     26.07    118.38      7.18      7.18
  58835.21     34.51    115.76      7.18      7.18
  58837.27     37.97    114.49      7.19      7.19
  58841.21     44.45    111.78      7.19      7.19
  58844.25     49.32    109.43      7.20      7.20
  58844.27     49.36    109.41      7.20      7.20
  58848.21     55.49    106.06      7.20      7.20
  58851.27     60.10    103.22      7.21      7.21
  58856.21     67.33     98.52      7.21      7.21
  58857.23     68.79     97.53      7.21      7.21
  58858.25     70.24     96.52      7.21      7.21
  58858.27     70.27     96.50      7.21      7.21
  58861.96     75.38     92.65      7.21      7.21
  58862.21     75.71     92.39      7.21      7.21
  58863.23     77.08     91.27      7.21      7.21
  58864.25     78.44     90.13      7.21      7.21
  58865.27     79.78     88.98      7.21      7.21
  58868.83     84.32     84.79      7.21      7.21
  58868.92     84.42     84.69      7.21      7.21
  58870.21     86.01     83.11      7.21      7.21
  58870.25     86.06     83.06      7.21      7.21
  58872.27     88.49     80.52      7.21      7.21
  58876.21     93.00     75.39      7.22      7.22
  58877.23     94.13     74.02      7.22      7.22
  58879.27     96.31     71.22      7.22      7.22
  58883.21    100.28     65.65      7.22      7.22
  58883.25    100.32     65.59      7.22      7.22
  58884.23    101.26     64.17      7.22      7.22
  58885.25    102.22     62.67      7.22      7.22
  58886.27    103.15     61.16      7.22      7.22
  58890.21    106.54     55.21      7.22      7.22
  58891.23    107.37     53.63      7.22      7.22
  58892.25    108.17     52.05      7.22      7.22
  58893.27    108.94     50.45      7.22      7.22
  58897.21    111.72     44.17      7.22      7.22
  58899.90    113.41     39.79      7.22      7.22
  58900.25    113.62     39.22      7.22      7.22
  58900.27    113.63     39.19      7.22      7.22
  58904.21    115.75     32.66      7.22      7.22
  58905.23    116.24     30.95      7.22      7.22
  58907.27    117.15     27.50      7.22      7.22
  58911.21    118.60     20.78      7.22      7.22
  58911.25    118.62     20.71      7.23      7.23
  58914.27    119.47     15.50      7.23      7.23
  58918.21    120.24      8.66      7.23      7.23
  58919.23    120.37      6.88      7.23      7.23
  58920.25    120.48      5.09      7.23      7.23
  58921.27    120.56      3.31      7.23      7.23
  58922.38    120.62      1.37      7.23      7.23
  58925.21    120.63     -3.58      7.23      7.23
  58925.25    120.63     -3.66      7.23      7.23
  58926.23    120.59     -5.37      7.23      7.23
  58928.27    120.42     -8.94      7.23      7.23
  58932.21    119.79    -15.81      7.23      7.23
  58933.23    119.56    -17.59      7.23      7.23
  58934.25    119.30    -19.36      7.23      7.23
  58935.27    119.02    -21.13      7.23      7.23
  58939.21    117.70    -27.91      7.23      7.23
  58939.25    117.68    -27.98      7.23      7.23
  58941.25    116.86    -31.39      7.23      7.23
  58942.27    116.40    -33.12      7.23      7.23
  58942.89    116.11    -34.17      7.23      7.23
  58946.21    114.39    -39.74      7.23      7.23
  58947.23    113.81    -41.44      7.24      7.24
  58948.27    113.19    -43.16      7.24      7.24
  58954.21    109.16    -52.79      7.24      7.24
  58954.25    109.13    -52.86      7.24      7.24
  58955.23    108.39    -54.41      7.24      7.24
  58956.27    107.57    -56.05      7.24      7.24
  58960.21    104.26    -62.14      7.24      7.24
  58961.23    103.35    -63.69      7.24      7.24
  58962.27    102.39    -65.26      7.24      7.24
  58967.21     97.53    -72.48      7.24      7.24
  58968.23     96.47    -73.93      7.24      7.24
  58969.27     95.35    -75.39      7.24      7.24
  58974.21     89.79    -82.09      7.24      7.24
  58975.23     88.57    -83.42      7.24      7.24
  58976.25     87.34    -84.74      7.24      7.24
  58977.27     86.09    -86.04      7.24      7.24
  58981.21     81.09    -90.87      7.24      7.24
  58981.99     80.07    -91.80      7.24      7.24
  58982.23     79.75    -92.08      7.24      7.24
  58983.25     78.39    -93.27      7.25      7.25
  58984.27     77.01    -94.43      7.25      7.25
  58988.21     71.54    -98.74      7.25      7.25
  58989.23     70.08    -99.81      7.25      7.25
  58990.25     68.61   -100.85      7.25      7.25
  58991.27     67.12   -101.87      7.25      7.25
  58995.19     61.26   -105.58      7.25      7.25
  58996.21     59.70   -106.50      7.25      7.25
  58996.25     59.64   -106.54      7.25      7.25
  58998.27     56.51   -108.27      7.25      7.25
  59003.21     48.65   -112.13      7.25      7.25
  59005.27     45.29   -113.57      7.25      7.25
  59009.21     38.75   -116.05      7.25      7.25
  59009.25     38.68   -116.07      7.25      7.25
  59010.23     37.03   -116.63      7.25      7.25
  59011.27     35.27   -117.20      7.25      7.25
  59016.21     26.81   -119.52      7.25      7.25
  59017.23     25.05   -119.92      7.25      7.25
  59019.27     21.49   -120.65      7.26      7.26
  59023.21     14.57   -121.76      7.26      7.26
  59023.25     14.50   -121.77      7.26      7.26
  59024.23     12.77   -121.98      7.26      7.26
  59025.25     10.96   -122.17      7.26      7.26
  59026.27      9.15   -122.34      7.26      7.26
  59030.21      2.16   -122.75      7.26      7.26
  59031.23      0.34   -122.78      7.26      7.26
  59032.27     -1.52   -122.80      7.26      7.26
  59037.21    -10.27   -122.31      7.26      7.26
  59037.25    -10.34   -122.30      7.26      7.26
  59038.23    -12.05   -122.05      7.26      7.26
  59038.23    -12.05   -122.05      7.26      7.26
  59039.25    -13.82   -121.76      7.26      7.26
  59040.27    -15.58   -121.45      7.26      7.26
  59044.21    -22.33   -120.00      7.26      7.26
  59045.23    -24.07   -119.56      7.26      7.26
  59046.25    -25.79   -119.10      7.25      7.25
  59047.27    -27.51   -118.62      7.25      7.25
  59051.21    -34.03   -116.51      7.25      7.25
  59051.25    -34.10   -116.49      7.25      7.25
  59053.25    -37.36   -115.28      7.25      7.25
  59054.27    -39.01   -114.62      7.25      7.25
  59058.21    -45.26   -111.89      7.25      7.25
  59059.23    -46.85   -111.12      7.25      7.25
  59061.27    -50.00   -109.53      7.25      7.25
  59065.21    -55.90   -106.20      7.25      7.25
  59066.23    -57.40   -105.28      7.24      7.24
  59068.25    -60.32   -103.41      7.24      7.24
  59068.27    -60.35   -103.39      7.24      7.24
  59071.92    -65.46    -99.81      7.24      7.24
  59073.21    -67.23    -98.48      7.24      7.24
  59074.25    -68.63    -97.38      7.24      7.24
  59075.27    -69.98    -96.29      7.24      7.24
  59080.21    -76.29    -90.75      7.24      7.24
  59080.25    -76.35    -90.70      7.24      7.24
  59081.25    -77.57    -89.52      7.24      7.24
  59082.27    -78.80    -88.31      7.24      7.24
  59086.21    -83.38    -83.46      7.23      7.23
  59089.27    -86.73    -79.53      7.23      7.23
  59093.21    -90.77    -74.29      7.23      7.23
  59093.25    -90.81    -74.23      7.23      7.23
  59096.27    -93.70    -70.07      7.23      7.23
  59100.08    -97.07    -64.65      7.23      7.23
  59101.21    -98.00    -63.03      7.23      7.23
  59102.23    -98.83    -61.54      7.23      7.23
  59103.27    -99.64    -60.01      7.23      7.23
  59107.21   -102.52    -54.13      7.22      7.22
  59107.25   -102.55    -54.07      7.22      7.22
  59108.23   -103.21    -52.59      7.22      7.22
  59109.25   -103.88    -51.03      7.22      7.22
  59110.27   -104.52    -49.47      7.22      7.22
  59114.21   -106.79    -43.37      7.22      7.22
  59115.23   -107.32    -41.78      7.22      7.22
  59116.25   -107.82    -40.17      7.22      7.22
  59117.27   -108.30    -38.57      7.22      7.22
  59121.21   -109.93    -32.31      7.22      7.22
  59121.25   -109.95    -32.24      7.22      7.22
  59122.23   -110.30    -30.68      7.22      7.22
  59124.27   -110.95    -27.40      7.22      7.22
  59128.21   -111.94    -21.06      7.21      7.21
  59130.25   -112.31    -17.76      7.21      7.21
  59131.27   -112.46    -16.10      7.21      7.21
  59134.92   -112.80    -10.20      7.21      7.21
  59136.21   -112.84     -8.11      7.21      7.21
  59136.25   -112.84     -8.04      7.21      7.21
  59137.25   -112.85     -6.43      7.21      7.21
  59138.27   -112.83     -4.78      7.21      7.21
  59142.21   -112.54      1.56      7.21      7.21
  59143.23   -112.41      3.20      7.21      7.21
  59145.27   -112.07      6.46      7.20      7.20
  59149.21   -111.16     12.69      7.20      7.20
  59152.25   -110.21     17.45      7.20      7.20
  59152.27   -110.21     17.49      7.20      7.20
  59156.27   -108.65     23.66      7.20      7.20
  59157.21   -108.24     25.09      7.20      7.20
  59158.23   -107.77     26.64      7.20      7.20
  59159.27   -107.26     28.21      7.20      7.20
  59163.21   -105.15     34.07      7.20      7.20
  59163.25   -105.13     34.13      7.20      7.20
  59164.23   -104.55     35.56      7.19      7.19
  59165.25   -103.93     37.04      7.19      7.19
  59166.27   -103.29     38.52      7.19      7.19
  59170.21   -100.62     44.10      7.19      7.19
  59171.23    -99.88     45.52      7.19      7.19
  59172.25    -99.12     46.92      7.19      7.19
  59173.27    -98.34     48.32      7.19      7.19
  59177.17    -95.18     53.51      7.19      7.19
  59177.19    -95.16     53.54      7.19      7.19
  59177.25    -95.11     53.62      7.19      7.19
  59178.21    -94.29     54.87      7.19      7.19
  59179.23    -93.40     56.18      7.19      7.19
  59180.27    -92.47     57.51      7.19      7.19
  59184.21    -88.79     62.38      7.18      7.18
  59185.23    -87.79     63.61      7.18      7.18
  59186.25    -86.78     64.82      7.18      7.18
  59187.27    -85.75     66.02      7.18      7.18
  59191.21    -81.63     70.47      7.18      7.18
  59192.23    -80.53     71.59      7.18      7.18
  59193.25    -79.41     72.68      7.18      7.18
  59194.25    -78.30     73.74      7.18      7.18
  59194.27    -78.27     73.76      7.18      7.18
  59198.21    -73.76     77.76      7.18      7.18
  59199.23    -72.56     78.75      7.18      7.18
  59201.27    -70.11     80.68      7.18      7.18
  59205.21    -65.25     84.18      7.17      7.17
  59206.25    -63.94     85.05      7.17      7.17
  59206.27    -63.91     85.07      7.17      7.17
  59212.21    -56.21     89.68      7.17      7.17
  59213.29    -54.76     90.45      7.17      7.17
  59219.21    -46.68     94.30      7.17      7.17
  59222.25    -42.23     96.27      7.18      7.18
  59222.27    -42.20     96.28      7.18      7.18
  59226.21    -36.33     98.52      7.19      7.19
  59227.23    -34.79     99.04      7.19      7.19
  59228.25    -33.24     99.54      7.19      7.19
  59229.27    -31.68    100.01      7.20      7.20
  59230.58    -29.68    100.58      7.20      7.20
  59231.58    -28.13    101.00      7.20      7.20
  59233.21    -25.62    101.61      7.21      7.21
  59234.23    -24.03    101.97      7.21      7.21
  59235.46    -22.12    102.36      7.21      7.21
  59236.25    -20.88    102.60      7.21      7.21
  59236.27    -20.84    102.61      7.21      7.21
  59240.21    -14.65    103.55      7.22      7.22
  59241.23    -13.04    103.74      7.23      7.23
  59242.25    -11.43    103.90      7.23      7.23
  59243.27     -9.81    104.03      7.23      7.23
  59247.21     -3.57    104.31      7.24      7.24
  59247.25     -3.50    104.32      7.24      7.24
  59248.23     -1.95    104.33      7.25      7.25
  59249.25     -0.33    104.32      7.25      7.25
  59250.27      1.29    104.28      7.25      7.25
  59254.21      7.51    103.90      7.26      7.26
  59255.20      9.08    103.74      7.26      7.26
  59256.25     10.72    103.56      7.27      7.27
  59256.25     10.73    103.56      7.27      7.27
  59257.27     12.33    103.35      7.27      7.27
  59262.21     20.02    101.99      7.28      7.28
  59262.25     20.08    101.98      7.28      7.28
  59264.27     23.19    101.26      7.29      7.29
  59268.21     29.18     99.58      7.30      7.30
  59269.23     30.71     99.09      7.30      7.30
  59270.25     32.24     98.57      7.30      7.30
  59271.27     33.75     98.03      7.31      7.31
  59275.21     39.52     95.73      7.32      7.32
  59276.23     40.99     95.08      7.32      7.32
  59277.25     42.45     94.40      7.32      7.32
  59278.25     43.86     93.72      7.32      7.32
  59278.27     43.89     93.71      7.32      7.32
  59282.21     49.37     90.81      7.33      7.33
  59283.23     50.76     90.01      7.34      7.34
  59284.25     52.14     89.19      7.34      7.34
  59285.27     53.50     88.34      7.34      7.34
  59289.21     58.63     84.89      7.35      7.35
  59289.25     58.68     84.85      7.35      7.35
  59290.23     59.92     83.95      7.36      7.36
  59291.25     61.21     82.98      7.36      7.36
  59292.27     62.47     82.00      7.36      7.36
  59296.19     67.17     78.05      7.37      7.37
  59297.21     68.36     76.98      7.37      7.37
  59298.25     69.55     75.86      7.38      7.38
  59299.27     70.70     74.75      7.38      7.38
  59303.21     74.97     70.31      7.39      7.39
  59304.23     76.03     69.12      7.39      7.39
  59305.25     77.08     67.91      7.39      7.39
  59305.27     77.10     67.89      7.40      7.40
  59311.21     82.78     60.56      7.41      7.41
  59312.23     83.69     59.25      7.41      7.41
  59313.27     84.59     57.90      7.42      7.42
  59317.21     87.82     52.67      7.43      7.43
  59318.23     88.60     51.29      7.43      7.43
  59319.25     89.36     49.89      7.43      7.43
  59320.25     90.09     48.51      7.43      7.43
  59320.27     90.10     48.49      7.43      7.43
  59324.21     92.75     42.96      7.44      7.44
  59325.22     93.38     41.52      7.45      7.45
  59326.25     93.99     40.03      7.45      7.45
  59327.27     94.58     38.56      7.45      7.45
  59331.21     96.62     32.79      7.46      7.46
  59332.23     97.09     31.28      7.47      7.47
  59333.25     97.54     29.75      7.47      7.47
  59334.25     97.96     28.26      7.47      7.47
  59334.27     97.97     28.23      7.47      7.47
  59338.21     99.38     22.28      7.48      7.48
  59339.23     99.69     20.73      7.48      7.48
  59340.25     99.97     19.17      7.49      7.49
  59341.27    100.23     17.61      7.49      7.49
  59345.21    101.01     11.56      7.50      7.50
  59346.23    101.15      9.99      7.50      7.50
  59348.25    101.36      6.87      7.51      7.51
  59348.27    101.36      6.83      7.51      7.51
  59352.19    101.49      0.78      7.52      7.52
  59353.21    101.46     -0.80      7.52      7.52
  59354.25    101.41     -2.41      7.52      7.52
  59355.27    101.33     -3.99      7.53      7.53
  59360.21    100.62    -11.58      7.54      7.54
  59361.25    100.40    -13.17      7.54      7.54
  59362.25    100.16    -14.69      7.54      7.54
  59362.27    100.16    -14.72      7.54      7.54
  59366.21     99.00    -20.68      7.56      7.56
  59367.23     98.64    -22.21      7.56      7.56
  59368.23     98.27    -23.71      7.56      7.56
  59369.27     97.85    -25.26      7.56      7.56
  59373.21     96.07    -31.05      7.57      7.57
  59374.25     95.54    -32.56      7.58      7.58
  59375.25     95.01    -34.01      7.58      7.58
  59375.27     95.00    -34.04      7.58      7.58
  59380.21     92.06    -41.03      7.59      7.59
  59381.23     91.39    -42.45      7.59      7.59
  59383.27     89.98    -45.25      7.60      7.60
  59387.21     87.02    -50.52      7.61      7.61
  59389.25     85.36    -53.18      7.62      7.62
  59390.25     84.52    -54.46      7.62      7.62
  59390.27     84.51    -54.49      7.62      7.62
  59394.21     81.01    -59.40      7.63      7.63
  59395.23     80.06    -60.64      7.63      7.63
  59397.27     78.09    -63.07      7.64      7.64
  59402.21     73.08    -68.58      7.65      7.65
  59403.25     71.99    -69.62      7.65      7.65
  59404.25     70.94    -70.59      7.65      7.65
  59404.27     70.92    -70.61      7.65      7.65
  59408.21     66.65    -74.30      7.65      7.65
  59409.23     65.51    -75.22      7.65      7.65
  59410.25     64.36    -76.11      7.65      7.65
  59411.27     63.20    -76.99      7.65      7.65
  59415.21     58.60    -80.22      7.66      7.66
  59416.23     57.38    -81.01      7.66      7.66
  59417.25     56.15    -81.79      7.66      7.66
  59418.25     54.94    -82.53      7.66      7.66
  59418.27     54.91    -82.54      7.66      7.66
  59422.21     50.04    -85.28      7.66      7.66
  59423.23     48.76    -85.94      7.66      7.66
  59424.25     47.46    -86.58      7.66      7.66
  59425.25     46.18    -87.19      7.66      7.66
  59425.27     46.16    -87.21      7.66      7.66
  59429.21     41.06    -89.43      7.67      7.67
  59430.25     39.70    -89.97      7.67      7.67
  59431.25     38.38    -90.46      7.67      7.67
  59431.27     38.35    -90.47      7.67      7.67
  59437.21     30.41    -93.02      7.67      7.67
  59438.25     29.00    -93.40      7.67      7.67
  59439.27     27.61    -93.75      7.67      7.67
  59444.21     20.85    -95.14      7.68      7.68
  59445.23     19.44    -95.37      7.68      7.68
  59446.25     18.04    -95.57      7.68      7.68
  59446.27     18.01    -95.58      7.68      7.68
  59450.21     12.56    -96.18      7.68      7.68
  59451.23     11.15    -96.29      7.68      7.68
  59452.25      9.73    -96.37      7.68      7.68
  59453.27      8.32    -96.43      7.68      7.68
  59457.21      2.87    -96.49      7.68      7.68
  59460.25     -1.33    -96.32      7.69      7.69
  59460.27     -1.36    -96.31      7.69      7.69
  59464.04     -6.53    -95.85      7.69      7.69
  59465.21     -8.12    -95.65      7.69      7.69
  59466.25     -9.54    -95.45      7.69      7.69
  59467.27    -10.92    -95.23      7.69      7.69
  59471.21    -16.22    -94.21      7.69      7.69
  59472.23    -17.58    -93.89      7.69      7.69
  59473.25    -18.94    -93.56      7.70      7.70
  59474.22    -20.22    -93.22      7.70      7.70
  59474.27    -20.29    -93.21      7.70      7.70
  59478.21    -25.43    -91.67      7.70      7.70
  59479.23    -26.74    -91.22      7.70      7.70
  59480.08    -27.84    -90.83      7.70      7.70
  59481.27    -29.35    -90.27      7.70      7.70
  59485.21    -34.29    -88.23      7.70      7.70
  59486.23    -35.54    -87.66      7.70      7.70
  59487.25    -36.79    -87.07      7.70      7.70
  59488.25    -38.01    -86.47      7.71      7.71
  59488.27    -38.03    -86.46      7.71      7.71
  59492.21    -42.72    -83.95      7.71      7.71
  59493.23    -43.90    -83.26      7.71      7.71
  59494.25    -45.08    -82.55      7.71      7.71
  59495.27    -46.25    -81.83      7.71      7.71
  59499.19    -50.61    -78.89      7.71      7.71
  59500.21    -51.72    -78.09      7.71      7.71
  59501.23    -52.81    -77.27      7.71      7.71
  59502.25    -53.90    -76.44      7.72      7.72
  59502.27    -53.92    -76.42      7.72      7.72
  59506.21    -57.97    -73.06      7.72      7.72
  59507.23    -58.98    -72.16      7.72      7.72
  59508.25    -59.98    -71.24      7.72      7.72
  59509.27    -60.97    -70.30      7.72      7.72
  59513.21    -64.65    -66.58      7.72      7.72
  59514.23    -65.56    -65.58      7.72      7.72
  59515.25    -66.46    -64.57      7.72      7.72
  59516.25    -67.33    -63.57      7.72      7.72
  59516.27    -67.35    -63.55      7.72      7.72
  59521.21    -71.40    -58.44      7.73      7.73
  59522.23    -72.19    -57.35      7.73      7.73
  59523.27    -72.98    -56.23      7.73      7.73
  59527.21    -75.81    -51.89      7.73      7.73
  59528.23    -76.50    -50.75      7.73      7.73
  59530.25    -77.82    -48.45      7.73      7.73
  59530.27    -77.84    -48.42      7.73      7.73
  59534.21    -80.20    -43.85      7.74      7.74
  59535.23    -80.77    -42.65      7.74      7.74
  59536.25    -81.33    -41.44      7.74      7.74
  59537.27    -81.86    -40.22      7.74      7.74
  59541.19    -83.74    -35.48      7.74      7.74
  59542.21    -84.19    -34.23      7.74      7.74
  59542.25    -84.20    -34.18      7.74      7.74
  59543.25    -84.62    -32.95      7.74      7.74
  59544.27    -85.03    -31.69      7.74      7.74
  59548.21    -86.43    -26.79      7.75      7.75
  59549.23    -86.74    -25.51      7.75      7.75
  59550.25    -87.04    -24.23      7.75      7.75
  59551.27    -87.32    -22.94      7.75      7.75
  59555.21    -88.21    -17.95      7.75      7.75
  59556.23    -88.40    -16.66      7.75      7.75
  59557.25    -88.57    -15.36      7.75      7.75
  59558.25    -88.71    -14.08      7.75      7.75
  59558.27    -88.71    -14.06      7.75      7.75
  59562.21    -89.11     -9.03      7.76      7.76
  59563.23    -89.16     -7.72      7.76      7.76
  59564.25    -89.20     -6.42      7.76      7.76
  59565.27    -89.21     -5.12      7.76      7.76
  59569.21    -89.10     -0.11      7.76      7.76
  59571.25    -88.93      2.48      7.76      7.76
  59571.27    -88.93      2.51      7.76      7.76
  59576.21    -88.21      8.72      7.77      7.77
  59578.27    -87.78     11.29      7.77      7.77
  59583.21    -86.45     17.37      7.77      7.77
  59586.27    -85.29     21.25      7.77      7.77
  59590.21    -83.49     26.19      7.76      7.76
  59591.23    -82.98     27.44      7.76      7.76
  59592.25    -82.45     28.69      7.76      7.76
  59592.28    -82.43     28.73      7.76      7.76
  59593.25    -81.91     29.90      7.75      7.75
  59593.27    -81.90     29.93      7.75      7.75
  59594.58    -81.16     31.51      7.75      7.75
  59597.08    -79.68     34.46      7.75      7.75
  59598.21    -78.98     35.77      7.75      7.75
  59599.25    -78.31     36.97      7.74      7.74
  59600.25    -77.65     38.11      7.74      7.74
  59600.27    -77.64     38.14      7.74      7.74
  59604.21    -74.88     42.51      7.74      7.74
  59605.23    -74.12     43.62      7.73      7.73
  59606.25    -73.35     44.71      7.73      7.73
  59607.25    -72.58     45.76      7.73      7.73
  59607.27    -72.56     45.78      7.73      7.73
  59611.21    -69.38     49.81      7.72      7.72
  59612.23    -68.52     50.82      7.72      7.72
  59613.25    -67.64     51.82      7.72      7.72
  59614.25    -66.77     52.78      7.72      7.72
  59614.27    -66.75     52.80      7.72      7.72
  59618.21    -63.18     56.43      7.71      7.71
  59619.23    -62.22     57.34      7.71      7.71
  59621.25    -60.29     59.08      7.71      7.71
  59621.27    -60.27     59.10      7.71      7.71
  59625.21    -56.36     62.31      7.70      7.70
  59626.23    -55.32     63.11      7.70      7.70
  59627.25    -54.27     63.88      7.70      7.70
  59628.25    -53.23     64.62      7.70      7.70
  59628.27    -53.20     64.64      7.70      7.70
  59632.21    -49.01     67.39      7.69      7.69
  59633.23    -47.90     68.06      7.69      7.69
  59634.25    -46.78     68.72      7.69      7.69
  59635.25    -45.67     69.34      7.68      7.68
  59635.27    -45.65     69.35      7.68      7.68
  59639.21    -41.22     71.63      7.68      7.68
  59642.25    -37.72     73.19      7.67      7.67
  59642.27    -37.69     73.20      7.67      7.67
  59646.21    -33.08     74.98      7.66      7.66
  59647.23    -31.87     75.39      7.66      7.66
  59648.25    -30.65     75.78      7.66      7.66
  59649.25    -29.46     76.15      7.66      7.66
  59649.27    -29.44     76.16      7.66      7.66
  59653.21    -24.69     77.42      7.65      7.65
  59654.23    -23.46     77.70      7.65      7.65
  59655.25    -22.22     77.96      7.65      7.65
  59656.25    -21.00     78.19      7.65      7.65
  59656.27    -20.97     78.20      7.65      7.65
  59661.21    -14.94     79.08      7.64      7.64
  59662.23    -13.69     79.21      7.64      7.64
  59662.25    -13.66     79.21      7.64      7.64
  59663.25    -12.43     79.31      7.64      7.64
  59663.27    -12.41     79.31      7.64      7.64
  59667.21     -7.58     79.53      7.63      7.63
  59668.23     -6.33     79.54      7.63      7.63
  59669.25     -5.09     79.53      7.63      7.63
  59670.25     -3.87     79.50      7.62      7.62
  59670.27     -3.84     79.50      7.62      7.62
  59674.21      0.94     79.21      7.62      7.62
  59677.25      4.61     78.78      7.61      7.61
  59677.27      4.63     78.78      7.61      7.61
  59681.21      9.32     77.98      7.61      7.61
  59682.23     10.53     77.72      7.60      7.60
  59683.25     11.72     77.45      7.60      7.60
  59683.27     11.75     77.45      7.60      7.60
  59689.21     18.59     75.50      7.59      7.59
  59690.25     19.77     75.10      7.59      7.59
  59691.25     20.89     74.69      7.59      7.59
  59691.27     20.91     74.69      7.59      7.59
  59695.21     25.25     72.93      7.58      7.58
  59696.23     26.36     72.43      7.58      7.58
  59698.25     28.52     71.40      7.58      7.58
  59698.27     28.54     71.39      7.58      7.58
  59703.21     33.65     68.60      7.57      7.57
  59704.25     34.69     67.97      7.57      7.57
  59705.25     35.69     67.34      7.57      7.57
  59705.27     35.71     67.33      7.57      7.57
  59709.21     39.51     64.73      7.56      7.56
  59711.25     41.41     63.29      7.56      7.56
  59712.25     42.33     62.57      7.55      7.55
  59712.27     42.35     62.55      7.55      7.55
  59716.21     45.82     59.58      7.55      7.55
  59717.23     46.69     58.78      7.55      7.55
  59719.25     48.37     57.15      7.54      7.54
  59719.27     48.38     57.14      7.54      7.54
  59723.21     51.49     53.83      7.54      7.54
  59724.23     52.26     52.95      7.53      7.53
  59726.25     53.74     51.17      7.53      7.53
  59726.27     53.76     51.15      7.53      7.53
  59730.08     56.39     47.67      7.52      7.52
  59731.21     57.12     46.62      7.52      7.52
  59733.25     58.41     44.69      7.52      7.52
  59733.27     58.42     44.67      7.52      7.52
  59737.12     60.66     40.92      7.51      7.51
  59738.21     61.25     39.85      7.51      7.51
  59739.23     61.79     38.83      7.51      7.51
  59740.25     62.31     37.80      7.51      7.51
  59740.27     62.32     37.78      7.51      7.51
  59744.21     64.17     33.75      7.50      7.50
  59745.23     64.60     32.70      7.50      7.50
  59747.25     65.42     30.59      7.49      7.49
  59747.27     65.43     30.56      7.49      7.49
  59752.21     67.13     25.33      7.49      7.49
  59753.25     67.44     24.22      7.48      7.48
  59754.25     67.71     23.14      7.48      7.48
  59754.27     67.72     23.12      7.48      7.48
  59758.21     68.64     18.86      7.48      7.48
  59760.25     69.02     16.64      7.47      7.47
  59761.25     69.18     15.55      7.47      7.47
  59761.27     69.18     15.53      7.47      7.47
  59765.21     69.63     11.23      7.46      7.46
  59766.23     69.71     10.12      7.46      7.46
  59767.25     69.81      9.10      7.46      7.46
  59767.27     69.81      9.08      7.46      7.46
  59768.29     69.90      8.07      7.47      7.47
  59772.21     70.10      4.21      7.48      7.48
  59773.23     70.12      3.20      7.48      7.48
  59774.25     70.13      2.19      7.48      7.48
  59775.25     70.12      1.20      7.48      7.48
  59775.27     70.12      1.18      7.48      7.48
  59779.21     69.94     -2.69      7.49      7.49
  59780.23     69.86     -3.69      7.49      7.49
  59781.25     69.77     -4.69      7.50      7.50
  59782.25     69.66     -5.67      7.50      7.50
  59782.27     69.66     -5.69      7.50      7.50
  59786.21     69.11     -9.52      7.51      7.51
  59787.23     68.93    -10.50      7.51      7.51
  59789.25     68.54    -12.44      7.51      7.51
  59789.27     68.54    -12.46      7.51      7.51
  59793.21     67.62    -16.20      7.52      7.52
  59794.23     67.35    -17.16      7.52      7.52
  59795.25     67.06    -18.11      7.53      7.53
  59795.27     67.05    -18.13      7.53      7.53
  59796.29     66.75    -19.08      7.53      7.53
  59800.21     65.48    -22.68      7.54      7.54
  59802.25     64.74    -24.53      7.54      7.54
  59803.25     64.36    -25.42      7.54      7.54
  59803.27     64.35    -25.44      7.54      7.54
  59808.21     62.29    -29.77      7.56      7.56
  59809.23     61.83    -30.64      7.56      7.56
  59810.25     61.35    -31.51      7.56      7.56
  59810.27     61.34    -31.53      7.56      7.56
  59811.29     60.85    -32.39      7.56      7.56
  59812.31     60.35    -33.24      7.56      7.56
  59814.21     59.40    -34.80      7.57      7.57
  59817.25     57.77    -37.25      7.58      7.58
  59817.27     57.76    -37.27      7.58      7.58
  59821.21     55.51    -40.32      7.58      7.58
  59824.25     53.67    -42.59      7.59      7.59
  59824.27     53.65    -42.61      7.59      7.59
  59825.29     53.01    -43.35      7.59      7.59
  59826.31     52.36    -44.09      7.60      7.60
  59828.21     51.12    -45.42      7.60      7.60
  59829.23     50.44    -46.13      7.60      7.60
  59830.25     49.75    -46.82      7.60      7.60
  59831.25     49.07    -47.49      7.61      7.61
  59831.27     49.05    -47.51      7.61      7.61
  59835.21     46.27    -50.05      7.61      7.61
  59836.23     45.53    -50.68      7.62      7.62
  59837.25     44.78    -51.30      7.62      7.62
  59838.25     44.03    -51.90      7.62      7.62
  59838.27     44.02    -51.91      7.62      7.62
  59839.30     43.24    -52.52      7.62      7.62
  59840.31     42.47    -53.10      7.63      7.63
  59842.21     41.01    -54.16      7.63      7.63
  59843.23     40.21    -54.72      7.63      7.63
  59844.25     39.40    -55.26      7.63      7.63
  59845.25     38.61    -55.78      7.64      7.64
  59845.27     38.59    -55.79      7.64      7.64
  59849.21     35.39    -57.73      7.65      7.65
  59850.23     34.54    -58.20      7.65      7.65
  59851.25     33.69    -58.66      7.65      7.65
  59852.25     32.85    -59.10      7.65      7.65
  59852.27     32.83    -59.11      7.65      7.65
  59853.29     31.97    -59.54      7.65      7.65
  59854.31     31.10    -59.97      7.66      7.66
  59857.21     28.60    -61.10      7.66      7.66
  59859.25     26.82    -61.83      7.67      7.67
  59859.27     26.80    -61.84      7.67      7.67
  59863.08     23.42    -63.07      7.68      7.68
  59864.21     22.41    -63.39      7.68      7.68
  59866.25     20.57    -63.95      7.68      7.68
  59866.27     20.55    -63.95      7.68      7.68
  59867.29     19.62    -64.21      7.69      7.69
  59868.31     18.69    -64.45      7.69      7.69
  59870.21     16.96    -64.87      7.69      7.69
  59871.23     16.03    -65.07      7.69      7.69
  59873.25     14.16    -65.44      7.70      7.70
  59873.27     14.15    -65.44      7.70      7.70
  59877.21     10.50    -66.00      7.71      7.71
  59878.23      9.55    -66.11      7.71      7.71
  59879.25      8.60    -66.21      7.71      7.71
  59879.27      8.58    -66.21      7.71      7.71
  59884.21      3.98    -66.50      7.72      7.72
  59887.25      1.14    -66.51      7.73      7.73
  59887.27      1.13    -66.51      7.73      7.73
  59888.29      0.17    -66.49      7.73      7.73
  59889.31     -0.78    -66.45      7.73      7.73
  59891.21     -2.53    -66.35      7.74      7.74
  59893.25     -4.42    -66.19      7.74      7.74
  59893.27     -4.44    -66.19      7.74      7.74
  59898.21     -8.98    -65.57      7.75      7.75
  59899.23     -9.91    -65.40      7.76      7.76
  59900.25    -10.84    -65.23      7.76      7.76
  59901.25    -11.74    -65.04      7.76      7.76
  59901.27    -11.76    -65.03      7.76      7.76
  59905.21    -15.30    -64.17      7.77      7.77
  59906.23    -16.20    -63.92      7.77      7.77
  59907.25    -17.11    -63.65      7.77      7.77
  59908.27    -18.00    -63.37      7.78      7.78
  59909.29    -18.90    -63.07      7.78      7.78
  59910.31    -19.79    -62.77      7.78      7.78
  59912.06    -21.30    -62.22      7.78      7.78
  59913.21    -22.28    -61.83      7.79      7.79
  59914.23    -23.15    -61.48      7.79      7.79
  59915.25    -24.01    -61.12      7.79      7.79
  59915.27    -24.03    -61.11      7.79      7.79
  59919.21    -27.31    -59.59      7.80      7.80
  59921.25    -28.97    -58.73      7.80      7.80
  59922.27    -29.79    -58.28      7.81      7.81
  59926.21    -32.89    -56.45      7.82      7.82
  59927.23    -33.68    -55.95      7.82      7.82
  59928.25    -34.45    -55.44      7.82      7.82
  59928.27    -34.47    -55.43      7.82      7.82
  59929.29    -35.24    -54.91      7.82      7.82
  59930.31    -36.00    -54.37      7.82      7.82
  59931.33    -36.76    -53.83      7.83      7.83
  59933.21    -38.12    -52.80      7.83      7.83
  59934.23    -38.85    -52.23      7.83      7.83
  59935.27    -39.59    -51.63      7.84      7.84
  59941.21    -43.61    -48.05      7.85      7.85
  59943.25    -44.92    -46.74      7.85      7.85
  59943.27    -44.94    -46.73      7.85      7.85
  59948.21    -47.94    -43.43      7.86      7.86
  59949.27    -48.54    -42.66      7.87      7.87
  59954.21    -50.93    -38.68      7.85      7.85
  59955.23    -51.39    -37.83      7.85      7.85
  59956.25    -51.83    -36.99      7.84      7.84
  59957.25    -52.25    -36.16      7.84      7.84
  59957.27    -52.25    -36.14      7.84      7.84
  59961.21    -53.77    -32.82      7.83      7.83
  59962.23    -54.13    -31.95      7.83      7.83
  59963.25    -54.48    -31.08      7.82      7.82
  59964.27    -54.81    -30.20      7.82      7.82
  59968.21    -55.96    -26.79      7.81      7.81
  59969.23    -56.22    -25.91      7.80      7.80
  59970.25    -56.47    -25.02      7.80      7.80
  59971.27    -56.71    -24.12      7.80      7.80
  59972.29    -56.93    -23.23      7.79      7.79
  59973.31    -57.14    -22.33      7.79      7.79
  59975.21    -57.49    -20.67      7.79      7.79
  59977.25    -57.81    -18.87      7.78      7.78
  59978.27    -57.95    -17.98      7.78      7.78
  59982.21    -58.36    -14.51      7.76      7.76
  59983.23    -58.43    -13.62      7.76      7.76
  59984.25    -58.49    -12.72      7.76      7.76
  59985.27    -58.54    -11.83      7.75      7.75
  59989.21    -58.59     -8.40      7.74      7.74
  59990.23    -58.57     -7.51      7.74      7.74
  59992.27    -58.49     -5.75      7.73      7.73
  59996.21    -58.18     -2.39      7.72      7.72
  59997.23    -58.07     -1.53      7.72      7.72
  59999.25    -57.82      0.17      7.71      7.71
  59999.27    -57.81      0.19      7.71      7.71
  60003.21    -57.17      3.45      7.70      7.70
  60004.33    -56.96      4.37      7.70      7.70
  60006.27    -56.55      5.94      7.69      7.69
  60010.21    -55.59      9.06      7.68      7.68
  60013.27    -54.73     11.43      7.67      7.67
  60017.21    -53.47     14.38      7.66      7.66
  60019.27    -52.75     15.89      7.65      7.65
  60020.29    -52.38     16.63      7.65      7.65
  60021.31    -51.99     17.35      7.64      7.64
  60024.21    -50.85     19.37      7.64      7.64
  60026.25    -50.00     20.76      7.63      7.63
  60027.27    -49.57     21.44      7.63      7.63
  60031.21    -47.79     23.98      7.61      7.61
  60032.23    -47.30     24.62      7.61      7.61
  60034.27    -46.32     25.87      7.61      7.61
  60038.21    -44.32     28.17      7.59      7.59
  60040.25    -43.24     29.31      7.59      7.59
  60040.27    -43.23     29.32      7.59      7.59
  60046.21    -39.93     32.41      7.57      7.57
  60047.25    -39.33     32.91      7.57      7.57
  60048.27    -38.73     33.40      7.56      7.56
  60052.21    -36.39     35.17      7.55      7.55
  60053.23    -35.77     35.61      7.55      7.55
  60055.25    -34.53     36.44      7.54      7.54
  60055.27    -34.51     36.44      7.54      7.54
  60059.21    -32.04     37.94      7.53      7.53
  60060.23    -31.39     38.30      7.53      7.53
  60061.25    -30.74     38.65      7.52      7.52
  60062.27    -30.08     38.98      7.52      7.52
  60067.21    -26.86     40.47      7.50      7.50
  60069.25    -25.51     41.00      7.50      7.50
  60069.27    -25.50     41.01      7.50      7.50
  60073.21    -22.87     41.92      7.49      7.49
  60075.25    -21.50     42.32      7.48      7.48
  60076.27    -20.82     42.51      7.48      7.48
  60080.21    -18.17     43.13      7.46      7.46
  60081.23    -17.48     43.26      7.46      7.46
  60082.25    -16.79     43.39      7.46      7.46
  60083.25    -16.12     43.50      7.46      7.46
  60083.27    -16.10     43.50      7.46      7.46
  60087.21    -13.46     43.83      7.44      7.44
  60088.23    -12.77     43.89      7.44      7.44
  60090.27    -11.41     43.98      7.43      7.43
  60095.21     -8.13     44.01      7.42      7.42
  60096.27     -7.44     43.99      7.42      7.42
  60101.21     -4.23     43.74      7.40      7.40
  60102.23     -3.58     43.66      7.40      7.40
  60104.27     -2.28     43.47      7.39      7.39
  60106.04     -1.17     43.27      7.39      7.39
  60108.21      0.18     42.99      7.38      7.38
  60110.25      1.43     42.69      7.37      7.37
  60110.27      1.44     42.69      7.37      7.37
  60111.29      2.06     42.52      7.37      7.37
  60112.31      2.68     42.35      7.37      7.37
  60115.21      4.39     41.81      7.36      7.36
  60117.25      5.58     41.39      7.35      7.35
  60118.27      6.16     41.17      7.35      7.35
  60122.21      8.37     40.23      7.34      7.34
  60125.25     10.01     39.42      7.33      7.33
  60125.27     10.02     39.42      7.33      7.33
  60130.23     12.59     37.97      7.31      7.31
  60131.25     13.09     37.65      7.31      7.31
  60132.27     13.63     37.40      7.70      7.70
  60133.29     14.19     37.20      8.31      8.31
  60134.32     14.74     36.98      8.93      8.93
  60136.21     15.76     36.56     10.06     10.06
  60137.23     16.30     36.32     10.68     10.68
  60139.25     17.37     35.82     11.89     11.89
  60139.27     17.38     35.82     11.90     11.90
  60143.21     19.41     34.76     14.26     14.26
  60146.27     20.94     33.86     16.10     16.10
  60150.21     22.85     32.60     18.46     18.46
  60151.23     23.34     32.25     19.07     19.07
  60152.25     23.82     31.90     19.69     19.69
  60153.27     24.29     31.54     20.30     20.30
  60157.21     26.06     30.09     22.66     22.66
  60159.25     26.95     29.30     23.89     23.89
  60160.27     27.38     28.90     24.50     24.50
  60164.21     29.00     27.28     26.86     26.86
  60167.25     30.18     25.96     28.69     28.69
  60167.27     30.19     25.95     28.70     28.70
  60171.21     31.63     24.17     31.06     31.06
  60173.25     32.34     23.22     32.29     32.29
  60174.27     32.68     22.74     32.90     32.90
  60175.29     33.01     22.25     33.51     33.51
  60176.31     33.34     21.75     34.12     34.12
  60179.21     34.23     20.32     35.86     35.86
  60180.25     34.54     19.80     36.49     36.49
  60181.27     34.83     19.28     37.10     37.10
  60185.21     35.88     17.25     39.46     39.46
  60188.27     36.61     15.63     41.30     41.30
  60193.21     37.65     12.95     44.26     44.26
  60194.25     37.84     12.37     44.89     44.89
  60195.24     38.01     11.83     45.48     45.48
  60195.27     38.02     11.81     45.50     45.50
  60196.29     38.19     11.24     46.11     46.11
  60197.31     38.35     10.67     46.72     46.72
  60199.21     38.63      9.60     47.86     47.86
  60201.25     38.90      8.45     49.09     49.09
  60202.27     39.02      7.87     49.70     49.70
  60206.21     39.41      5.61     52.06     52.06
  60207.23     39.49      5.02     52.67     52.67
  60208.25     39.56      4.43     53.29     53.29
  60208.27     39.56      4.42     53.30     53.30
  60216.27     39.81     -0.22     58.10     58.10
  60220.21     39.73     -2.51     60.46     60.46
  60223.25     39.58     -4.27     62.29     62.29
  60223.27     39.58     -4.28     62.30     62.30
  60227.21     39.27     -6.55     64.66     64.66
  60230.25     38.94     -8.29     66.49     66.49
  60230.27     38.94     -8.30     66.50     66.50
  60231.29     38.81     -8.88     67.11     67.11
  60232.31     38.67     -9.46     67.72     67.72
  60235.21     38.24    -11.08     69.46     69.46
  60236.23     38.07    -11.65     70.07     70.07
  60237.27     37.89    -12.23     70.70     70.70
  60241.21     37.12    -14.39     73.06     73.06
  60244.25     36.44    -16.02     74.89     74.89
  60244.27     36.44    -16.03     74.90     74.90
  60248.21     35.46    -18.10     77.26     77.26
  60251.25     34.62    -19.66     79.09     79.09
  60251.27     34.61    -19.67     79.10     79.10
  60255.21     33.43    -21.62     81.46     81.46
  60256.23     33.10    -22.12     82.07     82.07
  60258.27     32.42    -23.10     83.30     83.30
  60259.29     32.08    -23.58     83.91     83.91
  60260.31     31.72    -24.05     84.52     84.52
  60262.21     31.04    -24.92     85.66     85.66
  60265.27     29.90    -26.29     87.50     87.50
  60269.21     28.34    -27.96     89.86     89.86
  60272.25     27.07    -29.19     91.69     91.69
  60272.27     27.06    -29.20     91.70     91.70
  60276.21     25.34    -30.71     94.06     94.06
  60279.27     23.94    -31.81     95.90     95.90
  60280.29     23.46    -32.16     96.51     96.51
  60283.21     22.07    -33.13     98.26     98.26
  60286.27     20.57    -34.09    100.10    100.10
  60293.27     16.98    -36.01    104.30    104.30
  60307.27      9.32    -38.70    112.70    112.70
