%-----------------------------------------------------------------------------
%                R.A. (mas)        Dec. (mas)        Err. (mas)     Corr. Del.
% Uncertainty in R.A. is in R.A. cos(Dec.)!!!!
%-----------------------------------------------------------------------------
45864.264   -0.619314612819   -5.068699201161    0.5567    2.0205  -0.265   20
45874.253   -0.219472428797   -2.405397596306    0.4625    1.9901  -0.311   19
45879.250    1.401634802068   -8.839198800104    0.4417    1.9237  -0.304   23
45884.250    0.359713326342   -4.223199601228    0.3877    1.6929  -0.242   28
45889.258   -0.622231984778    0.236401202613    0.4215    1.7864  -0.311   27
45894.291    0.409764095532    4.641101998715    0.4282    1.9218  -0.394   24
45899.248    0.259314138081    7.333700398959    0.4143    1.7959  -0.341   25
45904.255   -3.066516722144    8.795401200956    1.0406    3.1456  -0.390    7
45909.252   -2.484413570160   -6.767697602328    1.0686    3.0246  -0.273   10
45939.250   -1.171942762110    0.623300400093    0.4031    1.9742  -0.244   23
45944.254    0.079238573717   -0.841798797069    0.3593    1.6355  -0.334   27
45949.254   -2.406488353830    1.176299998207    0.3702    1.5276  -0.381   23
45954.251    0.018096172039    1.650502800032    0.3103    1.3018  -0.296   22
45959.247    1.685317608723   -0.139500001950    0.6320    2.7981  -0.503   13
45964.251   -0.141403625827   -7.530598800543    0.7438    3.0600  -0.398   11
45969.251   -0.606328233918    3.536499598766    0.3317    1.4047  -0.239   23
45974.277    0.579770652955    1.074999602935    0.4180    1.7895  -0.288   25
45979.263   -0.572324827113    9.089701202925    0.3345    1.5271  -0.335   22
45984.281    0.412390785422    2.642000397657    0.4189    2.0533  -0.214   27
45989.252   -0.549707243657    8.293701603890    0.3071    1.3909  -0.230   25
45994.245    0.889573287957   -3.086999999624    0.3026    1.3195  -0.333   24
45999.253   -0.774580172548    9.040701601748    0.3230    1.4106  -0.255   26
46004.242   -0.109445519886    3.001100398592    0.2937    1.3769  -0.317   27
46009.250    1.164356883303   -4.419698399261    0.5487    2.6664  -0.440   11
46014.254   -0.565176725807   -3.307100398331    0.3548    1.5165  -0.291   24
46019.250   -0.533071524435    1.974002401539    0.5281    2.1817  -0.322   15
46024.265    0.225457801822    0.817300799838    0.2912    1.2630  -0.303   27
46029.258    1.091247269250   -3.769999199221    0.3224    1.3877  -0.257   23
46034.251   -0.342783391375    2.557400403447    0.2774    1.2208  -0.338   27
46039.244    0.424942870726    0.984902399637    0.2682    1.1333  -0.346   26
46044.248    0.773855221766   -1.428497998290    0.2794    1.2144  -0.342   27
46049.252    0.120827884214    0.818100000544    0.3314    1.2873  -0.289   27
46054.263    1.434906240512    3.235500002319    0.4186    1.6341  -0.207   22
46057.492    0.243701069291   -0.420897601572    0.2674    1.1641  -0.301   24
46064.249    0.466969958724    1.097301603181    0.5685    2.3409  -0.575   12
46069.253   -0.681917442429   -0.868197597015    0.3098    1.2930  -0.332   23
46074.246   -0.725404983244    1.274799600282    0.2733    1.2079  -0.326   24
46079.254    0.013718347262   -1.237899600426    0.6085    2.5624  -0.202   12
46084.247   -0.328774362042    1.588302001920    0.4906    1.9773  -0.236   15
46089.280   -0.042608452139    0.719301603880    0.6500    3.1492  -0.229   15
46094.247    1.510642544453   -0.041598001843    0.5391    1.7687  -0.236   13
46099.233    1.026161336391    0.989301600640    0.6200    2.2900  -0.211   11
46104.266    0.681920976104   -0.825897596712    0.3214    1.2146  -0.339   24
46109.252    0.140384484185   -2.472998401259    0.3268    1.2796  -0.282   23
46114.259    0.359566230912   -1.101099601897    0.2946    1.1092  -0.280   27
46119.252   -0.135712443663   -0.355798801621    0.3036    1.0974  -0.305   27
46124.263    0.295797139344   -1.164499197870    0.2675    1.0718  -0.296   39
46129.238    1.317142848573    7.285802399792    0.4966    2.2110  -0.409   24
46139.250   -0.929702145637    4.574199598295    0.4814    1.8141  -0.451   10
46144.254    0.584439159803   -3.846898799509    0.4581    1.6301  -0.505   12
46149.254   -1.092847775033    8.613500402532    0.2628    0.9124  -0.264   28
46154.247    0.555983323637   -5.186199597773    0.2704    0.9639  -0.266   26
46159.251    0.289230402179    0.959601601380    0.3193    1.0389  -0.267   23
46164.266    1.230752664759   -2.312398797244    0.2633    0.9685  -0.273   25
46169.251   -0.361170245484   -1.854399597079    0.3171    1.0783  -0.329   25
46174.270    2.187306631989    5.371801199061    0.3191    1.0479  -0.235   17
46179.259    3.303941761225   -4.959500400759    0.5901    1.0647  -0.339    9
46189.230    1.633512245625    0.262101598025    0.9741    3.1334  -0.572    5
46194.238    4.249845332487   -5.180597998589    0.8098    1.9408  -0.554   10
46199.220    2.416119583271   -9.912297600323    0.3848    1.5980  -0.286   12
46201.331    1.124662294334   -0.907898396463    0.1643    0.5440  -0.015   83
46204.268    0.291857092068   -1.913399998443    0.3603    1.4640  -0.209   17
46209.257   -2.200583668075   -4.013999999586    0.3495    1.2508  -0.312   16
46214.250    0.165481662100   -2.323997998843    0.3240    1.3402  -0.287   20
46219.276   -1.051843362352   -8.916800398850    0.3348    1.2113  -0.277   20
46224.258    0.511329545750    1.036101598118    0.2464    1.0141  -0.224   25
46229.258    1.718441976622    9.578700002777    0.3773    1.8854  -0.248   14
46234.240   -0.440552405842    5.572101602525    0.3302    1.2509  -0.343   30
46239.251   -1.171504959724   -4.103099997366    0.3096    1.0917  -0.254   23
46244.252   -0.068584693845    3.134602798127    0.3148    1.2354  -0.305   20
46249.248    0.578166613497    0.884699999659    0.2347    0.9125  -0.301   29
46254.238   -0.418372599886    0.949600801192    0.2887    1.1900  -0.236   26
46259.238    0.345410106149    3.681900000885    0.2799    0.9689  -0.237   27
46264.224    0.157020203407   -1.367297999622    0.2626    0.9741  -0.274   32
46269.209    1.040464531699    2.571400801088    0.3375    1.2536  -0.278   27
46274.290   -1.695530177420    1.920902400343    0.2910    1.0343  -0.335   23
46279.272    0.595093014790   -3.026599201661    0.3079    1.0784  -0.342   29
46284.261    1.732888783455   -0.153698398009    0.2765    1.0012  -0.282   28
46289.247    0.665723034383    8.250699598733    0.3866    1.5651  -0.236   28
46299.233   -0.705704771747   -4.520098797656    0.3003    1.1302  -0.326   24
46304.251   -1.904642942090    6.367899602822    0.3173    1.1496  -0.311   25
46309.230    1.632489570309   -3.864600000014    0.5098    1.7567  -0.399   15
46314.237    2.233126646947   -5.439697198284    0.3371    1.2509  -0.263   25
46319.234   -0.825509980644    6.737202002682    0.3139    1.1424  -0.284   23
46324.245    1.273217530257   -1.276199996880    0.2544    1.2258  -0.282   28
46329.242   -0.184306268826   -9.031399199699    0.2716    1.1094  -0.342   27
46334.235    1.372009220041   -4.786700399251    0.2612    1.0390  -0.261   32
46339.231    0.635368967899    2.469801598437    0.2702    1.0637  -0.291   29
46344.246   -0.693737559373    9.402202798725    0.2995    1.3794  -0.354   26
46349.243   -0.983258643622   -1.525697999938    0.2677    1.1373  -0.334   24
46354.232   -0.013714838472    3.486002398745    0.2526    0.9618  -0.290   31
46359.243   -1.185657600582    0.648702000916    0.2724    1.0085  -0.199   30
46364.240   -0.538324904214    4.482900003211    0.2184    0.8935  -0.302   34
46369.237   -0.158620709190    3.613201200636    0.4667    1.6626  -0.522   13
46374.230   -1.109630589685    5.603900402917    0.6040    2.0598  -0.483   13
46379.241    1.283286537199    4.793601598863    0.2458    0.9131  -0.259   32
46384.245   -1.161288882238    3.020500803075    0.2897    1.1776  -0.281   30
46389.296    0.265295977431    6.590001600415    0.3571    1.3639  -0.480   17
46394.231   -1.312323712620   11.084101201675    0.4512    1.5278  -0.480   14
46399.238   -0.463026377773    1.260899998812    0.3082    1.1879  -0.256   17
46404.242   -0.389769668290    0.821901599579    0.3332    1.3221  -0.355   18
46409.250   -0.463026377773    2.432699999844    0.3186    1.5718  -0.408   21
46414.276    0.350082121786    3.413501999461    0.4071    1.7050  -0.421   17
46419.261    0.487689311862   -0.806598001191    0.3252    1.1007  -0.332   19
46429.229   -0.363359157873   -5.037998402457    0.4787    1.4784  -0.442   12
46434.204    0.359713326342    1.119200399557    0.4951    1.6355  -0.532   11
46439.324   -0.386999391761    1.639800001385    0.2562    0.8767  -0.268   28
46440.427   -4.239187943826    1.404399598215    0.4240    0.7380   0.129   23
46444.233   -0.239172615409   -0.476099997826    0.2773    0.9112  -0.254   27
46446.257   -1.182887299168   -0.927197998379    0.3868    0.6645   0.172   21
46449.230    0.715483096618   -3.452399997883    0.3086    1.1972  -0.202   26
46450.238   -1.023972399118    0.702000000530    0.6097    0.7515   0.180   24
46454.238   -0.096455657080   -1.802797201123    0.3826    1.2289  -0.254   20
46459.234   -3.323785509592   11.070302402771    0.3346    1.3128  -0.383   20
46460.235    1.912964322933   -1.079600396281    0.4242    0.6275   0.000   27
46464.227    1.163187137441    5.743602003605    0.2447    0.8881  -0.295   29
46465.257    0.843606177568   -1.581598800726    0.4222    0.6194   0.034   24
46469.275   -0.630987634332   -0.420199197038    0.2754    1.0477  -0.299   33
46473.231   11.302077671645   11.747199603462    1.7136    1.2099   0.341   11
46474.261    0.785381147850   -1.853600396373    0.2817    1.0180  -0.248   27
46479.243    0.126081263992    1.789102798710    0.3193    1.3067  -0.283   32
46484.232    0.881693218289   -2.343499199498    0.2474    0.8829  -0.319   32
46489.232    0.543434722237   -4.191998396408    0.2527    0.9865  -0.270   30
46494.236   -0.684981934704   -1.088798401838    0.2608    0.9990  -0.273   26
46499.236    1.190623807080   -1.575997201542    0.3075    1.0432  -0.254   22
46504.233   -2.527169142614   10.822301998559    0.3944    1.4238  -0.299   20
46509.230    2.707244706978   -0.836398796622    0.2678    0.9819  -0.336   26
46514.234   -1.054322956812   -4.617500398041    0.2913    1.0150  -0.333   20
46518.503    0.929120781495    2.286500403414    0.3136    1.2695  -0.313   23
46524.238    0.791219425444    1.713200397546    0.2583    0.8639  -0.316   30
46529.249    0.791804298375   -0.468399597509    0.2874    0.9976  -0.250   28
46534.235   -0.541536491919   -4.934797198075    0.2958    0.9771  -0.318   28
46539.239    1.122035604445   -8.634999601753    0.2419    0.8986  -0.265   32
46544.239    1.443514794636    1.576000801862    0.4086    0.9943  -0.242   20
46554.236    1.415787418041   -6.466100397517    0.7150    1.4929  -0.143    6
46559.236   -0.329212139543   -6.555297597544    0.4048    1.1230  -0.381   19
46564.240   -1.209444929900   -0.170798396226    0.2384    0.9588  -0.367   35
46567.505    0.764514699281   -0.241599597928    0.2484    0.9693  -0.237   25
46574.248   -0.828136695419   -4.894498796659    0.2984    1.0153  -0.377   22
46579.244    0.728763666379   -1.266397201505    0.2706    1.1543  -0.310   26
46584.245   -0.042464865498    3.148199998293    0.3642    1.1311  -0.205   16
46589.249   -0.151034830382   -1.831399198693    0.3255    1.2582  -0.347   21
46594.234   -1.609577795992   -6.366398397262    0.2789    1.1217  -0.208   32
46599.245   -2.680392885385   -4.644698398693    0.2260    0.9195  -0.304   39
46604.235   -0.669659547984   -2.754198002464    0.2993    1.1272  -0.293   25
46609.253    0.708187899881    1.072000798530    0.3572    1.3768  -0.178   20
46614.246   -1.279780758633   -2.108998799599    0.3697    1.4364  -0.235   19
46619.243    3.285992684616    6.526900799031    0.4065    1.3628  -0.140   20
46624.247    1.791989368175   -4.271198396566    0.2732    1.1441  -0.236   30
46629.233   -0.653023828763    1.965999599918    0.2606    1.0003  -0.218   29
46634.247    0.545476539195   -7.774297199603    0.2901    1.1106  -0.222   30
46639.233    0.604433537274    0.619801202362    0.2298    0.8866  -0.284   26
46644.241    1.899974460128    0.418600802021    0.2734    1.0461  -0.245   28
46649.252    0.948968088422   -2.275199996404    0.2628    1.0172  -0.267   26
46654.234    0.005253404663   -3.698798400364    0.4948    1.6112  -0.382   12
46659.238    0.958889975048  -11.663298000997    0.4862    1.8373  -0.401   10
46664.234    3.206025651328  -14.525600396098    0.4649    1.9574  -0.543   14
46669.224    0.800703534569   -2.248297196417    0.4695    1.8940  -0.427   17
46674.242    1.097814006416  -11.609197200357    0.4398    1.4810  -0.509   13
46679.239   -0.689506854911    1.812700799064    0.4761    1.6984  -0.441   17
46684.236   -0.977273295483   -2.594797196309    0.2828    1.1060  -0.395   25
46689.247    2.086616736772    3.758302801771    0.2578    1.1328  -0.491   26
46694.232    1.583314381005   -2.934997198878    0.3919    1.4542  -0.382   23
46699.240   -3.254763038246    8.524602003490    0.3661    1.3043  -0.380   16
46704.226    1.076944049058   -4.571099997719    0.4163    1.4376  -0.320   19
46709.241   -0.784067790463    1.265000398831    0.2994    1.1146  -0.318   23
46714.087    0.717234231505   -2.460099599233    0.2873    1.1188  -0.298   23
46719.245    0.608226489121   -2.649200398253    0.2930    1.1748  -0.442   25
46724.234   -0.652001178331    3.552699600107    0.3528    1.2728  -0.321   19
46729.234   -0.182260943078    4.364600399498    0.3805    1.3161  -0.508   14
46734.242    1.626360635529    5.997301202854    0.2739    1.0122  -0.245   24
46739.253    0.226771159209    3.301300800729    0.2431    0.9189  -0.460   35
46744.231   -0.125205684106   -1.567400398272    0.3008    1.1114  -0.313   23
46749.232    1.842772080841    1.870599598419    0.2861    1.0304  -0.350   23
46754.239    0.511767323251   -1.397599201169    0.2920    1.1213  -0.366   27
46759.236    0.343658996146   -0.867697197293    0.4196    1.3725  -0.480   14
46764.236    0.793846115333    1.337702403248    0.2569    0.9888  -0.344   27
46769.240   -0.161685176580   -1.881799196468    0.3627    1.1444  -0.329   22
46774.251    0.059832577966    4.034401203512    0.3649    1.2524  -0.382   25
46779.263   -0.120095890968    2.178802802177    0.2787    1.0791  -0.343   29
46784.256   -0.402465365121   -0.271897199156    0.2909    1.0823  -0.368   24
46787.499    1.523191145853  -10.955599199036    0.2998    1.1269  -0.363   23
46794.227    1.333193694864   -4.458297596699    0.2870    1.0791  -0.310   28
46799.234    1.989282015901   -6.868497597878    0.3020    1.0163  -0.369   24
46804.238    0.296816305871   -1.230800402396    0.2901    1.0433  -0.330   21
46809.231    1.617461399334   -1.032199196516    0.6397    2.2584  -0.451   12
46814.235    1.511518124340   -2.929100399029    0.5828    1.8692  -0.606   12
46815.316   -4.581242900514   -0.029797201506    0.8411    1.3388  -0.294   21
46819.217   -0.000581364141    1.202400003564    0.2376    0.9608  -0.194   31
46824.229    0.393128376311    0.108802803567    0.2335    0.8268  -0.246   31
46825.313    0.428150924757   -1.992200401446    0.3321    0.6747  -0.162   36
46829.240   -0.118054074009   -5.912899200666    0.4835    1.7030  -0.172   15
46830.303   -0.233481458130    3.752402401602    0.4042    1.8152  -0.280    6
46831.311    0.192624140879   -2.408400001030    0.3569    0.5029  -0.008   36
46834.273    0.712127947157   -5.025200396602    0.4349    1.4763  -0.548   15
46835.314    3.129413767500    1.676001603101    0.3226    0.5515  -0.141   37
46839.251   -1.031852468785   -0.303098397580    0.4343    1.4590  -0.525   15
46840.289   10.445338044631    2.841300001677    3.1809    4.0152   0.228    5
46844.244    0.576121287749   -4.527500396989    0.3528    1.3625  -0.278   22
46845.285   -0.769911665700    0.455101198327    0.5919    0.7661  -0.158   39
46849.241   -0.547956108769   -5.814197999854    0.3210    1.0686  -0.290   21
46850.271    0.543434722237    1.621000799190    0.2621    0.5559  -0.029   38
46854.237   -0.276821878629   -6.217297198674    0.3084    1.2343  -0.307   23
46859.245    0.690091752727    4.094701198909    0.3778    1.4019  -0.298   20
46864.238   -0.642664164636   -0.370497597402    0.2723    0.8874  -0.166   23
46869.231    0.866370856455   -2.058998398979    0.2536    0.8315  -0.202   23
46874.239   -0.080695492860   -9.185399999012    0.3003    0.9351  -0.214   18
46879.250    0.973189686451   -4.356899999181    0.2780    1.1261  -0.400   15
46880.327    2.154620066476   -1.519397996219    0.4761    3.1983  -0.118    5
46884.239    0.373137482743   -1.151697598090    0.5147    2.0521  -0.382   12
46889.247    0.997414793270   -7.646399999572    0.3452    1.0648  -0.266   21
46894.243    0.278138769691   -6.671199599140    0.2063    0.8048  -0.319   36
46899.247    0.905042770107   -5.933599199182    0.3295    1.1473  -0.404   25
46903.510   -0.873081155376    2.135800803416    0.3887    1.4196  -0.201   27
46909.237    1.065271027544   -5.062298401270    0.2983    1.0751  -0.307   27
46914.237    1.839269835950    7.224202797573    3.7114    5.5200   0.621    3
46919.226   -1.142754932698   -0.650599196916    0.4878    1.2486  -0.471   18
46924.216   -1.090805958075   -3.034598396567    0.3845    1.2691  -0.423   20
46929.274    0.603410886843   -9.331599601836    0.2821    1.0161  -0.300   26
46934.256   -0.441722151704   -4.041597597393    0.3353    1.1053  -0.310   18
46939.249    0.748754559946   -0.829097999855    0.2884    1.2533  -0.256   30
46944.235   -0.230854768241    8.443800001601    0.3408    1.2287  -0.226   20
46945.291   -0.533218619865   10.637499597976    0.4571    1.2432  -0.162   26
46949.243    0.037358581150   -3.374899201702    0.2830    1.0602  -0.235   30
46952.512    3.143422796832  -13.338900000548    0.2961    1.1643  -0.250   29
46959.232    0.274927181986   -6.820599598711    0.3361    1.1855  -0.279   23
46964.233    0.471347783501   -7.593199202205    0.3178    1.2978  -0.242   22
46969.240   -0.160809621578    0.112899603266    0.3008    1.1603  -0.324   30
46974.233    0.334465569092   -7.410398400509    0.2867    1.2087  -0.242   28
46975.281    1.797095652523   -0.815900396844    0.3924    1.4743  -0.136   27
46979.241   -0.293314011211    8.627399997607    0.6038    2.4754  -0.365   11
46984.237    0.668202628842   -2.022998402396    0.2915    1.1683  -0.271   31
46989.238    1.495757960119   -2.405998798594    0.3064    1.0572  -0.412   31
46994.238   -0.690820187413  -18.926798400543    0.5698    2.6769  -0.152   13
46998.212   -1.947983362590  -13.821199199526    0.3361    1.2440  -0.188   40
46999.234    1.852988183212    2.749600803043    0.6264    2.3020  -0.490   13
47004.253    1.537053079756    1.385200798865    0.5603    2.0295  -0.257   14
47009.250    2.322143520650   -1.841799602431    0.6317    1.9334  -0.536    9
47014.239    2.684627123521   -5.566798797929    0.5150    1.7702  -0.378   13
47019.243   -0.507827251090    0.857401202836    0.6381    2.0306  -0.627   11
47024.232   -0.933789263458    7.923301202339    0.5175    1.7913  -0.474   13
47029.236   -1.024700858689    4.033000800518    0.5846    2.0257  -0.506   12
47034.236    0.405533366185   -6.033999597577    0.2260    0.9567  -0.319   33
47035.292    3.179758727551    4.198201197880    0.3722    1.2532  -0.043   35
47039.233   -1.060308304951   -4.010097597984    0.2996    1.0421  -0.259   31
47044.241    0.289373988819   -2.431400399416    0.2718    1.0589  -0.279   29
47049.237    0.195688633154    1.137700800768    0.3407    1.1778  -0.299   26
47054.234   -0.147823242677    5.184500400190    0.2048    0.8685  -0.376   34
47059.230    0.466969958724   -3.233599199604    0.4681    1.8194  -0.420   14
47064.234   -0.347451898222    1.567000801117    0.3055    1.3061  -0.278   29
47065.294   -0.144468093217   -2.964999599442    0.7283    1.6117   0.194   23
47069.231   -0.289664670890    4.164602403733    0.4756    1.8208  -0.459   14
47074.231   -0.233337871489   -0.132098396222    0.4115    2.0134  -0.457    7
47079.261    0.644415299524   -3.382297200716    0.3347    1.4243  -0.331   30
47084.235    1.270005967437   -8.575099197117    0.1963    0.7722  -0.271   45
47089.236    1.018866114769   -4.853599199350    0.2676    1.0417  -0.277   31
47090.306   -2.359351472695   -8.090197196964    0.2489    1.1802  -0.256   34
47094.236    0.345847883650   -0.031798800393    0.2735    1.0118  -0.243   29
47099.240   -0.408741395331   -1.372597197502    0.2361    0.9354  -0.205   32
47104.251    0.340594503871   -2.543597997828    0.2204    0.8569  -0.409   31
47109.255    1.124956485194    6.665400001538    0.2753    1.4842  -0.252   23
47114.255   -0.845357287571   -0.785300400707    0.2232    0.9608  -0.397   23
47119.248   -1.035645420631    1.591300799930    0.3160    1.2636  -0.377   21
47124.241    0.926203409536   -6.001297199987    0.3872    1.5934  -0.469   12
47129.242   -0.176132008298   -0.859197596270    0.2278    0.9949  -0.359   29
47130.293   -3.542385892178   -3.661200002369    0.3116    1.4271  -0.412   34
47134.245   -0.521251407491    3.152502003445    0.2267    1.0281  -0.410   30
47139.253    0.044653777887   -0.008697599441    0.2225    0.9394  -0.292   17
47144.253    0.539932477346   -4.026999597784    0.2334    0.9213  -0.314   29
47148.172    1.043091246473   -6.436998000225    0.4776    0.7060  -0.019   19
47149.243   -0.157892249618   -1.092697196725    0.3581    1.2251  -0.231   19
47150.276    0.358837771340    5.635900802048    0.3774    1.5671   0.011   20
47151.113   -5.464396546736   10.423299599438    0.9710    1.1096  -0.328   14
47152.482    0.093394698480   -1.862798401930    0.4254    1.5752  -0.420   16
47159.239   -1.054760734312    7.347902401733    0.2621    1.0179  -0.228   28
47164.251   -0.255226970489   -5.399899196590    0.2396    1.0591  -0.302   28
47168.163    0.879066528400   -1.457298000673    0.3764    0.5826   0.000   33
47169.240    0.127832398880   -1.398600000613    0.5178    1.4704  -0.143   19
47173.166   -0.062165052110   -0.655599600208    1.9148    1.8183   0.135   14
47174.251    0.350519899287    4.675701598700    0.3137    1.1639  -0.296   21
47178.156   -0.434717637037    3.607001999484    0.8526    1.1776  -0.358   34
47179.233   -0.459086355382   -0.383997601716    0.2684    1.0754  -0.357   27
47180.252   -0.954802807457    2.481400800036    0.2624    1.2367  -0.262   27
47183.171    0.905333452177    1.060700397915    0.8918    0.7345   0.088   18
47184.248    0.255226995374    0.846201598392    0.2109    0.9134  -0.329   26
47189.230   -0.407865840329   -3.406499997283    0.3274    1.2948  -0.264   20
47194.256    0.264567517859   -3.991197599618    0.2911    1.0384  -0.329   29
47199.231   -0.321622751946   -1.522897200346    0.3139    1.2311  -0.369   22
47201.915   -2.080484268318   -1.544997601854    1.6036    2.1558   0.620    7
47204.249    0.132795096588   -4.073597996523    0.3503    1.2735  -0.295   26
47209.253    0.965309616784   -9.631699201407    0.2563    0.9987  -0.278   23
47214.250   -0.450915578758   -0.480099601674    0.2577    1.0393  -0.265   29
47215.298    0.300318550762    2.419401600662    0.3726    1.2009   0.004   32
47216.916    0.808877795097   -0.521398796138    0.6854    0.7949   0.638   14
47219.235    0.454274261893   -4.656099601874    0.2622    1.0173  -0.339   28
47224.239    0.785528243280    0.301301997752    0.2649    1.1423  -0.226   30
47224.926   -7.898170990870   -6.581098801917    5.3026    7.0305   0.322    6
47227.903    1.588858467739   -0.319499997659    2.2696    3.9976   0.902    4
47229.251    1.098980243488    1.382000402117    0.2442    0.9919  -0.366   29
47234.244   -0.928535883680    1.012899600994    0.4498    1.2918  -0.084   19
47235.296    1.335820384753    4.482302401243    0.2659    1.3303  -0.225   34
47239.258   -0.152638844955   -0.066898800100    0.3482    1.0900  -0.300   27
47244.244    0.447413358753   -0.777398401652    0.2312    0.8509  -0.268   30
47244.934   -0.633614324222   -2.685599998387    1.3833    1.6103   0.692   14
47249.263    1.421478600205   -4.536597599980    0.2608    0.9547  -0.404   26
47251.900    2.084280728954    4.374100799964    1.8426    3.9963   0.956    6
47253.511   -0.887527962209   10.269399602691    0.2174    0.8667  -0.325   29
47259.234    0.046699103635    0.052902002778    0.4219    1.8382  -0.353   13
47262.017    8.568418970345   10.590400799515    5.2669    5.4140   0.601    3
47264.249    0.931600375954   -3.668097601661    0.3207    1.0280  -0.376   22
47265.911  -16.373633040236  -29.810498396188   18.5848   26.0931   0.967    4
47269.235    0.786841600667    2.750201998936    0.3062    1.0491  -0.350   25
47270.279    5.031139337631   -5.085900001944    0.3829    1.3291  -0.145   17
47274.253   -1.408050910129   -3.506698796940    0.3577    1.1589  -0.379   22
47286.916   -1.425124406851   -4.530599997565    7.0986    7.6201   0.979    4
47289.243   -1.284014971885   -2.291198399007    0.3386    0.9889  -0.331   22
47294.269    0.192624140879   -2.322399597432    0.2060    0.8266  -0.325   41
47299.262    2.667406531369    2.946002398829    0.3851    1.9704  -0.215   21
47300.208    1.540702420076   -2.146399199177    0.6232    0.8292   0.099   11
47302.527    0.588673373054    2.974100402753    0.2369    1.0216  -0.339   28
47303.995    2.734387185756    5.101801202301    6.0413    2.9345   0.309    5
47309.251    0.011676530303    4.643002801430    0.2640    0.9925  -0.317   20
47314.244    0.201673981293    4.603302001982    0.2195    0.7714  -0.343   32
47319.241    1.458399378969    4.092001201883    0.2723    0.8624  -0.398   31
47324.245    2.872873439623   -4.822099199941    0.2739    0.8217  -0.320   28
47329.234    3.544431242811   -4.961797200309    0.3583    0.8202  -0.472   33
47334.253    1.503638029787   -4.180798798359    0.2899    1.2069  -0.414   17
47335.294    0.919636672370   -0.212997600357    0.5275    1.6001  -0.382   13
47339.238   -0.932913708457    0.717901200886    0.3178    1.1587  -0.365   15
47344.246    0.990848056104   -0.145400402118    0.4775    1.9196  -0.270   14
47349.239   -1.873560416036   -2.210900397159    0.3477    1.3131  -0.295   15
47354.239    0.012842792261    0.684100801607    0.4330    1.5839  -0.121   14
47358.502    0.046261326134   -2.207700000412    1.2038    0.8391  -0.466   15
47359.250   -0.568531875267   -4.426398000135    0.4985    2.1521  -0.537   10
47364.243    0.061583687969    4.168602001187    0.3556    1.1877  -0.385   17
47368.283   -0.218159071410   -0.434998801779    0.6633    1.3234  -0.351   11
47369.247   -0.390792343607    5.221101599062    0.3844    1.5152  -0.397   13
47374.251    1.624609500641   -8.978497196921    0.4753    1.4617  -0.410   11
47379.241    0.734017046157    0.341002803594    0.2261    0.8601  -0.322   20
47384.244   -0.678268102108    0.739900799829    0.2441    0.9076  -0.393   26
47389.237   -0.684253450248    2.339301603627    0.2503    0.8146  -0.302   28
47394.249    0.313161318137    0.168901200226    0.1700    0.5749  -0.249   51
47399.249    0.122726114532   -1.669298401907    0.2171    0.7552  -0.295   33
47403.157    1.988262849374    0.679100398315    1.1277    3.6942  -0.142   10
47404.260    1.591047380127   -1.068897597634    0.2321    0.7147  -0.424   36
47409.249   -0.601803313710   -0.364100397832    0.2935    0.9914  -0.287   26
47414.242    0.119808717687    3.789500399876    0.2640    0.8739  -0.289   30
47415.251   -2.119884666426    6.957302401389    1.5972    5.2053  -0.089    3
47419.254   -0.587647188948    2.164899600388    0.2197    0.7696  -0.265   34
47424.254    2.140463941714    3.329100003668    0.2632    0.8697  -0.350   27
47425.335    1.339907527459    7.346300400002    0.4101    1.4031  -0.377   18
47429.236   -1.192809210679   -1.409198396374    0.2148    0.7724  -0.299   34
47434.244   -1.192224312863    1.148000401940    0.2408    0.7735  -0.335   28
47439.247   -0.152491774410    0.263102403864    0.2312    0.8490  -0.331   28
47444.251   -0.456459665492    0.439001999553    0.3669    1.5858  -0.378   12
47448.160  -10.094961731984  -96.946200002179    2.0363   12.2596   0.256    4
47449.252   -1.451100648558    0.405701999995    1.0083    4.7836  -0.332   10
47454.197    1.116491542596    0.769802397826    0.6309    2.6973  -0.021    8
47459.249    0.321332094760   -2.848100398722    0.3225    1.2013  -0.454    8
47464.256    0.662949249063   -2.551399200712    0.2625    0.8855  -0.365   25
47469.238    0.123310987463   -0.159299997193    0.3073    0.8187  -0.379    8
47470.338   -0.431943851718   -6.856498799124    0.3306    0.9746  -0.230   14
47474.249   -0.159790455051   -3.039800398597    0.2253    0.6472  -0.362   31
47475.330    1.128164564110   -4.099298398330    0.1837    0.6672  -0.007   37
47479.246   -0.700889169469   -2.543799596566    0.4108    1.0133  -0.363   16
47484.246   -0.159205582120    6.682899603305    0.2634    0.8692  -0.399   15
47489.254    0.089016873703   -1.924397997755    0.2599    0.8862  -0.357   13
47494.236    1.725884268789   -4.838198398716    0.2613    0.8326  -0.388   22
47499.254    0.364672515260   -0.711399598430    0.4464    1.3152  -0.489   12
47504.266    0.457629436239    0.823100403835    0.2913    1.0241  -0.195   14
47509.255    0.463320593518    2.382400798240    0.3085    0.9677  -0.166   15
47511.538   -1.866702996799  -11.839197596686    2.1069    5.5703   0.434   24
47512.641   -1.710267666324   -6.866600401878    1.0687    4.8008   0.578   15
47514.241    0.442891922450   -1.313197198982    0.1943    0.5726  -0.262   33
47515.267    0.153517958516    2.254701603022    0.6817    1.9428  -0.150   12
47518.525    0.574226566221    0.782600403681    0.1954    0.5673  -0.351   32
47524.237    1.166983573192   -4.259199597811    0.2334    0.6480  -0.339   31
47529.256    0.593632586857    0.269801998343    0.1916    0.5666  -0.328   34
47531.926   -2.547744884227   -0.245498399210    1.5500    1.4762   0.146    9
47534.242   -0.139505395509   -0.130597197057    0.2609    0.6660  -0.342   29
47535.001   11.491343154274   -8.717497200905    1.3650    1.3718   0.001    4
47539.253    0.537305787457    4.125401997612    0.2173    0.6306  -0.331   30
47540.962    2.897974126329    1.042599600254    0.4954    0.8551   0.247    6
47544.257    0.645728656911   -0.715697996867    0.2018    0.5230  -0.383   40
47549.242   -0.497026300673    0.056300397944    0.2705    0.7804  -0.339   13
47550.272    3.112630952848   -4.015699197168    0.4787    1.5394  -0.139   13
47554.246   -0.406699578372   -2.826997196337    0.3553    1.0283  -0.285   12
47559.247    0.232318729847    2.396001598726    0.4818    1.2059  -0.567    8
47560.306   -0.583416484486   -2.919898799547    0.3843    0.4866  -0.104   24
47564.232    0.458067213740    0.236501998785    0.3314    0.8509  -0.417   14
47565.317    0.644415299524   -1.527598796258    0.2405    0.3096  -0.104   30
47569.255   -0.397359055888   -0.774799200798    0.2513    0.7712  -0.379   14
47574.244   -0.481998104813   -0.790700401154    0.2551    0.8450  -0.375   13
47575.310   -1.048631774647    0.122900403454    0.3059    0.4422  -0.045   22
47579.255   -0.360585372554   -0.877399196497    0.2760    0.7870  -0.386   29
47584.106   -2.573283348433   -0.005299197881    0.6138    1.0231  -0.084   12
47585.271    1.447454817027   -3.177000000676    0.3400    0.5724   0.121   13
47589.237   -0.769911665700    0.975200400433    0.2419    0.7827  -0.470   15
47590.315   -0.874250901237   -0.372697201101    0.3038    0.4058  -0.255   29
47594.249    0.229544944528   -2.358500396582    0.2920    0.8491  -0.411   14
47599.253   -0.095142299693  -11.467699199841    0.2748    0.8503  -0.347   20
47604.242    1.184638458940    0.704300400400    0.3324    1.5869  -0.575   13
47605.009    9.078288038393    3.538602000219    0.8085    0.8254   0.677   19
47609.249   -0.235964561379   -0.248900401090    0.2425    0.8276  -0.376   15
47614.242    1.315973102711   -5.411199597205    0.3109    1.1199  -0.408   24
47615.302    1.092413531207    0.911102399925    0.4520    0.4903  -0.101   27
47617.274   -0.647623353554   -3.804098399485    0.3189    0.6891  -0.029   25
47619.254    0.378100180451   -0.974599198145    0.2708    0.9669  -0.357   26
47624.243    1.715377484347   -0.510397196507    0.4893    1.1346  -0.355   20
47629.247    0.927222551177    0.727801198508    0.2579    0.5931  -0.329   25
47634.251    0.288207751747   -1.849899599904    0.2141    0.5838  -0.323   37
47635.277    1.051699775712   -4.427297997012    0.3054    0.9864  -0.203   28
47639.240   -2.981734086578    0.579200399642    0.3463    0.7864  -0.267   14
47654.248   -0.886946573183   -3.348097197886    0.2538    0.7770  -0.310   22
47659.245    1.125832065081   -4.453898402090    0.2149    0.5963  -0.321   32
47664.245   -1.673931760490    6.992600399514    0.2247    0.6710  -0.327   27
47669.242    1.367193592878    1.784800799953    0.2330    0.6613  -0.344   31
47670.275    1.120140882917    1.632099601068    0.4313    1.2231  -0.089   26
47674.242    0.037067899079    1.616500802015    0.2093    0.7077  -0.403   32
47679.246   -0.345410081264    7.548501599786    0.2419    0.6216  -0.294   32
47684.243    2.996037331656   -4.730198396175    0.2330    0.7114  -0.355   36
47689.246   -0.159058486690    3.651299998353    0.1973    0.6763  -0.354   30
47694.254   -1.907854504910   -5.302598398771    0.2721    0.8276  -0.376   33
47700.266    1.650876424418   -1.643799598838    0.4497    1.5379  -0.102   22
47709.240    0.433551424850   -0.338698797009    0.2098    0.7454  -0.208   31
47717.290   -0.139652490939   -0.379897201697    0.8864    0.6410   0.105    3
47724.234    0.906646809564    1.915599602142    0.2774    0.9042  -0.158   25
47729.245    2.290623217094   -0.802897198326    0.2068    0.6121  -0.279   28
47734.242    0.125643486492   -0.141699599254    0.2732    1.1671  -0.253   29
47735.268   -0.418372599886    1.747601999114    0.5068    1.7460  -0.302   23
47744.257    7.912330649307  -22.799699996767    0.2103    0.8223  -0.271   26
47749.257   -0.684544157203    4.683502801583    0.2719    0.9897  -0.320   19
47754.239    1.846712128117    2.901902398378    0.3479    1.4254  -0.439   16
47764.247   -0.119952304327    2.919301197579    0.2198    0.7712  -0.226   26
47779.251   -0.212467914131   -0.516499201808    0.3183    1.5560  -0.493   15
47789.248   -0.508846417617   -8.117899197657    0.2763    0.9724  -0.162   22
47790.275   -1.138962005737    1.553702401935    0.3899    1.3546  -0.222   25
47794.252   -0.357373809734    5.014602000841    0.2448    0.7614  -0.082   18
47799.242    1.218785452385    2.384100002217    0.2029    0.7921  -0.290   25
47804.238    0.480978988056   -2.888899199860    0.2160    0.7553  -0.304   26
47809.249   -0.712709286413    0.501102001493    0.1707    0.5665  -0.248   35
47810.272    0.064648180243    3.370302002281    0.4908    0.9327   0.053   18
47814.250    0.192480554239   -3.187800001569    0.2598    0.9216  -0.217   26
47819.250   -1.350701460297   -3.568899601447    0.2642    0.9482  -0.233   29
47824.250    0.071652694910    0.192200399596    0.1732    0.6390  -0.207   29
47829.254   -0.133667142800    3.481300802832    0.2560    1.1148  -0.322   17
47834.247    0.157748662978    0.458301601469    0.1916    0.6370  -0.216   29
47839.251    0.022764678887   -0.349999197624    0.2301    0.8893  -0.216   27
47844.255    0.544019595167   -2.478200396894    0.2009    0.6425  -0.139   29
47849.252    0.190873030876    0.167101200077    0.1665    0.5715  -0.239   28
47854.248    0.634202730827    0.386002800923    0.2033    0.6862  -0.251   26
47859.256   -0.051220490167   -2.139998399286    0.1993    0.7059  -0.183   36
47864.183   -0.601074854139   -0.803397598048    0.1862    0.7016  -0.235   27
47874.260   -0.180803999050   -0.321299997808    0.1911    0.5904  -0.203   21
47879.250   -0.342198518444    0.349102801067    0.2451    0.6724  -0.232   19
47883.512    0.032833660943   -1.842199199587    0.2052    0.7219  -0.229   20
47889.257   -0.276531196559    2.098800000994    0.2093    1.0485  -0.141   18
48090.364    0.729345030520   -3.467397601042    0.4282    0.9031   0.068    7
48199.249    0.541536516804   -2.713197596194    0.2057    0.4559  -0.220   23
48204.245   -0.148408140493   -1.399298398752    0.1999    0.5331  -0.209   22
48209.249   -0.339281146484    1.717401600132    0.1729    0.4219  -0.263   24
48214.250    0.379994901980    1.006700399842    0.2258    0.4296  -0.215   24
48224.250    0.320456539759   -2.691298799817    0.2042    0.4715  -0.306   23
48229.258    1.162749359940   -4.345700401132    0.3268    0.7338  -0.172   20
48234.254    0.280036975124   -2.498598000500    0.2096    0.5080  -0.284   25
48239.251    0.708625677382    2.250899997591    0.1857    0.4280  -0.261   25
48244.251   -0.385101161443   -0.577198800755    0.1937    0.4169  -0.140   54
48248.517   -0.222099118687   -1.629500400213    0.2451    0.4851  -0.215   19
48254.252   -0.240195290725    1.799002802727    0.2019    0.4954  -0.212   24
48259.248    0.168840320351    0.641901603871    0.2973    0.7288  -0.224   22
48264.249    0.413704117924   -0.153197998287    0.2482    0.6352  -0.303   38
48269.253    0.140384484185    0.654202797534    0.4810    1.7556  -0.427   14
48273.168   -0.253619447127    1.641301200550    0.5865    0.5846   0.059   10
48274.249    0.185038262072    0.166499997789    0.2419    0.6192  -0.268   30
48279.249    0.209991853347   -0.241999201478    0.2150    0.5277  -0.242   30
48284.253   -0.230416990740    1.431500403015    0.2486    0.6336  -0.276   33
48289.243    0.401302636839   -0.312800396784    0.5467    1.9499  -0.441   14
48294.250    0.350957676788    0.706899601255    0.3223    0.6717  -0.247   30
48299.247   -0.327461029540   -0.289598399661    0.2393    0.5351  -0.244   37
48301.416    0.575683510249    1.562000397826    0.2716    0.3093  -0.045   28
48304.258   -0.247637582892   -1.501599599862    0.5430    1.9464  -0.382    8
48309.247    0.412100078466   -0.084398401867    0.2437    0.6182  -0.257   30
48314.248    0.614940321716   -0.142700398698    0.2282    0.5634  -0.234   33
48319.248   -0.016050821406    1.937102401683    0.3669    0.9436  -0.256   33
48324.252    0.044653777887    0.271702801058    0.2327    0.5560  -0.204   33
48329.252   -0.006128934780   -0.682898397031    0.2663    0.7250  -0.319   33
48334.249   -0.238881933338   -0.292698000237    0.2900    0.8000  -0.235   33
48339.249    0.087703541201    0.250002003099    0.2807    0.7203  -0.260   33
48341.167   -0.345847883650    0.931701602269    0.3553    0.4552  -0.075   23
48344.249   -0.031520303556    1.163102401591    0.3267    0.8165  -0.194   33
48349.253    0.308198620429    3.169900802646    0.4954    1.3863  -0.058   12
48354.250    0.179490691433    0.191502001456    0.3040    0.7928  -0.203   33
48359.250    0.140384484185   -0.859100400419    0.2662    0.7964  -0.306   37
48364.243    0.455440523850   -0.377298000842    0.3018    0.7195  -0.300   40
48368.831    1.113717757277   -0.992397600896    0.3790    0.8013  -0.210   25
48370.335   -0.119367406512    0.131399998082    0.2777    0.5356  -0.187   24
48382.834    0.145781450604    1.114001997848    0.4371    1.3419  -0.305   20
48384.164    0.283245054039   -0.620798401485    0.2688    0.4368  -0.152   38
48389.832    0.295502948484    0.742600803250    0.6172    1.3899  -0.124   11
48393.251    0.748607464516   -0.089798402314    0.6177    0.8994   0.155   11
48396.834   -0.366861402763   -1.610697597698    0.3099    0.8590  -0.227   32
48400.257    1.241697226702   -2.158797601481    0.3951    0.5660   0.114   23
48403.833    0.091790659022    1.503302397765    0.3015    0.8562  -0.316   45
48410.834    0.598010411634   -0.341798397585    0.3363    0.7976  -0.281   31
48414.271    0.204300671183    3.128601601787    0.3604    0.5559   0.005   24
48417.833    0.678856508714    2.595502801483    0.1959    0.4787  -0.218   65
48419.169    0.494693826529    1.945501200140    0.2792    0.3385  -0.120   37
48419.250   -0.780271329827   -3.612697200595    0.5507    1.0836   0.478    3
48421.262   -1.252494668329    2.919801603696    0.3277    0.5060   0.116   24
48424.834   -0.945609380402    3.033399598706    0.2144    0.4747  -0.204   63
48428.257    1.145675838333    1.820800802932    0.3457    0.5119   0.088   24
48431.833    0.948236095176   -0.568497600995    0.2101    0.5044  -0.218   69
48435.350    0.494403119573   -0.232797601996    0.4687    0.9082   0.023   11
48438.834    0.044216000386   -0.273697199304    0.2874    0.7598  -0.387   41
48440.281    1.570033836129   -1.038499200234    0.4073    0.6159   0.140   21
48445.833   -0.719276023579   -0.141897597672    0.2173    0.5266  -0.214   62
48449.266   -1.237610059110   -0.381200402444    0.3565    0.5876   0.087   23
48452.834   -0.275070768626   -1.811998800605    0.1914    0.5119  -0.224   65
48454.175   -0.993471237204    2.289002402023    0.2158    0.2595  -0.077   49
48456.334    0.698118917825    2.513199600429    0.6811    1.2211  -0.041   10
48457.429    2.138127933895   -5.366998800582    0.4003    0.6398   0.252   24
48459.248   -0.083907055680   -0.677098799429    0.3258    0.5188  -0.254   41
48463.259    0.222687525292   -0.520498799261    1.0594    1.2315   0.029    6
48467.251   -2.397000735915   -3.197397597887    0.2143    0.5201  -0.241   58
48470.261    1.084680532085    2.581599599694    0.7186    0.9387   0.244   17
48473.833   -0.013861933902   -0.501897601879    0.3376    0.9494  -0.348   35
48475.085    1.174569476884   -2.363399997307    0.2041    0.2425  -0.082   50
48477.262    0.477329622851    4.060299603736    0.7365    1.0258   0.224   10
48480.831   -0.379262908734   -1.178600398077    0.3365    0.8255  -0.349   43
48484.279   -0.335778876709   -2.754198002464    0.3638    0.5414   0.208   23
48487.836   -0.219034651297    0.053100001196    0.4768    1.1230  -0.304   30
48491.343   -1.669116158213    0.692902797539    0.4298    0.6320   0.236   19
48494.835    0.438076320173   -1.493899199545    0.3216    0.8427  -0.281   37
48498.359    0.371239252426    3.706901998157    0.3958    0.6030   0.183   25
48501.833   -0.050782712666   -1.508799600458    0.3523    1.0288  -0.320   29
48504.167    0.843315495498    1.533700801559    0.2302    0.2620  -0.145   47
48505.357    0.713441279659    0.526302003578    0.3721    0.6508   0.136   23
48509.247   -0.174380873410    0.479401203535    0.3289    0.9043  -0.409   38
48512.272    0.586922263051    0.491500798461    0.3393    0.5592   0.143   19
48515.836   -0.245157988433    0.312602398367    0.3354    0.8545  -0.271   44
48519.266    0.041007946356   -1.488297600361    0.3987    0.5961   0.173   22
48522.835   -0.420561512275    0.586501202804    0.3484    0.9751  -0.327   32
48525.245    0.741602949850    0.407602802710    0.5553    0.5323  -0.272   26
48526.286    0.494403119573    0.851799603652    0.3752    0.6604   0.149   25
48529.833    0.279161420123    0.442900800834    0.3127    0.8689  -0.342   40
48532.247   -0.074713628625    0.651600002755    0.5963    0.8511  -0.037   12
48533.332    0.432822940394   -0.239900400345    0.3630    0.6113   0.086   29
48536.831    0.054869880258   -0.582497998636    0.3369    0.9186  -0.357   37
48540.257   -0.127832373995   -0.769798797506    0.3363    0.5983   0.055   29
48543.833    0.307470160858    0.408999598989    0.2895    0.8512  -0.348   36
48547.332   -0.132353785413    1.134399601455    0.4294    0.6884   0.012   30
48550.835   -0.287913536002   -0.506897998775    0.3106    0.8167  -0.195   41
48554.334    1.692903512416   -2.120598001198    2.0574    2.3073   0.033    7
48557.833   -0.057055258972    0.829900800881    0.2794    0.7889  -0.336   36
48559.166   -0.375617052318    1.289901599932    0.2320    0.2989  -0.129   30
48561.255   -0.016926401292    0.260801997598    0.3314    0.5776   0.074   30
48564.835    0.427713147256   -1.064898000180    0.3050    0.8323  -0.363   34
48568.253    0.181679603821   -2.014999201094    0.3338    0.5443   0.156   22
48571.837    0.218891064656   -5.037897599891    1.5848    2.2853  -0.193   10
48573.170   -0.448726666370   -0.537800396216    0.2585    0.3359   0.049   56
48575.252    0.216264374767    0.403599598542    0.3423    0.5833   0.039   27
48578.835   -0.453104491147    1.329699601627    0.3595    0.8725  -0.376   26
48580.241    0.755030590156   -0.140900398549    0.3961    0.5448  -0.221   31
48582.253   -0.152201067454   -0.093297600046    0.3670    0.6095   0.054   22
48585.833    0.184600484571    0.568602003881    0.2313    0.7166  -0.239   38
48587.254   -0.209841224242    0.228599999730    0.3621    0.6050   0.081   30
48592.835   -0.524168779451    1.910502003000    0.5991    2.1631  -0.490   15
48594.325    0.153955736017   -0.365997600227    0.5483    0.4812  -0.079   25
48596.334   -0.427128249440   -0.397897196791    0.3758    0.7495   0.074   18
48599.833    0.254351440373    1.309100399283    0.4361    1.3709   0.029    9
48602.233    0.564448266235    0.469702798256    0.2094    0.2463  -0.035   26
48603.277    0.358105802979    1.017500400735    0.3211    0.5807   0.070   28
48606.831   -0.524462970311   -0.860097599542    0.2378    0.6004  -0.123   29
48610.334   -0.124620811175   -0.768200402490    0.4178    0.8493  -0.127   17
48613.504    0.396630621201   -0.389098801179    0.3492    0.7142  -0.180   24
48617.252    0.443035533976    0.263300402281    0.3709    0.5540   0.167   28
48620.839   -3.131893361959   -6.837598800757    0.7793    1.8675   0.740    4
48624.254   -0.281493894267   -0.649699200039    0.3095    0.4937   0.012   29
48627.837    0.240636601901    1.569099602250    0.3523    1.0918   0.148   11
48631.252   -0.257121692018    0.139302003532    0.3624    0.5787   0.075   29
48634.831   -0.048299609418   -0.746999997858    0.2581    0.9958   0.013   13
48636.252   -0.679290752540   -1.742399997084    0.4904    0.6768   0.364    5
48638.250   -0.250992732353   -0.635900401136    0.7643    0.6218   0.397   25
48639.331    0.235526808763   -1.306497598108    0.4390    0.6959   0.101   20
48641.833   -0.016341528361   -0.522197996844    0.2041    0.4869  -0.277   35
48645.248    0.479371439809    0.981702002889    0.3279    0.5123   0.122   31
48648.831   -0.214513239879   -0.166399201618    0.1976    0.4694  -0.309   33
48650.252    0.985447580896    0.458301601469    0.2574    0.3421  -0.005   35
48650.340   -0.426981154010   -0.891597598951    0.5619    0.8716   0.414    3
48652.250   -0.665281723207    0.333702000432    0.3399    0.5589   0.094   23
48655.840   -0.216117254452   -0.494798397455    0.2765    0.5503  -0.194   26
48659.252   -0.195250830768   -0.515498402365    0.3028    0.4697   0.074   31
48664.248   -0.059100584720    1.228899599681    1.4183    2.6673  -0.764    3
48666.082    0.725261396603    1.192499999547    0.9737    1.2705   0.445    9
48669.840    0.269530215567    0.762901198215    0.4136    0.9843  -0.152   20
48673.259   -0.377949551347    0.233100003300    0.2843    0.4865   0.060   29
48676.835    0.146657030490    0.007599597751    0.2247    0.6184  -0.376   33
48678.168   -0.392252771539   -1.553299198065    0.3124    0.3566  -0.006   42
48680.250    0.072818931982   -0.138297597374    0.2469    0.3888   0.049   28
48683.830    0.298423829233    1.425902397756    0.2884    0.8253  -0.294   36
48687.248    0.240342411041    0.280900800220    0.2724    0.4572   0.095   28
48690.831    0.136150246048   -0.303098397580    0.2153    0.5088  -0.220   33
48692.165   -1.228122466080   -1.963799996219    0.3492    0.4202  -0.016   30
48692.256    0.001607548247   -0.155098801002    0.3478    0.6960   0.366    8
48694.254   -0.453248077787    0.666601199839    0.5858    0.6318   0.163   16
48697.833   -0.213343469132    1.178200800922    0.4936    1.6068  -0.452   11
48701.252    0.334612664522   -1.030197597629    0.2995    0.6768  -0.082   17
48704.835   -0.668636897553    0.518399998128    0.4433    1.4654  -0.400   15
48708.254    0.322645452148    2.153901601076    0.3012    0.7163   0.107   16
48711.833    0.627198216161    1.213902002917    0.6297    2.2309  -0.166    7
48715.248   -0.216702152268   -0.410198396850    0.3331    0.5747  -0.038   13
48718.835   -0.703368788813    2.986599601229    0.4098    1.0500  -0.555   14
48722.250    0.082450136537   -0.054597600041    0.3138    0.6795   0.307   15
48725.837   -0.590568094582    3.866101199179    1.0820    3.6656  -0.660    4
48728.248   -0.800409318824   -1.536897597987    0.4535    0.5553   0.098   17
48732.835   -0.404948468370    0.792201600319    0.2816    0.6472  -0.330   26
48746.835    7.658417011320   -2.308298397224    8.9580    2.8538   0.603    3
48750.250   -0.192624115994    1.284202798502    0.3794    0.5650   0.192   19
48757.267   -0.549416561586   -0.112798800700    0.3279    0.5109   0.112   27
48758.337    4.470778214102   -0.978800400731    1.5077    4.9689   0.291   15
48759.422    2.376281407662    3.380000401165    1.3912    2.8550   0.162   15
48760.832   -0.727737482273    0.983001603316    0.2809    0.6719  -0.228   36
48764.250   -0.394879461428    0.658299603629    0.3681    0.5504   0.133   22
48767.837   -0.659299883858   -0.801000002326    0.3732    0.8995  -0.308   26
48771.241    0.228231587141   -0.355399198071    0.2897    0.4747   0.159   26
48778.250    1.678456705583   -1.924999200043    0.8374    1.4331  -0.578    6
48781.837   -0.132647976273    0.239000403468    0.3870    0.9877  -0.238   26
48786.337   -0.887675057639    0.162900003886    0.3753    0.7988   0.129   16
48792.250    0.151472632768    0.972201602423    0.4250    0.7675   0.086   10
48793.335   -1.163768476697   -0.286099201929    0.3266    0.8985   0.226   26
48794.420    0.815882309764    3.155601597626    0.3797    1.1139   0.070   30
48795.833    0.146075641464   -0.260798397278    0.7383    1.8605  -0.431   10
48797.170   -0.441722151704   -0.783597596410    0.4354    0.5606   0.051   39
48797.251    2.617646469134   -3.905999997045    0.8845    1.4001   0.418    6
48799.252   -0.011088123698   -1.130900397328    0.5123    0.7507   0.325   19
48802.832    0.015469482150   -2.523697200019    0.3324    0.8663  -0.325   48
48804.428   -2.846165204671   -2.956100401263    3.7785    2.2968   0.096    8
48805.502    0.674769366007   -0.813499200802    0.3425    0.5771   0.064   14
48811.167   -0.836454542587    0.170301603220    0.6394    1.3671   0.523   40
48812.061   -1.966079534629    1.141700398222    0.7298    1.0736  -0.190   34
48813.329    0.410348968463   -0.413197201254    0.4103    0.6313   0.126   24
48816.835    0.051367610482    0.404600397985    0.2533    0.6140  -0.110   40
48820.250   -0.388750526649   -0.096897600343    0.3663    0.6223   0.160   26
48827.420    0.526070543444    0.480002399428    0.3797    0.6825   0.076   27
48834.250   -0.204587844463    0.294800401690    0.4976    0.6507   0.223   19
48837.837    0.039838175609   -0.050497200021    0.3419    0.7502  -0.284   45
48838.878    2.970061089949    0.701902798284    0.9778    0.9184   0.407    3
48841.252    0.733432173226   -0.692298001326    0.2959    0.4304   0.121   33
48844.832   -0.965453178539   -0.390697196195    0.3400    0.7226  -0.217   50
48845.190   -2.438884237272    1.131699598034    0.8430    0.9910   0.024    3
48848.250   -0.135712443663    0.081100802873    0.3199    0.4946   0.063   30
48853.167    0.564886043736   -0.073598400974    0.4140    0.4748  -0.038   59
48855.252    0.216120788126   -2.045199600076    0.3408    0.5535   0.141   26
48856.333   -2.946417322387   -2.257498802294    1.4195    3.4555  -0.077   14
48857.422   -1.157348834962   -0.360399601362    1.4383    3.6706  -0.120    8
48858.835   -0.004083609032   -3.374297999414    0.3849    1.0832  -0.019   19
48862.254   -0.460837465384    0.465300003327    0.3654    0.7404   0.011   15
48865.834    0.058081443078   -0.466397998622    0.2755    0.7503   0.034   23
48869.252    0.306885287927   -2.393197198813    0.3431    0.8786   0.006   15
48872.835    0.509578410862    0.021902403091    0.3302    1.3781  -0.233   31
48876.247   -0.076026986012    1.579100402438    0.4386    0.9209   0.100   12
48879.834   -0.059244171360    2.048799600374    0.3644    1.4036  -0.290   22
48882.916   -0.019115313681   -0.257997597686    0.2374    1.0078   0.094   28
48886.832   -0.022470463141   -0.870397200714    0.3513    1.3719  -0.346   24
48888.169   -0.173361706883   -0.498099596768    0.5246    0.4954   0.089   16
48889.918    2.087345221228   -2.210799600988    0.4978    1.8349  -0.058   20
48893.837   -0.499947181422    1.717200001394    0.3987    1.2858   0.194   27
48896.916    0.328483704857   -0.676799998445    0.5440    1.4937  -0.039   13
48900.832   -0.244135313117   -0.252500401388    0.2222    0.7859   0.228   16
48903.915    0.815150341403   -0.840898800192    0.5694    1.8024  -0.059   11
48907.834   -0.840832367364   -0.766400402341    0.3468    1.1012   0.089   23
48910.916   -0.490315976867    3.754601998907    0.2000    0.6339  -0.091   29
48914.832   -0.112072209775   -0.147898800407    0.2769    0.8818   0.069   30
48916.253    0.053847204941    0.542102401369    0.3712    0.5309  -0.082   23
48917.922    0.336948647455    7.807301998497    0.3405    1.0445   0.007   15
48921.834    0.475869194918   -2.365797599424    0.3345    1.2089  -0.034   27
48924.916    1.168878294720    2.598300000756    0.2132    0.8255  -0.197   30
48928.832    0.140675166256   -1.600397996526    0.3345    1.2769  -0.354   31
48931.170    0.297548274232   -0.144097201371    0.7661    1.4909  -0.083   11
48931.254   -0.139358300079   -8.223497997761    0.8325    3.1310   0.777    4
48932.335   -0.164606057329    0.309700802603    0.2386    0.9484  -0.050   12
48935.834   -0.001751110003    1.669302002227    0.2537    0.9584   0.038   28
48939.274   -0.592900593611    0.060102003374    0.3594    0.6059   0.073   15
48942.836    0.140675166256    0.103600801538    0.2658    0.8710   0.050   25
48946.254    0.209554050961    0.049402798652    0.6542    1.1321  -0.306    8
48949.834    0.280180586649   -1.743497998774    0.4300    1.6211  -0.463   29
48951.262   -2.013212906975   -2.132697596124    1.5433    2.9927   0.511    5
48956.832   -0.312282229461   -0.502398001601    0.2333    0.9878  -0.278   31
48959.086    0.285871743929    2.351102397569    0.6768    0.9424   0.358   20
48959.173   -0.232024514102   -2.677597196765    0.6200    1.4272   0.041    6
48960.251   -0.382183789483   -0.761299196483    0.2989    0.6216   0.150   15
48963.834   -0.348180382679   -0.878799599491    0.3088    1.2503   0.069   27
48967.253    1.803956580549   -0.240397199747    1.0314    0.8495  -0.173    6
48970.836   -0.055451219514   -0.285497999641    0.2363    0.7687   0.096   27
48974.247    0.933789288343    0.539600402760    1.2815    2.4872   0.537    5
48977.834    0.478933662308    1.532502003698    0.4047    1.3446  -0.209   16
48979.258   -0.173214611453   -0.017499601768    0.2916    0.6526   0.080   15
48984.836   -0.012695671945   -0.601898396724    0.3321    1.3265  -0.384   13
48987.334    0.279305006763    0.918399602767    0.3243    0.5868   0.207   13
48991.834    0.191457903807    0.072701998022    0.1949    0.7008  -0.037   49
48993.087   -0.372552584928   -0.361299598239    0.6850    0.7862   0.320   44
48994.917   -0.637410759972   -1.089399597731    0.4873    1.3572   0.139    9
48998.836    0.322501840622    1.769500801885    0.3113    1.2257  -0.182   23
49002.251   -0.245448670504   -0.706899601255    0.3351    0.6225   0.100   13
49005.834   -0.343802557902    0.529199999022    0.2122    0.7513  -0.147   42
49009.253   -0.159205582120    0.465699600483    0.2894    0.6804   0.026   13
49012.832   -0.168983882106    0.215999998687    0.2297    0.7541  -0.079   35
49016.251   -1.090658862645    0.180899998981    0.5925    0.6370   0.025    9
49019.838   -0.135127570732   -1.357398002000    0.2504    0.7731  -0.133   32
49023.253   -0.259457699836   -0.769899600073    0.3279    0.7135   0.257   11
49026.836   -0.463173473203   -0.920098800350    0.2114    0.7213  -0.093   43
49028.085    0.896871993483    1.179399598783    0.4328    0.7224  -0.203   27
49030.251   -0.094998713052    0.169002002792    0.3001    0.6115   0.226   14
49033.834    0.238447689512   -0.416098797018    0.1759    0.6600  -0.195   35
49037.249   -0.086243063498   -0.600397197559    0.3213    0.5280   0.132   15
49040.832    0.023496647247    1.620201598485    0.2223    0.7488  -0.063   42
49044.251    0.272156905456   -1.694498397597    0.2931    0.7310   0.194   15
49047.834    0.041589310497   -1.244098801578    0.1898    0.6512  -0.152   43
49051.253   -0.027433160849    0.839800798502    0.4949    0.9204   0.274    8
49054.832    0.113532687477    1.127001602441    0.1829    0.5849  -0.163   30
49058.251   -0.756049731798   -0.359100000935    0.2972    0.5849   0.032   14
49061.834   -0.264858175045   -0.577699200477    0.2219    0.8096  -0.029   27
49063.017    0.676667596325    1.016600403858    0.7594    0.6838   0.099   22
49065.249   -0.528984406614   -0.574099200179    0.3159    0.6790   0.007   16
49068.836   -0.014299711403   -0.572900402318    0.2269    0.8755  -0.165   34
49072.251   -0.534675563893    0.261201601148    0.3390    0.8279  -0.020   14
49075.834   -0.044215975501   -0.623998798233    0.1987    0.6805  -0.091   42
49079.253    0.398091074019   -0.495899999464    0.9032    0.6182  -0.202    5
49082.832   -0.204297137508   -1.396800000464    0.2697    0.7725  -0.020   21
49085.254   -0.084197762635   -0.087397199877    0.4228    1.0186  -0.027   14
49089.834   -1.263145039412    1.780200000212    0.2514    0.7960  -0.156   28
49093.257    0.078363018716    0.339699602847    0.4258    0.8154   0.152   15
49096.832   -3.020696682301    0.974800803277    0.3185    0.7743   0.149   18
49100.251    0.095436515438   -0.113399996593    0.4272    0.7661   0.046   10
49103.834   -0.168689691246    0.030801601270    0.3648    1.2257  -0.164   18
49113.254   -1.544786029108   -4.016199596890    0.4257    0.8391   0.359   13
49119.251    2.273987497873    1.684702802862    0.3335    0.6579   0.009   18
49125.168   -0.094413840122    0.378601201589    0.4385    0.4507  -0.115   16
49126.250    0.290249568706    0.167799598216    0.2443    0.6351  -0.001   18
49133.251    0.155559750589    2.101100400864    0.2148    0.4770  -0.016   31
49134.336    0.462007261016    1.698202800782    0.6444    1.1354   0.289   20
49140.253   -0.242821980615   -0.786999598290    0.2435    0.4912   0.203   20
49141.342   -0.224144444435    1.735599600039    1.5688    1.4006  -0.389    6
49147.251    0.019409529426    0.948600001749    0.2887    0.5859   0.068   28
49148.340    0.605890481302    1.636901999547    0.5418    1.4040  -0.160   33
49153.168   -1.748501827360   -0.936500400428    0.2349    0.2430  -0.109   30
49154.253   -0.897744039695   -0.602697597429    0.1661    0.3672  -0.126   28
49160.002    1.348806763654   -3.452698798867    0.9555    0.9945  -0.185   23
49161.251   -0.006566712281    3.221902802153    0.1493    0.3435   0.021   45
49162.983   -0.438801270954   -2.810098796857    0.2537    0.7143  -0.111   35
49164.064   -0.115574479550   -1.163599200993    2.5136    0.7793  -0.194    4
49168.253   -0.787132257853   -3.363998398243    0.2255    0.6048  -0.123   26
49175.251   -0.002770276530    0.572601601334    0.1563    0.2676   0.135   27
49181.004    2.374824488519    0.301500002564    3.3207    0.4951  -0.413    8
49182.253   -0.608517146306   -0.503999996937    0.1113    0.2187  -0.092   45
49188.167  -19.319468998482  -64.604699996096   39.2599   55.2091   0.691    9
49189.252   -1.053156694855    2.521101599484    0.1676    0.4197   0.089   33
49196.250    2.092745696437   -5.486698800894    0.1477    0.2188   0.177   30
49197.334    0.180366246434   10.673600403521    0.4163    1.1356   0.001   30
49203.252    0.390063884036   -0.023598000354    0.1515    0.2183   0.104   34
49204.336    0.372409023172   -0.242600397371    0.4711    1.5047   0.150   28
49205.417   -0.682793022315   -2.132798398691    0.4856    1.5566  -0.067   23
49209.085   -0.991867197746   -0.084898801589    0.8490    0.4983   0.007    7
49209.169   -1.785419097334    3.214702801557    0.3337    0.7828  -0.288   21
49210.250   -0.313157809348    0.162399597770    0.1966    0.2528  -0.086   23
49216.170   -0.191016592632    0.625899600948    0.4080    0.4065   0.027   12
49217.252    0.934083479203   -2.362197599126    0.2100    0.4950   0.039   20
49218.333   -0.059976139721   -6.686297998471    0.3217    0.6293  -0.001  123
49223.169   -2.269606139421  -15.719900402189    0.2698    0.7060   0.223   17
49224.250   -2.876666366585   -4.251099600339    0.5732    1.7621   0.156    8
49225.335   -1.207693795012   -2.111400002036    0.4235    0.9464  -0.257   21
49231.252   -0.259457699836   -3.805700401216    0.1390    0.2368   0.087   46
49237.081   -0.879942058517   -0.470898002192    1.0878    0.5163  -0.325    9
49238.253   -1.321370044245   -5.501599201807    0.1397    0.2305  -0.116   37
49245.252   -0.148845917994   -0.263998800420    0.3260    0.5181   0.050   18
49247.418   -0.866952195711    0.174801600394    0.2978    0.4732   0.357   28
49252.253    0.379851315339   -0.456897598156    0.2970    0.4113   0.152   16
49259.252   -0.029769168668    0.593701203400    0.3418    0.5133  -0.085   13
49260.333   -0.088284880457   -0.513197996099    0.3810    1.3158  -0.207   18
49266.250    0.523149662694   -0.138898799662    0.3121    0.9529   0.109   19
49267.335   -0.175403523841    2.133601199716    0.4271    1.0279  -0.349    6
49272.167    0.292000703593   -1.177599598634    0.7464    0.8712   0.197    5
49273.252   -0.191748560993   -0.678999602144    0.3374    0.5708   0.134    8
49274.333   -0.031958081056   -0.939600001004    0.5032    2.5253  -0.284   21
49275.421    0.025829146276    2.272802400682    0.3935    2.0275  -0.018   15
49279.169    0.062459267855    0.247600800662    0.2794    0.2347   0.079   18
49280.250   -0.309949730432    0.439102802119    0.2906    0.4240  -0.095   14
49281.335    0.403053771726    1.662300000049    0.2699    0.9919  -0.107   28
49286.083   -0.881693193404    1.155301198708    5.0852    0.6136  -0.672    5
49287.252    0.360441810798   -0.556498802240    0.3070    0.6950  -0.106   15
49293.085    0.446247096796   -0.349099200747    0.8932    0.5873  -0.298    4
49294.250   -0.358687142236   -0.329198396543    0.3399    0.5701   0.269    8
49301.252   -0.387290073831   -0.611099996206    0.2592    0.4427   0.025   10
49308.254    0.037358581150   -0.363599998110    0.3108    0.6122  -0.002    9
49309.331    0.423773124865    0.908600401317    0.2123    0.6447   0.081   18
49315.252   -0.599761496752   -0.206297999483    0.4317    0.6811   0.004    6
49322.246    0.028750027026    0.395200800085    0.1672    0.2824   0.022   35
49328.167   -0.319143157487   -0.628099198252    0.8514    0.4953   0.119   10
49329.248    0.310825335204    0.226602001163    0.2817    0.4675   0.246   24
49331.418   -0.020137964112    0.680101197759    0.2924    0.9784  -0.213   44
49335.085    0.050782737551    0.936399597862    0.4939    0.4833  -0.093    9
49336.250   -0.202108250004    0.551102402113    0.1864    0.4113   0.003   49
49343.248   -0.083907055680   -0.247197596792    0.1793    0.3278  -0.016   57
49350.250    0.163002067641    0.283600803641    0.3150    0.5028  -0.091   31
49357.252   -0.150012155066   -0.338497198271    0.2081    0.3676   0.030   44
49359.418   -1.423229685323   -0.288799198955    0.6743    2.1184   0.026   17
49364.250   -0.098791664899   -0.445597197540    0.2705    0.4958  -0.058   29
49367.289   -0.162707851896   -0.139100398400    0.1629    0.4564  -0.572  136
49367.336   -0.154537075273  -16.620397199318    0.5188    6.8607   0.147    4
49368.268   -0.366276529833    0.180500401825    0.3448    0.3806   0.134   28
49369.265    0.432822940394   -0.095997597072    0.2811    0.4397  -0.503   45
49370.255    0.436325210170   -0.047498402012    0.2931    0.2796  -0.224   29
49371.252   -0.103022394246   -0.152499600148    0.0933    0.1854   0.026  172
49372.267   -0.067562018529   -0.256798799825    0.1397    0.1920  -0.065   96
49372.322    0.700745607714   22.959601202643    0.6117    8.5751   0.033    3
49373.268    0.170006582308   -0.521600401271    0.3036    0.3537   0.015   17
49374.269   -0.125787048247    0.216601200975    0.2039    0.5843  -0.687  108
49375.270    0.344096773647   -0.207799198648    0.2774    0.3018   0.142   18
49376.267   -0.098791664899    0.895802401857    0.2115    0.5806  -0.669   98
49377.257    1.278908712421    0.428302801225    0.7421    0.7323   0.502   20
49378.250    0.020285084427    0.316202398665    0.1939    0.4031  -0.002   37
49380.000    1.051990482668    1.107000002065    0.9484    0.4297   0.011    8
49385.248   -0.142422767469    0.061599602219    0.1880    0.3496  -0.019   53
49391.001   -1.392584936769    0.396899997668    0.5926    0.5061   0.024    3
49392.250    0.146075641464   -0.074397601679    0.2003    0.4223   0.032   43
49394.420    0.730514801267   -2.199999600094    0.7997    1.7858   0.270   21
49399.248   -0.184449855466    0.085802398786    0.2348    0.7120  -0.029   36
49406.265   -0.549707243657   -0.754999199160    0.8857    0.9130   0.711    9
49413.252    0.078072336645    0.082101602317    0.2759    0.3427  -0.288   22
49420.250   -0.123160358358    0.123102002192    0.1880    0.6371   0.064   38
49426.167    0.737662902573   -0.944297996597    0.4686    0.4940  -0.233   17
49427.248   -0.097768989582    0.232901998487    0.2216    0.6213  -0.010   37
49429.418   -0.905333427292    0.452401201301    0.4163    0.6317  -0.397   22
49432.997    2.603490344371  -10.477699201061    5.1357   12.3901  -0.911    4
49434.250    0.018096172039    0.342702001177    0.2255    0.7056  -0.063   37
49435.335   -0.438072811383   -0.426798001740    0.2287    0.6325   0.258   54
49436.420    0.659594099603    0.235501199342    0.4259    0.8154   0.303   49
49441.252   -0.086386650139   -0.482198396412    0.1939    0.4211   0.035   46
49448.250   -0.125349270746   -0.025599599240    0.1866    0.5390  -0.008   37
49455.248   -0.239610417795    0.084700803171    0.2293    0.4585   0.064   32
49462.247   -0.493818221757   -0.347299200598    0.1779    0.4131  -0.013   59
49468.167    0.093685380550    0.330400801118    0.3468    1.5054   0.068   37
49469.249   -0.105943274995   -0.694098001475    0.2284    0.4393   0.023   44
49476.250    0.288060656317   -0.124199997487    0.2495    0.4217   0.049   38
49483.252   -0.431506074217   -1.304197198237    0.2096    0.4960  -0.015   47
49485.418   -0.248803819964   -1.450098000078    0.3628    1.1257   0.082   19
49490.254   -0.404072888483    0.262101598025    0.2943    0.4350  -0.098   27
49497.249   -0.279742759379   -0.053798399335    0.1895    0.3920  -0.013   56
49504.250   -0.341470058873   -0.530499599449    0.1773    0.3505   0.034   58
49511.252   -0.328336584542   -0.563400001852    0.2146    0.5684  -0.010   37
49518.254    0.225167119751   -0.146898000963    0.2375    0.6753  -0.053   38
49519.335    1.419874560748    0.237700803041    1.1366    0.9037  -0.659    4
49524.168   -0.354165730818    0.056602799248    0.2578    0.2879   0.022   45
49525.252   -0.718400468577   -0.206999997943    0.2596    0.5383   0.046   59
49530.917   -0.745686558881    0.323701200244    0.6503    1.4484  -0.094   28
49532.250    0.118201194325   -0.215999998687    0.2066    0.4312   0.048   54
49534.416   -0.981945311120   -0.423597598598    0.3886    0.4913  -0.295   29
49534.420   -0.334903321707    1.729601997624    0.1448    0.3319  -0.064   62
49539.252   -0.232168100743   -0.214099202367    0.1702    0.3086   0.080   55
49540.998    0.331695267677    3.363102001686    0.9582    3.9509  -0.867    6
49541.250   -0.840247494433    0.116600399735    1.4564    0.7618   0.008    4
49546.251    0.108864180629   -0.370299598984    0.1856    0.3461   0.064   44
49547.335   -0.063621996137    1.306000798706    0.1593    0.3702  -0.443   70
49548.420   -0.561380265171   -3.343298399727    0.4588    1.5177   0.010   23
49553.256   -0.171025699064   -0.548697599356    0.1939    0.3837   0.042   46
49559.169   -0.887965739710    4.148902802115    0.8259    2.7755  -0.289   10
49560.254   -0.060995306248    0.317300400354    0.1881    0.3550   0.126   47
49562.084   -2.531546942506    0.555299997984    0.9992    0.7170  -0.313   11
49562.084    0.073109638937    0.418402803604    0.2028    0.2482  -0.125  178
49566.171    0.381017552411   -5.474700002139    0.5768    1.7197   0.165   19
49567.249   -0.352852373431    0.192902398055    0.2364    0.6629  -0.143   33
49568.334    0.637848587243    0.664801199690    0.3620    1.4383   0.256   19
49569.418   -0.107985091953    2.297502003046    0.4648    1.7015  -0.150   14
49574.251    0.008755649554    0.075999603411    0.1924    0.3767   0.048   58
49576.501    0.079238573717   -0.976100397310    0.4599    0.4677  -0.168   55
49581.249   -0.176279103728    0.471002398683    0.1816    0.3524   0.038   56
49588.251   -0.092515609804    0.081302401611    0.1786    0.3434   0.105   55
49589.332   -0.286015305684    1.778702401367    0.3679    0.5270  -0.091   71
49589.335    0.602388211526   -0.149097598268    0.3840    0.3584   0.548   86
49590.417   -0.066980654387    1.656500402447    0.3346    1.0606  -0.076   34
49595.252   -0.231292545741   -0.107099999269    0.1771    0.3351   0.085   54
49596.334   -1.720921546196   -9.346698001167    0.4116    0.5577  -0.017  116
49597.418    0.284558386541   -2.810397597841    0.2415    0.9870   0.021   74
49602.251   -0.094998713052   -0.023000398386    0.1514    0.3065  -0.007   45
49603.335    0.475431392533   -0.572299200030    0.6373    1.0888   0.054   12
49603.335   -0.310240412503   -0.013298399182    0.1594    0.3664  -0.114   71
49604.420   -0.517311360215   -1.567097996968    0.2566    1.0419   0.043   67
49608.044   -0.020428646183   -0.405500401257    0.4631    0.8415  -0.398    9
49609.249   -0.225019999436    0.301899599719    0.1596    0.3294   0.022   45
49611.418    0.183868516210   -1.544097598583    0.3836    0.7801  -0.119    7
49615.078   -1.020760811413    1.444701599951    1.2017    0.9639  -0.665   10
49616.251    0.118201194325   -0.596797197261    0.1661    0.3551  -0.024   37
49622.040    3.207338983830   -2.183997597172    2.9488    2.2001  -0.853    7
49623.249   -0.024659375530    0.686800798633    0.1458    0.3062   0.039   45
49630.251   -0.004815602278    0.189899999725    0.1608    0.3626   0.017   45
49631.332   -0.307175945113    0.671799601548    0.3223    1.1971  -0.079   32
49632.420   -0.214075462378   -0.975200400433    0.3163    0.9803  -0.070   38
49637.249   -0.226914720964    0.381200402444    0.1862    0.3708   0.091   28
49639.156   -0.034290580085    0.545202001945    0.1892    0.2666  -0.158   45
49639.159   -0.087409325455   -0.200498401881    0.1133    0.1863  -0.103  192
49642.998    1.844376120299    0.356399997514    1.8681    0.6515   0.276   10
49644.251    0.006128959665   -0.411397201106    0.1880    0.4487   0.107   25
49646.040    0.783777108392   -0.288799198955    0.7004    3.3903  -0.871    5
49651.260   -0.467257107120   -0.176400001806    0.1828    0.4101   0.061   33
49652.334    1.260812540383   -0.916099196502    0.3518    0.5605   0.264   50
49653.419   -0.005691157279   -0.702698398669    0.3376    0.4988  -0.238   40
49653.419   -0.289226893389   -0.070797601381    0.1209    0.2695  -0.021   71
49657.002   -0.591443649584   -0.495597598160    0.3204    1.0164   0.274   19
49658.262    0.184744071211   -0.063597600786    0.1790    0.3753   0.021   31
49659.339   -0.256978105377   -4.295700000512    0.4897    1.7188   0.117    5
49665.256    0.673893811006   -0.441197996537    0.2851    0.4401  -0.045   17
49667.419   -0.138044942692    1.583200802457    0.4115    1.0886   0.120   20
49672.251   -0.506951696088   -0.331797597397    0.2246    0.3845   0.207   32
49679.253   -0.204444232938   -0.131497200329    0.2596    0.3628   0.101   16
49685.166   -0.086095968068   -1.409097600202    0.1514    0.4853  -0.018   87
49685.170    0.153517958516   -0.108899999418    0.1379    0.2956  -0.065   56
49685.170    3.171731537568   -4.939999200104    3.4963    2.8132  -0.549    5
49686.251   -0.033124343013   -0.011897996188    0.2018    0.3619   0.206   34
49693.249   -0.187514322856    0.145299599552    0.2741    0.4430  -0.054   16
49694.334   -0.246471320935   -0.458899197042    0.4112    1.1206   0.263    9
49699.166   -0.099667219900    1.244700003866    0.1916    0.4800   0.067   66
49700.247   -0.063769091567   -0.495899999464    0.1805    0.3636   0.210   50
49702.081   -0.708184391091   -1.202299200997    0.3417    0.6367   0.262   14
49706.168    0.233775673875    0.307000799182    0.6168    0.5326  -0.113    4
49707.249   -0.231730323242    0.215402403114    0.2450    0.3594   0.028   20
49714.251   -0.098353862513   -0.279997196628    0.2124    0.4190   0.174   28
49715.000    0.120684297573    0.100400398395    0.0988    0.1942   0.217  202
49715.332   -4.872077317266   -7.736597999042    0.6409    0.8236   0.172   20
49716.417   -0.023640233888   -0.402199201943    0.1078    0.2439  -0.124   79
49716.417   -0.283535711225   -0.122997599306    0.2276    0.3680   0.062   92
49716.420    1.421040797820   -2.345698796802    2.3404    1.6417  -0.579    3
49727.042    0.177448874475   -1.074200402229    0.4766    0.5162   0.097    4
49728.251   -0.794574550020    0.853102798004    0.2945    0.5145  -0.077    3
49735.253   -0.310240412503   -0.238298398614    0.1644    0.3477  -0.055   30
49736.363    0.120827884214    0.414702000739    0.5366    1.7302  -0.203    3
49741.166   -0.326147672153   -0.707000397426    0.2676    0.4369  -0.063   52
49741.166    0.779546403930   -0.960497997937    0.3928    0.4272  -0.855   71
49742.251   -0.072234034166   -0.035697601675    0.1190    0.2513   0.068   69
49744.081   -0.124035913359    0.185000399000    0.8747    0.6878  -0.702    4
49750.334   -0.072377620806    0.234701998636    0.2803    0.5872  -0.188   84
49750.334    0.431509607892    0.768200402490    0.4497    0.6401   0.159   72
49751.415   -0.111487336844    0.432201602507    0.1091    0.2523  -0.142   97
49751.419   -0.077925216330   -0.042998398442    0.3802    0.5922  -0.523   54
49751.419   -0.409032102286    0.530100002294    0.1641    0.2036  -0.281   83
49756.251    0.243116196360    0.063601201106    0.3118    0.3671  -0.037    7
49762.088   -2.463543637687   -1.394499600593    1.0052    2.8775   0.157    5
49764.334   -0.485206183729    0.775602001823    0.5814    0.4529  -0.047    4
49771.336    4.775765271711  121.426200000485  173.6576  184.3981  -0.077   23
49772.088   -7.501102592168    1.165802398617    8.7934    4.0247  -0.386    3
49779.043    0.687612133383   -2.637799201466    0.5416    2.6687  -0.657    7
49783.086    0.048012461022    0.285102002806    0.2513    0.3337  -0.106   43
49790.168   -0.369778799608   -0.089499601330    0.6186    0.5595  -0.191   22
49790.168   -0.185181823827    0.308001598626    0.2752    0.5882  -0.196   59
49790.168   -0.488564841979   -0.492098400429    0.2748    0.6453   0.162   66
49798.251   -0.952176117567    0.551602801835    1.3834    0.4383  -0.183    3
49800.417   -0.497173396103    0.340801198462    0.2950    0.2748  -0.216   51
49811.042    0.765099572212    0.568900798470    0.8959    0.4050  -0.145    4
49812.251   -0.892199977846    0.128800803623    0.3220    0.4015  -0.063    6
49818.084   -0.591296554154    0.597401999869    1.1031    0.8552  -0.731    6
49819.958   -0.546352094196    0.139899599105    0.3849    0.4547  -0.032  144
49820.334    1.800016533272    4.113500401104    0.5019    0.6168  -0.708   92
49821.419    0.342492734189   -0.625399201226    0.3795    0.9288  -0.027   51
49826.960    0.652004687121    0.112499999716    0.3334    0.3957   0.050   90
49828.421    2.027369056622   -2.669198398308    0.6307    0.8424  -0.334   37
49833.249   -0.608954923807    0.334101597588    0.3036    0.5760  -0.292   11
49861.249   -0.578310175253    0.164699997640    0.5304    0.6006   0.251    3
49868.251    0.358399993840   -0.379997997868    0.3992    0.5463   0.238    5
49869.332   -0.264563984185   -0.362199601511    0.1058    0.1367   0.070  258
49869.336   -0.039400373223   -0.530798400433    0.2274    0.2710   0.178   76
49876.331    0.083178620993   -0.059097597216    0.0701    0.1128  -0.080  421
49877.415   -0.123745231289   -1.910797197269    0.4318    0.5318  -0.093   73
49882.251   -0.687608624593    1.030802400237    0.3723    0.7553   0.040    4
49883.336   -0.251868312239    1.508900403024    0.3302    0.8724  -0.311   24
49888.000   -2.373945374958    0.213102003244    2.8958    0.5859   0.578    4
49897.332   -0.422312647163    0.232102797781    0.2449    0.4030   0.348   49
49897.336    0.075298526441   -0.713897996718    0.1112    0.1810   0.091  279
49909.115    0.855426294512    0.631299601395    0.2092    0.5975  -0.144  224
49911.329    0.414436086285   -0.920898001056    0.9893    1.4280  -0.468    8
49914.167    0.509287728792   -0.349797598886    0.5384    0.5647  -0.052  109
49923.002    0.075154939800    1.524700800815    0.8008    0.6295  -0.090    4
49936.999   -3.520206111107    8.027002800048    2.7779   10.7771  -0.926    3
49939.333    0.161541614824   -1.226998796966    0.3148    1.3850   0.113   33
49959.250    1.073004001781   -0.743399997560    1.2199    0.6541  -0.216    4
49960.334    1.612936479127    1.402801203199    1.2504    0.9348   0.255   11
49960.334   -0.159934066577   -1.039197598374    0.3253    0.4767   0.067  162
49961.416    0.231296079416    0.796302000339    0.4080    1.1020  -0.379   55
49966.251   -0.070920701664    0.420699603154    0.2806    0.4026   0.031    6
49967.333    0.056768085691   -0.654598800764    0.3257    0.4111   0.035   11
49979.083    0.177011096974   -1.189198800233    0.4910    0.4749   0.247   47
49979.086   -0.006566712281    0.028400398833    0.2819    0.3245  -0.070   25
49980.252   -0.150302862021   -1.304100002386    0.2147    0.7081  -0.293   17
49982.081   -0.119367406512    0.375699599431    0.7038    0.7926  -0.521    7
49986.085    0.220498612903   -1.092999598029    0.6901    0.6417  -0.626   21
49993.167   -0.136003125733    0.366602402835    0.3683    0.3333  -0.019   16
49993.167   -0.215094604020   -0.010598402156    0.1411    0.2472  -0.749  368
49994.252   -0.002626689889    0.098499602075    0.7344    0.5287   0.057    5
49996.085    0.701474067285   -1.475197199596    1.0114    0.8081  -0.712   11
50000.085    1.307949421518   -0.131799601633    1.3047    1.0193  -0.753    7
50001.250    0.971294964923   -3.924997197657    0.8434    2.7887  -0.739    4
50003.083    0.682796531105   -0.589697999231    0.9277    0.8341  -0.624   14
50008.252   -0.013571226947    0.076100399582    1.0305    0.5358   0.461    7
50014.001   -0.215532381521    0.204202798670    0.3117    0.6467  -0.203    5
50022.252   -1.670282420170   -0.543797998631    1.0101    0.5950   0.262    3
50029.250   -0.582831586670   -0.553798798819    0.3086    0.4703  -0.098   14
50031.416    0.858784952762   -2.493298796225    0.5539    0.7503   0.061   49
50035.002   -0.089745333274   -1.609199998853    0.9783    0.9618  -0.679    6
50036.252    0.151181950697   -0.284000400796    0.3845    0.4449   0.035    4
50038.085   -0.307028849683   -0.564897600697    0.8253    0.3951   0.172    5
50043.250   -0.188099220672    0.566802003732    0.2969    0.5396  -0.389    9
50058.335    0.384957599687   -0.067798796977    0.2618    0.4137  -0.064   72
50058.397   82.198995489996   41.688802803463  150.4934  178.6290  -0.273   15
50059.419    0.029916288983   -0.193697998441    0.0861    0.1469  -0.472  206
50064.252   -0.433547891176   -0.290599199104    0.2500    0.4680  -0.032    7
50065.333   -0.158330027119   -0.885999600087    0.5470    0.7048  -0.121   10
50070.041    0.006423150525    0.233802001759    0.5109    0.5976   0.098    3
50078.252    0.172048399266    0.474501602810    0.4124    0.3281   0.153    6
50084.998   -0.135856030303    0.216399602238    0.2325    0.4518  -0.118   80
50092.252   -0.065667297000   -1.303898397254    0.3466    0.5553  -0.111    9
50105.043   -0.027433160849    0.350100000190    0.6745    0.3921   0.182    6
50108.082    0.164462495574    1.578401997904    0.5064    0.6452  -0.389   20
50112.085    0.321041412690    0.170200800653    0.2942    0.2389  -0.423   19
50113.250   -0.717815595647   -1.049198398562    0.5521    0.7458   0.277    5
50119.083    0.380141997410    0.938501999315    0.8933    0.9859  -0.042   13
50121.333   -0.798805279367   -0.867297600138    0.3444    0.4714  -0.139   65
50126.041   -0.225163586076   -0.512297999222    0.3958    0.5696   0.001    5
50127.254   -0.189850330675   -0.345898797605    0.4954    1.0736  -0.492    3
50136.085   -0.139505395509   -0.058298396510    0.1314    0.2493  -0.282   62
50141.250    0.566052305693   -0.311698801170    0.5934    0.5631  -0.301    3
50147.043   -0.263544842543    0.691102803785    0.4606    0.2964  -0.016    7
50149.333   -0.762469373533    0.054802799099    0.6120    0.3778   0.082    8
50153.877    0.979903519047    0.831999602013    2.1084    0.7128   0.671    3
50153.877   -0.144173902357   -0.794498399870    0.3851    0.3813  -0.161   17
50155.250    0.113679782907   -0.073997998129    0.3383    0.4230   0.158    8
50155.831    0.062165076995    1.544202001469    0.3540    0.7426  -0.670   90
50156.331   -0.329502846499  -13.122597600557    3.7792    8.9146  -0.360   28
50162.252    0.281641014582   -0.386298001587    0.6302    0.7361   0.024    3
50163.337   -0.077340318514    0.206200803632    0.1369    0.1565   0.066  116
50168.169   -0.060851694723    0.809402401103    0.6158    0.7037   0.061   11
50169.250    0.166504312532   -1.519297200048    0.3910    0.8835  -0.189    4
50170.335    0.020722861928    0.201401999078    0.3204    0.2690  -0.254   48
50176.252   -0.153514424841    0.256100401685    0.2550    0.4138  -0.009   10
50177.333    0.533950613111    0.149101198588    0.3383    1.1516   0.064   27
50183.250   -0.073253200693   -0.086698801738    0.3645    0.5061   0.099    6
50189.039   -0.028893613666   -0.005997602415    0.3592    0.4307  -0.185    9
50190.252   -0.652295369191    1.766102400325    0.6304    1.2175  -0.484    3
50197.009    0.455149841780    0.430001998808    0.4216    0.9898   0.249   90
50197.250   -0.522126987378   -0.050497200021    0.3110    0.5436  -0.216   11
50198.335   -0.190435203605    0.541202398097    0.1925    0.3662   0.037   81
50204.252   -0.218743969226    0.657702001661    0.3932    0.4254   0.206   12
50205.333   -0.341175868013   -0.035600399428    0.2251    0.3543   0.064  122
50211.250   -0.451059165399    1.859202001953    0.5276    1.4854  -0.568    8
50218.252   -0.046986276916   -0.060598796381    0.2387    0.3556   0.056   20
50219.333   -0.259604795266   -1.064098799475    0.1915    0.4026  -0.261   78
50224.041    0.508121466835   -0.299797198267    0.7045    0.6976  -0.361    8
50225.250   -0.549560148227    0.119300403156    0.5542    1.1887  -0.682    7
50226.401   41.709401808849   96.561702000741  171.2886  187.8279  -0.130   42
50232.252   -1.992637140477    2.180501999760    0.9923    1.5980  -0.833    4
50233.337   -0.479662096995    0.528501600883    0.3408    0.3112  -0.206   43
50239.250   -0.632885864650    0.474101999259    1.0423    1.3636  -0.714    3
50242.333    0.007151610096    0.470401202790    0.2311    0.4548  -0.270   45
50245.050   -0.415455227926    0.096501603508    0.8380    1.3512   0.394    6
50246.252    0.233194284849   -1.034499596386    0.3323    0.5243  -0.099    6
50247.436    2.513163622071   -2.814598800427    0.4405    0.5747  -0.203   27
50248.520   -0.131772421271    0.078400799453    0.0895    0.2222   0.153  210
50259.083    0.310096850747    0.819000003816    0.4542    1.7265   0.218   11
50260.252    0.158771338294   -0.670798802105    0.4864    0.5333   0.212    5
50262.086   -0.165187446355   -0.149597997989    0.1218    0.2098  -0.267   77
50267.250   -0.341613645513    0.085402801631    0.4199    0.5452  -0.403    7
50274.252   -0.594651703614    0.354401998948    0.3347    0.4054  -0.160   10
50276.166   -0.353290175817   -0.322200001079    0.1490    0.3163  -0.278  167
50280.041    0.408160056075    0.748400400852    0.3411    0.4888   0.009   15
50281.250   -0.712709286413   -0.243000000921    0.3605    0.5000   0.162   15
50282.335   -0.803036008713   -0.155300399740    0.4594    0.6488  -0.177   23
50287.083   -0.889863970028   -0.041598001843    0.6734    0.4210   0.163    5
50288.252   -0.521104312061    0.097599598803    0.5077    0.5421   0.100    9
50290.086    0.150597052882    0.004899600725    0.1726    0.1975  -0.083   65
50295.254   -0.016926401292   -0.470199597657    0.3717    0.5577   0.193    5
50305.832    0.398091074019   -0.809297998217    0.3454    0.6940  -0.024   80
50308.041   -0.389626081650   -0.899798398990    0.2978    0.4025  -0.045   16
50309.250   -0.765533840923   -0.375598796865    0.4506    0.8585  -0.582    3
50316.252    0.019847306927    0.181501201268    0.4148    0.4141  -0.443    6
50322.085   -0.120390081828   -0.233600396626    0.2181    0.2662  -0.078   71
50324.332   -0.209841224242   -0.422099999753    0.0919    0.1499  -0.182  208
50329.168    0.163730527213   -0.177497997100    0.1935    0.4745   0.048   33
50330.252    0.195835728584   -0.255099602242    0.3243    0.5357   0.025    9
50331.323   -0.671995555803   -1.095800397621    0.2983    0.5484   0.136   22
50332.323    0.254936313304    0.649601997793    0.2473    0.4952  -0.219   22
50333.335    0.261065248084   -0.302097598137    0.2509    0.5483  -0.009   24
50336.104   -0.282075283293    0.152902797623    0.3601    0.4989  -0.260   61
50337.251    0.129583533768    0.635000397864    0.3895    0.4021  -0.084    8
50338.335    0.317539142914   -0.550897196661    0.2750    0.4340   0.099   18
50343.168   -0.118054074009   -0.397800000940    0.1724    0.4507  -0.073   33
50344.252    0.371824125356   -0.408499199267    0.3324    0.4778  -0.242   12
50345.323   -0.123454549218    0.187502397608    0.2252    0.5319   0.112   26
50346.323    0.163149163072    0.357800400508    0.2331    0.3762   0.015   21
50347.335   -0.235670370518   -0.782697599533    0.1905    0.3734   0.228   29
50349.874   -0.188684093603   -0.824698798851    0.5251    0.8224  -0.252   14
50351.254   -0.306591072182    0.370501197722    0.2193    0.4713  -0.190   12
50357.168   -0.202693122935   -0.146199596429    0.1838    0.4821  -0.256   29
50358.252    0.087118643385   -0.272897998599    0.2441    0.3828  -0.127   18
50359.323   -0.148551727134    0.820601999152    0.1886    0.4730   0.220   28
50360.323   -0.121409223470   -0.153899996747    0.1407    0.3510  -0.036   32
50361.335   -0.172339056452    0.423399600180    0.1532    0.4476  -0.121   33
50364.085   -1.275987806787   -0.789998396300    1.0620    1.6725  -0.127    3
50365.254   -0.323811664335    0.223300801849    0.4588    0.5650  -0.430    7
50366.956    0.289230402179   -0.435499201501    1.4170    1.1950  -0.758    6
50371.168   -0.052386752124    0.207702002797    0.1715    0.4175  -0.088   24
50372.252   -0.077340318514   -0.261298797000    0.2661    0.3665  -0.058    9
50373.323   -0.111196654773   -0.387899996923    0.1812    0.3815  -0.077   23
50374.323   -0.216555056838    0.571499999324    0.2101    0.4724  -0.198   30
50375.335   -0.257415882878   -0.634100400987    0.1703    0.4120  -0.144   38
50378.042    1.604765702504    0.606200401876    1.0350    0.6288  -0.299    5
50386.252    0.033709240829    0.744400803399    0.2982    0.5008  -0.145    8
50387.334    0.519209615418    0.641901603871    0.0832    0.1188   0.143  214
50391.096   -0.170587921564   -0.320497196782    1.1127    1.2475  -0.781  102
50392.166    0.069607369162   -0.695898001624    0.2367    0.5506   0.127   18
50393.251   -0.033562120514   -0.447300001838    0.4800    0.5788  -0.417    6
50394.321   -0.050635617236    0.183301201417    0.2044    0.3517  -0.168   21
50395.322    0.350519899287    0.286300800667    0.2415    0.4633  -0.019   22
50395.322    0.083472811854    0.058899598798    0.0755    0.1193  -0.060  311
50396.333    0.052096094939    0.322901999539    0.1444    0.3667  -0.285   36
50396.333   -0.064353964498   -0.054399601623    0.0827    0.1176  -0.022  296
50399.164   -0.085367508497   -0.140399998827    0.0736    0.1306  -0.143  157
50399.168    0.363359182758    0.142002000558    0.1529    0.4137  -0.160   27
50400.252   -0.666885762665    0.152200799164    0.4296    0.5788   0.031    5
50401.323    0.079238573717    0.294602403272    0.2199    0.5239   0.078   30
50401.323    0.029625606912    1.023800398059    0.1040    0.2536  -0.221  153
50402.323    0.127688812240    0.362401200249    0.1727    0.3888  -0.135   21
50402.323    0.027436694524    0.097502402951    0.1158    0.1804  -0.108  189
50403.335    0.211886574875    1.024002003192    0.1902    0.4963   0.209   32
50403.335   -0.362921380372    0.325602002960    0.0872    0.1359  -0.039  267
50407.247    0.174969280015    0.585399600794    0.4280    0.4658  -0.150    8
50409.417   -0.081865238721    0.089902798805    0.1228    0.1815  -0.137   54
50413.168   -0.198021107298   -0.226400402425    0.1591    0.3167   0.365  152
50414.253    0.099376562714   -0.307198797600    0.3471    0.8149  -0.525    8
50420.166    0.000437802386    0.637801203851    0.2482    0.3374  -0.002   26
50421.251   -0.231730323242    0.483602399726    0.5271    0.6627  -0.229    6
50422.332   -1.036811657703   -1.175997596903    0.0938    0.1230  -0.102  202
50423.420   -0.891324397960    0.224802001014    0.4116    0.4798  -0.317  170
50427.055    0.924742956718    0.777402001972    0.7284    1.0037   0.267    8
50428.249   -0.008317847168   -0.168299997938    0.4140    0.4065   0.009    8
50435.251    0.288207751747    0.183401997589    0.3894    0.4363  -0.352    6
50441.084   -0.234794815517   -0.455399999311    0.4166    0.8639  -0.205    6
50448.254   -0.215094604020    0.023302799690    0.6976    0.6923   0.088    4
50456.253   -0.453980046148    0.861101999305    0.2448    0.4298  -0.139    7
50457.272   -0.465362385591    0.079502401462    0.4237    0.6602   0.056   15
50463.254   -0.517164264785    0.053499598351    0.2668    0.3862  -0.325   16
50470.253    0.271719127956   -0.334998000540    0.2962    0.4682  -0.239   14
50471.272   -0.414723259566    1.125100799726    0.1956    0.3053   0.082   42
50477.251   -0.286453083185   -0.346197598589    0.3255    0.5401   0.427    7
50477.251    0.146366348420   -1.211698798897    0.4575    0.6715  -0.068    5
50478.332   -0.935683984986    1.126202401736    2.4461    2.2578  -0.136   15
50483.168   -0.745105169855   -1.721397597265    0.3925    0.8895  -0.305   10
50484.253   -0.207946502714   -0.454500002434    0.3433    0.5568  -0.117    5
50485.907    0.371971220786   -0.338198397287    0.7244    0.6895  -0.508   12
50490.082    0.165338075460    0.758901600761    0.3135    0.7509   0.256   13
50491.251    0.631428945508    1.329501603209    0.7349    1.8573   0.910    4
50491.251    0.370220110784   -1.020099601590    0.4060    0.9253  -0.520    7
50492.825   -0.421437092161    3.244600799235    0.5815    0.4744  -0.582   10
50498.253    0.466675767864    0.027601198127    0.3740    0.3949  -0.117    8
50500.083    1.242863488659   -0.546699600790    0.7320    0.7205  -0.048    8
50505.251    0.482145225128    0.140399998827    0.6455    0.6530   0.002    4
50505.251    1.069211074820   -0.305697598435    0.7372    0.9601  -0.044    4
50512.253   -0.517896258031    0.954802803221    0.4222    0.6309   0.084    6
50519.251   -0.994640983066   -1.093100400595    0.3777    0.7969   0.458    5
50525.102   -0.502426775881    1.033902000813    0.8166    0.8751   0.057   42
50526.253   -0.107985091953    0.170600397809    0.2929    0.6047   0.391    6
50527.272   -0.088431975887   -0.103197597667    0.2265    0.4626  -0.051   30
50531.998   -0.484039921772    0.266601601595    0.2851    0.4713   0.359   20
50533.251    0.975672789700    0.842302803505    0.5500    0.7316   0.323    5
50533.251   -0.628360944443   -1.314197998425    0.4573    0.7782   0.089    3
50539.172    0.241949934403   -1.558497599774    0.0794    0.3183   0.164  157
50540.253   -0.196564163270   -0.613497598323    0.3499    0.5264  -0.048    5
50541.272   -0.118638946940    1.089100803142    0.2030    0.4008  -0.121   34
50546.002   -0.233043680629    0.918201597955    0.3150    0.5404   0.137   14
50547.251   -0.125349270746    0.196502398353    0.2413    0.5740   0.299    7
50547.251    0.322207649762   -1.102899602046    0.3501    0.6481  -0.383    6
50554.253   -0.502717457952    0.792500401303    0.2949    0.6574  -0.162   11
50560.082    0.187080079030   -0.129398399196    0.2131    0.6085  -0.054   92
50561.251   -0.286162401114    0.001202398181    0.3219    0.8104  -0.240    8
50568.253   -1.422935494463   -0.708199201682    0.4775    0.6674   0.255    7
50575.251    0.141260039186    0.279201602638    0.3176    0.8484  -0.439   10
50575.751    0.604139346414   -0.183499199835    0.2158    0.3559  -0.298   39
50582.253   -0.088575562527   -0.809899200505    0.3016    0.5373  -0.007    5
50588.082    0.080551931104    4.370500799666    0.0925    0.2109  -0.099  157
50589.251   -0.095142299693    1.131800400600    0.3127    0.5778   0.490    7
50596.253   -0.368174760151   -0.123800400331    0.6212    0.5642   0.509    4
50601.998   -0.283097933724   -0.165697196763    0.4053    0.5292   0.289   19
50603.251   -0.526067009769   -0.679197600562    0.4016    0.5710   0.448    7
50603.251   -0.848859532462    1.416999599257    2.1283    2.5075  -0.924    3
50610.253   -0.136003125733   -0.858099600975    0.4153    0.7156   0.331    5
50616.086    0.810044057054    1.101999598774    0.6510    0.8907   0.649  240
50617.251   -0.233337871489   -0.188499596732    0.3701    0.5251   0.281    9
50617.251   -0.827845988463    1.803999599304    0.4891    1.0838  -0.184    6
50624.253   -0.439533239315   -0.971600400135    0.6435    0.5640  -0.314    7
50631.251    1.263148548201    1.914300001715    1.9044    5.0437   0.963    5
50631.251   -1.137795743780    0.012099601321    0.5069    1.0811  -0.154    7
50631.755   -0.137754260621   -1.012698002256    0.2256    0.7067   0.000   81
50638.253    0.136150246048   -0.441399601669    0.3933    0.8048   0.356    5
50639.272   -1.211048944473    0.281502002508    0.4594    0.7450  -0.061   17
50643.998    0.755321272227   -1.702198797915    0.6394    1.1245  -0.035   12
50645.251   -0.191163688062    0.224402403859    0.3922    0.4940   0.218    8
50645.251    0.216702177153    0.085500003877    0.4653    1.0800   0.095    5
50652.253   -0.164311891354    0.911602799647    0.4541    0.7960   0.327    6
50653.272   -0.338405566598   -1.158498001530    0.4392    1.3006   0.116    4
50654.331   -0.153514424841   -0.023097600632    0.0913    0.1679  -0.039  155
50659.251   -1.747188469973   -5.755499999793    1.0462    2.6510   0.924    3
50659.251    0.209991853347    0.979599601436    0.3657    0.8091   0.006    6
50665.168    1.265046778519   -1.170500400605    0.4543    0.6819  -0.124    7
50666.253   -0.093100482734   -0.153698398009    0.2398    0.5938   0.058   12
50671.998    0.594070364358    0.883202400814    0.6823    0.7827   0.325   19
50673.251   -0.429464257259   -0.044297998869    0.3692    0.6735   0.438    7
50673.251   -0.727156118131   -0.393397199616    0.8284    1.0559  -0.221    5
50680.253   -0.331691758887   -0.357098402048    0.2656    0.6977   0.058    8
50681.272   -0.187076545355    0.734000399660    0.2518    0.7823  -0.068   19
50686.083   -0.322207624877   -0.250898399656    0.5082    0.8242   0.135  133
50687.251   -0.078800771331    0.607802403607    0.3542    0.5515   0.339    7
50687.251   -0.566052280808   -1.691600402154    0.3393    0.8444  -0.223   14
50687.836   -0.850901349420    0.572302800350    0.2256    0.2822  -0.013   90
50694.253   -0.036626587904    0.959799599798    0.4420    0.8486   0.146    5
50695.272    1.623733920755    1.154300399264    0.8402    1.2287  -0.120    3
50700.090   -0.555107718865    0.278600400350    0.1628    0.2732  -0.506  165
50701.251   -0.268213349390   -0.516697200226    0.4290    0.6615   0.368    7
50701.251   -0.286890885570    0.002700003421    0.2507    0.6144  -0.224   18
50707.000   -0.540513816602   -0.158299197750    0.6246    0.7452  -0.179    6
50715.251   -0.297982518058    0.857300400270    0.4268    0.7172   0.522    5
50715.251    0.003502269776   -0.333698400112    0.3912    0.9307  -0.415    8
50722.250   -0.711101763051    1.032299999082    0.5419    1.3730  -0.516    5
50728.167    0.036335930718    0.805899603051    1.6787    1.2336  -0.745    3
50729.251   -0.102878782720   -0.203299201473    0.5428    0.8938   0.338    7
50729.251   -0.831491844879    0.713401203711    0.8522    1.2339  -0.457    8
50736.253    0.083763493924    1.151499599672    0.2774    0.8668   0.074   11
50742.167    0.073985193939    0.112201198732    0.8229    0.9084  -0.304    7
50743.251   -0.149136600064   -0.316699198066    0.3404    0.6005   0.292   10
50743.251   -0.064791741999    1.321002002186    0.2460    0.7075  -0.156   13
50750.253   -0.331544663457   -0.039499200710    0.4162    0.8963  -0.476    7
50751.272   -0.261646612225    2.184001203887    0.2512    0.7094   0.221   25
50752.196   -0.333152186819   -0.812397598793    0.5092    0.7072   0.559  147
50757.251   -0.037939945291    0.356601602647    0.3582    0.5185   0.033   14
50757.251   -0.145925037244   -0.673397996565    0.2394    0.7131  -0.261   14
50764.253    0.067565552203    0.438202798847    0.3046    0.6258   0.098    7
50770.002   -0.300318525877   -0.411199196293    0.3817    0.4355   0.287    5
50771.252    0.152057505699    0.089002801928    0.3800    0.4985  -0.074   10
50771.252   -0.245595765934   -0.025898400224    0.2506    0.6992  -0.312    8
50773.085    0.748607464516   -0.937699198289    4.0993    2.8045  -0.913   10
50777.001   -0.067271336458   -0.145997997691    0.4532    0.4971   0.304    6
50778.253    0.174531477630   -0.492098400429    0.3205    0.8005   0.150    6
50785.252   -0.681479664928   -0.909900001744    0.7180    1.5437   0.895    8
50785.252   -1.135606831392    1.978700403527    0.6097    1.4118  -0.438    3
50791.085   -0.141841403328    0.053701203484    0.2512    0.3739   0.079  445
50792.250    0.109883322271   -0.084499198039    0.4584    0.8605  -0.371    4
50793.272    0.375617077203   -0.689198400750    0.2117    0.3289  -0.045   24
50797.999   -0.640765934318   -0.148798797284    0.4317    1.0609   0.290    5
50799.219   -0.344825208333    0.000000000000    0.7894    2.0879   0.935    6
50799.252   -0.205319812824   -0.143398796837    0.2182    0.6399  -0.290   15
50800.340   -0.301337692404   -0.239198401886    0.0695    0.0948  -0.180  139
50805.085   -0.127685278565   -1.459198796994    0.1685    0.4941  -0.089   56
50806.166    0.149140133739   -0.007898398735    0.4259    0.6672  -0.277    4
50813.168   -0.492795571326    0.158799603867    0.2424    0.4510   0.245   18
50813.168   -0.322351236402   -0.377398797013    0.4592    0.9862  -0.244    7
50820.250    0.767726286986    1.842501600891    0.6780    1.1684   0.742    5
50826.171   -0.152638844955   -0.364298396249    0.2369    0.4614  -0.017   27
50827.252    0.352414620815   -0.326897996672    0.3578    0.6173   0.392   10
50827.252    0.198753100544   -1.056297596591    0.4523    1.0418  -0.299    7
50834.254   -0.293314011211    1.510700403173    0.3431    1.1614  -0.599    6
50840.167    0.119514526827   -0.007498801580    0.2920    0.9987   0.249   47
50841.252   -0.224144444435    0.169801203498    0.3436    0.6730   0.489   12
50841.252   -0.099229442399   -1.445997600058    0.6203    1.2065   0.031    6
50843.001   -0.034290580085    0.595000803827    0.2434    0.3620   0.283   18
50847.001    0.053847204941   -0.227498397720    0.1972    0.3215  -0.043  292
50848.254    0.195545021628   -0.349700396640    0.3012    0.5875  -0.082    7
50854.079   -0.925471416290    1.137902399506    0.2694    0.5307  -0.901  201
50855.252    0.405386270755    1.158901199005    0.5013    1.0134  -0.367    7
50857.001    0.347161241037    0.117000003286    0.3239    0.6110   0.214    6
50862.254    0.221517779430   -0.342698400857    0.2787    0.4208  -0.006   12
50868.167   -0.750649256589   -0.097999202353    0.3372    1.0782  -0.110   22
50869.252   -0.386852296331   -0.892497602223    0.3096    0.6344   0.094   12
50869.252    0.333446402565    0.256499998841    0.3643    0.7214  -0.172    7
50876.254   -0.522417669448   -0.056700001494    0.4377    0.4476   0.015    8
50883.252   -2.048673257807    0.302702400745    1.4060    0.6219   0.000    8
50883.252    0.141550746142    0.509400003779    0.4368    0.9975  -0.485    5
50884.271    0.293023354025    0.297302400298    0.6430    0.7251  -0.413   11
50890.254   -1.224476609664   -0.225500399154    1.4348    0.9149   0.705    4
50895.999    0.561674480916    0.774701998552    0.4855    0.5195   0.472   16
50897.252    0.240198799515    0.369201603689    0.3703    0.5521  -0.053   21
50898.271   -0.348180382679   -0.439297200217    0.3145    0.5035   0.120   13
50911.252   -0.219910206298   -0.123598801594    0.2259    0.5097   0.278   15
50912.271   -1.258914310065   -0.614599200333    0.5139    0.7683  -0.235    5
50917.001    0.174384382200   -0.256298400103    0.4388    0.5876   0.557   16
50918.254   -0.269379586462    0.206499598221    0.3855    0.5208  -0.203    6
50919.324   -0.125787048247    1.492300798134    0.1170    0.1568   0.066  139
50925.252   -1.597029194592   -0.562197597276    1.1818    1.3606   0.342    3
50939.252    0.901831207287    0.550101602670    0.8784    1.2191  -0.300    3
50946.254   -0.392834160565    1.103000398217    1.5959    3.3290  -0.838    3
50953.252    0.586337390120   -0.136098000070    0.5524    0.6535   0.358   10
50953.252   -0.276968974059    0.295801201133    0.9255    0.7639  -0.265    6
50954.271   -0.619605294889   -0.325198799089    0.2525    0.3864   0.128   16
50960.254   -0.980194176232   -0.361799997961    0.7059    0.5458   0.484   10
50967.252   -0.724235212497   -0.132800401076    0.3761    0.6754   0.114   19
50967.252   -0.653314510833    0.028400398833    0.6115    0.9374   0.352    6
50974.254   -0.329355751069    0.149702400876    0.6622    0.4277   0.595   11
50979.999    0.388459844578    0.008499601023    0.8107    1.2808   0.796    5
50981.252    1.384267114486    0.103600801538    0.7104    0.7320   0.377   12
50981.252    1.155744845274    1.015200000865    0.6308    0.6193   0.274    8
50982.271   -0.176426199158   -0.419399996332    0.1781    0.2310  -0.034   96
50986.997    0.314765357595   -0.231397199002    1.1440    1.0578  -0.712  193
50989.324    0.123454574103    1.448002799265    0.1695    0.2919  -0.008   76
50994.167    2.415391123700    2.091301199414    1.2123    2.7992   0.524   24
50995.252   -0.388312749148   -0.263699999437    0.5608    0.9572   0.215   15
50995.252    0.606184672162   -0.357998398925    0.9020    1.0599  -0.273    4
50996.271    0.928535908565    0.482601600282    0.5064    0.6742   0.148    6
51002.254   -0.298273200129    0.447501600576    0.3050    0.4470   0.079   13
51009.252    0.021013543999   -2.070097200857    0.7253    1.0545   0.595   12
51009.252   -0.850463571919   -0.462898800890    0.5598    0.6360   0.167    9
51010.271   -0.260918127769   -0.739897199509    0.2755    0.2755  -0.134   40
51015.169    0.150744148312   -3.798899997776    0.5586    1.1712  -0.420   13
51015.253   -0.546642776267   -0.725000398916  190.4339  196.7354  -0.002   10
51023.252    0.326004110398   -1.223100002079    0.4305    0.7368   0.357   15
51023.252   -0.064644646569   -0.355298401900    1.0636    3.4470  -0.767    3
51024.268   -0.391230121108    0.265100402430    0.4018    0.7231   0.181   14
51030.254    0.049178698094   -0.034498797419    0.4560    0.5505   0.065    6
51036.087   -2.217804260228    0.566200801444    0.2377    0.2220  -0.187   38
51037.252   -0.360585372554    1.232002800577    0.4991    0.9677   0.138   13
51037.252    0.041445723856    0.160502401769    0.5582    0.9571  -0.194    4
51042.998   -0.584439134918   -1.664297998616    0.7021    1.0718   0.444  200
51044.254    0.131043961700   -0.223599596438    0.2562    0.4102  -0.044   22
51049.999    0.675207143508   -0.264898797298    0.7311    0.6646   0.359    4
51051.249    0.834122068443    1.852199999774    0.6253    1.0556   0.371   16
51051.252   -1.918361289352    1.183600801369    1.0561    1.6974  -0.774    3
51058.254    0.326004110398   -0.277700397078    0.4748    0.5020   0.029    8
51065.252   -0.270402261779   -0.756900001875    0.3422    0.6503   0.334   10
51065.252   -0.246762003006    0.281602798680    0.4937    0.5451   0.047    8
51065.811  -58.502139417332  125.602502401989   45.3313   79.4725   0.543    6
51072.250   -1.109339907615   -0.196898401583    0.4611    0.5020   0.111    7
51079.249   -0.614351915111    0.201700800062    0.3738    0.5556   0.243   18
51079.252   -0.190288108175    0.164901602773    0.3654    0.4948  -0.014    8
51080.717  -37.344129067356 -140.968098001082   69.0778  112.8637   0.630   11
51085.001   -0.948088999746   -0.033397201804    0.5700    0.5690   0.157    4
51086.254    0.227793809640    0.353102398520    0.6411    0.4750  -0.352    4
51088.084    0.185913817073   -0.095400001499    0.1037    0.1466   0.000  201
51091.999   -0.690382409912    0.413002803157    0.5508    0.5810   0.262    6
51093.252    2.625673634232    6.884200799817    1.6045    4.3173   0.857    6
51093.252   -0.338258471168   -0.938498398995    0.6455    0.6189   0.066    8
51094.271    0.039547493538   -0.285800400945    0.2227    0.2933  -0.245   87
51098.998   -0.420999314660   -0.253598396682    0.2458    0.4064  -0.137  375
51100.250    0.842292820181    0.510501599393    0.3512    0.4759  -0.085   10
51107.249   -0.734304219438    0.749199601557    0.5001    0.8704  -0.202    7
51107.252    0.560655339274    1.719000001543    0.4462    1.0464   0.406   10
51108.271   -0.115427384120   -0.240397199747    0.2579    0.4605  -0.183   15
51114.251   -0.061433083749   -0.756597600571    0.4789    0.4853   0.273    9
51120.000    0.842439915611    1.376499599104    2.1657    4.5983   0.970    3
51120.168   -0.827114020102    2.266401600792    0.2810    0.6082  -0.206   16
51121.249   -0.178615086661    0.166301999371    0.2815    0.7235   0.696    8
51121.249   -0.353143080387    0.033202803706    0.3883    0.5228   0.024   17
51122.268   -0.437635033882   -0.466999200910    0.2136    0.4141   0.139   43
51123.353   -0.124330104219    0.388400403040    0.3532    0.6823  -0.194   17
51128.251    0.477914495781    0.543999603764    0.3295    0.4814   0.056   11
51130.457   -0.667761317666    0.355402798391    0.5049    0.5269  -0.069   10
51135.249   -1.441616539433    2.996999998572    0.5595    0.9732  -0.348   18
51135.252   -0.024078011389    0.518000400973    0.3944    0.4758  -0.177   13
51142.251   -0.161541589939    0.054302399377    0.1927    0.3596  -0.061   24
51149.249   -0.188099220672    1.121201998444    0.3150    0.7264  -0.007   18
51149.249   -0.101856132289    0.170402399391    0.1997    0.3910  -0.085   26
51155.001   -0.019115313681    0.057301203782    0.3732    0.5215   0.128    9
51156.251    0.198462418473    0.844401598243    0.4156    0.4942  -0.107    7
51157.708   -0.439533239315   -0.134600401225    0.6145    0.7537   0.162   10
51162.029   -1.005729131649   -0.077299197443    0.3469    0.5425   0.050  166
51163.249   -0.608807828377   -0.374000401848    0.3253    0.6714  -0.140   29
51163.249   -0.658424303971   -0.520498799261    0.2256    0.3288  -0.139   28
51164.271   -0.182555133938   -0.288799198955    0.2162    0.3299   0.087   57
51169.166   -0.978733748300   -0.596199601688    0.0728    0.1270  -0.150  200
51170.251   -0.593338371112    0.201002401923    0.4693    0.4440  -0.315    6
51177.249   -0.687023751662   -0.585900000516    0.5747    1.2679  -0.051    9
51177.249   -0.396774182957    0.670402798875    0.3251    0.5277  -0.119   16
51184.251   -0.140380950510   -0.067298397255    0.2250    0.3428   0.010   15
51191.253    0.002773810204   -0.369900001829    0.1977    0.3318  -0.160   25
51198.251    0.194669466627   -0.107798397408    0.5005    0.5378   0.270    4
51205.249   -0.316078690097   -1.322600397202    0.8410    2.0564   0.744    9
51205.249   -0.025534955416   -0.566398799862    0.4556    0.5258  -0.005   13
51211.002   -0.867246386571    1.186502403527    1.0041    1.4674  -0.314  102
51212.251    0.692571347186   -0.664999198108    0.8955    0.8753  -0.256    3
51214.179    1.384414209916    1.900800003796  193.4979  197.6120  -0.001    7
51219.249   -0.111487336844   -0.811598398087    1.0459    1.0331   0.079    4
51219.249   -0.159205582120   -0.518198399391    0.2656    0.3445  -0.047   15
51226.251    0.199628655545   -0.623498398511    0.3701    0.5668  -0.280    4
51227.891  -52.834027097230  -10.130000396913    9.7514    4.3483  -0.361    4
51228.000   22.780430938229  -16.686597601279    2.8518    2.0198  -0.953    7
51233.249    0.678709413284    0.908701203883    0.5979    1.3185   0.681    8
51233.253   -0.477910986992   -0.246297599915    0.2844    0.3881  -0.049   21
51240.251   -0.366714307333   -0.754099202283    0.4242    0.4936   0.132    9
51246.084    0.092081341093   -0.385099197331    0.0942    0.1452  -0.137  100
51247.245   -1.151366995612    0.955000801639    0.5361    1.3242   0.346    5
51247.249   -0.200504210547    0.264099602987    0.2425    0.4049  -0.177   15
51253.082   -0.120095890968    0.485301603703    0.2771    0.3936   0.079    6
51254.251   -0.222974673688   -0.117198001703    0.3153    0.3903  -0.205    7
51261.249   -0.374447306456    1.029700798227    0.4634    0.7386   0.276   14
51261.249   -0.234357013131   -1.177498802463    0.4018    0.5426  -0.291    5
51268.251   -0.236255243449    0.321001203218    0.2379    0.4153  -0.097   13
51275.249    1.241550131272   -1.331499601775    1.0201    2.7499   0.746    8
51275.249   -0.380576241236   -0.153597601837    0.4533    0.6934  -0.260    5
51282.251   -0.065229519500   -0.661298401639    0.4025    0.4756   0.034   10
51284.084   -0.199043757729   -0.407797200808    0.1024    0.1775  -0.124   92
51289.249   -0.633176546721    0.651099603033    0.2596    0.4516  -0.180   14
51297.270   -1.006023322509    0.379702803599    0.5492    1.1632  -0.168    3
51303.249   -1.015069654133    0.544802398394    0.5579    0.8417  -0.223    4
51309.086    0.084786144356   -0.037497601824    0.0811    0.1424  -0.049  189
51310.251    0.119370940186   -0.059997600488    0.4144    0.5236  -0.115    7
51317.245    0.048012461022    0.614199603177    2.2379    5.4491   0.957    6
51317.249   -4.131493533943    4.156102802710    1.8493    1.9387  -0.913    4
51324.251   -0.162417169826   -0.658897199202    0.5175    0.7639  -0.289    3
51331.249   -2.081216236679    0.219801597723    0.9765    1.1217   0.310    5
51331.249   -0.268360444820   -0.267897601702    0.3618    0.7834  -0.226    7
51338.251    0.171029232739   -0.045198002141    0.3924    0.6385   0.087   12
51344.080    0.247494021137   -0.243399598077    0.2529    0.2865   0.196   13
51345.249   -0.319871641943   -0.403700401108    0.9678    0.7393   0.159    4
51345.249    0.282078792082   -0.737697602204    0.3964    0.4566  -0.297    9
51351.086   -0.849297309962   -0.577400399493    0.3108    0.2597  -0.122  190
51352.251   -0.661779478317   -0.990597600747    0.2857    0.3969   0.176   13
51358.000   -0.163145629397   -5.956999201118    0.2565    0.4580  -0.128  211
51359.249    0.117182027798    1.543201202026    0.8365    1.0173   0.212   24
51359.249    0.064791766884    0.004600799741    0.3055    0.4635  -0.155   17
51366.251    0.296816305871   -0.265597201832    0.5220    0.6571   0.112    4
51373.249   -0.425814916938    0.752000401150    0.4375    0.5794   0.118    7
51373.253   -0.025829146276    0.153201598607    0.3565    0.7690  -0.318    6
51379.082    0.291125123707    1.310101198726    0.4742    0.3971   0.171    6
51380.251    0.118348289755    0.262601997747    0.3384    0.5468   0.044   16
51387.249   -1.150491415726    0.471600000651    0.6312    1.2081   0.132   17
51387.249   -0.712124413482    0.122400003733    0.5146    1.4464  -0.549    3
51393.082   -0.427566026941   -0.088297196754    0.1745    0.2636  -0.633  169
51394.251   -0.114261122163    0.275201998789    0.2918    0.3926  -0.085   13
51400.084   -1.805704181762   -5.777398796170    0.3557    0.9478   0.390   11
51401.249   -0.075879890582   -0.371599199411    0.2503    0.5036  -0.260   16
51406.998   -7.056610139050   24.274501199528    0.8693    0.9000  -0.895  391
51408.251    0.512499291612    0.312202801211    0.4461    0.4387  -0.036    9
51415.249   -0.124767906605   -0.133099202060    0.2741    0.3860  -0.066   13
51418.164   -1.522749834678   11.260101599930    1.5154    6.7466   0.350    3
51422.251   -0.661050993860   -0.208400400936    0.2136    0.4188  -0.048   25
51429.249    1.716105968803   -0.450399602414    3.0189    1.5642   0.051    4
51429.249   -0.274489379600    0.884800802226    0.5298    0.8775  -0.519    8
51436.251   -0.987342277539    1.282600803165    0.3798    0.5139  -0.261    5
51442.084   -0.757800866686    2.032401600616    0.2822    0.4259  -0.023   12
51443.249   -0.428441606827   -0.609800402174    0.3085    0.4360  -0.276   18
51449.166    2.242176487362   -0.208097999632    0.3445    1.2023   0.010    5
51450.251   -0.325272117152   -0.141098396966    0.3450    0.5486   0.224    6
51457.249    4.422331509254    0.252000001666    3.8690    0.8580   0.405    4
51457.249   -0.643539719637    0.026200801528    0.3531    0.6770  -0.344    7
51462.999   -0.874250901237   -0.395099997519    0.1905    0.3145  -0.008  307
51464.251   -0.009337013695   -0.011797200017    0.2519    0.4123   0.008   19
51471.250    1.382078202097    1.125900000432    0.8498    1.6751   0.492    8
51471.250   -0.008608529239    0.651502800508    0.4105    0.6973  -0.079    9
51473.083   -0.221370659115   -1.393999200872    0.6641    1.2849   0.357   11
51475.088   -0.324102346405   -3.216599997558    2.1582    2.0990   0.200    4
51477.083    1.031999589100    2.195002803518    0.2666    0.3538   0.073   12
51478.251    0.024515813774   -0.563299199285    0.5068    2.1046  -0.709    4
51484.084   -0.132500880843    0.510300000656    1.0169    0.7534  -0.472    5
51485.250    2.762405244421   -0.287600401094    4.6695    0.8359   0.489    6
51485.250    0.384229140116    0.482400001545    0.3484    0.8240  -0.335   13
51487.291    6.455244627725    0.502300799354    0.6831    0.3301   0.066   14
51491.126    1.115178185209    0.640900798032    1.9891    1.5859  -0.764    9
51492.251    0.008902744984   -0.885200399381    0.5585    0.5157   0.037    4
51493.292    0.421440600951   -0.144097201371    2.2108    1.5113  -0.933   10
51494.333    2.615748238816   -1.228100398976    2.5392    1.7052  -0.940    8
51498.084   -0.101418354788   -2.046999600225    0.3236    0.7637   0.627    6
51499.250   -0.209697637601   -0.438199198527    0.3261    0.5232  -0.108    8
51506.251   -0.250117177351   -0.278600400350    0.4253    0.5436  -0.090    5
51513.246   -0.627194682486   -1.175698802314    0.5835    1.1697   0.270    5
51513.250   -0.553647290933   -1.193598001237    0.3769    0.6644  -0.291   10
51519.083   -0.548246815725    0.098402399829    0.3252    0.4575   0.348   13
51520.251   -0.042464865498   -0.324000001228    0.2419    0.3727  -0.175   15
51526.000   -3.182238297125   -3.876800397506    0.1643    0.2721  -0.031  404
51527.250    0.330525521815   -0.640400398311    0.4021    1.0543  -0.487    5
51527.250   -0.023346043028   -0.090899997929    0.3036    0.4319  -0.322    9
51533.086   -0.174237286770   -0.463399200612    0.0699    0.1993  -0.020  184
51534.251    0.718547588893   -0.856897196400    0.8992    0.6612  -0.613    4
51541.250   -0.365838752332   -0.021200398237    0.4183    0.3972  -0.321   12
51548.252    0.261212343514   -0.038397598701    0.3329    0.3968   0.083    8
51554.085    0.623839557911   -0.019097996784    0.2524    0.3553   0.096   17
51555.250    0.865057499068   -0.192898797735    0.4744    0.8436  -0.021    4
51555.253    0.116306472796   -0.497199599891    0.4458    0.8067  -0.192    8
51556.269   -0.482579493839    1.299301197832    0.5739    0.9689  -0.183    7
51562.252   -0.251577630169    0.763801201487    0.2535    0.6852  -0.165    8
51569.250    0.246909123321    0.721101597634    0.4511    0.8577  -0.291    4
51570.999    2.755110047685    0.249001203656    0.2948    0.4846   0.007  175
51575.072   -0.975231478525   -1.043197202222    0.2128    0.3235  -0.042   51
51576.252    0.102588125534    0.899701203139    0.3072    0.4971   0.452   10
51578.001    0.127688812240    0.356000400359    2.4724    1.7208  -0.969   11
51582.001   -2.959697867263   -3.473798400933    0.3073    0.4750  -0.024  222
51582.085   -0.533656397366    1.661400003172    2.1417    1.4890  -0.956    7
51583.250   -0.519353177173    1.875999598866    0.4311    1.0315  -0.194   11
51584.999    9.467770558288  -11.776100402017    1.9975    1.4270  -0.865    9
51589.083   -0.141984989968   -0.188099999576    0.2970    0.4433   0.126   15
51590.252    0.011676530303   -0.075297598556    0.2892    0.4281  -0.017   11
51597.250   -0.175988396772    0.868100401163    0.3322    0.7341  -0.347    7
51604.252   -0.358981333096   -0.479498399386    0.4069    0.4692   0.518    9
51611.250   -0.356792420707   -1.009497599114    0.4852    0.8718   0.151    3
51617.079   -0.247637582892   -0.021798000205    0.0752    0.1484  -0.183   68
51618.252    0.094855151297    0.114501598603    0.3323    0.4058   0.030    6
51620.001   -6.716891215065    3.944501998632    0.7057    0.9429  -0.014   35
51625.250   -0.279886370904   -0.300297597988    0.3008    0.5207  -0.329    9
51631.083   -0.351829722999    0.471600000651    0.6057    0.6720  -0.052    8
51632.252   -1.442929896820   -0.478997999664    0.6586    0.5936   0.236    6
51639.250   -0.078068802970    0.144802800151    0.2894    0.5085  -0.199   26
51646.252   -0.177883118301    0.438901203381    0.4738    0.5864   0.108    5
51653.250   -0.323664568904   -0.690098397627    0.5720    1.4728  -0.688    6
51674.252   -0.011088123698   -0.134499598659    0.2771    0.4583   0.007   12
51680.001   -0.153514424841   -2.455397996926    0.7052    0.5617   0.006  110
51687.087   -0.987489372969   -1.629197998909    0.1136    0.1819   0.072   93
51695.250   -0.621356429777    0.184499999278    0.6572    0.7474  -0.559    6
51702.248   -0.825219298574   -0.529898397161    0.4666    0.5849   0.317   17
51715.079   -0.530007057045   -1.477098002312    0.7326    1.6236   0.594    6
51715.708  -22.931318673181   11.033499598767    4.8040    3.7330  -0.130    6
51716.252   -0.259604795266   -0.121100396910    0.5717    0.5384   0.311    6
51723.246   -0.006128934780   -0.304898397729    0.5251    0.6000  -0.073    3
51723.250    0.058372125149   -0.221799596289    0.5466    0.7484  -0.320    7
51731.249   -0.487251509477    1.019901603172    0.5026    0.5898  -0.083    3
51732.286   -0.101856132289   -0.179600398553    0.1346    0.2092   0.171  119
51737.250   -0.093538260235    0.514900800397    0.3017    0.5764  -0.126   14
51744.252   -0.071502065805    0.651099603033    0.3185    0.3587  -0.059    8
51750.085    0.939042693006   -0.227898001270    0.8148    1.2172   0.235   14
51751.250   -0.382765153624   -0.291999602098    0.4540    0.7993  -0.594    7
51764.001    0.543581817667   -1.412899199238    1.1349    1.7300   0.292   32
51765.250   -0.395898627955    0.132699598510    0.3102    0.5338  -0.102   11
51771.083   -0.859072126043    1.214402402638    2.1177    1.6940  -0.244    3
51778.224   -0.535407532254   -0.116100000014    0.3871    0.5685   0.261    8
51779.250    0.307323065428   -0.077900399731    0.4307    0.5878   0.306    8
51780.273   -0.714022643800    1.716501603255    0.2965    0.4923  -0.211   12
51786.252    0.712856406728   -0.653198397771    0.5502    0.6374  -0.188   10
51792.001   -0.365985847762    0.168001203349    0.5023    1.0547   0.105  153
51793.250    1.068482590364   -1.489399202370    0.8648    1.2026  -0.662    5
51800.252   -0.410345434788   -0.155498398158    0.3120    0.5156  -0.137    6
51802.075   -1.168146301474   -0.160200000465    0.5478    1.0146  -0.126   10
51806.228   -0.527527462586    0.608302803329    0.4219    0.5198   0.229    6
51807.250   -0.478786541993   -0.246999598374    0.7027    1.0475  -0.075    3
51808.266   -0.469740210369    2.713600800064    0.4071    0.6242   0.124   21
51814.252   -0.310093341958    0.595702802286    0.4677    0.5188  -0.429    6
51821.250   -0.846376429213    0.654800399502    0.3077    0.4544  -0.143   10
51828.249    0.227793809640    0.350301598928    0.3329    0.5301  -0.028   10
51829.271   -0.060557503862    1.595901599671    0.2745    0.6373   0.504    9
51834.162   -0.481413231882   -0.694997998352    0.4195    0.6882  -0.198    7
51835.250   -0.138482745077   -0.357497999204    0.3199    0.4626   0.037    9
51836.266   -0.463026377773   -0.015199201897    0.2945    0.5782  -0.098   12
51841.083   -0.868850426029   -1.290297596768    0.1419    0.2159   0.271   48
51842.252    0.240489506471    0.276602401783    0.2967    0.3772   0.056   18
51848.228   -0.587503602307    0.055702802371    0.2692    0.3916   0.337   10
51849.250   -0.651857591691   -0.190897198848    0.4065    0.6342   0.120    7
51850.266    0.220498612903   -0.076499996737    0.4500    0.8899  -0.371    9
51851.288   -2.001830567531    2.337299998345    0.9534    1.5360  -0.457    3
51862.082   -1.047903315076   -1.487397597089    0.2485    0.7310   0.396   11
51863.250   -0.305424810225   -0.967697998533    0.2839    0.5689  -0.353    5
51870.249   -0.118491851510    0.717400801165    0.3115    0.3311   0.074   13
51876.228    0.005109793138    0.388101602056    0.3735    0.4833   0.523    7
51877.250   -0.215679476951   -0.114598800849    0.2801    0.4223  -0.152   12
51883.083   -0.254932779629   -0.590597996108    0.0638    0.1544  -0.073   88
51884.252   -0.305134128154   -0.029599196694    0.3420    0.5553  -0.453    3
51885.998   -0.497611173603    0.962499603219    0.5029    1.0046  -0.106  151
51890.228   -0.921969146514    1.256101200653    0.6704    0.9078   0.098    8
51891.250    0.077049661329   -0.435999601223    0.4500    0.8744  -0.642    5
51892.266    0.853093795483   -0.406699199118    0.4476    0.5192  -0.176   18
51897.084    0.376054854703   -0.056700001494    0.5125    0.7146   0.159    7
51898.249   -0.168399009175   -0.088999201608    0.2645    0.4600   0.213    9
51912.249    0.188246316102   -0.183499199835    0.3330    0.4385  -0.191    5
51918.085    0.439242582130    0.771800402788    0.3693    0.6013  -0.157   14
51919.251   -0.105211281749    0.219700801551    0.3690    0.4846   0.414    4
51920.266   -0.041442190182    0.603399602284    0.3261    0.5408   0.019   15
51926.249   -0.158330027119   -0.173300401229    0.3810    0.4410  -0.362   12
51932.224    1.922886234445    0.872200801183    0.1972    0.3997  -0.273    8
51933.251   -0.406552482942    1.406199598364    0.3113    0.6945  -0.685   14
51934.266   -0.164896764285   -2.027797200554    0.5751    1.0117   0.108   13
51939.084   -0.181241801436   -0.726598800327    0.1095    0.1477   0.007  190
51940.249    0.640184570177    0.643899602437    0.5269    0.3970   0.375    8
51946.224   -1.970163168546   -0.397299601218    0.4599    0.5217  -0.498    3
51947.251    3.400253806780   -2.967998397452    1.5952    1.3350  -0.917    5
51948.266   -0.857030309085   -1.203800400162    0.2559    0.3915  -0.137   22
51953.080    0.096896968255    0.644000398609    0.5312    0.4984   0.334   10
51954.249    0.241655743543   -0.509799600934    0.3509    0.4535  -0.218   14
51955.268    6.923962187662   -9.012599997504    2.4144    1.6812  -0.940    7
51960.082   -0.491191531868   -1.456397997401    3.6764    2.5795  -0.941    9
51961.251   -0.585605371989    1.329501603209    0.2285    0.5907  -0.147   11
51962.266    0.285433966428   -2.595999600885    0.2359    0.5150   0.030   22
51968.245   -0.454708530605    0.153201598607    0.1817    0.2554   0.049   16
51974.224    1.064980345473   -0.858297599393    0.1774    0.3205  -0.341   11
51975.247   -1.070667993963    0.382402800625    0.6120    0.5231   0.374    9
51976.266   -1.633946489451   -0.835700398483    0.5284    0.8784   0.164   10
51981.080   -0.329212139543   -0.666997196674    0.0863    0.2149  -0.084   52
51988.082   -0.159643359621    0.127799997784    0.3547    0.4557   0.300    7
51990.266   -0.818796172934    0.669999601399    0.3091    0.6788   0.326   24
51995.223   -0.359562722122    0.107402400573    0.2813    0.4691  -0.526    7
51995.223    0.761888009392   -0.562399202408    0.5210    0.5824  -0.167   15
51996.249   -0.623545342166    1.353600003284    0.4360    0.4972  -0.069   10
51996.274    0.387874971647   -0.585597599212    0.5257    0.5821  -0.268    6
51997.264   -0.113385567162    0.874299602316    0.3895    0.7063   0.091   13
52002.082   -0.783920695033    0.335300401844    0.5293    0.8180   0.276   15
52003.247   -0.237421505406   -0.007700400317    0.2357    0.4862  -0.279    9
52004.266   -0.055598314944    0.966502800992    0.5677    0.9003   0.354   37
52009.168   -0.214219049019   -0.279399601055    0.0926    0.1529  -0.329   71
52010.249    0.147388998851    0.487202400024    0.3221    0.4511   0.441   14
52017.251   -0.168689691246    0.474101999259    0.1989    0.5029  -0.160   17
52024.249   -1.588711347424   -0.721598397035    0.7405    0.4638   0.521    5
52031.247   -1.287517241660   -0.302299196875    0.7726    1.2860  -0.109    4
52038.245    0.128417271811   -0.222498000824    0.3924    0.4964  -0.027    5
52044.228    0.624571526272   -4.395797997603    0.7601    0.9974   0.758    4
52045.247   -0.505491243271    2.335100401041    0.3174    0.5040  -0.041    6
52046.266    0.037211485720    1.496901597875    0.3657    0.5096  -0.046   55
52046.288   -0.315493817166    1.949500797593    0.4244    0.7392   0.185   10
52051.226   -0.157016669732   -0.457898397599    0.3249    1.2360  -0.226    5
52052.245   -0.836601638017   -4.622299196200    0.1965    0.2964   0.015   10
52054.079   -1.690129702211   -0.797000398478    0.7303    1.1025   0.093   13
52059.247   -0.332420218458   -0.289097999939    0.3717    0.7737  -0.595   11
52060.266   -0.011525926084    0.137401200817    0.7575    0.6392  -0.185    3
52065.080    0.143448951575    0.437702399125    0.3585    0.5895   0.407   14
52066.245    1.678313118942   -0.648000002457    0.9081    0.8402  -0.638    3
52067.286   -5.091987548449   -6.660899997968    0.6554    1.0324   0.560    3
52072.228    0.307032383357    0.607600798475    0.3779    0.4331   0.083   15
52073.247    0.409620484007    0.033400802124    0.3744    0.3914  -0.205    8
52074.266    0.837624313334   -1.342198800103    1.5696    1.5690  -0.873    4
52078.996   -1.381931081782    2.097100803411    0.1971    0.3547  -0.061  216
52080.249   -0.581227572098   -0.752900398027    0.5436    0.4579   0.303    6
52081.264   -0.243406853545   -0.385397998315    0.3276    1.0905  -0.604   11
52086.225   -0.566342962879    3.024899997683    0.6517    0.9024  -0.633    9
52087.247   -0.905039236432   -0.458600402453    0.3073    0.4999   0.017   10
52088.266    0.297110496731    0.749199601557    0.8804    0.8820  -0.360   13
52093.248    0.108864180629   -0.192898797735    0.2346    0.2823  -0.151   16
52094.267   -0.268066253960    0.674999998296    0.5208    0.3536   0.072   26
52096.083   -0.570720787656    0.055601999804    0.0911    0.1466  -0.221  140
52100.225   -0.399110190775   -1.566899998551    0.3256    0.5874   0.000   11
52101.247   -0.457772997994    0.036702001438    0.2300    0.3361  -0.053   20
52102.266   -0.012257894445    0.841899599635    1.0125    1.9833   0.158   14
52107.226  -34.103080842697  -30.565598397914    8.7835    5.4061   0.978    3
52108.249    0.452523151891   -0.723999599472    0.5891    0.4960   0.058    5
52109.268   -0.650544234304   -0.135197996798    0.3928    0.6234   0.090   11
52114.079   -0.811648046742   -0.561099601981    0.5760    0.4850   0.093    6
52116.263    0.595093014790   -1.047697199397    0.8544    1.1204  -0.509   13
52122.249   -0.952176117567    0.303699599868    2.1312    1.2350   0.899    3
52123.265    0.436468796810    1.171101602893    0.3811    0.5380   0.060   12
52128.082    0.449164468756    0.568400398748    0.3675    0.4415  -0.237   11
52129.251   -0.218159071410    0.010800000894    0.2598    0.5768   0.116   11
52130.266   -4.024093339805   -0.838198796771    1.5784    0.8599   0.357    4
52135.223   -0.482141716339    0.324500400950    0.5706    0.4756   0.095    5
52136.249   -0.280033466334   -0.452498397152    0.1983    0.3792  -0.067   10
52137.268   -0.170440826134    0.204300000917    0.2588    0.2472   0.274   23
52142.228   -0.010359664127   -0.236397602293    0.3038    0.8174  -0.282   10
52143.251   -0.119805208897    0.488901597606    0.2185    0.3132  -0.004   14
52144.266   -0.242384203114    0.538901998226    0.4302    0.8069  -0.131   25
52149.227   -0.406552482942   -0.780598798400    0.1775    0.3982  -0.046   26
52150.249   -0.598448164250    0.378302400605    0.3234    0.3345  -0.345    6
52151.268   -0.713147088799    0.703602002261    0.3472    0.4994  -0.167   10
52155.998    0.591737865329   -1.076799596689    0.3362    0.7325   0.050  214
52157.251    0.356354668092   -0.921797997933    0.2312    0.5033   0.050   10
52158.266   -0.948379681817   -0.215697597383    0.5449    0.8366   0.149   17
52163.227    1.632345983668    1.255301999947    0.3651    0.4607  -0.248    9
52164.249   -0.294480273168   -0.209897999781    0.1884    0.3107  -0.161   16
52165.265    0.461278776560   -2.138497200121    0.4442    0.7543  -0.095    7
52171.251    0.553794411248   -0.586198801500    0.3493    0.4404  -0.464   10
52172.267    0.050929832982    2.012702401544    0.5085    0.8791  -0.365   26
52177.081   -0.219766619658    0.178300798126    0.2996    0.7329   0.411   18
52178.249   -0.036335905833   -0.223099196717    0.2215    0.3374   0.060   14
52179.268   -0.408741395331    0.378701997761    0.3277    0.4618  -0.077   21
52184.082   -0.213343469132    0.244602002653    0.2933    0.5971   0.351   15
52185.248    1.736681710416   -0.654397202027    2.0744    1.7883  -0.937    3
52186.267   -0.496297841101    0.976201199876    0.2992    0.5505  -0.351   19
52192.249    0.129145731382   -0.076499996737    0.2329    0.3292  -0.331   12
52198.166   -0.031810985626    3.137500799966    0.7238    2.3455   0.287    3
52199.251    2.569637516902   -4.868499600263    2.5660    3.6282  -0.938    4
52200.267    0.946779176034   -9.082097998458    0.4275    1.6357  -0.430    5
52201.289   -3.258265283137    8.926902001605    1.0376    2.8249  -0.916    3
52205.227   -1.310719698048    0.735400802654    0.4709    0.5992   0.016    4
52206.249   -0.197145552296    0.080499600585    0.3830    0.7506  -0.443    4
52207.265    0.210867408348    0.127101599645    0.5333    0.7334  -0.054    6
52212.082    0.107113045742    0.123800400331    0.1056    0.1487   0.121  105
52213.248    5.729111160025   -8.080297199342    2.9687    4.1718  -0.960    3
52213.459    8.935865270924   -5.814997200559    6.7432    5.5132  -0.521    3
52214.267    0.577872422637   -0.179899199537    0.6796    1.8850  -0.485    5
52219.227   -0.548978784086   -0.515098798815    0.3590    0.5863  -0.031    7
52220.249   -0.223412476074    0.537400799061    0.2575    0.3711  -0.423   10
52221.268   -0.549560148227    0.015800397790    0.3683    0.5354  -0.140    7
52226.137   -0.684691252633    3.181802399155    1.2118    4.2591  -0.767    4
52228.267   -0.402759555981    0.110800802133    0.2703    0.6528  -0.246    4
52234.249   -0.501113443379    0.084002398637    0.3041    0.6275  -0.711    5
52241.251   -0.345410081264    0.319100400503    0.4735    0.7580  -0.241    6
52247.227   -0.219472428797   -0.285300001224    0.1472    0.3262  -0.241   21
52248.249    0.327755245286    1.193400002819    0.2992    0.4763   0.122   11
52249.265   -0.253766517672   -0.082997998874    0.3315    0.4421  -0.111   22
52253.999   -0.493818221757    0.943502402606    0.3541    0.7227  -0.068  283
52255.248    0.784505592848   -1.001599200379    0.5958    0.9189   0.025    4
52257.081   -0.195103735338   -1.096397999589    0.4894    1.0118   0.104   14
52262.250   -0.013277036087   -0.094100401071    0.1579    0.3352   0.021   15
52263.269   -0.338405566598    0.611402397510    0.3816    0.7093  -0.166   11
52271.249   -0.011088123698    0.033800399279    0.2627    0.3400   0.140    9
52282.203   -0.425524209983   -0.199497602438    0.2453    0.7745   0.415    9
52285.271    0.109154862700   -0.090197999469    0.2358    0.3076  -0.255   10
52289.205   -0.193937473381    0.925599603363    0.3470    0.4940  -0.090   33
52291.250   -0.447556920508   -0.191599197308    0.0989    0.1869   0.287   76
52292.269   -0.385976741329    1.266299999259    0.2235    0.5302  -0.458   11
52297.204   -0.268360444820    0.223199999283    0.2078    0.2530  -0.142   23
52299.271    0.128855049312    0.352900799783    0.3757    0.2669  -0.094    8
52303.205    0.141112943756    0.733302001521    0.4278    0.5483  -0.436   44
52304.224   -0.218015484770    0.565502403305    0.1826    0.3535  -0.250   47
52306.269   -0.483602144271    1.493600398561    0.7344    0.9821  -0.845    5
52310.203   -0.324396537265    0.406602003267    0.2114    0.7028  -0.304   43
52313.268   -0.148113949633    0.321699601358    0.2426    0.3143  -0.168   10
52317.205   -0.305277714795    0.164901602773    0.2086    0.5560  -0.204   25
52318.228   -0.097916085012    0.285699598379    0.3785    0.5077  -0.388   30
52320.269    0.055016975688    0.164102402067    0.3869    0.2980  -0.005   10
52325.204   -0.019115313681    0.339400801863    0.1784    0.4571  -0.261   11
52327.271   -0.256831009947    0.714200398022    0.3541    0.2756  -0.314   11
52331.201   -0.427566026941    2.701202397759    0.3355    0.7876  -0.689   33
52334.270   -0.709207041523    0.502401601921    0.4700    1.0492  -0.809    9
52338.203   -0.512642853367    1.355400003433    0.3389    0.5218  -0.235   67
52340.245    0.226627572568    1.533999602543    0.0598    0.1262  -0.111  100
52341.271    0.095292928798    2.318302797732    0.3611    0.7887   0.470    6
52345.205    0.301194105763   -0.333799196284    0.1917    0.2890  -0.268   34
52346.228   -0.705557676317    1.634000403783    0.2558    0.3045  -0.358   35
52348.270   -0.643977497138    0.718300798042    0.3166    0.3358  -0.006   10
52352.203   -0.234066331061    0.475102798703    0.2655    0.4980  -0.383   29
52355.271   -0.453248077787    0.323002802105    0.1958    0.2617  -0.269   25
52359.201   -0.117616296509    0.285602402528    0.2563    0.6174  -0.216   41
52361.269   -0.323958759765   -0.027097198085    0.1983    0.8161   0.246    6
52367.208   -0.479077224064    0.718102799624    0.4755    1.1351  -0.759   55
52369.271   -0.422021965092    0.221202000716    0.2161    0.3160  -0.388   24
52373.205   -0.028746518236    0.323200800523    0.3064    0.5287  -0.122   33
52374.228    1.362377990600   -0.322498802063    0.4966    0.4159  -0.649   60
52376.270   -0.155265559729    0.007300803162    0.1924    0.3595  -0.288   40
52418.270   -0.360585372554    0.068302803413    0.3466    0.4521   0.259   11
52425.272   -0.061727274609    0.334000801416    0.2828    0.3855  -0.262   10
52432.266    0.149868593310   -0.793497600426    0.3513    0.7375  -0.354   10
52439.272    1.256144033535    0.389001598933    0.5533    0.5141  -0.079    7
52445.251    0.553356633748   -8.773999197587    0.9090    0.7118   0.386    7
52446.270   -0.042170674638   -0.175197597230    0.9299    1.8884  -0.844    3
52451.226    0.250267806456    0.525002403151    0.3554    0.4885   0.318   48
52453.272    0.092081341093    0.070700399135    0.1928    0.2856  -0.323   16
52465.226    0.813546301945    0.536799603168    0.3876    0.6946  -0.447   37
52467.268   -0.212324327491    0.386499600324    2.0714    2.1713  -0.908    6
52471.688   46.052491210711   51.388199999280    6.9109    5.0668   0.530    6
52473.251    4.178339757893    0.215802000270    1.1971    0.4340   0.355    7
52474.270    0.012114307804   -0.117097199137    0.3096    0.6107  -0.614    7
52480.253   -5.567566036411    2.130300000402    0.1441    0.2425   0.136  207
52488.270   -0.248803819964    0.935301602567    0.3570    0.4260  -0.104   12
52493.226    1.722529094443   -1.843498800014    0.7225    0.8695  -0.446   22
52495.272   -0.112362891845   -0.687898800322    0.4023    0.7037  -0.616    6
52501.251   -0.052533847554    0.073900802278    0.3564    0.5226   0.029   18
52502.270    0.308492811290   -1.376298000366    0.3950    0.6658  -0.187    6
52509.272   -0.260480350268    0.382100399321    0.1810    0.4311  -0.129   14
52516.270   -0.100395679471   -0.727398001032    0.3687    0.8692   0.237    4
52529.251   -4.312297557878   -0.357598801770    0.6834    0.5585   0.179   13
52530.270    0.027580281164    0.985302003187    0.2655    0.4485  -0.054    9
52535.226   -0.227937371396   -0.129297596629    0.2968    0.2052   0.111   31
52537.272   -0.270549357209    0.667101599561    0.6712    0.7616   0.027    5
52543.244   -0.198753075659   -0.291200401392    0.1232    0.3180  -0.533   83
52551.272   -0.340447383556    1.544000402731    0.2585    0.5656  -0.058    9
52557.251    1.307364548587   -0.673297200393    1.1531    0.2707   0.187    8
52558.270   -0.290249543821    0.039700799448    0.3120    0.5193  -0.118    5
52563.226    0.126666136923    0.333201600711    0.3913    0.3793  -0.117   29
52579.272    0.075883424257    1.077602397714    0.3727    0.7094  -0.521    7
52584.228   -0.967204313427   -0.282697200049    0.7584    0.7085  -0.586    5
52591.223   -1.988550022655   -2.005199999644    0.5011    0.7002   0.070    4
52592.249   -0.717962691077    1.736301598498    0.2697    0.2288  -0.106   16
52593.272   -0.268213349390    0.067701601125    0.1894    0.4664  -0.011   13
52596.997   -5.811410667458    2.065201200452    2.9755    2.0389  -0.967    3
52598.225    0.203862893682   -0.290199601949    0.3289    0.4549  -0.018   18
52599.244    0.641350832134   -0.710697599970    0.3606    0.3068  -0.588    7
52614.270   -0.009631204555    0.228099600008    0.2332    0.4444  -0.127    4
52620.246   -0.387580755902    0.067500002388    0.1004    0.1330  -0.421  224
52621.268    0.662073694062    1.669402798399    0.5217    0.8956   0.113    7
52626.225    1.559089274186   -1.994597997168    1.6543    2.2992  -0.721   54
52627.291   -4.149299023911   -7.175300398643    0.6772    1.5774  -0.886    5
52628.267   -0.146362814745    0.781700400410    0.3392    0.9743   0.246    3
52642.270    1.408201539234    1.150700398966    0.3137    0.3670   0.423    6
52648.249   -0.345847883650    1.244102401898    0.3981    1.1675  -0.767   14
52656.270   -0.188684093603    0.370501197722    0.2083    0.3564   0.360   11
52662.227    0.045823548633    0.320101199947    0.6608    0.8677  -0.077    6
52666.585   68.909390446127   37.436400002377   11.4421    7.1303   0.788    5
52668.221   -0.324834339651    1.735300799055    0.4756    0.3983  -0.036    6
52669.244   -3.550556668801    3.324402001681    1.7156    1.4799  -0.597    3
52670.274   -0.672871110804   -1.056099598173    0.7940    0.5769   0.037    3
52675.227    0.176720390018    0.429602401653    0.3304    0.3938  -0.012    5
52683.584   68.603524324726   22.028000402941    5.2324    3.4533   0.652    6
52684.270    0.261793732540   -0.196999197755    0.5976    0.3356  -0.060    4
52697.251   -7.711094445515    6.057000002357    0.5916    1.0346  -0.697    6
52698.270   -1.200104407415    4.110400800528    0.6472    2.0200  -0.842    3
52711.248   -0.236108148019    0.243302402225    0.0738    0.1707  -0.469  228
52717.223   -0.131772421271    1.268402400711    0.2847    0.7785   0.150   16
52726.270   -0.084929730996    0.953701201212    0.2590    0.5854  -0.484   16
52733.272   -0.349350128540    1.385902803719    0.4611    0.6242   0.176   12
52739.303   -7.282943520758   -5.774198399422    0.4171    0.4325   0.115    8
52739.584   36.186780232394   -6.377097601984    2.8775    2.1706   0.482   11
52740.270    0.076321201757   -0.287100001373    0.1749    0.3664  -0.127   40
52775.269   -0.248803819964    0.205001999376    0.2216    0.6232  -0.026    3
52780.225   -0.550873505614   -0.283899598230    0.5065    0.4093  -0.117   16
52781.248   -0.380138463735   -0.723398397184    0.2967    0.3045  -0.058    6
52782.267   -0.362627189512    0.276102002061    0.2093    0.5106  -0.161    7
52788.250    0.093685380550    0.753001200593    0.9125    1.1433  -0.031    6
52789.269    0.171610596880    0.274500000330    0.2953    0.4557   0.056   13
52796.271   -0.548246815725    0.047001602610    0.2451    0.4518  -0.072    4
52803.269   -1.797533405139    1.266102000841    2.2846    0.9759  -0.547    6
52808.225    0.933936383773    6.432901200526    0.5234    1.3390  -0.402    4
52809.248    0.026704726163    0.486500401564    0.1256    0.3195   0.058   57
52823.270    3.439216427387   -0.176799598961    1.5029    0.5923  -0.106    3
52830.246   -0.182555133938    0.441702002973    0.1156    0.1968   0.005   48
52831.269   -0.188974775673    0.615700802342    0.4143    0.5874  -0.348   15
52836.222    0.390795852397   -0.349898401453    0.3990    0.7347  -0.340    8
52836.583  -41.236155795030   13.947001198744   12.5196    8.9173   0.944   11
52837.244    0.197149061086    0.309600000037    0.1957    0.3878  -0.118   18
52838.267    0.231148983986   -0.340999196879    0.2127    0.2898  -0.072   13
52845.269   -0.052971625055   -0.133700397953    0.5305    0.9878  -0.678   10
52859.269    0.315350230526   -0.809499596954    0.3183    0.7397  -0.484   16
52864.225   -0.660903898430   -0.642499199444    0.8468    2.3795  -0.211    9
52866.271    0.793993210763    0.994802403653    0.5233    0.7776  -0.499   15
52873.269    0.589254762080   -1.100397597043    0.5008    1.0941  -0.712    5
52879.244   -0.220932881615    0.415702800183    0.2149    0.4536  -0.449   17
52880.271    0.172633272197   -0.368100001680    0.3977    0.4737  -0.344    3
52886.250    1.353040976905    0.179701201120    2.6330    2.8701   0.913    4
52887.269    0.074132289369    0.009100803311    0.7464    0.6060   0.146   13
52900.250    0.208822082600   -0.393397199616    0.0416    0.0903  -0.226  268
52901.273   -0.630259149876   -0.743900397282    0.9119    0.7357   0.208    3
52914.586 -126.291826758043   93.274002000499    8.3091    5.2079  -0.851    7
52915.269   -0.402612460551    0.245401203358    0.3209    0.6028  -0.531    8
52927.238   -0.259167017766   -1.819998001906    0.2433    0.8986   0.059   16
52929.269   -0.441865763229    0.178200001955    0.1876    0.7466  -0.343   10
52943.269   -0.363064967013    0.462801598644    0.2700    0.5623   0.189   10
52949.245    0.338990464414   -1.669298401907    0.8739    0.8027  -0.105   13
52950.271    0.041736405927   -0.254098796404    0.2579    0.3336   0.106   10
52955.224    0.028018058665    0.526500001996    0.4376    0.6277  -0.072   10
52956.246   -1.060598987021    2.236600798966    0.3500    0.4203   0.158    9
52957.269    0.519209615418   -0.126698402170    0.5723    0.6439   0.212    8
52963.245   -1.059870527450   -0.589597196665    1.3885    3.6098   0.912    5
52964.271   -0.186638767855    0.386301601907    0.3735    0.3834  -0.151    8
52969.268   -0.227208911824   -0.190998001415    0.2683    0.4284  -0.163   12
52976.229   -0.601950409141   -1.567699199256    0.5099    0.7832   0.661    6
52977.245    0.335050442022    0.960102001102    0.5030    0.6100  -0.042    7
52984.250    0.033565654189   -2.833099201638    0.3913    0.4275  -0.041    5
52985.266    0.230273404099   -0.061397997086    0.2223    0.2646   0.129   29
52991.252   -0.243844631046   -0.169397999628    0.0551    0.0934  -0.050  153
52992.267   -0.334027741821    0.363599998110    0.2262    0.4449  -0.354    7
53012.250    1.176177000247   -0.131698799066    0.2545    0.2979  -0.035   10
53013.269   -0.103607267176    0.054900001345    0.2033    0.3654  -0.367   10
53018.226    0.285143284357    1.116000002810    0.8558    0.7556   0.148   17
53020.267    0.518043378346    0.063100801384    0.3290    0.3369  -0.133   11
53027.269   -0.157601567548    0.088002002485    0.2398    0.4534   0.166   13
53040.250    5.774202715413    6.716602800338    1.1803    1.1671   0.736    4
53041.269    0.252600305485    0.937101602716    0.2242    0.3694   0.336   20
53046.226   -1.299918722746    3.084300002598    1.5796    4.4399   0.687    3
53047.245    0.677105373826   -0.552200397408    3.9419    2.7610  -0.950    5
53054.250   -0.095436490553   -0.083397602424    1.0622    1.0565  -0.509    4
53055.269    0.370510792854    0.003099600576    0.2325    0.3936   0.050   18
53062.271   -0.036335905833    0.092699998078    0.3647    0.6429  -0.427    4
53068.250   -1.727926060862    1.506999600309    0.1065    0.2670   0.164  130
53069.269   -0.140671657466    0.299300398865    0.2330    0.4261   0.184   23
53076.271    0.422316180837   -0.167097599757    0.4234    0.5902  -0.719    4
53082.254    0.329506355288    0.212399998389    0.2454    0.3215   0.139    7
53083.269    4.068456435621    1.853701198939    3.4815    2.0969   0.536    3
53090.271    0.322645452148    0.879202803361    0.5348    0.7130  -0.308    5
53097.269   -0.584729816988   -0.326998799238    0.3457    0.5947   0.537    9
53153.270    0.036630121579   -0.327697197378    0.6073    1.2942  -0.805    9
53158.208   -0.262959944727    0.639000001712    0.1852    0.4927   0.065   19
53160.275   -0.178320920686   -0.455000402155    0.3213    0.3637   0.007    7
53167.270   -0.134542697801    0.070199999413    0.2354    0.5570   0.055   26
53174.271    0.584295573162    0.094301999809    0.3590    0.6873  -0.274    7
53178.205   -0.101418354788   -1.692097201555    0.1712    0.6835   0.071   30
53180.247   -4.690979102470    1.566399598829    0.5451    0.3951  -0.017    7
53181.270   -0.032395858557    0.488901597606    0.2148    0.5006  -0.113   10
53193.206   -0.526214105199   -0.708998402388    0.2423    0.4573   0.288   82
53195.270    0.130459088769    0.077500802576    0.2662    0.4808  -0.358   25
53202.272    0.150015688740   -0.032299200114    0.4910    0.8974  -0.640    7
53206.205    0.032980756373    0.214700398260    0.1962    0.2857   0.119   25
53209.273   -0.245448670504   -0.528897597718    0.4039    0.9135   0.434   15
53213.207    0.109883322271   -0.084099600883    0.2368    0.3842  -0.131   29
53215.253   -0.846961327029   -0.372200401699    0.3211    0.5411  -0.203   10
53216.268   -0.285433941543   -0.783097196688    0.7641    0.7108   0.172    5
53229.285  -38.601730020034  -62.463398402457    0.7435    8.7184  -0.366   10
53236.247   -4.494852716701    7.168402799351    0.5418    0.4964  -0.232   11
53248.205    0.468573973297    0.562899602130    0.1786    0.5507  -0.106   62
53254.995   -0.199919337616    3.525699597873    1.1068    1.3796  -0.342   32
53257.253    4.781894231376   -3.740000398977    0.3458    0.9471  -0.035   13
53258.272    0.166213630461   -0.714999598728    0.3413    0.8323  -0.475    9
53262.582  179.640542059273   47.576800803029    6.7539    4.2647  -0.400   10
53265.270   -0.160081162007   -1.940799597833    0.2693    0.9210  -0.009   13
53272.268    0.836748758332   -1.752897596674    2.1086    4.7592  -0.983    4
53276.205   -0.290540225891    0.482101200561    0.2031    0.2545  -0.039   36
53279.270   -0.274342284170   -0.148798797284    0.2078    0.4791  -0.189   11
53286.272   -0.002041816958    0.795301200895    0.6935    0.8497  -0.737    7
53293.270    0.737957093434   -1.145498396937    0.2915    0.5659  -0.343    6
53300.268   -0.091787150232    0.325400397827    0.3300    0.4585  -0.251    5
53307.270    0.378243767092   -0.592599601390    0.2075    0.5335  -0.260   31
53321.270   -0.660613216360    0.494200801882    0.7520    0.9103  -0.489   17
53327.249    2.903518188178    8.226702001224    0.3191    0.5171  -0.144   12
53328.268    0.688487713269   -0.363200400955    0.6621    0.4389  -0.168    6
53333.272    0.281493919152   -0.865800001293    1.2905    0.9812  -0.167    7
53341.249    0.072234059051    0.078202801035    0.0629    0.1060  -0.069  175
53341.249   -0.409032102286   -0.416300402151    1.3618    0.4286   0.173    4
53342.272   -0.457335220494    1.285700403741    0.3443    0.5566  -0.203    7
53346.228   -0.284849068612   -0.642099602288    0.3523    0.5470   0.152   12
53349.270   -2.367816440178   -1.279497602269    1.4393    1.8389  -0.243    7
53356.272   -0.066980654387    0.258800398711    0.3566    0.6257  -0.441    4
53360.206   -0.041004412681    0.777002398422    0.1337    0.4450  -0.007   46
53362.269   -0.303088827291    0.138301197694    0.2071    0.4126  -0.129   20
53367.226   -0.218596873796   -0.164998798624    0.3243    0.6046  -0.196   12
53377.266   -0.935102620845    0.226799999581    0.2830    0.4077   0.083   15
53383.249    1.930619208682   -2.582899200121    0.2341    0.4113  -0.084   18
53384.268   -0.323520982264    0.826300800583    1.3825    0.4881  -0.324    3
53389.206    0.044216000386    0.515800803669    0.2158    0.2871  -0.271   34
53391.270    0.147241903421    0.329202003257    0.2451    0.4240  -0.124   31
53398.272    0.862430809178   -1.326297599746    0.8080    1.9070  -0.917    4
53402.206    0.284996188927   -0.494798397455    0.3074    0.2804   0.248   13
53405.270    0.556858878638   -1.421398800261    0.5862    1.3023  -0.607    3
53409.204    0.415017475311    0.334501201138    0.1703    0.2134   0.005   17
53412.268    0.397653271633    0.102002400126    0.3229    0.3356  -0.473    4
53416.206   -0.136878705620    0.874101603898    0.2438    0.2704  -0.004   21
53419.270    0.132066612132   -0.247899601646    0.3030    0.5379   0.320   13
53426.268    0.125062097465    0.364802402686    0.2377    0.4248  -0.286   13
53433.270    0.189853864349   -0.244497599766    0.1714    0.4294  -0.112   24
53437.204   -0.086971547955    0.284000400796    0.1393    0.2700  -0.004   24
53440.268   -0.429754939329    1.105102799670    0.2232    0.5760  -0.397   18
53446.248   -0.812523626628   -0.340999196879    0.1260    0.2494  -0.029   12
53447.270    0.070045146662   -0.220197600953    0.1825    0.4677   0.112   16
53453.268    1.172089857540   -0.514198801937    0.6051    0.9732   0.220    6
53460.248   -0.285139750683   -1.016197199988    0.1152    0.2572  -0.209   70
53461.270   -0.111925114345    0.165502798666    0.3245    0.4646   0.220   22
53468.268    0.048740920593   -0.647600398906    0.1847    0.4396  -0.085   20
53472.206   -0.104629917608    1.038502800554    0.1205    0.3659  -0.065   64
53507.204    0.805666232277    0.175600801100    0.3703    0.3363  -0.107   27
53509.246   -0.021889099000   -0.052099201753    0.1383    0.2976   0.053   41
53510.269    0.016929910082    0.432500403491    0.2530    0.2232   0.252   31
53516.248    0.014446831718    6.012900001906    0.2926    0.7227  -0.771    9
53517.270   -0.526795494225    0.531201597909    0.2030    0.3561   0.017   33
53524.269    0.095874292939   -0.268599600162    0.2248    0.3059  -0.119   17
53531.270    0.245595790819   -0.016999202046    0.2350    0.4660  -0.370   36
53537.250    6.185423730087  -22.599097198395    1.2990    3.2779  -0.869    6
53538.269    0.261503025584   -0.023598000354    0.1690    0.2872  -0.143   26
53545.270   -0.715336001188   -0.224099996160    0.2500    0.3857   0.407   25
53552.269    0.652004687121    1.380402000706    1.2705    1.0053   0.656   13
53559.271    0.190435228490   -0.658998001768    0.2389    0.3465   0.106   18
53573.271   -0.001894721528    0.455000402155    0.2874    0.3739   0.458   16
53580.269    0.097044063685   -0.089499601330    0.3384    0.3705  -0.030   12
53587.271    0.185038262072    0.410799599138    0.3471    0.3773   0.021   12
53593.250   -0.520228757060   16.213899598938    0.8055    3.2058  -0.849    6
53594.269   -0.057202354402    1.040702397859    0.5641    1.0348  -0.506    4
53601.271   -0.048737386918   -0.160898398605    0.4454    0.4420   0.238   10
53605.208    0.233632087235   -0.254897997110    0.2006    0.5525  -0.319   18
53608.269    0.395902161630   -0.082699197890    0.2048    0.3424  -0.054   10
53615.271    0.154393513517    0.015001203479    0.2796    0.3288  -0.156   12
53621.250    5.227850621216   -2.103699601719    0.9253    1.0387  -0.157    4
53622.269    0.024078036274    0.674200797590    0.2738    0.3308  -0.056   14
53643.271    0.436178114740    0.572900402318    0.4529    0.4559   0.166   19
53649.250    3.704368818177   -4.523598001782    0.4490    0.6747  -0.202   13
53650.269    0.286747298930    0.158799603867    0.4108    0.3260   0.236    9
53657.271    0.877024711442   -0.049697999316    0.3343    0.3672   0.021    8
53661.204    0.586046683165   -0.033098400820    0.3780    0.4358  -0.085   32
53664.269    0.077781629690   -0.091497599897    0.2271    0.3837  -0.325    9
53668.206    1.188872697077   -2.155798797077    0.7399    1.7296  -0.727   37
53671.267    0.663239931134    0.123202798363    0.5947    0.5395   0.576    3
53678.269    0.094708055867    0.187502397608    0.2666    0.3751  -0.018    9
53685.271    0.476601163279    0.359200803501    0.4184    0.3958   0.409   11
53689.216   -0.325272117152    0.383702401052    0.2792    0.3372  -0.343   80
53692.269   -0.584292039487    0.128300403901    0.4404    0.3693   0.167    7
53697.269    0.070482924163   -0.123598801594    0.2748    0.3911  -0.131    8
53703.205    0.408307151505   -0.272599197615    0.2397    0.5654   0.187   14
53706.269    0.466237990363   -0.826898396156    0.3187    0.4264  -0.618   12
53713.271    0.472076243072    0.282700800369    0.1567    0.2793   0.160   18
53720.269   -1.183030885808   -0.628397999236    1.0878    1.0906   0.835    4
53724.203    0.908107237497   -0.096098399638    0.5891    0.3837   0.377   22
53727.271    0.110177513132    0.032702397590    0.1933    0.4172   0.005   40
53732.205   -0.629968467806    0.616402800802    0.3520    0.3621  -0.265   16
53740.270    2.029852159871   -0.122799600888    0.9861    0.6523  -0.314    7
53745.205   -0.032833636058    0.164901602773    0.1626    0.1972  -0.037   30
53755.267   -1.093870425465   -0.372898799839    0.2268    0.3886   0.126   14
53759.201   -1.226371331193   -0.043700396901    0.9495    0.3031   0.208    6
53762.269    0.090477326520   -0.108799196852    0.2223    0.3992   0.005    8
53769.271   -0.307904429569    0.615801598514    0.3366    0.3413  -0.105   14
53773.205   -0.071211383734    0.408402003416    0.1152    0.1673  -0.132   34
53776.269    0.655216274826    0.796201197772    0.1939    0.4008  -0.091   25
53783.271    0.263401255902    0.867301200458    0.6295    0.6715  -0.054    4
53787.205    0.070777115023    0.586900799959    0.1828    0.2446  -0.091   52
53790.269   -0.147532560607    0.643499998887    0.2716    0.4755  -0.111    6
53797.271    0.029331416052   -0.289497597095    0.3478    0.5141  -0.007    5
53804.269   -0.055304124084   -0.496097997882    0.2866    0.3116  -0.072   16
53818.269    0.096021388369    0.319600800225    0.2845    0.3925  -0.378   25
53825.271   -0.212615009561   -1.201899597447    0.2861    0.6422   0.171   11
53832.269    0.206927361072   -0.153799200575    0.2174    0.4685  -0.048   16
53836.207    0.319290277802    1.485302402671    0.2302    0.4600   0.433   19
53838.270   -1.526836952499    1.866002398998    0.5558    0.6788  -0.431    7
53874.269    0.021451346384   -0.414198000698    0.2517    0.3550  -0.026   28
53888.269   -0.032686565513   -1.226797198228    0.3369    0.4436  -0.088   11
53893.204   -1.723691822725    0.304801201878    0.6406    0.6260  -0.537   50
53895.271    0.255958963735   -0.441298799103    0.2668    0.4270  -0.332    6
53900.268    1.089786816433    0.894600003676    0.6169    0.5851   0.515    7
53908.249   -4.928257021236   -5.120197200625    0.4448    0.5705  -0.152    7
53909.271    0.378975735453   -0.220500002257    0.4129    0.7331  -0.247    4
53916.270    0.962830022324    0.353901599226    0.3251    0.3620  -0.219   20
53923.268    0.250411393097    0.273801602191    0.2636    0.3173  -0.102    8
53928.228    0.174237311655    0.072201598300    0.1846    0.2241  -0.627  182
53929.251    0.489002644364   -8.658899997016    0.4214    0.7909  -0.310    4
53930.270   -1.330710566730    0.229201202018    1.1728    0.5308   0.177    5
53937.271    0.418957522587    1.311699600137    0.7745    2.1325   0.864    7
53944.270    0.932623051271   -0.858600000697    2.0233    0.7546  -0.713    4
53958.270   -1.866846583440    0.251802003248    0.5439    0.7283   0.659    5
53965.268  -10.885158482112    0.603900002005    5.5205    1.0714  -0.882    3
53972.270   -0.728031673133   -0.119599197745    0.4914    0.4007  -0.175    5
53979.272   -2.295144603627    1.903201199838    1.7167    1.4994  -0.972    7
53984.210   -0.056179703970    0.541000799359    0.2317    0.3014  -0.036   30
53992.249    0.300903423693   -2.010999597246    0.1408    0.1811  -0.028   97
53993.268    3.094538289599    0.132102002937    2.5079    0.8659  -0.807    3
53997.205   -0.096602752510    0.172800001508    0.1936    0.2934  -0.216   34
54007.268    0.534388390612    0.671302802147    0.4210    0.4567   0.367    8
54013.251   -3.307149790370    0.814701598983    0.1877    0.3727  -0.258    4
54014.270   -4.123175686774    2.719000800511    2.1942    2.0482  -0.926    4
54018.218    0.170735041879   -0.124398002299    0.2804    0.2976   0.153   45
54021.272    0.216120788126   -0.196898401583    0.7543    0.5277  -0.501    8
54025.209    0.435011852783    0.326102402681    0.1594    0.2945  -0.086   27
54028.270   -0.474261621786    0.818301599281    0.8055    1.2385  -0.216    3
54035.268    2.649457454760   -2.895800399472    1.6423    1.5526  -0.958   12
54039.209    0.334759759952    0.032101201697    0.1885    0.2865   0.317   75
54042.270   -0.022179781071   -0.195497998590    0.4374    0.6765   0.021   13
54049.272   -0.668931088413    1.271502001288    1.8505    2.1664  -0.957    4
54056.270    0.320165832803   -0.174898796246    0.3517    0.3107  -0.420   11
54061.270    0.436031019309   -0.359899201641    0.8829    1.0579  -0.850    9
54067.209    0.199775750975    0.377600402146    0.1890    0.3530   0.433   36
54070.270    0.739708228321   -0.837399602460    0.9501    0.9615   0.251    7
54081.205    0.009925395416   -0.147297598119    0.4114    0.3796  -0.081    5
54084.270    0.618733248677    2.680502399244    2.7943    1.7013   0.791    3
54091.272   -0.135565348233    0.700401599119    0.4197    0.3726  -0.180   16
54098.270   -0.402027587620   -0.923597998082    0.5570    0.6507  -0.163   17
54105.268    0.748607464516    0.270201601893    0.4290    0.6402   0.217   10
54110.206   -0.406843189898    0.467600403198    0.1239    0.1864  -0.276   81
54112.270   -0.445077326049    0.283600803641    0.3082    0.2607  -0.276   12
54125.251   -0.119076724441   -0.170099998087    0.1079    0.2050  -0.288   87
54126.270   -2.802824784171   -1.472497196175    1.6611    1.8334   0.752    4
54130.207    0.366280063507    0.662201998836    0.1896    0.2010   0.369   29
54133.272    0.341907861258    0.063802799843    0.2809    0.3120  -0.205   25
54137.209   -0.070920701664    0.039099603555    0.0745    0.1669   0.030  110
54140.270    0.227940905070   -0.140000401672    0.4320    0.3410  -0.471   40
54147.272    0.607788711620    0.312101998645    0.2096    0.2491  -0.071   20
54154.270   -0.370945036680    0.872600398338    0.4282    0.3151  -0.080    7
54161.272    0.335341124093   -0.200797196470    0.4032    0.3678  -0.063   10
54166.272   -0.061870861249   -0.397198798652    0.5007    0.5710   0.505   18
54175.268    0.154393513517    0.384300003020    0.1982    0.2326  -0.284   55
54182.270    0.135131104407   -0.113000399438    0.2915    0.2975  -0.035   28
54186.208    0.220204422043   -0.335897997417    0.0985    0.2023   0.056   73
54188.249    0.141988523643    0.522500398148    0.1510    0.2510  -0.075   26
54189.268   -0.197730425227    0.266101201873    0.3419    0.3551  -0.293   17
54195.269    0.453980071033    0.455702400615    0.3570    0.3055  -0.298   27
54201.208    0.185766721643    0.067899599543    0.0969    0.1992   0.150   57
54203.268    0.094270253481    0.302399999441    0.4975    0.4472  -0.411   10
54238.270    1.260521858312   -0.410900401704    0.6171    0.5598  -0.144   28
54245.268    0.483020805015   -0.551498398949    0.5619    0.6130  -0.634   30
54252.270   -0.453248077787    0.159800403310    0.2285    0.2897  -0.276   21
54259.268    1.777689656771   -0.758599199457    2.2776    0.8925  -0.701    3
54266.270    1.254392898647    0.795301200895    1.5473    1.1176  -0.822   10
54273.269    0.008317872053   -0.023400001936    0.8724    0.9245  -0.050    6
54277.206    0.124186542464    0.562100401424    0.1935    0.2028  -0.062   34
54279.251    3.019530470114   -6.112897196431    0.4919    0.5302   0.219    4
54294.270    0.123601669533   -1.071997198210    0.7521    0.5874   0.129    5
54301.272   -1.509178582846    0.181000801547    1.9067    0.8304  -0.673    3
54308.270   -1.198353272528    4.285202400922    1.4114    1.1204  -0.574    7
54315.272    1.661383183975   -0.661697998794    1.0546    0.7520  -0.642    8
54322.270   -0.229397824213    0.100101603806    0.4623    0.3479  -0.509    7
54336.271   -0.748751026271   -0.339497997714    0.8783    0.6142   0.375    7
54343.269   -2.104271597636   -0.300099599571    3.4507    0.8104  -0.670    4
54350.271    0.776044134155   -0.220197600953    0.6027    0.4658  -0.582    3
54356.250    0.683672110992   -4.716997199239    0.2007    0.3356  -0.193   11
54357.269    0.758823542002   -0.404499601814    1.0094    0.6394  -0.294    3
54361.206   -0.195832194909    0.457002001042    0.2252    0.6127  -0.641   39
54364.271    0.708040804451   -0.361997996379    0.8284    0.5262  -0.786    8
54371.269    1.281535402311   -0.180198000521    0.6663    0.4423  -0.275   12
54383.209    0.120537202143    0.267901202022    0.3143    0.1941   0.252   16
54385.269   -0.088137785027    0.080701199323    0.4498    0.7016  -0.326   13
54398.250    0.965018909828   -0.384998401159    0.3284    0.7076  -0.026    8
54399.269    0.311263112704    0.992102400232    0.7220    0.5379  -0.391    7
54420.271    0.083763493924    0.201502801644    0.2521    0.5013   0.312   23
54425.271    0.155850457545    0.007502401900    0.2502    0.4976  -0.061   15
54434.271    1.128458754970   -0.773298001633    5.2027    1.5592  -0.880    3
54447.248   -1.685314099934    0.892101598993    0.1339    0.2217  -0.130   44
54447.584    0.871624236233   -0.001198797861    1.9807    1.6169  -0.264   17
54448.271    0.167964765349   -0.537498001307    0.2446    0.5360  -0.304   27
54462.271    1.005004180867   -0.806497198624    0.6464    0.4569  -0.029    5
54476.271   -0.760133365715    0.478501200263    0.4738    0.3452   0.162    8
54489.248    0.040275977995    0.142502400280    0.0895    0.1834  -0.108  145
54490.271   -0.103460171746    0.025902000544    0.6074    0.4786  -0.585   11
54497.273   -1.231624710971    0.173602802533    1.2800    0.4873  -0.544    6
54501.206    0.109592640201    0.072100802129    0.1850    0.2707  -0.209   37
54504.271   -3.413093065365    0.615099600054    2.2879    0.6273  -0.562    4
54508.208   -0.151763289954    0.366901203819    0.3017    0.3790  -0.121   11
54511.269   -0.870454465487    0.590302801839    0.4442    0.3199  -0.577   11
54516.207   -0.477326114061   -0.130597197057    0.1948    0.1653  -0.005   22
54517.248    0.584001382302    0.096001203786    0.2037    0.3349  -0.102   13
54522.208    0.065961512746    0.276602401783    0.1195    0.1421   0.117   41
54525.273   -0.142716958329    0.247201203507    0.2329    0.3715  -0.042   20
54529.207    0.262816382971    0.229600799173    0.0857    0.1636  -0.089   98
54532.271    0.864619721567   -2.714299198203    1.6136    2.5573  -0.934    5
54537.205   -0.044506682457    0.345002401048    0.2365    0.5453  -0.841   93
54539.269   -0.115865161621    0.119102398344    0.3682    1.0066   0.171    5
54543.207    0.187517856531    0.489999599296    0.0796    0.1614  -0.042   97
54545.270   -0.194228155452    0.004600799741    0.2526    0.7277  -0.066   32
54560.271   -0.011088123698   -0.376700398874    0.2239    0.3817  -0.193   42
54566.250    0.098500982828    0.401400001238    0.1256    0.3075   0.196   42
54567.269    0.176720390018    0.117900000163    0.2634    0.2750  -0.074   44
54602.271    0.099232951189    0.881099999361    0.4018    0.6580   0.080   16
54608.250   -0.221955532046   -0.861397199969    0.1476    0.4919   0.127   33
54609.273   -0.285724623613    0.681901197908    0.2133    0.6611  -0.134   16
54616.271   -0.800847096325    2.627600402860    0.6396    3.2480  -0.608    3
54623.269   -0.689359759481   -0.021600001787    0.1773    0.4278  -0.194   31
54628.270    0.361317365800   -0.075200396310    0.3517    0.7346  -0.192    8
54637.269    0.050492055481   -0.309297598733    0.4337    0.3864  -0.372   18
54641.207    0.686442387521    0.670100397571    0.3046    0.3780   0.276   35
54644.271   -1.636135401840    0.133300800798    0.7977    1.0428   0.257   10
54650.269    0.476016290349   -0.065898000656    0.7760    0.6454  -0.502   15
54655.207    0.048012461022    0.052599601474    0.1667    0.2433  -0.015   59
54657.249    0.251724725599    0.520599601828    0.1321    0.1580  -0.128  102
54665.269   -0.788445615240    0.521999998426    0.7220    0.5513  -0.616   15
54672.271    0.243701069291   -0.499597202008    0.7402    0.5252  -0.444   14
54679.269   -0.072524716236   -0.716799598877    0.4473    1.8124   0.510    4
54686.271   -0.563863368420    2.478700803010    0.4025    0.7466  -0.224   18
54707.270   -0.277116069490    0.151300802287    0.4954    0.3889  -0.354   15
54714.271   -0.884757685679    1.476399597777    0.4655    0.5194  -0.446   11
54720.251   -0.035898128333    0.532101601181    0.2910    0.6810   0.001   44
54721.270    0.196273506085   -0.460699197191    0.3009    0.6015  -0.139   13
54728.271    0.087556445770   -0.822898798702    0.1670    0.4706  -0.048   35
54735.270    0.337824227342    1.566201600411    0.6905    1.4743   0.842    4
54742.271   -0.078653675901    0.527399998873    0.1678    0.6707   0.039   18
54746.209    0.556858878638   -0.214297200785    0.4735    0.4316  -0.161    5
54749.273   -0.223997349004   -0.442299598546    0.2935    0.3284  -0.309   22
54756.271    0.822449046929   -0.154800000018    0.8354    0.5829  -0.567   12
54763.273   -0.354309317459   -0.405399598691    0.4541    0.5061  -0.357   19
54770.268   -2.435525579022    0.388299600473    0.5921    0.6919   0.338    8
54844.205    0.007298705526    0.175499998534    0.2819    0.4057  -0.014  137
55005.208   -0.098791664899    0.198500403314    0.3529    0.2146  -0.025   68
55028.584    0.683525015561    0.057999601921    1.4085    1.1484   0.088    7
55032.999   -0.672433333304   -0.122900397059    0.5006    0.8438   0.343   86
55068.210    0.122579019102    0.328402802552    0.1417    0.6018   0.059  144
55082.001   -0.490753754367   -0.699397199355    0.4457    1.1858   0.046   59
55125.229    2.059764940064   -1.859000396820    1.9348    2.5200  -0.157    3
55145.208   -0.218743969226    0.216100801254    0.5022    0.4076  -0.108   49
55153.229   -0.056179703970   -0.154598401281    0.8106    2.5799  -0.107   10
55154.248    0.210573217488    0.323600397678    0.1048    0.2055  -0.151  204
55161.998   -1.038125015091    4.106102402091    1.7240    2.6114   0.511  254
55181.229   -0.082740818608   -1.971500396536    0.4817    0.9556  -0.021   10
55214.996   -0.249388717780   -1.254697197339    0.5649    1.7227   0.577  181
55230.227    2.402548331439    0.776602801267    0.2942    0.5816   0.282   64
55238.248   -2.215906029910    1.679101203678    5.6217    3.4258  -0.969    3
55245.228    0.265590168291    0.065901600976    0.3455    0.4442   0.568   49
55258.227   -0.371820616567    0.401202002820    0.2745    0.8699  -0.263   57
55269.707 -158.853476745977  -55.920398398257   42.4337   15.5400   0.949    3
55300.227    0.683815697632    2.207300403256    0.9840    1.2555  -0.063   84
55335.229    0.839522543652    0.236602801351    0.3795    0.3911  -0.023   57
55336.248    0.981801749365   -3.427797597766    0.5636    1.7553  -0.346   39
55370.228   56.914450745225  -19.125500396200   10.4154    6.4278  -0.911    3
55371.250   -0.611143836195    0.935600403551    0.1546    0.3236  -0.552  233
55377.229   -0.241946400728   -0.071600402407    0.2922    0.6745   0.251   26
55379.271   -0.225457776937   -0.644598000576    0.3735    0.9153   0.428   13
55383.000   -0.226186261393   -1.188097198224    0.4413    1.0568   0.069   47
55398.228   -0.239172615409    0.034599599985    0.5253    0.6246   0.273   78
55407.271    0.418229038131    0.769201201933    0.5169    0.8711   0.239   14
55418.207    0.184015611640    0.646700402029    0.3668    0.3551   0.076   15
55428.269    0.116597154867   -0.554198402369    0.3395    0.4204   0.259   12
55442.269   -0.301922565334    0.511801199821    0.5478    0.5198   0.404    8
55445.999   -0.677248935581    2.246400000416    0.4601    1.4562  -0.404   45
55460.207    0.168983906991    0.110300402412    0.1669    0.2167  -0.049   51
55461.230   -0.611287422836    3.035901603710    0.6968    1.5615   0.140   26
55475.230   -0.208527866855   -0.363599998110    1.1229    1.2907   0.400   11
55477.268    0.194084593696   -0.372599998855    0.4046    0.4052   0.275   23
55483.229    0.017220617038    1.205600400311    0.1341    0.2662  -0.478  209
55488.207    0.007736507912    0.274500000330    0.1703    0.1815   0.100   73
55495.209    0.379704219909    0.880401601222    0.2671    0.5050   0.246   52
55517.230   -1.011714479788    4.144701599529    3.5786    3.9452   0.113   80
55524.268   -0.511767298366    0.525200401569    0.3128    0.4311   0.051   47
55525.791   26.628973658762  -22.649597998736    3.6461    2.9834  -0.629    5
55525.999   -0.678562292969    1.250902798944    0.3142    0.6575  -0.030   70
55533.271    7.635214554933   -0.793400398180    5.2617    1.5051   0.745    3
55544.207    0.207946527599    0.927500399683    0.0942    0.2104   0.044  147
55547.271   -0.136003125733    0.375501601013    0.2764    0.6021  -0.012   80
55568.270   -0.557002440394   -3.827700000159    0.1910    0.7334  -0.175   64
55574.581   39.287006170483    8.483202000065    3.3834    1.4524   0.495   10
55578.997    0.186495206099    0.901799997877    0.4063    1.1973   0.418  181
55589.272    0.839522543652   -0.129599997933    0.3076    0.4810   0.100   41
55596.270   -0.348036771153    0.204202798670    0.3555    0.6533  -0.331  136
55601.230   -1.698594644810    1.633100400511    1.9242    1.2055  -0.846    3
55603.268   -0.016635719222    0.073400402556    0.4045    0.9556  -0.016   17
55607.209    0.399257311090    0.638499601990    0.1465    0.3979   0.421   81
55615.230   -0.088284880457    0.243302402225    0.1495    0.1248  -0.318   71
55624.270   -0.186495181214    0.764402403775    0.3511    0.5414  -0.374   17
55643.226    0.008755649554    0.018399598645    0.6696    0.8682   0.412   55
55644.249   -0.230126283784    0.933001202696    1.0970    1.4208  -0.710  137
55650.228    0.308055033789    0.490802400321    0.1002    0.1512   0.071  106
55657.230    0.139071126798    0.107002803418    0.0654    0.1118   0.113  291
55664.228    2.563214391262    1.198101598732    1.0634    1.3520  -0.241    7
55665.247    0.007004514666    0.267202803883    0.0949    0.3029   0.004  102
55666.270   -0.600637076639   -1.223197197930    0.4921    1.1514   0.078   59
55706.228    0.777063300682    2.481602398774    0.5569    1.6226   0.533  212
55743.268    0.677543151327    1.912100398016    0.6296    0.9495  -0.199   25
55746.997   -0.009337013695    3.210699603784    0.5900    1.2255  -0.198  132
55771.268    0.515707370527   -1.141999199206    0.4799    0.6912  -0.027   38
55778.270    0.603557982273    0.415702800183    0.3176    0.4196  -0.103   40
55782.208    0.021889123885    0.079700399880    0.2575    0.2842   0.248   71
55783.227   -0.372552584928    0.328600800970    0.6634    0.7681   0.169   47
55792.270    1.063957695042    0.519400797572    0.4963    0.6759  -0.208   49
55803.206   -0.008170751738   -0.018799202195    0.2548    0.2128   0.344  111
55806.270    0.299442995760    1.126702801457    0.2771    0.3483  -0.004   37
55809.999   -0.009193402170   -0.333198000391    0.4557    0.9771  -0.131  184
55812.582    6.291951878013   -1.406998799069    1.2986    1.1030  -0.016   41
55817.206    0.108426378244    0.069501601274    0.1177    0.2566   0.048  127
55841.272   -0.132353785413    0.153601202157    0.2811    0.5205   0.490   42
55846.229    3.295770984602    7.249500001905    1.0524    3.9479  -0.128  272
55862.270    1.239946091814    1.548302401488    0.4533    0.4391  -0.042   26
55867.190   -1.546537163996    1.240801202584    4.7531    1.7928  -0.911    7
55881.231    1.306636089016   -0.732898797651    1.0060    1.5571  -0.517   88
55882.250   -0.172629738522    0.316400403477    0.7241    1.3438  -0.336  148
55883.269   -0.229541410853   -0.485899199276    0.1949    0.4758   0.170  111
55889.295   -4.658145441528   -6.895097996562    1.6982    1.5360   0.871    8
55903.580  -27.637623671160  -13.330497601771    7.2646    3.5914   0.418    3
55909.227    0.247931798638    1.027900798078    0.3257    0.3705  -0.074  307
55917.270    0.092666238908    0.577299603322    0.2932    0.4657   0.163   51
55930.207    0.167817669919    0.289400401243    0.1126    0.1547   0.068   82
55938.582   21.635777775212   11.156900401943    6.2666    3.4226   0.613    9
55942.998   -0.567803415696    2.224602000211    0.4132    1.2430  -0.512   84
55944.207    0.216264374767    0.042800400024    0.1395    0.1414   0.041   49
55960.271    0.331548172247    0.336402003853    0.2574    0.3052   0.246   54
55967.272    0.766994293740   -0.857699997425    0.4369    0.8040   0.200   16
55971.206    0.314912453025    0.174200398106    0.1716    0.1846   0.269   95
55972.229   -0.435446121494    0.884699999659    0.8207    0.9681  -0.017   14
55973.248    0.883444353177    2.586700799156    1.4296    3.4686   0.739    5
55995.273    0.234651228876   -0.965897998384    0.3290    0.4039   0.159   42
56000.207    0.508849951291   -0.136299598807    0.2665    0.3568  -0.191   42
56002.271   -0.121118541399    0.586900799959    0.6091    0.5380  -0.376   21
56013.206    0.220498612903   -0.055400401067    0.1266    0.1741   0.065  103
56014.229   -0.159643359621    0.766602001079    0.3597    0.5434  -0.088   39
56015.248   -0.185325410468   -0.563598000269    0.4795    1.0406  -0.117  189
56029.584    3.743037223039   -9.105498000395    0.8495    1.2745  -0.324   82
56030.271    0.147532585492    0.585601199532    0.1850    0.4314   0.124   67
56063.242  -10.543544811714   11.518300802749    9.6443   11.4669  -0.718    6
56064.582   -6.885290249125    9.225201601026    5.6967    2.5087  -0.069    4
56079.269    0.680751230242    0.342100798889    0.2280    0.2151  -0.072   48
56086.271   -0.053409402556   -0.509799600934    0.3103    0.3336   0.252   26
56092.582   -3.911436232215   10.791802798593    1.0420    1.4035   0.327   87
56106.250    0.530010590720    0.306900003011    0.0970    0.1940  -0.059  175
56112.229    0.330819712675   -0.890999996983    0.3034    0.7097  -0.256  193
56120.582   26.628392294621    0.408200398283    7.1743    3.9463   0.349    3
56121.269   -0.027580256279    0.227901601590    0.4282    0.4316  -0.209   50
56132.208   -0.044797364527    0.341099999446    0.1213    0.2417   0.082   88
56133.227   -0.165772319286   -0.866599201998    0.4841    1.0757   0.371   47
56148.247    0.876586933941    1.922601597926    0.6438    0.9176   0.142   25
56153.207    0.066837092632    0.721702799922    0.1288    0.1875   0.115   86
56167.207    0.363506278188   -1.055199601296    0.1671    0.4563  -0.087  256
56174.000    0.465362410477    0.718200001870    0.2244    0.7816  -0.153  221
56182.229   -0.536135991825    0.946602003182    0.7706    0.6467  -0.415   32
56183.584    5.481617163773    5.841500403392    6.4223    4.3378   0.432    4
56189.228   -0.709350628163   -3.934997997845    1.6786    1.6856   0.271   15
56195.207    0.333152211704    0.556200001256    0.1228    0.2502   0.049  119
56205.269    0.148845942879    0.489099602419    0.1621    0.2866  -0.235   87
56216.209    0.274783595346   -0.004899600725    0.1466    0.2304   0.283  126
56217.228   -0.486375929590    2.503900798700    0.6909    0.9121   0.451    7
56230.209    0.525485670513   -0.427899597355    0.2005    0.1893   0.023   89
56240.268   -1.351433428658    0.363700800676    0.4478    0.5141   0.307   44
56245.228    4.239191477500    2.116400398933    0.7824    0.9941   0.638   15
56246.583   -0.031958081056    1.259802003517    2.9524    1.9494  -0.132    7
56247.269   -0.323958759765    0.556200001256    0.2769    0.4479  -0.166   49
56251.207    0.288207751747    0.086202002336    0.1610    0.2229  -0.271   65
56254.001    1.452855317120    0.755499598881    0.7092    1.2559   0.111  172
56259.228   -0.405239150440    0.024001197829    0.2839    0.4386   0.485    7
56261.269    0.343515384621    0.697899600510    0.2023    0.3165   0.129   66
56268.271    0.299880773261    0.370900801272    0.2421    0.4349   0.131   30
56272.209    0.146075641464    0.095601600236    0.1162    0.1637   0.095  247
56274.583   25.366704174352   -8.901997200184    1.6382    2.0105  -0.564   38
56288.207    0.589401857510   -0.358498798647    0.2287    0.4892   0.256   38
56302.251    0.068731814160   -0.090197999469    0.1493    0.2990   0.406  255
56303.270    0.657695869285    0.244900803636    0.3248    0.3479  -0.206   30
56308.208    0.368468975896    0.280202402081    0.1257    0.3398   0.544   72
56310.271    0.218891064656   -0.404499601814    0.2384    0.4620  -0.067   68
56314.001    0.629092937689    0.069699599692    0.5128    1.1090  -0.286  168
56316.583    3.466653121911   -8.133199202121    1.2132    1.1619   0.051  124
56335.185   -0.382474471554    2.810800801711    5.6367    4.3819   0.628    6
56337.227  -10.720699495328  -23.330797198184    5.8849    4.4711   0.615    4
56356.205    0.286456616859    0.085802398786    0.0972    0.1546   0.203  101
56365.581   -3.173773329641    4.768300800606    1.0532    1.0952  -0.354   82
56372.251    1.106860338040    0.843300002629    0.2430    1.1432  -0.101  100
56377.207    0.012405014760    0.269301598621    0.0998    0.2480   0.056  108
56378.270   -0.080551906219    0.292500001819    0.1208    0.2460  -0.088   80
56394.272    0.158477147434    0.378900002573    0.3314    0.4120   0.412   36
56427.228   -1.009669178925   -0.068198400527    0.4013    0.2444   0.085   32
56434.208   -0.549122370726   -0.623397602340    0.4330    0.4165   0.289   19
56436.268   -0.726280538245   -0.729500402485    0.4904    0.5420   0.230   17
56441.206   -0.567947002336   -0.452797198136    0.4226    0.5555   0.716   21
56443.270    0.106818854881    0.867002399474    0.4998    0.6262   0.525   16
56447.207    0.363359182758   -0.077000396459    0.1946    0.2342  -0.193   46
56450.268    0.558757108956   -0.433400400368    0.5419    0.3678  -0.008   19
56456.583    2.379345899937   -3.939998401137    1.5597    6.4332   0.335   24
56469.228   -0.074566533195   -1.009400396867    0.3319    0.6611   0.319  102
56475.207    0.544310302123   -0.084697196456    0.1348    0.1245   0.020  194
56477.998    0.262087923400   -1.975899597539    0.4541    1.0773   0.028  321
56485.270   -0.516873582714    0.038300402849    0.5290    0.4826   0.267   17
56491.582   14.135694324686  -49.536097201752    2.0933    6.3654  -0.117   62
56513.270    0.275364959487   -0.395798402053    0.2589    0.2779  -0.223   86
56525.228   -0.002479594459    0.585000003639    0.4017    0.5469   0.157   51
56527.270    0.474118060031   -0.387298801030    0.2585    0.2614  -0.238   44
56537.998    0.061289521993   -2.639098801893    0.3869    1.0720   0.428   45
56540.583   -4.691711070831  -12.250598398111    0.6499    0.8173   0.065   88
56547.249    0.896871993483   -0.700797602349    0.1579    0.2924  -0.117  266
56567.228    4.597587937665    2.549501998317    0.2017    0.4127   0.194  102
56575.582    3.531297768480   -5.106200396909    0.6971    0.8594   0.071   33
56583.270    0.199922846405    0.387201598784    0.3920    0.3603   0.283   21
56590.272    0.081574581536    0.431701202785    0.5210    0.3379  -0.260   22
56594.206    0.377368212090    0.498002400917    0.1292    0.1799  -0.164  143
56608.188    1.218785452385    0.751802402732    0.8385    0.7883   0.011    8
56610.229    0.449896437116   -3.209900396683    1.2591    0.8819  -0.361    6
56610.584  -15.897035385747    5.997301202854    1.0334    0.8948  -0.240   24
56616.227   -0.118782533581   -0.030697198383    0.4004    0.6833   0.404   81
56617.249    3.577993363325    3.583400398810    0.7743    1.3289  -0.139  173
56617.249   -0.844919510070    0.477500400820    0.6812    0.8265  -0.158    9
56618.272   -1.019738160981    0.071902803711    0.5406    0.4882   0.450   44
56629.208    0.163586940572    0.186699602978    0.1376    0.1290   0.191  110
56630.230    1.551499886589   -1.288897200169    1.0924    1.8750  -0.143   13
56630.581   13.717321699915   -2.195999996246    0.4978    0.5222   0.192   64
56644.227   -0.104192140107    0.603601201021    0.6290    1.0855  -0.363  101
56661.920    0.352708811676    1.642201203822    0.2390    0.4763  -0.301   22
56673.582   -6.914768735722    7.958199603308    1.1105    1.4222  -0.042  155
56681.270   -0.082008850247   -0.604400401727    0.2054    0.3307  -0.052   81
56699.208    0.167379867533    0.177699602233    0.1055    0.1580   0.006  119
56707.229    0.725405008129    0.483400800988    0.3440    0.3084   0.361   45
56714.227    0.233047189419   -0.852199200807    0.6442    0.5677  -0.204   11
56715.250    1.334654122796    1.017000001013    1.5192    0.8270   0.036    7
56730.272    0.242240616473    0.112201198732    0.2418    0.2310   0.199   47
56735.583  -10.346833553013    8.563201200928    0.7962    0.9032  -0.230   81
56744.269    0.302654558580    0.210700800807    0.2264    0.1917   0.471   30
56750.270    0.007151610096   -0.797799599184    0.6515    1.2735  -0.108  174
56770.209    0.070777115023   -0.165398402174    0.1168    0.1730   0.076   67
56783.497    0.138633349297   -0.083898002146    0.1845    0.1086  -0.210  113
56784.497   -0.421289996731    0.311000403030    0.2647    0.1001  -0.532  166
56785.498    0.327023252040   -0.161197199589    0.1122    0.0987   0.031  110
56786.499    0.158477147434    0.227501998040    0.0967    0.0832   0.194  168
56787.500    0.297401178802    0.118400399884    0.0978    0.0794   0.176  151
56788.501   -0.913357108485    0.966502800992    0.4468    0.2374  -0.666  139
56789.498    0.416187221172   -0.108899999418    0.0883    0.0812   0.121  128
56790.498    0.298276733803    0.195501598910    0.0950    0.0910   0.214  181
56791.499    0.308492811290   -0.035798397846    0.1499    0.5409  -0.598  153
56792.500    0.335197537452   -0.899197196702    0.4199    0.6220   0.230  102
56793.497   -0.000875555001    0.092602802226    0.1228    0.0916   0.142  120
56794.498    0.386999416646   -0.039898797866    0.0914    0.0760   0.023  120
56795.499   -0.028893613666   -0.044100000451    0.1227    0.0775   0.261   95
56796.500    0.213931875738    0.059702399824    0.0785    0.1122   0.107  197
56797.500    0.107256632382    0.110300402412    0.1364    0.3504   0.741  198
56799.250    9.791582222622   26.907400800269    1.6650    4.2130   0.728    5
56821.271    0.521107845736    0.439902002825    0.2999    0.2812   0.021   45
56846.206    0.461716554060   -0.331599598979    0.1635    0.1375   0.085   59
56848.248   -0.549997925727    4.668102000949    0.5665    1.2657   0.163  101
56863.275    0.207946527599   -0.730198800625    0.3172    0.8417   0.535   39
56878.498    0.179490691433    0.793602003313    0.1487    0.2231   0.108   72
56885.496    0.532052382793   -0.780699600966    0.3222    0.4729   0.398   10
56886.501    0.565470941552    0.033202803706    0.7456    1.0463   0.871    7
56888.207   -0.040275953110    0.155700003290    0.1926    0.1534   0.367   20
56890.248   -1.531067681846    3.585099602788    5.1105    7.9748  -0.983    3
56891.271    0.238447689512    0.096800398097    1.0276    1.1238  -0.599    6
56895.208    0.204153575752    0.102200398544    0.1200    0.1249   0.243   29
56901.998    0.531323923222   -2.053598398533    1.1518    3.2640   0.075   77
56904.665   -0.376198441344    0.829202402741    0.2224    0.4138   0.264   23
56905.662    0.016197941721   -0.154699197452    0.3141    0.5725   0.392   22
56906.659   -0.416330782928   -2.044598397788    0.2572    0.4909   0.369   23
56907.656    0.551899689720    1.279000802867    0.3790    0.6680   0.438   17
56908.412   -0.735911742800   -0.060300001792    0.8728    1.1530   0.814    8
56910.969   -1.445556586709    1.330700401070    0.3135    0.9032  -0.103    9
56911.645   -0.006128934780   -0.593499598267    0.2574    0.5294   0.293   22
56912.269    0.612751409328   -0.514997996248    0.2846    0.4461   0.046   34
56912.642    0.456168983422   -1.080500399553    0.2980    0.6452   0.376   18
56913.639   -0.494108928713    2.264302799659    0.2882    0.5653   0.288   21
56914.636    0.208678495960    0.457700399181    0.2562    0.5160   0.298   23
56915.399   -0.612019416082    1.192201198563    0.5262    0.8174   0.535   13
56917.627   -0.633614324222    1.549602001916    0.2485    0.5201   0.295   23
56918.625   -0.449745832897    3.927402000414    0.2784    0.5757   0.271   23
56919.603   -0.007004514666    0.348202797795    0.3598    0.6004   0.445   18
56920.619   -0.496735618602   -2.193098400483    0.2760    0.4912   0.208   22
56921.616   -0.964577623538   -0.878598000753    0.3742    0.7274   0.227   18
56924.790    1.249430200939    0.615502797530    0.4032    0.9826  -0.077    6
56932.270    0.286894394360    0.186800399149    0.1825    0.2187  -0.151   65
56934.498   -1.050382909535    4.618799998468    0.3433    1.4754  -0.034    6
56935.499    4.213362331224   -0.830700001586    0.3520    0.8980   0.150    9
56939.250   -0.672286237874    1.014602398897    0.4621    0.6957   0.311   10
56941.496   -0.760571143215    1.198501202282    0.4408    0.7086   0.218   19
56942.501   -3.885754181368   -5.146599600891    0.5000    1.1646   0.188   14
56945.792   -0.639305481501    1.299599998816    0.3570    0.6127   0.198   16
56948.498    1.555734099840    0.754502399758    0.5040    0.5694   0.067   20
56952.271    0.659447004173   -0.318297599478    0.3310    0.1923   0.080   30
56961.271   -0.007880069668    0.222602403710    0.2345    0.1636   0.208   42
56962.502    0.688631299910   -1.306997997830    0.5272    0.7618   0.596    9
56963.503    1.235421171607   -2.036998800037    0.4395    0.6779   0.441   12
56973.229    0.740727369963   -0.274697998748    0.5699    0.3892   0.091   40
56974.248   -0.168108327105    0.511599601083    0.5467    0.7923  -0.025   11
56975.271   -0.069460248847   -0.199598398609    0.1504    0.2318  -0.003  137
56976.498   -2.041959425211   -3.926998796544    0.8448    1.0831   0.457    4
56977.499    0.745399385601   -0.404899198969    0.9308    1.1691   0.430    4
56980.228    0.628802255619    0.368600401401    0.5108    0.6455  -0.430   14
56981.247   -0.103897949247    1.039302001260    0.3823    0.4679  -0.101   29
56983.497    0.888697732956    0.635900401136    0.4951    0.5793   0.221   20
56984.501   -0.816316578475   -1.610798400264    0.4322    0.5137   0.291   20
56986.167   -0.325562799222   -0.910497597317    0.3668    0.9127   0.371   12
56988.997   -0.116740716622    1.035399599658    0.5925    0.9017  -0.344   91
56990.498    0.808002240096    0.304700399312    0.3409    0.4782   0.266   24
56991.503    2.394377579701    0.558701999864    0.4518    0.8057   0.285    9
56996.269    0.363068500687    0.618400799368    0.2261    0.5936  -0.117   11
57003.271    0.443767502337   -0.002797199272    0.1689    0.1979  -0.210   82
57004.498   -0.181970261007   -0.401400001238    0.2902    0.3767   0.065   31
57005.499    0.131481739201    0.384602397929    0.2937    0.4311   0.358   38
57007.209    0.588816984580    0.758300398473    0.3476    0.8875   0.204  192
57011.551    0.482873709585    0.373701600864    0.1553    0.2713  -0.239   45
57011.610    1.925222217378   -0.798598799889    0.3703    0.5611   0.201   31
57012.501    0.040423073425    1.528199998546    0.3361    0.4469   0.224   28
57015.270   -0.355041285820   -1.503997201979    0.1545    0.1948   0.159   39
57021.209    1.468030583525   -2.365297199702    0.1893    0.3960  -0.160  135
57031.271    1.670576611030    0.252000001666    0.7955    0.3574  -0.102    6
57037.250    1.450809991372   -1.848999596632    0.5289    0.9532  -0.037   41
57039.497   -0.393271938066    0.609602403756    0.6503    0.8879   0.128    6
57040.501    0.485794590334    0.942400800596    0.5801    0.8460   0.565    8
57041.999    0.446831969727   -0.165697196763    0.1463    0.4171   0.002  207
57049.209   -0.186057403713   -1.094799598178    0.1377    0.2890   0.123   80
57057.230    0.737662902573    0.100202399977    0.3946    0.5836   0.462   21
57058.249    0.565761623622    0.900302399032    0.4152    0.7129   0.272   30
57060.342    0.844919534955    0.435401999255    0.3598    0.6076   0.477   23
57061.291    0.936563073662    0.512902801830    0.3068    0.4701   0.477   25
57062.230    1.257895168423    2.216800803723    0.3018    0.5165   0.535   25
57064.228    0.079676351218    0.054601200361    0.6002    1.4075  -0.439   22
57065.247    1.116929320097    0.178002003537    0.4494    0.5433  -0.445   13
57067.289   -0.923720281402   -2.551499996883    0.2878    0.5077   0.390   25
57068.289    0.087412834245   -0.649497601302    0.2747    0.4546   0.434   28
57069.228   -0.843021279752   -0.597999601837    0.3140    0.5128   0.396   25
57072.249    0.170591455238   -0.136299598807    0.2867    0.4782   0.428   23
57074.290    0.303967915968   -0.370400401550    0.2738    0.4592   0.368   24
57075.291   -0.369488117538    1.810299603022    0.4476    0.5968   0.240   15
57076.394    0.296378503485    0.295801201133    0.3332    0.5914   0.388   26
57077.209    0.190435228490    0.809902800825    0.1618    0.1390   0.221   94
57078.228   -0.436321676495   -0.677498396584    0.2842    0.4625   0.411   28
57079.229    0.388312749148    0.865101603154    0.3010    0.4792   0.440   25
57081.289    1.849191722576   -5.495198401917    0.4838    0.8919   0.255   20
57082.293    0.412390785422   -0.768797998063    0.3568    0.5908   0.340   25
57086.581    6.423286521784   22.622302802233    2.0215    4.6067  -0.503   38
57093.251    0.855573389942    1.974099603785    0.2235    0.4347   0.313   55
57093.579   11.197300658607  -20.540498396571    2.4300    4.3222  -0.870   26
57095.497    0.031814519301    1.519801200089    0.4300    0.5729   0.236   34
57096.501   -0.273028951668    0.483400800988    0.3413    0.4831   0.375   41
57098.207   -0.595383696860   -0.363499201939    0.0985    0.2271   0.136  159
57102.499    5.167874456610    2.326899601002    1.6311    0.8054   0.004    4
57107.251    0.390063884036    0.431801998957    0.0848    0.1427  -0.089  208
57109.497   -0.068731789275   -1.076799596689    0.3556    0.4426   0.423   28
57110.501    0.438076320173    0.919900801932    0.3698    0.5330   0.356   23
57113.226    0.481269670127    2.350400399109    0.3802    0.9855   0.151   41
57123.497    0.416768610199    1.708102798403    0.3013    0.4289   0.286   45
57124.501    0.056620990261   -0.636098399553    0.2796    0.3954   0.226   45
57130.499   -0.028455836166    0.746999997858    0.3356    0.4639   0.261   33
57131.500    0.783924203822   -0.960199196953    0.3241    0.4175   0.398   30
57137.497   -0.686585949277    0.226400402425    0.3527    0.4380   0.242   31
57163.251    1.085118309585   -0.712997999841    1.3340    1.7989  -0.833    7
57173.500   -0.044068880071   -0.104698796832    0.2210    0.3146   0.343   60
57175.209   -0.869288203530   -1.285498798609    0.1140    0.1250   0.088  234
57176.228    0.372261927742    0.578502001503    0.2040    0.3258   0.460   59
57177.229    0.153955736017    0.240699601051    0.2032    0.3081   0.374   48
57179.289   -0.137169387690   -0.903398399288    0.2023    0.3181   0.428   60
57180.293    0.686442387521   -0.173599202213    0.2233    0.3732   0.447   48
57184.227    0.564886043736    0.128199601335    0.2656    0.4760   0.287   34
57186.291    0.185913817073    0.509799600934    0.2092    0.3458   0.467   56
57187.291   -0.069607344277   -0.434199601074    0.2193    0.3816   0.474   58
57190.246   -0.149574377565   -0.473097599496    0.3099    0.4951   0.325   38
57191.123    0.769768079060   -0.699598798093    0.2161    0.3772   0.309   57
57192.270   -0.381308234482    0.346600802459    0.2442    0.2233   0.348  114
57193.289   -2.037290918363   -1.706400000501    0.2198    0.4073   0.346   69
57194.290    0.588526277624    1.593802798538    0.2235    0.3750   0.494   52
57195.228   -0.367589887220   -1.563598799237    0.2074    0.3605   0.425   44
57197.226    0.560508243844    1.144501197814    0.2245    0.3924   0.469   58
57198.227    0.758532859932    0.206902802091    0.2050    0.3396   0.352   54
57199.272    0.114408242478   -0.121597196312    0.2399    0.1634   0.318   50
57201.500   -0.137607165191    1.380999602674    0.2894    0.4319   0.553   35
57205.269    0.146657030490    0.050900403892    0.1286    0.1442   0.015  112
57227.272    0.672289771548   -0.509299201212    0.2156    0.2093  -0.325   88
57234.270    0.307323065428   -0.217198796548    0.2065    0.1472   0.076   80
57246.206    3.790902563746   -0.187999197010    0.1278    0.1408   0.203  313
57252.207   -0.108860646955    0.720399599174    0.0986    0.0805   0.099  174
57262.270    0.274489404485   -0.234197998594    0.1337    0.1272   0.106  113
57267.230   -0.497026300673    0.688100399060    0.4028    0.6109   0.190   76
57272.997   -0.228084466826    0.137300398251    0.3997    0.8622  -0.386  148
57274.206   -0.005544061849    0.147801598160    0.1128    0.1966  -0.246  507
57291.501   -2.866159607028 -766.530298799495    1.2927    3.5769   0.209  120
57301.209   -0.726424124886   -1.369497596926    0.0927    0.0949   0.255  310
57311.272   -0.048156022777   -0.661697998794    0.1178    0.1218  -0.108  122
57318.270    0.423044640409    2.281100402968    0.1952    0.2575  -0.126  103
57322.208   -0.284849068612   -0.283298402337    0.2530    0.2976  -0.105  352
57332.270   -0.614646105971    1.825700403657    0.1334    0.1628  -0.120  202
57336.208   -0.444201746163    0.407102402988    0.1324    0.0896   0.229  144
57337.227    1.017990559768   -0.373698000544    0.5222    0.6383   0.053  232
57338.249    0.575830605679    1.721199598848    0.5952    0.7529  -0.151   19
57339.268    1.053450910600   -0.260099999139    0.0955    0.1003   0.065  117
57344.228    1.011133140532    1.024002003192    0.3671    0.7246   0.160   47
57345.247   -1.365004680490    0.016599598496    0.8533    0.9508  -0.348    9
57351.270   -1.105543471864   -0.500399996639    0.0731    0.0870  -0.063   79
57372.225    0.458067213740    1.089399597731    0.3235    0.6298  -0.025  204
57378.208    0.070630019593   -0.382197601567    0.1287    0.1064  -0.132  230
57386.269    2.632531053468   -2.445699598042    0.1604    0.1919   0.135   21
57395.272   -1.735659035099    2.359400399854    0.1866    0.2923  -0.102   84
57400.207    0.572475456218    0.172900797679    0.0985    0.0944   0.143  304
57401.233   -6.323030895278   13.882100403606    0.1680    0.3093  -0.088   61
57414.207   -0.298420295559   -0.101098796534    0.0863    0.0738   0.130  432
57416.270    1.050095761139   -0.860400000846    0.1213    0.1355  -0.080  132
57420.208    0.810919612056   -1.037599196962    0.0978    0.1608  -0.015  118
57423.269    0.384957599687    0.088801203191    0.1329    0.1445  -0.057   90
57428.225    0.534679097568    1.021899601739    0.9271    0.9429  -0.348   16
57429.248    0.914089101731   -0.486298796432    0.6107    0.7866  -0.121   16
57430.270    1.228416656941    0.009100803311    0.1634    0.2309  -0.139  106
57434.208    0.542706262665   -0.211597197364    0.1420    0.2489  -0.099  184
57436.257   -0.956697528985    0.620301602083    0.8751    1.0530   0.008   13
57441.206   -1.690276797641   -2.727198000230    0.0708    0.0854   0.150  370
57442.236    2.931826928913    6.290701201550    0.4410    0.5955   0.224   16
57448.208    0.542706262665   -0.329000398125    0.1121    0.1231   0.170  124
57451.269    1.133127261818    1.407402002940    0.1750    0.2467   0.079   63
57458.270   -3.037332401522    1.270101598294    0.3693    0.3956  -0.142   21
57463.231   -0.088431975887   -1.013698801700    0.3373    0.4487   0.404   35
57464.250   11.448734702135   -4.385599198997    1.1062    1.1924   0.247    5
57465.269    0.016492132581   -2.446599601313    0.1189    0.1742   0.227  154
57470.229    0.493527564572   -1.818399600495    0.3451    1.0167   0.036  126
57471.270  -15.182722059876   30.347701203226    0.1592    0.4623   0.040  104
57480.496   -6.616639097349   -1.104497997062    2.2968    1.9737   0.849    3
57481.497    1.780607028731    1.366801200220    0.4805    0.5588   0.212   15
57484.229    0.067712647633   -0.996199199932    0.3616    0.5420   0.207  216
57485.251    0.317392047484    1.558602002660    0.5178    0.7785   0.159  406
57490.208    0.476306972419    0.055000797516    0.1373    0.1219  -0.019  230
57514.271    0.127251009854    3.152502003445    0.3130    0.4250  -0.091   69
57520.253    0.198900195974  -48.159399597836    1.3792    1.6800   0.147    8
57528.271    0.064791766884    2.294902802191    0.2386    0.3496  -0.060   61
57535.269    1.305904095770   -2.367097199851    0.5114    0.7720   0.624   48
57542.271   -0.579914214710    0.560102402858    0.1790    0.1989  -0.062   74
57548.250    0.278723642622    1.795600800847    0.2396    0.4615   0.259   42
57549.269   -0.641494393889   -0.926600396411    0.2193    0.2516  -0.013   35
57553.206   -1.681811830158    3.462300001900    0.1090    0.5619  -0.254  237
57554.229    0.546646309942    0.348602401345    0.3931    0.6453   0.272   11
57560.208   -0.319871641943    1.276502398184    0.1193    0.1830   0.060  112
57561.227    0.415164570741    0.987001200770    0.4617    0.5964   0.427   79
57583.248   -0.664115486135   -0.458999999609    0.6553    0.9259  -0.339   16
57588.208   -2.359207886055    0.217299599115    0.1904    0.1862   0.087  125
57596.229    5.984628837470   -7.302099596984    0.5584    1.0782   0.744  202
57605.269   -0.375469956887   -1.941299997554    0.2692    0.3970  -0.027   36
57612.271    0.043634636245    5.618199601543    0.1904    0.2259  -0.034   64
57626.271    4.201979991781    1.975201199400    0.1678    0.2767  -0.113   51
57633.269   -0.320018737373   -0.948200398199    0.1564    0.1983  -0.088   42
57637.082   -0.493524030897   -0.643298400149    0.2590    0.3689   0.002   49
57647.269    0.367155618509    2.004800402489    0.1210    0.2553   0.073  110
57652.229  -21.921355303396  -11.559398398475    0.5553    0.4441   0.432   58
57653.248   -1.616144508273   -3.905798398307    0.4691    0.7546   0.426   22
57658.208   -0.711833731412    1.668301202784    0.1937    0.2840  -0.151  132
57661.269   -0.653608701693   -3.852900002244    0.2537    0.3262   0.195   64
57669.345    0.343515384621   -1.086998401689    0.5572    0.6366   0.579   23
57670.313    1.700492900013   -1.671199198228    0.4834    0.6268  -0.143   18
57675.269    1.847587708004   -0.532598400582    0.1362    0.1178   0.221  129
57682.271   -0.150740639522    0.443800797711    0.2829    0.2418  -0.148   34
57685.189   -0.021157130639   -0.384098397888    0.2727    0.3827   0.267   51
57686.208    1.820007426839   -4.675899597117    0.1417    0.4521  -0.538  176
57694.229   -2.653978866178   -1.498597201532    0.3309    0.4979   0.019   29
57699.186   -1.970310263976    5.708502003898    0.3995    0.5330   0.384   28
57700.208   -0.917591321737    4.171701601763    0.4590    0.7507  -0.469   77
57701.227    4.514556436987   -2.560100400473    1.0674    1.0962  -0.688   10
57702.250    1.019451012585    1.448902802537    0.5793    1.0130   0.256   27
57707.207   -1.122326286516    1.340701201258    0.1837    0.3452  -0.148  169
57708.229   -0.180656903620    0.998200798819    0.6705    0.6119   0.394   24
57709.248    1.239070536813   -1.533398400255    0.8520    1.1086  -0.640   10
57710.267   -0.482435907199   -0.879299999212    0.1657    0.1531  -0.146  101
57715.271    0.623986653341   -0.060199199226    0.1564    0.1375   0.025   70
57716.999    0.002045325748    0.195400802738    0.3080    0.9378  -0.062  264
57717.313    1.881444019378    3.404102401561    0.4584    0.4601   0.103   49
57728.208    0.114408242478   -2.146500001743    0.1207    0.1492  -0.420  179
57729.228   -1.189016258832   -0.015998396208    0.3223    0.2608  -0.048   66
57730.250   -1.419580345002    4.497101999590    0.4739    0.6812  -0.030   31
57732.292    3.524583935884   -1.899698401786    0.4616    0.5330   0.135   44
57737.270   -0.180366221549   -0.898398002391    0.2059    0.1466   0.107   61
57743.209   -1.367484274949   -0.113000399438    0.1232    0.0909   0.117  148
57752.271   -0.235817465948   -0.576997202018    0.0960    0.1514  -0.128  142
57764.207   -0.051364101693   -0.792997200705    0.1430    0.1407   0.146  176
57766.271 6724.914607218458******************    0.1970    0.3270  -0.058   45
57771.209    0.291709996638    0.136799998529    0.0958    0.1101   0.051  104
57772.228   -2.843247832711    3.259800001132    0.3405    0.6651  -0.081   60
57773.269  721.405850363400  -39.397298396437    0.1651    0.1296   0.193   36
57780.271 1846.003060954570 -714.910298397342    0.1096    0.1224  -0.007  122
57784.209 7709.869387192678******************    0.1062    0.2330  -0.267  179
57786.247   -0.256978105377   -1.750697999370    0.4504    0.6217   0.401   19
57799.228    1.806436175008   -4.469497201143    1.8923    1.6001  -0.809    9
57800.250   -1.051114877896    2.442902398769    0.6038    0.7473  -0.384   10
57801.269   -0.511329520865    0.458002800485    0.1465    0.1362  -0.158   99
57807.227   -0.562550035917   -0.751798802412    0.4318    0.6936  -0.207   24
57808.271   -3.464022898347    0.049899598054    0.2732    0.2173   0.111   48
57809.367    0.141112943756   -0.021398396655    0.1259    0.2406  -0.056   41
57812.209   -0.123745231289    0.503200802626    0.1238    0.1492   0.212  111
57822.271   -0.600052203708    0.361501203372    0.4810    0.2860  -0.046   19
57829.269    0.185038262072   -0.500997598607    0.3217    0.1774   0.203   32
57833.207    3.044046259003   -1.558299601356    0.1935    0.2251  -0.192   79
57834.230    0.556130419067   -0.073299599990    0.5898    0.4096   0.280   50
57836.271    0.250705583957    0.751600797599    0.1376    0.2082  -0.013   53
57849.249   -1.378428812006   -2.780197198859    0.7982    1.2127   0.704    5
57849.249   15.468303121734    7.419002398024    1.6745    1.0208   0.104   10
57854.209   -0.593194784472    1.252299601617    0.1331    0.3176   0.153  245
57875.167   -0.110026884027   -0.647197201431    0.2285    0.3039   0.585  577
57878.271    0.878047361873    0.349902001773    0.0903    0.1034  -0.062  118
57885.270   -1.550039408887    3.137302801548    0.1191    0.1212   0.019  170
57897.228    0.662073694062   -1.016398798726    0.5082    0.3585   0.055   75
57904.208   -0.102731687290   -0.448999199421    0.2233    0.1351  -0.264  318
57911.206   -0.444930230619   -0.275497199453    0.1264    0.1023   0.109  169
57924.209   -1.967683574087   -1.160499600417    0.1479    0.1181   0.127  117
57931.207   -9.012764303148    2.314799999681    0.1151    0.1898   0.215  121
57932.230   -0.019990868682    0.432702002229    1.5968    0.5998  -0.044    4
57939.228    0.225314215181   -2.186099998625    0.2674    1.0553  -0.136  146
57943.713    0.313014222707    0.414302403584    0.1007    0.1643   0.011  119
57947.249   -1.724567402612   -0.698000396682    3.4600    1.0455   0.954    4
57950.916    0.060561037537    0.262400399009    0.1305    0.2540  -0.250   59
57955.270    1.037252968879    0.967402797869    0.1684    0.1418   0.241   48
57970.691    0.395464359244    0.348102001624    0.1177    0.2117  -0.057   81
57976.272    3.020115343045    1.600801200397    0.1712    0.1658   0.068   76
57978.131    0.005253404663    0.493700402160    0.1331    0.2063  -0.132  128
57987.207   -1.000769942730   -2.128899597409    0.0826    0.1047   0.122  180
57990.272    0.681336103173   -0.987897597327    0.1083    0.1507  -0.046   72
58008.209    0.680022745786   -0.515599198536    0.1247    0.1014   0.188  108
58010.247   -0.195979290339    0.633002399297    0.5520    1.3175   0.137  291
58011.270    0.639746792676   10.655100002310    0.1431    0.2147  -0.141   39
58015.207   -0.181241801436   -1.391400000017    0.0794    0.1625   0.194  295
58025.270   -0.118054074009   -0.283798802059    0.1489    0.2137   0.094   67
58032.268   -0.541098689533   -0.798497997323    0.1212    0.1281  -0.009   65
58033.499   -4.791378315616    1.168801203022    0.1861    0.1323  -0.110  170
58037.206    2.688276488727   -0.176299199239    0.1231    0.0924   0.017  130
58039.270   -0.658130113111   -1.094299198456    0.2182    0.1540   0.195   61
58044.230    0.474118060031   -1.581699596898    0.6570    0.9551  -0.106   20
58050.209    1.221121460204    1.787601599545    0.1422    0.1299  -0.050   95
58057.207    0.904604992606    0.714801600310    0.1221    0.0916  -0.051  228
58060.272   -1.333337256619    1.331701200513    0.5981    0.2381   0.537   16
58065.228    2.053345298329   -1.804399196459    0.8655    0.8419  -0.459    6
58067.270    1.259793398741   -0.524700001847    0.2684    0.2597   0.185   64
58072.226    0.074717162300   -0.244299601349    0.6934    0.4391   0.284   33
58073.249   20.378758186676  -25.584498001763    0.1463    0.1145   0.131  234
58074.272    0.363215596117    0.435401999255    0.2037    0.1395  -0.004   64
58078.209   -1.190182495904    2.509902001435    0.1419    0.1963  -0.146  101
58079.272   -3.035871973590    2.179000800595    0.1439    0.2163  -0.037  150
58091.453    1.969728899835   -0.952200002047    0.0153    0.0569  -0.079   39
58092.454    1.010695363031   -0.394797596215    0.1354    0.4213  -0.482   39
58093.451    0.281931696652   -0.578498401183    0.1765    0.4571  -0.258   26
58094.452    1.128020977469    1.192302001130    0.0969    0.4473  -0.598   23
58095.478    0.567074956125    0.322002002662    0.1293    0.4657   0.031   27
58102.268    1.842334303340    3.998300397967    0.3617    0.2631   0.464   24
58109.000    0.188246316102   -2.283397196123    0.5003    1.3399   0.099   92
58115.209   -0.709788405664   -0.464698801039    0.2474    0.3918  -0.048   44
58128.230    0.396777716631   -4.051097997859    0.4184    0.8380   0.116   60
58141.208    1.004566403366    0.163299601041    0.1613    0.1219   0.199   81
58142.227    3.398940474277   -2.446099201592    0.9133    1.8874  -0.158   34
58148.209    2.346074436608    1.406800800652    0.1313    0.2136   0.004  120
58155.208   -0.010506759557    1.091699997602    0.1398    0.1127   0.087  127
58156.227   -3.005517907107  -10.844798396903    0.4903    0.8623  -0.398   13
58157.249   -1.317430021854  -13.909499996601    1.4148    2.3364   0.082    9
58158.272   -0.291268710347    0.349001998501    0.2121    0.2502   0.264   14
58163.229   -0.223850253574   -0.815299200951    0.5698    0.4315   0.184   86
58164.248    1.658903589516   -8.754998396654    1.0661    1.9915  -0.083    8
58183.208    0.251143361458   -0.851997602069    0.1833    0.2216   0.044  100
58191.229    0.004087142706    1.445500800656    0.3050    0.7172   0.332   18
58204.206    0.006860928026   -0.859698002387    0.1155    0.1063   0.188  205
58220.248   -0.900661411655    2.010902401395    0.2874    0.6443   0.103   18
58233.225    1.040755238654    0.751600797599    0.3883    0.6904   0.269   48
58240.165    0.693303315547   -0.497098797325    0.1991    0.2713   0.039 2104
58246.082    0.223853762364    0.478299601525    0.1316    0.4621   0.103  152
58256.272    0.271572032526    0.807699603200    0.1894    0.1582  -0.214   20
58260.166    1.833140876286    1.812801601631    0.6112    0.7615  -0.076   61
58270.269   -1.840288977592   -0.148499996300    0.3442    0.1749   0.426   24
58281.208    0.289668179679    0.110901598305    0.1796    0.1637  -0.015  109
58282.227   -0.576121262864   -4.437997201734    0.2483    1.0864  -0.112    9
58291.271    3.223099148050    0.227602800607    0.1313    0.1552  -0.115  105
58296.227   -3.061848215297   -2.167700399980    1.5159    1.1167  -0.089    4
58302.210   -0.153514424841   -0.695397601902    0.3870    0.2401   0.136   50
58304.233    0.749339432877    0.095900401220    0.1778    0.8439   0.075   29
58316.206************************************    0.2388    0.1525   0.035   33
58326.269   -0.116887812052    0.352800003611    0.1746    0.1748   0.073  107
58331.229    0.302216781080   -4.162597198132    0.4253    0.7965   0.025   33
58332.255    0.682502340245   -0.104097600939    0.3881    0.6785   0.080   36
58333.271   -0.256831009947    1.522000803789    0.2115    0.2403  -0.037   81
58337.208   -0.128707928996    0.993700801644    0.3522    0.2718   0.099   37
58340.269    5.732613404916   -7.196900400430    3.2515    3.6087  -0.966    4
58340.948    0.900955627400    0.893901599142    0.1920    0.2807   0.423  114
58344.206    0.818508999653    1.277200802718    0.2240    0.1664   0.274   68
58349.163    3.939163608809   -4.457098798838    6.1956    7.2506  -0.992    3
58350.185    0.000000000000    0.660099603778    0.5496    0.8075  -0.373   15
58351.208    0.629824906050    1.822100403359    0.1446    0.1375  -0.105  112
58361.271    0.521836305307    0.025801197978    0.2246    0.1678   0.057   77
58362.290    1.060308329836   -2.782497598730    1.0292    1.5084  -0.188   14
58363.696    0.115574504435    1.007002801146    0.1336    0.2368   0.078   88
58365.208    0.090477326520    0.931600799703    0.1886    0.1364   0.126  121
58366.227   -0.128560833566    0.960501598257    0.4698    0.6547  -0.445   99
58368.269    0.657110996354   -0.606999596187    0.1928    0.2230   0.019  110
58379.208    1.030101358782    2.297001603324    0.1759    0.1588   0.061   60
58381.250    0.495716476960    0.849902401256    0.4267    0.6391  -0.144   13
58382.002    0.667911946771    0.450601201152    0.1557    0.2395   0.091   65
58382.269   -0.370069481679   -0.366598796120    0.2366    0.2164   0.117  235
58386.206    0.151034855267   -2.523297596468    0.4706    0.7304   0.056   12
58387.207    1.095625094027    1.875301200727    0.2489    0.1464   0.096   54
58389.271    0.843024813427   -0.522698396566    0.8832    0.4041  -0.016   16
58393.208    0.881549631649   -0.863798402406    0.1979    0.1640   0.074   48
58400.206    0.408307151505    0.023601600674    0.1056    0.0929   0.051  156
58401.229    0.349206566785    0.119300403156    0.1083    0.4246  -0.046  127
58407.208    0.127832398880   -0.026398799946    0.1297    0.1101   0.069  152
58408.227   24.765191542712    8.399401200165    0.4337    0.1981  -0.069  112
58410.269-4204.525247837985-3892.788197997987    0.2417    0.3096  -0.106   35
58417.271    0.232318729847    0.186602400731    0.5121    0.2190   0.313    9
58422.271   -0.027286065419   -0.311000396636    0.2014    0.3371   0.023   85
58429.225    0.832518028985   -0.332899199407    0.7857    0.9967   0.021    8
58430.248    1.944190460514   -0.339497997714    0.5952    1.0253   0.177    8
58435.208   -0.503740133268   -0.262897198411    0.1870    0.1405   0.193  190
58436.227    0.646022847771   -0.377999999301    0.2917    0.3220   0.112   79
58437.246    0.531176827792    1.098701999780    1.4526    1.2820  -0.664    7
58449.208    0.129002144742   -0.406699199118    0.1087    0.2295   0.520  183
58456.206    3.942375196514    1.247000403737    0.4345    0.6316   0.215   33
58457.233    1.568282701241   -3.767698799351    0.6738    0.8309   0.058    5
58459.271    0.007442317052    0.003902401602    0.2163    0.1999   0.155   39
58464.227   -0.458501482451    2.609701197542    0.4280    0.3923  -0.004   34
58464.227    5.096221786585    0.790102799186    5.4735    1.8904   0.888    5
58479.206    0.028602956481   -1.936598401642    0.4993    0.9626  -0.569    5
58486.208    0.246180663750   -0.203097596341    0.2129    0.1693   0.128   59
58487.271    0.076611883828    0.052102802073    0.3546    0.2921   0.158   31
58491.208    4.489749941142    1.309500002833    0.9084    0.3219   0.575   17
58491.249    0.953198792884    0.271800003304    0.0312    0.0774  -0.208   81
58506.209    0.488127089363   -0.198597599166    0.1011    0.1179   0.104  106
58506.249    1.227688197369   -0.221597997552    0.0243    0.0611  -0.334   65
58514.248    0.705561209992    0.195202797926    0.0854    0.2725  -0.187  137
58519.249    1.491085944482   -0.866797200416    0.0191    0.0494  -0.131   37
58527.229    6.407964159949   -1.013198401978    0.3442    0.2748   0.141  112
58529.271    0.289958886635   -0.129200400778    0.1229    0.1522   0.190   60
58534.249    1.230024205188   -1.098097197172    0.0256    0.0697  -0.204   62
58547.249    0.918761117369   -0.773398797804    0.0215    0.0761   0.299   68
58554.207    0.355041310705   -0.055497596918    0.1903    0.1610   0.100   40
58557.271   -0.380432654595    0.266302800611    0.5024    0.7267   0.635   28
58561.209    0.313889802594    0.062402403245    0.2422    0.2883   0.174   28
58561.249    0.897747573370   -0.468799201059    0.0149    0.1220  -0.011  115
58570.249    0.494988017389    0.051102002629    0.4627    0.8447  -0.086   46
58571.271    0.339281171369    0.400802399270    0.2341    0.2036   0.391   39
58575.249    1.428777280847   -0.454500002434    0.0387    0.1317   0.380   86
58576.228   -0.034146993445    0.519400797572    0.1612    0.1996  -0.292   31
58577.250    1.178071721775   -4.879598402141    0.9773    2.1518  -0.051   24
58578.269    0.500241397167    0.655700402774    0.5179    0.3397   0.288    7
58591.269    0.717524913576    0.311799603736    0.2714    0.2313  -0.035   42
58597.208    0.611290956511    0.178002003537    0.3112    0.1984   0.279   24
58610.083    0.494403119573   -0.883097997928    0.1484    0.3231  -0.191  141
58611.208    0.069607369162   -0.593697596685    0.2845    0.2218   0.113   25
58618.228  -16.922174046821    1.709402398831    2.3187    1.4359   0.405    5
58620.269    0.153080156130   -0.086497196605    0.3743    0.2344   0.049   26
58641.271    0.232900093989   -0.051998399186    0.1776    0.2268  -0.012   86
58646.210    0.958889975048    0.653500799075    0.1657    0.1935   0.487   97
58646.250   -0.379410004164    1.122501598871    0.2849    0.8616   0.276   54
58652.207    0.026998917023   -1.870898399403    0.3526    0.7402   0.301   38
58655.271    0.526070543444    0.201401999078    0.1509    0.1757  -0.087   75
58659.249    1.685317608723    4.231000797716    0.2438    0.7946  -0.257   27
58662.270   -0.092662705234   -0.113799600143    0.2322    0.2149   0.377   28
58666.207    0.360294715368   -0.862297196846    0.1817    0.3186   0.155  127
58676.270    1.463799854178   -0.708897599822    0.3769    0.3244  -0.124   31
58680.207    1.128749437041    0.199900799913    0.2311    0.2845   0.065   17
58687.209   -0.049031577779    0.010000800188    0.3076    0.5126  -0.040   60
58687.249    0.110615290632    1.786802398840    0.2105    0.5357   0.012   52
58697.271    0.616397240859    0.126201602768    0.1444    0.1507   0.070  105
58701.249    1.011861600103   -4.211600399628    0.0397    0.1227   0.388  116
58715.249    2.272236362985    0.122400003733    0.1105    0.2184  -0.148  150
58722.207    0.424067290840   -0.320497196782    0.1988    0.1765   0.218   63
58730.228    0.407869374004   -0.228599999730    0.0233    0.0684  -0.048  314
58732.248   -0.033999898015    1.072501198252    0.1549    0.1240  -0.889  166
58743.209    0.340741599301   -0.421398001293    0.1664    0.1732   0.285   24
58743.249    0.702058965101   -0.661697998794    0.0455    0.0962  -0.450  108
58744.228  -25.322337569746   -1.441400400637    1.6107    0.7739   0.306   10
58750.207    0.425524234868   -0.066297597812    0.3196    0.4477   0.604  110
58753.268    0.823762379431   -0.405399598691    0.4098    0.3540  -0.441   15
58757.249    0.894245303594    0.823899598146    0.3809    0.4896  -0.304   33
58771.209    1.075487105030    0.517201200267    0.3511    0.2503  -0.161   36
58785.249    0.861264547221    0.882100798805    0.1438    0.3302  -0.537   31
58799.205    0.686736578381   -0.478299601525    0.9259    0.4221  -0.098   14
58800.228 -173.125321291827   -3.518100000122    1.7858    2.2521   0.466   31
58802.248    1.163187137441    0.876200398636    0.0683    0.1046  -0.894   15
58807.230    0.622382613883    0.962200802235    0.1147    0.1310   0.052   63
58808.249    5.142188921859    6.299002797761    1.4076    1.9580   0.890   10
58813.249    1.507283886203   -1.836500398156    0.1646    0.3641  -0.795   27
58827.249    0.612313606942    2.532200401362    0.1202    0.2688   0.085   50
58828.228   -0.551749060615    1.950699601849    0.2172    0.2402   0.299   47
58834.083    0.796325709792   -0.804697198475    0.1285    0.4681   0.385  152
58844.248    1.264752587659    0.303001201729    0.0840    0.2756   0.034   22
58848.207    0.105361910854   -0.404398799247    0.3550    0.7535  -0.194   31
58858.248    7.182400745857   13.448300399688    0.1514    0.3121   0.160  110
58870.206    0.680169841216    0.596901600147    0.1118    0.1196  -0.040   80
58870.250    1.226812642368    0.749401200295    0.1114    0.2238  -0.304   62
58890.208    0.735911767686    0.148201201711    0.2118    0.2210   0.194   52
58897.209    0.450772017003    0.016599598496    0.0967    0.1343  -0.008  177
58907.268    0.864181944066    0.191300402719    0.8821    0.5324   0.545    4
58911.209    1.789947551216    0.953200801490    0.3579    0.5304   0.070   40
58911.250    1.362672181461   -1.094997596596    0.0476    0.1193  -0.435  133
58918.208    0.365842286007   -0.181198799964    0.3504    0.4036   0.209   21
58920.249    0.975087916769   -0.438497999511    0.2574    0.8272   0.144    8
58925.250    0.977276829158    0.065401201255    0.0773    0.1166  -0.351  184
58926.228    0.269673802208    0.385901998357    0.2042    0.2896  -0.130  102
58954.207    0.593051197831   -0.351698401602    0.0720    0.1203   0.013  197
58981.210    0.396777716631    0.469000799797    0.2915    0.2526   0.019   59
59003.209    0.465509505907   -0.415598397296    0.2776    0.2881   0.378   25
59009.250    0.506513943473   -0.115498797726    0.1938    0.5714   0.133   39
59023.250    0.458942768741    1.389801598606    0.2360    0.3484  -0.044  106
59030.208   -0.025829146276   -0.356997599482    0.1735    0.1261   0.291  103
59037.250    0.157020203407    1.587200399911    0.1795    0.3478   0.069  140
59071.916  124.984027965630   29.580102003024    5.5391    1.8116   0.960    6
59074.250    0.323958784650    8.080801199384    0.9355    9.8420  -0.746    3
59080.251    0.539056897460   -1.604300398128    0.0521    0.1495   0.144   70
59093.206    3.136127600096   -0.687697201585    0.1643    0.1630   0.031  142
59093.250    1.270590840368   -1.723399196152    0.1561    0.2137  -0.314   80
59107.250    0.772394793834    1.070499599365    0.0913    0.2703  -0.328   71
59114.208    0.113241980521    0.051102002629    0.6064    0.3920   0.342   54
59121.250    1.535011262797   -0.197697602289    0.0792    0.1075  -0.043   76
59122.229    1.659779169402  -10.128099600593    1.4893   21.1980  -0.921    5
59143.231   -0.271130721350    3.720902402193    0.7104    5.8309  -0.698    7
59152.249   -1.257891634748   -3.265200001579    0.1707    0.2449  -0.337  152
59157.209    0.322792547578    0.111700799010    0.2702    0.3069  -0.015   37
59165.248   -3.423162047422   35.915799601582    1.3783   19.3435  -0.916    7
59171.227    1.950757172794   -0.456800402304    0.9193    0.3912   0.102   28
59222.249    0.823905990957   -1.588100396788    0.0368    0.0956  -0.174  106
59235.456    0.804062192820    1.411401600393    0.3535    0.9486   0.255   24
59247.207    0.261212343514   -0.333198000391    0.1464    0.1637   0.076  178
59254.208    0.257563003193   -0.147797997840    0.3321    0.2156  -0.050   81
59262.248    2.284494257430   -2.061900001138    0.0577    0.1372  -0.136   48
59278.249    0.836748758332    0.723402003899    0.0819    0.2146  -0.460   68
59304.229   14.248495018917   -5.813197200411   31.7039   33.7841  -0.096    4
59311.209    0.226627572568    0.228599999730    0.1577    0.3997   0.291  101
59352.187    0.462592133947   -1.021197596884    0.9164    0.6342   0.231    9
59368.228   -0.157163765162    0.764301601208    0.3706    0.6068  -0.054   46
59380.209    1.497946872508    0.465300003327    0.4381    0.3327   0.310   27
59410.250    0.601369069884    1.451602799563    0.5848    0.6023  -0.064   15
59425.251    1.402801064025    0.126100800202    0.1426    0.4397  -0.373   35
59457.207    0.397653271633    0.544402801239    0.1150    0.2306   0.237  105
59465.206    0.668349724272   -0.055699202051    0.1191    0.2105   0.129  112
59480.083    1.163624914942   -0.939499198438    0.2726    0.5530   0.177   29
59481.270    1.274093110144   -1.711198798660    0.7159    2.0193  -0.831   27
59499.189    0.053556522871    0.996501601236    0.4245    0.4595   0.076   76
59562.209    0.060123260036   -0.239997596196    0.1572    0.1704   0.231  289
59564.251   -0.030644748554    0.081100802873    0.3074    0.4297  -0.009  132
59569.207    0.608079393690   -0.159397199440    0.1404    0.1794  -0.384  204
59594.585   -0.353727953317   -0.017798396357    1.2217    0.7758   0.068   10
59600.250    0.867540602316   -0.372499196288    0.0955    0.1863  -0.476   44
59626.230    0.235964586264   -0.178200001955    0.5434    0.7890   0.345   29
59649.248    0.196420601515    1.051700403565    0.1008    0.1762  -0.067   57
59656.250    0.898913810442   -0.656197202176    0.0787    0.1606  -0.423   47
59683.249    0.093104016409   -0.998600402369    0.3068    0.9402   0.290   55
59716.209   -0.146800592246   -0.301698000982    0.1943    0.2560   0.206   31
59730.082   -0.708475073162   -0.059000401365    0.8288    0.5284  -0.397   83
59731.207    0.066399290246   -0.156297598863    0.3360    0.3637  -0.036   84
59739.227    0.424942870726   -0.608097597876    0.8738    0.4513   0.224   19
59752.208   -0.037939945291    0.177800398404    0.2500    0.2952   0.072  101
59800.210    0.345994979080   -0.126198002448    0.2141    0.2583   0.181  154
59802.251   -0.051220490167    2.425402803397    0.2099    1.2174   0.332   24
59803.248    0.863306364180   -1.273899597010    0.3795    0.9220  -0.710    9
59864.209   -0.287328663071    0.056199601772    0.2839    0.2312   0.107   61
59878.227   -0.845795065072   -0.549899997537    1.1534    0.7067  -0.463   59
59898.206   -0.908541506208    0.285300001224    0.2739    0.2005   0.170   45
59899.229    0.139214738323   -1.067198400051    0.5591    2.0876  -0.089    4
59961.208   -0.334318448776    0.229701601739    0.1962    0.1471   0.130  133
59975.208   -1.643139916506   -0.112697998134    0.4356    0.6028   0.272   93
60032.227   -0.208822057715   -0.053600400918    0.2160    0.1781   0.405  106
60159.250   -1.098538957197    1.101902402922    0.5342    1.2993  -0.123    8
60193.208   -0.741746511605    0.032201997868    0.4330    0.3294   0.310  121
60199.209   -0.429026479758   -0.260798397278    0.2711    0.2198   0.199   81
60207.230   -0.770202347771   -2.938197602020    0.4179    1.1952  -0.322    5
60227.209   -2.071147254622   -5.961099601137    0.5568    3.2463  -0.229   72
60236.230   -0.443179095731   -1.937498398519    1.0122    1.6642   0.564    5
60255.209   -0.084929730996    0.212601603522    0.3205    0.2787   0.180   34
60256.228   -2.189786201563    0.555202802133    0.5648    0.8315   0.427   15
