%-----------------------------------------------------------------------------
%                R.A. (mas)        Dec. (mas)        Err. (mas)     Corr. Del.
% Uncertainty in R.A. is in R.A. cos(Dec.)!!!!
%-----------------------------------------------------------------------------
47415.251    1.170645526495    2.109103199288    1.2989    3.0815  -0.284   13
47540.962    0.024886243252    9.361101599481    1.2581    1.9367  -0.429    6
47878.095    5.199472058975   14.093600399523    0.9030    1.6884   0.881    4
48090.364    9.664834734839   -8.148196800484    0.7655    1.6626   0.298    3
48146.415   -4.240048254293  -12.309498000107    0.5932    1.0941  -0.021   23
48155.346   -1.069754958706   -0.674899200526    0.6258    1.4165  -0.257   13
48160.346   -1.653356155167   -3.043497600341    0.5923    0.9902   0.213   13
48419.250    1.319804539382   11.614499999357    0.4053    0.9740   0.052    9
48454.270   -3.973959570344   15.522101999732    0.4144    1.1260  -0.003    9
48495.423    0.526032256687   -2.352999600763    0.5295    1.2514  -0.215   12
48504.254   -1.832647073341   -1.711897199996    0.7342    1.5490   0.083    3
48524.255   -1.130619526889   -0.792097200630    0.6638    1.8281  -0.430    5
48559.250   -0.679839650728    2.046700799241    0.2480    1.0329   0.037    9
48573.254    0.441483113852   -1.483099200250    0.3581    1.3970   0.097    4
48580.256   -3.558409654085   -3.162798000300    0.6509    0.6535   0.115   10
48602.255    0.179740642762   -0.061200000268    0.2687    0.8625  -0.179   11
48636.252   -0.567857052389   -1.338796800621    0.3376    0.5976   0.151   22
48643.331    0.819856615563   -0.636796800091    0.3225    0.8401  -0.199    6
48650.340    0.866178759400    0.100501199363    0.5646    1.0919  -0.185    6
48664.248   -0.179290867046   -0.242398800232    0.4143    0.8010  -0.368   11
48692.256    0.356635381703    2.873401199377    0.2642    0.7793   0.070   16
48741.250   -0.124423904910   -0.798796800705    0.3444    1.0158  -0.504    5
48797.251   -2.218065084312    7.110802799382    0.4237    1.1929  -0.451    9
48804.428   99.279400514011   31.311500399678    7.2623    3.0266   0.372    6
48811.167   -1.820655491358    0.027500399558    0.5311    0.9663   0.002   14
48812.251   -4.613622188447  -28.191099600328    0.5251    1.6451  -0.044    4
48831.876   -1.162848970969    0.441601199608    0.5047    0.3719  -0.308   23
48833.125   -2.507690786621   -0.207799200247    0.2578    0.5017  -0.024   36
48838.878    1.428790149753   -1.180098000120    0.3755    0.3930  -0.119   24
48840.135   -0.620475340457    1.427101199614    0.3049    0.3798  -0.160   26
48845.190   -0.609232123503    0.306100799907    0.2560    0.7668  -0.093   16
48869.252   -0.070758611373   -3.827898000175    0.3987    1.2639  -0.298   18
48872.835    0.042425706693   -2.711700000546    0.5387    2.2110   0.230    8
48876.247   -0.096842893113    2.700403199452    0.4835    1.2699  -0.234   11
48879.834    0.308363255367    2.740100399379    0.4094    2.0233  -0.052    9
48881.265    3.238950738057   -0.426099600404    3.1853    3.4313  -0.063    4
48882.916   -0.115879035484   -0.036399600134    0.2943    1.5138  -0.117   12
48886.832   -0.319307831881   -2.603797200251    0.3527    1.9358  -0.186   20
48888.249   -1.725312856156    1.687301999720    0.5127    2.2681   0.514    5
48889.918    1.017586395226   -3.175898400265    1.0947    3.1846   0.252   10
48893.837    0.827951760402    3.608600399296    0.6718    2.3782   0.420   11
48896.916    0.072557560853   -2.951197200218    0.5004    2.6022  -0.027    6
48900.832   -0.102538279737    0.403001999771    0.3896    1.4213   0.530    6
48903.915    0.684336998864    0.729302399272    0.7029    2.4111  -0.216    7
48907.834   -0.263991094029    0.428803199348    0.5007    1.9941   0.248   11
48910.916   -1.373322276626    9.469400399809    0.2486    0.9776  -0.148   16
48914.832   -0.408203136448    0.516401999562    0.2910    1.4018   0.087   20
48916.253   -1.189382977297   -3.281997600091    0.4660    1.8589   0.470    5
48917.922   -0.311511327483    8.056101599418    0.3123    1.3618  -0.299   14
48921.834    0.340743732466   -4.418499600600    0.5019    2.0749   0.119   13
48924.916    1.361481829918    2.208200399334    0.3568    1.4714   0.209   15
48928.832   -0.612682466169   -1.230498000293    0.4998    1.9969   0.103   13
48931.254    3.532922653227   -7.872300000678    0.4386    1.7686   0.299    5
48932.335   -0.419446353403    1.029700799826    0.3070    1.2796  -0.150    8
48935.834    0.251697343752    2.001700799514    0.2824    1.4082  -0.115   17
48937.255   -0.301167508576    0.185302799505    0.4548    0.8262  -0.029   31
48939.274   -0.287078387801   -0.362599200265    0.3856    0.8034  -0.246   18
48942.836    0.166399887016    0.970603199413    0.3919    1.5357   0.143   13
48946.254   -0.101937419874    0.479001599984    0.5007    1.7866  -0.446   12
48949.834    0.502347682034    0.092602799828    0.4013    2.3474  -0.307   18
48951.262   -7.101377434650  -17.038998000540    4.7899   13.9901   0.967    5
48956.832    0.233560650557    0.802303199876    0.3880    1.6545   0.135   13
48959.173   -0.671294781301    0.958600799539    0.8354    1.5467  -0.408    3
48960.251   -0.637565079310   -1.292896800020    0.3421    0.9292  -0.077   16
48963.834   -0.292324049837   -0.390600000344    0.3637    1.7800  -0.139   17
48967.253   -0.420648022001    0.903700799793    1.3721    1.2797  -0.372    8
48970.836    0.314659450726   -0.080899200139    0.3330    1.2751   0.155   13
48972.333    0.772933662991   -1.086300000352    1.4730    2.9862   0.370   13
48974.247   -3.738751105582   -9.563896800113    4.2406   11.8895   0.971    4
48977.834    0.250797894576    1.117400399409    0.4131    2.1178  -0.040    9
48979.258   -0.234308964457   -0.181198800764    0.3087    0.9712  -0.195   18
48984.836   -0.277482985051    1.457701199747    0.3688    2.0229  -0.199    6
48987.334   -0.222914612228    1.408402799985    0.2882    0.8572  -0.040   18
48991.834    0.190084410541   -1.205697600160    0.2448    1.2415   0.010   26
48994.917   -0.153656309894   -1.536498000032    0.5477    1.6843  -0.124    9
48998.836   -0.019338361793    2.189300399369    0.3749    2.2487  -0.231   11
49002.251    0.293824410004   -0.535996800544    0.2930    0.9092  -0.263   16
49005.834    0.223216882778    1.163001599824    0.2537    1.2832  -0.055   24
49009.253   -0.016190238549    1.561301999686    0.3045    0.9290  -0.297   17
49012.832   -0.172696031246   -0.605898000572    0.2805    1.2935   0.005   20
49013.004   -0.217967590632    0.712601999808    0.5994    1.7732  -0.168    5
49014.417   -0.213920018213   -0.134899200610    0.6768    1.2635  -0.162   21
49016.251   -0.202079571505    0.284201999534    0.5945    1.0191  -0.055   12
49019.838    0.150508237779   -0.933796800684    0.2891    1.3636  -0.080   18
49021.087    1.813758487264    0.463499999981    1.0530    0.9287   0.043   17
49023.092    0.508795012668   -2.285499599974    0.7170    3.2432  -0.394    5
49023.253   -0.156354657421   -1.025398800270    0.2953    1.0261  -0.115   14
49026.836   -0.269089250899   -1.205899200496    0.2602    1.2328  -0.032   23
49028.085   -0.030282938307   -1.530496800495    0.3563    1.4752  -0.099    6
49030.251   -0.242702698609    0.006202799874    0.2779    0.8767  -0.268   17
49033.834    0.090845338195   -1.885399200763    0.2178    1.1341  -0.176   20
49037.249   -0.782680149887   -1.071399600239    0.3170    0.6747  -0.092   16
49040.832    0.106434768009    1.895500799520    0.2674    1.2858  -0.104   20
49044.251    0.166248751740   -2.160698400200    0.2894    1.0733  -0.234   16
49047.834    0.447329584623   -0.906897600217    0.2233    1.1262  -0.132   23
49051.253    0.191433635433    0.919303199964    0.7082    1.4577   0.206    8
49056.085    0.664851080777   -0.661899600729    0.4185    0.4826   0.158   17
49058.251    0.089647248578    0.231703199827    0.3097    0.8653  -0.255   15
49065.249   -0.070607476097   -0.487098000335    0.3455    0.9647  -0.228   16
49070.081    0.024584023829   -1.102698000111    0.7166    0.6049  -0.299   14
49071.122   -0.482559544524    5.218801199991    0.5190    3.6565  -0.156    3
49072.251    0.045124054221    0.080902799660    0.3802    1.2218  -0.247   17
49075.834   -0.049171575512   -2.574399600697    0.2419    1.1614  -0.139   23
49079.253   -1.154156596377   -0.820897200615    1.4731    1.0733  -0.222    6
49082.832    0.172696082375    0.256903199514    0.2938    1.2092  -0.163   17
49085.254   -0.006594784672   -0.881100000161    0.5205    1.4241  -0.360   15
49089.834   -1.997096875601    6.909101999319    0.3105    1.2775  -0.281   17
49090.999    1.137966357827    0.674600399542    0.8477    4.6341   0.515    3
49092.084    0.535627659437   -0.219398400247    0.6333    0.7792   0.022   19
49093.257    0.092493152399    1.290002399301    0.4173    1.2419  -0.009   13
49096.832    1.222663005828    8.678102399884    0.2753    1.0300  -0.220   17
49100.251   -0.172696031246   -0.280396800179    0.3930    1.0775  -0.242   17
49103.834   -0.335346935155    0.932399999609    0.3108    1.7871  -0.195   12
49105.083   -8.720251943815    7.502302799800    0.3996    0.4306   0.216   85
49107.249    0.563960615245   -0.684097200487    0.4299    1.1817  -0.012   16
49112.166   -1.865628410303    0.341099999446    0.6320    0.9431   0.508   66
49112.166   -1.778679509253    0.017999999891    0.5743    0.8581   0.507   66
49113.254   -1.114879012927   -1.282698000615    0.2661    0.7828  -0.482   18
49119.251    1.414398809555    2.904501599232    0.3498    0.9825  -0.134   10
49125.168    0.894061939492    1.234799999850    0.2759    0.4387   0.084   21
49126.250   -0.837097387435   -1.165698000527    0.2800    0.9418  -0.218   12
49132.167    0.340445143154   -0.506898000374    0.3101    0.5790  -0.031   29
49133.251   -1.413200668810    5.352101999989    0.2586    0.8663  -0.463    7
49140.253   -0.291424600661    0.010702799447    0.2506    0.7867  -0.405   11
49141.342    2.756092553092   -0.512499600358    1.3295    2.1718   0.114    4
49146.163   -0.506096614012    1.322801999937    0.5225    1.1256   0.031   11
49147.251    0.286628714341    3.090902399627    0.4141    1.5078  -0.347    8
49153.168    0.250348169988   -1.287799200078    0.1580    0.2649  -0.045   46
49154.253   -0.874273801983   -2.488996800665    0.2021    0.6806  -0.463   10
49161.251    0.190235545816    3.599701199519    0.3996    0.7946  -0.438    6
49162.983   -0.542524663531   -5.761396800441    0.2637    1.1839  -0.153   20
49164.064    0.693932401614   -0.646200000709    0.5918    0.4801  -0.146   28
49168.253   -0.446732303741   -4.964896800086    0.3222    1.1335  -0.522    3
49175.251    0.490953380933    0.159800399313    0.1963    0.4133   0.237    7
49182.253    0.354088118323    1.815400799288    0.1277    0.3525  -0.038   14
49183.334    1.301516762040    1.855501199888    0.1728    0.3351  -0.053   42
49188.086    0.735008883415   -5.158799999982    0.7677    3.8333   0.347    3
49188.167   25.799623306119   11.736302399523   43.5213   62.2631   0.817   16
49189.252   -0.791225019314    7.099700399582    0.2120    0.7695  -0.229    4
49196.250    1.377222395008   -6.869199600334    0.1633    0.3533  -0.053    9
49197.334    4.687079249603   16.006600800011    1.0356    3.4138   0.804    4
49203.252    2.023332343745   -3.995100000420    0.1779    0.3295  -0.054   11
49209.169   -0.795722316322    5.850899999693    0.2711    0.7612  -0.351   36
49210.250   -2.875270795966    1.377302399330    0.2090    0.3863  -0.122   12
49211.335    1.967864521746   -2.114899200567    0.6009    1.0758   0.215   14
49216.170    0.182590125565    1.130000399652    0.2066    0.3441   0.008   36
49217.252    1.954674850146   -3.800700000323    0.3117    0.9910  -0.252    6
49218.333    2.209818906454   -9.648597600087    0.3642    0.6964  -0.189   77
49223.169   -0.308215699074   -9.733597200245    0.4022    1.6261  -0.386    9
49224.250   -1.625922648535    4.132000799917    0.3542    2.1022  -0.511    8
49225.335   -0.336397519606   -2.372698800635    0.4121    1.4513  -0.532   11
49230.002    2.122722500238    6.053302799813    3.5410    7.9168   0.978    3
49231.252    1.185936315869   -5.075499600604    0.1661    0.3705   0.064   11
49232.333    4.365673878930    4.867401599373    2.4608    1.5976   0.702   62
49232.333   -0.420198297413    3.345101999397    0.8611    0.9526   0.201   62
49245.252    0.197280106204    1.005703199919    0.3934    0.7959  -0.225    7
49246.329    1.667895051658   -1.628100000417    1.7398    1.5830  -0.611   15
49247.418   -0.363831026238   -0.199897200392    0.3298    0.9246  -0.355    8
49252.253    0.088895304568   -0.898397999993    0.3492    0.6591   0.193    5
49259.252    0.459774521303   -0.008697600240    0.6916    0.9224  -0.534    3
49260.333    0.001647814205   -0.547696800712    0.5741    2.2833   0.139    6
49267.335   -0.374775653880    3.271402799854    0.2947    1.2183  -0.565   12
49268.412   -1.402554681609  -20.247699600162    0.4705    2.2672  -0.139   17
49272.167    0.634866731783   -0.764100000072    0.3424    0.5788  -0.198   37
49273.252    0.368626963686   -0.489499200373    0.2559    0.6913   0.125   17
49275.421    0.887017379104   -3.470997600541    0.5083    4.3289  -0.021    4
49279.169    0.035377516196   -0.120898800571    0.2084    0.2039  -0.068   57
49280.250   -0.432639603984    1.008899999544    0.3498    0.6734  -0.279   10
49281.335    0.257396309357   -1.194998400234    0.3239    1.7009  -0.116    8
49287.252   -0.056816995763   -0.994798800136    0.5257    1.2043  -0.366    3
49288.333    2.852183502194    5.371700399692    3.1316    3.4682   0.107   13
49293.169   -0.277634069198   -2.439799200271    0.3599    1.2168  -0.062   10
49294.250    0.140765329863   -0.141998400238    0.3281    0.7500  -0.042    9
49295.331   -1.298368587668   -2.498598000500    1.5107    3.7236   0.227   13
49300.003    0.155904983962    0.158702400022    0.5634    1.4843  -0.008    7
49301.252   -0.042875380153   -0.334598400187    0.2613    0.6292   0.037   15
49308.254    0.149759872750    0.269099999883    0.5026    0.8938  -0.143    5
49309.331    0.705474259009    5.180399999372    0.2084    1.0229   0.067    7
49315.252    1.594740261052   -1.618297200245    0.7783    0.9777  -0.331    3
49322.246    0.227411960363    0.487303199392    0.2225    0.4106  -0.066    9
49328.167   -0.175844154490   -1.145898000487    0.4787    0.4378   0.449   53
49329.248    0.596042503031    0.678301200008    0.3812    0.8025   0.351    9
49336.250    0.121128327629    0.179999999705    0.2876    0.7073  -0.052   10
49338.416    2.859980006592    1.685401199403    1.5691    1.3811   0.339   13
49342.006   -0.747151549545   -0.309297600332    0.9437    2.6117   0.721    3
49343.248    0.556916054857   -0.989398800488    0.2728    0.5680  -0.068   12
49350.250   -0.064012640298    0.963403199616    0.3813    0.8620  -0.082    6
49357.252    0.090244529460    0.277801199644    0.2610    0.6115   0.014   12
49358.344   10.123407536416   -1.443697200187    3.2783    2.3608  -0.484   10
49363.173    0.102239690424   -1.841497200328    0.4561    0.6855   0.215   50
49364.250    0.086646681628   -0.487098000335    0.3628    0.7749   0.121   10
49365.302   -0.641015421976   -1.350799200495    0.2306    0.3385   0.147   59
49366.303    0.086646681628   -0.538797600136    0.3926    0.3466   0.019   25
49367.289   -0.000298589313   -0.013096800444    0.1439    0.4199  -0.678  130
49367.336    0.221867709015   -0.433198800032    0.2845    0.4051  -0.015   29
49368.268   -0.125625573508   -0.097999200754    0.1718    0.3144  -0.147   46
49369.265    0.069107218187    0.392201999677    0.2302    0.4960  -0.534   46
49370.255    0.155307754208    0.183103199802    0.1599    0.2940  -0.119   45
49370.324   -0.085898265471    0.777700799759    0.3542    0.4503  -0.096   39
49371.252   -0.095943443937   -0.462499200538    0.1778    0.3256  -0.167   25
49372.267    0.322006230537   -0.588398400403    0.1147    0.2295  -0.151   87
49372.322   -1.480807577958   -1.701900000128    0.3349    0.4660  -0.110   26
49373.268    0.585396515830   -0.352098000356    0.2974    0.4759   0.633   34
49373.363   -0.778632577468    0.766601999480    0.4636    0.4435  -0.061   19
49374.269    0.170296324160    0.348299999242    0.1838    0.5315  -0.758  119
49374.360    1.021785102921   -1.121698800244    0.3383    0.3726  -0.241   25
49375.270    0.292025460524    0.216802799713    0.2228    0.3559   0.501   35
49376.267   -0.017539412313    0.358102799414    0.1876    0.5323  -0.737  110
49377.257   -0.179891726909    0.262702799514    0.2477    0.5203   0.101   61
49377.308   -0.278231350080    0.562701599716    0.2962    0.5224   0.065   34
49378.250   -0.128622561477   -0.108496800344    0.2633    0.6706   0.022   10
49380.000    0.414200742495    1.711900799517    0.3433    0.4563   0.075   60
49385.248   -0.115130670455   -0.002098800334    0.2471    0.5965  -0.042   12
49386.329   -0.253945966691   -0.886996800009    1.7038    3.4741  -0.004   13
49391.001   -1.105585829600    0.017099999816    0.5243    0.5002   0.074   41
49391.165    0.265941178784    1.373702399832    0.6735    1.3535  -0.130   36
49392.250   -0.184687613229   -0.011599200000    0.2821    0.7505  -0.145    8
49394.420   -1.016388305610   -0.608299200611    1.0868    5.5708  -0.211    4
49399.248    0.549720410322    0.064000799860    0.4153    1.3298  -0.370    5
49419.165    0.770386399610   -0.343699200300    1.0906    0.6908   0.003   17
49420.250    0.045573778809   -0.140497200274    0.2729    1.0268  -0.197    6
49426.167    0.787325003189   -0.704599200585    0.3140    0.5514  -0.516   61
49427.248    0.130421510957   -0.205398000208    0.2943    1.1034  -0.223    5
49429.418    0.151857411542    0.673901999804    0.3315    0.8130  -0.427   31
49432.997    2.029628539104  -17.478900000167    4.9540   39.8665  -0.986   12
49434.250   -0.066711038953    0.485002799522    0.3315    1.1959  -0.193    6
49435.335    0.320808140920    1.131800399801    0.2528    0.6506   0.238   51
49441.252   -0.042274520290    0.018500399612    0.2675    0.7405  -0.102   10
49448.250    0.084099418248   -0.135997200701    0.2737    0.9312  -0.080    4
49454.018   -7.523522186708    7.154902799833   10.7414    9.5993  -0.166   12
49454.167   -2.221511847996   -0.572598000215    9.2029    6.9777  -0.734    4
49455.248    0.205677419337   -0.086400000754    0.2981    0.7456  -0.053   10
49462.247   -0.271636514280   -0.834498000302    0.2642    0.7576  -0.094    8
49468.167   -0.126823663125    0.681800399338    0.3820    2.1402  -0.033   11
49469.249    0.340596227301   -1.365598800440    0.3177    0.7525  -0.107   12
49470.333    3.006739312393    2.210900399557    0.4090    0.7302   0.118  109
49471.418    0.050520800404   -0.542498400602    0.1848    0.3138  -0.398   39
49471.418    0.231761752205    0.879400799381    0.1455    0.4528  -0.290  102
49476.250    0.346442749200    0.068601599601    0.2939    0.6734  -0.067   12
49482.167   -0.012293801405   -0.274298399994    0.1961    0.3276  -0.011   54
49483.252    0.029232404984   -3.055096800342    0.3422    0.9833  -0.233    8
49484.333   -0.489305515600   -0.059896800320    0.7281    2.1669   0.612   53
49484.333    0.252298203615   -1.265698800168    0.1919    0.3890  -0.338  165
49485.418    0.937387095361   -2.096899200676    0.4245    1.8911  -0.175   18
49490.254   -1.792621124863   -0.858898800082    1.2679    0.8737  -0.033    3
49491.332   -0.471017687129   -1.199898000159    1.7361    3.2200  -0.089   12
49495.999    1.383518590367    1.602701999914    0.9312    0.6555  -0.272   67
49497.249   -0.048121042189   -0.217699200267    0.2990    0.6566  -0.077    9
49504.250    0.576401921816   -0.748396800532    0.2675    0.5945  -0.074    9
49506.000    1.987954827549    0.606103199630    0.8866    0.7987  -0.040   65
49511.252   -0.259195207709   -0.282398400664    0.3087    1.0197  -0.240    6
49512.333   -5.264981429330    0.090802799679    1.6747    3.3297   0.351   14
49518.254    0.885365985918   -0.659397600522    0.3382    1.2168  -0.257    6
49519.335   -2.246246955973    2.656000799295    8.2000    7.1030  -0.986    3
49524.168   -0.449430702397    0.191901599411    0.2047    0.2767  -0.072   62
49525.252   -0.225015781130   -1.416898800688    0.3723    0.9135   0.019   12
49530.917   -1.013988547395   -1.507798800215    0.8337    3.0689   0.324   12
49532.250    0.032531663503   -0.337096800074    0.3105    0.7984  -0.081    8
49534.416   -0.956725406026   -0.594997200309    0.3771    0.6359  -0.197   21
49534.420   -0.090694202919    1.383602399851    0.1317    0.4177  -0.314   80
49534.544  -42.638687995663  512.093401199731    0.6171    1.9741   0.270    9
49539.252    0.233859290998   -0.381297600693    0.2644    0.5111  -0.021   12
49540.998    0.451978016905   -0.124099200516    0.4134    0.5297  -0.055   75
49541.250    0.478062298645    0.786502799688    0.5955    1.0976  -0.057    5
49546.251    0.152756911846    0.025901999745    0.3167    0.7822  -0.176    6
49547.335    0.048272177464    2.189401199537    0.1510    0.4917  -0.498   73
49548.420    0.606983551691   -7.645798800482    0.5192    2.4576  -0.284   21
49553.256    0.378373501711   -1.334797199970    0.3938    0.8912  -0.143    5
49555.415    3.361575744616   -0.918198000033    2.1818    1.2460  -0.185   14
49560.254   -0.138066880079    0.403300799956    0.2833    0.5815  -0.045   10
49562.084   -2.081948237859    1.659700799994    0.7018    0.6076  -0.280   89
49562.084    0.087848350226   -0.336196799999    0.1750    0.3962  -0.527   96
49566.171    0.439986434922   -5.511600000396    0.7636    2.6510  -0.014    8
49567.249    1.207674435877   -0.167299200093    0.3612    1.1235  -0.124    5
49568.334    2.143111446483    2.785903199332    1.2820    3.3361   0.628    8
49569.418    1.741053421246    8.251001999238    1.3729    4.0869   0.809    7
49573.085    0.688384520155    0.381301199415    0.5160    0.5407  -0.370    6
49574.251    0.142564228215    0.706201199918    0.2979    0.6101   0.129   12
49575.332   -0.275982676012   -5.045497200040    2.4144    3.8678   0.024   11
49576.501    1.842990892248   -1.976698800643    0.7506    0.8401  -0.187   21
49580.040    0.021738120008   -0.231199200584    0.2340    0.2746   0.088   97
49581.249    0.246001957128    0.322801199371    0.2767    0.5826   0.085   12
49588.251    0.325154353780    0.672101999655    0.2704    0.5724   0.130   12
49589.332   -0.800967927229    1.787000399656    0.4294    0.7008   0.202   60
49589.335    0.704877029255   -1.174298400120    0.2432    0.3993  -0.551  101
49590.417   -0.744003426301   -2.024697599978    0.4731    3.2843  -0.173   10
49594.168   -0.061163157495    0.327902399633    0.2205    0.3584  -0.005   48
49595.252   -0.272834603896   -0.544899600641    0.2515    0.5457   0.125   12
49596.334    2.998496662388  -12.210998400430    0.3304    0.6199  -0.015  132
49597.418    0.176592519519   -3.356499600660    0.7803    2.0382   0.534   11
49602.251    0.061764068486    0.959000399892    0.3599    0.6479  -0.291    4
49603.335   -0.756444732872   -1.315497600451    0.6531    1.8341   0.690   80
49603.335    0.052168614608    0.027403199709    0.1508    0.4864  -0.324   75
49604.420    0.520185785916   -0.638596800240    0.9310    2.4143   0.635   11
49608.044   -0.188735185649   -0.595897200384    0.3946    0.7337  -0.293   83
49609.249    0.296670262697    0.302399999441    0.3916    0.8291  -0.133    3
49615.078   -0.273734053072    1.029502799810    0.6089    0.6137  -0.193    9
49616.251    0.103286644766   -0.830098800098    0.4004    0.7085  -0.197    4
49618.088   -0.095493719349   -0.946299600280    0.4246    0.9057   0.119   12
49622.040    1.247847838392   -0.068598000080    1.7535    1.3757  -0.667   13
49623.249   -0.136717706316    1.435701600006    0.2998    0.6481  -0.207    4
49624.334    5.061854903483   -1.286899200004    9.2745    9.1200  -0.556    4
49629.086   -0.065361865190   -0.225597600600    0.3182    0.4982   0.119   16
49630.251    0.142265587774   -0.089298000194    0.2138    0.5202  -0.040   20
49631.332    1.233906222782    2.610500399847    1.3298    3.0654   0.769    9
49632.420   -1.295670240140   -1.827399600440    1.1907    2.7509   0.763   10
49637.249    0.028332955808    0.872999999491    0.2076    0.4946   0.051   19
49639.156   -0.017240823001    0.369403200029    0.1458    0.2241  -0.165  129
49639.159    0.229210858715   -0.465498000146    0.0935    0.2422  -0.173  103
49642.998    0.847890930930    0.527803199546    0.4959    0.4900  -0.123   34
49644.251   -0.072107785136   -0.827798400227    0.3567    0.6862   0.343   11
49645.336    2.463167643392    2.935101599366    1.4474    3.0255   0.330   16
49646.040    0.691532643399   -0.184096800204    0.2842    0.4359  -0.240   77
49651.260   -0.136267981728    0.335602799950    0.2265    0.5715  -0.033   19
49652.334   -4.572549336755   -2.792296800180    0.2510    0.6816   0.209   78
49653.419    0.235208464761   -1.591797600131    0.3454    0.6840  -0.101   35
49653.419    0.214970653792   -0.311598000202    0.1059    0.3451  -0.226   84
49657.002   -0.191735803727   -2.151496800717    0.4600    1.9637   0.268    7
49658.262    0.337145935763   -0.215899200118    0.2138    0.5272   0.006   19
49664.087   -1.234956756105    0.945403199726    1.0800    0.9779  -0.629   11
49665.256    0.362931577062    0.233002799455    0.3243    0.6878   0.155    7
49672.251    0.379121866740   -1.022698800046    0.2720    0.5780   0.207   13
49678.084    0.334447537107   -0.883497600679    0.3954    0.5299   0.010  122
49679.253   -0.022486433908    1.103601599706    0.2651    0.5496   0.183    8
49685.166    0.192635304031   -0.750697200402    0.1220    0.4025  -0.153   83
49685.170    0.464419323476    0.016199999742    0.1343    0.3887  -0.155   56
49685.170    0.178391468999    3.397003199535    0.7077    1.6346   0.311   69
49686.251   -0.119926607903    0.592001999422    0.2193    0.5035   0.075   14
49692.084   -0.503995445110    1.213401599998    0.3391    0.4244  -0.247   19
49693.249   -0.359333729231    1.136102399357    0.3294    0.7106   0.069    7
49699.166    0.010494903054    2.444302799365    0.1782    0.8164   0.002   25
49700.247    0.442235057862   -0.289098000739    0.2221    0.5086   0.079   14
49702.081    0.329050790924   -0.189698400188    0.2916    0.3646   0.118   88
49706.168   -0.479710061722   -0.423298800012    0.2302    0.3682  -0.161   20
49707.249    0.300717835116    0.667900799467    0.2333    0.5600   0.177    8
49714.251    0.496501211263   -0.144399600277    0.2159    0.5533   0.159   12
49715.000    0.117530479798    0.341801999504    0.0860    0.1951   0.235  174
49715.332    3.125169241366   -7.563099600194    0.5962    0.8892   0.225   25
49716.417    0.219316815524   -0.254397600585    0.0954    0.3076  -0.321   87
49716.417   -0.493651677332    0.170801999744    0.2119    0.3561  -0.306   65
49716.420   -0.855086575465   -1.072497600330    0.5257    0.8224  -0.348   30
49721.249    0.604734877624   -0.954097200445    0.3212    0.4678  -0.207    8
49727.042   -0.082599058080    0.321703199280    0.3421    0.4888   0.059   64
49728.251   -0.012592390718    0.134999999979    0.1823    0.4572  -0.040   24
49736.363   -0.152609355553   -1.671998400532    0.4580    2.0244   0.103    5
49741.166    0.129370977634   -1.053698400533    0.2690    0.6750  -0.297   21
49741.166    1.373923187617   -0.660697200150    0.4804    0.3078  -0.491   52
49741.170    0.182888766006    0.302601599778    0.1879    0.2799  -0.124   92
49742.251    0.537275473641    0.111401999625    0.2819    0.4849   0.055    6
49744.081    0.085747232452   -0.121500000461    0.5060    0.4240  -0.564   20
49748.084    0.987605676342    7.681600799447    0.4382    2.4379   0.392    7
49749.249    0.229063353549    0.517402799805    0.2358    0.5619   0.003   10
49750.334    1.480958764361   -2.414599200584    0.5771    1.5557  -0.422   14
49750.334    0.354537842911    1.498802399791    0.3627    0.9896  -0.100   54
49751.415    0.126823714253    0.947102399707    0.1183    0.3770  -0.332   54
49751.419   -0.446430084319    0.047102399581    0.3916    0.6473  -0.350   40
49751.419   -0.116328760071    0.482803199819    0.1470    0.2404  -0.397   64
49756.251    0.488107477111    0.656301599467    0.2169    0.4671   0.007   16
49762.088   -0.097889847454    0.381103199398    0.5941    1.3799   0.050   16
49763.253    0.053816428813    0.807901199540    0.3596    0.9122  -0.693   13
49764.334    0.197431190351   -0.563299200085    0.2633    0.2963   0.102   52
49770.251   -0.191286079139   -0.540000000715    0.6195    0.7322  -0.302    4
49771.336    1.427142335548   52.667002799733  199.0791  198.8193  -0.010    8
49772.088    0.617327319470   -0.081198000323    0.6419    0.9047  -0.030   13
49777.249   -0.556164059718    0.526499999598    0.4273    0.6145   0.034    7
49779.043   -0.071956649861    0.256003199439    0.3428    0.5539   0.027   17
49783.086   -0.070456391950    0.195901199262    0.2374    0.3816  -0.137   65
49784.251    0.164449853389   -0.815497200168    0.1555    0.4321  -0.032   27
49790.168    0.257846033945   -0.857599200454    0.3469    0.4379  -0.015   71
49790.168   -0.220216264700   -0.485298000186    0.2233    0.7110  -0.560   59
49790.168    0.093392601575   -0.099597600567    0.4284    1.1222  -0.043   13
49791.249   -0.218719534643    0.496900799707    0.2389    0.5713   0.011   10
49798.251   -0.083498507256    0.323701199445    0.2223    0.4617  -0.034   15
49800.417   -0.286326443790    0.489902399448    0.2795    0.3053  -0.091   50
49804.080    0.385418062099    0.251600399714    0.4584    0.3562  -0.613   30
49805.249   -0.732310484759    4.731501599320    1.4030    5.7824  -0.965    3
49811.042   -1.274684064143   -0.227098800565    0.6456    0.3086  -0.016    9
49812.251   -0.287078387801    0.495403199263    0.2130    0.4798   0.026   13
49818.084    0.436687227532    0.357400799356    0.2981    0.3445   0.050   24
49819.249   -0.211523890108   -0.898696800178    0.2799    0.5910  -0.078    8
49820.334    4.075745957199    5.018201999540    0.5357    0.8567  -0.681   59
49821.419    0.036129460206    0.156401999352    0.3623    1.6970   0.032   22
49826.251   -0.147511198682    0.031003200007    0.2083    0.4111   0.002   20
49826.960    0.199679864419   -0.616996800051    0.3280    0.4859  -0.004   45
49827.336    0.314209726139   -3.746700000651    0.2801    0.9752  -0.130   28
49828.421    2.017334737699   -0.882900000310    0.5992    0.8529  -0.268   58
49828.421    0.892561681581   -0.060796800394    0.3713    0.4434  -0.359  101
49828.421    0.122625006559   -0.363999600062    0.2196    0.4514  -0.131   44
49832.000    0.089647248578    0.460400399405    0.3430    0.3312   0.013   87
49833.249    0.027732147073    0.299901599554    0.2814    0.5800  -0.038    9
49839.042   -0.809663931932    0.277300799922    0.4304    0.2711   0.031   23
49840.251    0.052618339196    0.270302399663    0.2772    0.5946   0.168   19
49847.249    0.077504582448    0.197099999522    0.3829    0.6760  -0.172    7
49854.251   -0.185889281827    0.479602799874    0.2275    0.4914   0.210   16
49861.249   -0.424695594420    0.298400399590    0.2810    0.4854   0.080   10
49862.334   -0.494702261783    0.502700399707    0.4249    0.3311  -0.409   12
49868.251    0.151857411542   -0.129196800458    0.2614    0.4981   0.023   12
49869.332    0.020237862097    0.168400799705    0.1165    0.2461  -0.603   63
49869.336   -0.022486433908    0.011501999353    0.2130    0.3591  -0.120   84
49875.257    0.580751713657   -0.909298800256    0.3613    0.5982  -0.085    9
49876.331    0.344643799720   -0.408600000235    0.1165    0.2283  -0.348  102
49877.415   -0.275532951424   -9.221896800593    0.4736    0.9885  -0.204   30
49882.251    0.027433506632    0.312400799629    0.2384    0.5802   0.020   23
49883.336   -0.584047290938   -1.803499200381    0.4820    1.5583  -0.083   12
49888.000   -0.672496449900    0.381801599936    0.7625    0.4634   0.202   26
49896.251   -0.433539053160   -0.923299200295    0.3753    0.7307  -0.057   18
49897.332   -0.375973692368    0.395902799344    0.2345    0.4632   0.158   58
49897.336    0.363532436926   -1.083297600424    0.1630    0.3178   0.340   88
49904.250   -0.221417933298   -0.198198000412    0.4348    0.6471  -0.073    5
49910.251    0.026983782044   -0.651499200188    0.3805    0.6513   0.351    7
49911.329    0.500847424123    0.348800399763    0.5173    1.0257   0.122    7
49917.253   -0.026983730916   -0.175298400595    0.3665    0.4627  -0.079    6
49923.002   -0.211973614696   -0.380199600603    0.3118    0.3335  -0.346   28
49924.251   -0.224414921267   -1.547899200016    0.4394    1.9358  -0.373    3
49931.250   -0.383770196766    1.377802799851    0.2617    0.5200  -0.162    8
49936.999   -0.868427331211  -11.843798400424    1.3861   10.6680  -0.658    3
49938.251    0.218568501624    0.415799999232    0.2743    0.6203   0.103   13
49945.253    0.180492586773    1.001102399378    0.2539    0.3705  -0.033   29
49946.334   -0.532929260781    1.056599999494    0.3236    0.4080  -0.169   16
49952.251   -0.128172836889    0.006501599259    0.2572    0.5270  -0.082   20
49953.322   -0.251398703311    1.749502799431    0.5153    1.1235  -0.207   30
49954.322    0.363679942091    1.529701199310    0.2867    0.9341  -0.333   29
49955.320   -1.570605961811   -2.000397600366    0.9351    1.8670  -0.173   14
49956.320    0.659303250447   -0.893700000404    0.5634    0.9473  -0.258   39
49957.321    0.165651521987    0.286300799868    0.1702    0.7489  -0.320   37
49958.253    0.486308527631    0.325601999762    0.6693    1.4997  -0.272   16
49959.250    0.333699172079   -0.448200000314    0.2147    0.5119  -0.009   24
49960.334    0.104488313364    1.664099999399    0.6125    0.8670   0.373   50
49960.334   -0.435039362199    0.267001199550    1.7474    2.0582   0.920   15
49961.416   -0.162201179321    2.179799999702    0.4665    1.5102  -0.366   43
49966.251    0.034330561854    0.233099999303    0.1947    0.5156  -0.097   15
49967.333   -0.353785847772   -0.083599200362    0.2944    0.4534   0.030   10
49973.250   -0.394563740261   -0.250498800103    0.3105    0.4242   0.048    8
49979.083   -0.453327139541    0.188600399298    0.6643    0.9982   0.343   10
49979.086   -0.240004351081    0.224902799584    0.2201    0.4060  -0.040   29
49982.081   -0.673845623663    0.750301199570    0.5112    0.6756  -0.356    6
49986.085   -0.470567962541   -0.410997600753    0.3975    0.8363   0.037    8
49987.253   -0.142413092940   -0.227700000455    0.2836    0.6800  -0.153   28
49993.167   -0.251100062870    0.472301999910    0.3010    0.3106  -0.019    9
49993.167    0.005547881459    0.020602799466    0.1639    0.3368  -0.500  109
49994.252   -0.039425037487   -0.327297600222    0.1975    0.5746  -0.093   16
49996.085    0.549720410322   -0.316598400296    0.4491    0.4644  -0.290   11
50000.085    0.270438475791   -1.898499600728    0.4275    1.8637   0.227    7
50001.250    1.136466048788   -2.448198000327    0.4970    1.1075  -0.299   17
50003.083   -0.584047290938    0.770803199668    0.4214    0.9966   0.253   10
50008.252    0.130270426810   -0.270399600311    0.2967    0.4590  -0.124   15
50014.001    0.452726381934    0.597801599422    0.3143    0.4936  -0.239    7
50015.250    0.155904983962    0.430901999682    0.2347    0.4889   0.087   25
50022.252    0.173296942238    0.468802799780    0.1775    0.4472  -0.045   26
50029.250    0.242404160424   -0.209599200396    0.2545    0.5923  -0.155   22
50029.253   -4.681682452292   -5.026698000243    0.2960    0.4303  -0.451   13
50031.416   -0.937235908957   -1.888297200203    0.3203    0.5877  -0.183   91
50035.002   -1.004396723627   -0.211298400377    0.4672    0.6794   0.190   10
50036.252    0.216769552144    0.443401199757    0.1719    0.3844   0.211   28
50038.085   -0.289776786456   -0.028897200632    0.2589    0.2559  -0.181   35
50042.041    0.080951295004    0.351201599802    0.3578    0.3692  -0.359    6
50043.250   -0.206875457825    1.076302799685    0.2381    0.5071  -0.180   16
50050.252    0.082599109209    0.210200399486    0.2867    0.5600  -0.381   10
50057.250   -0.208375766864    0.077803199883    0.2114    0.5797   0.001   14
50058.335    0.442382563027   -0.275997599974    0.3580    0.7111  -0.384   63
50058.397   -7.925731296092   -5.719500000012  149.3293  189.9485  -0.263    9
50059.419    0.125625624637   -0.388299600473    0.0889    0.2091  -0.472  110
50064.252    0.071506976401    0.120801599923    0.1847    0.4292   0.083   22
50065.333    0.039126499302   -1.804798800009    0.3015    0.8466  -0.115   11
50070.041   -0.451977965777    0.843400799599    0.5260    0.6674   0.159    5
50071.250    0.158153658030    0.048200399672    0.2491    0.3890  -0.128   14
50078.252   -0.105387762540    0.369500399877    0.1837    0.3322  -0.180   27
50084.998    0.307316249898   -0.403398000604    0.2317    0.4656  -0.173   76
50085.250   -0.259644932297    0.132001199571    0.2604    0.4570  -0.058   25
50092.252   -0.070758611373   -0.769399200351    0.2419    0.5621   0.127   27
50099.254   -0.634719175489   -0.075697200508    0.2492    0.5122  -0.062   14
50106.252   -0.129522010653    0.256701599977    0.2682    0.5890  -0.085   22
50108.082   -0.709971504888    1.035899999380    0.5476    0.4838  -0.531   15
50112.085   -0.008393734151    0.472903199800    0.1891    0.2654  -0.403   34
50113.250    0.340894867742   -1.081098000721    0.4523    0.8452   0.190    9
50119.083    0.492003914255    0.587001599328    0.7425    0.6971  -0.274   18
50120.252    0.132968774337    0.495899999464    0.1695    0.3693  -0.114   39
50121.333   -0.671744505889   -1.258398000203    0.3783    0.6114  -0.243   64
50122.662   -0.889564642485    3.651800399673    1.2330    1.7198  -0.194   11
50127.254   -0.012441306571    0.859301999956    0.2840    0.7215   0.005   12
50129.084    0.019338361793    1.808099999323    0.4754    1.3418   0.035   13
50134.252    0.060112624172    0.103903199644    0.2280    0.4077  -0.012   19
50136.085    0.006145111212    0.630802799595    0.1304    0.2972  -0.253   64
50141.250    0.211973665824   -0.333000000374    0.3338    0.4211  -0.334   16
50147.043   -0.168799594102    0.867801599380    0.3745    0.4064  -0.123    8
50148.252    0.066261365494   -0.465796800331    0.1753    0.4008  -0.060   24
50149.333    0.324704629192   -0.173998800168    0.2001    0.2937   0.102   73
50153.877   -1.340941748398   -0.218397600005    1.2874    1.1027   0.353    3
50153.877    0.043774880457    1.162799999488    0.4702    0.6657  -0.072    9
50155.250    0.438637261159    0.973601999821    0.2421    0.4194  -0.188   20
50155.831    0.196830381616    2.223302399784    0.3661    0.6833  -0.657   45
50156.331    0.609084669465  -18.259297200629    3.6523   15.0536  -0.193    6
50162.252    0.111684009027    0.873601199380    0.2815    0.5679  -0.046   11
50163.337    0.146762884782    0.020699999315    0.1146    0.1365  -0.180  397
50169.250    0.437737760855    1.098601199612    0.1816    0.3929  -0.160   23
50176.252    0.302819004019    0.658501199968    0.2117    0.5472  -0.011   18
50183.250   -0.064311280738    0.300301199907    0.2011    0.6009  -0.106   25
50189.039    0.234607604898    0.284500799719    0.5906    2.1379  -0.762    4
50190.252    0.309115199378   -0.198496800596    0.3584    0.7652  -0.203    9
50197.250   -0.519887094347   -0.030999600487    0.3780    0.9446   0.487   11
50197.250   -0.198780364115   -0.524898000265    0.2360    0.5921  -0.173   13
50199.420    0.328752150483    0.479501999706    0.3753    0.9847  -0.216   30
50204.252   -0.035679684490    0.527702399378    0.2850    0.5461   0.226   18
50211.250   -0.773383336450    1.065200399886    0.4143    1.0520  -0.521    9
50218.252   -0.038975312899    0.393202799920    0.2627    0.5571   0.071   21
50219.333   -0.224263837120   -0.515998800488    0.3021    0.5187  -0.279   45
50224.041    0.241504660120   -0.308599200594    0.6161    0.7442  -0.014    8
50225.250   -0.027584590779    0.149601599908    0.3440    0.6092  -0.271   18
50226.401  -90.856721809922  -11.082600000112  175.2047  190.9251  -0.139   33
50232.252   -0.336246435459   -0.546897600007    0.4315    0.7499  -0.238    8
50233.337   -0.460673919351    0.549802799288    0.7823    0.7156  -0.442    9
50234.418    0.023835658800    0.835700399282    0.1925    0.2944   0.017   30
50238.085    0.442235057862    0.453002399592    0.2401    0.3577  -0.173   32
50239.250    0.034028342432   -0.496897200186    0.2875    0.5602   0.081   23
50242.333   -0.131921768867   -0.407199600438    0.3081    0.6014  -0.474   45
50245.050   -0.200129537878    2.246803199490    0.9212    1.4906  -0.462    5
50246.252   -0.353487258460   -1.855699200703    0.3079    0.6241   0.070    8
50247.436    2.458821430532   -2.797599599980    0.3690    0.6847  -0.396   37
50248.520   -0.264890543205   -0.049996800300    0.0875    0.2445  -0.079  105
50253.254    0.306866525310    0.931100399981    0.3028    0.7443  -0.008   14
50255.288   -0.487355481973    3.095099999495    0.3966    1.0831  -0.074   15
50260.252   -0.518239280142   -0.440798400181    0.2075    0.4653  -0.067   29
50262.086    0.066559954806    0.005000399295    0.1263    0.2433  -0.384   49
50267.250   -0.319156696605   -2.726697600508    0.4082    0.9454   0.326   12
50274.252   -0.090694202919    0.344102399374    0.2574    0.5209   0.099   14
50276.166    0.272687098731    0.030002399765    0.1316    0.4078  -0.335  175
50276.170   -1.464318698967   -2.895998400287    0.8129    2.4260   0.714   27
50280.041    0.165500437840   -0.943898400241    0.3956    1.3140   0.355    5
50281.250   -0.305067575830   -0.341798399983    0.3731    0.6317   0.092   10
50282.335    0.178542553146   -0.468597600722    0.4082    0.5787  -0.096   26
50287.083   -0.958822944818   -0.199598400208    0.9216    2.8265   0.760   11
50287.083   -0.079450985965   -0.180997200427    0.2924    0.4370  -0.297   12
50288.252    0.044674329633    0.608900399701    0.2817    0.6408  -0.129   15
50290.086   -0.063260696287    0.292701599758    0.1625    0.2271  -0.281   42
50295.254   -0.623623463700    0.466199999405    0.4904    0.5630   0.242    8
50302.252   -0.179290867046    0.366001199748    0.2871    0.6143   0.140   13
50308.041   -0.497551744586   -0.695797200656    0.3325    0.4839  -0.008   10
50309.250    0.030430494600    0.038102399635    0.2767    0.5822  -0.114    9
50316.252   -0.093993410310    0.011901599706    0.1890    0.3588   0.109   29
50322.082    1.103786931248   -6.412298400260    1.9635    5.3521   0.707   13
50322.085   -0.080350435141    0.120401999570    0.1278    0.4547   0.279  190
50323.250    0.314659450726    0.188200799744    0.2763    0.6040  -0.137   15
50324.332   -0.132821269172   -0.063000000416    0.0796    0.1853  -0.356  291
50329.168    0.852237143790    1.382000399719    0.2496    0.8265  -0.177   16
50330.252   -0.251247568036   -0.275896800606    0.2467    0.5363  -0.033   20
50331.323   -0.145561165055    0.089801999437    0.2175    0.6493  -0.208   20
50332.323   -0.023835658800    1.416902399409    0.2654    0.7359  -0.298   12
50333.335   -0.293223499012   -0.425098800161    0.2360    0.7608  -0.207   19
50336.104    0.333098363344    0.689601599824    0.3710    0.6543  -0.291   65
50337.251   -0.371627530636    0.928601999295    0.2598    0.5110  -0.102   12
50338.335   -0.110633373447    0.302101199257    0.3026    0.6258  -0.318    7
50343.168   -0.092345596105   -0.117198000105    0.2417    0.6638  -0.297   20
50344.252    0.437288036267   -0.171298800744    0.2290    0.5415  -0.027   25
50345.323   -0.250348118860    1.387601999703    0.1780    0.6311  -0.162   18
50346.323    0.075403464674    0.251099999993    0.1896    0.5653  -0.197   13
50347.335    0.057115636204   -0.019699200671    0.1424    0.4585  -0.252   24
50349.874    0.367878649786   -0.383299200379    0.4397    0.6276  -0.353   13
50351.254    0.276583587003    0.530200799265    0.2038    0.5932  -0.142   19
50355.334    0.188587731611   -0.208198800600    0.1106    0.2084  -0.344   95
50357.168   -0.127424471860    0.815803199394    0.1901    0.6374  -0.337   28
50358.252   -0.447030944182    0.143503199723    0.1903    0.4764  -0.082   32
50359.323   -0.289175926593    1.096502399278    0.1908    0.5991  -0.290   16
50360.323    0.039425088615    0.163501199779    0.1829    0.5063  -0.170   13
50361.335   -0.003299207391    0.945100800021    0.1666    0.5937  -0.205   23
50364.085    0.033128893256    0.707101199993    0.6747    1.2529   0.089    7
50365.254    0.942783841544   -0.098798400661    0.2716    0.5749   0.014   17
50366.956   -0.105236627264    0.538001999750    0.5651    0.6434  -0.420    7
50371.168    0.048869407218    0.226501199396    0.1740    0.5860  -0.210   21
50372.252    0.011991581983   -0.492699600319    0.2215    0.3856   0.076   20
50373.323    0.081552154867   -0.174297600353    0.1636    0.5763  -0.191   22
50374.323   -0.114231221279    0.691001999620    0.2104    0.7047  -0.392   16
50375.335    0.023986794076   -1.170698400621    0.1859    0.6255  -0.384   19
50379.251   -0.005098105742   -0.356896800113    0.2979    0.5159  -0.181   14
50386.252    0.776981235410    1.379800800017    0.2240    0.5108   0.110   20
50387.334    0.362632987750   -0.186598800411    0.0455    0.1820   0.048  353
50391.096    2.639760162911   -0.420897599973    2.0128    1.6714  -0.601   17
50392.166   -0.052916928509    0.506901599895    0.2045    0.7228  -0.246   15
50393.251   -0.039576172762   -0.884199600737    0.2580    0.5575   0.142   12
50394.321    0.080202929975    2.203401599576    0.1951    0.6651  -0.288   10
50395.322   -0.027883180092   -0.220698000675    0.2092    0.6753  -0.335   18
50395.322    0.141063919176    0.248702399475    0.0703    0.1523  -0.098  270
50396.333   -0.119178242874    0.403603199661    0.1835    0.5210  -0.370   18
50396.333    0.096990449407    0.089999999453    0.0727    0.1566  -0.080  251
50399.164    0.113180687956   -0.823899600544    0.2066    0.3060  -0.333   29
50399.168    0.060414843594    0.847000799897    0.1932    0.6137  -0.175   15
50400.252   -0.271636514280    0.503801999319    0.2711    0.5391   0.224   17
50401.323    0.148259614839    0.819201599356    0.1631    0.6726  -0.326   29
50401.323   -0.059515343290    0.300401999276    0.1090    0.2651  -0.264   81
50402.323    0.170447459435    1.016002799492    0.1527    0.5754  -0.310   15
50402.323    0.037928409686   -0.203400000043    0.1061    0.2573  -0.191  111
50403.335    0.250797894576    0.777200399238    0.1588    0.5746  -0.259   27
50403.335   -0.237906812289    0.372002399285    0.0764    0.1739  -0.092  254
50407.247    0.357685966155    0.783899999313    0.2696    0.5776  -0.049   17
50408.346   -0.104488313364    0.673199999746    0.3795    0.7144  -0.195   11
50409.417    0.345690754062    0.257500799883    0.1293    0.2153  -0.270   35
50413.168    0.204177161426    0.148003199296    0.1217    0.2309  -0.236  198
50414.253    0.281080884011   -0.175197600427    0.2170    0.5221  -0.041   22
50420.166   -0.094594270173    0.987001199970    0.1881    0.4119  -0.014   49
50421.251    0.289175977721    0.630403199242    0.3208    0.8607  -0.018   14
50422.332    0.007044560388    0.339703199970    0.0753    0.1545  -0.364  213
50423.420    0.379121866740   -1.369098000570    0.7282    0.9328  -0.121   41
50427.055   -0.108384750508    0.105400799288    1.1242    0.8505   0.070    8
50428.249   -0.435938811375    0.956700000021    0.2667    0.4266  -0.195   26
50435.251    0.248998945096    0.171601199650    0.1734    0.4435  -0.122   18
50441.084    0.490654740492    0.939502799557    0.3852    0.9472  -0.044    6
50448.254    0.432038795249   -0.641296800463    0.3792    0.9707   0.001    6
50456.253    0.189487180787   -0.103996799972    0.2238    0.4781  -0.131   11
50457.272    0.308215750202   -0.131698800665    0.5195    1.4541  -0.635    5
50459.832    0.147212609369    0.109900799661    0.1399    0.2594  -0.040  109
50463.254    0.258893039415   -0.153198000685    0.2230    0.4293  -0.028   23
50470.253    0.318858107293   -0.393998400305    0.2750    0.5172  -0.229   26
50471.272    0.553318207025    1.537199999291    0.3226    0.5268  -0.320   17
50477.251    0.248099495920    0.217303199435    0.1921    0.4706  -0.006   19
50477.251   -0.275234362111    0.725900399789    0.2688    0.5705  -0.128   11
50478.332    5.621616811033    7.280402399346   14.5140   16.3652   0.975    3
50484.253    0.328302425896   -1.167397200508    0.3407    0.7178  -0.283   12
50485.907    0.028484091083    0.330901199241    0.5571    0.5308  -0.123   13
50490.082    0.076155408684    1.201003199292    0.3389    1.4044  -0.085    8
50491.251    0.276133862415    0.521600399672    0.2477    0.6098   0.035   12
50491.251    0.609833034494   -0.388299600473    0.3571    1.0026  -0.463    8
50492.825    3.771279190104    1.445803199562    0.2923    0.3639  -0.222   10
50498.253    0.065361865190    0.529102799973    0.3752    0.6210  -0.034    9
50505.251    0.792872833519    0.169102799763    0.3607    0.4995  -0.043    9
50505.251    0.146313160194   -0.168598800521    0.3584    0.7899  -0.168    6
50512.253    0.395610745731   -0.499399200393    0.3854    0.7691  -0.415    8
50519.251   -0.281080832882   -1.572796799998    0.2746    0.7677   0.218   13
50519.255    0.428743217968   -0.252597600436    0.5030    1.2378  -0.515    3
50525.102    0.763791563810    0.660502799654    1.2212    1.5321  -0.406   33
50526.253    0.006745971075   -0.072597600731    0.2506    0.5239  -0.392   12
50527.272   -0.098940431905    1.118102399467    0.2834    0.6833  -0.140   11
50531.998   -0.510442775744   -0.478897200296    0.4159    0.5021   0.280    7
50533.251    0.536376024466   -0.269899200589    0.2938    0.5195  -0.013   14
50533.251    0.168349920643   -1.308398400024    0.3889    0.8218  -0.286   12
50539.172   -0.676241802897   -1.079398800741    0.0616    0.3110   0.223  205
50540.253   -0.225314370443   -0.061696800469    0.2323    0.5007  -0.154   12
50541.272    0.044972970074    0.318103199781    0.3347    0.7899  -0.221   11
50547.251   -0.405655821940   -0.788097599980    0.2286    0.6386   0.201   13
50547.251    0.355437292087    1.305500399784    0.5233    1.4748  -0.685    5
50554.253   -0.062361247111    0.710902799828    0.2530    0.8235  -0.050   13
50555.272    0.493651728460    3.888100799720    0.4699    2.0179   0.446    8
50560.082    0.197431190351   -0.674398800005    0.3316    1.0246  -0.254   14
50568.253   -0.195783376146    1.183499999602    0.2717    0.5527  -0.244   17
50569.272   -0.085448540883    1.063303199889    0.4283    0.9483  -0.245    7
50575.251   -0.466667946416   -4.460497200398    0.9494    3.8300   0.899    8
50575.251   -0.183039799025    4.561300799466    0.7800    4.0181  -0.840    4
50575.751    0.685088942874   -0.613198800536    0.1972    0.3878  -0.166   90
50582.253   -0.557365728317   -0.097898400586    0.3828    0.8371  -0.363    7
50588.082   -1.592642671132    4.882100399950    0.0722    0.2022  -0.209  256
50589.251    0.070006667362   -0.623098800556    0.2418    0.6161   0.257   14
50589.251    0.697681333592   -1.161698400676    0.4800    1.0276  -0.112    4
50596.253    0.067610539257   -0.533898000210    0.2982    0.6247  -0.330   11
50601.998   -0.299069969784   -1.114797600632    0.5122    2.2225  -0.071    4
50603.251    0.087697266079   -0.290898000088    0.2391    0.4963   0.181   18
50603.251   -1.250096461332    3.661001999955    0.7735    3.6058  -0.811    4
50610.253   -0.641763735877   -1.161097199986    0.4251    0.8797  -0.212   11
50616.086  -22.433100488779  -26.981499600165   18.9832   19.3548   0.988    4
50617.251   -0.056216135899   -0.766299600574    0.2780    0.5205   0.104   14
50617.251   -0.283628096263    1.952402399752    0.7100    3.0061  -0.743    6
50624.253    0.206127195053    1.412999999406    0.3890    0.8287  -0.295    6
50631.251   -0.051420249580   -0.588398400403    0.3983    0.5895   0.022   14
50631.251    0.492155049531   -4.234500000244    0.5305    2.7051  -0.803   15
50638.253    1.104535296277    0.471801599389    0.4584    0.9467  -0.318    7
50639.272   -0.715220745905    0.316702799985    0.6108    1.2164  -0.082    8
50643.998    1.223864674426   -2.745496800305    0.7154    3.7521  -0.245    5
50645.251   -0.087247490363   -0.194698800282    0.2723    0.5689   0.023   14
50645.251   -1.171696008690    4.863401999522    1.1594    3.7369  -0.893    6
50652.253    0.421396438158    1.881500399481    0.3282    0.9538  -0.201   11
50653.272    0.164600937536   -2.934997200477    0.6258    3.2896  -0.656    4
50654.331   -0.775632010518   -0.886698000624    0.0920    0.2440  -0.113  133
50659.251    0.578650595884   -0.945198000668    0.2709    0.6100   0.215   14
50659.251   -0.061012073348    2.036401199668    0.3770    1.3431  -0.685   15
50665.168   -0.256644314219   -0.536698800602    0.3759    0.8576  -0.162   19
50666.253    0.060562348760    0.255103199365    0.2464    0.8830  -0.355   18
50671.998    0.750148588641    0.369701999414    0.7098    2.1347   0.137    7
50673.251   -0.010944576513   -0.726897600511    0.2996    0.4725   0.070   10
50673.251   -0.643861274669    1.899802799876    0.7473    2.4564  -0.643    6
50680.253    0.038226998998   -1.146099600025    0.2553    0.9515  -0.402   18
50681.272   -0.114832081142    0.963899999817    0.4726    1.6364   0.338    4
50686.083    5.122866976831    6.049000799457    7.9674    7.8003   0.929    5
50687.251    0.048721902052   -0.406299600364    0.2603    0.6109   0.113   15
50687.251   -0.302516733468   -1.442599200097    0.4653    2.4812  -0.376    5
50694.253    0.597240592648    0.838303199657    0.3039    0.8909  -0.252   17
50695.272   -0.160851954429    0.689000399934    0.6756    1.1773  -0.301    6
50700.090   -0.169699043278    1.085900400000    0.0983    0.4393  -0.435  173
50701.251    0.086646681628   -0.145396800200    0.2760    0.6743   0.127   13
50701.251   -0.025785641299   -0.177796800482    0.2753    1.1425  -0.362   22
50707.000    0.919696547772   -0.712396800751    0.9764    0.9000  -0.082    7
50708.253   -1.970865088696    6.282302399896    0.8940    3.2756  -0.747    5
50715.251   -0.299818334812   -0.436597199993    0.2868    0.5752   0.256   18
50715.251   -0.750598262101    1.691002799387    0.7509    2.1520  -0.850    6
50722.250   -1.150706253711    2.550502799359    0.5653    2.0994  -0.742    6
50728.167   -1.437036327611    0.374803199676    1.3471    0.7907  -0.704    5
50729.251    0.643861325798   -0.924699600091    0.4116    0.9208   0.211    8
50729.251   -0.177794188117   -0.696600000083    0.5108    2.3083  -0.695    8
50736.253   -0.039727256909    1.319601599992    0.3034    1.0364  -0.275   25
50742.167    0.251247619164   -0.464497200703    0.3462    0.4649  -0.129   27
50743.251   -0.323355353172   -1.195297200418    0.2818    0.6658   0.101   18
50743.251   -0.232959790694    1.542502799889    0.3111    1.1862  -0.394   17
50750.253    0.438036401295   -1.490799600568    0.4116    2.1151  -0.628    5
50751.272    0.482261006340    1.085101199294    0.3459    1.1941  -0.156   11
50752.196   -0.516440381791   10.660701599896    0.8204    1.2282  -0.030   40
50757.251    0.565158704861    1.494601199603    0.3390    0.6307  -0.105   14
50757.251    0.639065439478   -0.740998800719    0.3030    1.1187  -0.555   19
50764.253    0.278533569502    0.354599999763    0.3692    1.0649  -0.413    7
50770.002   -0.161751454733    0.037000800024    0.3552    0.4439   0.016    9
50771.252    0.387666736167   -0.724499999993    0.3669    0.5493  -0.169   11
50771.252    0.242253025149   -0.524498400711    0.2829    1.0574  -0.531   16
50773.085   -0.244652732236   -0.125899200665    4.6449    3.2522  -0.946    8
50777.001   -0.456025538196   -0.477597600668    0.3935    0.5439   0.158    6
50778.253    0.410901535104    0.102902399401    0.2456    0.9303  -0.090   18
50785.252    0.057716496067    0.074800799954    0.3287    0.6545   0.231   15
50785.252   -0.528133323333    1.229702399907    0.3762    1.5693  -0.424    7
50791.085   -1.759190063313   -0.215197200060    0.8062    0.9766  -0.232   33
50792.250    0.378071282289    0.487900799762    0.3133    0.9092  -0.286   10
50793.272    0.398460228533   -0.726598800327    0.2241    0.5410  -0.045   17
50797.999    0.096242084378   -0.198698400133    0.3591    0.6845   0.153    9
50799.219   -0.502646271346   -2.061298800449    0.2605    0.6760   0.229   10
50799.252    0.086646681628   -1.595599200765    0.5259    1.7216  -0.811    7
50800.340   -0.112281187652   -0.101498400085    0.0648    0.1262  -0.173  220
50805.085   -0.311212687042   -2.326298400313    0.2429    0.8302  -0.175   21
50806.166   -0.245401097264    1.223002799833    0.3052    0.7015  -0.170   11
50813.168   -0.273435412631   -0.193597200671    0.2779    0.4902   0.115   15
50813.168    1.165849589047   -5.112198000123    0.6030    2.7496  -0.834    8
50820.250   -0.047671266473    0.532000799414    0.2925    0.9626  -0.366   11
50826.171    0.304916491683    0.385700399619    0.2324    0.6410  -0.126   24
50827.252    0.315260310590    0.204901200007    0.4801    1.8376   0.753   15
50827.252    0.756743373313   -2.214496800335    0.6151    2.9299  -0.823   10
50834.254    0.074356459204   -0.885798000549    0.2569    0.8357  -0.282   15
50840.167    0.120977192354   -0.655898400392    0.4276    0.9865  -0.046   19
50841.252   -0.386767235863    0.094201199641    0.6649    4.1794  -0.738    5
50843.001   -0.319606421193    0.060400799562    0.5307    0.7028   0.317    4
50847.001    0.607285719985    0.465101999314    0.5521    1.0279  -0.499   47
50848.254    0.320808140920    0.377200799395    0.3419    1.0800  -0.342    5
50854.079   -0.137466071344    2.298103199738    0.1094    0.9747  -0.327  127
50855.252   -0.030732662894    0.110800799735    0.6086    2.4237  -0.840    9
50857.001    0.212272255137    0.176101200022    0.3111    0.8359   0.064    9
50862.254   -0.028181820533   -0.318898800167    0.2944    0.7255  -0.200   13
50869.252    0.115429362024   -0.184698000094    0.2963    0.6233  -0.150   21
50869.252    0.477313984745    0.046799999875    0.3911    0.7230  -0.058    8
50876.254    0.018737553058   -0.206697600635    0.2247    0.6140  -0.006   25
50883.252    0.116929671063   -0.232200000028    0.3208    0.6502  -0.117   12
50883.252   -0.022187844596    0.737503199311    0.3059    0.6201  -0.088   11
50884.271   -0.166698476328   -0.838098000600    0.4516    0.8536   0.101    7
50890.254    0.140466689423   -0.067996800190    0.2894    0.5532  -0.102   18
50895.999   -0.652557279372    1.033300799325    0.7198    0.6909   0.157    5
50897.252    0.474763091255    0.519501599339    0.3646    0.6399  -0.206   18
50897.252    0.464271818311    1.049302799849    0.4165    0.6847  -0.095    7
50898.271    0.159805051216   -0.362797200282    0.2229    0.6435  -0.171   29
50904.254    0.089794804872    0.307501199703    0.4494    0.6477  -0.073   10
50905.916   -0.586598133300   -0.421297200326    0.5569    1.0663   0.154   34
50911.252   -0.314659399598    0.391003199418    0.2999    0.5217   0.072   13
50911.252   -0.094892859486    0.661402799729    0.5544    0.8713  -0.082    3
50912.271   -0.275532951424   -0.416700000105    0.2969    0.8711   0.202    7
50917.001    0.500998508270   -1.698598800015    0.6912    0.9133   0.098    4
50918.254    0.501149643545    0.019400399687    0.3018    0.6502   0.200   18
50919.324    0.053668923647    2.624302799870    0.0857    0.2131  -0.290  105
50923.999    0.426044819312    5.334901200005    2.2665    3.2796  -0.440    9
50925.252    0.456025589325    1.827701999346    0.6783    2.3771   0.622    4
50925.252   -0.159204191352   -0.483897600390    0.6575    0.9915  -0.108    9
50926.271   -0.149608737475    0.867103199642    0.2846    0.5619  -0.215   24
50932.254    0.708474825958   -0.491097600186    0.2626    0.6306  -0.135   12
50937.999    0.235359600037    0.033800399279    0.6142    0.4416  -0.144   10
50939.252   -0.891813265424    0.053999999672    0.4393    0.6168  -0.187   14
50939.252    0.255597411006    0.731001599252    0.3627    1.1827  -0.406   11
50940.271    0.084099418248    0.858103199697    0.2522    0.7864  -0.186   23
50946.254   -0.247649720204   -0.361098000301    0.3596    0.7201  -0.323   18
50953.252    0.766338827191   -0.282099600479    0.4316    0.6337  -0.067   17
50953.252   -1.179039209518    0.505601999468    0.6434    1.0262  -0.394   12
50954.271    0.486905808513    0.199900799913    0.2268    0.5025  -0.061   22
50960.254    0.199830948566    0.393501599305    0.2817    0.6242   0.065   16
50967.252   -0.874874661846   -0.782596800164    0.4743    0.6764   0.127   15
50967.252    0.096990449407    0.562301999363    0.4855    0.6281  -0.405    9
50974.254   -0.354235572360    0.796600799724    0.2265    0.4000  -0.143   36
50979.999    1.269884598841    0.448801199404    0.4609    0.5427   0.032    9
50981.252    1.265837026422    0.343601999653    0.6049    0.7961  -0.208   11
50981.252    0.553167122878    1.310702399415    0.5067    0.7988  -0.168    8
50982.271   -0.357236190438   -0.606600000630    0.3716    0.3595  -0.355   28
50986.997    1.895310591003    1.446501599300    1.7316    1.5102   0.048   35
50988.254   -0.607735444573    0.006101999706    0.3398    0.5079   0.003   11
50989.324    1.441083951158    0.885103199533    0.1157    0.3438  -0.206  135
50994.167    1.581097285883    6.941602799770    1.0787    3.2919   0.139    9
50995.252   -0.335796710871   -0.412797600102    0.5407    0.9911   0.072   10
50995.252   -0.002547263380    0.162601199705    0.6235    0.8816  -0.006    8
50996.271    0.761992614331    0.630201599705    0.3408    0.6796   0.075   18
51002.254    0.338495109527    0.553100399880    0.2134    0.4092  -0.037   36
51007.959    0.988055400930   -1.227499200684    0.4421    0.7455  -0.065    7
51009.252    0.345093524308   -1.603998000022    0.5703    0.8405   0.108   18
51009.252    0.669495882950   -0.730198800625    0.6543    0.8208  -0.426   11
51010.271   -0.970066161772   -0.142696799976    0.5807    0.4228  -0.651   21
51016.250   -0.310762962454    0.351201599802    0.5888    0.5799  -0.341   14
51023.252    0.574603023464   -0.371098800489    0.3907    0.5089   0.050   19
51023.252   -0.728712636927    0.144500399646    0.4623    0.6484  -0.448   18
51024.268   -0.625573497327   -0.582699600571    0.3818    0.9476  -0.346   22
51030.254    0.909802504582   -2.601597600549    0.5283    0.6712  -0.226    7
51036.087   -0.347342147248    3.016303200010    0.1849    0.3253  -0.330   77
51037.252   -0.884768705036    0.886499999808    0.4800    0.8603  -0.095   11
51037.252   -0.296670211569    0.561599999305    0.4329    0.8913  -0.146    6
51042.998    2.836442988233    2.185502399854    1.2893    2.2400   0.349   26
51044.254    0.502948541897   -0.881298000177    0.3399    0.6204  -0.011   13
51049.999    0.368778098962    0.312901199351    0.4785    0.5307   0.102    9
51051.249    0.117228260376    1.201301999476    0.5208    0.8118   0.179   23
51051.252    0.461720924821   -0.325800000578    0.4071    0.5991  -0.226   12
51052.271   -0.887614608858    0.174103199857    0.4920    0.7009  -0.390   14
51058.254   -0.215870051840    0.228599999730    0.3195    0.6031  -0.091   15
51065.252   -0.177643052842   -0.524898000265    0.3215    0.5735   0.131   17
51065.252    0.225015781130    0.115102799292    0.3054    0.5265  -0.124   13
51072.250   -0.344492664445    0.055799999821    0.3650    0.4604  -0.003   13
51079.249    0.016039154402    0.435002399701    0.3804    0.5638  -0.021   14
51079.252   -0.289024842446    0.016102799894    0.3299    0.5592  -0.292   14
51085.001   -0.472514417187   -0.230497200526    0.3759    0.5266   0.120    9
51086.254    0.326053802956    0.026600399483    0.2524    0.4585  -0.151   17
51088.084    0.354836483352   -1.211400000312    0.0837    0.2272  -0.257  270
51091.999   -0.132821269172   -0.449298000404    0.4283    0.6561   0.109    5
51093.252    1.002148100687    0.906501599385    0.6677    1.0582  -0.230   17
51093.252   -0.406404186969   -0.212299200619    0.6180    0.8141  -0.408    5
51094.271    0.052618339196   -0.093297600046    0.2572    0.3838  -0.272   48
51098.998    2.402155570044    0.342601199410    1.8047    2.5066  -0.296   13
51100.250    0.364129666679    1.651499999955    0.3061    0.6262  -0.068   13
51107.249    0.582248392587    0.987703200028    0.3906    0.6035  -0.104   13
51107.252    0.593491660669    1.910800799987    0.4354    1.1591   0.146   14
51108.271   -0.380470989376    0.224402399862    0.2467    0.6083  -0.165   28
51114.251   -0.205375199914   -0.157798800426    0.2456    0.5454   0.059   31
51115.712   -0.197582274498   -0.302997600610    0.4851    0.4974   0.069   16
51120.000    6.709961817632   17.542900800027    3.5322   10.3693   0.981    3
51121.249    0.687636206255   -0.181800000654    0.7645    1.1385  -0.674    3
51122.268   -0.397560728229    0.083401199547    0.3896    0.8932  -0.435   10
51123.353   -0.213171704312   -0.978998400747    0.3829    0.8181  -0.328   17
51128.251    0.543722804276    1.108601999800    0.3021    0.6719  -0.065   17
51130.457   -0.168497374680   -0.000097200648    0.5035    0.4239  -0.105   13
51135.249   -1.640011769310    2.941199999551    0.8479    4.4101   0.251    4
51135.252   -0.437136900991    0.723902399624    0.3603    0.6151   0.100   11
51142.251   -0.160851954429   -0.156499199999    0.2346    0.5714  -0.120   18
51149.249    0.392613757762    1.244800799238    0.3567    0.7235   0.043   15
51149.249    0.079001261377    0.848001599341    0.2498    0.5962  -0.049   14
51155.001    0.344492715573    1.272103199579    0.5478    0.7691   0.181    6
51156.251    0.238507672152    1.130101199820    0.2516    0.6052   0.057   15
51163.249    0.869175747369    1.374299999402    0.6817    2.5790   0.777    9
51163.249   -0.186788782132    0.185601599689    0.2456    0.5452   0.023   11
51164.271    0.265491454196   -0.773298000034    0.2890    0.5569   0.022   17
51170.251   -0.174045256138    0.681602399322    0.2607    0.4970  -0.194   22
51176.164   -0.330702132982    0.758501999609    0.4125    2.0292  -0.453   14
51177.249    0.785677188984   -1.184698800660    0.6829    1.4093  -0.168    9
51177.249    0.462771509272    0.658900799522    0.4386    0.7926  -0.099    6
51184.251    0.008393785280   -0.038296800131    0.2050    0.5027  -0.026   18
51191.249    0.177794239245    1.777402799341    0.3832    1.0534   0.111   15
51191.253    0.105085594245   -0.078098400547    0.1989    0.5392  -0.070   19
51192.272    0.165651521987    0.765899999422    0.5120    0.9603  -0.250    4
51198.251    0.066858595247    0.625701599333    0.2418    0.5829  -0.085   14
51205.249   -0.647311617335    0.531899999245    0.3321    0.5876  -0.227   17
51206.272   -0.981309429855    9.223300799910    1.5852    8.8822  -0.881    3
51207.042    1.118476911887   -0.884498400122    0.6426    0.5920  -0.373    5
51212.251   -0.497102019998    2.318000399626    0.6653    0.8562  -0.262    5
51214.179    0.806213640394   -1.448100000712  198.6306  198.6300   0.004    6
51219.249    0.153958580445   -3.601699200484    0.6210    1.6067   0.294   26
51219.249   -0.142715312362   -0.117799199995    0.2343    0.4580   0.011   15
51224.918    0.063861607279    0.650401199298    0.7117    0.7511   0.241    6
51226.251    0.003597847832   -1.177898400417    0.2480    0.4549  -0.001   25
51228.000  -22.622735174732   14.271501599694    4.5315    3.0611  -0.982    5
51233.249    0.304765407536    0.256499999640    0.3699    0.9393   0.037   21
51233.253   -0.116929619935   -0.043498800562    0.2945    0.5429  -0.054    9
51240.251    0.228311409539   -0.198496800596    0.3004    0.8325  -0.284    7
51246.084   -0.024436467535   -0.195699600525    0.0780    0.2243  -0.150  109
51247.245   -1.193581633863    0.606902399536    0.5045    1.1989   0.230   18
51247.249    0.208825542580    0.635900399537    0.2557    0.5364  -0.077   12
51254.251   -0.037028909382    0.199601999729    0.2262    0.4569  -0.089   16
51261.249   -0.298918885637   -0.644198400224    0.4827    1.6564   0.341   15
51261.249   -0.513590898988   -1.047898800532    0.2491    0.7519  -0.158    9
51262.268   -0.187238506719    0.466102799557    0.2329    0.7605  -0.075   32
51268.251    0.020536451410    0.382701600010    0.2586    0.6394  -0.168   16
51275.249    0.574603023464    7.868001599842    0.6731    8.2619   0.098    4
51275.249    0.437136952120   -0.246297600714    0.3928    0.9446  -0.403    6
51276.268    0.035978376059    1.146103199545    0.5722    1.3464  -0.451    6
51282.251   -0.167450420338   -0.652197600726    0.2745    0.5699  -0.020   22
51284.084    0.054867013264    0.011001599631    0.0797    0.1988  -0.204  165
51289.249    0.003299258519    0.156700799536    0.3021    0.4882  -0.046    8
51290.268   -0.073154739478   -1.181700000252    0.6173    1.5528  -0.411    6
51296.251   -0.289776786456    1.003701599434    0.2973    0.6972  -0.123   14
51297.270   -0.152907944865   -0.024796800613    0.2738    0.6146  -0.207   17
51303.249    0.310914097729    2.175299999330    0.5811    1.7534   0.536   14
51303.249   -0.218118725908    0.995601599563    0.4755    0.8328   0.077    6
51304.272   -0.630221878482   -2.165698800294    0.4136    1.0678  -0.187   14
51309.086   -0.193534702078   -0.100598400010    0.0866    0.2157  -0.193  133
51310.251    0.218269861183   -0.291999600499    0.2638    0.5229   0.267   17
51317.249    0.271485430133    0.528202799899    0.3954    0.6368  -0.212    7
51324.251   -0.727662052476    0.387899999321    0.3273    0.6072  -0.123   14
51331.249   -2.104283587621    0.865000799788    0.7618    0.8050   0.097   12
51331.249   -0.678940201552    0.020901599651    0.2839    0.6828  -0.203   10
51338.251    0.454075555698   -0.942699599982    0.4161    0.6805  -0.264    8
51345.249    0.207926093405    0.038102399635    0.6426    0.6816  -0.206   15
51345.249   -0.171195773336   -0.234198000193    0.4892    0.7953  -0.619    7
51351.086   -0.487956341836   -1.079596800757    0.2524    0.4088  -0.291  204
51352.251    0.518689055859   -1.970398800122    0.4935    1.8708  -0.508    5
51354.373    3.379266292205   55.234501200019    2.5977   19.7023   0.817    3
51359.249    0.086797765775    1.923602399767    0.8861    1.2312   0.106   20
51359.249    0.560963627276   -0.829198800023    0.3489    0.6894  -0.184    9
51366.251   -1.633416933510   -0.025498800671    0.4522    0.7034  -0.210    3
51373.249   -0.018737501930    1.182599999527    0.4572    0.6765   0.212    9
51373.253    0.229811718578    0.085499999880    0.3456    0.4657  -0.259    9
51374.268   -0.401906889961    3.830803199456    0.6221    1.1980   0.065    9
51380.251    0.624073239417    0.018500399612    0.3434    0.6369  -0.101   16
51387.249  -10.583631731179  -36.318499200050    6.7450   23.4132   0.994    5
51387.249   -0.040475621938    0.289702799350    0.5063    0.6404   0.362    6
51393.082   -0.086499125334   -0.247197599990    0.1198    0.5016  -0.340  123
51394.251   -0.252747877075    1.189101599586    0.3048    0.5289  -0.066   11
51400.084   -1.750346604573   -7.302898800088    0.7366    2.7463   0.698    3
51401.249    0.251247619164    1.829501999495    1.1685    4.1498   0.724   11
51401.249    0.018438912617   -0.255499200197    0.2643    0.5438   0.106   12
51402.268    0.630970294639    0.605501999740    0.7251    1.3494  -0.066    7
51408.251    0.065210781043    0.909201599608    0.2925    0.6572  -0.029   15
51415.249    4.812704823112   15.295802399873    3.3130   10.6280   0.988   11
51415.249    0.749400223613    0.348102000025    0.3099    0.6100   0.154   10
51417.167    4.380813584157   41.363301599873    6.4117   58.7306   0.959    3
51418.164   -5.314153004842  -20.756098800501    3.2440   29.9117   0.909    5
51422.251   -0.579999718519    1.000202399304    0.2966    0.5904  -0.169   19
51429.249    0.423943701538    0.789501599296    0.3203    0.5373   0.005   11
51436.251    0.209124183021    1.635703199288    0.2756    0.5356   0.022   18
51443.249    0.912500852109   -0.442198799977    0.5380    0.5482  -0.152    9
51443.249   -0.480310921585    0.520901999934    0.4068    0.9785  -0.626    9
51449.166    2.130069280048   -1.742299200114    0.3006    0.7818  -0.344   17
51450.251   -0.169997683719   -0.644299200392    0.2525    0.5578  -0.072   22
51457.249    0.529630104519    0.632203199391    0.5975    0.7296   0.412   14
51457.249   -0.365180200002    1.225000799998    0.2980    0.5261  -0.113   10
51464.251   -0.283178371675    0.926801999945    0.2677    0.5700  -0.053   24
51471.250    2.286423988598    6.200902799236    2.2787    7.3584   0.951   11
51471.250    0.147809890251    2.703301199691    0.4036    0.7613   0.283    8
51473.083   -1.055216113343   -0.664797600169    1.0417    2.9377   0.681   10
51475.088    1.081750221928    5.845402799398    1.9754    5.2212   0.771    7
51478.251    0.127723163429   -0.923097600758    0.3084    0.8738  -0.151   10
51484.084    1.069607504669    0.103903199644    0.6821    0.7147  -0.218    6
51485.250   -1.328651577103   -5.132199600499    0.8149    2.5954   0.661   13
51485.250    0.060263759447    2.611799999475    0.5808    1.3448  -0.529    3
51486.272   -0.262940560706    0.279100799272    0.4865    0.6034  -0.249    6
51491.126   -1.466718457182    1.746100799949    3.6199    2.5263  -0.947    8
51492.251    0.052618339196    0.465101999314    0.2429    0.5877   0.146   24
51493.292   -5.972107030396    4.329500399791    1.6254    1.1173  -0.878    8
51494.333    1.775380352990   -1.170000000084    1.1089    0.8146  -0.770   10
51498.084   -0.511342224920    0.388501200010    0.2716    0.4018  -0.188    9
51499.250   -0.123225815294    0.760100399422    0.2675    0.7497  -0.075   14
51499.250   -0.336998379469   -0.225997200154    0.2079    0.5257   0.051   17
51506.251    0.020536451410   -0.158997600685    0.3154    0.5654  -0.042   15
51513.246    0.780129307526   -0.541396800191    0.5108    1.0563  -0.022   11
51513.250   -0.639065388349   -0.072198000378    0.3288    0.5390   0.255   12
51520.251   -0.154106034482   -0.059997600488    0.2325    0.4408   0.049   18
51527.250   -0.318109742264    1.245502799296    0.3125    0.6232   0.364   22
51527.250   -0.003446712556   -1.421899199983    0.2665    1.2122   0.043    3
51528.269   -0.026084281740   -0.949096800351    0.5838    0.8112   0.331   10
51533.086   -0.125024713645   -1.298498400004    0.0567    0.2000  -0.175  184
51534.251   -0.917296738429    0.121802399367    0.4119    0.5817  -0.184   12
51541.250    0.303567317919   -1.772398800526    0.4685    0.8931   0.135   20
51542.269   -0.251398703311   -0.616096799977    0.2781    0.4910  -0.175   16
51548.252   -0.147809839123    0.574300799716    0.2811    0.4848   0.028   22
51555.250   -0.096090949102    0.287600399496    0.2727    0.7475  -0.351   10
51555.253   -0.727363412035    2.409400799674    0.5478    1.7198   0.150    4
51556.269   -0.254546775426    0.689900400008    0.5554    3.1500  -0.645    3
51562.252   -0.219169259231   -0.013298399981    0.2310    0.5395  -0.037   23
51569.250    1.398809379741   -1.803196800676    1.2092    2.2961  -0.931    5
51569.250    0.850139604998   -0.657597600373    0.4176    0.8779  -0.504    7
51575.072   -0.641015421976   -0.675298800079    0.1785    0.3422  -0.228   78
51576.252    0.194283118236    0.485701199260    0.2233    0.4939  -0.049   18
51583.250   -0.297720796020    1.520600399996    0.5102    0.9014  -0.491   10
51583.250    0.037176465676   -0.079599600511    0.3862    0.7132   0.291    7
51584.999   -1.625771564388   -2.844496800503    2.0839    1.5832  -0.887    3
51589.083   -0.154555759070    0.000899999275    0.3621    0.4552  -0.177   10
51590.252   -0.155606343521    0.350301599727    0.3000    0.4480   0.241   24
51597.250   -0.130421510957    0.709001999510    0.5401    2.5123  -0.854    9
51604.252   -0.675644573143    0.204001199933    0.3680    0.4888   0.130   15
51611.250    0.373573985282    0.695700000009    0.7236    1.1733   0.375    4
51617.079   -0.208073547442   -0.269100000683    0.0693    0.1681  -0.124  137
51618.252    0.219018226212    0.016801199632    0.3707    0.4782   0.117   22
51625.250   -0.273136823319   -0.193399200654    0.2358    0.2509   0.102   27
51625.250   -0.453176055394    1.085500799647    0.3635    0.7831   0.037    5
51632.252   -0.187986820620    1.562900399499    0.8864    0.8129   0.070    5
51639.250   -0.415251275818    0.309103199836    0.4759    1.0501  -0.390    7
51646.252    0.007645420251    0.890099999307    0.4013    0.7118  -0.019   10
51653.246   -0.394412604986    0.119602799664    0.2658    0.3057  -0.053   23
51653.250   -1.104085520561    3.409801199794    0.7375    3.2621  -0.870   10
51659.083   -0.328003785455    0.021801599726    1.2647    0.7250  -0.066    3
51660.252   -0.390365032566    0.056699999895    0.4506    0.9345   0.054    5
51667.250    0.797071541214   -4.547498400242    1.3969    5.1406  -0.915    4
51674.252   -0.198481723674    0.034901999690    0.3256    0.7294   0.011   11
51675.267    0.195182567411    1.634601599676    0.6553    1.2332  -0.084    7
51681.250   -2.737052780611   10.299401999259    2.5252    9.8009  -0.986    3
51687.087   -0.454075504570   -0.833997600580    0.0791    0.2220  -0.490  147
51688.252   -0.244051923501    0.336502800025    0.3869    0.5685  -0.094   16
51695.250   -0.665448310530    0.399401999474    0.5129    0.9305  -0.553    9
51702.248   -0.241954384708    0.340300799540    0.3520    0.7556  -0.111   17
51715.708   40.714745859539   11.229101999444    4.5440    5.3610   0.011    4
51716.252   -0.575952146099   -0.160898400203    0.5293    0.4921   0.042   13
51723.246    0.143312593244   -0.063597599986    0.3900    0.4211  -0.367   17
51723.250   -1.065408796974   -1.065999600591    0.3863    0.8806  -0.278    6
51731.249   -0.907553779386   -0.500198400299    0.5161    0.4878  -0.025    5
51732.286   -0.068959661893   -0.195098400635    0.1681    0.3024  -0.032   66
51736.227    0.123225866422    0.646603199783    0.4158    0.4156   0.238   15
51737.250   -0.345543248896    1.215201599347    0.4606    0.7761  -0.013    7
51738.266    0.405807008343   -0.590497200736    0.3671    0.9978  -0.179   36
51744.252    0.660951064651    0.775400399888    0.2293    0.4166  -0.039   16
51751.250   -0.197582274498   -0.648597600428    0.4403    0.5371  -0.133    9
51758.252   -1.594139401189   -1.119499200541    0.5300    0.6098   0.063   10
51765.250    0.433539104288    0.329399999277    0.3303    0.7265  -0.301    8
51771.083   -1.217118703351    0.208101599952    2.1716    1.8371  -0.179    3
51772.252    0.088895304568   -0.402098400176    0.4800    0.6775  -0.186    9
51778.224   -0.573556017994    0.318301199798    0.3634    0.4048   0.478   24
51779.250   -0.078101761073    0.638902799466    0.6000    0.7007  -0.678    9
51780.273   -1.475713051197    1.054702799497    0.3191    0.6526  -0.112   30
51786.252   -0.180942260232   -0.071798400025    0.4541    0.7643  -0.061   19
51793.250   -1.115627377956   -4.645598400366    1.5712    4.5632   0.874    3
51800.252   -0.162650903909    0.495802799616    0.2963    0.6556  -0.157   15
51802.075   -0.585698684124    1.113901199279    1.4152    1.2642   0.129    3
51806.228   -0.002547263380   -0.406998000102    0.3677    0.3399  -0.018   20
51807.250    0.456025589325   -0.382597200321    0.3965    0.6630  -0.090    7
51808.266   -0.649409156128    1.780603199286    0.4374    0.8049  -0.100   23
51813.226   -1.851085934830   -0.146199600426    0.5775    0.5919   0.014    5
51814.252    0.032081938915    0.123299999810    0.3423    0.4662  -0.171   10
51820.166    1.475860607491    1.766901599431    0.2985    0.6238  -0.036   33
51821.250    0.838594117493    0.501800399633    0.5293    0.7760   0.234    4
51828.249    0.323204320153    1.028102400014    0.2929    0.8396  -0.116   11
51829.271    0.618226768646   -0.314100000409    0.7476    0.8675   0.502    3
51834.162   -0.201928436230   -2.308798800144    0.3555    0.5796   0.266   13
51835.250   -0.111234233311    0.127900799551    0.2619    0.4996  -0.212   11
51836.266    0.158153658030   -0.125697600328    0.3031    0.7131  -0.195   29
51841.083   -0.886715159682    0.301301999350    0.0620    0.1977  -0.066  112
51842.252    0.388116460755    0.364003199582    0.3392    0.6448   0.097   15
51848.228   -0.320657005645   -0.092700000476    0.2570    0.3180   0.105   33
51849.250    0.269539026616   -0.662497200299    0.3700    0.5867  -0.123    9
51850.266    0.542373630512    0.163000799258    0.7969    1.3993  -0.317   26
51851.288   -0.000151084147   -0.261000000013    0.3116    1.2732  -0.084   11
51856.252    0.294871364345   -0.031698000225    0.5448    3.2680   0.340    3
51863.250   -0.040626706085    0.215701199302    0.2816    0.4895  -0.241    9
51870.249   -0.224713561708    0.664901999858    0.2239    0.4224  -0.152   21
51876.228   -0.288726202005   -0.381697200247    0.2734    0.3597   0.093   19
51877.250    0.128773747880    0.045899999801    0.2715    0.4603  -0.005   12
51883.083   -0.123074731147   -0.178297200204    0.0618    0.1829  -0.189  104
51884.252   -0.401158576061   -0.409798800494    0.2458    0.3921   0.023   16
51890.228   -0.043472609906    1.176703199679    0.6892    0.6737   0.214   22
51891.250   -0.922394844171   -0.104698800030    0.8534    0.8175   0.565    4
51892.266    0.439536710334    0.883702799737    0.3326    0.7265  -0.248   41
51898.249   -0.202979020681   -0.937800000056    0.2772    0.5573  -0.020   14
51912.249   -0.054866962136   -0.239400000623    0.2250    0.4162   0.021   18
51918.085   -1.000198015932   -2.082398400116    0.5565    1.9316   0.537    6
51919.251   -0.260994106060   -0.205898400729    0.2288    0.4509   0.213   15
51920.266   -0.701577770736    0.611301599740    0.3095    0.6588  -0.130   32
51926.249    0.472964192903    0.481100399519    0.5236    0.6251  -0.301   14
51932.224    2.590142441793    0.934102799910    0.1882    0.2303  -0.156   27
51933.251    0.112133733615    0.196700399968    0.2382    0.5553  -0.066   16
51934.266    0.438335041736   -0.156600000167    0.5321    0.9997   0.078   41
51939.084    0.131472095408   -0.605898000572    0.0966    0.1938  -0.152  221
51940.249   -0.033128842128   -0.252496800268    0.2153    0.3403   0.076   25
51946.224   -0.559463267109   -0.578700000720    0.2483    0.3042   0.350   18
51947.251   -0.375523967780   -0.277099200385    0.3261    0.4675  -0.162   13
51948.266   -0.904855431858   -1.500199200066    0.2731    0.4802  -0.085   30
51953.080    2.112529867735   -0.351900000339    1.2649    0.5435  -0.530   11
51954.249    0.392912347075   -0.547498800696    0.2459    0.4437   0.084   35
51961.251    0.495752846234    1.093201199964    0.2995    0.5437  -0.236   18
51962.266    1.539722163641    1.736801999819    0.2995    0.5973  -0.205   20
51968.245    0.225015781130    0.310402799464    0.2360    0.3512   0.080   18
51974.224    0.602036478968   -0.974498400375    0.1561    0.3364  -0.227   32
51975.247    0.331601633286    0.908600399718    0.4111    0.9219  -0.715    9
51976.266   -1.274083204280   -0.520099200507    0.4241    0.8319  -0.056   26
51981.080    0.132519049749   -0.326700000652    0.0614    0.1872  -0.220  184
51982.245    0.210023632197    0.609501599591    0.2245    0.3606  -0.095   19
51988.082   -0.128323972164    0.029800799428    0.4739    0.7299   0.006    3
51989.243    1.500595715467    3.365200799621    0.5252    1.1613   0.616    4
51990.266    0.698580782768    3.098203199592    0.2548    0.5908  -0.124   37
51995.223    0.260843021913    0.056602799248    0.2388    0.6233  -0.331    7
51995.223    0.924492434092   -1.092196800201    0.5636    0.8569  -0.107   10
51996.249   -0.637565079310    1.928203199508    0.1785    0.4651  -0.236    9
51996.274   -0.498300109614   -0.684097200487    0.5183    0.4795  -0.348   11
51997.264   -0.032531612374   -0.159098400054    0.4134    0.4495  -0.053   14
51997.268   -0.545071926911    0.885700799902    0.2299    0.4313  -0.147    9
52003.247   -0.028484039955    0.238003199549    0.2360    0.5342  -0.263   15
52004.266    0.021435900586    0.695300399656    0.4617    0.6953  -0.213   47
52009.168   -0.241353524845   -0.003697200146    0.0850    0.1916  -0.099   86
52010.249    0.420345853707    0.138002399908    0.2417    0.3963   0.053   31
52016.228   -0.287377028241   -0.002296800350    0.1534    0.3309  -0.162   31
52017.251    0.003148123244    0.489902399448    0.2563    0.5853  -0.304   16
52018.266   -0.263991094029    1.235602799277    0.4398    0.8325  -0.223   35
52024.249    0.249599804959    0.236699999601    0.1890    0.3316   0.028   32
52031.247    0.233859290998   -0.445899600443    0.2828    0.4965   0.126   20
52032.266    0.672046776440   -2.092197600767    0.4942    0.8275   0.163   35
52037.226    7.428330686781   -0.838198800768    0.4645    0.6885  -0.183   16
52038.245   -0.337145884635   -0.292197600515    0.2104    0.4098   0.012   32
52039.272   -0.243004918031   -1.821697200288    0.0629    0.1661  -0.006   79
52044.228    0.712220178956   -0.771598800053    0.2464    0.6540  -0.372   18
52045.247   -1.431337362005   -0.261597600382    0.2372    0.3734  -0.132   13
52046.266    0.369828632285    1.005400799414    0.4018    0.7967  -0.002   27
52051.226   -0.055316686724   -0.342997200242    0.2363    0.5756   0.097   17
52052.245    0.940833807917   -3.185398800731    0.2028    0.3635  -0.268   19
52054.079   -1.231358908274   -0.435398400533    0.7604    1.0236  -0.014    7
52059.247   -0.020536400282   -0.834699600638    0.2711    0.5092  -0.024   16
52060.266   -0.343593215269    0.859003199771    0.2722    0.7062  -0.095   17
52065.080    0.216920687419   -1.097100000447    0.3851    1.6932   0.210    5
52066.245    0.178542553146    0.137800799571    0.2631    0.3952   0.067   23
52072.228   -2.056763354167   -0.159699600744    1.3741    0.6549   0.354    5
52073.247    0.769638034582   -0.607597200553    0.3699    0.4093  -0.162   12
52074.266   -0.590645705720   -1.188298800159    0.3350    0.6954  -0.286   11
52080.249    0.406105597656    0.215301599749    0.6497    0.5679  -0.397   10
52081.264   -0.150810406073   -0.137098800312    0.2401    0.5487  -0.005   23
52086.225    0.207174149394   -0.389498400732    0.6126    1.2381  -0.736   17
52087.247    0.310464373141   -0.062899200248    0.4363    0.5163  -0.303   13
52088.266   -0.166550920034    2.264000399954    0.6248    1.2739  -0.459   38
52093.248   -0.293223499012   -0.934099200389    0.2036    0.3145   0.062   24
52094.267    0.732760209347    1.089899999851    0.7051    0.5271   0.162   11
52096.083   -0.599190575147    0.022701599800    0.0876    0.2017  -0.289  134
52100.225   -0.182741209712   -1.080298800016    0.2403    0.6745  -0.120   32
52101.247   -0.347939377001   -0.261399600365    0.2695    0.4224  -0.191   13
52102.266   -0.147061474094    1.108702799968    1.1548    1.0419   0.281   49
52107.226    4.634759550848   -4.770900000661    0.6280    0.8773  -0.224    8
52108.249   -0.050668305569   -0.794898000223    0.3232    0.5098  -0.125   19
52109.268   -0.175844154490    0.263102399867    0.3525    0.3430   0.037   25
52115.251    0.205076610602   -0.442497600162    0.5999    0.6121  -0.467    5
52116.263    0.414949107524    0.410702399289    0.6556    0.9262  -0.465   33
52122.249    0.082001879455   -0.445597200738    0.2293    0.3707  -0.106   31
52123.265    0.757793957764    0.309599999238    0.5159    0.3755   0.043    6
52128.082   -0.060864568182    0.101300399269    0.5829    0.4598  -0.067    3
52129.251   -0.435489086787   -0.994197600246    0.2429    0.4914   0.058   16
52130.266   -2.032326886632   -0.525398399986    0.7662    1.2016  -0.058   12
52135.223   -0.917296738429    0.094903199699    0.6146    1.3733   0.061    4
52136.249   -0.216168692281   -0.577998000661    0.2174    0.4114   0.003   19
52137.268   -0.329352959218   -0.183499200634    0.3023    0.4444   0.023    7
52142.228   -0.069258302334   -0.550198800120    0.3547    0.6639  -0.062   10
52143.251   -0.302516733468    0.972802799915    0.2504    0.3859  -0.017   10
52144.266    0.561863076452    0.072201599899    0.4854    0.8850  -0.478   10
52149.227   -0.214369742801   -1.207598400477    0.2030    0.4838  -0.221   24
52150.249   -0.363679890963    0.129902399237    0.1759    0.3119   0.068   27
52151.268   -1.179039209518    1.182801599864    0.3930    0.3513  -0.045    8
52157.251    0.641914922281    1.145602799824    0.2297    0.5861   0.065   17
52158.266   -1.672993157401   -1.370898000719    1.7034    1.0359   0.044    8
52163.227    0.232959841822    0.104601599382    0.3136    0.6360  -0.399   12
52164.249   -0.002248622940   -0.177098400744    0.2063    0.4859  -0.100   18
52165.265    0.314360810286    0.204501599654    0.4324    0.4414  -0.082    8
52171.251    0.105085594245   -0.973800000637    0.1969    0.4615   0.073   20
52172.267   -2.784425457772    1.972702799513    1.3466    0.9184  -0.295    6
52178.249    0.065361865190   -0.274698000347    0.2081    0.4338   0.056   25
52179.268   -0.560513851560    0.562402799531    0.4424    0.4159   0.030    6
52185.248    0.245253643227   -0.036298800765    0.3104    0.5327  -0.019   19
52186.267    0.051420300708   -0.947397600370    1.0190    1.5077  -0.548    9
52192.249    0.107935077048   -0.455598000126    0.2216    0.3799  -0.048   11
52193.290    1.168997712291    0.057002399600    1.1650    0.9955  -0.451    3
52198.166   -4.787519939419    1.596902399914    0.4199    0.4970   0.053    8
52199.251    0.222166298327   -1.167397200508    0.2906    0.4084  -0.290   12
52200.267    0.218568501624   -2.960499600668    0.9346    3.2776  -0.929    8
52201.289    0.194581707548   -1.887397200129    0.3938    0.8528  -0.494   10
52205.227   -1.766238202682   -0.696196800209    0.2426    0.5090  -0.143   16
52206.249    0.013042166434    0.392702399399    0.2109    0.4640   0.090   14
52207.265    1.596388075257    0.094802399531    1.3887    0.3144   0.414    8
52212.082   -0.268488391036   -0.853696800451    0.0765    0.2517  -0.112  104
52213.248    2.386713645395   -5.482198800522    1.5746    3.4121  -0.877    3
52214.267    0.820155256004   -1.356098399974    1.1371    3.8100  -0.903    8
52219.227   -0.165349251436   -0.311497200034    0.2906    0.6220  -0.127   17
52220.249   -0.011394301101   -0.006998400259    0.2156    0.3804   0.001   12
52221.268   -0.222166298327    0.702701999789    0.7201    0.5284  -0.229    3
52227.240   -0.256194589631   -0.182700000728    0.2714    0.6344  -0.020   15
52228.267   -0.819557975122    2.215601999467    0.3341    1.4297  -0.772    9
52234.249    0.206127195053    0.070199999413    0.1762    0.4288  -0.002   14
52242.267    0.076752638438   -0.505598400746    0.2920    0.5016  -0.012   15
52247.227    0.075554548821   -0.394200000642    0.1567    0.3437  -0.175   24
52248.249    0.359484864506    0.615801599313    0.2349    0.4698   0.156   26
52249.265    0.470568013670    0.889700399753    0.4513    0.3958  -0.081    8
52255.248    0.514040674704    0.271702799459    0.2668    0.4212   0.102    6
52262.250   -0.021586984733   -0.616899600203    0.1898    0.4344  -0.104   19
52263.269    0.108233666361    1.377403199498    0.4988    0.6773  -0.149   10
52271.249    0.111982649468    0.599000399681    0.1801    0.3148   0.002   27
52282.203   -0.346590203238   -1.105099200149    0.3513    1.4693   0.595    6
52285.271    0.222166298327   -0.268297200456    0.2773    0.4717  -0.346   10
52289.205   -0.349738275353    1.063601999274    0.3425    0.8543  -0.119   19
52291.250   -0.291424600661   -0.057099600248    0.0770    0.1900  -0.059  144
52292.269    0.253798461526   -0.053398800581    0.2073    0.6272  -0.259    9
52297.204    0.043774880457   -0.073800000511    0.2327    0.4446   0.127   22
52299.271   -0.049768805265    0.350902799617    0.2175    0.2606  -0.329   26
52303.205    0.342092957358   -0.566197200325    0.4585    0.8519  -0.194   30
52304.224   -0.532778125506    0.813902399877    0.2322    0.6495  -0.225   16
52306.269    0.122776141834    0.197099999522    0.3553    0.5973   0.073    4
52309.999   69.367002392440  -57.586197600035   11.5998    8.1928  -0.992    4
52310.203   -0.047969906914    0.478900799816    0.2484    1.2085   0.288   16
52313.268   -0.148709288299    0.502502399691    0.1963    0.3165  -0.257   16
52317.205   -0.163852572507    3.007400399913    1.3304    2.3538  -0.527    4
52318.228    0.468769115318   -1.025596800286    0.7105    1.2791  -0.313    3
52320.269    0.079152396652   -0.114998400402    0.1984    0.3809  -0.106   18
52325.204   -0.054118597107   -0.238096800675    0.1711    0.7173  -0.164   13
52327.271   -0.237305952426    0.461300399479    0.3722    0.2895  -0.442   14
52331.201   -0.480462005732    2.392001999674    0.3817    0.8250  -0.550   22
52334.270   -0.109582840125    0.000100799369    0.3030    0.5963   0.020    5
52338.203   -0.112730912240    1.586203199988    0.4372    0.7683   0.115   13
52340.245   -0.517638471407    0.157600799611    0.0567    0.1637  -0.270   96
52341.271    0.374775653880   -0.596599200442    0.2272    0.7096  -0.190   13
52345.205    0.333098363344   -0.187898400039    0.2011    0.4791  -0.259   18
52346.228    0.210473356785    1.302703199713    0.3491    0.3969  -0.159   18
52348.270   -0.335048345842    1.223002799833    0.2281    0.4185  -0.102   23
52352.203   -0.453327139541    0.873701999549    0.3293    0.6670  -0.044   19
52355.271   -0.079152345524    0.228002399361    0.2029    0.2883  -0.219   29
52359.201    0.193984477795    0.317203199707    0.3461    0.8783   0.139   24
52360.250    0.297569763001    1.488301199881    1.4234    1.8889  -0.149   32
52361.269    0.486006308209   -0.584197200215    0.2679    0.7439  -0.270   10
52367.208    0.105535318833    1.380103199722    0.6778    1.0959  -0.197   16
52369.271   -0.151109046514    0.498700799856    0.2222    0.4082  -0.282   21
52373.205    0.370875637754    0.030502799486    0.6097    1.5997   0.690   10
52374.228    1.612128589219   -0.180597600075    0.9656    0.5970  -0.082   12
52376.270   -0.514788988605    0.476301599761    0.3824    0.6559  -0.017    5
52380.203   -0.020838619704   -0.125798400497    0.3111    0.6333  -0.065   21
52382.252   24.805721434418  -77.122198799984    2.2285    6.9101  -0.924    4
52383.268   -0.241206019679   -0.370198800415    0.2507    0.6524   0.179   26
52387.205   -0.387817769186   -1.996200000498    0.3502    0.6469  -0.275   17
52390.270    0.099839932209    0.203302799395    0.2512    0.5761  -0.063   20
52394.207   -1.067657419914    0.929203199984    0.3795    0.8947   0.306   16
52397.271   -0.111083149164    0.012401999427    0.2694    0.5296  -0.133   20
52401.205   -0.579999718519   -0.403498799972    0.4197    1.2026   0.527    8
52402.228    0.254395742407    0.212399999988    0.1845    0.2441  -0.110   39
52403.251   -0.365629924590    1.122602399839    0.0526    0.1408  -0.205  164
52404.270    0.052618339196    0.578901599457    0.4938    1.0055  -0.647   10
52408.203   -0.251549787458    0.461102399463    0.2940    0.6201  -0.060    9
52415.216   -0.300120554235   -0.042199200134    0.1844    0.4405  -0.127   14
52418.270   -0.361132627582    0.710402399307    0.2983    0.5087  -0.188   15
52423.204    0.404155615157    0.152301599332    0.3293    1.1312   0.228   12
52425.272    0.343891855710    0.020501999298    0.2724    0.4247  -0.183   21
52429.205   -0.176293879078   -0.041997600597    0.1996    0.5596  -0.155   11
52432.266    0.134767723817   -1.206097200512    0.3532    0.8103  -0.006   10
52436.203   -0.045422643533    0.078001199899    0.5664    0.5606   0.167    4
52437.584   85.700873547257 -201.430098000532   10.9200   24.3298  -0.826    3
52439.272    0.352289219971    0.697499999358    0.3369    0.6711   0.245   14
52443.216   -0.992401511534   -0.607500000704    0.6002    0.6273  -0.133    4
52444.228   14.976285813172  -13.224297600178    1.0975    1.3603  -0.112   34
52446.270   -0.060713432907   -1.138698000691    0.3365    0.7729   0.032    9
52450.207   -0.523035217591    1.782201599898    0.5368    1.4568   0.637   10
52451.226    0.006745971075    0.132400799924    0.3790    0.4401   0.090   30
52453.272   -0.065811589777    0.504403200008    0.2480    0.2937  -0.559   29
52457.205   -0.264591953892    0.475102799502    0.2464    0.4683  -0.278   10
52458.268    0.266538408538   -4.021999200088    0.8046    3.3332   0.275    3
52465.226    0.304916491683    0.467402399984    0.6706    1.0888  -0.430    9
52467.268   -0.254546775426   -0.383598000564    0.3550    0.7716  -0.179   11
52471.688   -2.236655132205   12.908901599662    7.6265    4.5926  -0.055    6
52474.270   -0.290823740798    0.138700799646    0.2288    0.5836  -0.099   20
52478.204    0.209573907609    0.789602399465    0.5591    1.4365   0.580    6
52480.253   -3.881462838963    5.123203199275    0.2284    0.3494   0.116   31
52481.272    0.442983422891   -1.389499200499    0.7524    2.2674  -0.716   12
52485.209   -0.155455208246   -2.977099200763    0.4919    1.7776  -0.038    6
52488.270   -0.226962184647    1.379699999848    0.3312    0.7147  -0.193   20
52492.204    0.014841064786   -0.054097200319    0.7593    1.3213   0.310   10
52492.708   56.079299166484    9.845902799466    4.7935    3.3228   0.210    7
52493.226    2.532274861579   -2.364598800764    1.1121    1.1023  -0.304   15
52495.272    0.003299258519   -0.607899600258    0.3513    0.5266  -0.529   14
52499.213    1.215769529588    1.390201199758    0.6755    1.8953   0.672    5
52501.251   -0.264289734470    0.032399999483    0.4879    0.6744  -0.055    8
52506.204   -0.397262087788    0.693899999860    0.2358    0.6367  -0.291   10
52513.205   -0.090694202919   -0.577497600140    0.2038    0.6734  -0.281    8
52516.270   -0.288276477417   -0.157597200090    0.3278    1.4432  -0.600   12
52519.999   -0.488406066424   -0.961498800578    0.8298    1.6831  -0.293   40
52521.204   -0.396812363200   -0.162097200462    0.2064    0.5167  -0.145   12
52523.268   -0.237158447260    1.830401999570    0.6154    1.7874  -0.814   13
52527.216   -1.256245151525    0.456202799537    0.7283    0.6191  -0.112    4
52530.270    0.186637697985    1.613300399672    0.2430    0.7596  -0.082   18
52534.204    0.075104824233    0.668102399803    0.4237    1.2807   0.598    4
52535.226    0.013193301710   -0.168699600689    0.3645    0.3326   0.172   29
52537.272   -1.117278771142    1.035601199995    0.7721    1.9581  -0.784   16
52541.206   -0.139567189118   -0.208299600768    0.7846    2.1381   0.845    5
52543.244    0.771886708649    2.044101599985    0.3856    0.7882   0.403    5
52544.270   -0.268337306889   -0.260798400475    0.3669    0.6047  -0.121   13
52548.204   -0.370576946185    0.194601599635    0.2100    0.3919  -0.050   11
52551.272   -0.134170442935    1.302001199655    0.2145    0.6692  -0.069    9
52555.206    0.316458349078    0.327002399558    0.7823    0.3565   0.351    7
52557.251    0.117080755210    0.676101599506    0.3711    0.4347  -0.126    4
52558.270    0.247951990755   -0.564098399991    0.2917    0.6191   0.105   20
52562.207   -0.068060212717    0.093002399382    0.2759    0.9221   0.229    6
52563.226    0.117379395651   -0.154299600297    0.4663    0.6185  -0.229   12
52564.242    0.126823714253    0.905101199589    0.2284    0.3306   0.077   16
52565.243   -1.393110363007    0.368701199971    0.7732    0.3358  -0.026    9
52566.236   -0.130122870516    0.681800399338    0.1872    0.3219  -0.225   19
52567.241   -0.661850462699    0.244101599733    0.5671    0.2893   0.400    7
52568.241   -0.289625651181   -0.130298400070    0.2635    0.1778   0.163   18
52569.238    0.356185657115    0.316799999833    0.1772    0.3034  -0.205   23
52570.243   -0.170598492454    0.266000399307    0.2381    0.3633  -0.194   22
52571.244   -0.802615741434   -0.019097999981    0.8290    0.3809   0.148   11
52572.237    0.630520570051    0.534700799637    0.3630    0.4323   0.058   14
52573.242   -0.044674278504    0.543801599751    0.3439    0.4692  -0.294   19
52574.242   -0.391415617017    0.757400399998    0.9797    0.4059   0.462   11
52575.236   -0.407904496008    1.071403199759    0.2079    0.5686  -0.317   23
52576.244   -0.047372677160    0.086803199828    0.1781    0.2818   0.016   29
52577.245    0.007944060692    0.135899999254    0.2498    0.4227  -0.328   12
52578.242    0.089794804872    0.455803199984    0.1849    0.2380  -0.235   20
52579.272   -0.274784586395   -0.243000000122    0.2368    0.4811  -0.040    8
52583.206   -0.281080832882    1.207101599476    0.2376    0.7689   0.183   16
52586.270   -0.138667739943   -0.087897600398    0.3313    0.5151  -0.062   13
52590.204   -0.317660017676    0.187199999502    0.2327    0.3901   0.007    8
52593.272   -0.035229959902    0.833101200026    0.2026    0.7022  -0.042   17
52597.206    0.429041807281    1.154001599879    0.2573    0.7337   0.023   12
52598.225   -0.221867657886   -0.144000000724    0.4415    0.5224  -0.150    8
52600.270   -0.083948231844    0.370501199320    0.1590    0.3733  -0.098   18
52604.204   -0.320808089792    0.733903199812    0.2078    0.4384  -0.190    6
52605.270    0.323654044741    1.082501999239    0.1775    0.6497  -0.026   23
52611.228    0.357085106291    2.509401599315    0.2582    1.0651   0.067    6
52612.228   -0.902606757790   -1.616997600618    0.5873    1.4019  -0.072   36
52614.270   -0.146010889643   -0.334396800650    0.1830    0.4543  -0.070   21
52618.204   -0.758542271665    1.586300399836    1.0552    0.6942  -0.204    6
52620.246    3.095037387207   -2.267100000530    0.9982    0.6072   0.031    8
52621.268    0.110784559851    0.557503199605    0.2772    0.7119  -0.129    9
52625.202   -0.199978402603    0.378302399806    0.2394    0.7061   0.221   10
52626.225  -11.101719927174   -3.860899200347   25.8553   54.6502   0.055    4
52627.291    5.217759887445  -28.043197200400    1.1012    3.3052  -0.960    5
52628.267   -0.199978402603    0.424501199792    0.2771    0.7658   0.142    7
52639.202    0.243303609600   -0.336196799999    1.1711    0.3528   0.533    3
52642.270    0.083351053219    0.081802799734    0.1694    0.4324  -0.145   24
52648.249    6.901096812624  -19.809900000389    1.3721    3.7192  -0.951    3
52649.268   -0.169997683719    0.352303199413    0.3613    0.5060  -0.281   22
52655.248    0.076903722585    0.416102399736    0.1286    0.7021  -0.141   46
52656.270   -0.063861556150    0.422402399458    0.1739    0.3757   0.024   24
52663.272    0.852686868378   -1.236798000015    0.7856    0.6641  -0.333   10
52669.244    3.818651867264   -1.842397200402    3.3223    2.1609  -0.913    3
52675.227    0.010944627642    0.011300399816    0.3386    0.3177  -0.137    8
52677.268    0.019187277646    0.064000799860    0.1939    0.3623  -0.095   18
52681.206    0.125024764774    0.582101999402    0.2091    0.4879  -0.007    7
52683.244   -0.059965067878    0.164800799407    0.1572    0.4469  -0.157   47
52684.270    0.143013952803   -0.110296800493    0.1907    0.4260  -0.074   20
52691.272   -0.001050533323    1.089701999835    0.1942    0.6537  -0.204   28
52697.251  -16.726333726176   48.032701199663    1.8133    5.6363  -0.982    5
52698.270    0.356786516979    0.342403199394    0.4303    1.1322  -0.651    9
52705.272   -0.397111003641   -0.171900000634    0.2843    0.3838   0.211   29
52711.248   -0.467869615014   -0.312498000277    0.0870    0.2615   0.008  121
52712.270   -0.547770325567    0.083602799883    0.4216    0.8519  -0.258   12
52717.223    0.459774521303    8.909999999407    1.7282   10.7818   0.953    3
52719.269    0.081850744180    0.935301599370    0.2260    0.5808  -0.256   39
52725.248    0.105387813668    0.414403199755    0.1675    0.4294  -0.265   24
52726.270    0.378373501711    0.684701999898    0.3544    0.6816  -0.436    7
52739.303   -6.554204338836   -4.380397200165    0.3883    0.3214   0.146    6
52740.270    0.226663595335    0.017002799968    0.2650    0.7517  -0.149   10
52746.272    0.714771072446   -0.621198000239    0.3806    0.8668  -0.509    4
52759.271    0.446282630281   -0.354798000579    0.3608    0.7297  -0.237    9
52767.244   -0.428440947417    0.194302799450    0.0778    0.1943  -0.308  158
52780.225   -0.517339830967   -0.357796800188    2.5342    0.3933   0.378    5
52803.269    1.139463087885   -1.009098000360    5.4605    6.1522  -0.832    3
52809.248    0.023986794076   -1.291798800729    0.1470    0.3748  -0.164   54
52810.271    0.905456291721   -0.488498400131    0.5705    0.8064  -0.290    5
52817.269   -1.337045311254    1.094500799592    1.0446    2.8067  -0.907   12
52823.270    0.371926171077    0.152301599332    0.7733    0.9085  -0.426    3
52830.246   -0.215121737939    1.075499999459    0.1004    0.2500  -0.028   49
52836.583 -119.781064581691   36.427802399341    4.2171    4.3963  -0.429    9
52837.244    0.729461001956    0.920001599702    0.7171    0.8346   0.629    5
52838.267    0.418996679943    0.605300399403    0.5657    0.7462  -0.557    3
52852.271  -17.080119625076    2.512400399723    9.6948    1.6741  -0.789    3
52866.271    0.197132601038   -0.696697200731    0.5888    1.1493  -0.517    9
52880.271   -0.393513155810    0.676202399674    0.3419    0.5845  -0.233    5
52887.269   -0.532180895752    0.480801599334    0.4360    0.7404   0.015    4
52893.244   -0.409703394359   -1.087999200333    0.5777    1.2545  -0.335    5
52900.250    0.088298074814   -0.285300000424    0.0411    0.1153  -0.227  261
52901.273   -0.005098105742    0.876103199587    0.3530    0.5414  -0.042    3
52914.586  -17.159271970600    3.238901999403    3.2344    3.3692   0.170    5
52922.271    5.320898975917   -0.149698800556    2.8431    0.8611   0.050    3
52927.238    0.638464579615   -3.196198800026    0.3754    2.1901  -0.021    4
52969.268    0.301617284292   -0.471798000667    0.5786    1.3666  -0.513    3
52985.266    0.174793621167   -0.680997600710    0.3210    0.6933  -0.366    3
52991.252   -0.040025897350    0.001202399780    0.0549    0.1166   0.015  203
52992.267    0.127122303566    0.046000799969    0.2778    0.6567  -0.429    4
53018.226   -6.964958317646    1.537700399812    3.4890    1.2658  -0.386    3
53027.269   -0.248700304655   -0.203198400506    0.2951    0.7116  -0.315   13
53038.205    0.591994930612    2.333602799798    0.5057    1.3478   0.456    3
53041.269    0.190534135129   -0.287100000573    0.2348    0.6495   0.001    8
53045.207   -0.180190316222    0.163799999964    1.8911    1.4061  -0.961    4
53052.205   -0.033729701991    0.136000799422    0.1795    0.5646  -0.559    8
53055.269    0.316609484353   -1.236999600351    0.2146    0.5094  -0.289   12
53059.203   -0.093694769869    0.491000399538    0.1074    0.4797  -0.240   14
53062.271   -0.321405370673    1.424203199374    1.5861    4.4989  -0.984    5
53068.250   -1.397758795289    2.830701599521    0.1040    0.3118   0.231   47
53069.269    0.274183828789    0.280303199851    0.2050    0.3751  -0.106    9
53074.237   11.698658351528    6.788001600011   24.4098   57.1252   0.526    9
53083.269   -0.629469934472    2.545199999560    0.9064    2.7315  -0.911    7
53090.271    2.610678842074   -8.532900000180    4.9427   14.9282  -0.997    3
53097.269   -0.004947021595    4.794800399921    0.3879    0.8868  -0.481    5
53103.271   -0.402356614549   -2.531998800226    0.6686    2.1294   0.771    3
53109.246    0.170447459435    0.064799999766    0.2956    0.3584  -0.153   19
53111.269    0.357085106291   -0.339998400634    0.4018    0.9579  -0.169    5
53118.268   -2.226761089014    6.643702799902    3.2426    9.7427  -0.995    3
53122.205   -2.126618937382    5.718301199753    1.4260    3.1145  -0.971    5
53125.270   -0.157556377148   -0.388396800322    0.2749    0.5545  -0.480   11
53129.207   -0.359182593955    0.505202399914    0.3936    0.2519  -0.628   13
53131.252   -0.104938037952   -0.480600000596    0.1097    0.1847   0.024   96
53137.224    0.016640014266   -0.163098000705    0.2933    0.3363  -0.222   23
53143.207    0.129223472468    0.130903199480    0.2356    0.2139  -0.465   12
53145.581   76.194645774018 -171.680698800447   11.4961   16.4938  -0.864    5
53150.205   -0.442983371762    0.379601999434    0.2671    1.4915   0.019    4
53152.251   -1.931436421099    2.048000399668    0.4367    0.3160   0.012    8
53158.208    0.184389075045    0.599202000018    0.1901    1.1382   0.107    7
53160.275   -0.039576172762   -0.664099200431    1.3861    4.0780  -0.979    4
53178.205   -0.065210729914   -1.368298800664    0.2872    1.1215  -0.411    8
53180.247    1.119077720622   -3.894300000074    0.4671    0.5618   0.041    4
53181.270    0.272237374143    1.438603199766    0.3198    0.8593  -0.356    7
53193.206   -0.573703523160    0.033800399279    0.2571    0.7669  -0.067   31
53195.270    0.519736010200    0.426200399772    0.3251    0.5907  -0.142    8
53199.225   -0.569807034888   -0.328298400465    0.3747    0.2933   0.153   10
53201.256    0.163100679625    0.081302400012    0.0879    0.2327  -0.118  147
53206.205   -0.475964708725    0.476402399929    0.3478    0.4085   0.155    6
53207.228  -17.727431242412  -63.629298000123    6.1381   20.4359   0.990    3
53213.207    0.983108379335   -0.817999200375    0.5947    0.5101   0.083    7
53215.253  -10.019818672228    3.563801999906    0.5335    0.8120  -0.301    3
53216.268   -0.407454771420    1.689800399607    0.5335    4.5871  -0.025    3
53223.270   -0.985508086421   -2.399997600655    1.3335    2.6128   0.335    4
53227.225    0.052319749884   -0.183297600298    0.2523    0.2147   0.127   13
53235.228   -1.372725046872    2.495602799613    3.1889    3.0361  -0.872    3
53237.270   -1.550666740155   -4.003599600644    1.0197    2.9818   0.631    4
53241.225    0.197132601038    0.213800399784    0.3182    0.3400   0.086   19
53243.249    0.024285383388    0.014702399298    0.0928    0.1949  -0.163  133
53244.268    2.825649495867   -7.067296800578    7.3050   12.5578  -0.975    3
53251.270    0.405954513509    0.648302399764    0.8771    0.9538   0.471    7
53256.204   -0.119627967462   -0.044298000468    0.2546    0.8775   0.174   22
53262.224    0.724812620802   -0.118598400700    0.3574    0.3586   0.213   12
53264.247    0.007645420251   -0.476899200130    0.6721    0.3180  -0.203    4
53265.270    0.271935154721   -0.004698000389    0.3321    0.6851  -0.441   14
53269.204    0.440583664676    1.660201199716    0.3443    0.2698   0.168   11
53276.205   -0.232358930830    0.212900399710    0.8295    0.3044   0.131   11
53278.247   -0.930939713598   -0.001699199981    0.4851    0.3491   0.215    8
53279.270    0.445530686271   -0.084196800731    0.3512    0.7692  -0.483   10
53283.207   -0.102836869049    0.518702399432    0.1665    0.2310  -0.093   27
53284.226    0.259792488591    0.046400399523    1.0021    2.6538   0.200    4
53290.205   -0.471316327570    0.003801599835    0.2333    0.1991   0.037   19
53292.247    2.724010665306   -2.292098400680    0.2766    0.4742  -0.251    8
53293.270    0.424994234861    0.638002799391    0.4236    1.0541  -0.572    4
53304.224    0.267139268401    1.177300799249    0.1670    0.7881  -0.173   22
53307.270   -0.396661279053    3.350102399491    0.3624    2.5025  -0.471    9
53318.206    0.124575040186    1.846799999328    0.1591    1.3337   0.106   13
53319.225    6.058455122712   -0.708098400715   20.2091   12.7474  -0.988    3
53321.270   -3.796165382227    1.348102799792   11.5886   11.3015  -0.989    3
53325.226   -0.461872008968   -0.468900000428    0.3316    1.4758  -0.062   13
53327.249    2.607379634683   13.741401599798    0.3757    0.7606  -0.010    9
53333.272   -3.961367128497    4.881401999413    2.4977    3.8059  -0.756    3
53341.249   -0.064160145463    0.055900799989    0.0783    0.1458  -0.005  154
53341.249   -0.203126525847    3.084800399922    0.6556    0.5660  -0.375    3
53342.272   -1.619925093617    3.403400399904    1.4798    1.5601  -0.726    3
53349.270    0.456626398060   -0.967597200763    2.4057    3.2665  -0.760    5
53353.204    0.117379395651    0.390103199344    0.2522    0.8618  -0.221   17
53356.272   -0.185889281827    0.244501199287    0.2805    0.4602   0.051   13
53360.206   -0.083948231844    1.543802399517    0.2319    1.2185  -0.420   14
53362.269    0.832297922134    0.441500399440    0.6197    1.3266  -0.787    3
53367.226   -6.681628861824   -1.734199200243    6.0872    1.5070   0.923    3
53369.271    0.331450549139   -0.120499200218    0.4196    0.4291  -0.113    4
53389.206    0.174495031854    0.143002800002    0.2880    0.3640  -0.237   10
53391.270    0.132968774337    0.583901999551    0.5922    0.8746   0.501    5
53395.204    0.240903851385   -0.342198000336    0.1967    0.2877  -0.161   11
53397.249    4.037968682788   -3.471998399984    4.2106    2.8869  -0.982    4
53403.225    0.386317511275    0.535100399990    0.6930    0.7439  -0.210   10
53405.270   -0.082599058080   -1.176098400268    0.4707    1.1175  -0.459    5
53410.227   -0.445080910555    3.957703199564    0.1568    0.5859  -0.721    8
53411.253    0.182888766006    0.011203199968    0.0998    0.2127  -0.032  236
53419.270   -0.034028291304   -0.440100000443    0.4482    0.8054  -0.510    9
53423.208   -0.344492664445    0.471599999852    0.4596    0.6244   0.307   21
53426.268    0.023385934213    0.642103199411    0.2533    0.6431  -0.177   15
53430.206   -0.077054806732   -0.271198800217    0.1354    0.2554  -0.037   20
53433.270   -0.280030248431   -0.350596800391    0.2708    0.7135  -0.207   14
53440.268    6.647150845933   -6.862399200092    1.7953    2.0928  -0.912    8
53444.206    0.416298281287    0.081802799734    0.2624    0.3825   0.073    8
53447.270    1.163298746685   -0.681397200264    0.5747    0.5365  -0.413    6
53451.208    0.011243268083    0.751402799981    0.1245    0.2546  -0.234   32
53458.206    0.603687923282   -0.258796799990    0.3176    0.3107  -0.102   14
53460.248   -1.033629128610    5.692802399881    0.2993    0.5430  -0.218    4
53461.270   -0.032981336962   -0.706500000103    0.3181    0.7135  -0.110    7
53468.268   -0.133119858484    1.046800799642    0.4363    0.6777  -0.314    5
53475.270   -0.135519616699    1.015001999249    0.3458    0.7692  -0.145   12
53479.204   -0.381971298415    0.171500399482    0.3421    0.4193  -0.297   18
53482.269    0.589595172397    0.305200799833    0.4189    0.9106  -0.330    3
53489.267    1.296271100004   -0.562597200027    0.5339    1.2339  -0.684    6
53496.269    0.192782809196   -0.688996800413    0.4706    0.5053  -0.088    6
53503.201    1.018935620118   -6.594498000467    0.2833    0.7044  -0.368   45
53503.270   -0.381669078992    0.042001199319    0.4048    0.7105  -0.108    8
53509.246    1.243501676660    0.243802799549    1.3214    0.4735   0.251    4
53514.206   -0.159355275500    0.239601599361    0.2504    0.3668   0.114   13
53517.270    0.454827499708   -0.739396800586    0.3505    0.6614  -0.295   12
53522.205   -0.417348814610    1.531400399291    0.1805    0.7808  -0.225   21
53528.206   -0.239856845916   -0.123098400273    0.2620    0.2197  -0.128   23
53531.270    0.794222058411   -0.359899200042    0.5187    0.9310  -0.320    5
53535.204   -1.009642334535    0.109601999476    0.4277    0.2902   0.007    8
53542.206    0.799917393907   -0.040996800355    0.6675    0.2813   0.010    9
53543.225    0.026685141603   -0.244497600566    0.6611    0.7829  -0.092    3
53545.270   -0.047671266473    0.159001199407    0.2839    0.5831   0.069    6
53549.208   -0.111831463064   -0.088297200751    0.2123    0.2139  -0.160   28
53550.223    0.991951838074    1.514800799995    0.7422    0.5695   0.065   12
53551.250    0.068509988433    1.194400799864    0.1094    0.2806   0.091   90
53552.269    2.051665299553   -0.899697600421    2.0927    1.4941  -0.771   12
53559.271   -0.052467203921   -0.983898000673    0.2922    0.6602  -0.266    8
53573.271    0.344194075132    0.351601199355    0.3547    0.6481  -0.277    7
53577.204   -0.326654611691    0.100000799641    0.3164    0.2751  -0.403    9
53580.269   -0.255744865043   -0.557697600101    0.5141    0.7254  -0.451   10
53584.202    0.293374685416    0.163101599426    0.3391    0.2951  -0.424   20
53587.271   -0.222166298327    0.380102399955    0.9252    0.8034   0.625    4
53591.204   -0.918797047468    0.157600799611    0.9039    0.3966   0.224   23
53598.210   -0.654654818164   -0.298800000742    0.3763    0.5521  -0.144   10
53601.271   -0.134317948101    0.171201599297    0.4127    0.5191  -0.625   10
53605.208   -0.160402229841   -1.623099600323    0.3590    1.0825   0.158    8
53607.250   -0.919696496644    2.445001199902    0.1105    0.2558  -0.279   68
53612.206   -0.167148200916    1.369900799997    0.6134    0.9627  -0.399   15
53620.205   -0.268787031477   -1.086796800553    0.4384    1.7457  -0.061   11
53622.269    0.014092750885    0.785203199261    0.9814    1.0272  -0.706   17
53626.195    0.179442053450    0.172400399556    0.1950    0.2178   0.028   13
53626.498    0.060263759447   -0.212198400451    0.2583    0.2446   0.050   11
53627.196   -0.170148767866   -0.565898400140    0.1606    0.3326  -0.046   30
53627.499   -0.200428178319   -0.645998400373    0.2032    0.3044  -0.187   29
53628.197    0.369677548138    0.469900799871    0.1420    0.1988  -0.184   31
53628.500    0.089945889019    0.276602399385    0.1867    0.2676  -0.184   31
53629.198   -0.220068759535    0.364003199582    0.1668    0.3383  -0.437   12
53629.501   -0.000748313900    0.084902399511    0.2069    0.3973  -0.306   10
53630.195   -0.040475621938    0.071701199378    0.1371    0.2046  -0.176   17
53630.498   -0.408652861036    0.611402399908    0.1847    0.2751  -0.208   18
53631.196   -0.199978402603    0.863999999545    0.1382    0.2009  -0.333   17
53631.499   -0.037028909382    0.632699999592    0.2022    0.3070  -0.203   18
53632.196    0.119476934443    0.306100799907    0.1535    0.1638  -0.099   24
53632.500    0.055165602577    0.030599999334    0.1801    0.2095  -0.110   29
53633.197   -0.393811796251    0.495403199263    0.1734    0.3298  -0.148   16
53633.500   -0.125773078674    0.586202399422    0.4047    0.6142  -0.209    5
53634.205    0.062062657799    0.186001199243    0.3384    0.5846  -0.508   11
53634.501   -0.304916491683    0.533501999378    0.2128    0.3478  -0.269   23
53635.195   -0.102689363884    0.685303199788    0.1200    0.1793  -0.070   38
53635.498    0.092194511958    0.605102399387    0.1541    0.2293  -0.174   39
53636.196   -0.159204191352   -0.013500000318    0.1459    0.1967  -0.191   30
53636.499   -0.345992973484   -0.237499200306    0.2038    0.2744  -0.150   31
53637.197   -0.127122252438    0.895600799922    0.1510    0.2257  -0.208   36
53637.500   -0.124276399745    0.449200799757    0.2114    0.2802  -0.179   24
53638.197   -0.016488878990    0.463701599518    0.1501    0.2329  -0.308   31
53638.497    0.187537147160    0.348001199857    0.1968    0.3518  -0.321   21
53639.198    0.074054239782    0.153802799296    0.1397    0.2176  -0.163   19
53639.501    0.228613628961    0.358502399767    0.2034    0.2823  -0.179   16
53640.199   -0.524683031795    0.426401999309    0.1681    0.2917  -0.159   23
53642.248   -0.311061551767   -0.293598000312    0.1301    0.2506   0.135   79
53647.208   -0.798269579702   -0.759297599995    1.2886    2.0306  -0.816   10
53655.225    0.527233925285   -0.261997200734    0.4069    0.3085  -0.397    8
53656.580  -24.722222876033   -0.555796800583    1.5184    1.8929  -0.033   14
53657.271    0.219917675388   -0.900900000200    0.3334    0.4886  -0.360    8
53661.204    0.422295887334    0.111103199441    0.4136    0.6801  -0.072   17
53662.227    0.546421151803    0.778600799833    0.7275    0.6609  -0.198    6
53664.269   -0.117677933835   -0.741798000625    0.3263    0.5036  -0.134    5
53668.206    1.302265075940   -1.889100000430    0.8163    1.4517  -0.742    9
53671.267    0.392462622487   -0.006300000521    0.3024    0.3823  -0.354    9
53677.243    3.581194779563    7.066702799730    0.3921    0.7765  -0.280    3
53682.203    0.832150416968   -0.866296800694    1.8181    4.2788  -0.962    6
53685.271    0.346442749200    0.138599999477    0.6260    0.5472  -0.422   11
53689.216    2.352534218816   -5.336798400002    3.3989    7.8531  -0.997    4
53690.227   -1.987803692274   -0.144198000740    1.3736    1.1812   0.492    3
53691.246  -11.653836465601    8.353202399380    6.7332    4.4106  -0.997    3
53692.269    0.158006152864   -0.280897200700    0.2821    0.3444   0.036   13
53697.269    0.165050713252   -0.421297200326    0.3034    0.3856  -0.159   12
53703.205   -0.390965892429    0.654202799932    0.4178    0.7116  -0.049   26
53704.242    1.356984584039    0.129103199331    1.2583    0.4501  -0.063    7
53711.225    0.079753205387    0.348202799394    0.1440    0.1495   0.022   39
53713.271   -0.256496809053    0.252601199957    0.4441    0.3888  -0.013   10
53717.205    0.844890363980   -0.061498800452    0.5498    0.4294  -0.398    5
53718.224    1.779579060685    0.052001999507    0.9698    1.2632  -0.513   27
53719.250    0.133868274641    0.699501599843    0.1163    0.1960   0.164  127
53720.269   -0.446879860035    0.562003199978    0.3052    0.3219  -0.325   12
53724.203   -0.048121042189    0.011901599706    0.4087    0.3633   0.053   11
53727.271   -0.420345802579   -0.218700000509    0.4160    1.0368   0.452    7
53734.269  -16.075276755843   16.035901199718    6.6447    5.7649  -0.977    7
53747.582  -42.419820904726  119.581901999766    1.7636    1.6896   0.110   23
53748.287    0.024436518664   -0.954097200445    0.4095    0.5719  -0.231    4
53753.204   -0.245401097264    0.188402399282    0.2499    0.4004  -0.230    6
53755.267    1.314260288033   -2.575198800603    1.2833    1.2523  -0.929   18
53762.269   -0.295173532639    0.487101599855    0.5566    1.0909  -0.723    3
53766.207   -0.093694769869    0.053701199487    0.1982    0.2034  -0.073   13
53767.226   -4.868320150276    3.256199999235    9.2224    6.6772  -0.996    3
53768.252    0.018287828470    0.182699999929    0.0949    0.1646  -0.404  110
53769.271   -0.497400609310    0.312602399966    0.5200    0.4881  -0.280    6
53776.269    0.177193379382    0.978400799578    0.5947    1.2123  -0.316   16
53783.271   -0.998248033433    3.653099999301    0.6712    1.4169  -0.776    5
53787.205    0.196531741175    0.369201599693    0.2041    0.3034  -0.365   14
53790.269   -0.038226947870    0.597401999869    0.2723    0.6658  -0.384    4
53794.229    0.054417288676   -0.243097199970    0.2269    0.3042  -0.314   13
53797.271   -0.030282938307    0.399200399936    0.2615    0.4332  -0.331   15
53801.205   -0.154555759070   -0.171900000634    0.2138    0.2956  -0.003    6
53804.269   -0.427843717664   -0.704599200585    0.2462    0.4557  -0.145   15
53808.203    0.235208464761    1.067803199462    0.4237    0.2960   0.005    5
53815.205   -0.267887582301    1.219402799535    0.4539    2.0165  -0.446    4
53817.583    5.698070809030   -6.273000000245    0.9457    1.2569  -0.459   24
53818.269   -0.260994106060    0.391600799787    0.2390    0.4100  -0.310   20
53829.205    8.465856303664   -5.697799200455    5.3102    3.5438  -0.993    3
53832.269   -0.425595043596    0.736001999346    0.5936    0.8192  -0.588   20
53838.270   -0.521534908552    1.332201599435    0.6361    0.8735  -0.663    6
53846.277   -0.710421229476    0.352400399262    3.0913    9.4218  -0.992    3
53850.203    0.311813546905    0.910799999421    0.2761    0.4473   0.354    3
53850.583   -6.872763805688   -3.536398800197    1.2658    1.2577  -0.349   14
53851.229    0.020687586685    0.433601999905    0.3804    0.5706  -0.380   25
53853.271    0.945629745365    0.226400400027    0.4473    0.5143  -0.376    8
53858.202   -1.968015605893    1.062500399662    1.8247    0.8776  -0.800    4
53860.269   -0.131022319692    0.718700399993    0.3182    0.6600  -0.327   21
53864.207    0.729461001956   -1.797397200676    1.4976    2.1824  -0.906    4
53867.271    0.304916491683   -0.828997200486    0.3616    0.8660  -0.207   14
53871.205   -0.812362279459   -0.304297200238    0.4716    0.5809  -0.146    6
53874.269    0.204177161426   -0.422298000569    0.5245    1.0051  -0.570    8
53878.207   -0.037176414547    0.121201199477    0.2310    0.2525  -0.271   13
53879.226   -1.581849178765    2.895501599287    0.4698    0.4876   0.005    4
53880.581   13.959749951268   -2.366596800130    1.8075    2.0544  -0.144   12
53881.268    0.879372009981   -1.155798000507    0.5805    1.0472  -0.748    4
53884.997    2.887561018390    0.910101599683    0.7817    1.4879  -0.256   14
53888.269   -0.392912295946   -1.705096800553    0.3088    0.5716  -0.358   20
53899.205   -0.346140478650    0.923900399386    0.4933    0.7187  -0.808   18
53900.268   -1.939981239398    1.715702399352    0.4413    0.7385  -0.526   10
53908.249    0.069556942775   -0.702997200452    0.3667    0.7303  -0.289   10
53909.271    1.430437963958   -0.330098400614    0.3080    0.4946  -0.182   13
53913.205   -0.277781625492    0.621899999498    0.2626    0.4461  -0.316   25
53914.224   -1.875371318219   -2.372299200282    1.4372    0.6849   0.071    8
53922.205   -0.137167430904    0.957401999280    0.2781    0.3996   0.046   15
53927.205   -0.464721491770   -0.279698400441    0.3647    0.4075  -0.505    7
53928.228   -0.022637569184    0.064501199581    0.1937    0.2899  -0.462  154
53930.270   -0.843843358510   -0.203400000043    0.9475    1.1109  -0.745    5
53934.207    0.290525202613   -0.933498000499    0.3885    0.5160  -0.478   12
53936.581  -18.038043120719  -21.949200000737    3.8713    3.5999   0.262    6
53941.205   -0.589893761709    0.178901999615    0.2896    0.3054  -0.458   14
53944.270   -0.402507749824   -0.043200000377    1.2243    1.2496  -0.820    5
53948.203   -0.297119987285    0.534700799637    0.3532    0.3780  -0.215   13
53949.226   -1.302865884675   -0.243597600491    0.6402    0.9700   0.013   17
53951.268    0.111234284439    0.135500399701    0.3377    0.5030  -0.296   12
53955.205   -0.627221311532   -0.487198800503    0.5840    0.7064  -0.647    8
53958.270    0.833197371310   -1.629997200414    0.3288    0.5520  -0.399    8
53964.209   -0.755995008284    0.707101199993    0.4366    0.5299  -0.577   11
53965.268    0.526481981275   -0.627998400482    0.5458    0.5420  -0.189   13
53969.238   -0.020838619704   -0.285699599978    0.2304    0.3612  -0.092   21
53972.270   -1.124621971971    1.207601999997    1.2430    0.9915  -0.859    5
53976.207   -0.339995367438    0.409003199309    0.1699    0.2804   0.011   31
53978.249   -0.191883308892   -0.007797600166    0.1117    0.2621  -0.189  132
53979.272    0.214520929204   -0.088297200751    1.0268    0.8513  -0.899   10
53982.993    2.232906200226   -6.752700000767    0.8391    1.3004  -0.829   21
53984.210   -1.152807371485    0.514799999429    0.2901    0.3890  -0.218   10
53986.273    0.214071204617   -2.796699600704    0.9467    3.0266   0.357    3
53990.207    0.173145806962    0.470901599314    0.1724    0.8296  -0.006   21
53991.230    0.118728569415    0.674999999895    0.2985    0.3463   0.003   16
53992.249    0.445980410859   -1.062198000756    0.1431    0.2286   0.008  102
53997.205   -0.474464450814    0.245102399976    0.5014    0.5712  -0.679    9
54000.270    0.457975622952   -0.025200000486    0.4428    0.6229  -0.418   12
54004.207   -0.467268755151    0.483602399726    0.1945    0.3050  -0.094   28
54014.270    0.577902230855   -0.845298000396    0.8382    0.8770  -0.765   21
54018.218   -0.265189183645    0.037101599393    0.3183    0.5531  -0.272   10
54019.230    0.068808628874    0.448603199388    0.2763    0.3284   0.228   41
54021.272    0.274183828789    0.007502399502    0.3658    0.4444  -0.102   12
54025.209   -0.008843458739    0.385700399619    0.1671    0.2933  -0.234   20
54028.270   -0.072705014890   -0.035697600076    0.4408    0.7028  -0.263   26
54039.209    0.111381789604   -0.168300000336    0.2444    0.4494  -0.279   16
54046.207   -0.511043635608    0.275101199421    0.4150    0.4367  -0.677    8
54047.226  -16.574026590045   11.849399999608    5.0007    3.1444  -0.983    3
54048.249   -0.095191499927   -0.105598800104    0.0706    0.1173  -0.480  218
54049.272    0.291874376377    0.464702399761    1.7110    2.0316  -0.929    5
54053.205    0.763190703947   -0.907599600275    0.6023    1.0523  -0.769    5
54056.270   -0.272237323015    0.168501599873    1.5410    1.5074  -0.879    6
54061.270    3.269683452080   -1.366498800515    4.1082    2.6836  -0.956    4
54067.209   -0.412250657740    0.196102799599    0.2775    0.3117  -0.052   15
54069.244  -17.890384365743   11.404799999593    2.6981    1.8254  -0.987    3
54070.270    0.226512511188   -0.702198000546    0.6136    0.7972  -0.273   11
54074.207   -0.069859111069    0.276501600016    0.2133    0.3014  -0.159   12
54075.226   -9.287511766450    0.637502399670    0.4657    0.3653  -0.077   31
54076.249   -0.231909206242    0.083699999731    0.1061    0.3310  -0.722  166
54083.583  170.308005290604 -108.784800000095    5.9318    4.7677  -0.789    5
54084.270    4.295213856870   -3.360099600158    1.9902    2.1379  -0.656    3
54088.207   -0.070607476097   -0.033796800558    0.1611    0.2924  -0.152   19
54091.272    1.892612192347   -1.856498400610    1.2296    1.2258  -0.866    7
54097.207    1.612578364935   -0.390297600639    0.8987    0.6555  -0.811    5
54098.270   -1.236457065144   -0.435999600423    0.7253    1.1677  -0.159   11
54105.268    0.278083844914   -3.238797600513    0.7253    1.4049  -0.206    8
54112.270    0.308064614927   -0.327499200559    0.7076    0.5349  -0.785   11
54116.207    0.779981802360    0.329201999261    0.3118    0.2450   0.274   20
54119.268   -1.185187899712    0.449099999589    1.4849    1.7365  -0.714    3
54125.251   -0.362931577062   -0.225298800416    0.1232    0.3233  -0.226   39
54126.270   -0.567407276673   -2.411596800656    0.8544    1.3460  -0.277    7
54130.207   -0.134170442935    0.372801599990    0.5192    0.2743  -0.085    4
54133.272   -0.399208542434    0.230399999879    0.4962    0.5353  -0.494   21
54137.209    0.064462416014    0.111902399347    0.1053    0.2257   0.017   40
54138.225    0.008393785280   -0.693597600154    0.4912    0.4781  -0.742    6
54139.244    2.323150678557   -0.927097200609    5.9107    3.9666  -0.984    4
54140.270    0.144661767008    0.131399999681    0.6300    0.8376  -0.717   17
54146.249   -4.863221993406    3.286501199984    8.1356    5.7820  -0.998    3
54147.272    0.450179118554    0.300801599629    0.3339    0.3355  -0.069    8
54152.206   -0.112281187652   -0.010598400557    0.1963    0.1359  -0.041   13
54154.270    0.219766540112    0.220100399506    0.2875    0.3495  -0.288    7
54161.272    0.646261084013   -1.086796800553    0.4490    0.5891  -0.599   17
54165.206    0.081699660033   -0.263498400699    0.1893    0.2049  -0.291   20
54166.272    0.297720847148   -0.895698000569    1.5731    1.5745  -0.784    9
54175.268   -0.163402847919    0.398800799584    0.5817    0.5992  -0.455    6
54179.206    0.098339623170    0.088700399825    0.2871    1.3475   0.491    3
54182.270   -0.851186508211    0.290501999256    0.6133    0.6522  -0.773   19
54186.208    0.224713561708   -0.498398400151    0.1369    0.2672  -0.041   19
54187.230   -0.015740513962    0.086101199770    0.1075    0.1714   0.033  149
54189.268   -0.629772153894    0.661802399282    0.5344    0.4781  -0.664   11
54201.208   -0.139416053843   -0.268797600178    0.1504    0.5619  -0.103   17
54203.268    1.282628124835    0.024299999613    0.5309    0.4960  -0.654    9
54208.207    0.168349920643    0.108201599680    0.1903    0.1953  -0.181   25
54210.270    0.484959353868   -0.965599200597    0.4149    0.5655  -0.513   30
54214.208   -0.019489445940    0.784000799481    0.1676    0.5632   0.085   39
54217.268    0.049470267081   -0.197100000321    0.9304    1.0100  -0.767   26
54224.270    1.570454877664    0.292100399868    1.1465    1.0551  -0.760    9
54228.208    0.281980333187    0.009802799372    0.2242    0.2589  -0.335   14
54235.206    0.039874813203   -0.029599200690    0.1334    0.1628  -0.049   27
54238.270    0.246001957128    0.592199999438    0.9501    1.1134  -0.506   31
54242.208   -0.495303070518   -0.009496800146    0.1461    0.1781   0.065   25
54245.268   -0.230110307891    0.758300399273    1.0998    1.4784  -0.729   10
54252.270   -0.246602765863   -0.304099200221    0.3084    0.3157  -0.304   12
54263.206   -0.051869974167   -0.061797600637    0.2499    0.2375  -0.487   24
54266.270   -1.244249939433    1.042502399606    1.6267    1.2574  -0.831    9
54270.208   -0.447329584623    0.063100799785    0.1856    0.1905  -0.242   29
54273.269  -20.831013447917   28.793102399938   12.9043   18.5211  -0.985    3
54277.206   -0.057266720351    0.160502399371    0.2165    0.2057  -0.241   21
54278.229   -0.165349251436    0.026099999761    0.1079    0.2109  -0.260  190
54284.208    0.277483036179    0.225701999490    0.1875    0.2113   0.039   20
54285.223   -2.864326168325   -0.695599200640    2.7675    2.9329  -0.730   10
54291.206    0.080501570416    0.150202799798    0.1992    0.1545  -0.052   19
54292.229   -0.027883180092    0.608399999980    0.1529    0.2406  -0.162   86
54298.208    0.514788988605   -0.401997600008    0.4700    0.9041  -0.454    4
54301.272   -1.772534449169    1.607000399950    1.9681    1.3211  -0.928    7
54305.206   -3.423041121533   12.820802399727    2.1230    7.8348  -0.995    4
54308.270    1.737754213855   -0.874098000381    3.0522    2.2918   0.418    5
54312.208    0.105837538256   -0.080100000233    0.3223    0.4328  -0.375    5
54313.227   -0.067009628266    4.740202799880    0.3980    7.9871   0.438    3
54314.250   -0.467419890426    0.201502799246    0.3038    0.4717   0.098   76
54315.272    3.583144813190   -0.667699200729    2.8056    1.9428  -0.955    4
54319.206   -0.031481027923   -0.114498000681    0.5267    0.2800   0.405    4
54322.270    2.540819731006   -1.810396800472    2.1992    1.4608  -0.965    6
54326.208    0.154706894345    0.502801199875    0.3372    0.3196  -0.106    6
54333.206    0.281530608599    0.124502399590    0.2147    0.2300  -0.192   21
54340.208   -0.206576868513    0.180100799874    0.1317    0.5144   0.135   27
54343.269    2.544417527709    3.065302799587    2.4779    3.5420  -0.792    3
54346.994   -0.369227772421   -1.219597200031    1.0593    1.9898  -0.287   15
54348.207    0.214369793929   -0.504198000151    0.3385    0.2866  -0.556   17
54350.271   -4.100632149322    2.709100799692    2.2787    1.5186  -0.966    4
54354.208    0.133418550053   -2.695197600300    0.2482    0.9782   0.485   14
54355.227    0.296522757531   -0.430898400161    0.5920    0.4416  -0.213   12
54361.206    3.618673413532  -13.166398800024    4.0316   15.2558  -0.999    4
54364.271   -3.878465850995    2.442700799232    1.9871    1.3255  -0.969    5
54375.210   -0.066408819531   -0.222397200655    0.2510    0.2473  -0.038    7
54378.271   -1.577949162640    0.205603199266    5.1548    7.2936  -0.944    5
54384.228    0.387817820314    0.332402400005    0.2523    0.2498  -0.006   42
54385.269   -1.766087118535    4.189003199517    1.5652    2.0020  -0.825    6
54390.207    0.247800906608   -0.016696800742    0.1644    0.2010  -0.040   19
54392.267    0.525435026934    1.127501999765    0.5029    0.7379  -0.319   10
54396.208    0.106585852156    0.002401199239    0.1495    0.2107   0.167   21
54398.250   -0.247800855479   -2.811898800203    0.6323    0.6807   0.763    5
54399.269    3.001792290797   -2.121699600011    1.3346    2.0198  -0.824   12
54403.206    0.172544998228   -0.046998000691    0.2178    0.1763  -0.301   21
54410.208   -0.015589378686    0.159299999591    0.1524    0.1282  -0.334   43
54411.227   -0.027282371357   -0.088398000120    5.0237    3.4263  -0.992    5
54412.246   -0.383917753060    0.631601999501    4.7448    3.1705  -0.990    3
54417.206   -0.253945966691    0.322401599817    0.1568    0.1803   0.020   16
54419.248   -3.662297158714    1.565902799427    0.3306    0.4653  -0.208    8
54420.271   -0.325003167377    0.787701599947    0.5341    1.1552   0.302    6
54424.208    0.468017171308    0.070102799565    0.2477    0.2340  -0.302   30
54425.271   -0.379722675475    1.315900799526    0.2815    0.9499  -0.167    8
54431.206    0.345392164749    0.042400799671    0.2701    0.2406  -0.546   31
54432.225    0.296073032944    0.264301199326    0.1639    0.2703  -0.112   29
54434.271   -0.419748572825    0.550202399641    0.9283    1.1929  -0.718   15
54438.208    0.221115765004    0.337903199821    0.2915    0.2857  -0.448   27
54440.250    0.135368532552    0.641001599799    0.1442    0.2315   0.031  123
54441.269   -0.199381172850   -1.279299600654    0.4407    1.1196   0.035   23
54445.206   -0.088298023686    0.272401199997    0.1347    0.1905  -0.287   26
54447.248   -2.338293962766    1.689101999869    0.1156    0.3417  -0.116   44
54448.271    0.093392601575   -0.646898400447    0.5882    0.7466  -0.278   13
54461.208   -0.139865829559   -1.894298400540    0.1867    1.0118   0.453   12
54468.206    0.063562966838    0.952901999707    0.2376    1.4942   0.576    4
54476.271    0.108683390949    0.727700399938    0.3437    0.3349  -0.060   17
54480.208   -0.650909465167    0.457001999443    0.3297    0.3353   0.221    6
54490.271   -1.242001316493    0.511700399652    1.7709    1.2667  -0.935   10
54494.208   -0.199679813290    0.144601199814    0.1887    0.2303  -0.060   22
54497.273   -1.108133092980    1.031601599344    0.6294    0.8838  -0.213    9
54502.225   19.433103619609    5.920300800000   11.4852    1.4787   0.978    6
54504.271    1.821105267074   -0.444196800142    0.7483    0.7477  -0.735   11
54510.250   13.298496718323   -8.008999200637    3.9824    2.6008  -0.989    4
54511.269    0.695281575377   -0.482299200577    1.5099    1.0281  -0.968    8
54517.248    0.105837538256   -0.219999600137    0.1462    0.4023  -0.135   41
54522.208   -0.007346779810    0.523101599637    0.1423    0.1805  -0.135   27
54525.273   -0.241954384708    0.906901199738    0.5737    0.5420  -0.599   11
54529.207   -0.027732095945    0.134801999963    0.0979    0.1854  -0.158   65
54532.271    1.403454181913   -3.493299599988    0.6761    1.4945  -0.131    8
54537.205    0.001647814205    0.356399999912    0.1912    0.6223  -0.753   62
54539.269   -0.089345029156   -1.354096800288    0.5069    0.8450   0.047    4
54543.207    0.129971786369    0.139903199425    0.0917    0.1918  -0.055   69
54545.270   -0.515389797340   -1.057399200199    0.3595    1.5423  -0.051   13
54551.209   -0.289776786456   -0.158198399980    0.1517    0.2214  -0.030   32
54553.269    0.379420456053    0.091601999586    0.3553    0.5771  -0.466   19
54557.207   -0.064160145463    0.833803199285    0.1481    0.2392  -0.209   22
54559.230    0.144064537254   -0.000097200648    0.1021    0.2143  -0.173  106
54560.271   -0.577301370991   -0.354600000563    0.3062    0.5682  -0.248   43
54567.269    0.156955568413   -0.346500000692    0.3302    0.3384   0.174   18
54574.271   -0.470715467707   -0.494899200021    0.4398    1.7789  -0.340    6
54581.273   -0.608782398915   -0.993297600171    0.3381    1.5719  -0.006    6
54585.207    0.026084332868   -0.142099200406    0.1315    0.2043  -0.023   42
54594.268   -0.234308964457    0.547300799880    0.2160    0.9267  -0.234   30
54599.207    0.095493770477    0.141001199516    0.2660    0.1735   0.276   17
54601.248   -0.104938037952    0.482000399593    0.0951    0.4909  -0.107   99
54602.271   -0.183039799025    1.292302799971    0.2980    0.9813   0.193    9
54606.209    0.462771509272    0.259801199753    0.4879    0.7435  -0.413    7
54608.250   -0.530529502566   -2.739600000456    0.2498    0.9880   0.162   18
54609.273   -0.077054806732    2.458101599867    0.3578    1.9048  -0.432    6
54612.995   -0.060864568182   -1.186898400363    0.6204    1.4657  -0.096   18
54614.207   -0.008994542886    0.491500799260    0.8382    0.6192   0.068    8
54616.271   -0.401309660208    0.532000799414    0.6101    1.7177   0.360    5
54620.209   -0.060713432907    0.182001599391    0.1135    0.2145  -0.147   41
54623.269   -1.218467877115    1.742000399929    0.2865    1.2579  -0.566   11
54627.207    0.012891082287   -0.065199600119    0.1643    0.6747   0.269   43
54628.270   -0.315109124186    5.091501599530    0.8708    2.3572  -0.779    4
54634.209   -0.169098234543    0.436903200018    0.1644    0.1847  -0.114   41
54637.269   -0.038226947870    0.074203199585    2.4772    1.6517  -0.967    9
54644.271   -1.697728265377   -1.211799600664    1.1686    2.2124   0.275    7
54648.209   -0.094144545585   -0.281199600405    0.2426    0.5052  -0.051   12
54655.207    0.228311409539   -0.431398800682    0.2840    0.3642  -0.014   10
54662.209   -0.104186093941    1.166601599323    0.1599    0.2363   0.218   53
54665.269    0.559913042825    2.274001199343    0.4656    1.9909  -0.340    9
54669.207    0.053668923647   -0.219798000600    0.4005    0.3114  -0.356    8
54672.271   -0.225015781130    1.300301999674    2.5089    3.8888  -0.736    4
54676.209   -0.087697214951   -0.135496800180    0.4098    0.4608  -0.619    7
54677.224 -169.476157093058 -143.813498400380   11.9087   11.0862   0.954    3
54679.269   -1.448729320281   -2.130897599972    0.5429    1.5914   0.612    6
54683.207   -0.247199995616   -0.109299600570    0.5539    0.2554  -0.086   19
54690.497    0.023986794076   -0.109396800418    0.2500    0.4025  -0.266   42
54691.502   -0.032679117540   -0.451897200460    0.2045    0.6343  -0.317   22
54692.499   -0.108985610371    0.272699999382    0.1515    0.2682  -0.169   23
54693.500   -0.338347553233    1.775401199655    0.2492    0.7314  -0.327   13
54694.500    0.055165602577   -0.461599200463    0.2021    0.2928   0.058   26
54695.501    0.143913401979   -0.575197200270    0.1521    0.3161   0.021   48
54696.502   -0.211671395273    0.304700399312    0.2890    0.9051   0.133    9
54697.499   -0.304617851242    0.068399999265    0.2668    0.4510   0.033    7
54698.500   -0.107334166057   -0.437097600514    0.1505    0.2913  -0.154   34
54699.501    0.063710472003   -0.084898799990    0.1293    0.1748  -0.066   55
54700.501   -0.327251841444    0.127000799477    0.2412    0.4919  -0.185    6
54701.499    0.027732147073    0.064303199565    0.2195    0.1836  -0.129   41
54702.499    0.023087344900   -0.189000000450    0.1608    0.2049   0.112   27
54703.500   -0.123675539882    0.458200799702    0.1833    0.2065  -0.076   44
54704.501    0.140916414010    0.090403199327    0.1802    0.2181  -0.142   20
54707.270   -0.202079571505    0.007199999796    0.7284    0.6617  -0.554    6
54713.249   -0.066261314365    0.188999999651    0.0947    0.1680  -0.378  328
54714.271   -1.620975626939    1.591199999762    0.6912    0.5980  -0.626    8
54719.239    0.813560420204   -0.050598000190    0.5123    0.4012   0.248   29
54732.209    0.029383540259   -0.793800000132    0.1952    0.4340  -0.230    8
54735.270   -0.431139294945   -1.530900000368    0.6500    1.3435  -0.224    7
54739.207   -0.087398574510    0.323402399260    0.5436    0.3359   0.606   16
54742.271    0.225764146159    1.105700399240    0.2544    1.3943   0.010    7
54746.209   -0.333699172079    1.437703199691    0.3753    3.1410   0.492    4
54747.228    0.114529912848   -3.197599200622    0.7112    1.7766   0.000   13
54749.273   -0.173746615697   -0.594698400125    0.5244    0.6089  -0.503   14
54754.208    0.510442826873    2.675699999966    0.4247    1.8699   0.059    5
54760.209    0.205227694749    0.021301200004    0.2378    0.2381   0.454   33
54782.226    4.781371300354    5.830401599916    1.0607    3.1389   0.723    6
54784.268   -0.513741983135    0.596602799963    0.4742    0.5155  -0.263    8
54790.251   -4.947022771213    2.341799999517    2.6961    1.6892  -0.975    3
54791.273    0.295623308356    0.329601599613    0.2624    0.8776   0.154   11
54795.207    1.374523996352   -1.090497600220    1.1484    0.8449  -0.865    8
54796.270    0.510291742726   -0.414900000756    0.3790    1.2726   0.566    7
54805.270    0.098192118005    0.692902799937    0.4745    1.4627   0.512    6
54812.272    0.008544869427   -0.245199600624    0.2389    0.7996   0.052   22
54819.270    0.229063353549    0.561700799473    0.3408    1.0894   0.333   17
54824.266    0.693184036585   -0.751399200460    0.4151    1.0037   0.141   11
54840.268   -0.049020491365   -0.100598400010    0.2536    0.3740   0.171   17
54847.266   -0.219169259231    0.190900799968    0.3634    0.7390  -0.123   19
54850.999   -2.064408774418   -5.074099200009    0.4310    1.1662  -0.671   18
54852.208    0.968717039137   -0.288399600201    0.4028    0.2069  -0.540   28
54854.272   -0.182438990290    0.759502799852    0.3857    1.0711   0.365   12
54866.226    3.372070647670   -3.081999600330    1.4850    1.1429  -0.711    5
54867.245    1.483955752330   -1.139799600303    7.8884    5.2556  -0.994    3
54875.270    0.253647377379   -0.637898400502    0.3119    0.5355  -0.088   26
54882.272    0.314511945561    0.268001999792    0.2761    0.4110  -0.281   20
54889.270   -3.446427055746   -5.093697600511    1.9487    5.2404   0.957    3
54896.268   -2.086895259455   -6.172297200546    2.6499    7.0493   0.978    3
54903.270    0.828102844549    0.229402799956    0.7074    0.5675   0.617    4
54907.207    0.066261365494    0.145000799368    0.1066    0.1762  -0.128   33
54914.209    0.141963368352    0.516700799746    0.2272    0.9318   0.361   16
54930.269   -0.733958247835   -5.141296800293    0.7033    3.1201   0.636    5
54938.272    0.757945093039   -0.193996800224    0.2708    0.3266   0.053   12
54945.270    0.031182438611   -1.125000000357    0.3369    0.5320  -0.160   13
54949.207   -0.217967590632   -0.074098800695    0.3246    0.2672   0.185   17
54951.267   -0.465469856799    1.672901999328    0.5207    1.9980  -0.227   10
54966.268   -0.163402847919   -0.460098000499    0.3191    0.8500   0.079   12
54973.270    0.240756346220    1.844200799272    0.3689    0.5490  -0.034   14
54976.999    0.995851905328    5.949403199690    2.1071    3.3606  -0.134   14
54978.208   -0.157254157726    0.102902399401    0.2590    0.6041  -0.320   25
54980.268    0.148561834261   -2.149999200274    0.5043    2.4679  -0.465    9
54987.270    0.869477966791   -4.587998400396    0.7514    2.3878  -0.135   10
54991.208   -0.209724940628   -0.696297600378    0.1367    0.4690   0.103   26
54993.271    0.624073239417   -1.850698800610    0.3173    0.8244   0.040   22
55001.270    0.198330639527   -1.034197200678    0.4277    1.5471   0.159    8
55008.268    2.800014938714   -2.507799599982    1.2423    1.0193  -0.723   12
55014.269   -0.038378083145    0.325202399409    0.2952    0.5883  -0.163   19
55029.270   -0.710122589035   -2.704298400413    0.8658    2.0848   0.530   11
55036.268   -0.987004765351   -0.921798000331    0.3208    0.4343   0.090   16
55043.270    0.609534394053   -0.984398400394    0.4491    0.4741   0.018   24
55047.208    1.755894486032   -1.093798800333    0.7079    0.6106  -0.784   22
55050.269   -0.196830330488   -0.241696800174    0.2423    0.3008  -0.046   13
55057.270   -0.157254157726    1.383202799499    0.3025    0.9245  -0.088   21
55061.208   -0.189184910237   -0.301899600519    0.2303    0.2321  -0.138   28
55064.269    0.274935772799    0.356601599449    0.6797    1.0308   0.476   12
55068.210   -0.844742807686   -0.468298800538    0.6178    1.5567   0.736   12
55078.269    0.346741338513    0.792701999242    0.2939    1.1724   0.143   20
55082.001    0.061012124476    0.258703199663    0.5780    3.4595   0.023    6
55085.270    0.081699660033   -0.757800000351    0.6110    0.8559  -0.698    6
55089.208   -0.173595480422   -0.103197600065    0.1777    0.2332   0.105   45
55092.269    0.275835221975    1.132901999412    0.6126    0.9637   0.217   12
55099.270    0.165651521987    0.281001599589    0.3762    1.4027  -0.048   14
55103.208   -0.887765693005   -0.209998800749    0.2644    0.2991  -0.031   36
55113.270   -0.739056404706   -0.006498000538    0.3766    0.6732  -0.275   25
55134.269    0.638464579615    0.398001599677    0.8171    0.8140   0.108    7
55141.271    0.532328452046    0.018302399596    0.2169    0.7939   0.215   22
55148.269   -0.171346857483   -0.062197200190    0.4313    0.6033  -0.383   29
55152.206   -0.630671603070    0.161600399462    0.3880    0.3642   0.068    5
55154.248   -0.073755599341    0.168101999520    0.2156    0.5731  -0.795   32
55155.271   -0.171048217042   -0.125596800160    0.6264    1.9820   0.548    6
55160.271    2.077001216264    2.374801199689    1.2994    1.6820   0.328   20
55161.998   -1.035428026962    3.258403199258    1.4902    1.9834   0.105   87
55169.271   -0.000449724588   -0.535798800527    0.2461    0.8720  -0.067   12
55173.208    0.219766540112   -0.028396800111    0.1719    0.1988  -0.054   14
55176.269    0.142862868656   -0.616399200482    0.2657    0.6870   0.286   23
55180.206   -0.258892988287    0.097199999249    0.1193    0.1741  -0.034   57
55182.248    0.103588864188   -1.299196800542    0.4262    0.5689  -0.348    4
55183.271    0.038525639439   -0.303498000331    0.5972    1.3091   0.603   12
55187.208   -0.187537096032   -0.084999600158    0.1485    0.6241   0.121   34
55188.271   -0.093245045281    0.257101199530    0.2013    0.6058   0.276   27
55195.273   -0.709971504888   -0.416998800290    0.8800    2.5012  -0.051    6
55204.273    0.283030866509    0.910303200019    1.1920    1.3742   0.905    6
55211.271   -0.558114093345   -1.958598000584    0.3581    0.9670   0.507    5
55218.269   -0.477011714194   -1.225699200536    0.2054    0.4798   0.160   22
55222.206   -0.779380942497    2.304201599923    1.1712    2.2317  -0.881    7
55224.248   -1.606433202594    3.938000399373    0.6076    2.6565  -0.224    3
55225.271   -0.052467203921   -0.229996800005    0.2516    0.3089   0.051   15
55232.269    0.643411601210   -5.776797600276    0.7651    2.3852   0.008    6
55238.248   -0.916548373400   -0.097898400586    3.3401    2.0418  -0.937    6
55239.271   -0.200280622025   -0.149698800556    0.3349    0.4412  -0.168   12
55244.209   -0.260994106060    0.279701999961    0.2209    0.2488  -0.040   32
55246.269   -0.225015781130   -0.159598800575    0.1860    0.5311   0.162   13
55253.271    0.028933815671   -0.536997599987    0.6036    1.0330   0.699   16
55267.271    0.071057251814    1.183802399307    0.2326    1.2320  -0.183   12
55278.206   -0.484207358729    0.444902399721    0.1667    0.2234  -0.127   29
55281.271   -0.399960486444    0.116600399735    0.3519    0.4326  -0.006    7
55287.272    0.327852701308   -0.075898800045    0.2145    0.3821   0.277   16
55293.207   -2.348036870681    3.379802399550    1.8931    2.3988  -0.805    5
55294.230   -0.264890543205   -1.329199200306    0.3607    0.9064  -0.170   11
55295.271   -0.760042580704    0.500101199652    0.2409    0.3800  -0.198   37
55302.269   -0.096090949102   -0.113598000606    0.1569    0.3859  -0.033   30
55309.271    0.096242084378   -0.097898400586    0.1809    0.4204   0.096   35
55316.269    0.527381430451   -0.004500000372    0.3689    0.7209   0.376   34
55321.229   -0.550468673094    0.042703199377    0.4384    0.5950  -0.213   15
55323.271   -0.288575117858    0.375001199693    0.2210    0.6495   0.122   23
55330.269   -0.011692941542    0.114202800017    0.2210    0.4152  -0.285   25
55335.229    0.568907636840    0.563702399958    0.6100    0.6021  -0.344    3
55337.271    0.312561911934   -1.332899999973    0.2227    0.7798   0.024   36
55344.269    0.973063200869   -0.395798400454    0.5817    0.5044  -0.651    4
55351.271   -0.679839650728   -0.229500000604    0.3425    0.3973  -0.151   15
55355.208   -0.362032076758    0.301301999350    0.2136    0.2587   0.013   18
55358.269   -1.895458045040   -3.618399600747    0.3471    1.2461   0.000   13
55365.271    0.092493152399   -0.573699600626    0.3633    0.4347  -0.322   13
55372.269   -0.793621147419    1.471499999450    1.0998   11.4144  -0.920   10
55379.271    0.161751454733   -0.373197600023    0.4147    0.9111   0.507   13
55383.000    1.468067733202   -6.470100000566    1.7514    6.0994   0.096    3
55384.209    0.095342635202   -0.182998800113    0.4540    0.4362  -0.243   24
55386.269   -0.526633065422   -0.279399600256    0.5373    0.8549  -0.420   27
55390.207   -0.026685141603   -0.369496800356    0.3709    0.4204  -0.131    4
55400.269   -0.372825620253    0.169801199501    0.2871    0.7481   0.029   29
55411.209   -0.622576509359    0.461901599369    0.3890    0.4765  -0.567   11
55413.250   -0.199528678015    0.038700000005    0.1106    0.2858  -0.093  227
55449.271   -0.065361865190    0.968702399895    0.2518    0.5110  -0.108   31
55474.207   -0.249599753831   -0.187099200133    0.3640    0.2835  -0.033   13
55477.268   -0.839795786091   -1.048899599976    0.3347    0.3950  -0.034    6
55495.209   -0.206127143925    1.551700799851    0.4579    1.5201   0.223    7
55516.207    0.011844076817    0.032302799635    0.1623    0.1912  -0.173   32
55524.268    0.682239460071    2.040001199966    0.5657    0.9157   0.196   17
55525.999   -2.096487083223    0.930502799612    0.8570    1.9565  -0.024   10
55547.271   -0.202378160818   -0.195796800373    0.2884    0.5203  -0.135   30
55582.270   -0.174944705314   -0.587797200513    0.3918    1.0583   0.082   22
55595.251   27.190337541021  -19.794697200570   26.1234   17.9445  -1.000    3
55600.207   -0.184687613229    2.010002399722    0.2601    1.1827   0.636    5
55603.268   -0.846390621891    2.258402399491    2.5253    9.0885   0.885    3
55616.249   -1.412301219634   -1.272099600058    0.0940    0.2111  -0.002  111
55645.272    0.257094089935    0.468403199427    0.3223    0.4139  -0.054   27
55650.228   -0.027883180092   -0.276598800664    0.2121    0.2415  -0.006   22
55652.270   -0.023385883084   -0.090000000252    0.2928    0.5110  -0.077   55
55665.247   -0.407605855567    0.502102799338    0.1772    0.8568   0.039   10
55671.270    0.052319749884    0.699400799675    0.2190    0.7191   0.295   44
55680.270    1.877170318827   -1.501297200157    1.3482    0.8853  -0.788   10
55691.206   -0.181690625261   -0.517899600005    0.4655    0.3327  -0.036   22
55722.270   -0.679692145563    1.393901999425    1.9279    1.2493  -0.889    3
55734.228   -0.855385215906    0.846802799881    0.6210    0.6128  -0.388    6
55750.270    0.477011765323   -0.968299200022    1.6566    1.1844  -0.840    7
55755.230   -0.310464322013   -0.227296800581    0.1769    0.4990   0.118   20
55761.206   -0.223515472091   -0.099496800399    0.5439    0.3974   0.013   20
55768.208    0.346892473788    1.542902399443    0.3874    1.5843   0.492    9
55785.268   -0.943981880032    2.372101199466    3.6080    2.7476  -0.869    6
55811.208    0.259342764003   -1.177898400417    0.2878    0.6884  -0.230   15
55819.500   -0.311662411630    0.067903199863    0.1033    0.1197  -0.124   52
55820.497   -0.052168563480   -0.068198400527    0.0839    0.1177  -0.186  100
55821.498    0.161751454733    0.108899999418    0.0975    0.1098  -0.175   80
55822.498   -0.221417933298    0.270403199831    0.2274    0.1233  -0.164   44
55823.499   -0.170447408307   -0.180399600058    0.1647    0.1399   0.045   18
55824.500   -0.360233178407    0.127702799535    0.1113    0.1440  -0.018   59
55825.497   -0.061012073348   -0.299998800202    0.1419    0.1948  -0.060   32
55826.498    0.185587113533   -0.113198400253    0.1111    0.1255  -0.067   77
55827.499   -0.302218093027    0.031301999392    0.1534    0.2626  -0.103   21
55828.499   -0.339844232162    0.058003199843    0.1115    0.1867   0.238   68
55829.500   -0.311061551767    0.140900399348    0.1581    0.1148  -0.228   48
55830.501   -0.081400968464    0.050000399821    0.0988    0.1038   0.030   62
55831.498   -0.033279926275   -0.239896800025    0.1223    0.1509   0.244   65
55832.499   -0.084998816295   -0.012099600522    0.0672    0.0857  -0.052  137
55833.500   -0.170148767866   -0.062596800543    0.1359    0.1495   0.060   44
55838.208    0.466520441250   -0.013899600670    0.2171    0.1675   0.067   17
55841.272   -0.495752846234   -0.285598800609    0.3639    0.4689  -0.048   25
55846.229    9.756579522209  -15.687900000660    7.7765   25.2415  -0.980    6
55848.270   -0.098040982729    0.166701599724    0.2980    0.4120  -0.378   35
55862.270    0.052017530461    0.752000399551    1.3792    1.0299  -0.875    6
55869.269   -0.797521214673    1.164401999620    1.0642    1.8213  -0.590    7
55882.250   -2.236054272341    3.060500399510    3.9376    7.7222  -0.896    5
55895.231   -0.631869692686   -0.074397600081    0.2597    0.3172   0.210   17
55901.206   -0.045721283974    0.197902799748    0.1789    0.1962  -0.136   22
55902.229   -0.213621428900    0.385801199787    0.1340    0.5684   0.380   30
55936.208   -0.116479895347   -0.018597600260    0.2151    0.1808  -0.033   18
55950.208   -0.212121119861   -0.159098400054    0.1867    0.2538  -0.272   12
55951.227    0.167597976632    0.657302399709    0.1765    0.3648  -0.213    7
55960.271   -0.021435900586    0.124901999943    0.2285    0.3776  -0.062   42
55967.272   -0.290226511044    0.203101199858    0.5943    1.5073   0.541    4
56009.273   -0.224263837120    0.790102799986    0.2986    0.8952   0.457   12
56013.206    1.181590103009    0.347803199841    0.5520    0.6346  -0.636   15
56030.271    0.028631596249   -0.324900000503    0.1732    0.5790  -0.122   35
56051.269    0.377171833113   -1.999299600275    0.2526    0.9047  -0.057   27
56055.206   -0.176592519519   -0.245898000362    0.1614    0.2525   0.034   54
56063.242    3.302362569620    4.568399999894    2.9913    6.4223   0.638    8
56065.269   -0.070758611373   -0.194896800298    0.9823    0.9619  -0.860   22
56072.271   -0.350939995079   -0.258498000605    0.9446    0.7144  -0.823    7
56100.271    0.304017042507   -0.548697600156    1.0626    0.8502  -0.731   28
56107.273   -0.037626139135    1.589101199428    0.1844    0.6227  -0.096   32
56114.271   -0.645660224149   -1.056898800478    0.4262    0.6224  -0.142    5
56128.271   -0.384968286383   -0.322599600633    0.6819    0.5714  -0.823   20
56132.208    0.174944756442    0.412502399438    0.1618    0.2657   0.066   17
56153.207    0.040324537791    0.647099999984    0.1665    0.2341   0.017   21
56181.207    6.059354571888  -14.168700000461    2.9789    8.4264  -0.933    4
56184.271    0.102836920178    0.049802399804    1.1747    0.9423  -0.923    7
56189.228   -0.108985610371    0.229701599341    0.8809    1.1685   0.173   17
56211.208   -0.016039103274   -0.547398000528    1.5171    1.8113  -0.949    7
56240.268    0.006145111212   -0.702597600100    1.2757    0.8159  -0.768    8
56247.269   -0.454075504570   -1.228500000128    0.5449    0.7035   0.445    7
56261.269    0.489604156040   -0.293896800496    0.8646    0.6913  -0.810   23
56267.249   -3.939330419177   -0.735300000088    0.1103    0.2355   0.135  201
56268.271    0.275533002552   -0.441597600087    0.5498    0.7545  -0.449   13
56272.209   -0.017690547589   -0.171198000576    0.2930    0.3740  -0.566   26
56273.231   -0.504297664532   -0.025898400224    0.4024    1.6129   0.240    6
56275.270   -0.399960486444   -1.747497600224    0.2511    0.8744   0.174   17
56280.540    1.810610364021   -1.953097200769    1.2510    1.1401  -0.171   14
56282.271   -0.022637569184   -0.665899200580    0.2351    0.3679   0.197   21
56296.271    1.095242061821   -2.322496800478    1.1309    1.8519  -0.795   12
56300.209   -0.209275216040    0.197200799690    0.1498    0.5698   0.372   15
56302.251   -0.286776168378    0.262101599624    0.1794    0.4305   0.605  231
56313.540    0.767839136230    0.901501199291    0.7353    1.0625   0.192   36
56315.210    0.037176465676   -0.328698000018    0.1922    0.2083   0.138   18
56317.270   -0.203428745269   -0.504000000134    0.3484    0.6540   0.546   45
56322.230    0.288276528546   -0.791798400446    0.1299    0.2256  -0.239   44
56331.270    1.052517816944   -1.337997600714    1.3757    1.3396  -0.858    3
56336.208   -0.246153041275   -0.018698400428    0.2298    0.3165   0.037   15
56345.270    0.405357283756   -0.817898400207    1.2541    0.9505  -0.834    5
56349.207    0.013340806875    0.356000399560    0.5033    0.4863  -0.741    4
56352.272    0.882070357509   -1.633197600359    0.8889    0.9551  -0.739   15
56356.205   -0.243602198913   -0.016696800742    0.1449    0.2051  -0.140   22
56377.207   -0.025933146465    0.359002799488    0.1577    0.5054   0.127   16
56387.270   -0.556764919582    0.692301599248    1.1252    2.0625  -0.377    3
56391.207   -0.013193250581   -0.484599600448    0.1490    0.2167  -0.116   31
56392.230   -0.589444037122    0.301402799519    0.1944    0.2765  -0.207   17
56399.206    2.503042456595   -0.465498000146    1.3195    0.3861  -0.355    7
56415.270   -0.479710061722    1.095703199372    1.0397    1.8394  -0.837    8
56433.185   -2.501243455987    9.416401199580    0.3189    0.6604  -0.108   36
56441.206   -0.203277661122   -0.147499200054    0.8483    0.5465  -0.638   10
56461.207    0.169997734847   -0.174398400521    0.3064    0.6913  -0.469    8
56468.206    0.965119191305    0.265100399233    0.3478    0.3057  -0.064   16
56470.251   -0.007645369123    0.170503199559    0.2169    0.3249   0.157   15
56471.270   -0.126373938537   -0.600699600461    0.2417    0.3378  -0.428  103
56476.270    0.111982649468   -0.899798400589    0.4934    0.5407  -0.421   38
56477.793    1.190584697023   -3.088598400236    0.7537    0.9569   0.459    6
56482.206   -0.180042811056   -0.404697600231    0.2489    0.2055  -0.157   17
56485.270    0.017388379294   -1.878598800520    1.9763    1.5194  -0.890    7
56496.209   -0.274633502248   -0.679996800468    0.3196    0.3332  -0.136    9
56503.211    0.475813675706   -0.715399200679    0.7121    0.7653  -0.643    4
56506.272   -0.238806261465    0.813502799524    0.2694    0.4741  -0.159   28
56511.787   -0.424544459145   -0.182998800113    0.3230    1.0425   0.204    9
56518.270   -0.406256681803   -0.089899200084    0.4690    0.7370   0.420    3
56526.251    0.918196238733    0.172400399556    0.5203    0.5991   0.184   12
56547.249    0.140315554147   -1.148896800096    0.1387    0.3785   0.008  268
56551.793   -0.630221878482    0.845503199454    0.2396    0.6972   0.070   17
56562.272   -0.750896851414    0.230803199752    0.9680    0.6804  -0.826    6
56565.789   -0.425893684037    0.551699999285    0.2735    0.6726   0.120   10
56569.270    0.011243268083   -0.041997600597    0.7145    1.0239  -0.639    7
56576.268   -0.156505792697   -0.222897600377    0.2817    0.3388   0.053   43
56579.793   -0.894961388668    0.195901199262    0.1771    0.5757   0.224   25
56588.793   -0.053366653097    0.616600800019    0.1815    0.5445   0.191   31
56590.272    0.023087344900    0.212201999972    0.5935    0.2417  -0.170   14
56600.791    0.191134994992   -0.506296800484    0.1897    0.6100   0.083   21
56611.270   -0.237755677013    0.859402799325    0.6511    0.6555   0.014   12
56615.208    0.689136464165   -0.622800000372    1.3018    0.8681  -0.906    3
56623.272    7.985394246804    0.851302799454    0.8692    0.6508  -0.431    5
56628.225    0.565309789008    8.944102799990    0.4247    3.7129   0.275    4
56629.208   -0.435489086787    0.148201199313    0.4981    0.1661  -0.340    9
56630.230    0.180042862185   -1.156096800692    0.6753    1.1645  -0.195   13
56632.269   -0.350040494775   -0.625399200427    0.5003    0.9928   0.384    6
56634.263   -0.828401433861    0.261899999288    0.3526    0.6799   0.215    6
56636.257   -0.418399399061    0.134301599441    0.3324    0.7372   0.291   13
56638.251   -0.501297097583    1.570499999648    0.3547    0.8344   0.302   12
56639.270   -0.258594347846    0.102002399327    0.3450    0.2701  -0.099    6
56641.243   -0.499199558790    1.176800399527    0.3192    0.7055   0.360   13
56644.227    0.079753205387  -42.519099600380   34.1834   67.6517  -0.591    3
56646.272   -0.206127143925    0.155401199908    0.3493    0.2071  -0.018   16
56653.270   -0.189785770100   -0.528199200378    0.1642    0.3208  -0.204   22
56671.208    0.359484864506   -0.082699200288    0.3897    0.3371  -0.356   22
56674.269    0.204328245573   -0.252496800268    0.6060    0.4679   0.064    8
56687.250   -0.399510761856    0.156801599704    0.1713    0.1297  -0.202   56
56701.250   -0.220817073435   -0.180799200411    0.0672    0.0988  -0.078  230
56713.208    0.287675668682   -0.433098000663    0.6718    0.1930   0.127   16
56720.206    1.046520210897    0.894502799831    0.3451    0.2150   0.394   22
56730.272   -1.696227956338    1.202201999551    1.4646    1.5464  -0.945    4
56734.206    0.174944756442    0.293900400017    0.2453    0.2216  -0.190   15
56735.791   -0.009293183327    0.299203199816    0.1612    0.5326   0.102   30
56737.271    0.338495109527    0.397303199939    0.8526    0.7323   0.325   10
56748.206   -0.017539412313    0.154602000002    0.2848    0.2384  -0.242   46
56756.227   -2.653403086952   -0.589698000031    0.5116    1.3585  -0.098   13
56762.206    0.019338361793   -0.089298000194    0.1463    0.1181   0.071   37
56772.273   -0.286178938625    0.042602400008    0.2259    0.3564  -0.381   37
56777.269    0.029531045425    0.199799999745    0.1676    0.2282  -0.095   39
56799.250    9.468151909517   43.275103199303    2.7198    7.1533   0.951    3
56803.794    0.007494336104   -0.463399200612    0.2214    0.5777   0.271   18
56805.207   -0.228462493686    0.482000399593    0.1098    0.1193  -0.094   78
56807.271    0.894511664080   -0.678600000192    0.7109    0.5274  -0.721   19
56812.790   -0.260994106060    0.014000399240    0.1544    0.4498   0.202   20
56819.207   -0.394114015673   -0.188100000376    0.1782    0.1822   0.111    9
56820.248    8.060948795625   12.356600399688    0.8671    0.5834   0.174   12
56821.271   -0.316458349078    0.188200799744    0.3234    0.3369  -0.525   32
56826.209   -0.063260696287   -0.280497600347    0.2198    0.2046  -0.201   17
56828.269   -0.343442079994   -0.076298400398    0.5295    0.2097   0.297   25
56832.206    0.007195695663    0.056001599358    0.1875    0.1344  -0.237   11
56833.229   -0.106585852156    0.880603199960    0.1325    0.3960   0.051   40
56838.792   -0.260094656885   -0.217897200283    0.1117    0.3345   0.060   35
56841.272   -0.096990398278    0.089902799605    0.2769    0.2268  -0.152   20
56848.248    1.403004457326    8.360600399993    0.6933    2.0787  -0.029   35
56853.208    0.833049866144   -1.127599200412    0.6550    0.5537  -0.774    3
56878.498    0.114832132270    0.972802799915    0.1521    0.2824   0.180   78
56888.207    0.208073598570   -0.399999600642    0.2029    0.1955   0.333    7
56896.227   -7.725749263379    1.839801599868    1.0674    0.4625   0.227    6
56898.269    1.711371291674   -0.416397600400    2.0756    1.0189  -0.903    5
56901.998    0.663951631601   -6.892099200151    1.6715    3.9662  -0.228   23
56912.269   -0.152159630965   -0.692697600080    0.3153    0.5852  -0.307   42
56926.269    1.701326113209   -0.987397200003    0.4702    0.2255  -0.289    9
56930.207    0.422295887334    0.334400399371    0.2762    0.2104  -0.571   26
56932.270    0.066559954806   -0.170100000485    0.1692    0.2747  -0.450   92
56968.269    0.187688282436   -0.498697200335    0.3006    0.2269   0.201   11
56972.207   -9.506080216946  -70.175498400271    2.0032   15.0988   0.992    4
56982.269   -0.039874762075    0.000899999275    0.1632    0.2970  -0.206   67
56986.207   -2.056011410157    1.438901999951    0.2523    0.3973  -0.312   16
56996.269   -0.006897004094    0.255502799718    0.2418    0.4482   0.131   15
57022.268   -1.245300523884   -1.295398800227    0.3545    0.7494  -0.211    7
57028.207   -1.492651654775    3.382102799421    0.1633    0.3302   0.067   44
57031.271    0.111234284439   -0.041598000244    0.4383    0.3712   0.223    3
57036.209    0.608483809602    0.436003199944    0.1117    0.1945   0.063   55
57037.250    0.673694590645   -1.751997600596    0.3139    0.5481  -0.090   48
57049.209    0.007195695663   -0.453297600256    0.1598    0.3137   0.088   49
57052.270    0.611031072983   -0.306097200387    0.2092    0.1960   0.241   27
57057.230   -1.502095973378   -0.721198800679    0.4532    0.3038   0.177   22
57063.209   -0.459324745587    0.243601200012    0.1932    0.1978   0.107   56
57066.273   -0.225163286295    0.096400799343    0.1261    0.1394   0.154   77
57071.226   -0.697828787629   -0.020199600392    0.8680    1.9546  -0.594   34
57072.581  -96.004921124483  150.507201599304   46.5541   63.0982   0.326    5
57073.271    0.372077306352    0.053402399303    0.1548    0.1718   0.251   99
57080.273    0.159502831793    0.520199999876    0.4165    0.2268  -0.073   37
57087.271   -0.265491403068   -0.038797200652    0.2432    0.1622   0.000   47
57094.270   -0.539225456140    0.189701999709    0.2749    0.2129  -0.375   87
57101.271    0.311511327483   -0.023097600632    0.2220    0.1367  -0.198   70
57108.270   -0.090996422342   -0.424897200624    0.1230    0.1503  -0.016  114
57112.207   -5.847830630652    1.827100799456    0.2685    0.1758   0.038   58
57113.226    0.166399887016    1.308902399266    0.5697    1.7420   0.053   18
57114.274   -0.188436596336   -0.116197200661    0.1872    0.1943  -0.074   93
57120.206    1.673892657705    0.980701199449    0.1657    0.2812   0.090  127
57122.270    0.076605133272    0.191699999874    0.1295    0.1448  -0.101   76
57129.272    0.565460924284   -0.319096800183    0.1173    0.1365   0.003  107
57136.273   -0.571005124504    0.511199999931    0.1280    0.1384  -0.057   99
57147.209   -0.297422206707    2.693102399487    0.1397    0.1779   0.110  213
57148.228   -0.536976833201   -1.864897200665    1.3305    2.5893  -0.229   24
57163.251    0.426642049066    0.720403199495    1.1819    1.4573  -0.819    5
57196.207   -0.043022885318    0.157903199316    0.0975    0.1399   0.111  177
57203.209   -0.221115713876   -0.604897200329    0.1326    0.1321   0.188  146
57204.363    2.999845836152   -0.566100000476    0.6493    0.5419   0.148   91
57210.207   -0.372976704400   -0.849099600231    0.1057    0.1260  -0.133  135
57234.270   -0.372375895665   -0.120398400050    0.2040    0.1578   0.149   61
57237.999   -0.225465505718    1.783202399341    0.4451    2.5737  -0.191   52
57239.208   -0.718966098902   -0.189399600004    0.1139    0.1039  -0.031   99
57260.228   -3.079296770989   -0.932896800609    0.3543    0.4979   0.071   33
57261.251   -1.423094712001   -0.120600000386    0.3237    0.3080   0.011   98
57262.270   -0.378071231161   -0.342198000336    0.1278    0.1376   0.050   68
57269.272   -1.112928979300    0.894200399326    0.1812    0.2133   0.033  100
57272.997   -2.214917012197    3.675002399994    1.2379    1.8237  -0.433    3
57274.206   -1.875072728906    0.008002800023    0.1082    0.2149  -0.271  125
57276.270    0.349738326481   -0.169498800595    0.1858    0.1921  -0.209   96
57280.207    2.681585009741   -1.412798400668    0.1006    0.0974  -0.349  156
57283.268    0.830948748370    0.266399999660    0.2213    0.2071  -0.306   57
57291.501-5492.398017265071 7683.099400799964   13.4664   20.6644  -0.930    3
57294.207   -0.432038744121   -1.373698800311    0.1022    0.0849   0.037  100
57302.228   -0.240903800257    0.874000799733    0.3661    0.4240  -0.185   19
57304.241   -0.786576587032    0.430603199497    0.0940    0.1149  -0.166  201
57315.209    0.330101375375   -0.097099200680    0.0808    0.0972  -0.448  351
57317.207  -39.895939828427   21.558200399241   14.8814   13.9507  -0.190   20
57330.206    0.578801680031    0.038602799357    0.0950    0.1282  -0.127  278
57336.208   -1.018636928549   -0.228798000546    0.1128    0.0858   0.159  128
57337.227   -0.213920018213    0.512200799374    0.8364    1.0876  -0.541   25
57338.249   -0.096090949102    0.416203199904    0.4269    0.4966  -0.323   26
57338.582  -11.065291877656   60.482901599901    3.2818    7.9443   0.344   48
57343.209    1.001547291952    0.621899999498    0.0769    0.1588   0.138  465
57344.228    0.985508137550    0.329201999261    0.3018    0.4787  -0.065   32
57345.247   -0.487506566120   -1.320098400193    0.4088    0.5448   0.048   26
57346.270   -0.274183777660    0.080999999508    0.1158    0.1099   0.120  111
57359.251    0.371476446489    2.649002399835    0.0735    0.1261   0.035  110
57360.270   -0.526931654735    0.113900399512    0.1109    0.1327   0.014  124
57364.208    0.408354271724   -0.402998400251    0.1128    0.1264  -0.293  231
57372.225    0.113781547819    1.090702799278    0.7304    1.2053  -0.432   38
57373.248    0.649560291403    4.779701999791    0.5522    1.2602  -0.396  316
57373.248    0.156955568413    0.300200399739    0.8994    2.0575  -0.646  123
57379.271    0.824504996717    6.064401599293    0.1063    0.2008   0.247  177
57398.771    0.602486254684   -0.346597200540    0.1877    0.2217  -0.076   19
57401.233   -2.959819887674   11.565802799485    0.1092    0.1897  -0.121   75
57409.269   -0.450927381326   -0.601297200031    0.1231    0.1190   0.028  107
57412.998    1.259691915210   -0.744699600386    0.5105    1.8889  -0.083   21
57428.225    1.489654717935   -0.692798400248    1.0727    0.8598  -0.667    7
57429.248    0.904254623123   -0.526096800524    0.4918    0.5221  -0.214   32
57435.227    0.000000000000   -1.904299200728    0.5372    0.6319   0.012   43
57436.257    0.363082712338   -0.255099600643    0.5956    0.6245  -0.148   26
57437.269   -0.721516941264   -1.346299200122    0.1405    0.1721  -0.158  128
57448.208    0.013491891022    0.284201999534    0.1023    0.1191   0.175  253
57451.269    1.616176161638   -0.273196800382    0.1585    0.2410  -0.014   89
57462.208    0.371775086930   -0.130197600701    0.1563    0.1533   0.215  175
57464.250  112.745498736819    0.327502799280   17.5219    4.6083  -0.949    3
57470.229   -0.267437806585    1.461801599767    0.4725    2.4790  -0.364   26
57477.209    3.169242711136    2.861600399839    0.1399    0.2211   0.303  181
57479.269    0.082451604043   -0.555199200214    0.1009    0.1339  -0.165  170
57484.229   -0.857184114257   -2.404699200564    0.5989    1.2029   0.664   43
57485.251    0.118429928974    2.362100399278    0.4702    1.8190  -0.459   47
57486.271    0.102988055453    1.824602399569    0.1062    0.1340  -0.008  127
57498.229    0.009145729290   -0.068698800249    0.1027    0.2176  -0.450  227
57500.271    1.451877443525    2.624702399423    0.1736    0.2655   0.320   30
57505.209   -1.727561479096   -1.279497600670    0.1885    0.2426   0.090   82
57520.250   24.094997985520  -13.803998400341    4.3025    1.5769   0.320    9
57520.253   -0.192635252903  -27.544698000082    0.7637    1.1700   0.118   11
57526.207    0.423943701538   -2.097097200693    0.1543    0.2310  -0.067  101
57535.269    2.065905504475    2.051002799597    0.6146    0.8730   0.387   27
57540.207    0.237755728142   -6.731596799980    0.1892    0.8677   0.194  146
57542.271   -0.052618288068   -0.463996800182    0.1753    0.2256   0.085   62
57556.271   -0.308064563798    1.056700799662    0.1410    0.1758  -0.110   60
57561.227    0.868276298193    1.218002399739    0.2874    0.7527  -0.228   46
57562.250    0.745802375781    1.068800399384    0.3062    1.3972  -0.244   77
57563.269   -2.113576770948    1.265399999983    0.2073    0.3247  -0.172   55
57567.206    1.051916957081    2.774501999347    0.1583    0.3740   0.222  221
57568.229   -3.691227344275   -2.164597200682    0.5308    0.3961   0.056   29
57570.271   -0.911302762493    1.788101999267    0.1073    0.2128  -0.144  104
57574.208    1.006494313547    2.347300799332    0.1778    0.2784  -0.160  175
57581.206    0.314062220973   -3.290698800651    0.1286    0.1992  -0.020  324
57588.208   -1.492950295216    4.358203199928    0.1328    0.3036  -0.173  212
57598.271   -1.060163134938    4.973399999830    0.1498    0.2452   0.020   88
57609.206    0.032531663503   -4.203198000052    0.1046    0.1940  -0.007  211
57612.271   -0.946831362835    4.600202399807    0.1737    0.2441  -0.138   74
57624.229    0.098940483034   -1.975996800585    0.3996    0.5263  -0.427  254
57626.271   14.911075032129    6.096103199837    0.1390    0.2737  -0.010   78
57636.998    0.413751017907   -1.929898800768    0.2595    1.2374  -0.409   67
57637.082   -1.668794449706    0.368600399803    0.3012    0.3299   0.031   29
57638.207    0.728860193221   -0.816498000411    0.1445    0.1784   0.209  115
57644.208    0.234758740173   -2.185099199981    0.2169    0.2743  -0.082  125
57646.250   -0.059813983731   -0.277999200460    0.0686    0.1281  -0.107  271
57647.269    2.407401180952    2.162602799238    0.1755    0.2774   0.210   53
57651.206    0.328903285759   -3.953599200024    0.1526    0.3375   0.534  168
57652.229  -27.529131188732   41.862599999298    0.5324    0.4455  -0.051   56
57653.248    0.150508237779   -1.358697600029    0.5468    0.6455   0.189   13
57654.271   -0.223666556238   -1.061197200514    0.1752    0.1930   0.221   54
57660.250   -0.070157751509    0.388101599658    0.6199    1.1174   0.135  341
57661.269   -2.982453877876   -4.979599200183    0.1551    0.3144  -0.047   90
57667.230   -0.042724244877    0.601102799536    0.2247    0.2367   0.059   45
57668.271    2.013736889867    1.097600399369    0.1620    0.2194  -0.059  121
57669.345    0.486157443484   -1.862100000594    0.4240    0.4344   0.387   39
57670.313    1.413049635791   -0.579099600273    0.4084    0.4917  -0.010   29
57674.228   19.432355254580  -43.565698800485    0.8568    1.9452   0.087  179
57680.229    0.723164806597   -0.353296800615    0.3790    0.4156   0.085  117
57685.189    0.763489344388   -0.418298400717    0.2869    0.3157   0.224   37
57694.229   -1.915397266697   -2.189998800706    0.2498    0.3854   0.267   39
57699.186   -0.600237529488    3.117502799910    0.3851    0.3958   0.204   32
57701.227    2.221364342831   -0.435398400533    0.6491    0.6682  -0.609    9
57702.250    1.014139682670    0.854801999584    0.4394    0.6212  -0.059   25
57703.269    1.494900379971    0.876103199587    0.1854    0.2278   0.002   42
57708.229    0.615679505265    0.256402799792    0.4031    0.5499   0.353   29
57709.248    1.163000106244   -1.182898800511    0.5950    0.7624  -0.612   16
57710.267   -0.599039439871   -1.154700000416    0.1597    0.2012  -0.155   46
57715.271   -0.563061114941   -0.575197200270    0.1446    0.1474   0.072   92
57716.999   -0.558714953209    1.934902799583    0.5789    1.6446  -0.393   98
57717.313    2.679037746360    2.855602799823    0.4012    0.3688  -0.081   73
57728.208    1.171994700259   -1.028998800567    0.1349    0.1096  -0.327  205
57729.228   -0.925244326974   -0.564699600680    0.3138    0.2614  -0.042   38
57730.250   -0.034927740479    1.008500399990    0.4897    0.5426   0.048   30
57732.292    2.605131011744   -2.947996800273    0.3794    0.3983  -0.079   73
57743.209   -1.451726308249   -0.175798800317    0.1621    0.0931  -0.255  110
57750.207   -0.111982598339    1.111402799392    0.2503    0.6701  -0.090   89
57764.207    0.635168951205   -1.507096800157    0.1424    0.1564   0.159  198
57765.248    0.366828065335   -0.622198800482    0.3101    0.4463  -0.526   16
57770.187   24.846797916219  -44.250397200063    0.8680    0.7371  -0.373    5
57772.228    0.807865033580    3.858800400014    0.2257    0.4061  -0.149   55
57778.229    0.977412992711   -0.193500000023    0.3277    0.2603  -0.015   18
57786.247    0.055766462440   -1.575997200742    0.1802    0.4074   0.147   39
57787.269 1844.815853305061-1606.403199600237    0.0720    0.1470  -0.074  171
57792.229   -0.237305952426   -0.073098000453    0.5071    0.4208   0.140   50
57793.249    0.528730604215    2.430201599957    0.7652    1.5143   0.068   48
57798.209   -2.034874150012    0.633599999667    0.1214    0.4210  -0.157  177
57799.228   -0.104488313364   -1.205697600160    0.2995    0.5287  -0.233   29
57800.250   -1.077702598380    0.267800399456    0.2820    0.4965  -0.066   54
57801.269   -1.110680356361   -0.327999600280    0.1359    0.1410  -0.106  133
57807.227    0.235359600037    0.079401599695    0.3654    0.5287  -0.177   16
57812.209   -0.128471477330   -0.631699200149    0.0984    0.1565   0.217  328
57815.269   -0.546719741116   -1.369598400291    0.2212    0.2634   0.152  109
57821.249    2.292119375222    0.583401599830    0.1588    0.4781   0.101   24
57822.271    0.983259463482    0.349102799468    0.2067    0.2316  -0.031  104
57826.209    1.166446818800   -0.693399600138    0.1194    0.1455  -0.084  199
57828.250    0.939934358741   -2.285398800606    0.1484    0.5169   0.289   26
57829.269   -0.122624955430   -0.478998000464    0.1400    0.1331   0.037  122
57834.230    3.440879225416   -1.992999600553    0.7026    0.4420   0.469   18
57836.271    0.632168384256   -0.213300000063    0.1878    0.2893   0.082   32
57841.228    1.014589407258   -1.798200000103    0.5476    1.6812  -0.024   33
57847.207    0.794070923135   -0.164998800223    0.0889    0.1293   0.018  380
57849.249   -0.266088632821   -2.236096800523    0.1342    0.4801   0.317   24
57849.249   10.856167745763   -6.305299200360    0.8850    0.7906   0.085   12
57850.271    0.779229858350   -0.609199200685    0.0957    0.1053  -0.136  279
57854.209    0.001647814205    2.222100000004    0.1139    0.2782   0.011  257
57855.228   -9.148545386067  -29.814598800204    0.4045    0.6201   0.089  143
57856.272   -0.880271408029   -2.340698400705    0.1175    0.1675   0.043   66
57868.209    1.237655154761   -1.717599600148    0.1417    0.1926   0.036  202
57869.228   -1.674792055752    0.474901199965    0.4328    0.3068  -0.333  270
57871.270    0.810710937401   -0.353397599984    0.0921    0.1649  -0.131  156
57875.167    0.134170494064   -0.600897600478    0.2284    0.2680   0.446   61
57875.189   -0.151857411542    0.952801199539    0.1630    0.2419  -0.011   90
57877.227    0.662749963003   -4.213998000147    0.2629    1.3763  -0.462   93
57883.228    0.798870439565   -0.231497999970    0.1721    0.5055  -0.021   30
57896.209    1.413049635791    0.614699999701    0.1135    0.1431  -0.351  188
57897.228    1.110083126607   -1.679097600160    0.3410    0.5299  -0.014   78
57899.270    1.151008524261   -0.201297600189    0.1202    0.1676  -0.035  159
57901.417   -1.002295554724    0.440902799870    0.1369    0.2817  -0.298   81
57906.271    0.308665474790   -0.837997200431    0.1262    0.1282  -0.047  129
57911.206    0.058914585684   -0.651499200188    0.1180    0.1051   0.119  234
57912.251    0.500397648407   -1.062997200663    0.1491    0.5478   0.104   19
57913.270    0.860033648188    0.346499999893    0.1386    0.1510   0.134   95
57925.228  -10.952409779012    8.507300399341    0.2064    0.4416  -0.101  156
57931.207   -3.585242300854    0.074203199585    0.0954    0.1424   0.070  245
57933.249    0.780881251536   -0.299098800127    0.1141    0.2019  -0.258  318
57939.228    0.401007491914   -3.371299200605    0.4528    2.3091  -0.389   25
57941.270   -1.068405784943   -0.081496800508    0.1023    0.1585  -0.276  165
57946.230   -9.483144058450  -28.555898400295    0.2123    0.6991  -0.148   56
57948.268   -1.538372938749    0.137401200018    0.1073    0.1267  -0.034  131
57952.187    0.148709339427   -0.436298400608    0.1246    0.3769  -0.125  285
57954.247    0.405206148480    3.662902799473    0.1827    0.6738   0.027   22
57955.270    1.347389130161    0.399599999490    0.1038    0.1284   0.020   96
57960.230    1.685736734522    0.844502400010    0.2711    0.3919   0.432  308
57969.270   -0.202979020681    0.346701599430    0.1238    0.1333  -0.046  125
57970.691    0.281231968158   -0.157500000242    0.1325    0.2774   0.046   47
57980.209    1.017737530502    0.642902399317    0.0951    0.1424  -0.205  217
57982.247   -0.020388895116    1.451102399841    0.2245    1.0512   0.018   24
57983.270    0.425595094724    0.167601599799    0.0976    0.1112   0.031  155
57994.209   -0.531878676330   -2.126700000105    0.1426    0.1311  -0.019  114
58004.268    1.403155592601   -0.015199200298    0.0870    0.1061   0.091  135
58008.209    0.973664060732   -0.845499600732    0.0849    0.0999   0.051  324
58009.228    1.173642514464    1.303401599451    0.5974    1.1342  -0.022   55
58010.247   -0.199381172850    1.220000399904    0.7098    2.2646  -0.135  151
58011.270    0.090694254048   11.645999999566    0.0733    0.1993  -0.045  189
58016.230   -0.469366293943    2.877101999843    0.1871    0.7947  -0.061   15
58018.268    2.992049331754   -5.942700000094    0.1272    0.1554  -0.156  124
58030.230  -47.660815539980  361.163300399969    3.6539   29.6873  -0.996    3
58033.499   -3.556610755733    1.510502399960    0.1517    0.1269  -0.308  183
58036.001    0.672046776440    1.760803199247    0.2533    0.5487  -0.270   55
58036.187    0.990304023870   -2.525997600689    0.2136    0.6639  -0.136   23
58043.207    0.041975982105    2.014300799758    0.0799    0.0896  -0.058  326
58044.230    0.131472095408   -1.561096800629    0.5559    1.1078  -0.144   47
58046.268   -4.505237437939    1.617602400028    0.1168    0.1297  -0.019  145
58050.209    2.088244484347    1.257101999297    0.0994    0.1307  -0.024  281
58053.270   -1.464919558831   -0.132199200387    0.1377    0.1743   0.173  142
58059.249    0.602935979272    3.010003199488    0.1878    0.4664  -0.120   34
58060.272    0.598140041824    0.716702399828    0.1619    0.1379   0.075   82
58065.228   -0.305067575830   -1.392498000108    0.2505    0.4595  -0.248   56
58066.247    1.901304566940   -0.532998000136    0.2343    0.3909  -0.096   87
58071.207    0.507294703629   -0.363099599987    0.0974    0.0970   0.006  215
58072.226   -0.144211991291   -0.747799200163    1.6521    0.7833  -0.720    8
58073.249   -5.675882913306  -21.595096800375    0.1367    0.1249   0.132  189
58074.272    1.001248651511    0.016801199632    0.1338    0.1469  -0.052  109
58078.209   -0.167597925504    2.444601599549    0.1140    0.1891  -0.152  180
58079.272   -2.106532210560    2.990602799802    0.1649    0.2656   0.103   57
58081.000    0.222015214180   -0.161197200388    1.0637    2.5437  -0.511   56
58085.500   -0.040025897350   -0.321098400669    0.0511    0.1386  -0.019  223
58085.500   -0.333548036803    0.543401999398    0.0837    0.1470   0.502  178
58086.500   -0.854035991014   -0.941896800555    0.0719    0.0854   0.135  166
58087.498   -0.380319905229   -0.146098800258    0.0412    0.0935  -0.124  257
58087.498   -0.287377028241    0.188301599913    0.0623    0.0687  -0.008  344
58088.498    0.070308886785    0.791801999966    0.0606    0.1236  -0.501  161
58088.498    0.325305437927   -0.960300000319    0.0954    0.0850  -0.119  101
58089.499    0.407753411861   -0.149299200203    0.0382    0.0816  -0.105  313
58089.499    1.090744764814    1.545800399683    0.0676    0.0862   0.022  258
58090.496   -0.657353165691    0.581601599681    0.0414    0.0979  -0.091  279
58090.500    0.687934795567   -0.622198800482    0.0591    0.0739   0.036  381
58091.453    0.675043764408   -1.033297200603    0.0144    0.0594  -0.046   83
58091.497    0.107334217185    0.456202799537    0.0366    0.0779  -0.252  299
58091.497   -0.190685219276   -2.118898800418    0.0929    0.0757   0.247  252
58092.454   -0.517638471407   -1.554300000706    0.1965    0.5763  -0.251   59
58092.498   -0.557214644170   -0.770198400257    0.0349    0.0776  -0.142  250
58092.498    0.356185657115   -1.427799600151    0.0649    0.0722  -0.040  238
58093.451   -1.115778462103   -1.632599999990    0.2987    0.6768   0.385   41
58093.499   10.590377702254   -0.616096799977    0.0950    0.0812   0.040   96
58094.452   -0.232808655418    2.107799999340    0.1088    0.3712  -0.451   32
58094.496   -0.242252974021   -1.778497200711    0.0653    0.0742  -0.039  211
58095.478   -0.461123643939   -0.897098400365    0.2173    0.5708   0.476   54
58095.497    0.034179426579   -0.496098000280    0.0611    0.1521   0.038  211
58095.500  -20.690697893770  -15.714198000438    0.2240    0.1774   0.154   21
58096.497    0.257993539111   -0.721198800679    0.0386    0.0790  -0.283  255
58096.497    1.234208442205    0.467801999537    0.0670    0.0792   0.067  183
58097.498    0.254996551142   -0.230799600232    0.0399    0.0823  -0.395  218
58097.498    0.584946791242   -0.597499200516    0.0612    0.0801  -0.002  218
58098.499    0.357534830879    1.319702399361    0.0472    0.0938  -0.334  228
58098.499   -1.421745538237    0.342201599857    0.1684    0.1623   0.315   21
58099.496   -0.471917187433   -0.187200000301    0.0484    0.1000  -0.367  217
58099.500    0.853586317554    1.336499999471    0.0766    0.1058  -0.192  140
58101.249    0.484059904692    0.308401199778    0.1731    0.7367  -0.127   23
58106.209   -0.274784586395    0.757501199367    0.1562    0.3334   0.041  104
58109.000    0.975614094359   -6.507496800623    1.1887    3.1741  -0.489   41
58128.230    0.677443522623   -2.574900000418    0.2237    0.5027   0.002   80
58130.268    2.503042456595    4.540903199857    0.1189    0.2271  -0.030  191
58136.247   -3.123820016474   38.226200399460    3.1663   23.6778  -0.990   10
58145.291   11.803747473627   11.576602799579    0.9606    3.0440   0.186    3
58151.270    0.244803918639   -0.231497999970    0.1197    0.1816  -0.033  104
58156.227    2.638410989147   -4.358700000129    0.3142    0.5176  -0.392   62
58157.249   -0.749249088337   -2.169698400145    0.2559    0.4745  -0.143   58
58163.229    1.488154408896   -1.505797200529    0.5128    0.5328  -0.188   29
58164.248    0.291874376377    7.974100799668    0.3719    1.7037  -0.200  110
58164.248    0.852837952525   -0.845100000380    0.2677    0.4131  -0.145   50
58169.208   -0.726913687448    0.204400799486    0.1604    0.1516   0.134  165
58172.272    0.507593344070   -0.136699200759    0.1128    0.1312  -0.050   86
58177.229 -794.936342741798  117.985402799725    3.3333    1.3605  -0.311   19
58186.272   -0.922394844171   -0.739998000476    0.1515    0.1501   0.032  116
58191.229   -0.065059645767    0.454100399683    0.1359    0.4544   0.082   57
58198.227   -0.242252974021    1.497002399642    0.2991    0.3176  -0.055   58
58204.206   -0.285279489449   -1.222297200254    0.1091    0.1186   0.106  176
58212.209   -0.200428178319    0.275302799757    0.1402    0.1749   0.131  283
58213.231   -0.018140272176   -0.157500000242    0.0810    0.1701   0.103  281
58216.836   -1.760690372352    2.067602399691    0.1019    0.2335   0.088  135
58219.229    0.787026362748   -0.754498800237    0.1629    0.1913   0.070  232
58220.248    0.699778872385    0.003103199298    0.1301    0.3971   0.038   51
58225.208    0.760942081008   -0.168699600689    0.2233    0.3581   0.039  206
58233.225    1.287276505989    1.277999999427    0.3634    0.6467  -0.094   38
58235.270   -4.290266835275   -6.432598800021    0.1693    0.2361  -0.106   72
58238.207   -0.133569583072    0.426401999309    0.1316    0.2576   0.004   84
58240.165    0.856885524945   -0.086400000754    0.2662    0.2193   0.517  348
58246.082    0.075554548821   -2.911597200139    0.3627    1.6664   0.035    6
58247.207   -0.184838748505    0.028900799354    0.1211    0.1758   0.135  282
58253.208    0.057115636204    0.151603199594    0.1540    0.2136  -0.362  426
58254.227   -1.496249502607   -1.434798000410    0.2858    0.3645   0.242  103
58260.166    2.065606915163   -0.249699600197    0.4173    0.6496  -0.241  205
58270.269   -0.201777352083   -0.098298000140    0.1403    0.1266   0.087   85
58274.210   -0.027282371357    0.354301199579    0.1673    0.1903   0.181  127
58282.227   -0.569508445575   -8.907598800167    0.1421    0.7388  -0.045   29
58289.229    0.744902926605   -0.831398400525    0.6119    0.4707  -0.138   49
58291.271    2.588041272890   -0.397098000082    0.0922    0.1639  -0.106  308
58295.208    0.004795937448    0.210801599376    0.1076    0.1188   0.036  240
58303.229    1.191782786640   -1.052899200626    0.4065    0.2761   0.082   44
58304.233    0.337145935763    1.650599999881    0.2370    1.5410   0.010   18
58305.271    0.023087344900   -0.223599600435    0.2492    0.4472  -0.658   79
58326.269    0.064609921179   -0.156099600446    0.2584    0.2770  -0.401   20
58330.206   -0.017690547589   -0.185400000152    0.1447    0.1217   0.081  123
58331.229    0.761240670320   -2.995898400560    0.3610    0.5666  -0.116   48
58332.255    0.419446404531   -0.864597600714    0.3424    0.4473   0.086   46
58333.271   -0.112583407074    1.033502399661    0.1653    0.2149  -0.091  110
58338.227    0.732159400612   -0.297900000668    0.2184    0.2457   0.212   95
58340.269   -0.224414921267   -0.920998800424    0.2444    0.3989  -0.319   44
58349.163   -0.363082661209   -0.955800000746    1.4115    1.5997  -0.883   13
58350.185    0.511493411324   -0.750196800681    0.4301    0.5828  -0.497   41
58351.208    0.225613062012    0.948103199949    0.1387    0.1348  -0.076  200
58361.271   -0.048121042189   -0.186498000243    0.1727    0.1667  -0.009  129
58362.290   -0.081699608905   -1.601697600151    0.8211    0.9673   0.178   29
58366.227   -0.984907226558    0.873100799659    0.5112    0.7385  -0.262   89
58367.250   -0.025933146465   -3.195000000566    0.7511    1.7612  -0.361  200
58375.271    4.366871968547   -7.799698800426    0.3017    0.6432   0.018   69
58380.227    1.055964529500   -1.699797600274    0.2876    0.2360   0.183   25
58381.250    0.527381430451   -0.299199600295    0.3364    0.5503  -0.380   26
58382.269   -0.914749475049   -0.878799600290    0.2628    0.2694   0.247  110
58386.206    1.238853244378   -3.256599600387    0.5010    0.5653  -0.318   19
58386.484    0.230412578441    1.948499999749    0.1504    0.2842  -0.063   64
58389.271    0.231909257371   -0.603597600701    0.3909    0.2910   0.098   95
58393.208    1.062861584722   -0.912798000385    0.1321    0.1379  -0.135  187
58400.206    0.471165243423   -0.334699200355    0.0889    0.1028   0.087  330
58401.229    0.400708851473   -1.538197200013    0.1553    0.8006  -0.309   44
58402.252   -0.259342712874    1.265702399689    0.3352    0.4064  -0.184   13
58408.227   20.761006831683    8.670401999566    0.4223    0.1596  -0.108  119
58417.271    0.632020879090    0.165200399760    0.2765    0.1898   0.113  103
58421.208   -0.458572801577   -0.307299600166    0.0859    0.0989  -0.073  381
58425.726   -0.773084696009    0.004100400020    0.1361    0.5476   0.467  135
58429.225    0.843990914804    1.388401199609    0.3371    0.4566  -0.259   94
58430.248   -0.858533288021   -0.233298000119    0.2768    0.4082   0.147  100
58431.267   -0.691834811693   -0.150098400109    0.8553    0.3554   0.224   22
58435.208   -0.543121893284   -0.086299200586    0.1692    0.1777   0.052  223
58436.227   -1.365676907503   -0.893797200252    0.6933    0.5218  -0.003   13
58437.246    1.774182263374   -0.333000000374    0.3300    0.4393  -0.105   97
58442.206   -1.112630389988   -6.856099200370    0.1720    0.8966   0.381  255
58451.250   -0.215121737939    2.054203199542    0.4484    0.4998  -0.092   24
58452.269    0.778330409174   -0.979797600653    0.2768    0.2552  -0.653  165
58457.233   -0.024583972701   -2.945498400386    0.3342    0.4882   0.182   24
58463.208   -2.556412688673   -1.075399200090    0.2200    1.1592  -0.165   97
58464.227    0.269236807193    1.748102399635    0.3411    0.2996   0.038   84
58464.227   -4.335541973642   -1.876698000203    3.6756    1.6447   0.869   14
58466.269    0.608634944877   -0.358898400599    0.3478    0.3128  -0.071   37
58471.226    1.871622437368    1.288601999505    0.2904    0.4400   0.156   94
58473.271   -0.148709288299   -0.238698000565    0.1603    0.1759   0.010  120
58479.206    0.047671317601   -3.009499200246    0.1930    0.8694  -0.130   23
58487.271   -0.336548654881   -0.552798000175    0.2199    0.3136   0.195   94
58491.249    0.300868970392   -2.009199600295    0.0313    0.1627   0.084   54
58494.386   -0.639363977662   -0.222300000008    0.1986    0.1986   0.279   71
58501.271   -0.644462134533   -0.073598400174    0.2161    0.3937  -0.093  117
58504.916    0.837845803592    2.108800799583    0.3297    0.4477   0.002   20
58506.249    0.272237374143   -0.400197600658    0.0233    0.0804  -0.033   53
58508.269    0.099239072346    0.173602799336    0.1200    0.1589  -0.022  104
58513.226    0.194131982960   -1.195696799972    0.1520    0.3545  -0.173  205
58514.248    0.432639655112   -0.428598000290    0.1176    0.4547  -0.111   94
58515.271   -0.175394429902   -0.087300000029    0.1218    0.2651  -0.191  130
58519.208    0.494252588323   -0.373597200376    0.1149    0.1280  -0.022  308
58519.249    0.389465634519   -0.610898400666    0.0137    0.0558  -0.021   43
58520.228   -0.400259075757   -2.499300000558    0.2521    0.3907  -0.201   57
58527.229   -1.164198144733   -3.998498400382    0.2596    0.2419  -0.144  255
58534.249   -0.021288344292   -1.215698400348    0.0160    0.0607  -0.224   76
58540.207    0.139265020824    0.259603199737    0.1054    0.1233  -0.010  215
58547.249    0.161452865420   -0.099496800399    0.0146    0.0627   0.100  100
58550.269    0.355735932528   -0.237499200306    0.2182    0.4036  -0.231   83
58554.207    0.488107477111   -0.213397200710    0.1056    0.1518  -0.175  200
58557.271   -1.195081942902    0.183401999987    0.3870    0.4603   0.570  120
58561.209   -0.166248751740   -0.107899199975    0.1243    0.2374  -0.280  268
58561.249   -0.460073110616   -1.990097999993    0.0126    0.1159   0.268   55
58564.269    0.375822659349   -0.923497200311    0.2145    0.2452   0.025  150
58570.249    1.046818800210    0.014000399240    0.2675    1.2711  -0.110   74
58571.271    0.092644287675    0.045500399448    0.1031    0.1266   0.049  161
58575.249   -0.236406503250    0.569699999975    0.0196    0.1032  -0.147   68
58576.228    0.195182567411   -0.214898400674    0.0544    0.0912  -0.210  126
58578.269    0.051269165433   -0.101998800606    0.1102    0.1266   0.083  182
58584.249   -0.385266926824   -1.410199200613    0.3071    0.4691   0.208   29
58589.249    0.047372728288    0.383000399395    0.1083    0.5402  -0.733   65
58597.208    0.114080188260   -0.169599600763    0.1042    0.1556  -0.110  304
58599.271   -0.318559466852   -0.054298800656    0.1530    0.1822  -0.058  103
58603.209    0.114382407683   -0.060300000193    0.1076    0.3051  -0.121  143
58603.249    0.929439455687   -2.485299600519    0.1648    0.7772  -0.603   70
58606.269   -0.958074579789    0.681001199432    0.2951    0.2648  -0.467  175
58610.083    0.617629538892   -3.110198400424    0.2014    0.5563  -0.198   72
58617.249   -0.062062606671   -0.873997200213    0.1865    0.8721  -0.844   40
58618.228  -14.654880391370   -0.987300000155    1.2129    0.7214   0.030  132
58619.250   -1.618277279412    1.661702399680    0.6879    1.7346  -0.428    3
58625.230   -0.022486433908   -0.413100000607    0.0695    0.1074   0.086  167
58634.270   -0.267887582301   -0.252298800252    0.1745    0.1930  -0.015   65
58638.207    0.187386063013   -0.261597600382    0.1059    0.1435   0.066  276
58639.226    0.899160096362   -2.718900000342    0.1646    0.3637  -0.069   70
58641.271    0.020687586685    0.306403199613    0.1935    0.3288   0.161   39
58645.413   -0.095792308662   -0.537098400155    0.1838    0.4265  -0.326   98
58646.250   -1.777780060077    4.163803199830    0.3358    1.0824  -0.191   55
58652.207    0.510144186432   -0.669196800374    0.2889    0.6026   0.233  262
58653.230    1.134818285712   -0.264798000327    0.1795    0.1626   0.152  100
58659.209    0.040324537791   -0.000597600369    0.1154    0.2601  -0.517  139
58659.249    0.908453279690    3.986999999750    0.2575    1.0103  -0.163   35
58666.207    0.221565489592   -0.451299600090    0.1309    0.2168   0.112  471
58668.249   -1.985105293618    0.312202799613    0.4056    0.8443  -0.257   34
58670.101   -2.256140999163   -0.729000000366    0.2424    0.5124  -0.385   56
58673.209    3.082743585801   -0.788198400148    0.2991    0.1807  -0.380  228
58673.209    0.181989316830    0.326001599316    0.0868    0.2425  -0.125  129
58677.683   -0.925542967415    0.365900399579    0.3630    0.8339  -0.647   27
58682.249    0.647459173629    0.595000799830    0.3082    0.2251   0.000   40
58687.209   -0.111532873751   -0.088398000120    0.3006    0.4688   0.079  221
58687.249   -0.685686121499   -0.424598400439    0.2122    0.8419  -0.227   38
58688.228   -1.017586395226    0.323801999613    0.0609    0.0872   0.017  328
58701.209    0.517937111848   -0.872398800400    0.1766    0.3963  -0.428  312
58701.249   -0.131320960133   -2.870398800248    0.0237    0.0821  -0.200  132
58703.251    0.461720924821    0.021700799557    0.1407    0.1248   0.067  409
58709.230   -0.521085183964    0.685501199804    0.1132    0.2659  -0.062   48
58715.209    0.198179555380   -0.578700000720    0.1480    0.2879  -0.045  196
58715.249    2.598985900532    4.064803199633    0.1381    0.2053   0.202  147
58723.230    0.707125652195    1.648702799883    0.2701    0.3426  -0.242   31
58730.228    1.205425761809   -2.281096800250    0.0263    0.1243  -0.341  147
58732.248   -0.597240541520    1.181602799605    0.2220    0.1204   0.504  156
58732.270    0.023684574653    0.420901199494    0.1585    0.2528  -0.204   39
58736.207    0.513590950116   -0.289098000739    0.1214    0.1732   0.201  230
58737.230   -1.841040807493   -0.528897600116    0.7470    1.5263   0.374   37
58738.249   -0.916098648812   -0.400996800565    0.3292    0.3167  -0.276   30
58743.209    0.272536014584   -0.521197200598    0.0970    0.1165   0.017  187
58743.249   -0.375372883633   -0.797896800631    0.0405    0.0966  -0.385  133
58744.228  -20.963982222254   -8.720499600035    1.1646    0.2451   0.295   70
58751.230    0.881019824186   -2.651598000369    0.1611    0.2622  -0.526  134
58753.268    0.112583458203    0.054100799840    0.1604    0.2039  -0.073   32
58757.209   -0.124726124333   -0.517298400116    0.1841    0.2538  -0.043   90
58757.209   -0.115879035484    0.430801199514    0.1407    0.2960  -0.263  261
58757.209   -1.263890520648   -2.429899200251    0.9583    0.6754   0.149   62
58757.249   -0.277331849776   -0.645300000635    0.3742    0.6440  -0.252   88
58758.268    0.091295062783    0.259199999864    0.2894    0.3106  -0.018   39
58764.182    0.081552154867    0.979300799653    0.1996    0.4916  -0.224   36
58767.272    0.782680201016   -0.474397200723    0.1534    0.1733  -0.035  115
58771.209    0.108086161195    0.000000000000    0.0522    0.2025  -0.145  403
58772.228    1.393412633557   -1.433498399983    0.3057    0.4756  -0.072   10
58785.249   -0.133569583072    1.026899999435    0.1828    0.7701  -0.806   61
58793.226    0.110784559851    0.265003199384    0.1649    0.2983  -0.077   49
58800.228 -113.078445913759   17.772501600000    1.3248    1.6717   0.438   49
58802.248   -0.064912089473    0.022903199337    0.0190    0.0668  -0.728   36
58802.270   -0.078853705083    0.023201999522    0.1314    0.2292   0.143  129
58806.207   -0.008843458739   -0.258397200437    0.1701    0.2142  -0.109  234
58807.230   -0.380172400063   -0.012798000260    0.0428    0.0636  -0.054  516
58808.249   -0.323956213035   -3.318897600746    0.3378    0.6701   0.018   69
58813.209    0.167148252044   -0.030697199982    0.0585    0.1092  -0.027  267
58813.249   -0.238057896436   -0.868500000717    0.0307    0.2087   0.247   36
58816.084   -0.569357310300    1.044201599587    0.5172    0.7963   0.107   46
58821.230    0.118577434139   -0.668998800357    0.7354    0.9402   0.120   50
58823.272    0.205076610602   -0.448498800498    0.2912    0.2229   0.094  101
58828.228    0.032229444080    0.735001199903    0.0973    0.1748   0.177  316
58829.247    1.395359088203   -1.210798800422    1.1063    1.5548  -0.332   40
58834.083   -0.170296273031   -0.350899200097    0.1662    0.6622  -0.211   40
58857.229   -0.508043017530   -0.484898400632    0.0614    0.1167  -0.030  236
58864.249    0.992552697938   -1.116000000412    0.5572    0.5645  -0.422   20
58868.833   -2.621173694000   -1.374498000217    0.6417    1.4207  -0.130   58
58868.913   -0.657353165691   -1.239796800423    0.6660    0.7147   0.484   13
58870.206   -0.107783890645    1.070099999811    0.0861    0.1327   0.050  216
58877.230   -0.540873270345    1.076000399980    0.1425    0.4721   0.145   70
58883.249    0.133720769476   -0.244198800381    0.0856    0.2030  -0.348  136
58893.272    0.451679376464    0.070300799582    0.2285    0.2599   0.102   44
58897.209   -0.186036838121   -0.084600000605    0.0914    0.1414   0.108  348
58900.248   -0.231160841214    0.079801199249    0.0333    0.0930  -0.391  181
58900.270    0.574754107611   -0.116899200719    0.2603    0.3237  -0.152   33
58904.208    2.151954956350   -0.950299200131    0.1845    0.1744   0.014  275
58905.227   -0.283030866509    1.024200000010    0.2603    1.4731   0.326   28
58907.268   -0.114231221279   -0.104497200493    0.1964    0.2188  -0.062   37
58911.250    0.267588992989   -0.699498000323    0.0428    0.1321  -0.210  165
58914.270   -0.107636385479   -0.184197600372    0.3900    0.3617  -0.252   67
58918.208    0.183338490594   -0.070696800414    0.1774    0.2263   0.099  220
58920.249   -0.061012073348   -0.634597200388    0.1098    0.3403   0.214   78
58921.268   -0.025335916711    0.204101999302    0.2876    0.1946   0.161   46
58925.250    0.132220460437    0.266000399307    0.0723    0.1205  -0.380  185
58926.228   -0.014092699757   -0.127098000124    0.1725    0.2203  -0.236  176
58928.270    0.077954307036   -0.257896800715    0.1868    0.2509   0.081   59
58932.208    0.269686531781    0.101800799790    0.0875    0.1188  -0.024  230
58934.249   -4.507036336290    0.826300799783    0.9458    0.9301  -0.425   11
58939.209    0.063562966838   -0.289198800107    0.0873    0.1402   0.062  253
58939.250    0.823753052707   -3.579199200221    0.0936    0.2360  -0.620   34
58941.251   -0.576553005963   -0.579398400458    0.2055    0.8059   0.211   21
58946.208    0.116030170759   -0.253497600511    0.0847    0.1365  -0.043  141
58948.271    0.201180122329   -0.478897200296    0.2413    0.2462  -0.499  149
58955.229   -5.690875113367   -6.713298000705    1.3287    2.3533   0.416   70
58968.229    2.045520188341   -2.029399200687    0.2724    0.4983   0.100   60
58969.270    0.037928409686    0.793303199931    0.1835    0.3086   0.060   96
58974.208   -0.129223421340    0.479102399353    0.1341    0.2323  -0.059  151
58977.272   -0.160851954429   -0.378997200023    0.2265    0.2115   0.001   20
58984.270    0.128323972164   -0.091800000401    0.1528    0.1793  -0.103  102
58989.230    1.077702649508   -0.123199200441    0.0606    0.1194  -0.188  298
58990.249    0.745201567046   -0.011797200017    0.3218    0.5196   0.089  102
58995.188   -0.118728518286   -0.361299600637    0.1268    0.3225  -0.075  113
58996.207   -0.044073469769   -0.231497999970    0.1973    0.2789   0.042  211
58998.270    0.748349639161   -0.542498400602    0.2687    0.2540  -0.102   47
59005.269    0.135368532552   -0.404197200510    0.1988    0.1972  -0.030   67
59010.229   -0.295321037805   -0.011599200000    0.1147    0.3821   0.120   57
59017.230    1.577200848739    1.071899999960    0.4754    0.3629   0.125  112
59019.269   -0.471165243423   -0.080798399971    0.2919    0.2563   0.044   54
59030.208   -0.108233666361   -0.319798800241    0.0886    0.0985  -0.004  477
59038.229   -0.300419194676    0.092300399324    0.3040    0.8050  -0.011   52
59044.208   -0.005846470771   -0.356598000728    0.0869    0.1124  -0.122  300
59046.250   -2.436482450661    5.145901199555    2.6055    4.1469   0.613    3
59047.269    0.323355404300   -0.552697200007    0.1764    0.1955   0.111   83
59051.210    0.195632291999   -0.184996800279    0.0857    0.1199  -0.050  319
59053.248  -11.529862285279   -7.274296800119    0.3297    0.3881  -0.068  127
59054.270   -0.570555399916   -0.100299600625    0.1712    0.2331  -0.077   73
59058.208   -2.522233262094   -0.350100000190    0.2703    0.2517   0.234  150
59068.271   -0.173746615697   -0.130899600759    0.2870    0.2971  -0.067   63
59071.916    4.538517466470   -3.521898000436    0.6854    0.3183   0.392   30
59074.250   -0.826451400234  -12.019298400556    0.3475    2.9969   0.643   19
59082.271    0.793923417970    0.369201599693    0.4856    0.4633  -0.238   38
59086.208    0.018438912617    0.582202799571    0.1137    0.2691   0.198  316
59093.250   -0.317059157813    0.350002799543    0.1241    0.3578  -0.660   76
59101.209   -0.501297097583    0.303703199389    0.1626    0.1702  -0.621  328
59103.269   -0.139264969696   -0.591796800364    0.2195    0.2165   0.072   64
59115.340   -9.956557924812  -55.581699600449   11.0685   92.5896   0.931    4
59117.269    0.439536710334    0.237401999659    0.2615    0.4403   0.350   24
59121.206    0.248700355783   -0.074898000602    0.1093    0.1418  -0.109  337
59121.250    0.213621480029   -0.365497200505    0.0571    0.1151  -0.416  116
59122.229    0.961521343474    2.101903199492    0.2852    2.7554   0.573   14
59128.208    0.007195695663   -0.135197999995    0.1234    0.2355  -0.368  209
59131.269   -0.260094656885    0.067301999973    0.1998    0.1799  -0.010   57
59137.248   -0.266689492685   -1.525298400384    0.3203    1.1780   0.533   25
59138.271    0.485106859033    0.070401599750    0.2441    0.2794  -0.081   40
59143.231   -0.434287418188    1.078001999666    0.3275    1.9254   0.285   10
59145.269   -0.355735881399    0.408002399865    0.2478    0.2439  -0.100   41
59149.206    0.252899012350    0.322001999464    0.2475    0.2347   0.250  151
59152.249   -0.999899426619   -0.399999600642    0.1678    0.2022  -0.477  192
59152.271   -0.269236756065    0.391100399266    0.2171    0.2247   0.018   55
59156.270   -0.164000077672   -1.553896800033    2.7431    4.3669   0.566   11
59157.209   -0.576851595275    0.308699999962    0.1931    0.3342   0.215  135
59159.269    0.484808269721   -0.315698400222    0.2832    0.2652  -0.135   32
59163.250   -0.140614143460   -0.458499600686    0.0488    0.0797  -0.085  223
59165.248   -0.775783094665   -0.321998400743    0.2096    0.9682   0.348   33
59171.227    1.651107532227   -1.836597600402    0.7745    0.5464  -0.503   47
59172.250   -0.067610488129    0.467200799648    0.0650    0.1528  -0.268  157
59173.269    0.496799851704   -0.219898799969    0.4592    0.2859   0.012   21
59177.166   -0.563809479969    1.215201599347    0.3678    2.3534  -0.638   66
59184.208   -1.625472923947    0.530200799265    0.3182    0.3771  -0.042  159
59186.250    0.186339057544   -2.903598000437    0.2004    0.8555   0.336   33
59187.269    0.456925038501   -0.039297600374    0.5856    0.2680   0.138   16
59192.229   21.949940135520    6.635300399527    0.5063    0.4494   0.355   47
59194.249    0.027433506632   -0.410400000384    0.0229    0.0828   0.198  197
59194.271    0.692133503262   -0.170100000485    0.3652    0.4634   0.356  133
59199.227   -0.299368610224    0.315302399390    0.2807    0.9313  -0.206   40
59201.269   -0.363831026238   -0.027000000635    0.3489    0.2971  -0.008    4
59205.206   -0.226062735471    0.493300799409    0.2395    0.3404  -0.077  213
59206.251    0.357685966155   -1.787598000025    0.0309    0.0890   0.223  165
59206.269    0.342092957358    0.048103199823    0.3722    0.2947  -0.020   27
59219.206    0.022637620312   -0.146700000148    0.1687    0.2091   0.088  182
59222.249    0.178542553146   -1.227099600332    0.0345    0.1107  -0.297  222
59226.208    0.404756423892   -0.095698800084    0.1623    0.1436   0.028  287
59229.269    0.291126011348    0.108201599680    0.2524    0.3083   0.033  161
59231.585   -0.566058102909    0.011901599706    0.2253    0.2636  -0.163  271
59234.229   -0.221115713876   -0.486900000318    0.1570    0.5213   0.329   53
59235.456    0.139865829559    1.472000399971    0.2840    0.7423   0.426   28
59236.249   -0.011541857395   -0.391096800545    0.0548    0.2363  -0.275  142
59236.271   -0.078702620936    0.081500400029    0.3221    0.2696   0.058   48
59243.269    0.174196391414   -0.340099200002    0.2970    0.3255   0.073   26
59247.250    0.345093524308   -3.472498800505    0.0460    0.1291  -0.522  105
59249.248    0.189634685953   -1.029499200289    0.5060    0.5098   0.026   55
59254.208    0.180791227213    0.077702399714    0.2868    0.2149  -0.260  149
59255.202   -0.382870747590   -0.495799200095    0.2195    0.5546   0.344   53
59256.246    3.526626406740    7.210702799654    0.4590    1.0874   0.307   30
59269.227    0.835597129525   -0.812797200744    0.2121    0.3355  -0.082   54
59270.250    0.430239896897    0.116999999289    0.1295    0.3637   0.211   86
59276.229    0.735908332591   -1.461196800356    0.2210    0.4420   0.160   79
59277.248    0.431139346073    1.718503199744    0.2115    0.4997   0.165   69
59278.271    0.409703445488    0.600400799478    0.4402    0.3754  -0.068   48
59283.227   -0.351238584392   -1.740798000149    0.1858    0.5213   0.237   37
59284.250    0.485106859033   -0.502199999985    0.1576    0.3733   0.033   88
59285.269   -0.196531690047   -0.037998000746    0.2589    0.3010  -0.144   28
59289.250   -5.974355704464   -5.971597200727    0.0470    0.0599   0.548  185
59290.226   -0.131770684720   -0.497199600691    0.1521    0.3797   0.125   90
59291.248    0.021885625174    0.493502399745    0.1302    0.2766   0.069   85
59292.271    0.648509758080   -0.708397200100    0.2671    0.2494   0.023   58
59304.229    0.124423956039   -0.318898800167    0.2250    0.3890   0.448   74
59305.248   -0.042274520290    0.309002399668    0.0413    0.0785  -0.195  314
59305.270   -0.605184551083    0.282700799570    0.2583    0.3429   0.080   65
59312.228    0.300268110529   -0.792900000057    0.2720    0.6660   0.308  115
59317.207   -6.971405648281    0.131201999665    0.4832    0.3314  -0.008   61
59318.229    1.356682364617   -1.031198400270    0.3417    1.2222   0.085   34
59320.249    0.877123335914   -2.600197200753    0.0314    0.0757   0.023  144
59325.217    0.683887223148   -1.887699600633    0.1623    0.4713   0.023   39
59326.250    0.161003140832   -0.689198400750    0.1478    0.3606   0.062   85
59333.248   -0.655856486762   -0.160498800650    0.5999    0.4516  -0.546   32
59334.249   -0.904405707270   -1.554199200537    0.0204    0.0637  -0.169  172
59345.207    0.034478067020   -0.027097200483    0.1439    0.2438  -0.036  179
59346.229   -0.502948490769    0.678502799545    0.3879    0.4125   0.021   10
59348.249   -0.549270634606    0.421502399384    0.1762    0.5736  -0.548  104
59352.187   -0.594991918580   -0.120398400050    0.3342    0.2251  -0.075   60
59353.209   -0.156656876844   -0.009597600314    0.1297    0.1357   0.015  203
59355.269    0.113630412544    0.701200799824    0.1410    0.2299  -0.061   77
59360.208   -0.093842326163   -0.440798400181    0.1212    0.1830  -0.100  178
59361.249    0.049768856393   -0.384998400360    0.1100    0.2944   0.088   70
59362.271    0.485257994308   -0.296798400257    0.2350    0.2821   0.128   50
59367.228    0.081249935445    0.158399999517    0.1082    0.2960   0.183   53
59368.228   -0.005547830330    0.761803199723    0.2775    0.5234   0.006   51
59369.269   -0.151260130661    0.141602399406    0.2955    0.4026   0.009   43
59373.207    0.175693070343   -0.019497600334    0.1749    0.2196   0.144  127
59374.251   -0.503696855797    1.087300799796    0.2941    0.4835  -0.283   33
59375.270    0.327251892573   -0.814500000246    0.1605    0.2210   0.091   93
59380.209    0.273734104201   -0.186598800411    0.1819    0.2353   0.017  159
59381.228    0.371177857177   -0.167497200110    0.1318    0.3744  -0.020   47
59383.269    0.030581629876    0.027701999894    0.1797    0.2456   0.185   57
59387.207   -0.960621843170   -0.582598800403    0.2541    0.2954   0.199  125
59390.271   -0.073755599341    0.072201599899    0.1812    0.2940   0.305   41
59397.269   -0.013941564482   -0.348498000058    0.1113    0.1934  -0.023   94
59408.209   -0.469816018531   -0.304599600742    0.1499    0.1707  -0.115  205
59408.209    0.809811437097   -1.680300000739    0.3390    0.3562   0.088   46
59410.250   -0.186339057544    0.063100799785    0.2962    0.1939  -0.049   75
59411.270   -0.191883308892    0.154800000018    0.1552    0.1685  -0.137   59
59416.230   -2.530026136383    0.736801199253    0.3305    0.4030   0.088  197
59417.249    0.014992200061   -0.448200000314    0.1180    0.4476   0.126   47
59418.271   -0.270585929829   -0.533098800304    0.2113    0.2318   0.174   43
59422.209   -0.387368044598   -0.252298800252    0.1458    0.2020   0.224  200
59425.251   -0.025184832564   -0.966697200688    0.1170    0.3974  -0.678  159
59425.270   -0.280332467854   -0.489999600095    0.1509    0.1618   0.096   69
59430.248   -0.053668872519   -0.945900000726    0.1936    0.4552  -0.043   47
59431.271    0.080051845828   -0.413697600177    0.1873    0.2339   0.214   63
59438.251   -0.181989265702    0.125999999234    0.1354    0.5509   0.394   45
59439.270    0.110482340429   -0.159796800592    0.1802    0.2529   0.034   98
59444.208    0.167450471467   -0.278398800013    0.0859    0.1285  -0.110  332
59446.249    0.103887504629   -1.794196800731    0.1028    0.4169  -0.564  124
59446.271   -0.742952841850   -1.584298800150    0.2590    0.3726  -0.062   69
59457.207    0.124125315598    0.057103199769    0.1036    0.1744   0.044  208
59460.250   -0.146611749506   -0.438098400757    0.1308    0.5322  -0.786   55
59464.041    3.464265159628  -14.904198000565    0.8674    2.8784  -0.633   87
59466.251    1.565356771922   -3.170397600449    0.1121    0.3849   0.171  308
59467.270   -0.059813983731   -0.094899600178    0.2811    0.2416  -0.017   37
59471.207   -0.057863950104   -0.065599200472    0.1628    0.1950  -0.168  205
59473.249   -0.235956778662   -0.365198400321    0.5284    0.2929  -0.145   59
59481.270   -0.489305515600    0.735602399793    0.2857    0.4772  -0.519   49
59486.230    0.071658111677    0.287701199664    0.1955    0.8992   0.285   42
59487.249   -0.471917187433    0.811202399653    0.1729    0.3455   0.161  131
59488.272    0.101937471002   -0.076996800136    0.1551    0.2208  -0.001   37
59492.209    0.147360114535    0.226000799675    0.1122    0.1650  -0.046  252
59493.228    0.331450549139   -0.748299600684    0.2110    1.1978   0.630   15
59495.270    0.656306262478   -0.795999600633    0.1518    0.3057  -0.153   55
59499.189    0.507143619482    0.286401599237    0.2856    0.3600  -0.309   76
59502.272    0.272985739172    0.338702399727    0.2906    0.2286   0.284   31
59506.209    0.241655795396   -0.177796800482    0.0868    0.1647  -0.141  474
59507.228    0.352436725137   -0.998697600618    0.2803    0.1450   0.131   11
59508.251    0.091143978636   -0.398797200063    0.2115    0.4046   0.147   49
59514.230    0.566810098048    0.789602399465    0.2158    1.2714   0.475   17
59516.272    0.215121737939   -0.414097200530    0.1705    0.1820   0.222   86
59521.210   -0.064160145463   -0.443397600236    0.1621    0.2379  -0.075  219
59522.229   -0.286027854478    1.212602399292    0.1652    0.7620   0.452   35
59527.207    0.100440792073    0.051299999448    0.1341    0.1870   0.024  169
59528.230    0.063411882691   -0.589500000014    0.1482    0.5711   0.308   35
59530.272   -0.136116846452   -0.478699200279    0.2034    0.2371   0.058   56
59536.251   -0.008246228986    1.037602799681    0.5449    0.8065   0.006   21
59537.270    0.067909128570   -0.333496800575    0.1046    0.1871   0.050   74
59541.189   -0.014689929510    0.304300799758    0.1198    0.3243   0.170   81
59542.248    0.641015421976   -3.064096800287    0.3113    1.2285  -0.962   16
59544.272    0.025184883693   -0.050198400636    0.2996    0.2871   0.290   84
59551.270    0.183640710016   -0.111600000441    0.1590    0.2611  -0.246  101
59555.207    0.372825671381   -0.471398400315    0.1758    0.3394   0.245   61
59557.249   -0.161301679017    0.371401199395    0.1237    0.3394   0.227   79
59558.250   -0.215420327252    0.542300399786    0.1784    0.3236  -0.001   81
59558.268    0.132821269172   -0.018399600243    0.1701    0.1913  -0.243  113
59562.209   -0.031182387482   -0.388198800305    0.1226    0.1370  -0.239  520
59563.228   -0.842343049471    0.238402799901    0.1088    0.3748   0.263   68
59564.251   -0.062810971699   -0.035899200412    0.2498    0.4156  -0.107  231
59565.270    0.646710808600   -0.517899600005    0.2338    0.2836  -0.284   36
59569.207    0.178841193587   -0.767998800555    0.0924    0.2749  -0.416  392
59571.271    0.267588992989    0.085003199679    0.2064    0.5185  -0.292   36
59576.209    0.382870798719    1.372499999253    0.1812    0.8310   0.277  189
59578.269   -0.245703316687    0.361799999560    0.2156    0.2915  -0.048   62
59583.207   -0.150659321926   -0.201898800078    0.1067    0.1779  -0.135  233
59586.272   -0.253798461526    0.006400799890    0.1399    0.1976   0.005   64
59590.209    0.005547881459   -0.262598400624    0.1761    0.1741   0.275  239
59592.284    0.080350486269   -0.511297200578    0.3700    0.5670   0.247   42
59593.270   -0.050071024688   -0.271396800233    0.0916    0.1801  -0.205  105
59594.585    0.256345724906    0.793202399763    0.5392    0.7933  -0.101   44
59597.083   -0.019636951106   -0.334198800633    0.1468    0.4499   0.302   53
59598.208    0.154706894345   -0.146998800332    0.1533    0.1535   0.063  158
59600.250    0.033279977403   -0.387799200752    0.0475    0.1663  -0.719  129
59600.272    0.064912140602   -0.230698800063    0.0944    0.1176  -0.128  105
59606.251    0.281681692746   -0.727599600570    0.1946    0.3886   0.021   43
59612.226   -0.245552181411    0.168703199410    0.1647    0.3651  -0.139   67
59614.272   -0.326204887103   -0.541198800175    0.2325    0.4368   0.073   30
59618.209   -0.473115225922   -0.494298000131    0.1152    0.1390   0.002  297
59621.270    0.025483473005   -1.046498400736    0.1338    0.1932   0.005   86
59625.207   -0.267887582301    0.481402800023    0.1793    0.1850   0.068  243
59626.230    0.185889332956   -0.680799600694    0.3675    0.4966   0.085   42
59633.228    0.792124519618   -1.539496800440    0.1419    0.5904   0.321   42
59654.230    0.446732354869    0.276901199570    0.1455    0.6662   0.493   36
59655.249    0.081102430279    0.122302799888    0.1445    0.1665   0.154  165
59656.250    0.074054239782   -0.203400000043    0.0332    0.1400  -0.166  102
59663.270   -0.503696855797    0.175499999333    0.2242    0.2667  -0.090   68
59669.249   -0.652258638931    0.353602799841    0.5584    0.7010   0.141   13
59681.208    0.043472661035   -0.245498400009    0.0956    0.1207  -0.048  240
59683.271    0.009894043191   -0.360097200058    0.1265    0.2512   0.322  129
59689.206   -0.036726689959    0.245300399992    0.1021    0.1795  -0.153  216
59690.251    0.354836483352   -1.532599200349    0.0916    0.2952   0.105   78
59704.251    1.584396493274    0.658601999337    0.0738    0.1568  -0.064  174
59705.270   -0.203727385710   -2.031796800406    0.2403    0.5189   0.121   69
59716.209    0.038975364027   -0.414496800083    0.1323    0.3096   0.045   90
59719.248   -0.047221541885   -0.058399200675    0.1079    0.2116  -0.680  168
59724.230    0.348241647552   -0.430398000439    0.1101    0.3306   0.104   84
59730.082   -0.845491121587   -0.078397200731    0.7439    0.4472  -0.561   98
59737.120    0.110334835263    0.558899999881    0.1282    0.3553   0.013   44
59739.227    0.217820136595   -0.163198800074    0.4462    0.3300  -0.042  181
59753.249   -0.074356408076    0.218001599972    0.3301    0.5328   0.172   15
59754.268    0.145863435606   -0.498999600040    0.1245    0.2435  -0.014   86
59761.270    0.122027776805   -0.754398000069    0.1778    0.2322   0.010   57
59767.249   -0.096090949102    0.847799999804    0.0395    0.2436   0.166  115
59767.271   -0.578351904314   -0.221997600303    0.2538    0.2581  -0.406   53
59772.210   -3.292767115742    2.843600399949    0.2547    0.2696  -0.743  194
59774.251    0.866178759400    0.772102799296    0.6063    0.3052  -0.138   23
59775.248   -0.102836869049   -1.727596800016    0.0431    0.3310   0.230   58
59775.270   -0.010494851925   -0.163198800074    0.1843    0.2470   0.138   64
59782.269   -0.186036838121   -0.197298000337    0.1732    0.2164   0.035   59
59794.230    0.243904418335    0.205700399913    0.1347    0.4464   0.086   70
59795.271   -0.056367271175   -0.514198800339    0.2785    0.2701  -0.363  146
59803.270   -0.617028627901    0.105400799288    0.2478    0.1526   0.079   82
59824.272    0.267437857713    0.016502399447    0.1139    0.2079  -0.051   86
59828.206    0.278382485355    0.232102799380    0.1038    0.1552  -0.028  237
59835.208    0.345392164749   -0.906699600201    0.2118    0.1965  -0.172  354
59838.269   -0.037478633970   -0.071499600640    0.1903    0.1739   0.067   94
59843.229    0.208224682717    0.066599999915    0.1470    0.5565   0.328   34
59845.271   -0.215269243105   -0.036198000597    0.2883    0.2566   0.051   42
59849.208    0.238806312593   -0.151797600090    0.1111    0.1958   0.023  110
59852.269    0.032380528227    0.109900799661    0.2092    0.1923  -0.023   32
59863.084   -0.003148072115    0.561700799473    0.1105    0.4210   0.418   55
59864.209   -0.307765974486    0.050201999358    0.2058    0.1731  -0.235  188
59873.271   -0.099091567181   -0.078498000100    0.2310    0.1761  -0.339   41
59878.227    0.535778794712    2.166299999384    1.1668    1.1951  -0.053  136
59879.272    0.282430057774   -0.587599200497    0.1841    0.2416   0.046   42
59884.206   -0.145863384477   -0.740998800719    0.3519    0.5647  -0.148   88
59887.271    0.358135690742   -0.192999600301    0.1485    0.1775  -0.080   58
59891.208    0.182291536253   -0.118497600532    0.1157    0.1300  -0.014  226
59893.268    0.235956829790   -0.167896800463    0.3007    0.3654  -0.016   15
59898.206   -0.959272669406    0.223502399788    0.1775    0.1489  -0.124  122
59899.229   -0.085747181324    1.450101599598    0.1697    0.6928   0.435   35
59905.208    0.122625006559    0.398602799567    0.1373    0.1451  -0.014  268
59908.269    0.148561834261    0.138502799629    0.1479    0.1492   0.062   63
59915.271   -0.282430006646    0.501001199726    0.1214    0.2048  -0.316   72
59922.269    0.194732842823    0.030401999318    0.1532    0.2625  -0.456   92
59928.270    0.046620784278    0.352702799766    0.1413    0.1634  -0.023   41
59935.272   -0.160553365116   -0.205099200024    0.2074    0.1625   0.126   98
59949.268   -0.356786465850   -0.273398400719    0.4194    0.3953   0.233   74
59954.206    0.663649412179   -0.618998400537    0.1858    0.1711  -0.136  306
59956.248    0.099541291768   -0.495496800390    0.3169    0.5415  -0.104   47
59957.271   -0.291125960220    0.104000399492    0.3113    0.2293   0.027   74
59961.208    0.040774262379    0.094600799994    0.1928    0.1383   0.181  194
59962.227    0.214369793929   -0.202899600321    0.1391    0.1678  -0.081  125
59963.250   22.517199907027  159.646600799945    0.1591    0.8091   0.535   29
59964.269    0.350040545904    0.107503199942    0.1577    0.2349  -0.041   72
59971.271    0.151109097642    0.107200799437    0.1555    0.1718   0.017  173
59977.250   -0.030131854159  -13.886697600629    0.3692    1.9290   0.662   15
59978.269    0.945032464484    0.272901599718    0.3800    0.2927  -0.036   58
59984.248    0.981010840542    3.340101599303    0.6774    3.1901   0.878   50
59984.248    0.174646116002   -0.561999600457    0.1422    0.3446  -0.134  107
59985.271    0.091295062783    0.277801199644    0.3569    0.2931  -0.119  121
59990.227   -0.077954255908   -0.405900000011    0.2224    0.2907  -0.215  114
59996.206    1.750645245014   -0.348998400579    0.1695    0.1562  -0.131  233
60032.227    0.033578617844   -0.171496800760    0.1498    0.1495   0.146  199
60040.248    0.088596715255   -1.750996800354    0.0183    0.0525  -0.131  173
60048.269   -0.188436596336    0.358001999246    0.1658    0.2223   0.080   27
60052.207   -0.174343845451    0.277700399476    0.1474    0.2039  -0.111  112
60055.249   -0.368029682805    2.540800799355    0.0120    0.1093   0.318  154
60055.271    0.076302913850    0.132501599293    0.2596    0.2412  -0.030   30
60059.208    2.383115797564   -0.032698800467    0.2096    0.2505   0.081  103
60061.250    1.221464916212    0.968803199264    0.2852    0.2100   0.277  128
60067.207    1.053115046697   -0.637797600334    0.3405    0.2711  -0.290  135
60069.271    1.848988447166    0.068900399786    0.5254    0.2849  -0.044   44
60081.229    0.186936338425    0.082101599919    0.1378    0.4054   0.099   21
60087.208   -2.068906071425    0.219502799936    0.4150    0.2875  -0.003   52
60090.269    0.436536092256    0.267901199624    0.2384    0.2349   0.050   76
60096.270    2.923391889283    0.868301999901    1.0401    0.3756   0.142   15
60101.208   -0.032531612374    0.012401999427    0.4025    0.3020  -0.160   90
60102.228    0.815960178419    4.978799999478    0.3081    1.5693   0.591    9
60104.269    5.132311295434    0.770302799946    0.8664    0.5720   0.066   11
60106.041   -0.055615327165   -0.157899600595    0.1551    0.1448   0.245  130
60108.207   -0.910852986776    0.066801599452    0.3851    0.2857   0.003   66
60118.269    0.382719714572    0.049003199898    0.2604    0.3157  -0.002   34
60122.207    0.299670880775   -0.124200000684    0.2245    0.2317  -0.117  115
60125.271   -1.248448647127    1.113602399894    0.5007    0.4855  -0.060   11
60159.250   -0.032081887786   -0.613098000368    0.1852    0.8020   0.094   12
60160.269   -1.125071696558   -0.785700000261    0.2938    0.2389   0.283   61
60167.249   -0.634568091342    2.468001599887    0.0556    0.0998  -0.591  156
60167.271   -0.021435900586   -0.291099600425    0.2458    0.2806  -0.014   33
60180.252    0.077504582448    1.339603199568    1.4308    2.5031   0.044   19
60181.271   -0.243904367207   -0.253998000233    0.2663    0.2659  -0.072   26
60185.209   -1.464469834243    0.437601599756    0.3420    0.3050   0.141  248
60188.269   -0.502498766181   -0.652399200263    0.2565    0.3116   0.109   30
60193.208   -0.709672864447    0.057599999970    0.3249    0.3058   0.287  218
60199.209   -0.222914612228    0.264801599847    0.1848    0.1990  -0.126  243
60202.270   -0.827951709274    3.619799999743    0.1862    0.3135  -0.075   22
60207.230   -0.032531612374   -0.776998800500    0.2109    0.5694   0.150   16
60208.249   -1.081149310936    6.897502799319    0.0443    0.1217   0.135  187
60208.271   -0.232808655418   -0.288698400386    0.1705    0.2069   0.005   42
60220.207   -0.660652373082   -0.403200000587    0.3081    0.2424  -0.100  176
60223.249    0.207623873982   -0.260697600307    0.0584    0.1315  -0.797  278
60227.209   -1.278879141728   -3.103200000165    0.4139    2.9599  -0.173  120
60230.251   -0.505046029561    1.846303199926    0.0655    0.1227   0.158  176
60230.270    0.196981465763    0.182203199728    0.2442    0.2367   0.117   32
60235.211   -0.289625651181   -0.408196800361    0.1706    0.1434   0.127  275
60236.230    0.312410827787   -1.114200000263    0.1283    0.3431  -0.064   56
60237.271    1.974761576968   -0.684198000656    0.3938    0.2555  -0.082   53
60244.270    0.616578954441   -0.083296800657    0.2261    0.2176   0.033   64
60248.211    0.070157802638   -0.006098400185    0.2013    0.2016   0.013  122
60256.228   -0.163852572507    0.678401999377    0.2102    0.6315  -0.072   18
60258.270   -3.435633563379   -0.787698000426    0.3256    0.2357   0.159   33
60265.271    0.324103769329   -0.618098400462    0.1271    0.2058  -0.094   57
60269.209    0.367727514511   -0.339897600465    0.1451    0.1762  -0.046  173
60276.207   -2.469913512211    0.167302799614    0.3781    0.5821  -0.028   84
