%-----------------------------------------------------------------------------
%                R.A. (mas)        Dec. (mas)        Err. (mas)     Corr. Del.
% Uncertainty in R.A. is in R.A. cos(Dec.)!!!!
%-----------------------------------------------------------------------------
46446.257   -1.755555712127   11.602900796959    1.0129    1.7003   0.285    5
46450.238    9.189004384262   13.784900401959    1.2158    2.1898   0.422    9
46460.235    1.630308130887   -3.016800006606    0.8878    1.9711   0.422    9
46465.257   -0.078671155321    5.512402796626    0.8201    1.8346   0.384   10
46473.231  -32.937134798034   19.111201197575    1.3836    1.7933   0.132    6
46815.316  -11.317691672585  -20.590599599757    2.9718    2.5675   0.812    3
46825.313   -3.916729124649   -6.325797600937    1.5654    2.3641   0.591    4
46831.311   -1.336104457168   -0.645598800020    0.6887    1.0250   0.217   10
46835.314    4.996990247039    4.658302799498    0.8110    1.7748   0.312   10
46840.289   -4.115819679771    2.771802000723    1.6661    2.5487  -0.191   10
46845.285    1.457046784625    1.263002400265    1.0950    1.8735   0.347    8
46850.271   -0.741832506323   11.059901999033    0.6960    1.6170   0.302    9
47148.172   -3.343721088953   -2.132499604102    1.5645    2.4336   0.127    6
47151.113    3.716724336068  -16.936099204656    2.2381    4.1581   0.272    7
47164.912   -2.838684927183  -28.388700005166    1.2707    7.6626   0.241   11
47168.163   -1.864233090002    1.412503202403    1.0611    1.6400   0.320    7
47173.166   -2.879653496849    0.445499995294    5.0888    3.9086   0.842    3
47178.156   -4.568539848525    9.013302002359    2.2736    3.3469   0.471    8
47183.171    0.720697009249    9.709401602720    1.1691    2.3288   0.329    9
47510.588  -38.699309973393   -6.654398401906    5.9925    1.7692  -0.113   16
47511.538   -6.460170930355   -2.487600001189    1.7486    1.7763  -0.142   15
47560.306    2.764319203632   -5.137797604959    0.6701    1.3528  -0.163    8
47565.317   -0.370786233198    0.931003191340    0.4068    0.8923  -0.038   11
47575.310    0.920570353966    0.005101199463    0.5686    1.1741  -0.041   10
47590.315    0.619584550609    6.736701602961    0.5995    1.2270  -0.042    6
47615.302    0.319121674907   -0.529898403556    0.6470    1.1987  -0.042   13
47640.018   51.912546764781 -408.534397197968   12.7439    9.1525   0.483    3
47682.354  -26.436258363729   20.529403201408   11.1594    8.4517   0.236    4
47717.290    2.510564286708    9.324701996150    0.9768    2.6247  -0.234   10
47743.205    0.816589713665   -3.273498003864    0.7536    2.6449   0.008   10
47780.311   30.155071206645  -71.758497601593    0.9721    4.0674  -0.502    4
47787.258    4.074722870017  -27.403297205808    1.3458    4.6268  -0.432    4
47822.314    5.093797273909   -4.032698399214    3.1296    8.6220  -0.946    5
47823.180    1.676621580083   -2.947899601224    2.5242    4.1703  -0.434    8
47830.343    1.508060175172   10.539702000756    1.5331    3.4971  -0.188   11
47852.239   -2.943060077065   10.561100397410    2.9415   10.0919  -0.934    3
47857.232   -7.795361065070   31.545201599670    3.0413   11.0787  -0.945    3
47865.352   -3.079658285431   10.533301194471    1.9397    6.1821  -0.911    4
47878.095   -3.044041002847    6.118002002609    0.8692    2.8040  -0.511    6
47880.290   -0.276067713176    2.712801592963    0.3861    0.8660  -0.061    6
47881.288   -2.295946179758  -10.665799200638    0.9309    2.0940   0.688    4
47882.453   -0.694081807017    1.552701596097    0.8857    1.1265   0.328    5
47888.151    2.719308356905   19.386601201177    1.8531    9.1707  -0.801    3
47894.254   -2.708220706502   15.908900398642    0.4323    1.2097  -0.356    9
47899.258    0.929572523312   -1.087099204256    0.4559    1.2120  -0.406    7
47902.425    0.783840612742    0.003301192919    0.8099    2.9494  -0.258   10
47904.262    2.141343632701    2.052201595859    0.4167    1.0830  -0.344    8
47909.251    4.345442499886    1.444003201811    0.3894    1.0510  -0.281    8
47914.251    1.113007108530   -6.845497199492    0.4201    1.0852  -0.176    9
47916.352   -2.335477410320  -17.775000006282    1.6568    3.4315  -0.377    8
47919.248    0.248146971679    8.082500403361    0.3454    0.9891  -0.168   10
47921.096   -0.139469504810   -8.542497602093    0.6702    0.8591   0.214   11
47923.083   -2.794979797708   22.878100796220    1.5028    3.2936  -0.257    6
47924.248   -0.875299467312    1.478203198246    0.4640    1.3353  -0.302    9
47929.249    4.801942057972   -4.917999601162    0.4295    1.1132  -0.189    9
47930.330    0.726045092555   -7.680999605952    2.2164    1.7229   0.493    4
47931.579   -0.807978850124   -2.309299196668    0.6705    2.3107   0.222    4
47934.253    0.534259594730   -0.270198007968    0.4371    1.1915  -0.180    8
47935.272    0.975366159634   -1.119999606658    0.4120    0.8988  -0.012    7
47937.083   19.038427152164   -0.839498403593    3.6804    2.8502  -0.263    6
47939.256   -1.431214371989   -7.687897205244    0.4652    1.2342  -0.253    9
47940.250    2.744357890952    7.637000395277    0.9020    5.8859   0.149    4
47941.189   -7.464369128151  -25.188199199988    1.2693    4.7609   0.555    4
47942.124   -3.012857481116   -1.543597198861    1.4184    5.2917   0.453    4
47943.183    1.212162504187   -9.486198003117    1.0649    3.9573  -0.569    4
47944.249    1.504537532998    0.507600003630    0.5758    1.7212  -0.358    8
47949.246    2.140429310247    8.727602397585    0.5724    1.4905  -0.207    8
47951.083   61.704565407294    0.549802801686    3.2749    2.5737  -0.181    7
47954.250    0.569485482515    4.430300401737    0.4905    1.2481  -0.081    9
47958.100    2.163784847027   -5.445899999756    1.8043    5.1059   0.271    5
47959.250    2.324258405046    1.028001594250    0.5073    1.2719  -0.048    8
47964.247   -0.406140539059    0.147801591766    0.5348    1.5308  -0.365    8
47969.251   -0.402489567803    3.467602793705    0.9922    2.8781   0.101    4
47972.100   -0.683642387561   16.442402396422    0.8361    3.2196  -0.285   10
47974.247   -2.603845556619    0.094802399531    0.4518    1.2003  -0.271    9
47978.167    1.255347909783   -9.332697597131    0.3737    0.6526  -0.161   10
47984.248    1.093960029310    5.540601603116    0.6284    1.5552   0.108    6
47986.071    2.132209930497   -1.189998000939    0.9275    3.3733  -0.331    7
47989.248   -0.591012374387   -1.956798000435    0.6595    2.0387   0.019    8
47993.083   -1.067213383213    0.609800402174    3.9953    2.5369  -0.181    5
47994.252   -1.460049524933   -2.505398397545    0.4865    1.3153  -0.091    8
47995.341   -1.023768115678   -4.144500000791    0.5711    0.8022  -0.010    6
47998.164    0.312727736288    7.450801192022    1.5344    3.9056  -0.588    3
47999.249   -0.428841704318    2.174702402158    0.4659    1.3224  -0.099    9
48000.067    0.055055756601    2.243203191199    1.7537    6.0557  -0.888    3
48004.249    2.033968768300   -2.482599597897    0.5340    1.4830  -0.173    7
48007.083    8.738112771422   -8.391196806201    3.0755    2.1446  -0.136    6
48007.832   -1.652877674294   -4.155300001685    0.8790    2.5437   0.148    6
48009.246   -2.326475240975   -9.393998398366    0.5472    1.7327   0.154    6
48013.161   -4.055807234661   31.049503192548    0.9721    3.8452  -0.416    6
48014.250    1.565727277284   -4.753598398111    0.4989    1.3783  -0.001    8
48019.250    6.364538176873   -5.647798798236    0.6449    1.6424  -0.053    7
48024.250   -0.449977201392    9.190900802025    0.5319    1.3934   0.001    8
48026.832    0.102023666312    3.729402003216    1.2526    2.8188  -0.153    5
48027.256   -8.129615782224   35.021001599489    0.8658    3.5923  -0.416    7
48029.250   -4.809378559132   -9.164296803021    0.7815    2.2243   0.271    7
48034.254   -0.463807730164   -3.270697197877    0.5874    1.5034  -0.136    7
48036.333   -0.461719223316    0.045601193222    0.5100    0.7124  -0.065    9
48039.247   -0.948882490261    9.447703202170    0.6927    1.7154   0.243    8
48041.271    6.293435055570   -6.132898796807    1.1103    3.3386  -0.357    9
48043.320   -2.415062888096    0.267102001317    3.1489    3.1169   0.084    7
48044.251   -0.066537827593    5.416199994102    0.5241    1.6313  -0.022    5
48047.246    4.729796285134  -13.168497601157    0.9620    3.4717  -0.271    9
48049.251    4.601677318457  -21.929198399562    0.9313    3.3375  -0.634    6
48054.248   -5.199994750139    3.002101198035    0.5992    1.5514   0.080    8
48055.318    1.154626934934   -8.327599205415    0.9679    3.2934  -0.438    8
48059.252   -2.029012079792   10.922900395371    0.5098    1.3458  -0.154    8
48061.834   -0.625455472577   -8.365399202148    1.1073    2.5439   0.094    4
48064.252    2.523740354965  -13.805697602720    0.6983    1.7467  -0.248    7
48065.333   -1.874932371398   -4.024098008415    0.6903    1.4882   0.159    4
48069.234   -9.854642433133   38.580001196920    2.1274    7.1062  -0.927    6
48069.253    3.867672797085    0.449099995592    0.5427    1.6790   0.248    9
48074.249    2.585581444983   14.674402800097    0.6403    1.8993   0.239    8
48078.168   -2.941494497873   13.873701598754    2.9439   10.6473  -0.864    4
48079.249   -3.970219302059  -11.857597208120    0.5225    1.3171   0.016    8
48082.248   -2.355830206792  -20.116897204048    1.5117    4.2597  -0.403    7
48084.246   -0.688470746988  -17.870896800787    0.5686    1.5998  -0.169   11
48089.246    9.985501252389  -18.193298400604    1.3027    3.8541   0.707    3
48089.831    0.126161992688    4.983800393177    0.7580    2.1329  -0.123    5
48090.364    3.341632671099   -3.974097607795    1.2784    6.4975  -0.639    6
48092.092   -0.560743175109   -0.838497604150    0.6321    1.1000   0.046   12
48093.165   -7.720084133848   -9.726598803184    0.8225    2.0334  -0.001    5
48094.250   -9.601275796223  -20.569197596387    0.6117    1.5431   0.216    7
48097.245  -14.826451613267   45.835001995442    1.1034    2.7007  -0.226    9
48099.247    1.472574336453   -1.500498004248    0.4905    1.3592  -0.028    8
48110.435   -1.289791007973    0.671101203409    2.9124    1.7479  -0.148    4
48111.253    6.213589626861  -12.325798800816    0.6035    1.9721  -0.254    8
48111.837   -3.054085912722    7.651702797773    0.9921    2.1802   0.108    5
48114.251  -12.004205356590  -14.203098000110    1.1137    4.2843   0.116    7
48117.239  -10.564640071993  -44.237998800156    1.3735    3.3751   0.573    3
48126.246    1.126577686369   -9.082799996918    0.6607    2.9710  -0.125    6
48132.269    6.210067073680  -42.778098004703    1.1644    2.9037  -0.497    9
48134.245   -1.585948451904  -11.547097204812    0.8539    3.0544  -0.439    7
48143.165    9.346083718181   -4.872099600561    1.4697    2.6363   0.025    3
48144.253   -4.288426654512   16.580300396640    0.9333    3.0529  -0.577    7
48146.415  114.450137441462   47.759399993197   11.4304    6.6898   0.740    3
48147.880   -0.185000164409    0.782402392474    0.7979    2.1071   0.215    5
48149.250   -6.337663112701   -7.762698004399    1.1199    3.1968   0.598    7
48154.254   -1.112355762798   -6.380398801298    1.0884    3.4093  -0.348    8
48155.346    1.214642405833  -19.621998004027    5.6254   25.1427  -0.978    3
48159.247    2.609196843703    3.354703203229    0.5567    1.5713   0.381   19
48161.906    1.407602088052    0.051001200063    2.4567    1.8339  -0.352    3
48162.169   -2.321909947265   -1.370098799214    0.6616    2.1332   0.067    9
48164.247    3.507066032410   -0.526197607087    0.5906    1.7899  -0.165   12
48167.242    7.518382233217  -23.629899598632    1.4744    4.0893  -0.268    4
48169.251   -7.131028733451    7.335403196862    0.8853    2.1922  -0.038    8
48170.339    0.157082537696    4.068701996118    0.6440    0.9896  -0.009    6
48174.258   -1.516019603989   -5.798998797957    1.3968    2.2916   0.038    5
48179.251   -2.447940407094  -26.611999196291    0.6206    1.5413  -0.016   16
48179.832    1.804480595826    5.894002802620    1.0801    3.2996   0.093    6
48181.275    0.847118863876  -11.424600005228    0.9859    3.0690  -0.317    9
48184.252   -2.129470077918    9.054302395839    0.7898    1.8661  -0.409   14
48189.248   -4.123779197581   -4.837899604127    0.5801    1.5894  -0.280   13
48194.248   -0.565180050745   -4.367898004887    0.5544    1.5096  -0.320   13
48196.403   -3.548291260239    6.969200397577    0.9506    3.3266  -0.392    8
48199.249    0.265236987916   -1.053799198303    0.4743    1.3603  -0.156   12
48204.245    2.296728969354    7.897201203377    0.7214    1.7295   0.008    8
48209.249    0.217226426670   -3.452997606246    0.4315    1.1937  -0.010   12
48213.168    7.457715416587  -14.178898797468    1.0219    2.1187  -0.197    9
48214.250   -0.054404410870   -0.416898004119    0.4253    1.3056  -0.084   11
48219.246    1.681058455718   -9.496800005593    0.5943    1.5661   0.037    8
48224.250   -0.674248823418   -9.686700005318    0.5787    1.6428   0.055   11
48229.258   -5.779396635460   -7.319797197169    1.1588    2.5169  -0.101   10
48234.254   -1.055994288945    3.737401198123    0.5244    1.5764  -0.199   12
48237.333   -0.012524722526    9.505400396392    0.8057    3.0773  -0.176    9
48237.834   -2.934969115390    0.650300395932    2.1655    4.3900   0.154    3
48239.251   -0.415274241262    2.888002796908    0.5327    1.5179  -0.145   11
48243.170    2.594715058193    0.239000397073    1.9347    1.3601   0.140    4
48244.251   -0.997544397237    1.266102000841    0.7911    2.1384   0.184    8
48248.517    0.417622699044   -8.049499204787    0.5989    1.5032   0.009   10
48254.252   -1.876106555791   -3.576898802748    0.4866    1.3990  -0.122   12
48259.248    1.582425898723    1.662400802616    0.7174    2.2747  -0.099    9
48260.351    0.604711370301   -6.700597197096    1.2702    3.6464  -0.380    8
48264.249   -0.664204002538   -1.018299607836    0.7606    2.1595  -0.135    8
48265.352    2.528697043473  -17.617798803826    1.3832    4.3940   0.019    6
48266.119   -0.623366965729  -14.850997206395    2.9129    5.6521  -0.551    5
48272.328   -2.431370203730   11.267600395115    1.8206    8.0505  -0.866    4
48274.249   -0.086759002212   -1.874599202267    0.6638    1.8102  -0.049   12
48279.249   -0.078802688179    0.125200803325    0.7137    1.8242   0.155    9
48280.345 -157.949300965980   -7.514697600186   18.7714    8.7025   0.753    3
48284.253   -0.352650450643    1.968703203659    0.8034    2.0348  -0.129   10
48285.334 -105.975176176898  -40.858297199975   18.0086    7.5714   0.780    4
48289.243   -0.050490462891   -0.974897999129    1.3001    5.4973  -0.565    3
48294.250    0.265891448431   -0.207298805321    0.6435    1.6888  -0.018   13
48298.838    1.473485544124    5.382100793838    0.9883    3.1620   0.512    5
48299.247    0.324729620152    1.258902000245    0.6535    1.7512   0.161    8
48304.258   -0.723045289043    0.004500003570    1.2407    4.8603  -0.431    3
48307.271   -2.200704643085   12.907900796222    1.5546    4.2646  -0.503    4
48309.247    1.571075360590    0.492400795338    0.7349    1.9312  -0.051   12
48312.246   -0.102546504974   -1.534096804789    1.0379    1.9289  -0.057    3
48314.248   -0.072277305696    1.543003203608    0.6308    1.7206  -0.055   12
48319.248    0.991804919134    3.565702792230    1.2567    3.3637  -0.089   10
48322.232    6.980731618165   -8.019900008094    1.1236    3.7435  -0.272    7
48324.252    0.241493171121    1.595401199950    0.6861    1.7953  -0.140   12
48327.269   -4.049281852178   23.726901595467    1.7164    5.2160  -0.604    4
48329.252    0.894346635526   -2.840497207046    0.7985    2.2256  -0.003   12
48334.249   -0.523040500461   -2.026800001431    0.8758    2.3406  -0.079   12
48336.415    6.375365787349  -30.281598003512    1.1762    3.9671  -0.390    5
48339.249    0.921221610704    3.617301594261    0.9434    2.9267   0.281   11
48344.249   -0.406794999573    5.718002391575    1.1015    2.7301   0.166    9
48349.253   -0.706475085679   -4.127497204820    1.7960    5.6322   0.661    4
48350.364    5.673978923036  -26.577799199856    1.1697    3.7280  -0.330    6
48354.250    0.112854391571    6.555599992453    0.8567    2.4767  -0.011   12
48356.259   -2.643639941893   20.660101201031    0.9458    2.8838  -0.215    8
48359.250    0.497208176819    4.220902795282    0.7764    2.1738  -0.034   12
48362.285   -4.548187141047   -0.170798402621    0.8654    3.1011  -0.268   12
48364.243   -1.819613638073    1.614700795471    0.8842    2.5573   0.030    8
48368.831   -1.045686402347   -1.368097200327    0.7112    2.0819  -0.074   12
48372.363   -3.244565693296    4.538401194054    0.9677    3.4250  -0.255    9
48375.832    0.597534731080   -2.521699201452    0.7332    2.1082  -0.038   12
48379.346    0.627544068419   12.531200397348    1.4784    5.8397  -0.198    3
48382.834    1.592342390522   -3.473697604761    0.9802    3.3460   0.208   10
48386.268    7.510031320609  -11.595297598888    0.8797    3.1162  -0.302   12
48389.832    0.637197494501    0.925199999813    0.7631    2.3171  -0.043   12
48392.126   -2.626546721879   -5.939697604163    3.3238    4.6812  -0.041    4
48396.834    1.066562126476   -3.067297200232    0.7694    2.4205  -0.147   12
48403.833   -1.113138552394    8.137900798033    1.3291    3.4550   0.388    8
48410.834   -0.699170028384   -0.182998806508    0.6995    2.2052   0.077   12
48417.833   -5.468103034499   15.856700400718    0.5413    1.7002  -0.194   17
48424.834    0.591663720118    1.970200796109    0.5854    1.9055  -0.252   13
48431.833   -8.450303036322   18.220100398025    0.7062    1.8194  -0.448   11
48438.834   -1.213336688581    0.027601191732    0.7138    2.5036  -0.198   12
48445.833    1.786476257136  -13.845398402168    0.5994    1.7877  -0.273   16
48447.085   -3.597607449742    0.096800391702    1.0576    0.7910  -0.103    5
48452.834   -2.281595927107  -13.264498798549    0.5406    1.7495  -0.339   17
48459.248   -0.523168829542    1.730001601175    0.6051    1.8714  -0.215   14
48467.251    0.831331361115  -19.037397603938    0.6008    1.8943  -0.158   13
48473.833    0.715608787883   -3.101497196667    0.7785    2.4460  -0.195   11
48480.831    1.649223677249   -4.207096802133    0.7278    2.2489  -0.197   12
48487.836   -0.445934835338   11.699600392490    2.1550    5.1792   0.151    3
48489.166   -0.650636539482    0.371901600715    2.3321    2.4733  -0.676    3
48494.835   -0.484943227238    1.808402400627    0.9322    2.4069  -0.153    9
48501.833    1.609823890551   -2.933398803862    0.7602    2.5024  -0.119   12
48509.152    1.044903701746    3.399101991874    0.6567    2.6255   0.702    3
48509.247    1.997177301323    6.722999999909    0.7337    2.7784  -0.216   11
48515.836    0.964798411097   -1.671897602762    0.7206    2.2995  -0.010   12
48522.835    0.592837904512    3.364001992168    0.9033    3.1638  -0.317   11
48529.833    0.300854270499    1.980100793730    0.7164    2.4562  -0.223   12
48536.831    1.236297715780   -1.818698407874    0.7498    2.3363   0.058   12
48543.833   -0.488988797069    0.699501602242    0.6622    2.2567  -0.125   12
48550.835   -0.979020245674   -5.071597196604    0.8550    2.4925   0.096    8
48557.833    0.486377362565   -1.918800005285    0.6671    2.0484  -0.097   12
48564.835   -0.285721228252    0.251801996853    0.6626    2.0205  -0.053   12
48571.837   11.833295582892  -15.241798799082   22.6798   22.9490  -0.938    3
48578.835    2.166261633889    1.921100398761    0.8284    2.4150  -0.052    9
48581.293   -0.034966025846    2.359601998592    0.4258    1.9573   0.041    7
48585.833   -1.408513206729   -0.328996797805    1.6736    6.0431   0.624    6
48592.835   -2.574362261721   -9.646797600738    1.4430    5.9922  -0.566    3
48606.831   -0.255451939981   -1.611597600970    0.6105    1.7971  -0.129    9
48613.504   -0.531779604090   -0.451800005408    0.7115    1.7787   0.111    9
48635.134   11.980853023587   21.553801201435    5.1152    7.3020   0.773   12
48641.833    0.514298193055   -0.134297999921    0.4803    1.3772  -0.087   11
48642.169   -0.561134569907    3.011900399486    0.6463    2.4650  -0.270    5
48648.831    0.441629581555   -0.100998006758    0.4799    1.3270  -0.182   12
48655.840    0.812675765686    0.401202002820    0.5166    1.5923  -0.149   12
48664.259    0.440715259101   -7.707398405898    0.6424    2.8808   0.157    5
48667.335    0.572485197034    1.854302401227    0.5548    1.3170  -0.086    7
48669.840    2.050798922597    6.889201196714    1.3774    3.0920  -0.145    5
48676.835   -0.419971067831    1.091300400446    0.5306    1.8319  -0.212    9
48683.830    0.366480979415    2.634501602472    1.0746    2.8319   0.265   10
48688.333    1.240734680409    1.403902798813    0.6992    1.3224   0.001    8
48690.831    0.375351615902    0.486802802868    0.4485    1.4218  -0.007   12
48691.083    0.046576514912    2.210201992625    0.5050    1.6160  -0.147    5
48697.833   -0.099806741389   13.561700396281    1.0147    4.7136  -0.594    3
48704.835    0.510644107016   -4.467398406405    0.9386    4.2966  -0.560    3
48711.833   -0.632632200791    6.149401193056    1.4466    6.7876  -0.472    3
48718.835    0.971712073595   -2.964297607377    0.8563    3.6233  -0.610    3
48725.837    3.569558290171   13.788802803560    2.4541    8.2147   0.721    4
48726.085   -0.376785662235    0.182401191751    0.4789    2.0610  -0.270    7
48727.166    0.372220457519    1.137599991807    0.8235    1.5743  -0.037    8
48732.835   -0.474243945843   -2.925799199716    0.6364    1.5487  -0.038    9
48739.833    0.911045256965   -2.611098000216    0.7300    1.7859   0.223    7
48746.835   -1.328799399873   -3.893497198248    1.3138    3.2560   0.021    8
48760.832    1.737551462430   -3.781098007494    1.4170    4.5395  -0.790    3
48765.331    1.493446856804   -2.525497200168    0.7945    1.5077   0.045    6
48766.383   -2.639202977263    3.100802392453    2.5539    1.6835  -0.028   10
48767.837    0.259497509812   -8.511897605956    1.0452    2.7713   0.157    7
48770.175    0.585272985277    0.286401596838    0.4568    2.7656  -0.316    4
48774.996   -0.368957677284   -0.040197605244    0.4883    1.4100  -0.170    4
48776.081    0.670597941156   -3.407497196406    1.5189    2.8153   0.077    3
48781.837    1.423517919895    5.089701600980    2.0731    6.3642   0.608    7
48795.833    3.285402730104  -10.511499600341    1.1817    3.5564  -0.123    9
48802.832   -1.146016071393   -6.430996803886    1.4160    4.7346  -0.461    8
48811.167    2.266722746799   25.365103195440    2.9343   27.9252   0.414    3
48816.835    2.060324019599    2.897200802465    0.7931    2.4174   0.005    9
48821.332   -2.029403474590    3.787603191086    0.7297    0.9586  -0.079    9
48824.166   -0.433801507610    1.006801196013    0.5735    1.8270  -0.517    6
48837.837    1.368070857490   -0.283597196926    1.1162    3.0812   0.043    9
48844.832    1.121617883077   -4.090698007531    0.9609    2.7215  -0.145    9
48845.084    0.228708497662   -2.582197201662    0.7885    2.6363  -0.524    3
48865.834   -2.621849984304    6.581001599670    1.1103    5.5565  -0.626    3
48881.265    7.786358984718   -4.000996807463   10.4578    6.1637  -0.268    5
48882.431   -0.121725028058    0.803401198368    0.4383    1.7426  -0.343    5
48915.175   -0.227534224274   -0.859399207798    0.5587    1.7047   0.053    4
48916.253   -1.586471379560    1.129701593072    0.9017    1.3285  -0.336    3
48937.255    0.762185302795   -0.679197600562    0.8058    1.3575   0.054   11
48971.168   -0.041619737410    1.653001191926    0.3785    1.5430  -0.097    8
48972.333  -10.331234836757   -2.140898402558   13.5571    5.0650   0.119    5
48993.087   -0.949142352200    0.915602403495    0.7384    1.2319  -0.009    8
49013.004   -0.348996275609    1.715702396154    0.9606    2.4192  -0.268    3
49014.417    2.143823534347    0.410702396891    1.4868    1.8106  -0.072    7
49021.087   -0.004828270433   -1.299499196250    1.9019    1.5784  -0.459    5
49023.092   -0.540390378637   -0.416700005701    0.5367    1.6302   0.097    6
49028.085   -1.772254333565    2.273101195271    1.4314    1.5909  -0.276    3
49063.017   -0.690296188119   -0.535996808537    0.8473    1.9818   0.350    7
49070.081    0.125639065031   -0.814197605337    1.3034    1.1333  -0.457    6
49071.122    0.866165854102   -2.531700008035    0.4327    1.3721  -0.444    7
49090.999   -0.179260686306   -1.307199596567    0.4567    1.8438  -0.274    7
49092.084    0.493294228840    0.968900403109    1.2412    1.2851  -0.402    6
49132.167   -0.273456278672   -0.737596799638    0.4979    1.0076  -0.065   14
49142.087    0.651679280011    2.566202392984    0.3807    1.3931  -0.359    9
49146.163   -0.982411265997    0.686102400493    0.9361    1.8276   0.098    4
49153.168   -0.478549377613   -0.334598396989    0.4190    0.4864  -0.079    5
49160.002   -4.870176908620   -3.791599201008    3.5379    3.9306   0.667    4
49183.334   -4.871351182008    1.598399991565    0.3071    0.5698  -0.025   24
49211.335    0.555918019460    5.270500797394    1.6037    4.9947   0.687    3
49232.333   29.231889507168   38.343502798455    8.0440   13.2199   0.928    3
49232.333   38.627161085772   54.930301203626    7.0084   11.7010   0.938    3
49237.081    0.055318822318   -1.368997203599    1.0877    1.2532   0.360    9
49246.329   -4.218629250461   -0.687297604429   29.3183    3.2303   0.948    5
49272.167   -0.876865135498   -1.164999603986    0.8919    1.2198   0.108    4
49279.169   -0.413577129213   -0.094298405884    0.4392    0.4357   0.003   30
49295.331    3.969045117666   -5.127498003787   15.3230    8.1441   0.085    5
49335.085    3.244305831356    3.734503202679    1.9503    1.6643   0.633    4
49338.416   -7.006563852813    0.178199995560   12.8398    1.6443   0.800    6
49358.344  -11.368182135476   -7.581600000606   19.2259    4.9466   0.045    5
49363.173    2.418585530270    2.110201191385    2.7469    2.7052   0.933    7
49365.302    1.559201894801   -0.427996799601    0.4532    0.9433   0.302    3
49366.303   -0.277893243301    0.071600402407    0.6449    0.7053  -0.123   10
49367.289    0.058058585903   -1.337299205773    0.3839    0.7318   0.506   40
49368.268    0.945488355155    1.786100393986    1.4424    4.0442  -0.773    4
49369.265   -0.267585356703    0.483602393331    0.8841    2.6918   0.474   10
49370.255   -0.123813534906   -1.473299997201    0.5753    1.9280  -0.124    7
49370.324   -1.904024271498    2.192601594686    0.7907    1.0287  -0.284    3
49372.267    0.284547043859   -0.549496806457    0.2239    0.4534  -0.214   29
49372.322    0.440583726242   -4.123699206104    0.8164    0.7815  -0.144    6
49373.268   -0.490814238200    0.015299991674    0.5337    1.6822   0.021    7
49374.269   -0.210049698456    1.022201996648    0.4232    0.4570   0.370   41
49374.360   -7.429794497102    4.864201201826    2.4385    2.6131  -0.882    3
49375.270    0.917179244650    3.384302399922    1.3593    3.3475  -0.817    4
49376.267   -0.935443445280   -0.570099602726    0.4249    0.4589   0.369   40
49377.257   -0.488074474615    0.136900794701    0.6022    1.4641  -0.214   11
49377.308   -3.185204504924   -0.455497207952    2.0245    0.9199   0.101    3
49391.165    1.858753562832   -1.205298005402    7.9444   26.8930  -0.991    4
49429.418   -1.236560692503    1.119700799279    0.8186    1.3530   0.117    9
49435.335   -1.705193667310    2.682802792719    0.4384    1.7668  -0.283    6
49471.418    0.507904343431   -2.177398805259    0.2686    0.8672  -0.408   18
49471.418    0.602494534372    1.721501993757    0.4550    1.3639  -0.543    9
49484.333   -0.112722858713   -1.673899201649    0.4432    1.4689  -0.686   16
49512.333   17.040075666448   -0.812199600375   11.3610    6.1098  -0.068    5
49534.416    0.305814073791   -1.118199600114    0.6619    1.2506  -0.423   10
49534.420   -0.151079993876   -6.815098808488    0.5612    1.6956  -0.724    8
49541.751   -0.341951169247    0.827902802314    0.2170    0.5591   0.390   95
49547.335   -0.805239086539    0.916401597806    0.4133    1.3619  -0.411    9
49555.415  -17.739374023913    0.591501593306   22.7727    2.3938   0.725    6
49562.084   27.880520474894   -8.925598807252   10.8431    3.3538  -0.929    3
49562.084   -1.209682602541    4.704300002345    0.4776    1.7897  -0.697   31
49575.332    5.332942076243  -16.701796796781   23.3871    8.7489   0.050    6
49589.332    4.074071524285    3.523903191649    1.5487    3.7183   0.704    6
49589.335    1.203551729640    0.629600397417    0.5153    1.2879  -0.810   13
49603.335   -1.046732257660   -1.409997597079    0.9813    1.6195   0.144   20
49603.335   -0.471895577055    0.924001201952    0.5048    1.4379  -0.631    9
49615.078    0.098109629339   -1.021500004583    0.4696    0.5700  -0.170   17
49622.040   -1.239300545082    1.288501196939    1.2753    1.1582  -0.369    7
49639.156    0.673857517614   -0.515199607776    0.3229    0.3923  -0.106   23
49639.159   -1.107136097567    2.124702001538    0.2424    0.8836  -0.424  126
49642.998   -0.172606885748    0.355903198113    1.0037    0.8387   0.517    6
49645.336    0.631195039675    6.496300802894   13.9003    6.3934  -0.149    5
49653.419   -0.625587005435   -2.281500006518    0.5826    1.3714  -0.271   15
49653.419    0.120682376523    0.355302002220    0.4345    1.3046  -0.661    9
49685.166    0.542870369277   -0.231598804135    0.2488    0.5794   0.184   57
49685.170   -1.169368493389    2.073801597646    0.4550    1.3245  -0.639    6
49685.170    1.090177614189    1.756799991881    1.7237    2.0660   0.570    9
49692.084    0.856380895161    0.269600393210    0.5777    0.5067  -0.477    5
49699.166    0.542478974479    0.488502000451    0.8520    3.9317  -0.449    3
49715.000   -0.184480351537    1.032501597820    0.1556    0.5388   0.127   84
49716.417   -0.199090555121    0.123901196503    0.3531    1.0073  -0.547    7
49716.417    0.180694821633    0.398602801965    0.3344    1.0513  -0.039   35
49716.420   -0.755140018446   -1.821196799767    1.4712    1.5531   0.741    4
49741.166    1.310403666384    0.982400401028    0.4016    1.6873  -0.427   22
49741.166    1.014114689595    0.900702002582    0.5527    0.8825   0.157   14
49741.170    0.383830857591   -0.574398001163    0.2593    0.4908  -0.197   17
49744.081    0.586838564469   -0.047098798461    0.5043    0.4619  -0.653   18
49748.084    0.003522642175    0.104399995848    0.3268    0.8503   0.216   14
49750.334    0.271762370399    5.462503192177    0.4824    2.3772  -0.321   25
49751.415   -0.756574153772    8.112402001359    0.3109    1.9953  -0.363    7
49751.419   -2.265939957203   -3.550500002802    0.7488    1.0390   0.537   21
49751.419   -0.462502012912   -0.261298797000    0.2167    0.4546  -0.376   41
49762.088   -0.270456653147    0.671000394448    0.5698    1.0944   0.467   25
49771.336 -136.286284065926  -56.598699602262  165.3489  198.6315  -0.049   15
49772.088   -0.048793350841   -0.403297197238    0.6442    1.1932   0.202   12
49779.043   -0.996633189567    1.483001996405    0.8132    1.3031   0.339    3
49783.086   -1.191418312917    0.604501191503    0.4209    0.5655   0.197   15
49790.168    0.126290410762   -2.455898396647    0.4829    0.8049   0.287   26
49790.168    0.750051886073   -1.164099600715    0.3594    0.9978  -0.491   27
49790.168   -0.258583187358   -3.797499607572    1.5588    3.7739   0.519    9
49800.417   -0.867208505638    0.291700794719    0.3232    0.5000   0.174   52
49804.080    1.219339232401   -0.428598008284    0.6062    0.6665  -0.350    6
49818.084   -0.025440928845    0.267602401038    0.2727    0.3614  -0.359   34
49821.419    1.868147126975    9.278402391999    1.0562    3.9990   0.373   10
49826.960    0.003391109316    0.065001597704    0.3596    0.6960  -0.072   78
49827.336   -6.117565389587   44.767501194087    1.2866   18.8610   0.555    3
49828.421    0.718739946266   -0.167299198495    1.5082    1.7936   0.781   17
49828.421    0.604971232240    0.654202797534    0.5521    1.5286  -0.466   20
49828.421    0.216835031872   -0.979898402420    0.3038    0.7764  -0.242   26
49832.000   -0.480769417320   -0.867999598597    0.3599    0.5489   0.190   52
49862.334   -0.483377648047    0.281203195129    0.4138    0.4385  -0.565   14
49869.332    1.814785367640   -4.761997196567    1.3869    3.5989  -0.964    6
49869.336   -0.822720497573    1.371700794550    0.3228    0.9177  -0.049   20
49876.331    0.165430246527    0.268700402728    0.0993    0.2526  -0.160  298
49896.281    0.240187453869    0.338601594763    0.3813    0.9101  -0.043   11
49897.336   -0.536216479725   -2.660896808493    0.3184    1.0846   0.069   15
49897.395   -0.718999808206   -2.811999605967    0.5814    3.0347   0.528    3
49909.090    0.613713539646   -3.970396798536    0.7489    3.4713  -0.038   10
49909.115    0.287938153175   -6.651899997223    0.4576    1.8981  -0.140   28
49911.329    0.194656794269    0.293399992302    0.5228    0.7248   0.103   17
49914.167    2.226928450520   -2.632996796592    0.6362    0.7990  -0.654   79
49946.334    0.966232457431   -0.327898808905    0.4383    0.5317  -0.299   17
49960.334   -0.358652905470    1.993003202472    1.0429    1.9003   0.514   16
49960.334    4.020581435869    5.850702002874    0.9777    1.9024   0.751   32
49967.333   -1.152278477153    0.764503199946    0.6199    1.6655   0.038    3
49979.083    4.751323265999  -13.450399207215   10.4594   19.4051  -0.991    6
49979.086   -0.603797047847   -1.037599203357    0.5253    1.4692   0.320    4
49982.081   -1.115355477317    0.625701602530    0.5579    0.5249  -0.517   10
49986.085    0.109331838390    0.086000403599    0.4230    0.4333  -0.248   13
49993.167   -0.270196791207    0.338302800174    0.3627    0.3571  -0.507   23
49996.085    0.681034156835   -0.582699597373    0.3976    0.3987   0.006   49
50000.085    0.091978756437    0.093200391404    0.3776    0.3728  -0.409   19
50003.083   -0.827677186081    0.704203198154    0.3521    0.4034  -0.231   42
50014.001   -0.243710007050   -0.177897607045    0.5701    0.7739   0.592    7
50029.253   -2.234105089740   -2.039198403736    0.2488    0.3932  -0.194   26
50035.002    0.242016098778    0.708703201724    0.4531    0.4955  -0.004   19
50038.085    0.444237812282    0.009201599482    0.3126    0.3106   0.020   16
50042.041   -1.315623331615   -0.014799604742    1.4868    0.9469   0.824    5
50059.419    0.041096898748   -0.051098402309    0.2389    0.5332  -0.592   38
50070.041   -0.154471014198    0.955501201361    2.5953    1.5730   0.848    4
50084.998    1.347846479093   -1.056398399157    0.4216    0.8324  -0.363   43
50105.043    5.593482237590    1.088503201174    2.1511    1.2236   0.804    4
50108.082   -0.381613932668   -0.032097601377    0.4306    0.5170   0.149   27
50112.085   -0.480897746401    0.032601595024    0.3599    0.3791  -0.434   20
50119.083    0.873211049458    0.526600791773    0.7071    0.8644  -0.326   22
50122.662   -1.005243964114    2.247901193186    0.5308    1.3187   0.003   40
50129.084    0.175606600266    0.873601197782    0.4601    0.7184  -0.100   10
50136.085    0.015655969903    0.475901993013    0.2882    0.3238  -0.185   17
50147.043   -0.122899212452    0.236401196219    0.6209    0.6948   0.534    5
50149.333    0.902697459140    0.344502001326    0.3273    0.5238   0.074   22
50153.877   -1.090177525195   -0.288496804046    0.8682    0.6964   0.365   11
50153.877   -1.674796049958   -5.070297602572    0.8989    2.7195   0.825    4
50163.337   -0.351607710114    0.785102402290    0.1945    0.4556  -0.340   57
50170.335   -0.335168950614   -0.117997208804    0.4892    0.3186  -0.135   22
50197.250   -0.075148602140    0.156103200766    0.4414    0.4611  -0.037   10
50210.001   -1.648572331517   -0.744199198266    1.5728    1.5122   0.355    3
50219.333    0.373786036710    0.424702794533    0.4037    0.7933  -0.120   36
50224.041   -0.365175173169   -0.449499599142    1.3378    1.8980   0.750    3
50225.250    0.204178776488   -0.290599199104    0.5558    0.9043  -0.101    7
50226.401  -34.790145767979  -23.311998002384  168.3797  200.9408  -0.014   17
50233.337   -0.565180050745    0.561700791479    0.4678    0.3800  -0.372   16
50234.418   -0.049184745639    0.040701598891    0.2025    0.2318  -0.404   25
50238.085    0.559440661635   -0.185097607641    0.2519    0.2433  -0.440   25
50248.520   -1.101528063328    1.961301597930    0.3789    1.0047  -0.479   15
50262.086    0.036791555971    0.183401991194    0.1816    0.1858  -0.271   16
50267.250    0.408880391638   -3.048598800603    0.6413    1.1383  -0.222    8
50274.252   -1.202246012388    0.785800800429    0.5003    0.8808  -0.122    6
50276.166   -0.150297204280    0.387802801072    0.3104    0.9168  -0.209   28
50276.166    0.118725402534    0.812401192718    0.2150    0.5710  -0.474   65
50280.041    0.424536361541    1.770400798762    0.5276    0.8472   0.039    5
50282.335    0.251537992002   -0.168299997938    0.5352    0.4525   0.211   14
50287.083    0.304899840331    0.545302798116    0.2210    0.3456  -0.044   22
50290.086    0.383702528510    0.295102796599    0.1927    0.2352  -0.040   24
50295.254   -0.447628832605   -0.517298408909    0.6415    0.8145   0.210   10
50305.832    0.034574631048    3.096100796540    0.5943    1.2706  -0.193   36
50308.041    0.096152655349   -1.900396806320    0.4955    0.7991   0.483   11
50322.085   -0.134901096316   -1.114898407195    0.2503    0.7751  -0.167   40
50323.250   -0.703995184033    0.261100798582    0.4923    0.9733  -0.138    8
50324.332    0.266411172309   -1.415700005225    0.1827    0.4485  -0.673   88
50330.252   -0.440192242451   -0.062596801342    0.4702    0.9029  -0.113    7
50333.335   -1.759206683383    5.735203198753    0.8553    3.6387  -0.862    4
50337.251   -0.137249465103    0.037799996733    0.5429    0.8194  -0.271    6
50338.335   -0.623238547654   -0.695599200640    0.3821    0.8509   0.050   10
50344.252    0.179783613962   -0.379598407108    0.4734    0.7981  -0.019    9
50347.335    0.002871296444   -1.128196799982    0.7880    2.9349  -0.927    3
50349.874   -0.953970711627    1.474700400195    0.6604    0.5697  -0.652    8
50351.254    0.467590234279   -0.478699205075    0.6611    1.0414  -0.159    6
50355.334   -0.471244320318    0.025200002085    0.1262    0.3012  -0.488   90
50358.252    0.109068861667   -0.597697200533    0.3650    0.8264  -0.108    9
50359.323   -0.385268018708    2.552399993760    0.7738    2.9783  -0.883    3
50360.323   -0.724739286309    0.648403199932    0.5273    2.5306  -0.805    3
50364.085    0.118071031013    0.716702396630    0.5848    0.9336  -0.267   10
50365.254   -0.247495625948   -0.056797203740    0.3895    0.8643  -0.278   11
50366.956    0.169607260223   -0.341798397585    0.4260    0.4251  -0.143   28
50371.168   -0.048401956043    0.368200791456    0.6787    3.1136  -0.862    4
50372.252   -0.071757492824   -0.922096805311    0.6121    0.7353  -0.298    5
50374.323   -0.690559164842    7.011403195634    0.9140    3.7244  -0.817    3
50378.042   -0.403532308332    1.277701196045    0.6493    1.2210   0.288    5
50379.251   -0.369480604940   -0.387799207147    0.4899    0.8823  -0.389    6
50386.252   -1.030161965302    2.798999994980    0.6134    0.8846  -0.343    6
50387.334   -0.620235807346   -0.742697999101    0.1254    0.3929  -0.634   85
50393.251   -0.433669974751   -1.622397601864    0.5250    0.7746  -0.205    5
50395.322    0.050099068093   -0.073198803818    0.0982    0.2526  -0.017  161
50396.333   -0.016698621439    0.158803197792    0.0930    0.2399  -0.078  189
50399.164    0.719259759139    3.229902003454    0.4307    1.2269   0.608   36
50400.252    0.371960506586    0.035301592050    0.4663    0.8146   0.049    7
50401.323    0.592578042572   -0.557798402667    0.7169    3.1090  -0.848    3
50402.323   -0.170649911758   -0.522900008093    0.3727    1.7155  -0.798    4
50403.335    0.652202207667   -1.629799207592    0.1192    0.3492  -0.257  123
50407.247   -0.396487112976   -0.812199600375    0.4799    0.8849  -0.067    6
50409.417   -0.065886481861    0.427201199216    0.1658    0.2997   0.012   19
50413.168    0.870602729738   -0.345099603294    0.3833    1.2214   0.018   23
50414.253   -0.232490912782   -0.392799597648    0.3803    0.7459  -0.070   14
50420.166   -0.327600916596    1.745801992570    0.7637    0.9266  -0.661    9
50421.251   -0.473852551045   -1.061398802449    0.5848    1.1232   0.155    6
50422.332    7.402528127127   -0.758296798153    2.0996    1.1802  -0.064    3
50427.055    0.533999643796    0.279201596243    0.8797    1.9921  -0.004    5
50428.249   -0.063015185418   -0.737697608599    0.4938    0.7671  -0.312    5
50435.251    0.178609429568    0.824500800434    0.3575    0.6607  -0.273    9
50441.084    2.677428668562    4.872402001865    0.9379    1.5605   0.211    3
50448.254    1.258087762362    0.291502796301    0.6060    1.1939   0.049    9
50456.253    0.193611027951   -0.120398398451    0.4315    0.7117   0.012    9
50457.272    0.315467588868    0.291700794719    0.5111    1.1992   0.029   12
50463.254   -0.120290981725    0.533401201608    0.3531    0.6173  -0.042   10
50470.253    0.282849931809    1.146700795118    0.6091    0.9075   0.315    8
50471.272   -0.076974043271    2.446801200051    0.5854    0.7876  -0.652    9
50477.251    0.157993656373   -0.354599997365    0.3263    0.6098   0.324   15
50477.251   -0.578878957665    0.482202003127    0.6412    0.9958  -0.567    4
50483.168    0.961015906983   -0.457199999460    0.8052    0.9484   0.308    3
50484.253   -0.003522553181   -0.989798400042    0.5620    1.0703   0.156    6
50485.907    0.368174887688    0.148100399144    0.6366    0.6512  -0.589    7
50490.082   -0.763619260135   -0.463597199030    1.1565    1.3638   0.743    7
50491.251   -0.270325120288    0.637603199038    0.4111    0.7846   0.527   13
50491.251   -0.671900454631   -0.536097604709    0.4096    0.9981  -0.015    5
50492.825    0.796888262925    0.898502392488    0.2418    0.2832  -0.267   12
50498.253    0.676597281199   -0.379497598146    0.5136    0.9969  -0.233    4
50500.083    1.270740902963    1.793203192335    0.6146    1.1927   0.551    5
50505.251   -0.054272878012   -0.026899199668    0.2748    0.5887   0.190   14
50505.251    0.283112997525   -0.591497999380    0.5826    1.1720  -0.105    4
50512.253   -0.646068130988   -0.579499200626    0.5390    1.0266   0.152    6
50519.251   -0.510775550881    1.271800802272    0.4775    0.8010   0.403   13
50519.255   -0.594012088906   -0.576997202018    0.6415    1.0992  -0.211    6
50526.253   -0.173912603000   -1.539298800424    0.5641    0.9298   0.359    8
50527.272   -0.984108378047    4.788403197153    0.6415    3.9969  -0.755    6
50531.998   -1.854579663920    0.339901201585    0.9404    0.9982   0.514    3
50533.251   -1.035773114325    0.103100401816    0.3401    0.7061   0.325   20
50533.251   -0.746006316242   -3.540999608731    0.9335    1.7227   0.401    4
50539.172    0.408360667759    1.763301594337    0.1707    0.3279   0.053   63
50540.253   -0.728784767147   -0.212198399652    0.5504    1.0869  -0.192    5
50541.272   -0.163604716402    1.945303195328    0.4849    1.6607  -0.081    5
50546.002    0.077497059921    0.506300396808    0.5741    0.7166   0.181   12
50547.251    0.341431445368    0.047203201348    0.3489    0.6732   0.308   12
50547.251   -0.518212141034   -0.777697202636    0.4434    0.9939  -0.150    6
50554.253    0.316641773261    0.481201203684    0.4938    1.4047  -0.213    6
50561.251    0.798976769773   -0.603298799717    0.6131    1.1312  -0.091    5
50569.272   -0.638240146037    6.000299994469    0.7568    1.8407  -0.384    3
50573.998    1.112747246590    0.430001992413    1.2144    1.0951   0.675    5
50575.251    0.148863157947   -0.186397201674    0.4062    1.6309   0.465    8
50575.251   -0.363478061119   -2.160496805459    1.3203    3.4239  -0.810    4
50575.751   -1.240211663759    2.017101596152    0.2730    0.5513  -0.341   45
50583.272    0.730350435332    0.455000402155    0.4173    0.7271   0.018    6
50588.082    0.966886917945    3.248902791597    0.1143    0.2885  -0.137   58
50589.251    0.028832038161   -0.238096799876    0.3009    0.6683   0.402   10
50589.251    0.120290981725   -0.489499205969    0.5369    0.9440   0.229   10
50596.253    0.041096898748   -1.890198001320    0.5119    0.9350   0.255    5
50603.251   -0.147557351701    0.022701597402    0.2947    0.6261   0.178   13
50617.251   -0.281415796482   -0.190396805522    0.3015    0.6070   0.230   12
50617.251   -0.785146241000   -0.497797208254    1.1386    5.1317  -0.842    3
50631.251    0.122767768588    0.636703195767    0.3881    0.9002   0.364   11
50639.272   -2.411931729712  -12.680596796599    1.5436    5.7478   0.861    3
50643.998   -5.809534390873   -5.479999200020    9.9715    3.8477   0.647    6
50645.251   -0.247887020746    0.005803191527    0.4954    0.6807   0.377   11
50646.811   -4.423067888889 -127.637499596744    5.3674   13.9510  -0.702    6
50654.331   -0.708563592527    0.458902803757    0.0966    0.2931  -0.259  114
50659.251   -1.015680179793   -3.181597206492    0.5253    0.7610   0.421    7
50659.251    0.816066786009   -4.271097600395    1.2926    5.9741  -0.896    3
50665.168   -0.858729263949   -0.969098401526    0.5841    4.1907   0.307    8
50671.998   -2.534699498300   -2.067998406119    1.9176    1.6522   0.680    9
50673.251    0.383048067995    0.065501997426    0.5283    0.5373   0.380   12
50673.251    1.114444269646   -4.964799605034    2.1338    6.8395  -0.958    4
50687.251    0.994021844056    1.441202395824    0.5741    0.7557   0.451    9
50687.836   -0.186305881661   -0.507697205876    0.2151    0.4817   0.053  104
50694.253    1.618957503761   -0.453898806541    1.5606    6.6646  -0.885    5
50700.090   -0.274370601126   -0.067597204634    0.2878    0.6464  -0.671   92
50701.251    0.599363286995    1.043200802542    0.5099    0.7843   0.421    8
50701.251    1.707805101814   -4.280598007256    0.8734    3.6250  -0.846    6
50707.000    0.551872538622   -2.187198006709    2.2198    1.7799   0.538    9
50708.253   -1.644007037807    6.766300799654    1.4413    5.9262  -0.857    5
50715.251    0.591143907245   -0.056797203740    0.8545    0.5750   0.412    4
50715.251    3.551813902414   -6.254697598251    3.4753    8.2253  -0.950    6
50722.250    0.595969062895    3.093101992135    1.6483    6.3052  -0.881    3
50728.167   -0.095241447679   -0.060199205620    0.7005    0.5661  -0.388   13
50729.251   -1.280397443830   -2.169399597562    0.7646    0.9510   0.589   12
50729.251   -2.392621673770    6.393103198832    1.5959    5.7032  -0.929    3
50736.253   -1.236429248638    8.393900397152    1.7254    6.5459  -0.921    3
50742.167   -0.539870654758   -0.292298396687    0.4590    0.6045  -0.103   23
50743.251   -0.644242600864   -2.363799600857    0.9991    0.9582   0.477    6
50743.251    0.877776343168    0.054500391400    0.9256    3.6529  -0.789    7
50750.253    0.936357767734   -3.535397996757    1.4674    5.1522  -0.946    4
50757.251   -2.737444139461    1.407402002940    5.4292    1.2570   0.742    7
50757.251    2.232148204744   -7.039299600820    0.9407    3.9147  -0.885    4
50764.253   -1.084043537510    2.955301194163    1.1315    4.4729  -0.860    4
50770.002    0.703603789236   -0.381898800583    0.7961    0.9424   0.446    6
50771.252   -7.383217982190   -1.470697202421    6.9225    1.5046   0.877    6
50771.252   -1.237080505375    2.000602793828    0.8005    3.1320  -0.823    3
50773.085    0.043576800394   -0.739598398525    0.6041    1.1202   0.045   13
50777.001    0.126290410762    0.395801995978    1.2948    1.2009   0.378    4
50778.253   -2.680431408870    8.021502003430    0.9404    3.2158  -0.779    7
50785.252    0.393747349391   -0.712598402686    1.2200    3.8981  -0.882    7
50799.252    0.384485318106   -1.825898408470    1.1530    4.2572  -0.891    7
50800.340    0.021267118926    0.047501995937    0.0882    0.2217  -0.266  119
50813.168    0.705952158023   -0.850597199076    0.4364    0.8033   0.555    8
50813.168   -0.402880962601    2.929499996185    0.8576    3.8980  -0.845    4
50826.171   -2.708089262637    4.052502001173    1.1211    4.1101  -0.666    3
50827.252   -0.283504303330   -0.973497608925    0.9051    1.6385   0.762    3
50834.254   -0.041619737410   -0.999597601492    1.3642    4.6360  -0.855    4
50835.273    1.262784499937    2.148602396801    2.2613    7.4498   0.500    7
50843.001    1.405382137340    1.673902795574    1.0043    0.9623   0.662    6
50854.079   -1.003806714004    0.741700793583    0.5065    0.6163  -0.827  103
50855.252    0.524866030586   -2.558296806399    0.8062    3.5308  -0.831    4
50857.001    0.785797586731    1.492002003545    0.6881    0.5983   0.231    6
50862.254   -0.099415346591    0.010501193515    0.4742    1.0688  -0.135   11
50869.252    1.290833748502    0.371102393615    0.6842    1.0922   0.491    8
50869.252    0.414882935458    0.541602001647    0.4970    1.0500  -0.209    6
50876.254   -0.299811529970    0.596001596875    0.4779    1.0343   0.059    9
50883.252    0.127987522812   -1.041796805623    0.4988    0.9661   0.184   10
50883.252    0.208092724467   -0.749098805386    0.4298    0.9027  -0.066    9
50890.254   -0.106591985811    0.338101195041    0.5433    1.0307   0.100    8
50895.999    0.811629910374    0.947001593943    0.4545    0.6359   0.230   11
50897.252    0.407837740103    2.510999996730    0.4551    1.0460   0.120   14
50897.252    0.974323508099    0.496601991529    0.4839    0.8706   0.121    8
50904.254   -1.324362435244    0.172000794407    0.6098    1.0862   0.072    8
50911.252    0.236664900688   -0.400798805344    0.5898    1.0990   0.291    6
50911.252    0.749397514552    0.082702791815    0.6872    1.1074   0.234    9
50918.254   -0.126681716566    1.339001997280    0.5804    1.1751  -0.279    9
50919.324   -0.585401314358   -0.346197604983    0.1483    0.4563  -0.231   71
50925.252    0.623758449521    0.946900797771    0.9803    0.6926   0.106    6
50925.252   -0.333863233362    0.876600002186    0.6998    1.2586  -0.256    9
50926.271    4.617593150300   -4.387298396580    2.5503    2.5906  -0.953    5
50932.254    0.382005416460   -6.038499607541    1.0284    7.1606  -0.383    4
50939.252    0.853641131576   -0.353098798200    0.5982    1.0620  -0.426    3
50939.252   -0.262760201054    2.955200397992    0.8232    1.4350  -0.491    4
50946.254    0.290677916760   -1.285898402159    0.3957    0.9759  -0.101   13
50953.252    0.043576800394    0.657601192700    0.5825    1.3317  -0.100    5
50953.252    0.613845072505    1.406203192289    0.7745    1.8090   0.585    6
50960.254    0.312204897626    1.314403191088    0.4446    1.0580   0.061    8
50967.252    0.065623505138   -6.010999199191    0.4599    6.9324   0.155    4
50967.252    0.926181413995   -0.513597599650    0.5014    0.9793   0.031    8
50974.254   -1.325408290557   -0.348098407699    3.1109    2.9396   0.966    5
50979.999   -0.146643029247    0.377100002424    0.7414    1.3769   0.725    4
50981.252    0.769490360091   -4.370997605463    0.6500    2.3045   0.021    4
50981.252    1.368462252288    0.772801202231    0.6661    1.1214   0.025    7
50982.271    0.460545038923   -0.954496807992    0.3242    0.4258  -0.201   14
50988.254    0.508687133027    0.365399998259    0.4508    0.7012   0.036    8
50989.324   -0.681685413572   13.219300802803    0.2821    0.7672  -0.497   34
50995.252   -0.108417515936    1.924700399059    0.7148    2.0373   0.483    4
50995.252   -0.260540161347   -0.095896807295    0.7259    1.2053  -0.354    5
51002.254    1.367679462692    1.448600394838    0.6032    0.7218   0.232   11
51007.959   -0.577964724204   -1.321297196455    0.5999    0.9872   0.419    6
51009.252   -0.114811365561    0.352900799783    0.7076    1.4838  -0.426    5
51009.252   -0.643591344126   -1.264899596265    0.9060    1.6618  -0.709    5
51010.271    0.545610132862   -1.208898005700    0.6203    0.5352  -0.699    8
51016.250    0.151602921532   -0.192196799276    0.7698    1.2652  -0.336    6
51023.252    0.309073650249    2.292800394343    0.4878    0.9548   0.016    4
51023.252   -1.423517919895   -0.688298403873    0.9178    1.2456  -0.597    5
51030.254    0.606408482351   -0.966099597122    0.4725    1.0576  -0.214    7
51036.087    1.270221090091    2.853403196923    0.0945    0.2103  -0.355  120
51037.252   -0.518080697170    0.086302792113    0.5417    1.1363   0.115    8
51037.252    0.453631376425    2.898403194251    0.5156    1.1205  -0.105    9
51044.254    0.400401149949   -0.409298399973    0.5625    0.9238   0.071    7
51049.999    0.570659666909    1.270800002828    0.5579    0.8612   0.168    6
51051.252    0.738309953142    0.926100003085    0.6130    0.9625   0.136    7
51058.254   -0.699429890323   -0.322498802063    0.6097    0.9751  -0.149    6
51065.252   -0.392833026936    0.058600791419    0.6039    2.1351   0.390    5
51065.252    0.464330657821    1.463302797333    0.6133    0.8972  -0.152    6
51065.811  -21.849322692721    9.942400797058   41.7595  134.8068   0.416    5
51072.250    1.107527492365    0.116002797768    0.3891    0.6634   0.169   15
51079.249    9.900436158450   18.359301598991    4.4802    7.2324   0.958    3
51079.252    0.158256722090   -0.541098008000    0.4276    0.7720  -0.061    8
51080.717  -98.745777952169  309.418801198547   60.9992  163.3229   0.258   11
51086.254   -0.368697815344   -0.739598398525    0.5012    0.8397  -0.133    6
51088.084   -0.961015906983   -1.085896799680    0.1570    0.4898  -0.338  103
51091.999   -0.318990142049    0.716803192802    0.5738    0.6937   0.129    6
51093.252   -0.944837009423    0.645901201324    1.1621    4.0980   0.368    4
51093.252   -0.477638169943   -0.771199206895    0.5505    1.0298  -0.226   10
51094.271   -0.212398067243    0.002300393476    0.4680    0.5808  -0.141   13
51100.250   -0.282458537011    3.413001593344    0.5178    1.1301  -0.213    8
51107.249   -0.217749265333    2.109301200903    0.4752    0.9560  -0.096   12
51114.251   -0.793497153608   -1.035997208021    0.4442    0.9788  -0.266   10
51121.249    0.408360667759    4.539599991915    0.6361    1.8418  -0.235    5
51123.353   -2.723222304884  -13.411497602078    3.6235   14.5795   0.979    4
51128.251    0.635500382451    1.289001596660    0.4632    1.0605  -0.202   10
51130.457    0.370263394536   -0.541897202311    0.3475    0.5704  -0.014   23
51135.249   -0.135292491114    1.682600401409    0.6374    1.4849   0.414    4
51135.252   -0.971452122662    0.960602400824    0.5153    1.0079  -0.032    7
51142.251    0.062883741553   -0.569397597872    0.3765    0.7928  -0.172   12
51149.249   -0.425841989799    1.783900796681    0.5187    1.2620   0.195    7
51149.249   -0.407706118250    1.251701999649    0.4293    0.8775  -0.305    8
51156.251    0.089498854791    0.445100391744    0.4383    1.0715  -0.086    5
51163.249    2.476772534249    2.928599992913    0.7539    1.5922   0.528    4
51163.249   -0.998458630698   -0.854798408056    0.7786    1.7809   0.748    5
51164.271    0.282981464667   -1.289098798907    0.5153    0.8807  -0.468    7
51169.166    0.517038045635   -1.084698001819    0.0985    0.2906  -0.142  135
51176.164    0.483509180905   -1.128196799982    0.8561    4.3394  -0.447    3
51177.249   -0.014613229374   -1.191798007483    0.6168    1.8962   0.426    4
51184.251    0.498510779287   -0.636796804088    0.4014    1.1117  -0.107    4
51191.253    0.051141808622    1.046102391911    0.3984    0.8935   0.082    5
51198.251    0.133726911922    3.682202395794    1.4524    1.7725   0.730    5
51205.249    0.055318822318    1.661900402894    0.6775    1.1799   0.130    3
51207.042   -0.405097887523   -1.681498805794    0.5012    1.3991   0.732    6
51212.251    1.260436131149   -1.198598404528    0.7263    2.4049  -0.567    3
51219.249    5.631447977955    1.200301196036    4.5628    1.7257   0.694    8
51219.249   -0.255323610900   -0.914997600887    0.3472    0.8960  -0.128    6
51226.251   -0.788408932242   -0.925199999813    0.9005    1.3443   0.377    4
51227.891   57.639496052354    6.604700402590   11.0772    6.5980   0.700    5
51228.000    5.194123828171   -4.402497604872    0.7832    0.5547  -0.590    9
51233.249    1.459003758614    1.925002800363    2.4451    1.6217   0.349    4
51233.253   -1.583208688319    0.912599992375    0.4859    0.8207   0.281    6
51246.084   -1.384637946070    1.996199992504    0.4755    1.1108  -0.720   28
51247.245   -0.998981558354    0.036000002979    3.7516    1.5133   0.490    6
51248.272   -0.020352707478   -0.527698806252    0.3901    0.8295  -0.163   10
51254.251   -0.896303520522    0.701100003653    0.5180    1.8493  -0.598    3
51261.249   -0.572093713242   -0.563198396719    0.5749    0.9948   0.269    3
51268.251   -0.119376659271    0.886903197284    0.5065    1.5773  -0.448    6
51275.249   -9.466243167048   -3.233898000587    4.5698    1.5205   0.846    8
51275.249   -0.216703499014   -1.265400008776    0.4514    0.9039  -0.104    6
51276.268   -0.351999104912   -0.418298407112    0.7884    0.9645  -0.020    4
51289.249   -9.196177908699   -1.135799998053    8.8781    2.6597   0.756    3
51290.268   -0.361261225190   -0.545799603913    0.6136    0.8935  -0.189    4
51296.251   -0.508687044033   -0.062999998818    0.5950    1.3559   0.028    3
51303.249   -5.479976500288   -0.495399599743    3.8632    1.0617   0.726    5
51309.086    0.170909862691   -1.257796797915    0.1145    0.3469  -0.355  149
51310.251   -0.251800968725    0.148903200170    0.7210    1.4435  -0.106    3
51317.245   -0.542870280283    0.412002003713    5.4550    1.4581   0.889    5
51318.272   -0.074625674484    1.190102403825    0.9374    1.3266  -0.165    4
51324.251   -0.964666878239   -0.202399198201    0.4982    1.0980   0.237    4
51331.249   10.545461548909    2.124702001538   11.7510    2.7330   0.896    3
51345.249   -0.876602069781   -0.030196798662    1.1641    1.0876  -0.189    5
51351.086   -0.056361384860    1.007402391906    0.3403    0.4550  -0.580  121
51359.249    5.850631378615    5.209401601292    4.6375    3.0363   0.379    8
51360.268    0.154862497990    1.058000394494    0.3652    0.7444  -0.125   10
51373.249   -0.201047529111    0.904701593640    0.5133    0.5766   0.278   13
51387.249   -5.635753231738   -2.160900002934    4.7073    1.3807   0.634    6
51387.249   -0.039399786698   -1.735599606434    0.6367    2.2718  -0.553    4
51388.268    1.049472110239   -6.797199603170    0.9477    3.5556  -0.364    7
51393.082   -0.583575784233   -1.002297598518    0.3196    0.6689  -0.626   55
51401.249    0.151471388674    0.429001192970    0.4640    0.9029   0.181    5
51414.165    1.371330433948   -1.175299205158    0.4510    0.9998  -0.074    9
51415.249    2.976720474653    0.915300002191    3.2149    0.9595   0.625   10
51415.249   -1.109615999213   -1.880298003698    0.7043    2.0176   0.514    3
51422.251    0.329426446721    0.931100393586    0.7537    2.3837  -0.477    3
51429.249    6.986339563410    1.342202394028    4.5488    2.2849   0.502    6
51436.251   -2.047799208079    3.348500395361    0.9110    1.7218  -0.714    4
51443.249    0.847247192957    1.087901992491    1.0708    1.3530   0.594    3
51450.251   -1.180719031522    0.290800791447    0.7048    1.2868  -0.438    6
51456.165    0.761922237078   -0.865997999711    0.4875    0.8823  -0.220   10
51457.249   -0.941314456242   -0.276199197913    3.4523    1.1577   0.738    5
51457.249   -0.590229584791    0.305002794221    0.4518    0.7836   0.345    7
51470.165    3.006726697208    4.517301591989    1.7739    2.5244   0.832    5
51471.250    8.239598966345   -0.166096806709    6.4250    1.5245   0.120    3
51471.250    0.675946024462   -2.348398800223    0.7398    2.1783  -0.267    3
51478.251    1.044120912150   -2.354799606508    0.9454    2.5464  -0.683    7
51484.084    0.296940322520    1.303001994302    0.8367    1.0906  -0.111    6
51485.250    0.742092368263    1.246600800187    1.6018    1.3066   0.281    8
51485.250    0.373526085777   -2.128399204082    1.1651    5.3695  -0.853    3
51486.272   -1.117184033232    0.240703201371    0.5334    0.7233  -0.216   10
51491.126    0.586838564469    0.074901595326    0.5806    0.5933  -0.320   12
51492.251    0.785537724792   -0.601397997002    0.6435    1.8786  -0.286    4
51493.292    0.355390303222    0.393001202781    0.7375    0.7639  -0.137    7
51494.333   -0.735570100563   -0.675097200542    0.5736    0.6559  -0.189   11
51498.084   -0.594534927568   -0.640800001861    0.3895    0.9303   0.367    4
51499.250   -2.090721547958    1.750600803518    0.8521    1.2057  -0.114    9
51499.250    0.366740841355   -0.889297199080    0.4649    1.0587  -0.340    3
51506.251   -0.183957512874   -2.466900002673    0.5350    0.9583   0.067    7
51513.246    0.086367696408    1.031803199680    0.7287    0.6403   0.132    7
51520.251    0.164519127850    1.485802802392    0.5241    0.7021   0.379    7
51527.250   -0.620498784069    2.122001991722    0.5242    1.2396  -0.021    8
51527.250   -0.123813534906    1.997999999048    0.3838    1.2526  -0.409    5
51533.086    1.904287337215   -1.463399999579    0.6763    0.6159   0.560    8
51534.251   -0.730741830130    2.315700002953    0.9656    1.8121  -0.723    3
51541.250    0.886650094439   -0.945198006264    3.2413    1.0133   0.660   13
51542.269   -0.062883652559   -1.075798803640    0.3906    0.6122   0.043   13
51548.252   -0.034574631048    1.151701198410    0.5559    1.7034  -0.157    5
51555.250   -0.598580497399   -0.252298802650    0.3994    0.7779   0.112    4
51562.252   -0.168952799708   -1.351497601831    0.5050    1.0469   0.290    6
51569.250    0.779015457092   -0.820998002382    0.4384    0.9662  -0.090    5
51575.072   -0.399095343703    1.387202391356    0.2342    0.3795  -0.362   66
51576.252   -0.803410441630    0.214502399842    0.7787    0.9672   0.285    7
51578.001   -0.790365906231    0.906101996634    0.6681    0.6882  -0.318   12
51582.085   -3.280445952602   -0.014597999609    0.5690    0.5991  -0.325   12
51583.250    4.598937554872    3.347902793394    6.9589    2.0394   0.682    4
51584.999    1.315491887751   -2.230696804872    0.7359    0.6903  -0.496   10
51589.083    0.273847762463    1.633499991271    0.7278    1.1270   0.360    5
51590.252   -9.529130023385  -10.858197605046    4.5542    5.7234   0.972    3
51597.250    0.693299017422   -0.581598001759    0.5377    1.0806   0.056    4
51604.252   -0.549132686043    0.806000399223    0.5518    1.3470   0.129    3
51611.250   -1.254433587329   -2.334196797449    0.6509    1.2684   0.395    4
51617.079    0.164387594992    1.678802402694    0.1172    0.4778  -0.143   47
51618.252   -0.110765884724    0.461300399479    0.6170    1.3975  -0.462    5
51625.250    0.246581392488   -0.171698405893    0.9990    0.3060   0.257   15
51625.250    0.048533488902    0.367300800974    0.5005    1.1054  -0.102    4
51632.252   -0.601971517722    1.169002801760    1.0643    4.5433  -0.845    7
51639.250   -1.347718061018   -1.167098405119    1.4033    6.0993  -0.820    3
51653.246    4.150134448880   -0.068097604355    2.8676    0.4036   0.568   13
51653.250   -0.918221896185    2.025701999742    1.2237    4.9720  -0.881    3
51674.252    0.170909862691    1.487001600253    0.5546    1.5017  -0.043    4
51687.087   -1.369244952890    2.029903195933    0.1214    0.3051  -0.454   57
51688.252   -0.031834778469    0.655200003052    0.7811    1.1320  -0.115    4
51695.250   -1.917986244135   -2.579799605940    1.2233    1.0576   0.553    4
51702.248   13.535617953759  -37.989000003336    6.0429   16.2984  -0.985    5
51709.250    1.356328835565    0.750103198754    0.7432    1.4090   0.005    3
51723.246   -4.390844741411   -0.099597603764    2.5076    0.5438   0.359   15
51723.250    1.881977655747    0.421801192374    0.5470    1.1089   0.005    4
51731.249   -0.418145537706    1.076702400837    0.9059    0.9500  -0.112    3
51732.286   -0.840073579527   -1.337097600640    0.2234    0.6760  -0.343   36
51736.227   -0.103852222226   -0.446997600534    4.3310    0.6442   0.657   10
51737.250   -1.231600889211   -0.430099207449    1.0839    1.2871   0.129    3
51774.246   -0.094327125224    0.282002402230    1.2733    2.0566   0.110    7
51778.224    3.047692063097    0.558100791181    2.7949    0.5498   0.484   13
51786.252   -2.020792700042   -0.273099597337    1.5016    1.6785  -0.289    4
51787.337   -0.058186914985   -0.373298396994    1.0035    0.7168  -0.136   11
51794.708  998.714531967572  781.740899994077   52.2664   40.4625   0.962    3
51806.228    4.051110497087   -0.653497198755    4.8712    0.6883   0.671   10
51807.250   -0.389573450478    0.524001603708    0.6028    0.8481   0.157    6
51813.226    4.901620470279    0.279701995964    1.3709    0.5044   0.053    7
51821.250   -0.615930375575   -0.275997605570    0.7997    0.9358   0.042    3
51827.083   -4.826863173943  -46.335898804273    1.4263    3.9591   0.502    5
51834.162    1.644658383538   -6.620097596510    3.6130    3.6454  -0.931    4
51835.250   -0.651939052957   -0.208800004486    0.4426    0.7187  -0.040    5
51841.083   -0.353824635036   -8.170297206789    0.6736    1.6832   0.697    4
51842.252    0.744180875111    3.633901192757    1.0155    1.5157   0.206    6
51848.228    0.244755862363   -0.347896802566    3.2059    0.5456   0.598   13
51849.250   -0.226619990814   -0.970599600691    0.6662    1.0740   0.327    3
51861.709  482.189923065967  222.711901196249   28.3844   21.8038   0.905    3
51870.249    0.531911225942    1.286200803463    0.4959    0.8769   0.212    7
51876.228   -1.864624484800   -0.140597997245    3.1762    0.4449   0.565   15
51877.250    2.286552615615    3.549200395980    3.5684    3.5493   0.958    3
51883.083    0.077237108988    0.253101603676    0.1023    0.2591  -0.282   46
51884.252    0.556177881399    0.139600791726    0.4743    0.9457   0.392    4
51890.228    5.544297491951    1.892203194132    7.4791    0.8902   0.639    9
51891.250   -3.315540396523   -2.832199204761    4.0919    3.6918   0.969    3
51897.084    6.598986063644    1.248703195245   11.0093    1.8712   0.813    3
51906.248    0.337126013598    0.455601598048    0.8015    1.1046   0.472    3
51912.249   -1.176936616401   -0.731098803897    0.5351    1.0269   0.316    4
51927.334    0.734655867103   -0.797198403291    1.1728    1.0354  -0.488    8
51932.224   -2.654207690429   -2.703600006271    3.8782    0.7157   0.837    5
51933.251   -1.599647447818    0.128800803623    0.8457    1.3130   0.551    5
51939.084   -0.005088132373   -0.397897203186    0.1613    0.4512  -0.179   60
51940.249    0.656898945242    0.360403201682    0.7009    0.8140   0.517    4
51946.224   -2.615850555267   -0.831099605136    0.6759    0.4863   0.238    6
51953.080   -0.933746333230   -0.966697199090    1.4961    1.1369   0.470    6
51954.249    1.334670410835    0.020001600376    0.5961    0.8405   0.159    4
51955.268    7.440625311356    2.015402398570    1.0895    0.8434  -0.629    7
51960.082   -1.364416682457    2.402002795066    1.3349    0.9572  -0.591   11
51961.251   -0.404315097928   -2.058397203086    0.5041    1.2231  -0.087    5
51974.224    0.625324028712   -0.430200003620    0.7400    0.6842   0.090    4
51975.247    0.394921533784    1.000400402518    0.5134    1.0516   0.052    4
51981.080    0.109200305532    1.044702001707    0.1030    0.2865  -0.129   87
51995.223   -0.783840523748   -1.435096802993    0.5988    1.0767   0.108    5
51995.223   -3.694023170809   -1.528498799530    9.6338    2.6142   0.961    3
51996.249    1.625871255252    1.649602796761    0.3814    0.8889   0.029    7
51996.274   -7.363388202368   -3.263198402692    8.3505    2.2917   0.967    3
51997.264    0.333471927558   -0.345999606566    6.2054    1.7401   0.933    3
52003.247    0.115854106090   -0.655200003052    0.8089    1.2200  -0.445    6
52009.168    0.079454033911   -1.442998808443    0.1291    0.3451  -0.292  113
52010.249    4.587978411537    3.783103200306    5.4999    4.6954   0.981    3
52016.228   -1.484444598465   -1.793599201960    0.6522    0.5466   0.091    6
52017.251    0.352127522986    1.508900396630    0.5933    1.2463  -0.052    3
52024.249    0.636806099704   -0.394797602610    0.6460    0.7729   0.527    4
52037.226  -30.033737484390   -3.090697208563    2.8538    1.6599   0.053    6
52039.272   -0.086630673131   -1.719198006356    0.1209    0.4135  -0.612   48
52044.228    0.719651153937  -10.071597597516    1.0485    3.3285  -0.763    5
52051.226    0.299551757025    1.030802400237    0.2935    0.9315  -0.012   12
52052.245    1.406687765598    0.206701203354    0.4752    0.6081  -0.114    3
52059.247    2.393273019501    0.479001593590    0.5419    0.9347   0.131    3
52066.245    4.884398832191    3.943400396622    5.3609    5.1488   0.987    3
52072.228    0.758271265822    0.302000395891    1.4640    1.0832   0.744    4
52073.247    0.282198675071   -0.428698804456    0.5199    0.6700   0.448    8
52074.708  106.449291882653   10.802102393370   13.6668    7.9078  -0.062    6
52081.264    0.463156473427   -0.370998003518    0.3437    1.0605  -0.411   10
52086.225   -1.524238983738   -6.000998405398    2.4115    9.0192  -0.867    3
52087.247    3.180899162147    3.005902803466    0.9443    1.3269   0.765    3
52093.248   -1.714587231454   -1.666098005160    0.5834    0.6408   0.477    4
52096.083   -0.849204166947   -0.102600002094    0.1336    0.2977  -0.307   88
52100.225   -0.607059739088   -5.899899602468    1.8130    5.5671  -0.828    4
52101.247    0.070974703228   -0.004399207398    0.5321    0.7844   0.380    5
52107.226  -33.893322434584    8.275301992455    5.5192    4.0097  -0.687    5
52108.249    0.027138040895   -1.030499998933    0.5507    0.9454  -0.231    5
52115.251   -0.370003443602    0.196401602182    0.5362    0.8167   0.168    3
52129.251   -0.129161618212   -1.393599603716    1.1551    1.6797   0.782    3
52136.249    0.017612943893    0.689702400791    0.3640    0.7150  -0.010    4
52142.228   -1.418821093327   -1.262199599239    1.0111    0.9467   0.076    8
52143.251   -1.026248017324   -0.569797201422    0.5477    0.6619   0.096    4
52149.227    0.590229584791   -0.136299598807    0.2832    0.7645  -0.112   10
52150.249   -1.170151282985   -1.927396802159    0.6467    0.9302   0.727    4
52157.251   -2.050670504522   -1.094896806819    1.1692    1.5099   0.699    4
52163.227   -7.520599069146   -2.822997605278    3.9292    0.8762   0.745    7
52164.249   -0.173649626277   -0.848098807182    0.5654    0.8152   0.069    5
52165.265   12.099706755202    2.940800396800    4.9320    1.1769   0.848    4
52171.251    0.071494516101   -0.917899203046    0.4487    0.6760  -0.063    6
52178.249   -0.631977740277   -0.447397204084    0.4620    0.6658   0.071    5
52179.268   -2.465290374264    1.135101599914    3.5564    0.9224   0.765    4
52185.248   -0.650245144684    0.651902391269    0.5158    1.0329   0.252    4
52198.166   78.931075284485    1.203202798195    8.1011    0.5240   0.094    3
52201.289   -2.838947992899    0.444902393326    0.8305    0.9388  -0.524    6
52205.227    0.811238515576    0.051001200063    0.6478    0.8113  -0.081    9
52206.249   -0.111808536259   -0.360399607757    0.4377    0.7882   0.103    6
52207.265   -6.019192694531   -1.843099202858    3.8377    1.0456   0.905    5
52212.082    1.340801283737   -1.613797198274    0.2608    0.4751  -0.285   29
52219.227    0.675163234866   -0.710697599970    1.4688    0.6655   0.278   10
52220.249    0.146123305368    0.383500795920    0.3797    0.6905   0.290    7
52221.268    4.925104336141    1.704002391989    3.2190    0.8336   0.835    4
52227.240   -0.751226070467    0.568202393936    0.5523    0.9145   0.391    5
52234.249   -0.533868110938    0.324601197121    0.5382    0.6878   0.019    3
52241.251   -0.502164776333   -0.403297197238    0.8992    1.4127   0.363    3
52247.227   -0.573659292434    0.082601995643    0.4199    0.5437   0.092   12
52248.249   -0.216966475737    0.565401600738    0.5534    0.8865   0.296    5
52249.265    0.998067324894    1.868500797286    5.0903    1.2257   0.817    4
52262.250   -0.270588186005    0.256201191462    0.4600    0.7256   0.213    5
52263.269   -6.233679357617    0.670003201719    4.9866    1.6476   0.741    4
52271.249   -0.583184389435    0.016401600078    4.5680    4.1422   0.980    3
52285.271    0.112854391571   -0.122698804716    0.5813    0.9386   0.325    4
52289.205   -1.061605437968    7.602102000703    0.9501    7.7284  -0.041    5
52291.250    0.042011221202    0.174801600394    0.1144    0.3749  -0.187   73
52292.269   -0.929572434318   -2.777299197021    0.3866    0.8814   0.076    8
52297.204    3.419001223952    0.938300394182    3.7269    1.1415   0.712    4
52299.271   -0.145991772509   -0.003898807677    0.6031    0.4299  -0.471    9
52306.269   -1.224164299057   -1.742598001897    0.8219    1.0229   0.514    3
52313.268   -1.050254810841    1.358600400181    1.1846    0.6983  -0.802    4
52317.081   -0.749397425558    0.257702403417    1.4936    1.2277  -0.425    7
52320.269    0.164256062133   -0.583199997095    0.4980    0.7971   0.205    5
52325.204   -0.821546313180   -1.336996804469    0.7645    1.3733   0.166    4
52327.271    0.793757104542    0.020001600376    0.8417    0.5603  -0.676    6
52331.201  -19.629830832355   -4.836599997304    4.3922    1.9956   0.704    5
52338.203   21.022036901438   16.681201201152   10.7705    9.5571   0.744    3
52340.245   -0.194916656209    1.636300797259    0.1156    0.3565  -0.452   49
52341.271    0.881690291147   -0.280598405311    0.3555    1.0596   0.025    9
52345.205    2.019358653709    0.397202398972    2.8776    0.8041   0.617    8
52346.228   21.056871483419    3.248100003361    4.4840    1.2736   0.545    3
52348.270   -1.151495687557    0.536500802184    0.4047    0.7557  -0.246    6
52355.271   -0.606799877149    0.477601203386    0.5767    0.3813  -0.547    9
52359.201    0.336471642077    3.129901202215    0.7331    5.1294  -0.116    9
52360.250   -0.017352992960   -2.259197999877    2.0637    5.2852  -0.120   10
52361.269   -0.117679547221    0.178001997142    0.4362    1.6258   0.049    4
52367.208   23.892165301286   27.176702398890   16.2225   22.3719   0.966    4
52369.271    0.405229420382    0.347000393219    0.8495    0.6563  -0.440    7
52373.205    6.438512505625    2.917202402841    3.6153    1.4489   0.210    4
52374.228  -12.658492867328   -0.761698800034    5.6445    1.4777   0.496    3
52382.252  -32.216697739718   -4.710697201915    3.1103    7.0191  -0.881    6
52383.268    0.874908161508   -0.539798401178    0.6589    1.3380   0.032    3
52387.205    1.840489362202   -2.793499204756    6.2154    1.1807   0.287    3
52390.270   -0.376134316504    0.213299995266    0.4167    0.9743   0.052    8
52402.228   -0.275021946857    0.580600796241    0.2877    0.3547  -0.169   19
52403.251   -0.249189623215    0.005201995634    0.1102    0.3236  -0.220   79
52404.270   -0.169344194506    0.623602801397    0.5774    1.1345   0.155    8
52432.266   -0.119636521211    0.395301596257    0.9826    1.6078   0.483    6
52438.245    1.693451734380  -12.566797202851    5.7408   23.9923   0.869    3
52444.228    2.579187506364  -33.518397606258    1.6013    4.7401   0.026    8
52446.270    0.211486948567   -0.923896799065    0.7621    1.3985   0.140    3
52451.226    0.849075837866    0.489502799894    0.7402    0.9194   0.331    4
52465.226   -2.000308459706    4.476301198508    1.0689    2.6365  -0.763    5
52471.688   27.432108852694  160.425201596581    9.5431    8.9237   0.213    7
52480.253   -6.633952089490    5.800003191325    0.1837    0.4231  -0.262   36
52481.272   -3.322976986677    3.479900399839    3.0852    8.8511  -0.936    3
52492.708   40.578676194637   20.209402791238    7.4403    6.7695   0.360    6
52493.226   -4.274990635321    5.132502001004   21.0994   18.6368   0.826    5
52502.270    0.302028454893   -2.488899608011    1.2670    1.2354  -0.428    4
52519.999    3.396819871565    1.842800395480    1.5500    6.7567  -0.303   10
52523.268   -1.171197138298    2.725502396572    0.5690    1.1766   0.021    8
52535.226   -0.222837486699    0.630000000967    0.3911    0.4160   0.249   17
52537.272    5.617357587243    7.771701592674    8.2325   10.1926   0.591    3
52543.244   -1.880931711441   -2.976897602025    2.0384    9.4226   0.974    3
52551.272   -0.206135661483    1.579302001176    0.5800    1.1705   0.092    3
52556.228   -0.263802852589   -0.124498798471    0.7153    0.4626   0.073    6
52558.270   -0.250363807608   -0.544698008298    5.5780    5.2346   0.971    3
52563.226   -0.136858070306   -1.126897205950    0.6062    0.6462   0.176    7
52564.242    0.519254881563    1.026802796389    0.6061    0.5908   0.118    4
52565.243   -2.590409626422    0.382701601609    3.7501    0.9529   0.884    3
52566.236    0.863557623376    1.495501194881    3.6716    1.0679   0.838    4
52567.241   -0.690427720978    0.662400003648    0.4770    0.4825   0.126    4
52569.238   -9.706433735701   -1.247598005705    3.5154    1.0436   0.826    4
52570.243    2.367963623515    1.393801196059    4.4291    1.2423   0.831    3
52571.244   -3.630356639660   -0.039499207105    3.7172    1.0731   0.807    3
52572.237   -7.342644011099   -1.610899202831    3.8635    1.1366   0.802    4
52573.242    0.041879688344    1.958302793525    5.1329    1.4792   0.831    4
52575.236   -0.749660491275    2.244600000267    0.5826    0.8043  -0.083    5
52577.245   -2.293857672910    0.211100397962    4.0321    1.1628   0.837    4
52578.242    6.701009729956    1.147600798390    4.0266    1.0483   0.924    3
52579.272   -0.510775550881   -1.256497203883    0.5462    0.9647   0.279    5
52584.228   -1.033161679821   -0.654796805577    0.8488    0.4162   0.090    5
52585.247   -2.658381589342   -5.845197605936    2.8807   11.1640   0.627    3
52586.270   -0.613844983511   -1.030597201179    0.7012    1.1571   0.350    7
52592.249   -6.486394648796   -4.093099197178    0.5148    0.5424  -0.007    4
52621.268   -0.324338225355    1.396000793363    0.6991    1.2206   0.239    5
52626.225    2.658513122200    2.703700802442    2.4636    8.6367   0.180    6
52642.270    0.000000000000    0.553201196851    0.3724    0.7365  -0.020    3
52649.268   -1.158017955256   -0.032598001098    0.7106    1.2848  -0.377    3
52655.248    0.314553266413    0.508802395416    1.2297    6.8927  -0.850    4
52656.270    0.712214563783    1.152302394303    0.4866    0.7728   0.411    4
52666.585    1.062516645638   38.092402793666    2.8616    4.4326  -0.030   12
52675.227   -0.312727736288   -0.397299601218    0.8093    0.4645   0.115    3
52677.268    0.035094443921    0.446803196041    0.4559    0.7360   0.211    3
52683.244    1.267609655586   -4.378899598123    2.6940    9.1957   0.792    4
52683.584    8.988345135166   15.137999999126    2.0396    3.1578   0.278   19
52691.272    0.297986088839    1.350201601724    0.6295    1.8558  -0.425    6
52711.248   -0.137903925618   -0.095698808877    0.1309    0.3263  -0.282  126
52712.270   -0.426233384597   -1.927396802159    0.6362    1.2000  -0.004    4
52719.269   -1.434999990886   -0.311997608549    0.5067    0.9959   0.211    5
52726.270    4.388624790699    6.828400795200    7.0274    7.5506   0.987    5
52733.272   -8.969689450744   -6.773299207907    7.1757    7.2154   0.990    4
52739.303   -2.391056094578   -2.004498007580    0.5582    0.4316   0.042    4
52739.584   -1.146016071393  -37.647097202864    1.9888    3.0038  -0.297   21
52746.272   -0.709606244062   -0.751597197279    0.5207    0.8997   0.092    3
52753.244   -1.932336496786    0.814903191326    1.6151    0.6698   0.035    5
52759.271   -9.753270112553  -10.055397602571    6.8532    6.9323   0.984    4
52767.244   -0.392050237341   -0.594097200235    0.1116    0.2746  -0.321  129
52768.271    0.033791841453    0.216100801254    0.5174    0.7993   0.219    4
52775.269   -1.325016895759   -0.324399604779    0.7442    1.0182   0.565    4
52780.225   -1.561941658386    0.173102402812   13.1549    1.1449   0.869    4
52780.587  -23.690726377377  -21.762799204339    3.6736    3.7789   0.217   13
52782.267    0.776535555447    2.251400397313    0.4897    0.8005   0.352    4
52789.269   -1.296964532410   -1.148896798497    0.3953    0.8666   0.536   10
52807.586  133.687918125471   22.752100798584    8.6812    9.4202   0.212    5
52809.248    0.017612943893    0.477899997975    0.1536    0.4925  -0.385  129
52815.231    0.169735678298   -0.292096804344    0.9295    0.5941  -0.192    8
52830.246   -0.327077988940   -0.977896803533    0.1488    0.5248  -0.141   65
52836.583   -4.933323715890  112.544701200079    6.2003    7.6930   0.652   12
52878.229   -0.244492796646   -0.597099598565    1.1593    0.7787  -0.315    7
52887.134    1.491489882815   17.056000797311    5.3680   24.1065   0.182    8
52900.250   -0.237319272209   -1.051498804827    0.1035    0.2836   0.081  144
52914.586   68.849030070942  -98.207697602959    6.7136    8.7322  -0.773    5
52921.241   -0.073714466813   -0.334198806229    0.6528    0.4529   0.099    5
52922.362    0.173649626277    0.164602795394    5.1854    6.1466   0.354   10
52991.252    0.015264575105   -0.211996807309    0.0843    0.2282   0.038   87
53018.186   -9.191481082131    7.294301994420    9.8658    5.6222  -0.338    4
53066.585   -9.294810376701  -21.005499598914    2.5966    3.8410  -0.189   11
53068.250   -1.604867113049    1.673402395852    0.2069    0.4968   0.262   38
53074.237   -1.531544041034    2.084101198818    0.9902    3.0833  -0.706    5
53101.583    5.855328116190   31.713602393779    2.1000    3.5942  -0.017   16
53109.246   -0.556046348541    2.937801592395    1.0539    3.5126  -0.757    3
53131.252    0.251801057719    0.323902798982    0.1141    0.2770   0.000  103
53137.224    0.368957677284    0.041000393480    0.2978    0.4766  -0.078   43
53172.237    2.003439707083    1.773403197092    0.9410    1.1485   0.600    7
53193.206    2.168090278798    1.089500393903    1.2017   13.4217  -0.048    4
53201.256    0.121465166119   -0.902797197000    0.2665    0.6094   0.682   52
53207.228   -1.465137746300   -4.753299603522    1.7287    2.4383   0.479    7
53235.228    5.591656796459   -3.009099606288    4.2916    7.3885  -0.889    5
53241.225    2.242975815221    0.641699992343    3.4697    0.9499   0.817    7
53243.249    0.241101776323    0.070401591756    0.1534    0.3712   0.042   86
53248.205    2.385053639751   -6.756098400729    1.9067    6.2606  -0.672    4
53276.205   13.817033750241    3.418801203736    3.8713    1.1228   0.900    4
53284.226    0.580576158708    0.560699992036    0.8708    1.2575  -0.228   27
53285.253   -0.418928327302    2.358601199148    0.1617    0.4167  -0.425   94
53290.205    0.348345107866   -0.419097601423    0.3844    0.3949  -0.164    7
53297.204   -0.177695107114    0.787100394462    0.5747    0.4487  -0.203    5
53326.223   -1.653400601950   -0.469396796632    2.6119    1.6696   0.415    4
53341.249    0.135555556831    0.559702799308    0.1042    0.2755  -0.210  147
53346.228    1.179544936122   -3.360697205324    0.7332    3.3664  -0.584    5
53347.225    1.671533358716   -0.650498407140    1.2774    0.8280   0.189   13
53353.204   -3.922340273672    5.295301195929    6.6567    7.5479  -0.697    3
53356.272   -1.654574786344    0.149601598309    0.5092    0.8667   0.227    7
53367.226   -3.932776489351   -0.463499996783    6.0177    1.7213   0.890    4
53374.206    1.576295025821    0.793900791507    4.2952    1.0595   0.896    4
53377.266    0.405229420382    1.413100791581    0.5406    0.9650   0.141    3
53381.207    0.875427974381    0.241199994377    0.5810    0.4003  -0.300    8
53395.204   -0.703995184033   -0.209599198797    0.3745    0.5532  -0.408    5
53403.225    0.610190986465    0.701200799824    0.7638    0.8199  -0.021    8
53409.204   -0.708040664871    0.753703199052    0.4845    0.4473  -0.475    8
53411.253   -0.320947116038   -0.394200000642    0.2047    0.3790  -0.121   77
53412.268   -3.396559920632   -1.497196798539    1.9279    0.8996   0.473    3
53419.270   -1.189852733726   -1.983196800381    0.5259    1.1688   0.009    4
53423.208    4.662475667946   -0.670899598276    6.5073    1.1213   0.457    3
53433.270    0.579138908598   -0.385200006292    0.5874    1.1187   0.263    3
53451.208    0.120942327456    0.161802002197    0.3627    0.3662  -0.208    7
53458.206    4.193708134490    1.147802403523    3.2577    0.9940   0.922    5
53465.204  -15.440819524434   -4.127698797163    5.8178    1.6350   0.931    5
53466.227   -0.067452061053   -0.133498805610    0.5709    0.5415  -0.215   15
53479.204    6.305436939434    0.341902800471    3.4076    0.4164   0.486    5
53486.206    4.776372800046   -0.179099998832    3.8179    0.4884   0.449    8
53488.251   -0.484943227238   -0.086097605845    0.1948    0.3786  -0.153   92
53535.204    2.207490065496    0.036000002979    3.5322    0.3230   0.708    8
53550.223    0.955536379813    1.131202792237    0.8321    0.7825  -0.003   33
53551.250   -0.879341833366    1.699300796076    0.1546    0.4213  -0.357  103
53570.206    0.667726644712   -0.182998806508    0.4270    0.2997  -0.685    8
53577.204   -0.398703948905   -0.489196804665    0.4705    0.3802  -0.629    7
53594.269  -15.824781914884   -3.471699599800   15.4462   13.8635  -0.368    3
53607.250   -0.697472916334    7.213701597664    0.1229    0.2985  -0.150   79
53626.195   -0.236536482613    0.182602796883    0.9412    0.4450   0.542    4
53626.498   -1.079478243800   -1.352898004825    0.4415    0.4943   0.317    6
53627.196   -0.836679355427   -0.957398397361    0.7320    0.6474   0.232    3
53627.499    4.392538827671    0.306403197214    3.6553    1.0472   0.834    3
53629.198    0.365958051759    0.617201995112    0.3914    0.5202   0.320    4
53630.195    0.574573703882    0.397000793839    0.4048    0.3561   0.439    4
53630.498    0.203267568817    0.703303194882    0.4532    0.5126   0.352    5
53633.197   -0.009653426083    0.704800800122    0.5133    0.5757   0.537    3
53633.500    0.382265278400    0.920602793997    0.5261    0.6818   0.398    4
53635.195   -0.099415346591    0.788202002866    0.4078    0.3551   0.325    4
53635.498   -0.739612466617    0.384202800774    0.4796    0.4742   0.324    4
53637.197    1.874932460392    4.866101991752    0.9101    2.7252   0.883    3
53640.199   -0.118333918742   -0.044398801435    0.3113    0.5562   0.352    5
53642.248    2.918793421608    5.820703202630    0.1549    0.4450  -0.064   69
53661.204  -13.845737370327  -12.207196802194   14.1940    8.8177   0.358    3
53662.227   -1.254693449268   -4.139298005157    1.1558    1.2142   0.325   17
53692.269   -1.413864404819   -1.176598799191    2.2014    1.0629   0.800    3
53697.269   -2.225102920395   -2.604600004474    6.8780    6.8587   0.994    3
53704.242    4.320912778713    0.844502400810    2.2965    0.4962   0.372   32
53711.225    1.508583013835    0.212702393299    0.5637    0.3728   0.334    6
53717.205  -19.288790870779   -4.808397596889   15.0375    2.4631   0.954    3
53719.250    0.503207516862    0.830700001586    0.1299    0.2655   0.035  146
53725.226    1.936773461415    0.969703191345    1.1626    0.5932   0.513   23
53745.205    2.876650667547    0.831902393372    3.6547    0.7466   0.871    4
53748.287   -0.268368146299   -2.464200005647    0.9328    1.1986   0.562    3
53753.204    0.222706042835    0.355500000637    0.3716    0.6284   0.045    7
53759.201    0.875559418246    0.285300001224    3.7847    1.0367   0.925    3
53768.252    0.034834492988    0.734000393265    0.1361    0.3829   0.132  113
53769.271   -4.860260505815    8.272900802808    6.1676    8.8457  -0.977    3
53773.205    0.133335517124    0.035902800732    0.6695    0.3854  -0.721    5
53787.205    0.959450327792    0.257101194734    2.7290    1.3445  -0.974    4
53794.229    0.040705503950   -0.484498802678    0.8212    0.6084  -0.806    6
53801.205   -0.312987598228   -0.018900004761    0.2589    0.2800   0.068   14
53808.203    0.212398156237    1.741701592550    0.5564    0.5042   0.205    9
53850.203   -0.720042548735    1.211803201784    0.3736    0.6353   0.162    8
53851.229   -0.099415346591   -0.790898405967    0.1713    0.3126  -0.038   98
53858.202   -0.122376373790    0.474703195152    0.9975    0.9392   0.749    7
53860.269   -2.272330692044    1.700999993659    1.1833    1.0306  -0.323    7
53864.207    0.550566821370    0.436802402248    0.4055    0.4497  -0.205   13
53867.271   -5.748084784647    5.215802394787    2.8907    2.9317  -0.880    7
53871.205    1.297618992925    1.159603191070    0.6075    0.8659  -0.187    5
53874.269    1.180067863778   -2.063199607960    2.3973    2.7390  -0.948    5
53878.207   -1.131534285883    0.403700394713    0.4195    0.3284  -0.267    8
53879.226   -0.939225949395    1.794600001404    0.6906    0.5711  -0.142    8
53881.268    2.086547738039   -2.974996799310    2.9992    2.9256  -0.939    5
53886.206   -0.998850025496    0.304001994778    1.1271    0.3897  -0.213    7
53888.269   -0.710129171719   -2.364397202825    0.6194    0.9121  -0.282    7
53893.204   63.261550377172   -1.203796806237   26.7917    1.1378  -0.226    4
53895.271   -0.460153644125    0.168202795692    0.5874    0.5450  -0.208   10
53900.268    0.131901470791   -0.948898802733    0.7298    0.9633  -0.286   14
53909.271   -0.339994106264    0.980801999617    0.5052    0.9530  -0.261    9
53913.205   -3.173462571993   -0.710197200249    1.3532    1.2524   0.818    6
53914.224   -4.446291892810   -2.643300004479    3.0464    0.5797   0.437   30
53916.270   -1.130619963429   -0.594399601539    0.4664    0.9420  -0.070    7
53919.995   -8.228119921144   44.054701199059    2.5422   30.3868  -0.412    6
53922.205    0.079713895850    0.973303191643    0.5172    0.6698   0.064   13
53923.268   -0.784103589465   -0.557398799117    0.4735    0.6034   0.038    9
53927.205   -1.952429342325   -0.106999196703    1.1992    0.5153   0.264    5
53928.228    0.440192331445    0.433000796818    0.2586    0.3890   0.040  100
53930.270   -0.417882560983   -0.612597601446    0.6055    0.9448  -0.063    8
53934.207   -0.833419778969   -0.365597996677    1.2355    0.5528  -0.644    7
53937.271   -0.477638169943    1.310000402555    0.6009    1.1484  -0.308   18
53941.205    0.779275319032    0.027601191732    0.4316    0.3753  -0.377   15
53944.270   -2.683039728591    0.918802800243    4.0766    4.1960  -0.967    6
53948.203   -0.281155934542   -1.130896797008    0.4861    0.6356  -0.380    7
53949.226    1.443347788711   -0.425797202297    0.7114    0.6093   0.058   18
53951.268    0.792322969215    1.013702402020    1.6987    1.4394  -0.801    4
53955.205   -0.190088385776   -0.023400008331    0.3764    0.4038  -0.356   19
53958.270  -11.105421934422   12.830601592384    1.8863    1.8757  -0.926    3
53964.209    0.135815418770   -0.053899208297    0.6981    0.4915  -0.529   16
53965.268    0.178869380501    0.757501197768    1.3776    1.4820  -0.792   20
53969.238   -0.356955793420   -0.222796808202    0.6365    0.8506  -0.102    8
53972.270   -2.190268427407    2.718701999527    1.1485    1.4815  -0.824    5
53976.207   -0.112199931057    0.401702402542    0.3394    0.3573  -0.096   14
53978.249    0.375611477842   -0.008697605836    0.1816    0.3237  -0.441   66
53984.210   -0.677771465593    0.288403195725    0.4623    0.5294  -0.205    8
53990.207    0.484028993778   -1.834099208509    0.6675    0.8048  -0.083   13
53991.230   -0.055838546197    0.520902003132    0.2527    0.4114   0.144   64
53992.249    0.882344751662   -0.714999605123    0.1801    0.2725  -0.343   60
53997.205   -1.081695168723    0.522403202297    0.3729    0.5470  -0.282   17
54000.270   -0.135424023972   -0.623397602340    1.9666    2.5554  -0.923    8
54004.207   -0.261454483801    0.452901601022    0.5007    0.4287  -0.195   11
54007.268   -1.312492084238    1.065700794811    1.1289    1.0818  -0.527    6
54011.205   -0.128510361475    0.687200402183    0.7044    0.5377  -0.246   10
54018.218    0.237710667007    0.246402002801    0.3376    0.5852  -0.134   21
54019.230   -0.391530424468    0.279100800071    0.3467    0.4530   0.172   30
54021.272   -2.388576192932    0.834800401606    1.3862    0.8754  -0.719    6
54025.209    0.458851130650    0.604602000465    0.2748    0.3515   0.260   18
54028.270   -3.740859547660    1.694800792507    2.1443    1.7742  -0.469    3
54035.268   -0.690687582917    0.605602799908    1.3794    1.0933  -0.456    4
54039.209    0.093021496966   -0.253299602093    0.7942    0.4831  -0.341    8
54046.207    0.383048067995   -0.607096798433    0.5770    0.4281  -0.489   13
54048.249   -0.374308875373    0.041601602163    0.0741    0.1460  -0.134  232
54053.205   -0.128770223414   -0.757699196186    0.8854    0.4619  -0.080    8
54056.270    0.421145252225   -0.177199208906    0.7778    1.0462  -0.672    7
54060.207   -0.826374672607    0.340603193649    0.5212    0.4202  -0.371    7
54067.209    0.680511229178    0.276001199495    0.5921    0.3858   0.223   10
54068.224   -0.884170192793   -1.379599206075    0.5798    0.3664   0.185   11
54074.207   -0.302682826414    0.721202400200    0.4376    0.4459  -0.302    3
54075.226  -11.682084056158   -2.669896802843    0.7209    0.6182   0.097   10
54076.249   -0.184871746335    0.252403192746    0.2439    0.2438   0.534  148
54081.205    0.310119505562   -0.724399203023    0.4280    0.6264  -0.398    3
54088.207   -0.079322412058    0.101602796576    0.4254    0.3329  -0.102    8
54091.272   -0.389964845276    0.994201201365    2.0722    2.4036  -0.954   17
54097.207   -2.878739174395   -0.219499196419    1.4238    0.4766   0.753    3
54110.206   -0.526431520784    0.955799995950    0.4113    0.4507   0.147    7
54112.270   -0.473724221964    0.019101597104    1.2367    0.7253  -0.752    7
54116.207    1.280134467107   -0.077097598705    0.3075    0.2113   0.007   20
54123.209   -0.036400072179   -0.738496802910    0.2234    0.4311  -0.082   11
54125.251   -0.335820296346   -0.442396800793    0.2103    0.4819  -0.681   81
54126.270   -0.002999625525   -1.712998805203    2.6162    2.2712  -0.887    3
54130.207    1.540677743237    0.444301197433    1.1507    0.4194   0.636    8
54137.209   -0.109723144195    0.192599996751    0.1413    0.3462  -0.066   23
54138.225    2.722702581005   -1.250100004313    0.3691    0.5693   0.199    4
54139.244    2.288900984402   -0.942897599998    2.7085    1.8372  -0.925    4
54140.270    0.865642926446   -0.425199600329    3.3742    4.0927  -0.973    8
54144.207   -1.082477958319    0.566600398599    0.4855    0.4070  -0.189    7
54145.226    0.069928936909    0.629902798721    0.2433    0.2622  -0.436   13
54146.249   -0.058186914985    0.207900001215    1.1357    0.5525  -0.740    5
54147.272   -0.538173542708    0.599000401280    1.4545    0.7881  -0.827    5
54150.994    2.128036031585   -8.243398808361    1.2859   12.3851   0.031    6
54152.206   -0.354738957491   -0.009496800146    0.9836    0.2222   0.628    9
54153.251    1.178110800795   -5.085298799656    1.4189    0.4183   0.823    6
54154.270    3.659057144962   -1.617598803705    1.2427    0.8230  -0.791    5
54158.207    0.941445989101    0.740102392172    1.1033    0.4610  -0.002    6
54166.272    1.194289698355   -0.631897196968    2.6305    2.7035  -0.937    6
54172.208   -1.107399074290    0.027403193315    0.5065    0.2779  -0.258   13
54175.268   -0.110242957067    0.647301591528    0.8454    0.6494  -0.662   12
54182.270   -1.314186081505    1.707400799944    2.0702    2.5711  -0.943    4
54186.208   -0.225054322628   -0.046897206119    0.1807    0.4097   0.144   22
54187.230    0.064840715543   -0.561099608376    0.1074    0.2721  -0.106  170
54189.268    0.273847762463    0.230201995066    0.9215    0.6242  -0.569    9
54193.209   -0.348085156933    0.679402799619    0.2084    0.3942   0.066   13
54195.269   -6.543015984589    8.414999999218    3.9710    4.5380  -0.985    5
54201.208   -0.351999104912   -1.661997605140    0.2955    1.1625   0.069    3
54203.268   -1.390117473241    1.578902397625    0.8407    0.6436  -0.726   11
54208.207    0.089370525710    0.373003196330    0.3777    0.2477   0.184   10
54210.270    1.269566629576   -1.634799598094    1.4003    1.7478  -0.896   15
54214.208    0.234447975765    1.869602392901    0.3216    1.8165  -0.185    6
54217.268   -0.699561423182    3.927599992437    2.5044    2.3477  -0.896   10
54223.207    2.885784369751    1.017302402317    0.8033    0.5832   0.241    3
54224.270   -1.023116769947    3.669202797596    1.3091    1.8735  -0.803   13
54231.268    0.992719241588   -0.155296805815    2.4959    2.9108  -0.948    5
54235.206    0.085193512014   -0.188596798978    0.3256    0.2586   0.163    7
54238.270    0.379005701941   -8.345998797665    6.6533   13.1083   0.823    6
54242.208   -0.044359589990   -0.467099997081    0.2349    0.2594   0.066   13
54245.268    0.010567837531    0.614401201915    3.0942    4.4697  -0.959    5
54250.207    0.051533203420   -0.009997199868    0.2745    0.2276   0.029   16
54252.270   -1.136099579593   -0.224197198406    0.7589    0.6456  -0.630   10
54256.208    0.055710217116   -0.042598807681    0.2000    0.1801  -0.072   20
54263.206   -0.284155560067   -0.132598802338    0.3041    0.2554  -0.377   19
54266.270   -0.110242957067   -1.077498001223    0.9620    0.9984  -0.446    9
54270.208    0.616713254165   -0.334800002122    0.2458    0.2579  -0.176   17
54273.269    2.124381945546   -5.334699606863    5.2197    7.5312  -0.958    5
54277.206    0.219834746391   -0.403398006199    0.2531    0.2661  -0.087   23
54278.229   -0.039139835765   -0.825796800541    0.1331    0.3756  -0.153  124
54284.208    0.509732988339    0.099601197689    1.0409    0.3905   0.493    6
54291.206    0.217877683408    0.058003202241    0.9180    0.2276   0.469    8
54292.229   -0.616061908434    1.261400392139    0.2167    0.4399  -0.410   42
54294.270   -6.180712107863    9.518500803551    3.7803    6.4442  -0.965    3
54298.208    0.918873241916    1.371200394829    0.7404    0.7862   0.001    8
54301.272   -0.923310028558    1.632200397239    1.0924    0.9045  -0.577   10
54305.206    0.340517122914    0.107801997729    0.3351    0.4086   0.152    7
54308.270   -3.437525286521   -0.857199597704    3.3132    4.0399  -0.935    7
54312.208    1.344586902635    0.234601202465    0.5093    0.3091   0.322    7
54314.250   -0.654027559805    0.027500395561    0.3524    0.7132   0.142   59
54315.272    0.849727094603    1.176501596944    0.7608    0.6991  -0.393   11
54319.206    0.839810602804    0.841402800233    0.7554    0.3978   0.004    4
54322.270   -0.802627652035    1.005001202259    0.6001    0.5788  -0.426   15
54326.208   -0.514298193055   -0.878097607426    0.5799    0.4046   0.294    6
54329.269    8.646525498777   29.659201200616   12.5963   22.0751   0.918    5
54333.206   -0.332297654171   -0.514998002643    0.3496    0.3100   0.325   12
54335.580  -16.065100812618   -5.398696798409    1.3324    2.3451  -0.358   22
54336.271    0.369220743000   -1.317999597461    2.8790    3.4433  -0.961    7
54340.208    0.531651275009    0.443602799294    0.4052    1.4611   0.780    5
54343.269    1.463700585183   -0.371199608651    3.5837    4.0361  -0.962    3
54348.207    0.399226965555   -0.649299596489    0.4979    0.3645  -0.442    5
54350.271   -0.232490912782    0.371001597443    0.6012    0.4996  -0.555   14
54355.227    0.862120373265    0.636501603424    0.3908    0.4299   0.029   39
54357.269   -5.432748728638    9.010900799922    2.9701    4.4459  -0.962    5
54361.206    1.303226938170    3.054103197542    3.3309    1.1381   0.760    5
54364.271    0.547175712054   -0.910699202450    0.5511    0.5423  -0.482   16
54371.269   -1.746030615125    5.056502391199    2.6543    3.4731  -0.939   12
54375.210    0.196613768259    0.969800393591    1.0247    0.7135   0.805    4
54378.271    4.226977048286   -3.191997603835    6.6895    7.4184  -0.967    3
54383.209   -1.217510587493    0.003902401602    0.7857    0.3013   0.525    9
54384.228   -0.078148227665    0.792701993646    0.2721    0.3697   0.186   30
54385.269    0.270065258349   -3.645197999447    1.1652    1.6279  -0.793   16
54390.207   -0.220357585054   -0.249098405902    0.2846    0.3922   0.290   10
54392.267   -3.892985307855    5.757202791301    2.7478    4.0166  -0.957    6
54396.208    0.409403319294    0.180302403407    0.2159    0.2622  -0.182    9
54404.269   -6.516400871350    8.304101994838    3.0820    4.2192  -0.903    3
54410.208   -3.384558125762   -0.512499597960    4.3288    0.4286   0.884    5
54411.227    0.297723112116    1.196200796016    0.8065    0.5429  -0.500    4
54412.246   -0.139729366749    0.446900398288    1.0504    0.6360  -0.759    6
54412.637    0.742352319196  -22.122698399585    1.9179    3.0934  -0.348   24
54413.269    1.391554723351   -0.939797999422    1.5332    2.7160  -0.706    6
54417.206    0.450760079982    0.751100391483    0.3682    0.5650   0.441    3
54418.225    0.694864685607   -0.239896806420    0.3643    0.4409  -0.280   17
54419.248   -1.299835828854    6.160802402633    0.2381    0.3616  -0.404   22
54420.271   -1.058602608666    6.003500391216    0.7878    8.6999  -0.158    3
54424.208   -4.357835778548   -0.246297599915    4.7678    0.5113   0.748    5
54431.206    0.963101299048    0.741103191615    0.3677    0.2265   0.011   15
54432.225    0.187740016988    0.664300793574    0.3202    0.3767   0.039   24
54438.208   -2.422236501526    0.290102393308   12.6465    1.4894   0.978    3
54440.250    0.160605090877    0.330800398274    0.1807    0.3700  -0.187   69
54445.206    0.296420509648    0.184003199877    0.2565    0.2870  -0.050   19
54447.584    5.043958156749  -22.009197600426    1.1963    2.2596  -0.370   36
54461.208    0.791277202896    2.419199995529    0.6035    1.4752   0.443    4
54469.269   -2.818463752563    5.436100798306    1.8974    2.4111  -0.797    6
54473.206    0.087804857525    0.510800400377    0.3656    0.4386  -0.378    5
54476.271    0.472287060847    0.152902791228    0.9604    0.6684  -0.654    9
54480.208    0.840856458116    0.114501598603    0.3912    0.5675   0.205    3
54483.273    6.684442552382   -7.491499196988    5.8429    6.6824  -0.986    6
54485.559  -10.873453860303   14.000803192005    1.1791    2.3234   0.193   24
54488.207    0.547307244912   -0.151397998138    0.6849    0.7327   0.686    3
54489.248   -0.232231050843    0.013003192123    0.1030    0.2369  -0.123  175
54490.271   -0.601448590066    0.482601593887    0.7997    0.8261  -0.510   11
54494.208   -1.547331454802   -1.284598808127    0.7623    0.5629   0.713    5
54501.206    0.534259594730   -0.390697202590    0.6414    0.5055   0.043    8
54502.225   -0.293026285548    3.143602792477    0.3465    0.2894  -0.096   17
54504.271   -5.262881606476    7.461900000294    7.2633    9.4992  -0.990    4
54508.208    0.896435142374    0.487501201007    1.8187    1.8038   0.921    3
54509.227   -5.018517138911    0.657500396528    0.6187    0.5056  -0.565    4
54511.269   -0.743266552656   -0.031298407066    0.5209    0.4257  -0.556   14
54516.207   -2.122687948279   -1.296198003331    1.1778    1.2404   0.814    3
54525.273   -0.703212394438    1.804499999025    0.7238    0.6969  -0.506   13
54529.207   -0.035617282584    0.198701995657    0.1940    0.2776   0.004   14
54537.205   -0.354347562693   -0.151297201967    0.4706    0.3001   0.082   20
54539.269   -0.969755010612   -0.055598405879    1.5725    1.2056  -0.652    7
54543.207   -0.188914112388    0.254699992297    0.2782    0.4710   0.424    7
54551.209    0.777449788907    0.043801199467    0.6756    0.5420   0.643    4
54558.226   -0.019961312680    0.388501199211    1.8750    1.4190   0.776    4
54559.230    0.035225887786    0.320000397380    0.1525    0.4529  -0.402   85
54564.208    0.296680460581    0.377200798596    0.1428    0.2582   0.042   36
54566.250    0.219183400660    1.203800400162    0.5147    1.5059   0.842    4
54567.269   -0.794279943204   -0.537498007702    1.2859    0.9207  -0.732    6
54571.207    0.060926767564    1.074700801951    0.1553    0.3334   0.198   35
54585.207    0.286763968781   -0.130798808584    0.1723    0.3108   0.084   31
54586.270   -8.577116285747    9.759002399790    6.5028    7.7253  -0.990    3
54592.208    1.170151371979    0.261302403715    0.6563    0.7679   0.797    5
54599.207    0.766882040370   -0.073897201958    0.7031    0.2220   0.238    6
54601.248   -0.602494445378    0.351302398371    0.2668    0.4645  -0.005   82
54601.584    9.486076150647  -21.901096808108    1.3266    3.1248  -0.294   17
54620.209    0.684556799009    0.073501192333    0.2177    0.3208  -0.098   17
54627.207    0.445152134736   -2.315700002953    0.5220    1.8003   0.719    6
54634.209    0.158648116888    0.197600400043    0.2683    0.2468  -0.049   18
54635.542    4.969592344205   13.735101593682    0.8833    1.5813   0.070   44
54636.583    7.720084133848    6.716901594928    0.8487    1.8310  -0.096   34
54637.269    0.051664647285   -0.146898007358    1.0291    0.7719  -0.628    9
54641.207    0.047882232164   -0.204598808295    1.0020    0.7260   0.745    7
54642.226    2.361049961017   -0.000997205518    4.6010    1.1576   0.419   13
54648.209    0.858469402009    2.211001199726    0.4566    1.2624   0.635    4
54655.207   -0.406531933857   -0.443797203786    1.0192    0.9059   0.828    4
54656.230    0.599623237928   -4.010896805084    1.1908    4.0701  -0.220   10
54657.249   -0.582010205042    3.861500393043    0.3517    3.4491   0.220   16
54662.209    0.373003247115    0.631702792475    0.1808    0.3221   0.061   46
54669.207    0.408360667759   -0.492199202995    0.2061    0.2657  -0.176   26
54671.581    3.551685484339  -18.416296801149    0.6955    1.4282  -0.350   77
54676.209    0.022049908522   -0.262699199993    0.4358    0.3091  -0.099   28
54677.224    4.360052703471    5.831402394563    0.8827    1.3119   0.206    8
54683.207   -0.032354591342   -0.787096800536    0.2217    0.3279   0.113   22
54686.271    9.117378335303   -6.629497207200    4.8901    5.5114  -0.949   11
54690.497    0.253626498850    0.564101993916    0.2949    0.3208   0.026   41
54691.502    0.097981300258   -0.771199206895    0.2301    0.5334  -0.576   32
54692.499   -0.085456488737   -0.101998806201    0.1928    0.2878  -0.044   21
54693.500    0.291592239215    0.558899998282    0.2161    0.3622   0.031   15
54694.500   -0.664726841200   -1.825297199787    0.2776    0.4516   0.251   24
54695.501    0.375091753963   -0.098596804321    0.3513    0.5295   0.260    6
54696.502   -0.253366636910   -0.700099204209    0.2561    0.4785   0.085   29
54697.499    0.001042740529    0.145501198290    0.2051    0.3427  -0.166   29
54698.500   -0.386833597899   -1.618696805394    0.4547    0.4288   0.337    7
54699.501    0.174304086791   -0.322797596652    0.1805    0.2797  -0.043   30
54700.501    0.401575334342   -0.095097600195    0.1945    0.2868   0.092   21
54701.499   -0.110765884724   -0.337798806527    0.1768    0.2446   0.043   34
54702.499    0.044228146125   -0.129797996351    0.1585    0.2899  -0.171   25
54703.500   -0.508687044033    0.103499992576    0.1793    0.3203  -0.057   31
54704.501   -0.091587361639   -0.100897197797    0.1851    0.2857   0.066   29
54706.579   25.085800628119    6.722002794390    7.7108    7.8435   0.435   13
54707.270    0.530736952555   -0.996098397366    1.3622    1.5388  -0.865   10
54710.999    2.777889781471   -3.256398005647    0.7751    2.7309  -0.346   29
54712.208   -0.441497959703    0.094003192430    0.3388    0.3304  -0.005   25
54713.249    0.342997024560   -0.084600000605    0.1507    0.3473   0.253  159
54714.271   -0.541044839152   -0.222699605956    0.7385    0.5863  -0.635    8
54718.209    0.649330822230   -0.595800004533    0.2214    0.2918  -0.251   18
54719.239    0.477638258937    0.635601600152    0.2692    0.4466   0.160  125
54725.207   -1.033293123686    0.330800398274    2.0187    0.6460   0.803   10
54732.209    0.045402330519   -1.864800000817    0.2222    0.4866   0.009   28
54733.224    0.138946666147   -0.853297208891    0.6363    0.5096   0.036    7
54739.207    0.606668344290    0.368200791456    0.3946    0.3549   0.019   35
54746.209    0.615410651696   -0.849798004765    0.4516    0.5528   0.085   18
54748.247   -0.049707673295   -0.528598796734    0.2155    0.3244   0.188  100
54749.273   -1.448435921084   -0.295498806224    0.5430    0.6484  -0.445   13
54754.208   -0.420885301291   -0.578498401183    0.3995    0.5442  -0.229   19
54756.271    4.997250108979   -6.263499606973    3.2931    3.8316  -0.949    3
54760.209    0.078539711456   -0.907999205424    0.1727    0.4148  -0.382   46
54763.273   -4.618375939895    5.530701592704    3.5185    4.6856  -0.955    5
54770.268   -0.266802567107    0.447202799592    1.2144    1.4232  -0.678    7
54777.270    1.866713080642   -3.276399606023    1.0616    0.9916  -0.269    8
54781.207   -0.152254178269    0.148701595037    0.2000    0.2989   0.212   17
54782.226    0.142860614126   -1.189897204767    0.4040    0.9321   0.339   42
54783.249   -0.860426375999    1.598500800526    0.8186    0.8735  -0.362   11
54783.581   -2.421453711931   -0.488296801393    1.0494    1.9099  -0.306   39
54784.268    1.061473905109   -0.935099997434    1.2266    0.7618  -0.741    5
54789.228    0.308422393512   -0.870098399730    0.4118    0.3953   0.088   47
54790.251    1.113270085253    0.423403200500    0.3907    0.4074  -0.328   15
54797.998    5.942087207396   38.143501195975    2.8939    8.2591   0.548    4
54810.208    0.730090573393   -0.431596799899    0.2572    0.1970  -0.110   24
54816.209    0.422710920410   -0.112298407373    0.2627    0.3056   0.199   27
54817.228    0.122248044709    1.078700393009    0.4391    0.8823   0.242   35
54830.205    0.385659502500    1.161701992203    0.4697    1.8975  -0.583    8
54831.294  -11.199229246774   -9.178999205517   10.4218    7.3124   0.969    3
54840.268   -0.328515150056    0.065203202837    0.5954    0.5230  -0.425    8
54844.205   -0.006262316766   -0.186199203256    0.4724    0.7487  -0.086   36
54845.228   -0.272022232338    0.043102801328    0.7192    0.5353  -0.014   12
54847.266   -2.077414035835   -6.460099207573    2.3593   11.1047  -0.847    4
54847.584   35.064125063300  -30.920400000412    1.0880    1.9417  -0.445   57
54850.999  -51.181022056061  241.683901192857    1.4979    6.3449  -0.923    8
54853.249    0.397529853505    0.688100392665    0.1353    0.3769  -0.154  114
54854.272    3.216647977589   -8.222896808263    7.0187    9.9482  -0.980    4
54861.270    0.391007585805   -0.059299202348    0.5490    0.5247  -0.597   15
54865.207   -0.789320139912   -0.338097601116    0.5122    0.3452  -0.063   27
54866.226    1.013591761939   -0.331797603792    0.3753    0.4599   0.016   46
54867.245    0.910262467369   -0.798098406563    1.1707    0.7866  -0.790    8
54868.272   -1.574206518973    1.938103194732    1.6607    1.8721  -0.910    9
54872.205    0.540262049556   -2.048598001636    0.7211    1.2302  -0.443   17
54873.225    2.072848831119   -1.441396800317    2.7092    1.9764  -0.932    4
54874.247    0.549915564633   -0.016398006153    0.6588    0.6307  -0.554    9
54875.270    0.024006882511    0.104201997431    1.0256    1.5054  -0.838    6
54880.208    0.227011385612    0.582602395127    0.2006    0.2415   0.055   24
54882.272    0.109591700330    0.238600793523    1.1450    0.6720  -0.758    4
54893.207    0.042662477940   -0.093999598505    0.4077    0.5398  -0.115   12
54894.230    0.201961851565    3.045801601331    1.0653    0.8527  -0.115    9
54895.581    4.118431114275  -10.490799601826    1.0040    1.8215  -0.382   78
54903.270    0.183697650935   -0.367797606771    0.6398    0.4559  -0.699   10
54910.268    3.390688998663   -3.939998407532    2.1773    2.6196  -0.916    6
54915.999    0.205744355679   -0.510897602624    1.2407    3.5146  -0.246   29
54917.270   -0.102678037832   -0.504298797921    3.0151    3.4640  -0.969    5
54929.228    1.285222599479   -0.265996798987    0.6951    1.0213  -0.353   12
54930.269   -1.910809604915    0.863301596610    2.8376    2.6564  -0.948    6
54937.249   -5.725123757448    0.683200798335   12.5996    0.7078  -0.362    6
54938.272   -0.824286165759   -0.119498407969    0.8235    0.6079  -0.624    6
54942.209    0.264585731178    0.825501599877    0.2554    0.3702   0.007   17
54956.209   29.016620143481    1.932901199098   19.3201    1.4476  -0.333    4
54963.208    0.784623402338    0.640702799615    0.4469    0.2903  -0.078   23
54966.268    1.189592871786   -0.688298403873    1.2682    1.3970  -0.857    5
54970.209    0.046836376852   -0.006598804703    0.4552    0.2715  -0.262   13
54972.580   10.896546420360    3.161699996213    1.0265    1.7949  -0.349   50
54973.270    0.490291399538    0.801601191824    0.8701    0.6402  -0.522   12
54976.999   -5.642666894236    9.616903203380    1.5334    5.1079  -0.019   24
54980.268    7.317854427985   -9.215398799256    2.8914    2.9053  -0.960    7
54987.270    0.526563142636   -2.248797602533    2.5676    2.8375  -0.947    5
54991.208   -0.346388044883    0.010000793793    0.3936    0.5423   0.154   10
54993.271    2.477163929047   -1.501297198558    4.2479    3.2662  -0.988    4
54993.582   18.582187456019   -3.173896806175    0.7648    1.6297  -0.316   34
54998.206    1.437999705405    0.055000791122    1.2854    0.1745   0.424    8
55001.270    0.055055756601    0.874400392092    1.0797    1.1751  -0.754   10
55006.227   -3.812617040484   -4.005698403375    1.0950    4.0980   0.146    8
55008.268   -1.997831672844    1.008100802835    0.9997    0.8824  -0.561   11
55012.206    0.381873883602   -1.192597201793    0.4488    0.7160  -0.373   10
55028.584   -2.083416490662   13.301600397142    0.9006    1.7924  -0.225   26
55029.270    0.976280482089  -31.916599206738    4.0106   37.6356   0.056    3
55036.268    0.782929405071   -1.487797200639    1.0756    0.7552  -0.681    5
55040.206   -2.867648498202    2.341202393552    0.8838    0.7433  -0.574    8
55042.251    0.142337686470    0.453402000744    0.1939    0.4423  -0.148   89
55043.270   -0.351216315316   -0.536598004430    1.1805    0.8292  -0.736    7
55047.208   -2.618718736927    1.133002798781    0.8343    0.6452  -0.584   12
55050.269    0.340776984854   -0.320597999348    0.6823    0.5283  -0.606    7
55061.208   -0.389833312418   -0.018799208590    0.3132    0.3544  -0.117   18
55063.582   10.768427453683   42.235300799121    1.5566    2.7869  -0.224   15
55069.225   -0.822589053709   -5.249599206536    1.0004    5.2022   0.449   15
55077.250    0.471895666049    0.579902398101    0.2698    0.3976   0.143   80
55085.270    1.937164856213   -3.959596797642    2.4175    2.9076  -0.944    5
55099.270    0.109723233188   -0.898200003974    1.2654    2.0771  -0.843    8
55106.269   -0.040445553017    1.162900802854    3.9230    4.2244  -0.963    3
55113.270   19.612869234194  -15.547298399099   13.5393   15.0169  -0.457    3
55125.229    1.183067489303    5.049601197982    1.6119    6.3561  -0.500   14
55127.274    1.337150312481  -15.910297207711    2.7495   11.7536   0.634    3
55147.582    8.482266321860  -37.996696796938    2.4279    6.0550  -0.818    9
55148.269    0.195699534799   -0.499096802287    0.9341    1.2477  -0.602   13
55152.206    0.732698804120   -0.879699602763    0.2918    0.2828  -0.215   19
55153.229    8.721019640402  -14.552100005005   11.6526   23.5573  -0.964    5
55154.248   -0.874645095791   -1.480899601347    0.5308    2.2592  -0.090   12
55155.271   -2.195356648773    5.746201198065    1.0824    3.8251  -0.226    6
55160.271    1.883543234939   -8.893299600743    1.4596    3.8102  -0.437   19
55166.206   -7.650675009812   -0.646898406842    3.7783    0.3915   0.677    3
55168.252   -0.451934264375   -0.084697202851    0.1279    0.3201  -0.144  176
55176.269   -0.164778900796   -7.737897605864    0.7176    3.6223  -0.011    6
55180.206    0.415665725054    0.085600800048    0.2716    0.2533   0.054   14
55181.229    1.566118672082  -13.963197599764    0.7847    4.7257   0.215    8
55183.271   -1.042035431092   -0.828198002978    0.6728    1.9332  -0.247   12
55188.271    0.140772107278   -3.738999599534    0.8230    3.8369  -0.266   14
55195.273    0.799759559368   -4.193899205518    0.7183    3.9492  -0.099    7
55210.584    4.882441858201    2.507500792603    1.2813    1.9807  -0.246   39
55211.271    2.494908405798   15.441001194461    6.9819   10.3288   0.862    3
55216.209    0.556829227130   -0.652500006026    0.3395    0.3446  -0.045    8
55218.269   -0.505687418508    0.012200391097    0.9287    4.4458   0.205    6
55225.271    0.937791903061   -0.451998003825    0.8018    0.5826  -0.656    8
55230.227   -3.321542851350  -30.811996806790    1.3321    7.3567   0.761    3
55232.269   15.586419991140  112.325702403382    1.3471    5.5499  -0.162    7
55238.248    1.312620591307   -0.185799599706    1.5334    1.0552  -0.457    3
55239.271    0.622192870329   -0.612900002750    0.9036    0.7339  -0.674    7
55253.271    0.188262944645   -5.075100007446    1.4063   21.5469   0.587    5
55267.271   -0.662378472413    1.128700793629    0.8983    3.4459  -0.618    5
55271.208    0.518212230028    0.727700395942    0.3110    0.3746   0.007   21
55274.269    1.265261286799   -0.316800000633    3.6985    1.5453  -0.895    4
55278.206   -0.467981629076   -0.260197201385    0.5529    0.3427  -0.398    7
55281.271    0.004436964629   -0.120499207412    0.6213    0.5317  -0.520   14
55287.272    0.515081071645    0.419803200202    0.6728    0.7378  -0.406    9
55293.207   -0.117419685282    0.166600800355    0.6963    2.0570  -0.718    5
55295.271    0.642808554530   -0.001897208790    0.8767    0.6180  -0.632   11
55309.271   -0.670597852162    0.915703199666    0.6863    0.7506  -0.736   12
55316.269   -1.045295007550    1.234501192471    0.7529    1.5602  -0.488   16
55327.208   -1.553985255360    4.254602391995    0.6085    2.5675   0.641    6
55330.269   -0.573267897636    0.520801194170    0.7317    0.8031  -0.712   11
55337.271    0.132292865589    9.515602795318    0.5739    2.8505  -0.343   21
55344.269   -0.322644228088    0.129200394383    0.7570    0.5550  -0.794    6
55351.271    0.128770312408   -0.516898805358    4.6222    3.8205  -0.989    3
55362.207    0.901523274747   -0.035499603257    0.3755    1.9142  -0.016    5
55365.271   -0.747571984427   -0.225399602982    1.0299    0.8969  -0.641    3
55370.228   -3.889199688957   13.147300796845    2.5789    7.2706  -0.718   16
55372.269   -1.289791007973    8.663702395495    0.9508    6.8957  -0.384    7
55384.209   -0.520692042680    0.820303198168    1.0009    0.7837  -0.823    7
55398.228   10.454525533001   23.101603203202    9.6576   30.7892   0.917    4
55400.269   -0.836810888285    3.842402402654    2.7311    8.9338  -0.782    3
55411.209    5.845543157249   -5.323399206247    5.4163    4.4913  -0.993    5
55442.269   -0.657027274323   -0.681796801416    0.4413    0.4724  -0.446    8
55453.209    1.986481134711    0.157301998627    0.7905    0.3854  -0.123    5
55454.228    0.046316652973   -0.636397200537    0.1340    0.3776  -0.188  159
55482.206    0.080496685446    0.237502791833    0.2657    0.2539  -0.200   18
55483.229   -0.898000632572    0.167399994666    0.2261    0.4739  -0.150  116
55491.293   -0.116636895686   -0.519098402663    0.5741    0.5845  -0.056    4
55495.209   -1.816613923555   -1.882299602585    0.6241    1.4982   0.520    3
55498.273   -1.348369317755   -5.276699998547    1.1319    2.1181  -0.423    4
55503.208    0.743917898388   -0.346899597048    0.6185    0.3379  -0.594    6
55512.270    0.084673699142   -0.462398401169    0.6142    0.7698   0.193    7
55517.230   -1.187635897797   -4.076999998404   20.6546    5.1981   0.261   11
55518.249   -0.196090840603   -0.528897604113    0.1544    0.3002  -0.254  143
55547.271    1.033293212679    2.998501197737    1.2599    6.1401  -0.709    6
55551.209   -0.143383452789   -1.073498397375    0.2917    0.4717  -0.102    4
55560.271   -1.055602894147   -0.426999606873    3.0009   12.3009  -0.929    6
55572.207   -0.072408749561    1.159199993594    0.3633    2.6198  -0.326    5
55580.206   -1.357631349040    0.668502002554    0.7305    0.2975   0.165    5
55582.270   -1.416212862600   -4.336398005478    0.7338    4.3546  -0.163    7
55614.207    0.671900454631   -0.607698007116    0.4848    0.2658   0.090   10
55638.270   -2.985199627348   -1.531396807763    4.0550    2.5963  -0.753    3
55650.228    0.105026495614    0.084600000605    0.3697    0.3464   0.214   14
55652.270   -0.018527266347    1.045800003396    1.2293    5.7338   0.382    7
55659.272   -6.781900835989   22.592502000407    3.7569   14.5353  -0.897    3
55665.247   -0.112462996774    0.507103197833    0.2902    0.5790   0.342   10
55666.270   -0.332429187029   -4.558399200505    1.0261    4.0725  -0.310   10
55670.207   -1.936382066618   -0.196797599017    2.2858    0.4235   0.367    5
55684.207    0.064580853603    0.199000803036    0.5200    0.5437   0.282   10
55687.272    4.284775683256   -2.806999202676    1.8006    1.1978  -0.631    6
55701.272    0.185000253403   -0.240699607446    0.7779    0.6362  -0.543    9
55705.209    5.941304417800   -1.382198406930    4.3245    0.4920   0.422    8
55708.270   -0.189828434843   -1.046700006668    0.8185    0.9317  -0.124   14
55715.272   -0.415142708404   -0.156196796297    2.2571    2.1778  -0.899    3
55727.208   -0.079194082977   -0.144597601093    0.4852    0.3027  -0.210   17
55734.228   -0.330080818242    0.180899992586    0.2902    0.2226  -0.183   53
55735.580  -23.011517661673   -4.628898007297    6.5201    6.4147   0.517   14
55741.230    0.231316817382   -0.816699603945    0.1368    0.5079   0.144   88
55748.206  -15.682832508428    5.402300392632    2.8382    2.5014  -0.976    4
55755.230    0.191262570170   -1.261497607175    0.2768    0.7896  -0.102   16
55757.268   -1.306098234614    2.144001597060    0.8913    1.5646  -0.647   13
55761.206    0.428321980439    0.043401595917    0.4075    0.3620   0.137   20
55763.247   -1.230298375736    2.656202400431    0.3027    0.8501  -0.102   36
55764.270    0.729436112878    0.849301198969    1.6617    2.3283  -0.464   17
55778.270   -0.169344194506   -0.285497999641    0.5366    0.4516  -0.296    8
55782.208   -0.198962137046    0.120103197787    0.4206    0.3974  -0.006   28
55783.227    0.211615366641    0.197503197796    0.4926    0.5078  -0.072   77
55790.207    0.150297204280    0.029401198276    0.4998    0.4695   0.220    8
55791.251   -0.637197405508   -3.739399203084    0.6475    1.8385   0.311   55
55797.227    2.551269790658   22.997001602221   21.5626   23.2504  -0.919    9
55803.206    1.212422455120   -0.083296799858    1.0255    0.4218   0.018    9
55813.272    0.010307886597   -2.128798807632    0.7611    0.9554  -0.281   18
55819.500    0.731784570659    0.117100799457    0.3770    0.2383  -0.181   10
55820.497   -0.241753033061   -0.140597997245    0.4422    0.2089  -0.334    9
55821.498   -0.812804094768    0.439902002825    0.6784    0.3123  -0.251    5
55822.498    2.532351129513   -0.328096807323    1.6849    0.5460  -0.816    3
55823.499    0.118593869675   -0.008197206114    0.3029    0.2401   0.276    8
55825.497   -1.966648151112   -0.001198797861    0.6149    0.3683  -0.269    5
55826.498   -3.539943462414   -0.393699600920    2.1258    0.3428  -0.375    4
55827.499    1.564553092890    0.884901598397    0.8098    0.4110   0.378    3
55828.499   -0.050490462891    0.133502399535    0.2709    0.1888  -0.052    8
55829.500    0.528779978565   -0.094499998227    0.6668    0.2548  -0.638    3
55830.501    0.007959517810    0.096101993563    0.2461    0.2538  -0.198    8
55831.498    0.576922072669   -0.261698400550    0.3476    0.2631   0.012    8
55832.499    0.112854391571   -0.561099608376    0.2904    0.2483   0.299    8
55833.500    0.323427017684   -0.160200006860    0.7152    0.3619  -0.117    5
55840.713  103.318360255741   -0.730799996518   18.2492   20.0573  -0.540    3
55841.272   -0.729436112878    1.225799992710    1.4337    1.5754  -0.901    3
55847.251    0.281415885476   -0.488498406526    0.0975    0.2325  -0.228  196
55852.208   -0.626761189829   -0.268398001424    0.5951    0.9963   0.693    5
55869.269    0.438889728976   -0.771897605034    2.3444    3.0996  -0.773    8
55873.206   -2.109508765238    1.320703201202    2.1149    2.4473  -0.921   12
55881.231    4.014319030109    0.792201593924    3.3021    1.1644   0.208   10
55888.269    0.041228431606   -0.022597207305    0.8151    0.7556  -0.075   11
55889.295    4.113734376700   -2.636197206130    0.5019    0.5294  -0.181   30
55894.208   -0.129161618212   -0.274996806127    0.5091    0.2756  -0.577   29
55895.231    9.620194546362    2.840101197421    4.2640    1.1605   0.883    3
55897.269    0.112591414848   -0.112899603266    0.9186    0.6534   0.454   24
55902.229   -0.049316278498    0.609703199927    0.2920    1.0300   0.356   11
55904.270    0.691733438230   -0.074998797572    0.5313    0.6225   0.270   16
55916.229   -0.255974867637    0.099701993861    0.2915    0.3736  -0.860  181
55917.270    1.665270952956    0.359301593278    1.7906    2.0738  -0.898    4
55930.207    0.314161871615    0.569001601036    0.2442    0.3363   0.074    9
55936.208    0.080759751163   -0.039499207105    0.1825    0.1716   0.030   30
55938.582   -4.530311131437    4.990600803012    1.2298    2.0304  -0.128   28
55939.269    1.084697998025   -2.146197600439    0.8167    1.2459  -0.581   14
55944.207    0.303074310206   -0.352497602307    0.2131    0.1902  -0.042   34
55951.227    0.174695481589   -0.494197207956    0.2795    0.8149  -0.058    4
55960.271    0.116505362827   -0.466898404738    1.3215    1.4347  -0.838    5
55966.250   -0.002739763585    0.294001200984    0.1045    0.2533  -0.222  115
55971.206   -5.191646952315    6.715303193516    4.1434    6.2980  -0.985    3
55974.271   -0.026615113238   -0.325800007772    0.9294    1.2130  -0.812   12
55979.209   -0.416579958515    0.428500793248    0.3152    0.2633   0.006   13
55988.267    0.166604430921   -0.010299601172    0.7457    0.5160   0.345   19
56006.208    0.083108119950    0.659901598965    0.4502    0.6977  -0.675   14
56009.273    0.705952158023    0.391903201091    1.7326    1.4967  -0.801    4
56021.249    0.344691021826   -1.588798801322    0.2969    0.4636   0.085    6
56029.584    2.655381963817   29.019902397920    0.8349    1.6288  -0.295   61
56034.208    0.054144548931   -0.890596805903    0.5359    0.2700  -0.681   29
56041.206    0.466807444683   -0.497599197047    0.2193    0.2063   0.115   42
56044.267    0.933618004149    0.118900793211    0.7475    0.9212  -0.468    7
56058.267   -0.528520027632    1.694800792507    0.5220    0.8701  -0.664   18
56062.208    0.289635265225    0.388501199211    0.5124    1.1441   0.713   10
56063.242   -0.800802210904   -1.720497600388    1.7103    2.8756   0.109    9
56064.582   18.402795236855    8.329003202334    8.5542    9.0089  -0.645    5
56078.250    0.522257710866    0.378403203172    0.4284    1.5105   0.282    7
56079.269   -0.023483865861   -0.709099198559    1.1142    0.3939   0.257   12
56084.207    1.355937440768   -0.404297996681    0.3816    0.2387  -0.206   31
56086.271   -0.947053934346    0.052700397646    0.7090    0.4407  -0.530   11
56091.205    1.646746890386   -0.221399999134    0.4014    0.3266  -0.249   24
56092.582  -11.177830683983   14.147301595813    0.9911    2.1668  -0.189   56
56093.269    0.280892957819   -0.368100008075    2.1042    0.7884  -0.815    4
56097.206    0.859903448342   -0.536997607981    0.4781    0.2286  -0.104   29
56100.271    1.402773817619    0.390402001926    1.2960    0.7054  -0.338   10
56111.207    1.889805640699   -1.346799599844    0.5255    0.5236   0.004    3
56120.582  149.303952855374 -104.971399201759   15.3031   16.9345  -0.655    5
56121.269   -0.523823290057   -0.185896801952    0.5948    0.4444  -0.058   12
56125.207    0.944445703619   -1.064797197614    0.2039    0.2413  -0.149   35
56128.271   -0.477638169943   -0.680299196176    0.4798    0.4221  -0.345   13
56133.227   -1.978913011699   20.374401596257    1.5592   10.6156   0.194    6
56148.247    1.713021652262   -0.808498803906    0.7096    0.9691   0.168   76
56149.269    5.985272612992   -9.026899202524    2.2886    4.5265  -0.661    3
56153.207    1.714978626251   -0.403498802370    0.3089    0.3978  -0.068    9
56156.271   -0.088587647121   -0.683697604131    1.1707    0.5863  -0.518   16
56163.269    3.751167434258   -3.861597608079    1.9316    2.1696  -0.961    7
56167.207    1.188027292595    0.477802795729    0.4210    0.4298  -0.226   13
56175.209    0.911568184621   -1.179698399767    0.3030    0.2981  -0.469   19
56177.273    0.163344854463   -0.677998802701    0.4619    0.4289  -0.193   26
56182.229    0.447109108726    2.021302792343    1.0332    0.8185   0.284   14
56183.584  -50.237096254309   59.753602795354   14.4044   16.8161  -0.427    5
56184.271    0.315990516524    0.242503195125    0.3136    0.3802  -0.530   16
56189.228    1.612303792196    5.826401991271    1.2996    1.7794   0.084    7
56191.269   -0.327077988940    0.275101196223    0.5429    0.4453  -0.433   27
56195.207    0.655984622788    0.192002394783    0.3000    0.3226  -0.392   70
56202.209    1.289659564108   -0.780098405073    0.3151    0.3416  -0.349   13
56205.269    0.947836723942   -1.236999597154    1.4830    1.5619  -0.909    3
56211.208    0.649070960290    0.974001602572    0.3547    0.4373  -0.142   21
56216.209    0.443586555545   -0.045799204429    0.6916    0.7323  -0.866   11
56217.228    0.006522267700   -2.042499596655    0.9401    1.0078  -0.345   10
56219.269    0.326035337405   -0.357796800188    0.5804    0.6269  -0.710   17
56223.207    0.247755576881   -0.201499207719    0.4139    0.3265   0.062   14
56240.268   -1.185547390949   -0.291898805926    0.9007    1.2582  -0.693    9
56246.583    7.298807437759   -0.486597603810   14.9285   14.9297  -0.654    3
56247.269    0.483117786107   -1.406098802192    0.5379    0.6116  -0.430   17
56251.207   -0.180566403558   -0.383896805545    0.2809    0.3476  -0.302   19
56252.266   -1.190895385261    1.350500396313    0.7424    0.8571  -0.790   11
56258.205    1.372767595065   -0.999496805321    0.3073    0.3479  -0.270   25
56268.271   -3.487624354615    4.112701194003    1.4682    1.5713  -0.946    4
56273.231    0.757748338166   -2.672596799869    0.4965    0.9957  -0.054    4
56274.583 -196.922330283761  100.515401992141   13.9204    8.9966  -0.816    4
56275.270   -5.688983547209    4.650202795631    5.3341    6.9415  -0.976    8
56288.207    1.552548094243    0.011602801919    0.3618    0.7547  -0.087   22
56295.209    0.437192616926    0.205199991399    0.3717    0.5233  -0.493   16
56296.271   -2.118382516508    0.994903193430    1.1578    1.1574  -0.896   16
56300.209    1.180459258576   -0.558399598560    0.1986    0.4310  -0.072   32
56308.208    1.267481326505   -0.978199204837    0.2792    0.3559  -0.102   48
56310.271    0.857163684757   -0.742597202930    0.6216    0.5779  -0.440   16
56316.583   12.729076264751   16.115900396585    1.5354    2.1784  -0.349   58
56321.207    0.344039676095   -0.196498804428    0.2082    0.3169  -0.120   20
56324.271   -0.050230511958   -0.040698004966    1.2593    1.3937  -0.909   15
56328.209    0.551741005764    0.049500000898    0.3938    0.3153  -0.090   31
56331.270   -0.531519742150    0.583102794849    0.6769    0.8329  -0.729   11
56335.185    0.721739660785    1.370300391557    3.8895    2.2572  -0.854    4
56336.208    0.918090452321   -0.365597996677    0.3485    0.3547  -0.246   33
56337.227   -0.296288976789   -1.482998402480    5.7979    3.7895  -0.967    3
56342.209   -0.593883670831   -0.028598397250    0.3630    0.3711  -0.289   41
56343.228    0.093935730427   -1.516197599472    1.2649    1.9407   0.572   11
56345.270    0.162299088144    0.059601603652    0.5368    0.5877  -0.435   20
56349.207    1.026379550182   -0.283597196926    0.3229    0.3387  -0.085   35
56352.272    0.146774651099   -0.221399999134    1.0083    1.1170  -0.891   13
56356.205    0.132424398448   -0.252799202372    0.1952    0.1856  -0.146   61
56359.270    0.661595771811   -0.205797606156    0.3311    0.4405   0.120   14
56365.581   -0.569353949657    1.898301599113    1.3874    2.1882  -0.317   44
56377.207    0.926441275935   -0.660297608590    0.2448    0.3858   0.155   36
56391.207    0.246321441554   -0.341899206546    0.2481    0.2975   0.078   29
56394.272    0.573399430494    0.283600803641    0.4044    0.4140  -0.327   36
56399.206    0.412534477677   -0.281296803450    0.2159    0.2485  -0.063   65
56400.247   -0.930746618712    1.785103201257    1.0499    2.0980  -0.308   11
56406.230  -15.710101993187   -2.950498802079    5.1957    1.6917   0.754    9
56408.268    0.099415346591    3.350602803209    1.7941   17.1034   0.807    3
56415.270    1.235777991901   -0.739198807764    3.3296    3.7150  -0.977    3
56422.275   -0.694864596613    1.182402003508    1.2780    1.1223  -0.530    7
56426.209    0.592186647775   -1.136199601603    0.4476    0.7579   0.721    5
56429.270   -0.084933561081   -1.897898401637    1.8650    2.7493  -0.898    9
56439.541    0.564528794007   -0.473598005613    0.7984    0.6039  -0.095   19
56441.206   -0.957493264808    0.930301199276    0.4888    0.5797  -0.496    7
56443.270    0.913002230954    0.392803191573    1.5639    1.1977  -0.833    4
56450.268    5.941435861665   -1.980997203077    3.0061    0.8084  -0.717    3
56454.206    0.248278504538   -1.225299605778    0.5399    0.5162   0.414    9
56456.583    4.101078121315  -20.005898403497    2.5834    4.7448   0.459   39
56461.207    0.274893617776    0.434800803362    0.4365    0.3864  -0.329   27
56469.228   -0.558917644984    2.010700802657    0.9600    1.2131   0.233   13
56477.793   -1.089914459479    1.635602399119    1.5631    0.9746  -0.053    5
56491.582   33.282085770794   63.356702399631    3.8513    5.5300   0.158   41
56492.272    3.271835267049   -2.941297202597    1.9173    2.2631  -0.906    6
56496.209    0.662115495690   -1.117598404221    0.2391    0.2330  -0.075   41
56503.211   -0.916133389337    0.141602403403    1.9533    0.7386  -0.645    8
56510.209    0.306074024724   -0.481597200519    0.1586    0.2419   0.150   39
56511.787    0.471635715116    1.353002394922    0.4354    0.5796   0.147   11
56513.270   -1.664096768562    0.440701197135    0.5625    0.5276  -0.601   28
56518.270    0.574182309084   -0.630799208068    0.4560    0.3324  -0.417   28
56524.209    0.144686144251   -0.060397204038    0.2477    0.3430  -0.057   24
56525.228   -0.429233099116   -1.963998001031    0.5580    0.5175   0.259   28
56526.251   -0.418014004848    0.601300794756    0.8188    0.7990  -0.477    6
56527.270    0.323818501476   -0.565297197852    0.2893    0.3355  -0.206   28
56540.583  -13.583631629788   38.946502803583    1.9694    2.8893  -0.176   22
56548.272   -0.393355865599   -3.224700007820    1.7614    3.2758  -0.702    4
56551.793    0.075931391736   -1.242597602413    0.3342    0.6309  -0.013   11
56553.207    0.564657212082   -0.992098806307    0.5993    0.6003   0.389   14
56555.270    0.749660491275   -0.473896800202    0.4199    0.5345   0.112    5
56560.208   -0.911827957567   -0.564199196162    0.6342    1.0189   0.581    3
56562.272   -0.385659413506    0.521301593892    0.7240    0.5915  -0.234   16
56566.206    1.663705373764   -0.769298404180    1.6580    0.6482   0.519    3
56567.228   -8.882930359538    2.899101592391    1.1232    1.1396  -0.323    4
56569.270    0.518080697170   -0.819198008628    0.8058    0.8083  -0.740    3
56575.582   -5.300455863049   -0.015098399331    1.6955    3.5209  -0.498    4
56576.268   -0.278544500038    1.075499996261    1.2643    0.7287  -0.231   12
56579.793    0.433801596603   -1.348999197148    0.2906    0.5320  -0.155   15
56583.270    0.261977411458    0.922003196990    1.5258    2.0134  -0.860    3
56588.793    0.501250542873   -0.804798007437    0.2286    0.3816   0.122   36
56590.272   -2.076631246240   -1.538697604531    3.1327    0.6828   0.853   13
56594.206    0.074757207342   -0.261399605961    0.6179    0.6883  -0.770    7
56600.791   -0.035485749725   -0.882097198485    0.2429    0.4013   0.178   37
56604.272    0.315076194070   -0.863499607817    0.4448    0.3563  -0.061   13
56609.207    1.605778320719   -0.540698404450    0.8627    0.6247   0.434    4
56625.329    0.325384080667   -1.643097600379    0.3593    0.4773  -0.092   21
56627.283    0.811761443232   -1.733698803719    0.3754    0.6513  -0.044   13
56630.230    0.789974600427   -2.254298405546    1.6803    1.5181   0.074    4
56631.271    1.398336941984   -1.018800007557    0.3451    0.4967  -0.239   22
56632.269    1.085740649560   -0.588898798526    0.9200    1.0796  -0.777    6
56633.266    1.005635447906   -1.437897596190    0.2695    0.3695  -0.026   25
56635.260    0.428321980439   -0.226897208222    0.2601    0.4133   0.049   25
56636.206    0.422710920410    0.805499999501    0.5494    0.6669   0.194    5
56637.254   -0.133075655185   -0.816796806191    0.3035    0.4138   0.057   28
56638.251    0.050621995750   -0.973799997439    0.1913    0.4561  -0.073  116
56639.270    3.963437172420    0.205700391120    1.9194    0.3296   0.261    7
56640.268    0.605885554695   -0.877500005458    0.3137    0.5767   0.086   11
56642.207    0.358652994463   -1.134799198610    0.2921    0.3831   0.085   29
56644.227   -1.803957668170    8.116401592417    2.5130    3.6543  -0.040    7
56646.272    0.437975406522   -0.554497196958    0.5403    0.4850  -0.633    7
56653.270   -0.862120284271    0.519800394727    0.8444    0.8603  -0.672    7
56661.920   -0.032094729403   -1.334599208747    0.2641    0.4836  -0.119   68
56667.270    0.197788041646    0.816102001977    0.6023    0.7013  -0.720   12
56671.208   -0.287678202242   -0.171496800760    0.4615    0.3063  -0.189   17
56673.582  -18.717611479991    9.852901202123    2.5789    4.5247  -0.116   33
56674.269    0.406403604776   -0.677700008112    0.3917    0.3174  -0.174   19
56677.793   -0.799368075577    0.347000393219    0.2961    1.2787   0.102   33
56688.269    0.506078813306   -1.668196806293    0.8770    0.9105  -0.705   10
56693.791    0.760228239812   -1.124499597438    0.5225    0.6844   0.512    8
56695.271    0.352518917784   -1.505998807261    0.9708    1.3255  -0.778    5
56699.208   -0.171432701354    0.794001600468    0.5585    0.3879   0.306   23
56707.229    2.012313458353    1.278100799595    1.3134    2.5689   0.522    6
56735.791    1.155932563192   -0.118699200868    0.5699    0.7970  -0.089    8
56737.271   -3.124669221152    2.949800391150    6.3310    2.6077  -0.724    3
56748.206    1.570424103853    0.243100797093    0.8366    0.3686  -0.106   12
56750.270    2.760145304720    5.889902402600    5.9666   23.6415  -0.813    3
56756.227   -2.708349124577    0.068201994452    0.7226    1.0050  -0.204   10
56763.273   -0.068103406784    1.117101598425    0.5766    1.0546   0.537    4
56770.209    0.459633920246    2.815102800469    0.4670    1.5818   0.436    4
56800.269   -0.588012659868   -0.202096796897    0.4621    0.4038   0.045   18
56803.794    0.177695107114   -0.248400007763    0.5627    0.8326  -0.117    7
56805.207    0.647765243038   -0.160398005278    0.5295    0.4135   0.023    7
56807.271   -0.451414451502   -0.283597196926    1.2002    0.8588  -0.100    3
56809.214    0.545478600004    0.425502001633    0.2811    0.6411   0.464   94
56811.208    1.020117144422    0.338000398870    6.3846    1.5279   0.970    4
56814.269   -0.327992311394    0.251099991999    0.4980    0.4685  -0.101    5
56817.881   -0.600014543732    0.134402402807    0.1660    0.3357   0.130  122
56826.209   -3.046126394912   -1.871297996558    1.7051    0.6330   0.788    3
56828.269   -1.100090902211    0.313102798088    0.9539    0.3986   0.414    9
56834.248    0.519386414422    0.582703191299    0.1246    0.2479  -0.085  146
56841.272   -0.345736788145   -0.909399608418    0.9951    0.8010   0.576    3
56842.291    0.194916656209   -0.352497602307    0.4009    0.6492   0.166    6
56846.206    0.019570006876   -0.168897599906    0.4297    0.3269   0.281   11
56848.248  -13.839606497425   52.173500399988    5.9347   20.6903  -0.895    5
56849.267   -0.183174634285   -0.716598006534    0.5195    0.4430  -0.510   12
56856.269   -1.049600439320    0.366102003113    0.5430    0.4296  -0.260    8
56858.501   -0.610450848405    0.699901193002    0.5981    0.3433  -0.259   12
56867.208    0.080496685446    0.945403192532    0.3472    0.5071   0.525    9
56875.043    0.285461366313    0.091400397650    0.3081    0.6597   0.476   72
56886.501   -0.695647386209   -0.512999997682    1.4196    0.7366  -0.526    4
56888.207   -0.312727736288   -0.053499604746    0.2816    0.2753  -0.067    7
56890.248   -2.527394441005    3.270700791802    1.7027   10.3481  -0.553    3
56898.269   -1.321102858786    0.960202797273    0.7510    0.7875  -0.676    4
56903.207   -1.559984595403    0.883501195403    0.9707    0.4192  -0.747    6
56904.665   -1.261478782685    1.602701996717    0.4998    0.6290   0.231   10
56905.662    2.272462224903   -3.650598006288    0.5013    0.6336   0.188   16
56906.659    1.495012435996    1.364500793954    0.3805    0.5270   0.138   18
56907.656   -0.155908264309   -4.394797204554    0.4605    0.6398   0.193   15
56910.969   -3.791612987275    2.460599992560    0.4772    0.7160   0.078   13
56911.645    2.521000591380    1.200502801169    0.4299    0.5768   0.106   18
56912.642    6.038111444670    1.271203200304    0.5581    0.6621   0.295   18
56913.639   -3.830229984377    0.958003199969    0.4878    0.6428   0.194   18
56914.636    0.940008738990    0.533602793951    0.4516    0.5762   0.178   18
56916.207    0.191134241088    1.017500400735    0.7317    0.3999  -0.111    7
56916.959    4.174401193330   -0.645699596191    0.6408    0.8195  -0.116   11
56917.627   -2.882913073308    0.894700799847    0.4364    0.6466   0.135   17
56918.625   -1.385812130464    0.220802397166    0.5356    0.6549   0.215   17
56919.603    4.431678663436    2.117203193563    2.7468    2.1249   0.910    4
56920.619    0.399095432697   -7.683897601396    0.4893    0.6251   0.320   17
56921.616    7.158163659562   10.463201991229    3.0893    2.3189   0.906    3
56924.790   -1.095525608501   -0.586098005328    1.5792    1.8096   0.724    4
56926.269   11.422586635340    1.380599992729    4.9889    1.3826   0.971    5
56930.207   -1.030421827242   -1.086098404812    1.7494    0.5681  -0.466    4
56935.499    5.988403771375    9.992699992267    1.6259    1.7210   0.761    6
56937.208    1.229906980938    0.135403202250    1.0939    1.1345  -0.764    4
56939.250   -1.958300353287    2.316700802396    1.4537    1.6899   0.856    4
56940.273   -0.331123469777   -0.207997203461    0.4143    0.4448  -0.063   26
56941.496    2.793414218516    1.854900003195    0.7036    0.7717   0.111   11
56942.501    2.328432303958   -2.646997207023    0.7748    0.7263   0.115   10
56945.792    5.036390033737    6.290801991327    1.8066    1.7527   0.867    5
56947.271   -0.401835196282   -0.596397606500    0.5553    0.8105   0.070    6
56948.498    1.262521523214   -2.063199607960    0.6923    0.4820  -0.193   17
56952.271   -0.584490106687    0.015001197085    0.4369    0.4188   0.003    6
56958.207   -0.256626124375   -0.313498807714    0.5370    0.4899   0.104   17
56961.271   -0.324078274421    0.267001192356    0.4167    0.4331   0.107    4
56965.209   -0.074234279686   -0.215398796399    0.5545    0.3827  -0.171    3
56968.269    0.045142379585   -0.539798401178    0.2749    0.2994  -0.088   13
56982.269   -0.930223780049    0.818301599281    0.8339    0.9847  -0.690   11
56984.501    0.632109273135    0.655001991845    0.6673    0.4697  -0.179   13
56987.270   -0.079976872573   -0.300297604383    0.5563    0.6136   0.099   14
56990.498  -10.828834408374    1.257101993701    3.4920    0.7677  -0.250    4
56995.250   -0.150037253347    0.198000003593    0.1385    0.3323   0.023  190
57001.208   -2.475598260861    2.525000394371    0.3840    0.4294  -0.133    9
57004.498    2.310296432409    1.022702396369    0.5020    0.3577  -0.129   14
57005.499   -0.032877518998   -0.274597202576    0.6483    0.4082  -0.024   12
57007.209   -0.905697084665   -1.591099207587    0.7585    1.3010  -0.262   26
57011.551    0.309856439845    0.019000800933    0.2124    0.4258  -0.176   70
57011.610   -0.018004338691   -1.948096800675    0.9352    0.6315   0.208    6
57012.501    2.197573573696   -0.303498001131    0.6754    0.4294  -0.149   12
57037.250   -1.118878030498   -0.766897201743    0.5265    0.5675   0.191   64
57038.269   -1.439565284597    0.161503194818    0.8850    0.8015  -0.477   11
57046.458    0.106851936745   -0.828997197289    0.2154    0.3920  -0.382   43
57071.226   -0.667595022860   -2.472098404382    1.1719    3.7465  -0.285    8
57073.271   -2.795894120162   -1.141999199206    1.6372    1.5754   0.632    5
57077.209   -0.196350702542    0.692099996513    0.8682    1.0915   0.349    7
57080.273    2.172132644851    0.923601598402    2.8726    0.8243   0.410    4
57087.271   -0.414622984525   -0.119897998729    1.5633    0.7470   0.060    3
57091.209    1.409427618177    0.136501191150    0.4596    0.5356  -0.474   12
57094.270   -3.592259455430    2.591200802726    3.1102    1.4590  -0.502    4
57098.207   -0.696038781007   -0.143398803232    0.4846    0.3641  -0.442   18
57098.832   -0.484160437642    1.914400797887    0.2340    0.4991   0.028   34
57101.271   -1.851576834618    0.531302400475    3.2865    0.5124   0.385    3
57112.207    5.843194788461   -2.478297605535    0.7230    0.4228  -0.226   17
57129.272   -2.189225775872   -1.378799998975    0.7212    0.9474  -0.321    5
57136.273    1.683538357364    0.811601998407    0.3933    0.3773  -0.324   23
57140.207   10.446569129974   -5.878299600681    0.5299    0.7666  -0.658   29
57142.271   -0.978497318018   -0.541098008000    0.6197    0.4513  -0.562   13
57150.270   -0.404315097928    0.166003198387    0.3363    0.3094  -0.210   17
57157.268   -0.526954448440   -0.073799999711    0.4445    0.3437  -0.570    9
57163.251    0.755268436520   -1.095998402434    4.4628    6.4988  -0.985    3
57169.208    2.361178290098   -1.600199998109    0.8943    0.8739  -0.100   10
57171.268    0.771447334080   -0.117799197596    2.2210    0.6336   0.143    5
57177.583 -220.059355566601 -234.529696808750   94.4129  174.8799  -0.781    3
57178.270    0.002348457781    0.991101600789    0.8763    0.8645  -0.445    8
57184.581  303.210885631673  620.119202400815    8.2156   22.0106   0.374   22
57185.268   -3.739556945192    1.967400002911    1.0818    1.5337   0.071    4
57199.272    0.596883385349    0.649400392660    0.6142    0.3710  -0.015   19
57204.363    4.277730487900   -6.603796805393    2.3524    7.8907  -0.915   10
57205.269    1.239037568359   -0.452199596168    0.5182    0.3539   0.001   20
57213.272   -5.972096455740   -1.542099606411    0.5560    0.4070  -0.198   12
57217.209    0.598448964541   -0.250397999935    0.3549    0.2475  -0.122   56
57220.270    1.549288517785   -1.624499996922    0.7484    0.4505  -0.288    9
57224.207   -5.495632470191    3.563503194925    0.8495    0.9231  -0.721    9
57227.272   -1.840357740349   -0.733399197372    0.7488    0.5086   0.017   12
57239.208   -1.856536637909    0.971801992478    0.9705    0.6432  -0.019    4
57241.268  -14.157159389363    3.647401203466    1.2833    0.5114  -0.599    4
57246.206  -17.603035677486  -33.354198008340    3.3753    7.3866   0.832    3
57252.207   -1.585816919045    1.648501201146    0.4149    0.2734  -0.402    9
57259.209    3.111361709030   -0.317098808011    0.4385    0.2852  -0.106   21
57267.230   -6.290303808193    6.369901201708    1.7843    1.4146  -0.526    6
57276.270   -0.253494965991   -0.241999201478    1.2107    0.4619   0.619   18
57280.207 -105.892199589806  -29.613196797129    5.0775    1.4561   0.966    4
57281.584  184.867762882355  -42.840198000249   93.9290  159.1465  -0.794   34
57290.270   -0.454937004683    0.439001999553    0.6046    0.8250  -0.235   16
57301.209    1.105442100301    0.757000798046    0.9036    0.3615   0.360    8
57304.241   57.491938611660  -62.177698804078    2.1578    2.7416  -0.963    7
57309.208   -0.015787413768   -0.308498404422    0.6550    0.5044   0.213    6
57315.209   -0.452588635896    0.178902000414    0.2595    0.2342   0.146   30
57325.268   18.547089986308    5.138503203739    1.1279    0.4705   0.529    8
57330.206    1.472182941655   -0.103197604062    0.9909    0.6809   0.072    4
57364.208    2.080676816071    0.717400794770    1.8532    0.4231   0.394    3
57365.227    2.845601793457  -16.254597603904    0.4532    2.8198  -0.387   13
57367.268    1.568335597005    0.143200792024    0.4805    0.4988  -0.046    7
57373.248   -1.712501839389   14.526201591991    2.7805    9.5509  -0.721   14
57374.270  -31.643952769739    3.033601197444    2.0905    2.5601  -0.417    4
57378.208   -1.944078518711    1.818702001799    0.8294    0.3127   0.332   14
57385.209   -5.144156203942   -0.190897205243    0.9062    1.1748  -0.874   12
57386.269  -10.635351798498   45.900900002493    1.2526    5.6478  -0.958    4
57392.208   -0.916396366060    4.877301596196    1.6243    0.8800   0.206    3
57401.233   10.097832716304    5.322301191768    0.1907    0.2060   0.057   78
57406.208   -0.231185195530    1.137502802351    1.0207    0.3795   0.215    7
57430.270    8.406466373989    2.886001198021    1.4551    0.9009   0.313    5
57435.227   -2.967455239591  -33.375999602470    1.9001   10.7965  -0.795   10
57437.269    3.338373094641   -0.217396801361    0.7223    0.7635   0.207   12
57465.269   11.706090938669    4.425800398167    0.4746    0.3861  -0.005   29
57479.269   -0.626369795031   -2.040497997768    0.5244    0.4248  -0.125   16
57484.229    1.594427782587  -15.532797601736    1.9969    8.5329   0.080    4
57485.251    7.714081679022  -46.226397596172    3.4021   12.4313  -0.927   13
57486.271   -0.105286268559   -2.293099201722    0.3439    0.3509  -0.175   28
57490.208    2.368746413110    1.574503203017    1.9773    0.7398  -0.115    6
57493.269   -0.961535630862   -1.311998407516    0.5358    0.9377  -0.099   13
57520.253    0.191525635886  -11.708499603458    1.2973    1.0612   0.208    9
57526.207    3.879286400935   -1.429696796151    0.3668    0.2885   0.087   41
57528.271   -1.959083142883    2.850602403726    0.7443    1.1885  -0.330   16
57542.271    0.470852925520    1.404899991542    0.3809    0.3677  -0.076   33
57560.208    4.595155050757   -2.044998001338    0.9683    0.5230  -0.305   10
57567.206    5.143896342003   -5.792198400911    0.5695    0.4059  -0.047   28
57581.206    0.928006944120   -2.725599598818    0.4513    0.4800  -0.069   26
57582.229   30.856066765153   26.748701992574    1.1617    1.0457   0.376   17
57588.208   -1.882628823491    6.381900000463    0.3877    0.4838  -0.469   27
57591.269    0.240970243465   -1.299099605490    1.0176    0.7673  -0.593    7
57595.206   -1.428474608403   -2.044396805445    0.3482    0.2247  -0.090   35
57596.229   -1.202377545246    1.129701593072    0.5400    2.3572  -0.282   44
57597.248    0.381354070729   -3.342499205417    1.2958    1.4961   0.226   77
57605.269   -0.052056042083   -7.412399999396    0.9689    1.0611  -0.735   12
57610.229  -10.344542348879    2.394403203709    0.6040    0.5553  -0.083   19
57617.209   -4.670694958701   -0.565200008396    0.7855    0.7937  -0.583    8
57623.206   -0.112462996774   -0.265399197019    0.5272    0.3464  -0.376   27
57624.229   -9.909961166457   30.349000803653   19.6438   58.1658  -0.986    3
57626.271    0.225705668359    7.699903191849    0.3998    0.3561  -0.194   24
57637.082   -5.319762804208   -0.707400000977    0.5111    0.3622  -0.107   15
57647.269    0.176652455579    6.897599995170    0.7241    0.8333   0.177    9
57652.229   45.300253100021   56.597101200850    0.7619    4.5411  -0.349    8
57666.207    0.268108284359   -0.030999599687    0.4563    0.3254  -0.507   39
57668.271   -3.401388280059    2.126203200703    0.3539    0.3965  -0.451   28
57669.345    3.810660066494   -3.474899996547    1.3622    0.6059  -0.613   15
57670.313    2.878216335733    0.324899991710    0.6990    0.5734   0.212   11
57673.209    0.136858159299    0.081403197782    0.3774    0.3942  -0.103   58
57674.228   13.815991098705  -13.770597603013    1.2161    1.7757  -0.563   72
57679.207   -0.459502298394   -0.228599999730    0.2147    0.2241   0.024   61
57685.189    1.459395153412    0.622202398404    0.5380    0.3439  -0.148   20
57686.208    0.619975945406   -1.667998807875    0.4121    0.2631  -0.218   49
57693.207   -0.484291970501    0.553600800401    0.2251    0.2338  -0.171   73
57699.186    1.472311359730    4.737200391958    0.6331    0.4932   0.020   14
57700.208   -5.401956601704    0.599803202306    0.7149    1.1425  -0.696   55
57703.269    7.562218895550   -6.290197201508    1.6709    1.0272  -0.677    3
57708.229    0.440846702965    1.154401195436    1.7563    0.8485  -0.136    7
57717.313    1.786867651933    3.135801595988    0.5664    0.3834  -0.064   25
57724.271   -1.893588055820   -0.783698405371    0.2682    0.2703  -0.046   15
57728.208    3.890636939068   -0.040798801137    0.4685    0.2367  -0.097   27
57732.292    1.771994560620   -2.380500008314    0.6589    0.4572  -0.088   20
57737.270    1.829658547948   -0.311698801170    0.4429    0.2931  -0.094   22
57744.272    1.166500400723   -1.172498399171    0.3456    0.9318   0.063    5
57752.271    0.070060469767    3.331400397144    0.7491    1.1570  -0.675    3
57757.209   -0.899434767899   -5.537296803482    0.7667    0.5434   0.448    7
57766.271-4933.688628442676-1488.914298003863    0.9775    0.7237  -0.010   14
57770.475   -0.657158807182    1.378501191596    0.2289    0.4871  -0.004   42
57771.209   -9.718567063429   -0.650498407140    0.7348    0.3938   0.532   17
57772.228    7.806711692196    7.061302800082    0.4229    0.4506  -0.108   44
57773.269 -438.904591655026 -966.469399205039    0.2684    0.2579   0.205   25
57775.461   -0.215529314620    1.341000002242    0.2147    0.4943  -0.278   25
57780.271-6178.805361537808-1368.830098805063    0.7055    0.4270   0.492    7
57786.247   -3.285534173969    1.177401600216    1.2394    1.1992   0.388    3
57787.269  139.929293935181 -187.352899197890    0.3003    0.2552  -0.083   37
57794.271   -1.438650962142   -0.571899596480    0.2252    0.2418   0.038   47
57798.209   -0.105546219493   -1.801396804524    0.4458    0.3149   0.043   36
57804.381   -0.737135679755    0.326401203665    0.2762    0.5734   0.413   55
57806.208   -0.024398188315    0.045100793500    0.4314    0.5742   0.149   15
57808.271   -1.904938593952    0.599399992041    0.5017    0.5806  -0.149   12
57809.367   -1.061865299907   -0.551797199932    0.3963    0.7908  -0.247   21
57812.209   -0.111025746663    0.520001999860    0.6792    0.5468   0.069   16
57826.209   -2.071674557732    1.281502801476    0.3802    0.3468   0.302   40
57829.269    2.367049301060    0.253602003397    0.4847    0.2589  -0.166   23
57833.207   -1.736245656184    4.779302393842    0.2601    0.3205  -0.101   69
57834.230   15.764897887849  -41.058799202176    2.9824    7.4309   0.814    3
57836.271    1.210988319793   -2.766798003506    1.2571    0.5985   0.233    4
57836.293    0.058186914985    0.000000000000    0.3339    0.7198  -0.427   29
57840.209   -0.812675676693   -1.265698803365    0.3419    0.2744   0.082   31
57843.270   -1.943035778182    0.344502001326    0.6328    0.3227   0.248   15
57849.249  -16.964535580516  -19.949299198174    1.5933    1.2722  -0.093    4
57850.271   -5.794009953828   -0.693997205303    0.4026    0.2355   0.119   22
57856.272   -1.640744346566   -4.826498407340    0.6365    0.3982  -0.106   11
57864.271    5.961397263339    1.994302796504    0.7061    0.3375   0.377    8
57868.209   -4.282555643550   -3.365596799654    0.5643    0.6445   0.079   15
57875.167   -5.166857369201    2.219900397904    3.0372    0.8481  -0.593    7
57875.189   -0.033137380938    0.234701998636    0.2116    0.4410   0.079   73
57876.208   -0.981237081603   -0.650199599761    0.1366    0.1249  -0.311  111
57882.209    0.235099321497   -0.845798400917    0.4235    0.2905   0.117   16
57897.228  -25.054228737379  -10.011297608514    7.4205    2.7439   0.927    4
57899.270   -0.068363268724    0.710402399307    0.3488    0.3036   0.035   18
57904.690   -0.038488579027    0.463600792955    0.2354    0.6110  -0.217   49
57906.271    0.219183400660   -0.872099998617    0.5454    0.4225   0.103   10
57911.206    0.833811262760   -0.339796798698    0.3922    0.3137  -0.268   16
57913.270   -1.403425074357   -0.905299208398    0.6680    0.4168   0.239    7
57914.628    0.287546758377   -1.735999197194    0.1757    0.3722  -0.173  134
57917.207    2.059018302347   -3.731497197634    0.2062    0.1909  -0.193   36
57919.271   -0.147688884559   -0.685598406847    0.4603    0.2786  -0.019   18
57924.209   -1.395728622263   -0.312098404720    0.2253    0.2340  -0.003   64
57927.270    0.732958755053    4.269502792908    0.3009    0.2893  -0.109   46
57931.207    2.453548441333   -1.972799996963    0.5885    0.3077  -0.278   25
57934.272   -3.479796369663   -0.965397605057    0.4995    0.4392  -0.302   12
57938.209   -2.163913176108    0.601902003439    0.4151    0.3469  -0.207   31
57945.207    5.715338798507   -0.185399996155    0.4161    0.3027  -0.325   23
57950.916   -0.524083151997    1.976803194736    0.4021    1.6729  -0.715   21
57953.206    0.423493710006    2.086401592294    0.3922    0.2792  -0.163   23
57959.207   -8.042856691018   -1.143399602199    0.3617    0.2561   0.040   38
57960.230    0.443714884626   -0.110098797279    0.7107    0.7330  -0.094   20
57962.272   17.155146982942   21.753802791125    0.5281    0.4378  -0.440    8
57966.209    0.158776445969   -0.783597596410    0.3846    0.3611  -0.220   21
57969.270    0.567005580869    0.492001191787    0.4458    0.2848  -0.580   24
57970.691    0.873602444256   -3.122596798733    0.2173    0.7361  -0.032   49
57976.272   -1.418689649462   -2.229998406733    0.3572    0.2821  -0.114   27
57978.131   -0.127073111364   -0.431298005310    0.1629    0.2889  -0.223  172
57980.209  -12.757256957181    8.997602394345    0.5022    0.2783  -0.095   16
57983.270    1.897893487590    2.309399992839    0.2959    0.2213  -0.236   27
57988.230   -0.916396366060   -0.567900005422    0.5121    1.1786   0.245    6
57994.209   -0.184088956739   -1.638298802220    0.3524    0.2691   0.043   14
58002.208   -3.501194932454    2.628201592358    0.2825    0.2958  -0.205   56
58003.231    0.991153662396   -2.063797197138    0.2090    0.4883  -0.290   45
58004.268    0.243190283171   -0.439297200217    0.3261    0.2111   0.119   29
58009.228    6.285084142962   -1.265896801783    2.3837    1.6885   0.392   23
58010.244    2.879653496849    6.924801596142    0.5937    0.8426   0.152    7
58015.324    0.168824470627    1.215100800778    0.3234    1.1572  -0.179   93
58022.209    1.808003238001    3.070202396316    0.3651    0.3554  -0.013   36
58022.797   -1.263695618614    1.231502400856    1.3214    1.1412  -0.478   49
58025.270    1.789216109715    1.097600397770    0.3517    0.3876  -0.189   22
58029.207    3.060739713280    1.211900391240    0.8112    0.6561   0.487    7
58030.230    4.199710589317   -6.931998002813    0.6006    0.8612   0.307    6
58032.268   -1.328930843738   -2.640898802042    0.2523    0.2376  -0.126   36
58033.499   -2.264502707093   -1.263798000650    0.6325    0.8184  -0.221   13
58036.001    0.479463700068   -0.637898399702    0.5727    1.2589  -0.525   43
58037.206   -0.694601619890   -1.985097603097    0.2905    0.3141   0.107   28
58038.229   38.889529892028   -3.962397603630    0.6211    0.5644  -0.396   50
58046.268   -0.902042998626   -2.836299604780    0.2699    0.3046   0.000   27
58048.076   -2.196662277032   -0.633697203511    0.3471    0.8276  -0.526   61
58050.209    0.172738507600    0.673801200435    0.4581    0.2562  -0.064   19
58053.270    0.250755202406   -1.514199607300    0.2661    0.2329  -0.207   35
58057.207    0.610582381263    1.911002402721    0.3911    0.2495  -0.273   30
58060.272    1.954646356242    1.302400798409    0.3175    0.2591   0.063   30
58064.209    2.602411599280    1.974200399957    0.5889    0.7488  -0.620   16
58065.228   -0.167778615314    0.295102796599    1.1572    0.9234  -0.763    4
58067.270    0.219574795458   -2.504498407063    0.2649    0.3549  -0.137   42
58071.207    3.274966425432    0.168299997938    0.2288    0.2367  -0.061   32
58072.226    9.090631778201  -14.732298005526   11.9904   20.8675  -0.984    4
58073.249   33.612557983834  -41.408798399800    0.4680    0.2780  -0.044   16
58074.272    1.600170375474    0.251402393303    0.2444    0.2458  -0.137   32
58078.209   -0.484291970501   -2.017098002227    0.2775    0.2087   0.151   34
58085.500    1.843357543862    1.660201192522    0.1101    0.2829  -0.165  111
58087.498   -0.091587361639   -9.319096803040    0.1127    0.3120  -0.228   71
58089.499    0.251146597204    2.815502391229    0.0968    0.2661  -0.498  125
58090.496   -0.525257336390    1.105401594259    0.1247    0.3129  -0.357   97
58091.453   -0.467721678143   -4.561999200803    0.0409    0.5712   0.424    4
58091.497    1.653269158086    1.110103202961    0.0932    0.2565  -0.641  131
58092.498   -0.599623148935   -1.178499601906    0.0846    0.2001  -0.393  142
58093.499   -0.847901564478    3.546302400537    0.0888    0.2142  -0.551   96
58094.496    0.050490462891   -0.667396800225    0.1086    0.2373  -0.492  109
58095.497   -0.644242600864   -0.594698408918    0.1281    0.2974   0.201   53
58096.497   -0.600146076591    0.268001991799    0.1232    0.3383  -0.683   52
58097.498    0.428321980439   -0.046299604151    0.0826    0.2435  -0.393   80
58098.499    0.218660561997   -1.015599598020    0.1213    0.2930  -0.285   63
58099.496    1.294487834541   -3.568197602988    0.1154    0.3075  -0.702   56
58115.209   10.384465152227  -14.446699196924    1.5746    1.7305  -0.855   13
58121.207    3.592910801162   -2.165997608472    0.4119    0.3725  -0.374   17
58123.270   -0.350042130922    0.334602003704    0.3884    0.4140  -0.083   21
58127.208    2.908617067869   -2.861596796322    0.5665    0.4113  -0.406   24
58130.268   12.343548295110    3.808202393429    0.6194    0.5058  -0.617   14
58134.209   -2.157650770348    1.763801994059    0.4565    0.2677  -0.210   35
58137.270   -1.181893215916    0.573703196949    0.8319    0.5654  -0.724   10
58141.208    0.360869830392    0.206301599803    0.2680    0.2765  -0.066   22
58148.209   -1.001198483277    1.803103202747    0.8031    0.3984  -0.033   16
58155.208    2.525957279888   -0.457397997877    0.8406    0.4470  -0.608   13
58158.272   -0.282981375673   -0.363297603201    0.3417    0.2821  -0.514   18
58159.408   -2.125036317066    4.990600803012    0.2427    0.6553  -0.294   28
58162.206   -1.197157791021    0.967302001698    0.2702    0.1741   0.164   42
58163.229   -3.896899344828    9.906901193801   14.0550   26.0349  -0.972    4
58169.208   -0.162953459665   -0.158497202563    0.4963    0.3466  -0.069   20
58170.230    0.801716533358   -2.769098396982    0.2533    0.4247  -0.226   88
58172.272   -0.345213860489    1.772701192237    0.2784    0.2597  -0.116   25
58176.209   -0.791540090625   -0.219898799969    0.3965    0.4326  -0.421   20
58177.229 -771.452261667628  445.121200800713    5.3012    2.1556  -0.316   10
58183.208    2.333780387264   -4.024497599175    0.6829    0.6620  -0.631   16
58185.249  -14.122847824032   -2.933499600033    1.1069    2.3406   0.375    3
58186.272   -0.333340394700    2.748103197803    0.5565    0.9840  -0.194    8
58190.206    0.799628026510    0.697802391869    0.3184    0.3170  -0.046   29
58191.229   -0.023092471063    2.929201201596    1.1040    1.4273  -0.120    3
58197.208   -2.131690117624   -2.351199606210    0.2516    0.3610  -0.086   41
58200.272   -0.690559164842    1.497502793768    0.3077    0.2946  -0.138   21
58203.797   -0.637328938366   -0.062197197792    0.2044    0.7978  -0.197   63
58204.206    0.625195610637   -1.139097597047    0.3196    0.2651  -0.170   29
58205.269    2.311079222005   -0.252298802650    0.4846    0.4105  -0.321   12
58212.209   -0.476072590751    0.439502399274    0.2765    0.2927  -0.067   31
58213.231   -0.199221998986    0.023702396845    0.1163    0.2369  -0.233  187
58214.269   -0.360346902736    0.194101195916    0.1830    0.2608  -0.265   50
58216.836   -2.217274935443    5.765399997415    0.2328    0.5685   0.132   35
58218.206   -1.161803485161   -0.967399203944    0.6752    0.3652  -0.221   18
58219.229   -0.029486409682   -0.442198802375    0.5429    0.3526  -0.012   30
58220.248    1.002764062468    2.807099998847    0.2712    0.5303   0.053   11
58221.270   -2.656947454015    1.963101591684    0.7743    0.7120  -0.219    8
58232.210   -0.866297297967    0.206600394392    0.6021    0.3492  -0.147   24
58233.225    0.178869380501   14.890402792389    2.4004   11.3607  -0.808    7
58235.270   -1.316534450292   -6.759000002887    0.3221    0.3858  -0.268   20
58241.209    0.987759438296    0.105703196596    0.2446    0.2338  -0.147   34
58242.272    0.792842782087   -0.410598006795    0.3486    0.2701  -0.317   20
58245.742   -0.738438282223    3.425803193124    0.2074    0.6613  -0.129   39
58247.207    0.223748694370    0.292600797991    0.2929    0.2330  -0.030   35
58253.208   -0.157602261575   -0.547297196363    0.2934    0.3580   0.344   42
58254.227   -1.608518084305   -0.681699599170    0.8774    0.9802  -0.243   32
58258.146   -0.493945396584    1.278601199317    0.2450    0.5712  -0.101   53
58261.207    0.007436590154   -0.089697606143    0.3940    0.3614   0.181   17
58263.270    0.749528958417    3.122002803480    0.5684    0.3750   0.128   12
58270.269    2.943842955655   -3.567196803544    0.2467    0.2190  -0.195   28
58272.782    0.069146147313    2.519200796769    0.1818    0.3584  -0.214   47
58274.210    0.114288526898    1.843300795201    0.4915    0.3918  -0.136   18
58276.251   -1.759078265308  -13.137897605020    0.9635    1.2453   0.280    3
58277.271   -2.261894387372   -3.400200006354    0.4946    0.5841  -0.415   11
58281.208    0.159950719357    0.551699997686    0.2541    0.2709   0.147   35
58282.227    0.817763898059   -2.945098808027    0.4303    0.9513  -0.588    6
58284.269   -0.282721513734   -1.004497208612    0.3528    0.2803  -0.186   11
58288.206   -0.273587811530   -0.281700000926    0.3359    0.2868  -0.214   22
58289.229   -3.272877918584    5.186300400339    3.6968    6.3731  -0.795    3
58295.208   -0.486640339288    0.062099995546    0.3046    0.2951  -0.132   17
58301.297   -1.031987495427    0.872802003471    0.1713    0.3547  -0.134  100
58302.210   -0.516646561843   -0.532897207961    0.4810    0.4175  -0.419   16
58303.229    2.587406886114    0.970102794895    0.6863    0.5804   0.129   19
58305.026   -0.345736788145   -1.379700002246    0.2328    0.6176   0.417   50
58309.208    0.248538366477   -0.185598007363    0.2955    0.3294   0.010   19
58310.227    1.372636062206   -4.214397598901    0.4989    0.5843  -0.405   33
58316.206************************************    0.2380    0.1959  -0.111   30
58323.208    0.323686968617    0.020602796269    0.2791    0.2655  -0.172   19
58326.269    0.785277773859   -0.041198404688    0.4993    0.3255  -0.162   16
58326.959   -0.133075655185    0.323701193850    0.2086    0.4012  -0.038   89
58330.206    0.847901653472   -0.478396803771    0.2919    0.2346  -0.195   28
58330.955   -0.009653426083   -1.317999597461    0.2377    0.5733  -0.120   36
58331.229    1.112615713732    1.521100800517    1.2411    0.7245  -0.082    3
58333.271   -0.375483059767    0.458999993214    0.4701    0.4974  -0.045   11
58337.208   -0.197787952653   -1.271296808625    0.3009    0.2791  -0.025   36
58338.227   -0.634980569579    0.435700793844    0.6169    0.5241   0.040   26
58340.948   -0.129030085354    0.498002394522    0.2152    0.4550   0.103   88
58344.206   -5.357991521296   -1.769399999318    0.4934    0.2438   0.032   38
58347.271   -0.682599736026   -0.115199996742    0.8192    0.8225  -0.788   12
58358.206   -0.335688763487   -0.918097201463    0.6603    0.4553   0.256   15
58361.271   -0.221791631387   -0.648496808253    0.5444    0.4896  -0.391   15
58363.696   -0.750311748012    0.607802397212    0.1841    0.3841  -0.017   57
58365.208   -1.308578136259   -1.478998798632    0.8734    0.6038  -0.446    7
58368.269   -0.044096524273    0.010000793793    0.4155    0.4857  -0.359   15
58372.206    2.454854158585    0.170701200375    0.6382    0.6210  -0.651   17
58375.271   -4.009230808743    6.576202801511    0.7787    0.9042  -0.570   14
58379.208   -0.166867407644   -0.464400000055    0.2334    0.2400  -0.331   29
58381.250    0.084410722419    0.115199996742    0.8525    0.6107  -0.223    4
58386.484   -0.086239278333    0.372700795026    0.2432    0.4814  -0.028   50
58389.271    0.253235104052   -1.267999196841    0.5099    0.4982   0.023   25
58393.208   -0.208747095987    0.647200795356    0.3996    0.3042  -0.132   17
58400.206    0.420622413562    0.161902798368    0.3436    0.1988   0.034   28
58407.208   -0.773927146732    0.018601197382    0.2218    0.2007   0.027   54
58414.206    0.385268107702    0.812401192718    0.2070    0.2347  -0.011   49
58417.271   -0.737786936492    0.409701597448    0.4927    0.2865   0.212   17
58421.208   -0.241624614986    0.158000396766    0.2710    0.2617  -0.146   19
58422.271    0.083759376687    0.179200795003    0.3900    0.3453   0.159   28
58428.206    0.740003950409   -0.745599601260    0.1785    0.2139  -0.153   41
58429.225   -5.797141112211   -0.899899201556    2.9197    1.3952   0.563    3
58430.248   -6.223374585803    0.172702799262    3.3218    1.0806  -0.863    6
58431.267   -1.341583984339   -1.451700008204    1.0166    0.6851   0.505    4
58431.271    1.089131758877    1.634201996126    1.7285    1.4197  -0.397   11
58437.246    0.420362462629   -0.050198399038    1.1999    0.9899   0.401    5
58438.269   -0.417622610050   -0.873198000306    0.3452    0.3337   0.061   33
58442.206    2.513955396024    6.031101595738    0.4368    0.6061   0.815   49
58443.269    0.396487112976    0.131500800649    0.5438    0.5127   0.113   14
58449.208    1.245954345640   -0.480798006208    0.2408    0.3250  -0.100   47
58456.206    3.299752982755   -1.750197606043    0.8106    0.7297   0.085   12
58457.233   -0.223748694370   -1.994299202579    0.3596    0.3384   0.142   37
58459.271   -0.732698804120    0.142700392303    0.8115    0.3867  -0.339   17
58463.208   -1.858493611899   -0.698598005044    0.9587    1.4502   0.455   31
58464.227    0.725393746824    1.842001201169    0.5799    0.6157   0.170   14
58466.269   -2.026795154869   -0.375498007088    2.4626    0.5177   0.220    6
58472.708   -4.984596968377   -7.393197606120    0.2655    0.4698  -0.098   70
58473.271    1.036684321996   -0.056700001494    0.4011    0.5178  -0.461   19
58480.269    0.004173898912   -0.191998800858    0.5418    1.0283  -0.329    5
58481.840   -2.387273590464   -2.098299607667    0.5276    0.9339   0.177   56
58486.208   -0.583967179031    0.862102798749    0.3128    0.2931  -0.257   18
58487.271    2.353221976065   -0.572598007409    1.1880    0.5153   0.439   10
58491.208    0.283632721404    1.315900796328    0.1196    0.2995  -0.609  146
58494.386   -0.440063913370    0.437702392730    0.4256    0.3470   0.078   10
58498.207    1.373287407937   -1.190498400661    0.4610    0.3315  -0.406   16
58500.248   -0.654678905536    2.004400792543    0.5787    2.3935  -0.138    3
58501.271   -0.348604880812   -0.515797196954    0.4796    0.4087   0.123   15
58508.269    0.322904179021   -0.311400006581    1.1511    0.5625  -0.519    5
58512.207   -0.001565579192   -0.506397599054    0.2033    0.2239  -0.080   29
58519.208   -0.146774562105   -0.470898008587    0.2809    0.3710  -0.223    9
58519.249    0.398835570757    1.570802393758    0.0390    0.5193  -0.073    3
58522.269    0.500207891337   -0.002699997026    0.2664    0.2982  -0.256   32
58526.207   -0.439932380511   -0.650897997900    0.4911    0.3139  -0.257   23
58536.269   -4.220977619249   -0.169397999628    5.0656    1.3675   0.875    7
58540.207    0.363478150113    0.204202798670    0.2252    0.2261  -0.205   37
58547.209   -0.698778544592   -0.073497598407    0.1918    0.2477  -0.368   29
58547.249    0.669552085843    7.517001600377    0.0818    1.2713  -0.678    6
58554.207    0.109331838390   -0.139096798080    0.3710    0.3548  -0.304   20
58561.209    0.785014797136   -1.108097997360    0.2870    0.3701  -0.212   39
58562.228   -0.290286432969   -0.629197199942    0.5286    0.5792  -0.633   32
58564.269   -0.634066247124   -0.385398004710    0.6461    0.4311  -0.345   27
58568.207   -0.375874454565   -0.405799208636    0.6033    0.3707   0.022   15
58575.209   -0.082193708502   -0.159199207417    0.1653    0.1982  -0.343   43
58575.249    0.100980925782   -6.833898004288    0.2094    3.0200  -0.855    3
58578.269    0.771315801222    0.113400002988    0.3926    0.3244  -0.287   21
58582.207    0.261454483801    0.660700793276    0.4338    0.3095  -0.443   28
58585.271   -0.015133042247   -2.344096807860    0.6715    0.4700  -0.334   20
58588.274    0.669552085843   -1.178297996773    0.9809    1.7393   0.297    6
58589.209   -0.616453303232    0.036601198872    0.4669    0.2983  -0.326   26
58590.228   -0.344171119960    0.220903193338    0.2432    0.4242  -0.268   32
58591.269    0.350825009512   -0.238899600902    0.4877    0.4540  -0.593   11
58597.208   -1.264350079128    0.100400392000    0.8380    0.5980  -0.486    5
58599.271   -0.894869474189   -0.151797601688    0.4524    0.3579  -0.332   21
58603.209   -0.194916656209   -0.295099202674    0.5754    0.3646  -0.541   16
58611.208    1.358677204353   -0.835398003574    0.4984    0.2748  -0.196   28
58613.271    0.383570995652    0.180403199579    0.6102    0.4397  -0.548   15
58617.209   -0.197265024996   -0.153000006264    0.6702    0.4364  -0.652   20
58618.228   -7.752698587130   -4.973497198080    1.8554    0.7706  -0.463   21
58624.207    0.509078527824   -0.624297605611    0.5884    0.3211  -0.560   32
58632.210    0.180434959693    0.183301195023    0.3555    0.5131  -0.650   10
58634.270    0.517297907574    0.294299995574    0.5190    0.4579  -0.542   11
58638.207   -0.748094823090    0.318002392419    0.4559    0.3947  -0.548   14
58646.210    0.399226965555   -0.251798402928    0.2404    0.2700  -0.362   23
58659.209   -1.004980898397    0.849401995140    0.3205    0.2602  -0.443   28
58666.207   -0.870731058819    0.078901199174    0.4062    0.3161  -0.277   26
58669.271    0.346910972539   -0.165099601190    0.8977    0.4608  -0.620   21
58676.270    0.152905524001    0.278902801654    0.5046    0.4076  -0.327   19
58680.207   -1.383203810743    0.591901196856    0.5767    0.3228  -0.279   18
58694.207   -0.695647386209   -0.482698808923    0.4116    0.4501  -0.501   17
58701.249    2.755448567145  -21.165300002224    0.1258    4.4362   0.664    3
58708.207   -0.518343673893   -0.231897598724    0.4926    0.3539  -0.497   24
58711.272   -0.906348430396    0.394401592985    0.5173    0.3381  -0.047   19
58715.209   -1.842837641995    0.226799993186    0.7534    0.6395  -0.099   13
58715.249    1.666185275410    4.999500001190    0.3506    6.0746  -0.866    3
58718.270   -0.209007046921    0.933202801434    0.3830    0.3872  -0.599   52
58722.207    0.189568661897    0.264502800462    0.7781    0.4297  -0.437    9
58729.209   -0.328515150056   -0.540000006310    0.5882    0.2903  -0.574   28
58743.209   -1.035250186669    0.284900397673    0.6499    0.4900  -0.557    6
58750.207   -0.602103050580    2.073902393818    0.5862    0.7034  -0.290   24
58757.209   -0.940271715713   -1.720998000110    0.2712    0.6401  -0.302  120
58765.208   37.607958263804   -5.358196804650    9.7908    1.4325  -0.727    4
58767.272    3.409736077883    0.172400397958    0.3281    0.3262   0.067   18
58771.209  -11.953191966042   -3.964096801212    4.3453    1.3909   0.914    4
58771.209   -0.754225695991    0.298501191764    0.1307    0.3871  -0.514   96
58778.211    1.456395438894    0.196801192942    3.0387    0.9121   0.807    7
58802.270   -0.191916941690    0.275000400052    0.7759    0.3561  -0.163   13
58806.207    0.771838728878    0.735901195981    0.5950    0.4795  -0.195   11
58813.209   -0.272282094278   -0.161596803139    0.0847    0.1994  -0.320  231
58813.249   -9.936053352039   25.410801603698    0.2688    0.7402  -0.958    7
58823.272    0.003262691242   -2.392797601658    1.2611    0.9802   0.213    7
58827.209   -0.632109273135    0.184301994466    0.7876    0.4181  -0.591    6
58844.248   -0.610842243203   -0.900197996145    0.3149    1.5258   0.798    4
58862.207   -0.739352604678    0.586202395425    0.8720    0.5177  -0.373    3
58870.250    0.246189997690    0.260701195032    0.2328    0.9291   0.516    4
58883.249   -0.255583472839   -1.675198808471    0.1900    0.6989   0.682    9
58900.248   -1.230818099615   -5.753397604735    0.2620    1.0364   0.792    5
58907.268    1.180590702441   -0.560700004826    1.2211    0.6083  -0.635    4
58911.209    4.309693684444   10.356101998354    3.8788    8.0190   0.622    9
58921.268   -0.630283743010   -0.181396798382    0.7151    0.4911  -0.303    5
58928.270    1.183850278899   -0.494100005710    2.1922    0.8972  -0.771    7
58935.268   -2.148388739063    1.271800802272    0.8428    0.5033  -0.247    9
58947.227   -1.394945743674   -3.566599201577    0.5022    0.7002  -0.057   16
58948.271   -0.498382361213   -0.381798004412    0.7906    0.6165  -0.596    8
58960.208    6.926978375038    0.462200402751    1.0324    0.7975  -0.351    4
58967.210   -2.098158138111   -7.301898004641    3.3932   11.3533   0.760    6
58977.272    2.315384653776   -0.790999202138    0.8734    0.6160  -0.750    6
58983.251   -0.261845878599    0.044600393778    0.3705    0.3536  -0.165   34
58991.269   -0.155125474713    1.135000803743    0.9323    0.6459  -0.456    3
58995.188   -8.679402928782   -1.291697999761    5.2839    1.4476  -0.578    5
58996.207  -10.111660041299   -2.632197602281    5.9760    1.3023   0.868    4
58998.270    0.624021426244   -0.290998802654    1.7049    0.9657  -0.882    7
59005.269   -0.636023221114   -0.708199208077    0.6954    0.5867  -0.234    6
59009.210    1.760512489628    0.399801599826    2.5647    0.6289   0.228    5
59016.208   -2.810244372813    9.323801992878    1.1245    4.2217  -0.421    9
59017.230   -0.820631990725   15.196499994374    1.7206    6.1718  -0.157    3
59019.269    1.672447681170    0.057401993558    1.7263    0.6619  -0.334    4
59023.250    1.723461071718   -1.823400003786    0.5079    1.2994  -0.272    3
59037.250   -0.510644107016    0.779399994144    0.3833    2.3719  -0.489    4
59039.251    1.296313275673    8.316100793593    1.4176    9.2040   0.712    5
59051.250   -0.940008738990   -3.029698808632    0.1181    1.2050   0.260    5
59054.270    0.946142726676   -1.254099608161    0.8646    0.6202   0.146    8
59080.251   -0.109200305532    0.570801594790    0.4862    1.8411  -0.293    3
59101.209   22.681177070486  -37.031698808221    6.9942   12.7585  -0.831    5
59107.206   -1.233820928917    0.394300796813    2.1236    0.8538  -0.746    4
59115.231   -0.075280046005   -0.130500001205    0.1232    0.3360  -0.326   87
59117.269   -2.593669202880    2.135203195053    1.6733    0.8004  -0.795    7
59121.250   -0.356041470965    1.361102398789    0.1145    0.6448  -0.150    9
59124.271   -2.934449302518    2.388700795564    1.3662    0.8568  -0.827    3
59131.269   -0.418665350579   -0.395197206160    0.9457    0.9343  -0.773    5
59138.271    2.508344335995   -0.459000006003    1.3415    1.1463  -0.738    3
59143.231   -2.376834171008    0.535201195362    2.2209    1.5488  -0.504    6
59145.269   -1.538329285456    0.123703198085    0.9856    0.7595  -0.721    6
59152.249   -0.884821449531   11.197799999252    0.2684    0.6028  -0.329    9
59159.269   -0.093152940831   -3.267698406262    1.8642    1.7426  -0.734    3
59163.206    1.535589610865    0.371001597443    0.6836    0.4520  -0.345    6
59163.250    0.627544068419   -8.528497204452    0.2528    2.1559  -0.109    4
59165.248    0.027397991828    0.429901196242    1.8094    1.3802  -0.554    8
59173.269    2.215577912387   -1.177200007874    1.2945    0.6064  -0.690    9
59187.269   -0.383570906658   -0.011098808272    0.6138    0.3847  -0.120   16
59194.249    0.917830501387   -8.800099196549    0.1226    2.7950   0.801    4
59194.271    0.030397617353   -0.985597203851    1.1995    0.9695   0.344   10
59205.206    5.595570744438    1.081702791339    3.9629    1.0049   0.712   13
59206.251    0.494205347517    5.580500400981    0.0864    1.7752   0.423    4
59222.249   -1.462789288518   -4.768398002852    0.4008    1.2765   0.833    4
59229.269    1.147973134376   -0.120898798173    0.5355    0.5029   0.169   40
59230.577    1.890325364578   -1.252497600035    0.1508    0.3327   0.099   36
59231.585    8.388330502440    0.790001996620    3.5926    1.0480   0.403    3
59233.206    0.455328488475   -0.538397998184    0.6687    0.4755   0.088   22
59234.229   -1.823918980850   -0.130399205034    1.3190    0.7527  -0.277   12
59236.271   -3.368510761060    1.164902401740    1.5526    0.5285  -0.359    4
59243.269   -0.718217018610   -0.689896805284    1.3304    0.6518  -0.393    7
59250.271   -1.406819298457    0.404503195739    1.0113    0.7009   0.119    3
59264.267   29.212451122144   -5.918097602375    8.4589    1.7748  -0.904    6
59270.250   -0.370003443602   -0.307198797600    0.6918    0.7281   0.184   15
59271.269    0.467330372339    0.367401597146    1.8525    0.5180  -0.446    4
59278.249   -1.039555529446   -2.229397198050    0.4527    1.3487   0.712    3
59278.271    1.082609491177    0.018601197382    0.9077    0.8076  -0.307    9
59283.227   -2.254457886212    1.357102794941    2.1964    1.2282  -0.701    9
59285.269    0.449848872311    0.462301198922    0.7985    0.6439  -0.503    4
59289.250  -23.450144413926   71.007400791245    0.0985    0.3200  -0.936    5
59305.248    0.437843962657    0.031499999409    0.2037    1.1208   0.360    4
59305.270    5.263664485065   -2.457799199362    3.4371    1.8216  -0.902    4
59311.209   -3.385600777297    1.047301202561    1.6846    0.8106  -0.554    6
59317.207   39.077921165753   33.559002002903    7.6208   10.6383   0.786    4
59320.249   -2.233713694942   -4.932799205903    0.1363    0.5302   0.197    6
59324.209   -2.905485820492    4.025901596094    1.1579    3.0008  -0.722    8
59325.217   -2.034623139821    2.078999999355    1.2965    1.8127  -0.623    3
59327.269   -1.399642570242    1.814900396369    1.0419    0.9130  -0.278    8
59334.249   -1.706107900771    7.721503193636    0.1520    0.8532  -0.922    3
59338.209   -0.297203299243   -0.316497599329    0.6576    0.5557  -0.127   18
59345.207    1.482750690192    0.077500796181    0.6852    0.4537  -0.057   10
59348.271   38.078811189324  -12.913999201203   14.0845    4.6694  -0.989    3
59362.249   -0.340257171981   -3.259198798844    0.7608    4.4178   0.739    3
59362.271    0.650636539482   -0.250397999935    1.6250    0.6453  -0.713    6
59369.269   -0.497727900698   -0.477198005910    2.7513    1.0097  -0.846    3
59375.249    0.028049248565   -5.446699206857    0.8499    4.7044   0.787    3
59390.249    6.988687932198  -18.992296797649    3.7282    9.6201  -0.977    3
59390.271    3.103142329280  -11.332598398894    1.2418    3.7960  -0.892    5
59397.269   -0.573139568555    0.303202800467    0.6444    0.4872  -0.297    7
59404.249    1.433825806493   -5.524200003038    0.5119    1.5480   0.003    3
59404.271   19.371639128789    4.031301602936   10.2775    2.8574   0.972    5
59410.250    0.080628218304    0.044402395361    1.2030    1.6028  -0.321    7
59411.270    0.544695810408    0.513500397403    0.5781    0.3798  -0.323   12
59415.207    1.526978747324   -1.212998405720    1.1004    2.6473   0.277    6
59416.230   -0.308682255451    1.362801596372    1.3497    0.5687   0.087    7
59418.249    0.564657212082   -3.223097999694    0.2796    1.7151  -0.354    4
59422.209    5.268752617438   -2.505099602956    2.3971    0.8666  -0.892    6
59425.270   -0.393355865599    0.488699998868    0.6969    0.4951  -0.478   12
59431.249  -10.140755056183   10.407301196835   13.9524   22.1670  -0.997    3
59438.251    3.615743410285   -6.891299997847    0.6979    1.3407  -0.711    8
59466.251    2.962889945881   -1.254600007883    0.2334    0.3689  -0.542   61
59471.207    6.524880202033   -2.207599197845    4.6632    1.5875  -0.959    4
59481.270   -0.185523092066   -1.137798003015    0.8121    1.3417  -0.715    7
59487.249    0.079585477775    0.794001600468    0.7685    0.9374  -0.303    5
59492.209   -0.005479527171    0.749800797450    0.5014    0.4844  -0.285   12
59495.270   -0.430407283510   -0.065397607329    0.4713    0.6773  -0.356    9
59500.208   -0.340385501062    0.959302794001    0.4468    0.4545  -0.312   14
59506.209    0.370654789333    1.399701602622    0.5264    0.6067   0.071   10
59508.251   -0.406140539059   -0.152100002992    0.2834    0.3541  -0.108   38
59523.270   -0.929572434318    2.358100799427    0.4408    0.5943  -0.455   15
59534.209    3.426697765039  -14.054399998997    2.1446    6.1548  -0.955    7
59542.208   -0.255715005698   -0.042998398442    0.4327    0.3477  -0.284    8
59555.207    1.283137296409   -1.390996796147    0.5702    0.7127  -0.335   15
59569.207    0.453499843567   -0.615999603326    0.4191    0.4240  -0.291   20
59576.209   -0.129553013010   -0.945198006264    0.4950    2.1419  -0.411   24
59578.269    0.881430429208    3.074101191203    0.7304    3.8722  -0.457    6
59594.585   -4.669520774308   22.092001201202    3.8248   19.1794  -0.771    3
59600.250    0.112591414848   -0.337096801672    0.1299    0.3463  -0.681   15
59604.209   -0.905305689867    0.055000791122    0.4686    0.7017  -0.252   10
59614.272    1.216727797897   -0.831398399725    0.5115    0.7825   0.182   17
59621.248   55.725555200063  -93.370399207515    5.9176    9.3637  -0.998    3
59621.270    0.804193320220   -1.519898408731    0.4696    0.4000   0.052   12
59625.207   -0.541304701092   -0.336297607362    0.7276    7.4002   0.177    7
59632.209    2.031100586640   -0.665297999092    0.5936    0.4068  -0.352   19
59639.207    0.251537992002    0.791600398031    0.4435    3.4439  -0.344   11
59646.209    2.989636591977    4.442500792834    1.6298    6.8645   0.136    7
59663.270   -0.395572790522    0.459201598346    1.1259    0.6839   0.146    5
59691.270   -2.575145051317   -0.129099598212    0.5498    0.4482   0.251    6
59703.207    0.787234836842   -0.206798405600    0.5373    0.4484   0.344   10
59704.251    0.655461695132    0.974901593054    0.1117    0.2921   0.033  101
59726.250  -21.129020282047   33.845601598159    4.3738    7.0339  -0.986    3
59754.268   -1.471660013999    0.006101998906    0.9456    0.4255   0.028    6
59772.210  148.099618336138 -318.213597603290   14.2006   30.4306  -0.931    3
59786.210   -4.646036908446   -0.789098399423    4.0664    1.0269   0.863    8
59789.270   -3.038298409960    0.044503191532    1.2975    0.6264   0.373    4
59793.208   -0.327732360461    7.857403201683    0.5648    2.9736  -0.684   10
59795.271   -0.576530588877    0.639302396621    0.5081    0.3956  -0.099   26
59800.210   -0.318338796317    8.032802391256    0.8278    3.1500  -0.899   27
59808.209   -1.004198108802    0.643302000469    0.9450    0.7895  -0.309   12
59814.210    0.699561423182   -0.090997200175    0.4192    0.3644   0.231    6
59817.270  -13.851739825154   -3.790098001843   18.0216    5.3153   0.997    6
59824.272   -1.081175355850    0.582400802784    0.5520    0.2793  -0.182   10
59828.206   -0.658724386373    0.345502800769    0.7105    0.3418   0.270    9
59831.270    0.372220457519   -0.990698403314    1.6250    0.6268   0.404    5
59835.208  -14.554952219591   -4.140496803018    7.8375    1.8369   0.947    4
59842.210   12.645057026125    2.582801991480    5.0985    1.4238   0.949    4
59845.271    1.426389305333    0.546202801388    1.2108    0.4859   0.327   10
59870.210   -0.505036072777    0.223603203153    0.5383    0.3695   0.187    6
59873.271    0.154994030849   -0.735300000088    0.3597    0.3785  -0.165    9
59877.208   -0.579530303396    0.052801193817    0.8165    0.4970  -0.390   11
59879.272    0.739875532334   -0.346798800877    0.6347    0.3989  -0.197    5
59887.271    0.206918540073    0.427802395109    0.5164    0.3709   0.083    7
59891.208    2.772278721442    0.995702400530    1.4863    0.5295   0.723   10
59893.268    0.200919200030    0.761101198066    0.9486    0.6003   0.400    3
59898.206   -1.418689649462    0.234701998636    0.5360    0.3332  -0.087    7
59901.271   -0.059232681303    1.048201193043    0.6622    0.3628  -0.180   17
59905.208   -0.562308754301    0.098802003379    0.5659    0.2829   0.263   21
59908.269   -0.543521626014    0.318401995969    0.4784    0.2656  -0.085   12
59915.271   -0.730350346338    0.607100392358    0.4565    0.2499   0.211   13
59919.208   -0.172998280545    0.170301596825    0.6027    0.4430   0.057   22
59922.269   -0.981105637738   -0.022798799648    0.5728    0.4936   0.115   10
59928.270   -0.339211316668    0.325303201976    0.5264    0.2541   0.246   10
59935.272   -0.602362912520   -0.315597608846    0.5162    0.2903   0.195   23
59948.209   -1.351109081341    0.280202395686    0.8907    0.3781   0.320   17
59949.268   -1.943035778182   -0.125100007153    2.8384    0.8064   0.826   11
59954.206    1.218293377089   -1.038499206629    1.3265    0.6746   0.422    7
59957.271   -1.224427364774    0.788803198759    0.9539    0.4720   0.356   10
59962.227    0.897086399111   -0.157698008252    0.3543    0.3514   0.211   10
59964.269    0.099938274247    0.282502801952    0.9064    0.4738   0.286    6
59971.271    0.415534192196   -0.028198806490    0.5974    0.3324   0.326   27
59978.269    2.629677969256    0.702802795161    1.8548    0.7130   0.578    7
59982.206   -3.668582241964   -0.564199196162    1.8878    0.6672   0.750    7
59985.271   -4.133304294582   -0.615898807155    2.9924    0.8596   0.893   10
59990.227   -0.345605255287   -0.300697207933    0.5034    0.7858   0.404   13
59996.206   -7.071013173558   -0.147398407080    2.8646    0.6497   0.819    7
60038.207    5.137893887176    2.366600394055    2.4566    0.9097   0.557   16
60040.248    0.083890909546   -0.988397997048    0.1039    1.1011   0.180    8
60052.207    2.154128306161    0.272901598919    0.9608    0.4282   0.070   10
60055.271    0.622192870329    0.553903201705    0.5033    0.3316  -0.041    9
60059.208   -8.628912465890   -1.539298800424    4.7267    1.2936   0.905    3
60061.250    0.532042669807    1.513900799921    0.7073    1.1712   0.435    9
60067.207    3.757689701957    2.061201602999    2.4696    0.6591   0.648   10
60082.248    0.491074189134    1.190300402243    0.4396    0.7459   0.267   19
60090.269    0.602363001514   -0.338097601116    0.7587    0.4877  -0.509    8
60096.270   -2.464639117526    2.164301992025    2.4313    1.0614  -0.875    7
60108.207    3.479145201919    1.437400803184    5.3015    1.2234   0.938    7
60125.271   -0.818806549594    1.647302403285    1.3990    0.9764  -0.426    4
60160.269   -0.164778900796    0.404301603396    2.9017    1.0716  -0.842    3
60167.271   -2.995376070081    0.550501199825    2.2871    0.7361  -0.565    4
60193.208    4.315433162548    1.722103202439    2.1495    0.7367   0.789   18
60195.271   -0.368437864411    0.819702002275    0.8778    0.5336  -0.211    4
60208.271    2.017401679720   -0.343497607957    1.5727    0.6164  -0.214    4
60223.249   -1.415821467802   -4.962196797464    0.1538    1.9891  -0.028   11
60230.251    0.537913680769   -1.841997607244    0.1044    0.5281   0.163   12
60230.270    0.507512948633    0.417301201594    1.1394    0.4345   0.133    7
60241.209    1.172499740766   -1.133398808406    2.4580    0.8098  -0.807    3
60244.251    1.606169715517   11.800702802134    0.1039    1.7109   0.252    9
60251.250    0.227271336545   -3.425698803028    0.1290    0.4978  -0.642   24
60269.209    0.629109647610   -0.448498799699    0.8793    0.6311  -0.132    4
60276.207  -13.094774365577   -3.147300007811    6.1508    1.6684   0.883    3
