%-----------------------------------------------------------------------------
%                R.A. (mas)        Dec. (mas)        Err. (mas)     Corr. Del.
% Uncertainty in R.A. is in R.A. cos(Dec.)!!!!
%-----------------------------------------------------------------------------
47639.726    0.852891309176   -0.013697996337    1.0798    1.4791  -0.005   13
47685.554   -1.490235252639   -1.487498393260    0.9486    1.5755  -0.267   12
48161.906   -3.024269250329   -2.366297992751    2.6402    1.6283   0.055    4
48756.865   -0.073716088151   -0.871797597313    0.4488    2.1290   0.109    3
48766.383   -0.553825479197    0.527101204284    3.0029    1.8539   0.334    7
49534.544  112.587126829278 1564.262503208624    0.6362    1.4672   0.096    6
49629.086   -0.491949847134   -1.261497594385    0.7639    0.8192   0.480    3
49741.170   -1.482214329331    0.404301603396    0.8571    1.4847  -0.556    3
49897.336   -0.709660523401   -0.546497989262    0.2371    0.5363   0.569   92
49909.115   -0.545804555888   -0.830498396454    0.4910    1.2199  -0.326   44
49960.334   -0.703292695895   -2.012299191279    0.7365    1.7095   0.622   53
49960.334   -2.558927515115    0.753102003159    1.3768    0.9573  -0.774    5
49979.083   -1.125984559416    4.247200799057    0.8314    2.0138   0.095   28
49979.086    0.631871401727   -0.008197193324    0.5110    0.6967   0.121    7
49996.085   -1.658546285115    0.238100406591    1.1416    0.7931  -0.653    4
50003.083   -0.672229605858   -0.454399193472    0.5668    0.4996  -0.429   10
50029.253  -27.157947215954   64.977901203633    0.7814    1.6101  -0.874   14
50035.002    1.448477540294   -1.292198399483    2.5585    2.0455  -0.942    4
50112.085    0.050799152006   -0.573699590234    0.3342    0.3701  -0.211    9
50119.083    0.036413440768   -0.055299598500    3.0515    2.7026  -0.927    8
50122.662    0.217967390278    2.662102806994    0.6974    1.6700  -0.313   31
50149.333   -6.134984251512   -1.397199591224    2.8987    1.0091   0.729    3
50153.877   11.896046830268    4.543102802756    9.8681    5.0967   0.975    3
50210.001   -0.417341512790   -0.903499189064    1.0205    1.2116   0.617    3
50276.166   -0.670191525885    0.272700006576    0.2921    0.8000   0.065   27
50276.166    0.026100849899   -3.726496794343    0.2502    0.8301  -0.353   74
50322.085   -0.215419008707   -0.352799990821    0.3136    0.5560  -0.120   72
50324.332    0.647531303750   -0.605599193193    0.1729    0.5063  -0.510  129
50349.874   -0.158380386199    0.139802409649    1.1879    0.7931  -0.779    5
50355.334   -0.909801661523    1.241701205856    0.1213    0.3041  -0.124  127
50366.956   -0.764532795776    0.139802409649    1.6193    1.1199  -0.761    4
50387.334   -0.506717502965   -0.723797994340    0.1517    0.2898  -0.488  118
50395.322    0.053090819567   -0.969397196116    0.1131    0.2888  -0.001  167
50396.333   -0.392004552079    0.503600399782    0.1070    0.2833   0.006  186
50399.164   -0.400917721579    0.301600805130    0.1484    0.4556   0.021   39
50401.323    2.331032518138   28.266300007829    0.8562    5.7960   0.703   10
50402.323    0.021517427931    0.128800803623    0.3378    1.7989  -0.092   18
50403.335    0.014388750815   -0.405997194264    0.1364    0.3732  -0.113  122
50413.168   -1.405442597586    1.217800810593    0.5254    1.2272   0.208   11
50422.332   -1.814509599480    0.139500008345    0.1482    0.3316  -0.358   71
50457.272   -0.760713349841   -1.249797590219    0.5753    1.3740   0.161    7
50477.251   -0.705584363456   -0.124397989509    0.3865    0.9938   0.650    4
50490.082   -0.288242850666    0.997603203245    0.6643    1.8983   0.495    4
50491.251   -0.557388297966   -0.278499591388    0.4382    1.2218   0.687    5
50492.825   -1.508950711411   -3.802399189112    0.2780    0.4339   0.423    6
50500.083   -0.787703319509   -2.290798795457    2.3736    4.1268   0.960    3
50505.251   -1.047685136143   -0.323798396096    0.3452    0.7513   0.431    5
50519.251   -0.785286421365   -0.967298394983    0.5054    1.4498   0.588    7
50527.272    0.203324965030   -4.375997995965    0.8640    2.7482  -0.785    3
50533.251   -1.293531702705   -1.060199991798    0.3587    0.7586   0.307    8
50539.172    0.527852986303    7.766600406001    0.2841    0.6183   0.044   13
50547.251   -0.049653318226    0.583502411189    0.3478    1.0161   0.556    5
50575.251   -0.438730670561   -0.516599997979    0.4212    1.2859   0.329    6
50588.082   -1.138714135275    6.189602405016    0.1423    0.3547  -0.266   96
50589.251   -0.678594393787   -1.549198798045    0.4185    1.0977   0.642    3
50603.251   -0.291552081847   -0.359398795524    0.3511    0.9143   0.533    8
50617.251   -0.129352249713   -0.183999593162    0.3165    0.8538   0.465    6
50631.251   -0.516519792236    0.311000403030    0.3379    0.9059   0.305    9
50645.251   -0.292444328039    1.252101603200    0.3837    1.1412   0.513    5
50654.331    0.293846875830   13.846301999365    0.1438    0.5712  -0.144  103
50659.251   -0.785921953547   -2.455696791515    0.3374    0.9951   0.477    6
50673.251   -0.411865931476   -1.845597594752    0.3700    0.9870   0.598    7
50687.251   -0.406518620322   -0.308998791354    0.4236    1.1740   0.702    4
50700.090   -1.657910666088    2.800202399555    0.3089    0.5646  -0.338   89
50701.251   -0.450317452217    0.535100399190    0.4523    1.2741   0.653    5
50800.340   -0.357629191283   -0.525999595880    0.0825    0.2009  -0.193  161
50835.273    7.921871301874   -3.958797590542    3.0470    6.9589   0.249    5
50840.167   -0.980205478916   -5.539899598261    1.2930    6.6183   0.834    4
50895.999   -1.684011515986   -2.836497590408    1.8128    1.1228   0.646    3
50937.999   -3.319258920362   -2.013897592690   10.3331    2.1684   0.880    3
51051.249   36.109805671974  102.806002801969    9.5693   39.0162   0.798    3
51065.811   38.117202415031  372.286501210795   44.1486  166.4775   0.228    4
51072.250    1.692289153305    0.990403202650    1.7639    2.4432   0.910    6
51080.717  -35.218973143657 -140.108097590996   81.1352  181.2147   0.303    3
51094.271    0.126935264724    0.514501209636    0.5866    0.7254  -0.016    7
51123.353   -2.157627848942    4.548599999055    2.6899    6.5456   0.922    3
51130.457   -0.102487510627    0.483703202292    0.7139    0.7581   0.112    4
51149.249    1.860728455941   23.346500400123    4.5666   20.9949   0.770    3
51227.891  -34.110429852226   15.554901609960   11.0898    7.1244   0.365    4
51284.084   -0.229551132356   -0.484599598849    0.1254    0.3228   0.115   90
51385.843    2.198496354672   -7.596496794804    2.9384    3.1526  -0.386    3
51387.249   -8.593333978968    7.351401599465    9.5307   40.7355   0.683    3
51401.249   -3.620362743469   17.132201999459    6.3435   24.2641   0.822    3
51486.272   -2.823999842047   -0.185198391023    1.4085    0.9498   0.399    3
51513.246   -0.237061754066  -16.584998398628    4.9168   17.4118   0.809    3
51542.269    0.228279981148    0.708501609381    1.0796    0.9178   0.485    8
51556.269   -0.875297943722    5.205902409955    0.7002    4.7943   0.378    4
51569.250    3.351217296169   18.366300007244    5.1706   12.6806   0.585    3
51583.250   -0.074733564927   10.665500406049    7.0401   22.2080   0.902    3
51687.087   -4.751694614039    0.490201210823    0.2828    0.7517  -0.505   28
51715.708   33.225839920832  -13.919997596190    7.5396   12.8785   0.698    3
51794.708 -945.297147180517 -852.006196794264   74.4188   61.7495   0.987    3
51920.266  -13.233499555874   46.334901611544    2.6393   10.0201  -0.963    5
51934.266   -2.276539150780  -48.921796789614   16.7892   22.7228  -0.585    4
51962.266    3.796826095835  -10.422799199716    1.2958    4.6752  -0.903    4
51974.224   -1.773387506161   -0.088397999320    0.7064    0.8095   0.039    3
51976.266   42.745274035105   -5.788799992956   18.2699   20.4892  -0.558    3
51990.266   39.232746026572   21.017102400833   10.8212   16.0641  -0.661    4
52004.266   -9.600532467129   31.083800404019   17.7268   24.2501  -0.650    4
52016.228   -0.589600348206   -0.627598798530    0.5078    0.7534  -0.070    6
52018.266  -13.670448773628   58.452602399939   15.2506   24.6779  -0.507    4
52039.272   -0.604624718048  -14.615398798412    0.2362    0.7972  -0.597   25
52051.226    0.377239935824   -0.949798793215    0.3219    0.9546   0.101   12
52072.228   -0.236297864879   -0.817999197977    1.4671    1.0969   0.712    6
52081.264    0.949652603632   -0.038897998422    0.4208    1.3216   0.137    6
52086.225    0.253360314694   -1.013799591476    1.6569    5.1738  -0.755    4
52100.225   -0.377747197846    3.745101611230    1.6719    6.0517  -0.673    3
52102.266  -36.718885454984   69.710900399400   38.5592   51.6328  -0.920    3
52107.226  -14.219183742526    0.667601999282    4.2141    2.1636  -0.230    6
52109.268   13.671851321419    3.331303207688    7.9994    1.8166   0.895    3
52116.263    0.596478477311   19.282499999917   14.5433   21.1857   0.843    4
52123.265    6.425139864723    2.628500399737    7.0779    1.7779   0.923    3
52130.266   57.300826081303  -64.862297996626   23.9512   23.6164  -0.608    4
52142.228    2.479228583628   -1.411696794662    1.0212    1.0276   0.049    7
52144.266  -11.596467745958   22.487803209970   16.4300   18.7125  -0.316    3
52149.227   -0.318034876339    0.069400805103    0.3342    1.0036   0.199    8
52151.268   50.484824458705    9.863301599466    7.6535    1.9169   0.937    3
52158.266   -5.447858632818    8.987601600552   14.5553   19.8930  -0.633    4
52163.227  -65.590254268004  -14.848599597883   13.8045    3.2903   0.980    3
52165.265  -18.203289917196   -7.043497190296    7.8605    2.1325   0.914    3
52172.267   17.594720435785   24.084100806476   11.6225   18.3850   0.916    3
52179.268    4.351797408812    2.649103208796    8.0603    2.1678   0.938    3
52200.267  -41.936814050429   74.726902809630   12.5030   14.3782  -0.666    4
52205.227    0.308996476255   -0.272498388654    0.7905    0.8629  -0.201    7
52214.267   20.248881466983    9.893502004843   15.1129   18.9488  -0.514    4
52219.227   -0.775481005672   -0.810298797660    0.9437    1.5157  -0.148    5
52240.086   -1.725897498492    0.593100007507    1.8193    2.0347   0.491    3
52247.227    0.799164870582    0.361202408783    0.8552    3.1263  -0.741    3
52249.265    4.933505190715    1.912201200582    7.9498    2.1469   0.924    3
52263.269    8.402869899534    4.942000805386    6.7848    2.0830   0.823    3
52297.204   -3.580768428525   -1.241398791763    4.8262    1.3730   0.812    4
52318.228   -1.750342213011   -3.409200000704    0.7730    3.3805   0.756    5
52331.201   27.803443479309   57.072002407210   11.9378   18.7177   0.920    3
52339.222    1.751873117807    6.932901600010    4.4470   15.5624   0.922    3
52345.205  -17.612287021199   -4.758497992441    4.5819    1.3789   0.882    4
52346.228   -3.512271294522   -0.441197990142    6.2230    1.7962   0.868    3
52359.201   -3.270626118489   -7.336897195387    4.8182    9.7143   0.815    7
52367.208   -5.917783789999  -19.940799590756   10.8993   19.2758   0.916    4
52373.205   -2.255024762426   -1.037098790846    3.7461    1.5152   0.556    6
52374.228  -33.473978154955   -6.397599595687   14.2276    3.1663   0.952    5
52380.203   -3.545882766131   -0.331898399963    5.5823    1.6110   0.821    4
52387.205    0.196960177100   -2.184199189514    1.0493    0.9259   0.289    6
52402.228   -0.301611085128    0.752803208570    0.4813    0.3869   0.123   11
52410.242    1.589798516256  -20.498997596974    4.4635   15.0743   0.707    3
52421.710  -43.131803005869   14.945500811336    2.7362    5.7050  -0.203   10
52465.226   -2.275139642566    6.142302001422    0.9123    2.4141  -0.685    6
52467.268   -0.006364787929   -1.753696797380    0.5309    1.0250   0.227    4
52471.213   -1.160613594645    0.991900807890    1.5133    1.4425   0.611    5
52471.688    4.474528243430   34.322400000519    4.8588    7.5161   0.022   12
52493.226   -1.733026262453    0.018100810451    9.0913    2.6341   0.846    7
52529.251   -4.431111356129   16.772702407764    0.9572    1.0871  -0.045    4
52535.226   -0.180151401719    0.119001602172    0.4353    0.4392   0.316    8
52543.244   -0.238461262280   -1.462197595004    0.9841    7.1470   0.933    3
52563.226    1.327910103077    3.455802006158    0.7438    2.9077   0.700    5
52564.242   -1.135786935532    1.013702402020    0.6252    0.6676   0.565    7
52565.243    1.889117933823    1.793602808675    0.7292    0.5731   0.675    5
52566.236   -0.422942411532   -0.253299589303    0.7634    0.7255   0.613    4
52567.241    0.029666708245   -0.018899991971    0.5168    0.5494   0.491    6
52568.241    0.209946466969   -1.021096794318    0.7187    0.4659   0.690    5
52569.238    0.939211655758    1.067803202659    0.7006    0.7496   0.680    7
52570.243   -0.591763745606    0.401702402542    0.9147    0.8965   0.732    5
52571.244    0.892106719104    1.017500400735    0.6716    0.7405   0.616    5
52572.237   -0.726973521227   -0.058096797773    0.7824    0.8468   0.702    6
52573.242   -1.573753630062    1.474401605606    8.5606    2.3221   0.928    3
52574.242   -1.399459754250    0.404701206946    0.7321    0.7859   0.591    3
52575.236    0.161946244546    0.327502799280    0.6211    0.8521   0.525    5
52576.244   -0.894395347087   -0.225799193743    0.5637    0.6204   0.457    6
52577.245    0.795473694807    0.538502401071    0.6342    0.7295   0.548    5
52584.228    1.115036436365   -0.063899989300    0.9953    0.4920   0.362    4
52596.997    1.428234303149    5.020603209971    0.4375    1.2421   0.688    3
52598.225    0.549624088668   -0.055598393089    1.1552    0.5579  -0.208    4
52599.244    1.564843586983    0.811202407647    0.3366    0.4327   0.085    5
52626.225    5.099014254030   10.569301210239    2.6333    5.7294   0.670    6
52662.227   -0.198866860491   -0.812498394964    0.5176    1.0801   0.373    5
52668.221    0.404611936932    1.411700401377    0.2687    0.3502  -0.023    7
52711.248    0.437459519353   -1.161298794727    0.1423    0.2813   0.153  100
52725.248    0.321729091691    0.355302002220    0.8761    0.5610  -0.524    6
52754.270    0.054111422765    0.478800001247    1.2426    0.9752   0.868    3
52780.225    0.947107348483    0.342702007572    0.8375    0.6790   0.306   15
52844.239  -38.897520430258   -4.311197990603   15.6753    2.0702   0.767    3
52852.271    2.060869507217    1.102802406194    1.7427    1.3637   0.845    5
52880.271    1.862381551743    0.035301604839    1.6204    1.0073   0.775    3
52893.244    0.936919988197   -0.677797197568    0.5180    0.4150   0.256   10
52901.273   -0.603222170257   -1.974797989135    0.7513    1.1163  -0.052    3
52914.586   22.514600764872   38.108800799819    2.1115    3.5601   0.059    9
52927.238    1.400223730283   -5.042699991975    0.8808    4.0954  -0.458    6
52929.269   -2.284688344249   -0.318599994387    0.5939    0.9214   0.037    4
52935.245   -1.757981191726   -0.853397992273    1.2396    0.6285  -0.412    9
52943.269   -0.373035505719    1.197802804143    0.7956    1.0507  -0.043    3
52949.245    2.074873273862    0.372200408094    6.1957    1.9221  -0.009    6
52950.271   -1.731116452640    0.374702406702    2.1184    1.4689   0.872    3
52955.224    0.889176392938    0.742802401987    0.6727    1.0674   0.267    3
52977.245    0.991413355555   -1.002797998240    0.5071    1.0164  -0.125    3
53012.250   -1.230128205423    3.386203202638    0.7105    0.6317   0.086    4
53020.267   -0.144758564148    0.841500002480    1.7305    1.2435   0.812    3
53034.267   -0.989118648416    0.167400007456    0.9107    0.6868   0.699    5
53040.250   -0.769498162336   -3.737498400369    0.6587    0.7392  -0.091    3
53045.207    0.564394784077   -0.067899593148    0.4235    0.4181  -0.100    7
53047.245   -0.997649786479    0.391402801370    1.1144    0.6863  -0.595    9
53048.271    1.835263138224    0.537901205178    1.3136    1.1649   0.734    3
53054.250    0.705459132873   -0.297197991017    1.2589    1.0129  -0.782    8
53055.269   -0.284295047725   -0.420497991627    3.5692    3.4303  -0.945    3
53073.203   -0.416705980608    0.353102404915    0.5697    0.5086  -0.404    4
53080.205   -0.924059015755   -0.898696796980    0.5791    0.5445   0.292    8
53082.254    0.261634825591    3.649100401049    0.4161    0.5728   0.179    4
53090.271   -1.673060266513   -1.006696793127    2.0310    1.7217   0.912    5
53108.205   -0.201540559490   -0.593596800513    0.2362    0.3079  -0.158   13
53109.246   -0.079445343899   -0.215298000228    0.4593    0.5941   0.001    8
53110.250   12.488320790628    3.876001203196    2.7463    1.0825   0.022    3
53111.269    0.972315952189   -1.753099195412    0.6526    0.7876   0.190    3
53118.268    5.279422369760    3.886902000261    5.2905    4.5908   0.978    4
53129.207    0.092813491517    0.033901201846    0.2264    0.3162  -0.013   11
53131.252   -0.289517041451   -0.494596798717    0.1751    0.3913   0.012   43
53132.271   -4.594713736054   -5.893498796183    3.0511    3.2571   0.963    3
53136.227   -0.218217938289   -0.213397197513    0.1720    0.1815  -0.149   18
53137.224   -0.151758884259   -0.116999990496    0.4055    0.5065  -0.125   20
53143.207   -0.140557086775    0.156402008145    0.1977    0.2353  -0.229   16
53145.271   -2.678731063145   -1.911697194146    1.6653    1.3492   0.848    4
53152.251   -3.919682161036    3.215800809642    0.5371    0.7571   0.022    4
53152.747   -5.477396984058  -16.818998392409    0.3370    0.5111  -0.115  130
53180.247  -11.796608797235   -0.066398393983    0.6742    0.6396   0.123    4
53193.206   -0.188043968022   -0.235198791643    0.5672    0.8809  -0.290   11
53201.256   -0.232478418944   -0.855197998817    0.1799    0.5860  -0.514   55
53202.272   -0.399261586200   -1.527299988879    1.1423    1.1755   0.555    6
53206.205   -0.686361729508   -0.184597195130    0.2868    0.5516  -0.010   11
53213.207   -2.652633252824   -3.791699997180    1.2295    1.1318   0.719    3
53220.202   -0.105417836792    0.188701201864    0.2579    0.5821   0.234   11
53234.205   -0.001653095802    0.227203203451    0.1999    0.4773   0.127   17
53236.247   66.642907723440    6.316300800790    7.4208    1.0295   0.601    3
53241.225    0.292319010611   -0.880398000902    0.3938    0.5429  -0.213   14
53243.249    0.144376619555   -1.113598800373    0.1595    0.2872   0.105   40
53244.268    0.387806201127   -0.416897991329    8.1156    7.6739   0.982    3
53248.205   -0.906235803176    4.581403199211    0.8014    1.0890  -0.156    9
53262.224   -0.656059402235   -1.619398797459    0.8484    0.7802   0.611    6
53269.204   -1.735064342426    2.802502805821    0.2799    0.4495  -0.136    6
53276.205    0.035267606988   -1.236196796128    0.3696    0.4999   0.214    9
53278.247    0.403719690739    0.860900406963    1.0730    0.4676   0.025    3
53285.253   -0.436692590589   -0.015098399331    0.1504    0.3508  -0.083   57
53292.247  -17.517563719870   -5.167198790446    1.0644    1.0199  -0.141    4
53326.223   -1.141134159841    0.009701999204    1.3423    1.3810   0.315    3
53327.249   -4.526473229217   30.827001610589    0.9998    1.8190  -0.195    3
53339.204   -0.323764132087   -6.444997188737    0.7945    5.9221  -0.068    3
53341.249    0.329239713401   -0.782899198271    0.1114    0.3043  -0.237   69
53346.228    0.518050697032   -0.401597999655    0.7011    2.1064  -0.667    6
53354.223    1.627865052826   12.348000011286    3.7937   36.7835  -0.078    4
53389.206  -11.219994738898   -2.884096788591    7.5512    2.1230   0.969    4
53423.208    2.887278021901   -1.342299596274    4.8429    1.1215   0.131    4
53444.206  -10.767131944687   -3.954999591826    3.8882    1.1701   0.929    7
53451.208   -0.520214007588   -0.605699989364    0.3222    0.4233   0.139    7
53458.206  -15.932348625581   -4.135096796176    6.3059    1.4833   0.966    4
53465.204   18.385225811300    2.673702002198   11.0478    2.0350   0.935    3
53466.227    0.896433427060   -2.265098393650    1.6717    1.1695   0.395    5
53475.270   -0.905089882550    3.485203204434    2.2383    1.5222   0.249    3
53479.204   -0.824752379304   -0.392799597648    5.3685    0.5294   0.747    5
53486.206    6.034024519259   -0.311299197620    4.3361    0.5703   0.370    7
53488.251   -0.826662102272   -1.123498797995    0.2163    0.4171  -0.250   56
53507.204    7.495998564176    2.764501203956    8.4758    2.3868   0.977    5
53528.206    1.816165734859   -0.569797188632    3.0054    0.5120   0.438   11
53535.204    8.395487634830    0.625100406637    3.9399    0.3911   0.816    9
53542.206  -12.821633624398   -1.247399994497    4.1464    0.5437   0.586   11
53549.208    0.547970992866   -0.299898000833    0.3155    0.3570  -0.287   14
53551.250   -1.682737325201   -2.595599997335    0.2157    0.5041  -0.116   48
53552.269   -4.823372622218    7.775701209312   28.4196   35.5022  -0.998    3
53584.202    1.019167301255   -0.141598796688    0.5445    0.4184  -0.644   19
53591.204  -10.756690996812   -2.636999994365    7.1994    1.8445   0.892    5
53607.250   -0.626521050995    3.256200007229    0.2826    0.5561   0.390   14
53608.269   -1.822276935200    0.174502805805    1.2822    1.1097  -0.602    4
53618.996    4.663721171655   17.790602399259    3.1821   15.2548  -0.486    3
53642.248    0.947232579066   -3.156498000578    0.2110    0.5483  -0.019   35
53647.208  -12.439938623611  -16.690899593641   36.2516   57.8492   0.980    3
53654.206    0.158255068771    0.246600001219    0.6492    0.4280   0.445    5
53668.206  -73.720669489056 -114.971497193039   32.9793   56.0405   0.985    3
53682.203   35.531028216237   59.416200011242   28.0705   47.9130   0.986    3
53684.248   -0.471449895978   -1.268999996284    0.7374    1.1903  -0.181    4
53696.203   -1.063344951322   -0.358498792252    7.5736    1.6173   0.930    5
53711.225   -0.072313540360   -0.493398000856    0.3276    0.4539   0.099    6
53719.250   -0.181550909933    0.621403204093    0.1500    0.2614  -0.180  102
53720.269    4.960366890223    1.775502011014    6.8472    1.9930   0.901    3
53774.227  -12.892801417823   -8.885998791186    7.4911    1.4707   0.709    3
53794.229    2.896316508830   -2.577499199674    3.6281    3.4138  -0.974    3
53801.205   -0.204724473243   -0.050198399038    0.3421    0.3165   0.212    6
53808.203    0.992812863768    0.827002799042    0.7232    1.5171  -0.785    5
53822.207    0.368455123329    0.610002007306    1.6375    0.5286   0.396    3
53850.203   -1.084352164499    0.964000808779    0.5750    0.5919   0.070    6
53851.229    0.393025155276   -1.315800000157    0.3284    1.0535  -0.591   30
53858.202   -5.101177564586    4.334101205927    3.6474    5.8927  -0.979    3
53864.207   -0.337896168891   -0.285699591984    1.7351    4.5525  -0.670    4
53871.205   -5.093156641277   -1.428897589051    1.8117    1.3273   0.501    3
53874.269    1.115418380958   -1.170097196734    0.7031    1.1564  -0.240    4
53879.226   -0.431220048852    1.411700401377    0.6365    0.4792  -0.188   16
53886.206    1.270999750730   -0.289997990421    1.0720    0.4639   0.084    5
53899.205   11.596217197947   11.002500005475   19.2371   18.8110   0.999    3
53913.205    6.709566395876    7.225603206962    1.9431    1.9990   0.879    4
53914.224   -1.654091220153   -2.900098797909    2.4867    1.0462  -0.009   13
53922.205    0.947614523660    1.722902409540    1.0566    0.8715   0.235    6
53927.205  -12.706920760356   -3.514697998241    8.5926    2.0277   0.945    3
53928.228   -0.098668064692   -0.172396791243    0.3377    0.8293  -0.442   45
53937.271   -3.135416342868   25.446600001544    1.3159   13.8643  -0.353    4
53949.226   -0.915784504859   -0.425098791368    1.0096    0.6560   0.095   16
53969.238   -2.923306478498   -1.947697197124    6.5508    1.6895   0.823    4
53976.207    5.305523219658    2.132402401855    1.5758    0.5656   0.317    5
53978.249    0.058312900138   -0.096998390120    0.3062    0.3066   0.000   25
53982.993    0.412379272652 -124.422397198032    1.9875   10.3047  -0.432    3
53984.210   11.881276134860    3.134401205784    6.3024    1.6073   0.917    3
53991.230   -0.926860984915    0.387100809007    0.4296    0.4717   0.169   20
54019.230   -1.574135574655   -0.065199596122    0.6954    0.6683   0.153    6
54025.209    0.524161897373    0.537102010867    0.7554    0.5167   0.352    4
54028.270   -1.874475595420  -30.261398391929    3.3647   25.7084  -0.841    3
54048.249   -0.320580218333   -0.118598391907    0.0906    0.2383  -0.094  216
54060.207    0.259089483596   -0.659397592528   11.8765    3.7019   0.990    3
54076.249   -0.221783796636    0.157100406284    0.2102    0.5629   0.472   70
54081.205   -1.522447216034   -1.180598390249    5.0852    1.5326   0.895    3
54103.208  -49.223630036823  -12.750699593767   13.7882    3.7402   0.979    3
54110.206   17.168083808901    3.358900805495    4.1709    1.1692   0.917    5
54116.207   -4.556008540880   -0.579697199043    2.4140    0.4277   0.682    5
54125.251    0.133938711257   -1.369396794360    0.1987    0.3260  -0.152   69
54137.209    0.153671646804   -0.030297594833    0.2823    0.6238   0.255    6
54150.994   -0.725574099858  -16.153199993596    4.2038   34.1142  -0.904    3
54152.206    1.085626355285   -0.070797588592    0.9430    0.2350   0.524    6
54153.251  -61.147684400380  -14.683697995110    2.3575    0.5814   0.863    3
54172.208   14.668101686529    1.505502001464   15.2842    1.6116   0.974    3
54179.206   -0.353684427920   -2.616998393989    0.4181    1.0403   0.456    4
54186.208    0.023427237744   -0.099198000214    0.3145    0.5441   0.138    7
54187.230   -0.065566807838    0.611902810022    0.1732    0.5056  -0.408   74
54193.209   -0.208669236606    1.435802401772    0.2930    1.3554   0.328    9
54208.207   -4.916442827745   -0.056797190950    4.1237    0.3590   0.657    5
54214.208   -0.928388763289   -3.257499588472    0.6206    2.5297   0.814    5
54217.268   -0.154178908826  -67.059997196850    6.9760   19.5299   0.033    3
54228.208   -7.903788335707   -2.140999198730    5.8946    1.6065   0.959    3
54235.206   -1.598708646180   -0.230698800863    2.4263    0.3496   0.718    6
54236.225   -1.074803462817   -0.592999198545    0.9480    0.5888   0.454    9
54250.207    0.406775334332    0.824000400712    0.4337    0.2863   0.315    7
54263.206   -3.752263374753   -0.340696789181    7.7731    0.8346   0.924    3
54270.208    8.962424634478    0.045900000600    4.8842    0.4109   0.590    3
54277.206    4.857240720992   -0.002098788343    5.5422    0.5692   0.831    3
54278.229   -0.154942798013   -0.453196788897    0.1636    0.4474  -0.184   66
54284.208    0.323638814659    0.430700403342    0.4332    0.3598   0.317    7
54291.206   -3.260695472213   -0.041299200859    3.4086    0.3295   0.753    5
54292.229    0.057420653946   -0.221698793723    0.2006    0.5729   0.081   71
54298.208  -15.931966680988   -2.922397197835    8.7466    2.2953   0.930    3
54308.270   40.790968111615   58.642801207043   11.2521   19.1302   0.166    3
54312.208   -3.482989570448   -1.386799193881    5.1792    1.2785   0.956    3
54314.250    1.459554020351    2.064401999746    0.4412    1.2989  -0.081   27
54329.269   -1.390674941755   -9.402098389444    5.9929   12.4418  -0.095    8
54333.206   -7.929253653424   -1.698699600183    5.5393    0.5709   0.679    5
54340.208   -0.571013246439   -1.685098793303    0.4873    1.6390   0.809    4
54348.207  -13.108348783534   -1.058997600012   12.0497    0.9012   0.859    3
54355.227   -9.239462734927   -1.492696794969    3.0394    1.5857   0.077    7
54383.209   -0.016167164045    0.369000011347    0.3300    0.2812   0.385    8
54384.228    1.359611851718   -1.571497197972    0.9190    0.7085  -0.350    6
54385.269   -1.452550660663   10.002902403983    4.0348    9.4386   0.300    5
54418.225    3.030890752269    2.082801604786    1.9957    2.2803   0.900    4
54424.208  -15.154957810097   -0.327099589015    7.7339    0.5921   0.757    3
54431.206  -17.250328082382   -1.237899600426   10.3422    1.1181   0.963    3
54440.250   -0.139918515016    0.759002409723    0.2210    0.5879   0.010   58
54445.206    1.703490863945    0.228200408969    3.5301    0.4199   0.617    4
54489.248   -0.437966781374   -0.495997188921    0.1456    0.4173   0.358   82
54501.206   -5.225439217155   -1.062698396481    4.5667    1.4096   0.915    3
54529.207   -0.727355465821    0.592502405539    1.1349    0.3801   0.095    4
54537.205    2.639646962955   -0.305697598435    2.3154    0.5502   0.410    5
54543.207    0.823737942106    0.019101609894    1.0661    0.4469   0.069    3
54558.226    3.162916614136    9.381301201472    7.3203   34.3574   0.990    3
54601.248   -0.022406634547   -2.718197993090    0.2315    0.6852   0.238   56
54627.207    1.025406771757    0.335300401844    1.2393    4.3830   0.934    3
54642.226    0.728886283772    1.722402009818    1.2547    0.9585   0.034   17
54648.209    1.290222471523   -0.109598397557    1.4722    1.2537   0.173    3
54662.209    1.167745311339    0.805802400805    0.2140    0.3580   0.021   31
54676.209   -1.641358517872   -1.149897597941   12.1996    4.4078   0.994    4
54677.224   -1.893062697186  -14.013698400106    1.1083   14.5444   0.621    6
54683.207    2.549253496004   -0.244997993093    1.3152    0.5353   0.631    9
54690.497  -13.431605653599   -4.256398791824   11.0865    2.9983   0.984    3
54691.502    0.214019587338    0.212702406088    0.5983    0.5493   0.011    7
54692.499   -0.526068580764   -0.631598389589    0.4569    0.3856   0.404    6
54693.500    0.746709583196   -0.051598789241    0.5239    0.4439   0.249    8
54694.500   -1.246170052040   -2.107897191195    0.4442    0.4963   0.266    8
54695.501   -0.380164182835   -1.766797191749    0.7122    2.3841   0.774    5
54696.502    0.537148100398    3.367202401705    0.4016    1.6277   0.533    6
54698.500    0.481893883430   -0.118299597318    0.6610    0.5253   0.334    6
54699.501   -1.289076637743   -4.558899600227    0.5727    2.2239   0.786    4
54700.501   -0.411865931476    0.121600803027    0.7233    4.1629   0.860    4
54702.499   -0.729011601200   -0.213098390134    0.4228    0.3469   0.291   13
54703.500    0.180279758724   -0.091097996346    0.5221    0.4041   0.369    8
54704.501    0.291044819825    0.211003208506    0.3693    0.5600   0.116    4
54710.999    4.252108827768   10.219500011033    1.4568    5.7550  -0.509    9
54712.208   20.166123939171    2.226801603911   10.6568    1.0947   0.917    4
54713.249    0.044687951665    0.432000010164    0.1625    0.5993  -0.274   66
54719.239   -1.381761859099   -2.116299596366    0.8345    1.4541   0.234   11
54725.207   13.948000128407    5.487800409298   11.8161    4.0932   0.993    3
54732.209    0.740598382855   -1.403099997788    0.8164    0.7176   0.385    3
54739.207    1.552621186301    0.704300400400    0.7600    0.4498   0.033    5
54783.581   -5.391968883668   10.057500010419    2.9149    4.5006  -0.483    8
54789.228    0.097653540649   -1.094597999440    0.5849    0.5705   0.218   13
54797.998   -2.866778070745   35.798803205012    2.6203    6.3305  -0.218   13
54853.249   -0.103251399814    0.225201604565    0.1565    0.4534  -0.217   98
54915.999    4.299595795860   25.910503208593    5.0801    7.3883   0.407    7
54929.228    0.935520566828    2.158502407212    1.2289    5.1328   0.808    7
54943.228   -0.911201082891   -0.721497600864    0.4298    0.4197   0.147  119
54976.999   -9.695127411453   12.183202811400    1.2877    9.3304   0.140   10
54993.582    8.602375418629  -11.925997200990    1.3793    2.7430  -0.316    5
55042.251    0.527599398715   -2.592997189765    0.1915    0.7403   0.085   65
55077.250    1.153613187689    0.523000804264    0.4134    1.4158   0.345   21
55089.208    0.395827124436    0.764902803496    0.5225    0.4054   0.200    7
55096.206    2.308754240597    1.234101601710    1.2261    1.0254   0.737    6
55112.251   -0.524540715545    1.722002406268    0.2159    0.6043  -0.050   67
55125.229   13.527856646457 -120.595798793488   40.9247   49.7436  -0.584    4
55168.252   -0.015913489612   -0.639997200835    0.1282    0.4375  -0.303  131
55181.229  129.282611868843 -138.168799192329   60.0541   71.0617  -0.917    3
55210.584   -3.164826337103   18.858301199032    2.8240    5.9584  -0.821    5
55299.208   -0.381438373621    4.771900800904    1.2122    3.1648  -0.644    3
55300.227    0.075754168124    7.618500006856    1.6570   22.9159   0.194    9
55400.269    3.882382553230   17.218303199229    2.5578   12.4762   0.649    4
55413.250    0.426001094703    2.231100002348    0.2142    0.5864  -0.140   88
55517.230  -48.466097561158  -33.095599195576   47.1899   30.2536   0.963    6
55537.209   -0.844742028862   -5.126097600794    0.7350    2.5725   0.946    3
55539.251   -1.698015282631   -0.450097188320    1.1043    3.9487   0.654    5
55572.207    0.306197546673    1.960002003898    0.3354    0.6062  -0.128    9
55574.581    0.681396362947    1.224500411467    1.6892    3.1495  -0.565   13
55580.206   -0.343625424639    0.954302403500    0.6148    0.3075   0.171    6
55593.209    0.100070525638    0.599202006413    0.6808    0.3509   0.448    5
55594.228    0.246995526764   -3.074896791588    0.8461    4.4162   0.567    5
55652.270   -7.331122080310   37.789102803742    1.4899    7.5474  -0.796    7
55685.226    0.047743595258    8.247700800723    1.6807    6.7300  -0.051   14
55694.270    4.731072471877   20.269303202269    5.6674   24.9673  -0.843    3
55727.208    0.529891066276   -0.100598390418    0.4140    0.4959   0.340    3
55729.272    2.145787392853    0.334900811083    1.2564    1.2024   0.725    7
55743.268    7.488741530055   13.530502810966    2.6456   25.7397   0.728    3
55755.230    0.390479813282    0.813200399818    0.3244    1.2281   0.448   19
55757.268   -2.104154997936   -1.619697592048    2.0360    9.0887  -0.766    7
55782.208   -1.640722985690    0.011300400615    0.7968    0.6812   0.386   12
55783.227   -0.047868825841   -0.187797591877    0.6714    0.6095   0.278   30
55813.272   25.857415193138   16.827102002992   14.2333   12.5358   0.992    9
55824.500   -0.495512665903   -0.478897190703    0.5573    0.7221   0.804    3
55826.498   -0.244447145193   -0.652597195483    0.6480    3.4151   0.562    3
55830.501    0.649569383723    0.616701608180    0.5196    0.6269   0.729    3
55833.500    0.377239935824    0.559000807243    0.4179    0.3918   0.539    5
55847.251   -0.203960584056   -0.678898793183    0.1299    0.3635   0.138  105
55853.271   16.336453300491  -29.149498789138    9.1303   18.7797  -0.978    9
55873.206    1.459043805597   -0.511696796934    2.3935    2.5605  -0.683    7
55887.206   -0.601822748888   -0.553899594991    0.7203    0.8375   0.350   12
55902.229    0.283787872549   -0.226097988332    0.3051    1.1470   0.531    9
55904.270   -0.160925641348    2.740802401036    0.9851    1.2151   0.170    7
55915.206    0.406903604493    0.860803204716    0.9943    1.0821   0.350    3
55917.270   -0.869697044980    7.906402802860    1.4688    8.5793  -0.485    5
55939.269    3.020196216805    7.182702010766    7.4283   15.3788  -0.635    4
55960.271    2.991296437324    7.401502809046    8.7466   10.5407  -0.453    3
55966.250    0.253742259287    0.596901600147    0.1599    0.3576   0.236   77
55972.229    6.309409437061  -19.390597198310    7.7690   17.4662  -0.951    4
56002.271    0.303905792267   -0.611697598174    2.2180    1.1358   0.548    6
56006.208    2.011851808018   -1.055599192057    1.2113    1.0767  -0.811    7
56016.271   -2.263427630328   24.569100008875    1.5748   12.6624  -0.378    7
56022.268   -3.783454821795   -2.915398789582    2.2289   16.7689   0.097    6
56029.584  -94.800414535685   28.340503205015    6.3069    3.6647   0.001    9
56034.208   -0.162581776728   -0.692899190824    0.3254    0.2771  -0.182   11
56036.250   -0.475779643511   -0.274597189787    0.2176    0.3607   0.081  120
56041.206    0.000000000000   -0.177098399945    0.7620    0.3967   0.755   20
56044.267   -1.534287672123    2.133900007095    1.2488    1.2114  -0.410    4
56050.210   -4.763024768529   -4.473197991217    1.3316    1.1547   0.792    7
56055.206   -0.151251622238    0.018500401211    0.4149    0.4139   0.241    4
56062.208    1.190915835072    1.498903209551    0.7702    4.9741   0.404    4
56072.271    1.210269952448    2.121703209923    0.8843    3.3991   0.795    5
56118.208    4.037579025676   -1.729497594738    3.0457    0.8122  -0.899    6
56121.269    7.934729234738    4.705603203092   10.1405    5.2810   0.992    6
56128.271   -0.244954320369   -0.599896797837    0.5428    1.0693  -0.126    4
56133.227   -3.748825786567    7.001802005391    2.7580    6.6803  -0.921    8
56139.207    1.082570798537   -0.924897598509    0.4277    0.9399   0.603    8
56160.208    0.905982128743    0.024703209078    0.4559    0.2778   0.217   22
56175.209   -0.664080325544   -0.949298393493    0.3922    0.7714   0.138    5
56181.207   -0.261252880997    0.964303210083    0.9455    0.8674   0.799    4
56182.229   -0.455664676526   -0.595097999678    1.2702    0.7916   0.303    6
56204.250    0.185627069878   -0.053297999614    0.1452    0.3796   0.237  125
56212.271   -0.196446835924    5.979600008743    1.0392    5.3947  -0.497    5
56223.207    0.704569926258   -1.139198393219    0.9395    0.7303   0.273    6
56237.207    0.571523461193    0.793900804297    1.6308    1.0890   0.656   10
56251.207   -1.663004389654   -1.031896795212    0.8624    0.8484   0.829    5
56258.205    0.858238620330   -0.340498790763    0.5233    0.4714  -0.042    7
56272.209    0.157873124178    0.322901999539    0.5245    0.4273   0.489    9
56282.271   -0.626013788974    0.701200799824    0.7676    0.5294  -0.200    7
56303.270    1.041066673780    1.487901603525    2.3729    1.3362  -0.420    8
56310.271  -11.568331855664  -34.284797989415   11.3356   18.0267   0.741    3
56316.583 -127.583447626010 -234.840099597022   20.3938   21.9999  -0.330    6
56336.208    0.444081021293    0.728099999492    1.1270    0.5116  -0.598   24
56338.271    2.137259294368   -5.117896800755    1.1322    3.4048  -0.521    7
56343.228   -4.972714521488    9.434300406497    4.2420   13.2095  -0.448    4
56349.207   -0.911201082891   -1.576699193606    0.6156    1.0771   0.498   16
56352.272   -1.980785591559    1.618102810141    1.4396    1.4707  -0.770    7
56365.581   22.009408000704  -74.678198396327    3.4982    8.4529  -0.712   21
56370.209    0.062385933661    0.454100411673    0.4897    0.7028   0.156   13
56373.270    0.798147393806   -1.697198401018    1.6338    3.3924  -0.726    4
56394.272    0.561082513318    1.113703203259    0.7988    0.8224   0.265   10
56399.206    0.132536163466   -0.098099998525    0.6500    0.3267   0.252   13
56406.230   -3.038019429385   -0.336099596154    2.7735   19.4625   0.603    8
56436.268    0.174932447570   -0.957196792228    2.5067    3.1938  -0.881    4
56447.207    0.012986289869   -1.074196795514    2.7977    2.3684   0.971    8
56468.206    0.377239935824    0.183301207812    0.8217    0.5017   0.528    8
56469.228    4.827195194575   -2.355796799236    3.8394   16.0140  -0.544    3
56471.270   -1.973528557438    1.931702401237    1.2273    1.7619  -0.789   11
56476.270    0.552808002421    0.838602007036    0.5479    0.6953   0.322   16
56477.793    1.733664834212   -2.298398399603    1.1359    1.0954   0.272    4
56482.206   -0.217200461514   -0.021697191244    0.2742    0.2465   0.327   23
56485.270    4.374457717792    2.117699999360    3.4919    2.4649   0.944    4
56490.208    0.114077331860    0.974800809672    0.4381    0.5028   0.523   13
56496.209   -0.083646734427   -0.586497596089    0.2455    0.2706   0.254   24
56506.272   -1.482214329331   12.487903204317    0.8917    3.4130  -0.622    9
56511.787   -1.123946479443   -0.426697192779    0.3606    0.5853   0.396   13
56517.207    0.032847582421   -0.895798788747    0.4784    0.5991   0.485   23
56518.270    0.902162682808   -0.685699190228    0.6116    0.6016  -0.020   12
56525.228    0.619649001045   -0.837997191638    0.5576    0.8854   0.081   13
56551.793    0.099181405868    0.662500799820    0.3484    0.5798   0.350   13
56553.207    8.222336553222    6.321902399975    4.6633    3.7886   0.986    3
56565.789   -0.986063004823   -0.470797199625    0.3697    0.5258   0.163   10
56579.793    0.087084322614    0.038203206998    0.3247    0.4116   0.491   17
56588.793    0.465213465054   -0.376599589913    0.2672    0.4572   0.229   19
56594.206    0.484057280830   -0.143499599403    1.8996    1.5447   0.934    5
56600.791    0.359031739074   -0.464896793062    0.2559    0.3862   0.248   30
56618.272   31.821161125588  -45.121597197806   18.5239   22.2459  -0.742    4
56622.210   -0.043160173291    0.802501207886    0.3079    0.6395   0.253    7
56626.286   -0.342861535452   -0.512697596378    0.2338    0.4313   0.048   14
56628.225    0.285954222682   -0.478598396114    0.2800    0.6108   0.198   13
56632.269   -0.391879321496   -0.164498392508    0.2567    0.4591  -0.052   17
56632.269    1.966399880321   -7.504200000596    1.2272    6.1219  -0.831   10
56634.263    0.217585445685    0.310201208720    0.2293    0.3894   0.241   21
56636.257   -0.328857768807    0.635803205284    0.2470    0.3750   0.114   21
56638.251    0.864096146237    0.358401602796    0.2225    0.3549   0.161   24
56639.270   -0.270291281081   -0.112597189172    0.4529    0.7730   0.373    7
56641.243    0.268127970525   -0.301697994587    0.2115    0.3321   0.235   26
56644.227  -11.455785341756   -4.376098792136   11.2841    6.8480   0.839    6
56650.206    0.263290960970    0.514702801979    0.5890    1.4705   0.745    3
56673.582   -5.795560217402    3.765402006195    4.2962    6.5215  -0.684   15
56686.209    0.233880879890   -0.242099997649    0.5963    0.4421   0.211   11
56687.250    0.373420489889   -0.330098393420    0.2534    0.2207   0.262   51
56692.206   -0.080080876081   -0.903499189064    0.3458    0.5138   0.452    8
56693.791   -0.134445886434   -0.507898798219    0.6103    0.7649   0.685    7
56699.208    1.244516956238    0.945701999910    0.7180    0.4573   0.494   14
56702.265   -0.059583964502   -1.685599193024    1.1628    0.8083   0.361    7
56706.206   -0.196703549935    0.662400003648    0.9391    0.4477  -0.553   18
56709.271   15.742141260158    2.379002403075   11.2150    4.8572   0.724    3
56713.208   -0.168057358042   -0.483998390166    0.3873    0.3257   0.390   35
56716.269    0.596096532718    0.087602411725    0.4934    0.4110   0.618   10
56720.206    1.598711685757    0.486702006697    0.3652    0.4166   0.223   17
56735.791   -0.156852520980   -0.156398388640    0.2770    0.4835   0.272   15
56737.271    0.704695243686   -0.172699192547    0.7737    1.0315   0.300   12
56744.269   -0.666500350110   -0.162597589792    0.6880    0.6569   0.437    7
56755.208    0.771154297716    0.053402402500    0.7005    0.5304   0.361    6
56756.227   -1.092373087808    2.092402807818    1.3266    5.3073  -0.787    3
56762.206   -0.322236353713    0.056001603355    0.4021    0.4057   0.478    9
56763.273    0.438987297727    0.303300002713    0.5032    0.5884   0.568    4
56776.206    1.202120672134    0.686001604322    0.6505    0.5414   0.501    6
56803.794   -0.264944056772   -0.628696800220    0.2672    0.4172   0.523   19
56807.271   -1.305625746381    0.167000403906    1.2196    0.7309   0.384    7
56814.269   -0.207141458232   -0.213199199095    0.9681    2.4147   0.943    3
56819.207    0.683816387513    0.711702006129    0.4566    0.5977   0.833   13
56826.209   -0.074351620333   -0.664898395542    0.2894    0.5192   0.703   23
56828.269   -0.246356868160   -0.415699193468    0.3959    0.5107   0.227   11
56832.206    0.015152640002   -0.198597592771    0.2596    0.3742   0.585   23
56833.229    0.049017786044   -0.284399997952    0.2443    0.4863   0.663   12
56838.792   -0.213252658574   -0.169199988420    0.1708    0.3290   0.561   17
56841.272    0.256415871442   -0.401399988448    0.2675    0.4011   0.158   21
56842.291   -0.945448173527   -0.819698395560    0.3458    0.4686   0.414   13
56846.206   -0.294607638595   -0.496299590225    0.2520    0.2504   0.438   36
56848.248   -1.805978374572   25.687800008711    5.1978   23.5915  -0.922   10
56853.208    0.222040510646   -0.248299198802    0.5877    0.5078   0.342   16
56857.500    0.646385383125   -0.282196793933    0.3783    0.3081   0.046   30
56858.501    0.527217454121   -0.050799594931    0.3332    0.2711   0.229   26
56870.269    0.012986289869    0.234000006571    0.2472    0.3844   0.296   32
56885.496   -0.177095844971   -0.421599600031    0.1531    0.2233   0.250   46
56886.501   -0.128334772938   -0.278398795217    0.1644    0.2344   0.290   49
56888.207   -0.261888413179   -0.642297594311    0.1802    0.2642   0.593   28
56898.269    0.036413440768    0.302500808402    0.3318    0.3664   0.057   17
56904.665   -0.361958938817    0.053600400918    0.2491    0.3902   0.458   18
56905.662    2.015542896948   -3.368699994155    0.3313    0.5307   0.135   22
56906.659    0.709917237412    2.147900404736    0.2846    0.4500   0.207   22
56907.656    0.558283583736   -5.329997998160    0.3551    0.5880   0.246   20
56908.412   -3.330592114429   -3.300299988496    0.3916    0.6694   0.454   10
56910.969   -5.392350828262    1.617001201737    0.4744    0.6209   0.012   11
56911.645   -0.196575192930    0.074700002983    0.2707    0.4549   0.177   22
56912.642   -0.584253037052    0.741801602544    0.3102    0.5037   0.344   23
56913.639   -2.098551059617    0.216000005082    0.3036    0.4881   0.313   23
56914.636    0.681142775359    0.291002409369    0.2874    0.4585   0.250   23
56915.399   -0.257558665645    2.788902011730    0.3507    0.6274   0.567   11
56916.207    0.461268701690   -0.199097992493    0.3018    0.3444   0.518   19
56916.959    3.448232265059   -0.456897598156    0.7731    0.9098   0.283    7
56917.627   -0.232988633698   -0.516999588740    0.2741    0.4774   0.132   22
56918.625   -1.027059867559    2.927700002431    0.3204    0.5234   0.318   21
56919.603   -0.216308215322    2.291000400589    0.3477    0.5654   0.358   13
56920.619    0.755240808104   -0.528699592905    0.3157    0.4813   0.404   18
56921.616   -1.668605201551    1.975201199400    0.5634    0.9631   0.569    9
56924.790    0.101598304012   -1.162497592588    0.4762    0.7994   0.690    9
56926.269   -1.023365652207   -2.210097589739    0.1717    0.3182   0.329   12
56934.498    0.200397765287    1.451203202407    0.6176    1.2089   0.850    7
56935.499   -2.091550739506   -6.424397999183    0.6207    1.2580   0.865    8
56939.250    0.248905249732    0.954900005468    0.2876    0.4764   0.632   16
56941.496    1.186332413105    1.022500804027    0.3964    0.5341   0.148   26
56942.501    3.000716782002    4.442302807206    0.5748    0.8292   0.322   18
56944.207   -0.139411252994    1.096801203460    0.4774    0.6045   0.325   17
56945.792   -1.085623315708   -3.265999195889    0.3909    0.7471   0.700   13
56948.498    0.343500194056   -0.644399989369    0.7439    0.6764   0.085    8
56951.208   -0.209689839804    0.017503208483    0.3476    0.4295   0.174   16
56952.271    0.565030403103    0.612403209743    0.3583    0.4304   0.407   14
56962.502    0.241266271017   -0.877697991086    0.1862    0.3230   0.295   40
56963.503    0.299704401738   -1.897797592676    0.2332    0.3591   0.271   32
56965.209   -0.068622451431   -0.156297592468    0.2524    0.3597   0.496   24
56968.269    0.045326610269   -0.666899994428    0.2232    0.3221   0.325   25
56973.229    1.469484753472    0.136501203940    1.2493    1.3157   0.670    3
56979.209   -0.598767105295    0.985903199080    0.2737    0.2484   0.098   21
56982.269   -0.281239490977    0.105703209385    0.6909    1.5162  -0.752    7
56983.497   -1.364574091856   -1.601798399520    0.4912    0.5553  -0.074   33
56984.501    0.634926958475   -0.385498800881    0.3233    0.3703   0.304   27
56987.270    0.933357169427   -0.492699589927    0.3750    0.5405   0.127   21
56990.498    0.013368234463   -2.162699996688    0.2793    0.3939   0.049   31
56991.503    0.267492351498    0.455101211116    0.2053    0.2925   0.185   55
56993.205   -6.566586158112  -10.382097600825    0.2127    0.3849   0.694   24
57004.498    0.318291503504    1.159401611517    0.2429    0.2842   0.275   35
57005.499    0.617485690489    0.601401603717    0.2429    0.3255   0.266   34
57010.269   -0.230440338971    0.429901209031    0.2772    0.4033   0.401   34
57011.610    0.595332643531   -2.253398389485    0.3649    0.4299   0.292   43
57012.501    1.202120672134    0.199400406586    0.2444    0.2900   0.240   46
57028.207   -2.011341506420   -0.466099197638    0.3248    0.6226   0.508   19
57038.269    0.707879157439    0.325000800672    0.7170    0.5034   0.471   17
57039.497   -0.613409530543    0.090100803618    0.2299    0.2761   0.226   62
57040.501   -0.219745716663    0.608302809724    0.2124    0.2611   0.276   62
57043.208   -0.384493930369    0.676303199043    0.3123    0.2118   0.488   31
57045.271   -1.049976803704    0.056502003076    1.1262    0.4496  -0.093    4
57049.209    1.619462184924    2.009203210207    0.2838    0.6595   0.213   12
57052.270    0.787578088926   -0.537397198741    1.0925    0.4887   0.615   10
57057.230    0.469796800176   -1.811699999621    0.2820    0.4518   0.314   27
57060.342    0.178751980350    0.820501209375    0.2510    0.4161   0.345   32
57061.291   -0.984663583455    0.268401608139    0.2122    0.3284   0.317   31
57062.230   -1.457897971817   -0.440099988452    0.4806    0.5983   0.175    8
57066.273    1.457772654389    0.126802811451    1.4781    0.4587   0.566    6
57067.289    0.210328411563   -0.295199998845    0.2094    0.3603   0.260   31
57068.289    0.084410623614    0.020800807476    0.2051    0.3314   0.366   32
57069.228   -0.232350061939    1.425402004429    0.4279    0.5728   0.376   12
57071.226    1.099122859908   -4.984999191038    2.9653    5.9312  -0.908   15
57072.249   -0.733466666162    0.492703209432    0.2274    0.4052   0.396   20
57072.581  -25.992111714428  138.936700800230    5.5630   20.9977  -0.194   24
57073.271    0.254252474041   -0.674899189335    0.3917    0.3634   0.297   18
57074.290   -0.085681774823   -0.891899993860    0.1930    0.3175   0.357   32
57075.291    0.899999285407   -0.801097198178    0.2333    0.3930   0.247   28
57076.394    1.011146377947   -0.252197993689    0.4090    0.6047   0.526   15
57077.209   -0.678847981375    1.443502802090    0.1964    0.3518   0.298   36
57078.228   -0.397990434992    0.058003202241    0.2064    0.3380   0.215   33
57079.229    0.096507706869   -1.230299996280    0.2143    0.3498   0.260   32
57080.273   -0.758803626873    0.183700811363    1.0821    0.5634   0.466    9
57081.289   -0.085681774823   -2.572498796383    0.3450    0.5318   0.291   31
57082.293   -2.070161581734    0.172202399540    0.2785    0.4086   0.315   31
57087.271   -0.214144817921    0.214300807500    0.5793    0.7764   0.829    8
57093.251   -0.683049458749   -0.535697988369    0.2840    0.4506   0.453   22
57094.270   -0.852381007577   -0.310096793044    0.3466    0.3159   0.180   44
57095.497    0.116876261442   -0.513799191992    0.5053    0.5047   0.377   23
57096.501    0.159529259557   -0.555497996402    0.3778    0.4031   0.348   24
57102.499    1.557079290840   -2.446999198469    0.3993    0.5251   0.275   27
57105.209    0.262145127189   -2.577499199674    0.3695    0.3017   0.136   42
57108.270    0.413907051026   -0.419597988355    1.3670    0.6373   0.588    8
57109.497    1.218544463345    0.202402804916    0.2988    0.2995   0.329   34
57110.501    0.149470256276    0.647099999185    0.3163    0.3246   0.354   34
57120.206    1.475467596808   -0.087199188670    0.3688    0.5399   0.213   38
57122.270   -0.125786391366   -0.331099192863    0.3776    0.4360  -0.058   12
57123.497   -0.794835123048    0.030103203130    0.3035    0.3036   0.326   39
57124.501    0.599659351487    0.963601205228    0.2756    0.2708   0.260   39
57129.272    0.605645234400    0.383900399470    0.5626    0.4940   0.476   10
57130.499   -0.365906828602   -0.034297198681    0.2950    0.3442   0.373   32
57131.500    0.427400516072    0.670600803687    0.2956    0.3312   0.441   30
57135.583  286.200350018521  260.372001604026   30.3690   64.2343  -0.782   12
57136.273    0.133300052653    0.512301599542    0.2511    0.3800   0.146   19
57137.497    0.392899837848   -0.202996800169    0.2643    0.2645   0.154   43
57138.501    0.038705108329    0.254800801258    0.2425    0.2495   0.224   44
57142.271    0.188939253792    0.208800004486    0.3133    0.3597   0.280   23
57143.290 -419.701706751957   47.464300803313    2.4466    1.1548  -0.189    3
57147.209   -0.483165034638    1.225900801671    0.2055    0.2792   0.448   34
57149.251    9.349085001825    0.677401200733    6.7422    1.8831   0.911    6
57150.270   -0.832901659618    1.011700803133    0.2727    0.2398   0.262   36
57157.268   -0.240117397659    0.092001606333    0.3045    0.3865   0.399   17
57164.270    1.833099827668   -0.797497197880    0.7907    0.9546  -0.196    8
57169.208    1.198301226199   -1.147197600915    0.2570    0.3172   0.421   42
57171.268    0.033868185619    0.166100400634    0.4303    0.4683   0.457   18
57173.500   -0.110508433936    0.243302402225    0.1852    0.2933   0.267   37
57176.228    0.064167386469    0.185900408667    0.2752    0.3772   0.570   15
57177.229   -0.421671260324   -0.252899998543    0.2646    0.3691   0.599   18
57178.270   -0.391879321496   -0.194399990505    0.2708    0.3764   0.219   33
57179.289   -0.094723301329   -0.511999198238    0.2312    0.3510   0.551   21
57180.293   -0.259978690211   -0.232200000028    0.2925    0.5152   0.667   11
57184.227   -0.888666091340   -0.147797997840    0.2265    0.4110   0.506   26
57184.581  108.430890089352  227.079500406546    7.3002   22.6093   0.090   22
57185.268   -0.089883165352   -0.211697999930    0.3667    0.5138   0.498   15
57186.291    0.242665692386    0.905702405873    0.3595    0.6267   0.813    9
57187.291   -0.729393545793   -1.615298397439    0.2513    0.3886   0.640   23
57190.246   -0.483672209815   -0.176799592566    0.3290    0.4838   0.478   19
57191.123   -0.712969754583    0.934801202845    0.2755    0.4240   0.369   18
57193.289    2.382723916336   -1.511697595902    0.3542    0.5146   0.598   16
57194.290   -0.171238232218   -0.015699595224    0.2983    0.4821   0.507   14
57195.228    0.302631688326   -0.245098789264    0.2319    0.3798   0.383   20
57196.207    0.806803849297    0.272502008158    0.3338    0.4595   0.622   25
57197.226    0.352666951145   -1.628697599187    0.2495    0.3922   0.562   25
57198.227   -0.867787322012    0.077400000009    0.2463    0.3893   0.558   22
57201.500   -0.596985739333   -1.686398400125    0.4679    0.7664   0.520    8
57203.209    0.291808795857    0.213400804228    0.3050    0.3782   0.700   23
57204.363 -179.265424350711  -40.216399196424   24.1709    5.7719   0.985    9
57205.269    0.633399180101    0.163303201361    0.4092    0.4218   0.471   21
57219.251    0.574325430353    0.314701199500    0.2119    0.5468  -0.142   68
57220.270    5.827646950214   -6.156496790766    0.4034    0.4210   0.012   11
57234.270   -0.271437114861   -0.394297190098    0.5204    0.3836   0.272   27
57239.208   -0.404737254360   -0.491896788901    0.1855    0.2961   0.422   25
57241.268   -0.143994674961   -0.318999597937    0.2595    0.3150   0.421   18
57246.206    1.522829160627   -1.073898000925    0.1662    0.2521   0.285   51
57248.270   -1.127384067630   -1.858298398361    0.3572    0.3005   0.610   25
57255.272    2.296149895321   -0.091097996346    0.3969    0.3269   0.449   23
57259.209    0.555609971581   -1.176497990230    0.2691    0.2770   0.223   21
57262.270   -0.402445499953   -0.700099191420    0.2101    0.2666   0.206   38
57266.207    0.866516170804   -3.508599593260    0.5964    0.3218   0.465   12
57267.230   -1.106248497447    3.639200403427    0.4745    0.6839   0.103   42
57269.272    3.814902982848    1.332100804063    1.9436    0.8768   0.925   13
57276.270   -0.461011987680   -0.208396794221    0.6787    0.6117   0.278   12
57281.584  155.070380967776 -207.842097593414   73.2141  143.1661  -0.805   46
57283.268    0.237954000258   -0.375699599431    0.3321    0.3113   0.483   37
57287.206    0.217075144086    0.478400410486    0.1393    0.1430   0.452   81
57290.270    0.069007435601   -0.125499597914    0.2242    0.3577   0.027   38
57294.207   -1.105994909859   -0.551699997686    0.1524    0.1440   0.315   58
57297.272    1.934569861520    0.675900001568    0.2088    0.2356   0.350   42
57301.209    0.256162283854    1.359802804757    0.1477    0.1523  -0.013   75
57302.228    0.879120516079    1.437300007012    1.7020    0.7154   0.255   11
57304.241   -9.030665141315    1.189202400553    0.3398    0.2479   0.323   27
57318.270    0.843217290065   -0.989398796492    0.2862    0.2439   0.235   50
57322.208   -0.598003216108    0.076500009527    0.2869    0.2956   0.045  108
57325.268    1.669754161754    2.160100808624    0.2329    0.2884   0.161   53
57332.270   -1.645306407657   -0.295696791852    0.2762    0.2446   0.264   66
57337.227    0.886884725377    0.710301603135    0.7073    0.8552  -0.064   53
57338.249    0.367691234142   -0.676799992050    0.5896    0.7595   0.470   18
57338.582    4.393047859136  286.851801601529    4.6515   15.8410   0.432   38
57339.268    1.068310317882    0.604303205876    0.1967    0.1866   0.365   61
57345.247   -0.221019907449    0.726800405459    0.4930    0.8656   0.345   18
57346.270   -2.659251628341   -1.718099991876    0.1743    0.2226   0.086   85
57351.270    3.357456853515    3.089502004627    0.1092    0.1300   0.354   38
57357.209    0.879884405266   -0.467798395221    0.1713    0.1914   0.266   45
57365.227    2.032730664191   -0.858697190154    0.3011    0.5331   0.202  123
57371.209   -0.571266834027   -0.672199192309    0.1300    0.1431   0.266  108
57372.225   -0.253485545277    2.658502806696    0.8854    3.6362   0.742   48
57373.248   -0.454644160173    7.278501603025    2.7092   10.5405  -0.721   19
57379.271    2.988876412758   -5.042296794500    0.3788    0.3117   0.333   24
57385.209   -2.611000857907   -2.143299592205    0.4310    0.6556  -0.426   11
57392.208    0.278822505988    2.049001199111    0.2813    0.3973   0.398   25
57400.207   -0.459737796894    0.156801611695    0.1879    0.2128   0.410   58
57406.208   -1.017764753464    0.088700400624    0.1881    0.1822   0.244  100
57409.269   -0.290152660478    0.296402403421    0.3533    0.2407   0.331   22
57414.207   -0.806036920533   -1.120899597140    0.1704    0.1860   0.318   64
57416.270    1.711511787254    0.965300402811    0.1990    0.1914   0.210   68
57420.208    0.152779487457   -1.358899194770    0.2384    0.2858   0.251   29
57423.269    0.080847804845   -0.146699996151    0.1941    0.2759   0.186   46
57427.206    0.220384375267   -0.653097595205    0.4083    0.2975  -0.082   26
57429.248   -0.748744623592    1.050501599309    0.6178    0.8884   0.283   12
57430.270    0.083903448438    1.886702403908    0.3700    0.4457   0.411   24
57435.227   -0.886246066773    0.555101999566    0.6417    1.0363  -0.202   16
57436.257    0.420782140554   -0.188197195428    1.2327    1.4719   0.349    6
57441.206    1.234457952957    0.105001204531    0.1511    0.1558   0.234   76
57442.236   -0.332802532170   -3.185197194000    0.1991    0.4138   0.093   29
57448.208   -1.083459918307   -1.461999596586    0.1680    0.1852   0.174   68
57451.269   -0.664080325544   -3.484097989315    0.4106    0.4961   0.295   29
57458.270   -2.597504353284   -0.400798792555    0.2593    0.4051   0.222   67
57465.269    2.567205065589    4.412901608930    0.1922    0.2757   0.236   80
57469.206   -0.326819688835   -0.943797590480    0.1978    0.1882   0.137   97
57471.270   32.415344895760   93.339601200171    0.7693    3.3711  -0.427   16
57484.229   -1.660202333649   -0.283096797205    1.9149    1.0127  -0.348   16
57485.251   -3.793895769670   16.917202806610    4.1509   17.9399  -0.937    9
57505.209   -0.162963721321    2.268403206074    0.4284    0.5767  -0.226   20
57512.207    1.418939189054   -7.384096790020    0.4774    0.4413   0.225   37
57518.208   -2.340581219821    2.349302410209    0.5676    0.9377  -0.330   22
57520.250 -461.903849756484-1026.446896797495   34.1541   72.1916   0.996    5
57521.269    0.251068560288   -3.800199591808    0.5818    1.0222  -0.282   18
57526.207    8.388230600708    3.117301207567    0.5873    0.5941   0.561   30
57528.271   -1.551600583103    1.244203204465    0.7736    1.1490  -0.302   17
57532.208    5.709750085574   -3.782699990040    0.6767    0.6929   0.498   43
57535.269    1.028462415350   -0.083098788650    0.8139    1.3281  -0.259   13
57540.207    2.692737869367    2.336302799222    0.6231    0.3675   0.024   48
57542.271    0.261381238002    0.836002806182    0.2870    0.4123   0.322   28
57548.250    0.193776263347    0.431701202785    0.1670    0.2720   0.316   42
57553.206   -2.694647592334   -4.308199198988    0.2379    0.5083   0.619   73
57554.229   -0.074351620333    0.428302807620    0.1749    0.2806   0.311   30
57556.271    0.496026007079   -1.756799991881    0.1947    0.2700   0.027   28
57560.208    0.203835266628    1.022400007855    0.1776    0.2714   0.135   48
57561.227  -14.550840354071   35.934102004376    4.9029   24.6951  -0.917    5
57563.269    3.942730493764    0.814600802812    0.6347    0.6342  -0.482   18
57567.206    4.688294156335   -3.209799594117    0.5075    0.3505  -0.002   32
57570.271    3.697009157785    3.407500803121    0.2761    0.4410   0.245   27
57574.208   -1.049466502105    0.322502408778    0.3011    0.3212   0.119   44
57581.206   -1.316702226438   -3.561098398563    0.2250    0.4265  -0.214   48
57583.248    0.751803219917   -0.422697588931    0.5758    0.4686   0.379   22
57584.271    0.239356548049   -3.192199196178    0.6014    0.4751  -0.463   16
57591.269    5.199723438272   -8.844796792573    0.9112    0.7226  -0.568    9
57595.206   -1.008851583963   -3.413498399141    0.1309    0.2347   0.202   68
57597.248    0.576360470748   -4.243499989798    1.2957    1.7891  -0.038   36
57598.271   -9.113166041962    7.985800807830    0.7766    0.8843  -0.636   11
57602.208   -6.565315006904  -40.824799195605    0.9015    6.8495   0.290    3
57605.269   -2.119940217388   -5.292399593770    0.9052    0.9403  -0.518   10
57612.271   -1.194607010847   -5.765896790422    0.8787    0.6746  -0.649   10
57617.209   -1.515954157944   -1.512900000478    0.3595    0.4258  -0.045   28
57619.269    7.425845294795  -13.301197199667    0.5777    0.9001  -0.701   12
57623.206    1.992882674814    2.059502405416    0.5914    0.3277   0.054   38
57624.229    2.170742408971   -2.334196797449    1.3035    0.9723  -0.257   29
57626.271   -2.683189167684    5.646600000375    0.4375    0.5542  -0.046   11
57633.269   -1.922347460838   -1.799499595734    0.4318    0.4282   0.271   15
57637.082   -2.258462263767   -0.261698400550    0.6659    0.4678   0.015    8
57638.207   -0.938191139405   -0.653497198755    0.3127    0.2548   0.156   44
57647.269   -0.898086522862    2.195402400673    0.4906    0.8247   0.557   12
57652.229  140.846360302541  212.704502408201    3.0404    6.9545   0.843    9
57653.248   -1.807888184385   -3.148498792882    0.6477    0.4754  -0.103   15
57660.250   -1.192443613446    2.734603199883    0.8439    1.4943  -0.327  112
57667.230    1.477123732187    0.977900410248    0.2905    0.3521   0.295   11
57669.345    1.323708712549   -2.421597591251    0.3461    0.2938   0.154   60
57670.313    0.913239162864   -0.944596797581    0.5148    0.5056   0.167   21
57673.209   -0.193137691588   -0.297899995871    0.3071    0.3784   0.131  109
57674.228   21.264864854485   -2.382796795075    1.4610    1.1454  -0.273   61
57679.207   -0.731174998601    2.447701203323    0.1477    0.2154   0.112  100
57680.229    1.835645169663    1.615003209565    1.8524    2.2128   0.435   17
57682.271   -0.145140508742   -0.351097199314    0.2146    0.2542   0.138   60
57685.189   -0.822717338909   -2.156698793954    0.3215    0.2726   0.135   36
57686.208    3.198948110310    3.624602403818    0.3060    0.3206   0.678   91
57689.269   -1.195370900034   -0.251899199100    0.1764    0.2501   0.279   47
57693.207    1.471522833445    1.562500810337    0.1451    0.2523   0.149  104
57694.229    0.898725094621   -0.430696796627    0.2736    0.3500   0.199   34
57696.271    0.513720949499    0.435200406912    0.1764    0.3145   0.096   32
57699.186   -0.883190510025    0.824000400712    0.3657    0.3232   0.147   37
57700.208   -3.973283282202   -1.847998797189    0.8709    0.6495  -0.182   57
57703.269    1.794141044906   -1.409698789701    0.3585    0.5141   0.082   11
57708.229   -0.948121785681   -0.463597199030    0.7511    1.8812   0.653   11
57709.248   -1.294042004303    2.203200003237    0.9762    2.1360  -0.526    4
57717.313    1.143172239814    1.790600410345    0.4497    0.2977   0.050   51
57724.271   -3.038273016973   -4.726799994614    0.5161    0.4255   0.552    7
57728.208   -1.407352407399    0.169300810171    0.2403    0.2337   0.241   48
57730.250    2.469808152105    4.673300402658    0.5586    0.5205   0.048   26
57731.269    2.316775163905   -0.267098394602    0.1267    0.1293   0.236   32
57732.292    2.446255683778    0.060001207203    0.4487    0.3189   0.001   60
57735.207    0.652750171054    0.904802402601    0.2190    0.1914   0.091   40
57743.209   -4.038978447045   -3.740997591706    0.2684    0.3802   0.684   27
57744.272    1.045139794149   -0.823597190447    0.3185    0.3089   0.210   27
57750.207   -1.334910510033  -25.004599197587    0.9828    3.3313   0.126   25
57758.272   64.513797709385 3613.371703211499    0.4762    0.6089   0.258    4
57766.271-3206.591561806908 3198.342600005333    0.8383    0.7032   0.056   20
57773.269  204.393956299655 -901.744999195842    0.1928    0.2728   0.400   17
57780.271  473.543609072316 1055.238102006228    0.2949    0.2845   0.221   30
57786.247   -0.956653010589   -4.102999194799    0.5846    1.1860   0.777    5
57787.269-1204.040863058121  163.114401601661    0.3248    0.2535   0.165   36
57792.229    0.619777358050   -6.136898400655    3.4403   13.9261  -0.871    5
57794.271   -0.572159080220    0.340902001028    0.1637    0.2478   0.235   42
57798.209   -0.714751207390    0.045000010118    0.2643    0.3658   0.591   38
57799.228    1.890392124609   -0.406497593985    0.3996    1.4525   0.198    6
57800.250    0.684833864289   -0.607298390776    0.4021    1.6081   0.085    3
57806.208   -0.223693606448    0.059803208785    0.3463    0.5729   0.025   30
57808.271   -2.870979548118   -0.904197599993    0.3069    0.3424  -0.010   31
57812.209    1.998101628962    2.125202401260    0.2231    0.3246   0.234   51
57819.207   -0.532436408270   -7.111799993709    0.2382    0.3883  -0.027   59
57822.271   -2.005355623507   -2.628698398155    0.3887    0.4402   0.289   45
57833.207   -0.583742822298    1.716501603255    0.2335    0.2983   0.213   76
57834.230   -2.685480835245    2.213600400580    0.7114    0.9739   0.498   17
57841.228    0.737671183112   -2.718097196919    1.6818    7.0186  -0.736   13
57842.250   -2.816742807925    1.336201204083    0.9005    0.9542   0.384   19
57847.207    0.273857139428    0.157701602177    0.1527    0.2371   0.243   57
57850.271   -0.103761701413   -0.860799598001    0.2584    0.2430   0.401   38
57854.209   -2.029036448839    3.090600006317    0.2636    0.4168  -0.006   44
57856.272   -0.372653561125   -3.682598392629    0.3808    0.3764   0.316   16
57862.208    2.558673927527    0.065102406666    0.3073    0.3816   0.371   68
57864.271   -3.403797900982    1.069700411449    0.2455    0.2924   0.451   30
57876.208   -0.894523704093    0.068702406963    0.1088    0.1226  -0.136   78
57878.271    2.567587010183    1.607202000287    0.1984    0.2127   0.332   41
57882.209    0.933992701609    1.187902806521    0.2468    0.3112   0.176   22
57885.270   -0.186009014472   -0.927799200667    0.3159    0.2956   0.393   30
57904.208    0.231717569334   -1.528696797948    0.2472    0.1858   0.258   69
57906.271    0.710170825000   -0.324097190685    0.3017    0.2771   0.375   31
57911.206   -0.066840998623   -0.581698797930    0.2007    0.2257   0.244   32
57913.270   -0.203196694869   -0.563698796441    0.2778    0.3443   0.346   17
57917.207    2.670713179414   -1.912499995171    0.1609    0.1796   0.138   41
57919.271    1.140245040071    0.188200802143    0.5554    0.4146  -0.382   15
57924.209   -0.798397941817   -0.848296792810    0.1738    0.2411   0.101   57
57934.272   -0.340698138051   -2.165799597265    0.2016    0.2546   0.281   29
57938.209   -0.124258612992    0.505303204079    0.2193    0.2999   0.075   41
57945.207    3.030126863082    2.696400005675    0.2552    0.3574   0.179   26
57948.268   -2.057047021705    1.260403199410    0.1958    0.2375  -0.002   29
57955.270   -1.203645410931    7.074302411070    0.2221    0.2542   0.210   36
57959.207    0.832776342190    1.752800400823    0.1760    0.2256   0.050   92
57960.230  -14.280167128396   -0.292096791554    0.4351    0.6253  -0.167   41
57980.209   -0.113820704694    1.427803206866    0.1978    0.2352   0.079   36
57988.230   -0.160672053760   -1.733799599890    0.4311    1.2376   0.158   12
57989.249   15.158270080855    2.135700000849   20.4129    6.2803   0.986    6
57990.272    0.631361100128    3.451003207999    0.2386    0.2687   0.279   23
58003.231    1.204540696700   -0.141998400238    0.2541    0.5930  -0.566   53
58008.209   -0.277419958197    1.629601209174    0.1675    0.1828   0.126   64
58009.228   -1.294295591892   -2.538597594537    2.5288    2.0470   0.256   36
58010.244    2.281253882484    0.899301599588    0.2410    0.5282   0.103   15
58015.207   -0.390094829111    0.011203211159    0.1361    0.1945   0.193   89
58018.268   -2.032855894774   -7.704799192254    0.3789    0.3338   0.363   31
58022.209    0.009677058688    2.025302408981    0.2834    0.3429   0.183   52
58025.270    8.534260229220    2.814703209708    0.3408    0.4483   0.333   17
58029.207    4.875449004587   -1.986397197129    0.1878    0.2327   0.432   21
58030.230    0.800182347357   -2.527599595226    0.3685    0.6235   0.560   15
58033.499   -0.234898443510    0.174103202255    0.7449    0.6015   0.202   10
58037.206    1.060417751579    1.893502800954    0.1661    0.2753   0.475   45
58038.229   10.522813156499  -11.774797188480    0.5878    0.5441   0.051   57
58043.207   -2.066342135799   -0.445298390161    0.1597    0.2062   0.406   85
58044.230   -6.864380836883  -59.110696791720   19.8971  143.5125   0.985    3
58046.268    0.953725724001   -0.369899989039    0.2630    0.3300   0.339   24
58050.209    2.522006812325    1.132902002610    0.1894    0.2621   0.383   46
58053.270    0.569995682819   -2.449198795773    0.4476    0.3096   0.364   19
58060.272    2.789752838257    2.369901599764    0.2640    0.2803   0.139   24
58064.209    0.824373474288    0.580500000069    0.2768    0.2922   0.162   38
58066.247   -0.416324036015    0.139903205820    0.4021    0.7293   0.697    9
58067.270    2.469554564517   -1.462996789314    0.3073    0.3418   0.020   44
58071.207    0.181935894103    0.459403203479    0.1726    0.2569   0.381   48
58074.272    2.292837624563    0.805302001083    0.2516    0.2721   0.279   32
58079.272   -2.925598232904    2.082301205064    0.2539    0.3091   0.253   41
58082.022   -1.568281088324   -2.567599189263    0.3691    1.0998  -0.043   29
58085.500   -0.474123508132    7.870701607260    0.1726    0.5692   0.204   59
58086.497    0.058566487726    0.520801206960    0.0956    0.2670  -0.522  134
58087.498   -2.360060567779    6.618002402092    0.2686    0.7119  -0.786   37
58088.498   -0.502387755431   -0.087699588391    0.1818    0.4450  -0.582   77
58090.496    0.086959005186    2.390302803690    0.0916    0.2974  -0.306  110
58092.498   -2.233507247649    3.923802006511    0.1280    0.3619  -0.402  100
58093.499   -1.790828774147    3.736202400262    0.1842    0.5448  -0.728   63
58094.496   -0.431983938039    3.541903205928    0.0918    0.3184  -0.298   80
58096.497    0.055639201139    0.011300400615    0.0885    0.2941  -0.104  103
58098.499   -0.400535776986   -0.469299594386    0.0826    0.2568  -0.396   84
58099.496    0.788216660685   -3.132197988975    0.0869    0.3296  -0.152  103
58108.291    0.503664985794   -3.585999593270    0.4167    1.4026  -0.080    4
58121.207    0.301357497540    4.924601999790    0.2016    0.3813   0.176   19
58122.229    0.140557086775    0.038102410826    0.3163    0.6373   0.034   89
58123.270    0.309888635602    1.754200803816    0.3915    0.4574   0.315   16
58127.208    1.131970442329    0.576500409011    0.4587    0.5718  -0.292   16
58130.268    7.419990808464    1.666202408046    0.2819    0.3383   0.228   23
58134.209   -2.356748383866   -0.292698000237    0.3150    0.3591   0.303   29
58137.270   -0.840668908493    6.404101210933    0.5152    0.3569   0.044   12
58141.208   -0.919732307799    0.183502800155    0.2916    0.2553   0.178   22
58144.268   -2.152916069970    5.206201204544    0.2525    0.3193   0.270   60
58148.209   -3.484389078661   -3.907097992339    0.5096    0.6187   0.523   12
58151.270   -0.025972492893    2.772601207823    0.3947    0.4864   0.260   15
58155.208    1.374379507549   -0.172497600204    0.2581    0.3822   0.419   19
58158.272   -0.738431945877   -1.681199998416    0.4198    0.3889   0.344   14
58162.206   -0.871860355535    1.112302800266    0.2212    0.2174   0.332   33
58164.248    9.452211171056   36.948402008363    1.9089   11.4888   0.757   12
58169.208    0.537911989585   -0.317296793639    0.3010    0.4076   0.407   16
58172.272    0.633781124694    3.834403207748    0.3622    0.3161   0.503   12
58176.209    1.591708326069   -1.069397997355    0.2501    0.3296   0.230   27
58177.229-1125.844394261271  602.047800003902    1.7650    1.8348   0.037   12
58183.208    8.264097305144   -8.200198791997    0.8624    0.6567  -0.567   11
58186.272   -2.034893974747    0.787500010802    0.3026    0.4619   0.372   19
58190.206    1.243242765452   -0.134697590681    0.2214    0.2845   0.299   41
58191.229    1.573374725045    0.925300808774    0.2568    0.4934   0.445   21
58193.270   -0.800689609378    2.527801200358    0.7287    0.7449   0.417   17
58197.208   -0.404608897354   -2.198699999667    0.2663    0.3760  -0.146   39
58198.227    0.976389072558    0.376902004007    0.5518    0.4522   0.070   30
58200.272   -0.827425991459    1.327802405626    0.3616    0.4228  -0.079   15
58204.206   -0.215544326135   -0.996098397366    0.1930    0.2536   0.345   34
58205.269    0.829085166415    0.071100002685    0.3604    0.4020   0.362    9
58213.231   -0.190846024027   -0.214498793127    0.1154    0.2663   0.109  153
58214.269   -3.947439146314    2.878902006387    1.0965    1.1412   0.128    3
58218.206   -0.525051017143   -1.083297598825    0.4588    0.4419   0.113   16
58219.229   -1.289076637743   -0.389897995490    0.4450    0.5039   0.157   22
58220.248   -0.319944599307   -1.916697597437    0.3981    0.7956   0.774    8
58221.270   -0.408046398696   -0.325097990128    0.6457    1.6824   0.163    5
58233.225    2.541232572696    2.383102803094    0.9473    1.1022   0.383   34
58240.165   -3.733547915982    2.614003209089    1.2940    1.2522  -0.588    9
58247.207    0.088868728154    0.231501601888    0.2049    0.2716   0.162   47
58248.229   -3.773013873920   -5.590998000571    0.8504    1.1169   0.264    6
58249.270    0.045708554863    1.365501606188    0.3049    0.2312   0.324   14
58254.227   -1.772241672381   -3.980098797740    1.3501    3.1243  -0.569   10
58256.272   -0.586416434452    5.536501203096    0.2147    0.8462   0.194    6
58260.166    0.525943263336   -2.118398397499    0.6676    0.9234   0.322   36
58261.207   -0.389459296929   -0.988797600598    0.4700    0.8205   0.534    4
58263.270   -0.999684826874   -1.641499198968    0.3089    0.4800   0.339   11
58268.209    0.278568918400   -1.249297190498    0.3780    0.7160   0.326   20
58274.210   -0.053598081589    0.893602810947    0.3509    0.5543   0.280   20
58277.271   -1.728317523058   -2.756098798784    0.4142    0.7268  -0.304    9
58282.227    1.565735746330   -5.577699594994    0.2007    0.5113   0.274   19
58284.269    0.947614523660   -1.858499990703    0.4214    0.3722  -0.234   12
58288.206   -0.118275769656   -0.129499188972    0.2657    0.4037   0.101   21
58291.271    1.551350035092   -1.969999190976    0.2386    0.2995  -0.028   20
58298.269   -0.022534991552    0.558601203693    0.2579    0.6586   0.001    5
58303.229   -0.197721026710    0.138502802827    0.6729    0.4383   0.313   14
58305.271    0.201925543661    0.471801605784    0.6815    0.5790   0.086    7
58309.208    0.236808166478    0.171302409058    0.2147    0.3209   0.338   19
58310.227    2.096262431633   -2.782097995180    0.6121    0.5844  -0.130   19
58316.206************************************    0.1811    0.2319   0.141   33
58319.271    0.076646414316   -0.708796797255    0.5110    0.5120   0.094    6
58323.208    0.392261266089    0.289900800965    0.1663    0.2450   0.299   40
58326.269    0.741618986053    0.671201999580    0.6569    0.5755   0.511    5
58330.206    0.395698767431    0.298501204554    0.1692    0.2279   0.279   54
58331.229   -1.122800645663    1.019001599900    0.6105    0.5253   0.312   12
58332.255   -0.742890050416   -0.464799590816    0.7453    0.5674   0.180    8
58333.271    0.762751429814    3.251700003659    0.6754    0.5434   0.225   15
58338.227   -0.295753559221    0.431503204368    0.4745    0.5622   0.317   22
58344.206   -0.326309387236   -1.496498400400    0.2209    0.6425   0.129    9
58347.271    0.863714201644   -0.330497996970    0.5534    0.3738   0.532   19
58349.163    0.534984789842    0.091000806890    0.9457    0.6550  -0.578    7
58350.185    0.724813250249   -0.178498790149    0.4952    0.5439  -0.199   15
58351.208   -0.239225151467   -1.214499592095    0.2045    0.2408   0.378   52
58361.271    0.003055556748   -0.553697989858    0.5329    0.3435   0.512   23
58362.290   -4.739472213357    1.223402409778    3.1243    1.3860  -0.238    5
58365.208    0.149088311682   -0.236599194636    0.2112    0.3285   0.359   36
58366.227   -1.451530057465    2.942002801376    1.1930    1.8955   0.744    6
58372.206    1.470120285654    0.785102402290    0.6715    0.6465  -0.244   11
58379.208   -0.185627069878   -0.507599990840    0.1821    0.2510   0.147   49
58380.227    0.949017071451   -2.180699998178    0.3053    0.2928  -0.055   45
58381.250    0.542495411552   -0.173599195818    0.4144    0.3188   0.043   25
58386.206    0.238974603456   -0.481096800797    0.3765    0.4057   0.239   20
58387.207    1.876388357965   -0.980099994763    0.2403    0.2328   0.079   37
58393.208    0.797383504619   -0.254498399954    0.1964    0.2722   0.266   30
58396.269   -0.341080169490    0.302803209706    0.5326    0.3982   0.298    9
58403.271   -0.293461804814   -0.012499198476    0.3753    0.4818   0.286   32
58414.206   -0.854544404978   -0.649799996211    0.5127    0.3705   0.378   17
58417.271    0.013368234463    0.121600803027    0.2912    0.2488   0.279   57
58421.208   -0.411865931476   -0.281098792243    0.2571    0.3131   0.420   40
58422.271    0.126171375537    0.149400005967    0.3062    0.4790   0.428   23
58429.225   -1.322559752346   -1.922497195039    0.7418    1.0304   0.445    6
58431.271   -0.683941704941    1.268200801974    2.1280    1.4744  -0.244    6
58435.208    1.164179452992    0.271501208715    0.3955    0.4016   0.491   23
58436.227   -3.214733329762   -1.107997188399    1.1801    0.9239   0.617    5
58437.246    2.171252710570   -0.283899598230    1.1744    1.3100   0.527    4
58442.206    0.972697896783    9.865303211143    0.3634    1.0723   0.497   13
58443.269    0.453119421377    0.623401209054    0.5939    0.5988   0.543   14
58449.208    0.447772110223    0.961700402513    0.1858    0.3839   0.034   39
58452.269    1.189898358297    0.101102409644    0.4975    0.3904   0.431   37
58456.206    3.258021860058   -1.337598000362    0.3755    1.1481   0.514   22
58457.233   -0.877971555877   -2.164499990442    0.3250    0.3219   0.146   40
58459.271    0.508630265510    0.828000004560    0.3829    0.4181   0.164   16
58463.208   -0.531926106672   -0.074296792718    0.3663    1.8937   0.256   12
58464.227    1.123057272828    1.985803201876    0.6005    0.6585   0.267   12
58466.269    2.042025691440   -0.113896795995    0.7822    0.7598   0.345    3
58470.207    7.951024668943   13.868099999570    0.6239    1.4290   0.770   16
58471.226    0.033739828614    2.218100404150    1.0682    1.0933  -0.744    5
58480.269    0.135338132626    3.622201201381    0.5296    1.6570   0.611   11
58487.271   -0.072313540360   -1.156499996569    0.6373    0.9542   0.699    7
58491.208   -0.016295434205    0.987501600491    0.3549    0.3591   0.243   26
58494.386   -0.015021243420    0.930402008237    0.2728    0.3471   0.150   14
58501.271   -0.469796800176   -0.469799994107    0.6292    0.4571   0.440   16
58504.916    0.077410303503   -0.137296791536    0.4804    0.7858  -0.224   34
58506.209   -0.130880028087   -0.519299995005    0.2454    0.2747   0.344   26
58508.269    0.544787079113    1.697202007733    0.6101    1.9030   0.695    4
58512.207   -0.089629577763   -0.045900000600    0.2701    0.3790   0.644   15
58519.208   -0.674392916414   -0.286099195534    0.2132    0.4085   0.487   21
58522.269   -0.226367218603    0.619603210339    0.3276    0.3973   0.370   25
58526.207   -0.128970305119   -0.508798788701    0.3105    0.2997   0.223   24
58534.209    0.732452228964    0.878803206206    0.1793    0.2349   0.318   40
58540.207   -1.685664611788    0.565002009978    0.6700    0.3026   0.152   17
58543.271    0.174932447570    0.591800400684    0.2570    0.2971   0.190   64
58547.249    1.335674399220  -10.503997198441    0.0544    2.3888   0.097    3
58557.271   -0.807182754313    1.801602003582    0.4626    0.8403  -0.317   29
58561.209   -0.617354293906   -0.165797999330    0.3476    0.4261   0.048   26
58561.209   -0.071806365184   -2.254298392756    0.0743    0.2349  -0.049  167
58562.228   -0.104525590600   -0.800697594627    0.5677    0.5712  -0.139   60
58569.229    0.263801262569   -0.098596791531    0.1023    0.1224   0.194   43
58575.209    0.566558181477   -0.196099200878    0.1674    0.2163   0.189   32
58575.209    0.009166757089   -0.579697199043    0.1153    0.3926  -0.136  128
58575.249    0.468269021802   -1.358197189916    0.2335    3.7304  -0.871    3
58582.207    0.032212050240    0.709801203413    0.2556    0.4554   0.021   14
58590.228   -0.125532803778    0.032601607813    0.2506    0.6137  -0.184   48
58597.208    0.153671646804    0.245800806908    0.2324    0.4366   0.305   14
58599.271   -0.164873444289    0.805802400805    0.3425    0.3271   0.046   22
58603.209   -0.184481149253   -1.156697994986    0.2248    0.3285  -0.176   23
58603.249   -9.489639049022   56.328501607084    1.4975    7.3841  -0.921    3
58611.208    0.010059003281   -0.034397994852    0.2783    0.4364   0.251   16
58613.271   -0.259978690211   -0.575099993227    0.4120    0.3896   0.304   17
58618.228  114.568040777842  -37.545498000213   54.8780   20.5424  -0.988    6
58620.269   -0.162581776728    0.588801609069    0.1899    0.2978   0.162   67
58624.207   -0.148449653078   -0.534099599747    0.3505    0.4360  -0.071   17
58632.210    0.211599562772    0.866800800736    0.2940    0.5303  -0.329    6
58634.270    1.932152876531    1.147003209212    0.4512    0.7468   0.709    9
58648.270    0.081993638625    0.539002800792    0.2125    0.3350  -0.110   16
58653.230    1.013566402513   -0.557099991738    0.2860    0.2632  -0.276  128
58659.249   -1.196516733814    6.417802801195    1.5518    7.3229  -0.966    3
58662.270   -0.328475824214   -0.396496800192    0.1968    0.2545   0.287   48
58668.249   -3.173229205005   -0.582796799620    0.8738    1.0444  -0.114   16
58682.249    0.596603794739   -0.324597590406    0.3839    0.3362  -0.056   40
58683.271   -0.336240033512    0.032101208092    0.3306    0.2932  -0.072   22
58687.209   -0.008402867902   -0.476697593399    0.3530    0.5885   0.494   12
58688.228    3.443013310910   -1.652497198279    0.5307    0.4909  -0.582   15
58690.270    0.440133131507   -0.003600000298    0.3358    0.4366  -0.108   19
58694.207    0.028774462053    0.163702804912    0.2170    0.2502   0.062   34
58701.209    0.479220271275    0.531302400475    0.3689    0.3021  -0.008   35
58701.249   -4.037197081083 -107.476397995754    0.2236    5.1294  -0.785    3
58704.270   -0.007000320111    0.066700808077    0.2942    0.4151   0.449   34
58711.272    0.036285083763   -0.383597998166    0.3288    0.4345   0.050    8
58715.249    3.117339455856  -80.902098000024    0.1684    5.3106  -0.375    3
58722.207    0.161820927118   -0.529797594595    0.2529    0.3954   0.101    8
58729.209    0.404993881525   -0.524797191304    0.1465    0.2829  -0.129   24
58732.270   -0.214780436948    0.170200800653    0.2571    0.3044   0.154   33
58736.207    1.215870851190   -0.707997590155    0.2478    0.4465   0.184    8
58739.272    0.182828140296    0.315900010150    0.1844    0.3124  -0.037   31
58743.209   -0.117893825063   -1.176897593780    0.1995    0.3783  -0.047   11
58746.270   -0.580433591117    1.322600409992    0.2990    0.5000   0.085   32
58753.268    0.226752202774    0.056800810455    0.5628    0.4353   0.411   12
58757.209   -0.323128513060   -1.477897190227    0.2315    0.5285  -0.153  100
58758.268    0.049781675231   -0.644299193198    0.5965    0.8769   0.560    4
58767.272    0.426383039296    0.264700811670    0.2343    0.3940   0.378   12
58771.209    0.827939332635    0.775400403086    0.3162    0.3562   0.158   19
58772.228    0.746202321175   -1.864598395684    0.3196    0.6307   0.146   26
58781.272   -0.443442362689   -0.482799592305    0.5417    0.5914   0.104   13
58787.269    0.140557086775   -0.102697191551    0.3374    0.4259   0.266   16
58792.207    0.040104616543   -1.139698792940    0.2415    0.6116   0.140   14
58795.272    0.190592349594   -1.294999192680    0.2681    0.6074   0.175   12
58808.249    3.634497906696  -12.906698391646    1.5528    5.2118  -0.197    5
58813.209   -1.088296927862    0.035099999707    1.2784    0.6916   0.896   10
58813.209    0.145779080501   -0.313099191374    0.1360    0.3026   0.430   44
58813.249   -0.315489534345    7.312201199738    0.1086    0.4072  -0.711    8
58814.272   -0.364122336218   -0.146699996151    0.2716    0.4564   0.272   25
58820.207   -0.207398085398   -0.814298388718    0.2893    0.4888   0.263   26
58827.209    0.098924691858    0.139402806099    0.2908    0.4191   0.156   10
58827.209    0.325676894631   -0.141098396966    0.0968    0.2015  -0.368  188
58834.083    1.588270737882  -24.870398399912    1.5787   12.9341  -0.893    3
58837.272   -0.283787872549    0.760201207584    0.3398    1.3079  -0.104    5
58844.248   -0.537527005414    2.601302405481    0.3718    3.3449   0.747    3
58856.206    0.581836138908   -0.997199992980    0.4606    0.7949   0.436   16
58857.229   -0.511047250499    1.130601609134    0.1007    0.2896  -0.464  159
58858.270   -0.445734030250   -0.082299594339    0.3294    0.4609   0.311   14
58862.207   -0.251957766903   -1.154998797404    0.1577    0.3783   0.409   20
58865.272   -3.867483500816   -0.933897592859    0.8503    0.6559   0.322    4
58870.206   -0.016167164045    1.423501201714    0.1532    0.4019   0.140   24
58870.250   -1.239423319517   -2.622196795699    0.2975    1.6903   0.665    4
58872.270    0.028264160454    0.314002801360    0.5090    1.1911   0.743    6
58876.207    0.093959325297    0.462402007884    0.2836    0.3145   0.462   26
58877.230    0.352666951145   -2.397099594020    0.1608    0.3605   0.489   17
58879.272    0.408303112706    0.227602807001    0.3191    0.4648   0.370   11
58886.270    0.622576287632   -0.063097188274    0.3360    0.4672   0.284   12
58893.272   -0.194029937780   -0.920998790832    0.4109    0.5986   0.357   13
58897.209    2.114724302816    1.869703201862    0.6137    0.4157   0.635    7
58900.270    0.181807537098    0.761702406749    0.6779    0.8254   0.588    5
58904.208    0.954999914787    0.767401208179    0.4126    0.4226   0.385   11
58905.227    0.174807216987    0.828403202036    0.3354    0.7796   0.333   12
58907.268    0.167932127459    0.208202402519    0.3596    0.6202   0.471   10
58911.209    2.591014247927    3.521700000420    0.6519    3.3167   0.542   14
58911.250    0.531672519083   -0.881899200067    0.0874    0.4570   0.110    3
58918.208   -0.473616332956   -0.967996793122    0.8836    4.1905   0.820    5
58920.249   -1.210520500459   -0.483098399684    0.1830    0.3327   0.360   22
58925.209    0.238974603456    0.386701205457    0.4199    0.4208   0.329   14
58942.270    0.080847804845    0.740800803101    0.2486    0.3618   0.149   57
58956.270    0.008149280314    0.589600803380    0.2405    0.3324   0.281   29
58960.208   -0.656823291422    4.592602803655    0.2513    0.9067   0.820    9
58962.271    0.674396042836    0.564300005124    0.3882    0.5273   0.306   12
58981.210    0.372146299104    0.856501199564    0.4321    0.5273   0.045   24
58983.251    1.079897099537   -0.239997589802    0.8635    1.5204   0.338    7
58984.270   -0.506335558372   -0.194799594055    0.3122    0.3985   0.370   21
58989.230    0.508248320916    0.985500001605    0.1224    0.2992  -0.274   97
58991.269   -0.223183304850    0.538902004621    0.3622    0.4278   0.278   13
58995.188    0.736015047733    0.536702407317    0.2092    0.3159   0.214   60
58996.207    0.270676265252   -0.780998395555    0.4190    0.5571   0.267   15
59003.209   -0.812404748039   -0.379299599729    0.2027    0.4375   0.324   15
59009.210   -0.492967323909   -1.048899591183    0.2006    0.3726   0.149   31
59009.250   -0.179897814131    3.162801604617    0.2562    1.1092  -0.552   14
59010.229   -0.475779643511   -0.527597997291    0.1649    0.3431   0.290   31
59017.230    7.389434893604   -1.755298792716    1.5980    1.2959  -0.529    9
59023.206    0.353302483327    0.062002806089    0.2468    0.2959   0.424   23
59023.250    0.653006885065    3.065101209643    0.3179    0.9729  -0.465   10
59025.251    0.166657936673    1.511002804477    0.2558    0.4110  -0.083   24
59026.270    0.332295270149   -0.789598799145    0.6096    0.5615   0.196   14
59030.208   -0.225731599576   -0.756997191331    0.1958    0.2246   0.208   23
59032.271    0.242030160204   -0.598597191015    0.4022    0.4576   0.004   11
59037.210    0.640274269629    0.179802003686    0.1926    0.2080   0.261   33
59038.229    0.058184543133    1.328400007594    0.1202    0.4538  -0.387  122
59038.229    0.240627612413    0.528300002145    0.3337    0.4109  -0.149   46
59039.251   -0.686486960091    1.173103201779    0.4065    1.2528  -0.488   25
59040.270    0.502008850415   -0.411796791866    0.4094    0.5135   0.030   12
59051.210   -0.061493687469    0.155102401322    0.1513    0.2082   0.190   34
59058.208   -2.296275212749   -0.313397998752    0.2940    0.5491   0.070   13
59061.269    0.693747033789   -1.683496797966    0.5139    0.5249   0.136   16
59071.916   59.455398373497  -92.381399988994    1.0498    1.0089  -0.138   10
59074.250    0.197724153132   -1.002297598518    0.4569    0.8096   0.109   18
59075.269    0.071042475997   -0.816199191433    0.6682    0.6982   0.081   10
59081.230   -0.488002044194   -0.773499600371    0.5043    0.8277   0.328    8
59081.252   -0.445987704683   -0.925696792820    0.1635    0.4909  -0.086   73
59089.269    0.799546815175   -0.656899200635    0.4333    0.6427   0.071    9
59093.206    1.779373389074    0.207000010732    0.3170    0.3224   0.423   19
59093.250    0.493605982513   -1.784397589688    0.2290    0.8571  -0.545   12
59096.271    0.331277793374   -0.273398391926    0.4377    0.4467   0.199   19
59101.209   -0.699091305366    0.755503205596    0.3005    0.2876  -0.465   35
59110.271    0.205745076441    1.473901205884    0.4595    0.5513   0.338   59
59115.231   -0.067222943217    0.274500000330    0.1117    0.3021  -0.074   84
59115.340   -6.439015361207   -1.347699590326    4.1087    4.3126   0.514   11
59121.250    0.073972715317   -1.359298798320    0.2130    0.7577  -0.567    9
59122.229   -0.282513681763    1.105102799670    0.3222    0.7367   0.390   17
59137.248    0.340062605869   -0.481697996690    0.3233    0.5000  -0.161   46
59143.231   -0.311923675998    1.110902410062    0.5011    0.7873   0.612   11
59152.249   -2.902299352165    5.381902808210    0.2125    0.5498  -0.083   12
59156.270   -0.243936843594    1.478502005625    1.4243    2.0584  -0.262   26
59157.209    0.013368234463    0.901900800443    0.3233    0.4911   0.382   22
59165.248    0.693111501608   -0.763099190237    0.2622    0.5865   0.507   31
59166.271   -0.693362049619   -0.788896794290    0.6588    1.0194   0.286    4
59170.208    0.460122781065    0.404402399568    0.3855    0.3729   0.388   15
59172.250    0.184099204659    0.230500802445    0.1784    0.3702  -0.585   57
59177.166   -0.953851041429   -0.275799594363    1.5285    0.6904   0.700  147
59178.207   -0.350882458760   -0.441298799103    0.3926    0.3424   0.374   18
59180.271   -0.334968969148   -0.041198391898    1.1153    1.0927   0.264   18
59186.250    0.136994268005    2.208902411382    0.2227    0.5729   0.207   28
59191.206   -1.347640085892   -0.112899590476    0.6102    0.7770  -0.173    7
59194.249    0.272968019658    0.010702811437    0.0480    0.3589   0.051   12
59194.271    1.524103351413    0.141800401821    0.8924    0.7655   0.293   26
59199.227   -0.756640229472    0.184903203149    0.5138    1.1107   0.390   35
59206.251   -0.866259456793    1.049000400144    0.0553    0.2646  -0.081   17
59219.206    0.274239084021   -0.171496800760    0.3605    0.4155  -0.076   35
59222.249   -0.094212999730    0.661802401680    0.1396    0.7791  -0.398    7
59222.271   13.406525320053    4.200703209278   21.5108    6.5533   0.988    6
59229.269    0.177606146570   -0.155998797879    0.3454    0.4828   0.107   49
59231.585   -0.300336894343    1.325102408600    0.3296    0.3584  -0.045   56
59233.206    0.196831906940    0.883800002782    0.2386    0.3936   0.173   44
59234.229    0.182317838697   -0.136396801054    0.1887    0.2617   0.278   78
59235.456    0.249794369502    0.665503210939    0.3610    0.4931  -0.128   30
59236.249   -0.486856210413   -2.007298800777    0.3556    1.4414   0.795    5
59236.271   -1.061817172948    4.149702009215    0.6725    1.6981  -0.379    4
59242.250   -0.237190111071    1.192701604680    0.1457    0.4206  -0.298  158
59243.269   -0.343497067634   -0.315298788678    0.7022    0.7505   0.527    6
59254.208   -0.043542117884    0.690703200235    0.4163    0.4712   0.203   30
59255.202    0.519960420000   -2.565799195509    0.3677    0.4759  -0.198   24
59256.246   -0.418869291164    0.077101205420    0.3944    0.5800  -0.153   55
59257.269    1.502842550647    0.586303204386    0.6675    0.7396  -0.310    4
59264.267   -0.363486804036    0.551901602819    0.8255    0.6560   0.269   21
59268.208    0.175060804575    1.037602810072    0.2562    0.3804   0.279   22
59269.227    0.181300361922    0.296402403421    0.3220    0.4984   0.483   20
59270.250    0.066205466442   -0.360097193663    0.1224    0.2328   0.189  107
59275.207    0.021517427931    0.368701203968    0.4132    0.2837   0.282   46
59276.229   -2.523406320539    0.376801207835    0.2330    0.3588   0.157   69
59277.248   -0.203450282458    0.880200002484    0.2807    0.4013  -0.330   83
59278.271   -0.107070932594    0.855802801425    0.6922    1.3342   0.288    5
59283.227    0.719973201116    0.620600403067    0.1726    0.2807   0.116   66
59284.250    0.018208283595    0.043603201050    0.1815    0.2238   0.301   98
59289.207    0.995996777522    0.026301610490    0.3539    0.5902   0.067   15
59290.226    0.193904620352    0.446400011356    0.1902    0.2297   0.131   91
59291.248    0.093959325297    0.716202009698    0.1370    0.1911   0.077   85
59297.209   -0.110636790941   -1.206900000739    0.2528    0.3470   0.121   30
59299.269    0.242155390787    1.898802011624    0.3614    0.4335   0.095   16
59304.229   -0.727355465821   -0.697597192811    0.3836    0.6088   0.002    7
59305.248   -2.707887469792  -10.205798395191    0.1408    0.4438  -0.294    6
59305.270    0.287482001056    1.087102810970    0.4570    0.5709  -0.059   16
59313.269    0.187665149851    0.345502800769    0.5278    0.4164   0.072    8
59318.229   -0.484946400600   -3.401197199082    0.3118    0.6149   0.178   46
59320.249   -1.982567044367   -7.393499994635    0.1159    0.5483   0.399    8
59320.271   -0.058691718309    0.318002405209    0.4248    0.5414  -0.167   21
59324.209    0.317655971323   -0.794699998607    0.2466    0.3467   0.355   38
59325.217   -0.399007998612   -0.637199988773    0.1658    0.2996   0.087   39
59326.250   -0.146411573105   -0.792298796171    0.1364    0.2713  -0.026  101
59327.269    0.475654412928    1.910502003000    1.2772    1.0096   0.168    7
59334.249  -11.656690282219   18.856400409106    0.0862    0.3374  -0.659    8
59334.271    1.004781590017   -0.496997988364    1.0720    0.8668   0.299    3
59338.209   -1.657400364489    1.067601610316    0.4379    0.4884   0.265   14
59345.207    0.558283583736    1.359201608864    0.4250    0.4903   0.412   12
59348.271   -1.213194112613    0.551401203097    0.4835    0.4424   0.057    6
59352.187   -0.179259155527   -0.021297600483    0.4524    0.8163  -0.052   12
59353.209   -0.272454678482    0.422002810296    0.2301    0.2280   0.111   40
59361.249   -0.254121077458   -0.595897193989    0.1622    0.3036   0.398   46
59362.249    0.002420024566    3.873902402063    0.3056    1.1449  -0.721   15
59362.271    0.622322700044   -0.449899189903    0.3677    0.5864   0.436   19
59367.228   -0.421796577752    0.079801202446    0.1597    0.2997   0.404   39
59369.269   -0.132536163466   -0.205999198499    0.3505    0.6745   0.299    7
59373.207   -1.384689058842    0.502401601921    0.4285    0.6351   0.309    5
59375.249   -0.221912153641    2.034601210710    0.3314    1.0787  -0.414    8
59375.270    0.534474488243    0.851101205512    0.2519    0.3508   0.255   29
59380.209   -0.078171153113    0.201301209302    0.3620    0.4886   0.406   15
59381.228   -0.206634196211    0.628801203106    0.2004    0.4329   0.607   33
59387.207    0.228279981148    0.270201601893    0.6163    0.7267   0.476    6
59390.249    2.291056258600   -5.058399599989    0.9466    2.7048  -0.913    4
59394.209   -0.552551375256    0.290001609926    0.1996    0.2703   0.250   31
59403.249    1.580760116172   -1.621097995042    0.2506    0.4793  -0.147   70
59404.249    0.574707374946   -0.013499997920    0.3588    1.2798  -0.459    4
59404.271    0.747091527790   -0.184096795408    0.5104    0.6971   0.061    9
59408.209   -0.245464621968   -0.152297988620    0.3233    0.3589   0.353   11
59408.209   -0.196828867363   -0.400399189004    0.1978    0.2382   0.117  108
59410.250    0.005093636721    0.311803204056    0.6364    0.5968   0.174   19
59417.249   -0.077660851514    0.295102809389    0.1565    0.3241   0.466   48
59418.249    0.313197866784    0.270802810576    0.2841    1.1415  -0.576    6
59418.271    0.847418767439    0.321001209613    0.2421    0.4931   0.106   18
59422.209    0.748494075581   -0.114397195716    0.3131    0.3456  -0.133   24
59429.207    0.135084545038    0.090701999511    0.2448    0.3616  -0.015   54
59431.249    1.659948746061   -4.867696799238    0.6610    1.6403  -0.749    9
59437.210   -0.273346924674    0.107902806690    0.2714    0.3953   0.087   26
59438.251   -0.383348096588    1.359900007003    0.1546    0.3492   0.250   46
59446.249    2.165013153224   -9.580499990136    0.5518    2.0123  -0.914    7
59460.271    0.370108219131   -0.153496799271    0.3470    0.4548   0.163   10
59465.206   -0.181932854526   -0.072496798964    0.2925    0.6587  -0.118   19
59466.251    2.861305529007    1.385100009088    0.2553    0.3060   0.056   88
59467.270   -0.267235724333   -0.036597592157    0.4131    0.3740   0.316   12
59471.207   -0.287478961479    0.322002009057    0.2346    0.4225  -0.060   27
59473.249   -1.072765382844    0.127101606040    0.3814    0.2797   0.084   71
59474.224   -1.447074992503    7.873102809697    0.6371    1.9296  -0.534    9
59474.271    0.053347533578   -0.571399196758    0.3856    0.5418   0.477   12
59485.207   -0.178113321746    1.566201606806    0.4633    0.7012   0.037   10
59486.230   -0.704820474269    0.537202807038    0.2445    0.5581   0.345   54
59493.228   -0.160161752161    0.803401211158    0.1776    0.3723   0.331   38
59499.189    1.158832141838   -0.937299594739    0.5637    0.6732  -0.225   28
59500.208   -0.307975873058    1.145901600808    0.2728    0.3254   0.138   25
59502.272    0.712208904973    0.670402805270    0.2839    0.4143   0.080   23
59506.209   -0.341205400073    0.455302803459    0.1833    0.2801   0.204   33
59507.228    3.241980013441   -1.052798398860    0.5693    0.2750   0.348    9
59508.251    0.021263840343    0.029001607516    0.1707    0.2411   0.172   93
59509.270   -3.943744930962   11.773303202745    0.3678    0.4471   0.268   27
59513.207   -0.086574021015    1.021500004583    0.2480    0.3431   0.153   36
59514.230   -0.517158450840    0.721501207579    0.1757    0.3511   0.374   32
59516.250    0.515630672466   -0.300797991315    0.4134    1.5175  -0.740    8
59522.229    0.413268392422    0.484200008088    0.1363    0.3212   0.176   52
59523.270    0.565030403103    1.558101602939    0.2479    0.3593   0.099   37
59527.207    0.537783632579    0.716601600459    0.2579    0.3776   0.253   42
59528.230    0.008531224907   -0.342899993200    0.1627    0.3104   0.260   42
59534.209   -0.906871335358    2.380903205790    0.2691    0.3798   0.023   38
59537.270   -0.471449895978    0.006300010114    0.2255    0.3507   0.216   25
59541.189    0.394934878244    0.363002402537    0.1071    0.1922   0.228  115
59544.272   -0.701764917521   -0.501998391655    0.3180    0.5897  -0.024   16
59555.207   -0.601694391883   -0.692596789520    0.1647    0.2340   0.207   89
59557.249    0.071170746157   -0.043696796581    0.1541    0.2760   0.281   55
59558.250    0.279332807587   -1.464796795858    0.5330    2.1539  -0.904    3
59563.228    0.480748049649    0.965901611494    0.1175    0.2248   0.330   72
59564.251   -0.668917335099   -0.001699197583    0.4108    0.6656   0.124   36
59569.207    0.663444793362    0.337802400452    0.3067    0.3399   0.198   28
59571.271    0.951690683605    1.448902808932    0.3558    0.5841   0.581   35
59576.209   -0.626013788974    1.307203203282    0.5970    1.2162  -0.341   25
59578.269   -3.387884411370    1.070301607342    0.6797    0.6018   0.201   12
59583.207    0.476671889704    1.104102000227    0.2833    0.3683   0.151   26
59586.272    0.483803606397    0.827002799042    0.3195    0.3697   0.386   15
59590.209    0.001145833781   -0.319798792248    0.3096    0.3643   0.178   25
59592.284    0.516651188819    1.697000402601    0.5159    0.9277   0.653   12
59593.248    0.350246926579   -3.035397597273    0.3436    1.4976  -0.872    3
59594.585   -0.635052275903    0.646002010285    0.6345    0.9920   0.231   19
59597.083   -0.029917256256    0.073400408951    0.1497    0.3051   0.310   55
59600.250    0.288117620083   -0.008398798457    0.1092    0.2612  -0.534   22
59604.209    0.074354746755    0.139500008345    0.1888    0.3420   0.235   20
59607.248   -0.117129935876   -0.349199990524    0.4695    1.1999  -0.613    8
59607.270   -0.366160416191   -0.267796792741    0.2460    0.4033   0.252   12
59611.207    0.147560533308   -0.715499992054    0.2175    0.2894   0.256   31
59618.209   -0.104653947605    0.232700399749    0.2657    0.3422   0.051   26
59621.248    3.295327547019   -5.625496791595    0.1864    0.3134  -0.242    7
59626.230    0.075118635942   -0.247298399358    0.3718    0.3354   0.140   56
59628.250    2.580191355458   -3.786998388478    0.0911    0.5025   0.154   14
59628.272    0.268638185279    0.394300809603    0.2130    0.3112   0.226   28
59632.209    2.063668436800    1.005400805809    0.4082    0.3980   0.563   28
59633.228   -0.206634196211    0.182602809673    0.1635    0.3152   0.525   51
59635.248    2.845135325385  -10.061999988409    0.2487    1.0169  -0.850    7
59635.270    0.002420024566    0.581601608474    0.2113    0.2576   0.289   38
59642.250    0.759188611044   -1.680598789733    0.0829    0.9631  -0.463    6
59649.248    0.576360470748   -0.634298399405    0.1416    0.5473  -0.493   10
59649.270   -0.355976095481    0.250902006371    0.2439    0.2907  -0.232   37
59653.207   -0.345917092200    0.004500003570    0.2649    0.3083   0.088   32
59654.230   -0.044306007071    0.942202808574    0.2126    0.4894  -0.171   39
59655.249   -0.026608111920    0.428101202488    0.3089    0.6373   0.074   21
59661.206   -0.125150859184    0.807901201938    0.2316    0.6993   0.343   11
59670.272   -0.374309696504   -0.523097993721    0.2970    0.4486  -0.024    9
59674.209    0.394552933650    0.303202800467    0.1742    0.3015   0.188   25
59677.248    3.594264933148   -7.991099992921    0.6519    2.7691  -0.950    3
59683.249    1.268326138575   -1.485597590545    1.0727    3.2337  -0.843    3
59683.271    0.307343380453    0.411602400163    0.2007    0.4748  -0.257    9
59689.206    0.210071784398    0.637700401285    0.1878    0.3260   0.079   35
59690.251    0.124643597163    0.038502001587    0.2021    0.3884   0.050   36
59691.270    0.433640073418    1.001203203543    0.1928    0.3117   0.119   17
59695.208   -0.457446129333   -0.376099190191    0.2339    0.3977   0.228   18
59698.272  -14.409012202932    4.001900404660    9.6468   10.8467  -0.511    3
59709.208   -0.165001801294   -0.551296800211    0.2259    0.4390   0.204   15
59716.209    0.543769602337    0.176500810767    0.3093    1.3811   0.118    3
59719.248    0.809605818457   -1.262897997378    0.2090    0.3846  -0.115   37
59724.230   -0.034118733630   -0.241099198206    0.1737    0.3092   0.439   66
59726.250   -0.402955801552    3.246102011190    0.4242    1.8097  -0.855    6
59726.268    0.149470256276   -0.070199999413    0.2159    0.3023   0.335   36
59730.082   -0.490040124166   -1.444899598368    1.3100    0.8831   0.559   12
59731.207   -0.566683412060   -0.155199590779    0.3062    0.4263   0.052   23
59733.248    1.966653467910    1.239602404723    0.7362    1.7487  -0.157    6
59733.270   -0.080973122273    0.523303205568    0.3045    0.4191   0.195   20
59737.120   -0.386532010342    0.301903206434    0.2412    0.3730   0.586   41
59739.227   -0.684069975102   -0.272797196033    0.9680    0.8073   0.458   20
59740.250    1.650018099784   -1.989997197427    0.1739    1.2241   0.352    5
59740.268    0.057038709352    0.592603201710    0.5016    0.5006   0.556   18
59747.248   -5.168018650054   -1.929398401046    0.1215    0.3166   0.220    5
59747.270   -6.010850869103   18.925801201419    1.5866    5.6228  -0.902    9
59761.270   -0.451463285997    0.274402810874    0.2899    0.3913   0.217   29
59765.208    0.125153898762   -0.356097589815    0.1810    0.2364   0.172   42
59766.230    2.193023812935   -1.496797194989    0.2738    0.5226   0.275   61
59767.249    0.276787465593    1.193000399269    0.7571    3.2778  -0.900    4
59767.271   -0.289135096858    0.610401610857    0.3608    0.5082  -0.109   15
59774.251   -1.135786935532   -0.006699600874    3.8033    1.7755  -0.820    4
59775.248   -0.626902995589   -5.556297591625    0.1033    0.7159   0.219    8
59775.270    0.467761759780   -0.509497199630    0.2928    0.5111   0.125   10
59779.208    0.097271596056   -0.927097195813    0.2613    0.4495   0.067   13
59782.269    0.597367683926   -0.213796801063    0.2919    0.3793   0.131   37
59786.210   -0.605895782411   -0.036597592157    0.2948    0.5240   0.176   11
59789.270    0.245339391385    0.228002410552    0.4987    0.5721   0.124   13
59794.230   -0.332677301587    0.634802405841    0.1828    0.3359   0.526   65
59795.271    0.243683256006    0.497001607869    0.3627    0.4309   0.017   14
59800.210    5.517504640178    0.311302804334    1.9975    0.5770  -0.295   11
59803.270   -0.383476453594    0.221803209399    0.2576    0.3809  -0.157   42
59808.209   34.927931363408   -1.989899995181   21.3746    2.0669  -0.967    3
59817.270    0.408303112706    0.751003202026    0.3904    0.4695   0.095   18
59824.250    2.969650652388  -10.519999194969    0.3868    1.4320  -0.765    4
59828.206    0.241773446193    0.935402411528    0.2128    0.3238   0.107   21
59829.229   -1.633465951568    3.012300003036    0.4734    0.5622  -0.646   87
59831.249    1.468467189852    3.679603207729    1.2011    1.8758   0.867    9
59831.270   -0.841940059702    0.668401206383    0.3608    0.5072   0.215   15
59835.208    0.264690382339   -0.862797590173    0.3055    0.4232   0.173   26
59838.269    0.400028514964   -0.039599990487    0.2662    0.3257   0.118   40
59843.229   -0.533325528040    0.803800801918    0.3792    0.5244   0.640   17
59845.271    0.257943649816    0.313801209018    0.3661    0.4174   0.127   10
59849.208    0.078045835685   -0.036197988607    0.2241    0.3139   0.332   26
59852.269    0.128591400103   -0.258598799974    0.3371    0.4460  -0.040    8
59857.207   -0.936027742004   -0.597099598565    0.2782    0.4293   0.141   22
59863.084    0.911839741496    1.316001605289    0.2109    0.3039   0.419   38
59864.209   -0.067348260645    0.636300011081    0.2542    0.3412   0.407   29
59873.271   -0.262652302366    0.199900806308    0.3482    0.2963  -0.063   15
59877.208    0.102362193199    0.449301600725    0.2284    0.3719   0.154   29
59878.227   -1.425175619978    2.911201200106    1.3239    1.3365  -0.147   21
59879.272    0.520595952182   -0.127299591668    0.3269    0.3710   0.071    9
59887.271    0.388570090314   -0.148499989905    0.3610    0.3384   0.152   14
59899.229    0.344646027836    0.000000000000    0.2540    0.5279   0.339   17
59901.271    0.222676042828    0.977601602870    0.3675    0.3417   0.074   17
59905.208   -0.727483822826    0.755100008121    0.2365    0.2592   0.099   36
59908.269   -0.002798929583   -0.153399597025    0.2381    0.3221   0.090   16
59913.207    0.548096310294    1.100800807308    0.3011    0.3600   0.154   41
59915.271    0.067733244816    1.012301999026    0.2429    0.3394   0.422   18
59919.208   -0.203321925452    0.191001608130    0.2014    0.3199   0.127   70
59922.269    0.457574486338    0.421002010853    0.6087    0.4286   0.399   13
59926.206   -0.022153046958   -0.129999588694    0.2209    0.4788  -0.235   20
59928.270   -0.082372543642    0.573299999473    0.1816    0.3624   0.102   16
59935.272    0.546443214492   -0.663497992548    0.2581    0.3844   0.001   11
59949.268   -1.073529272031   -1.430499597177    0.4912    0.7470   0.336   16
59954.206    1.050740692891    0.011700004166    0.3839    0.3160   0.354   32
59957.271   -0.983771337262    0.516700806941    0.9464    0.5332   0.384    9
59962.227    0.301614124706    0.327301206937    0.2138    0.2629   0.256   48
59963.250    3.854243623359    2.010600006486    0.2197    0.3374   0.446   45
59964.269   -2.217211813444    0.577000808732    0.6523    0.4729   0.131    7
59975.208   -0.316253510377   -0.515098798815    0.4296    0.6416   0.246   15
59977.250    1.930496741152    3.074803208847    0.2944    0.6614   0.218   32
59982.206    1.974802748224    1.032501610609    2.2870    0.7153   0.727    9
59989.208   -0.097140199473    0.393101998952    0.2068    0.2949   0.354   50
59996.206    1.120512017679    1.887501611009    0.2823    0.3659   0.407   11
60032.227   -0.502387755431   -0.468097189810    0.4974    0.6880  -0.115   19
60040.248    1.002871867050   -3.172499997106    0.0841    0.4330   0.231    6
60048.269    0.407921168113   -1.761998393590    0.4052    2.3601   0.300    3
60059.208    2.459367204230    0.297601201282    0.4586    0.6317   0.288    6
60069.271    2.542250136316    0.805802400805    0.7302    0.6118   0.457   13
60081.229    0.413650337015   -0.012099594926    0.1925    0.3542   0.441   16
60082.248   -1.293785290293   -0.683398796752    0.4384    0.5953   0.386   30
60087.208   12.308805007936    4.632400805349    3.9886    1.4977   0.886    3
60090.269   -0.413904011449    0.537400805456    0.4299    0.3999  -0.015   10
60096.270   -1.183148499352    1.454101210641    1.3230    0.6045  -0.239    4
60102.228   -0.754730506505   -1.868896794122    0.2383    0.5939   0.104   13
60104.269  -41.498462284884   -9.896497189743    7.4456    2.0413   0.820    3
60118.269    0.875044356134    1.849701601486    0.7209    1.2978   0.392    4
60122.207   -0.476925477292    0.969102008241    0.3890    0.6171  -0.045    9
60159.250    0.318801805103    3.196900804880    0.3611    0.5466   0.644   19
60160.269   -0.445859347678   -1.477598395638    0.4919    0.4698   0.267   16
60164.207   -1.670768598952   -0.918597588395    0.3251    0.6149   0.087   10
60167.271    0.341718741249    0.227401201869    0.6813    0.7170   0.558    6
60181.271    0.382969191572    2.416201203914    0.7481    1.0180   0.627    4
60185.209   -0.653003845487   -0.434397593096    0.3718    0.5527   0.360   25
60188.269   -0.058181503556    0.742903210948    0.5725    0.4999   0.420   13
60193.208   -0.351392760359    0.670600803687    0.3836    0.5130  -0.139   16
60195.271   -0.341715701671    1.339502409792    0.9449    0.6628   0.499    6
60202.270   -5.057507089696   -1.263999592993    0.4573    0.6494   0.135    8
60207.230    1.341660282133   -0.595699195571    0.1886    0.3579  -0.001   18
60208.249    2.246621894524   10.818702004656    0.1428    0.6600  -0.257   11
60208.271    0.799164870582   -1.313197192587    0.6600    0.7844  -0.457    4
60220.207   -0.557898599565   -0.277898395495    0.3544    0.4419   0.188   28
60223.271    0.062767878255    0.493603199914    0.5422    0.7852   0.677    7
60230.251    0.626270502984    5.923101599592    0.0966    0.4280  -0.344   21
60230.270   -0.033736789036    0.460702810301    0.6703    0.6211  -0.274    5
60236.230    0.090521823956   -0.286898389845    0.1464    0.2780   0.244   48
60237.271    0.503918573383   -0.579697199043    0.4894    0.5989   0.103   16
60241.209   -0.229422775351   -0.726598800327    0.3511    0.3494   0.370   33
60244.251    8.745224259809  -12.844598396100    0.1551    1.2716  -0.352    4
60251.250    0.917315322810   -0.948099595632    0.1296    0.4661  -0.483   26
60255.209    1.033299424905    0.131500800649    0.6296    0.6805   0.441   11
60256.228    0.365524884009    0.037900805694    0.2190    0.4298   0.228   20
60262.207    0.203835266628    0.603201610261    0.4627    0.6674   0.552   17
60265.271   -0.547075707096    0.003502810841    0.2985    0.3393   0.262   18
60272.270    0.329750015000   -3.334399188759    0.4849    0.6626   0.169   12
60276.207   -4.085194263929   -1.157299190879    0.8846    0.8724   0.479   19
