%-----------------------------------------------------------------------------
%                R.A. (mas)        Dec. (mas)        Err. (mas)     Corr. Del.
% Uncertainty in R.A. is in R.A. cos(Dec.)!!!!
%-----------------------------------------------------------------------------
46840.289    0.347198422785    1.919800804728    1.5430    2.8565  -0.458    8
49790.168   -0.147750849560   -0.020800794687    0.4504    0.6047  -0.088   29
50057.250    0.347759512419   -0.367300800974    0.3966    0.8319  -0.391   12
50078.252   -0.301417543838   -0.008701199761    0.3195    0.4862   0.124   10
50085.250   -0.080284624854   -0.735199191126    0.3850    0.6477  -0.034   10
50092.252   -0.370154674997   -1.867201203254    0.4173    0.8957   0.173   12
50099.254    0.398888228906   -0.265201198602    0.3253    0.6333  -0.131   13
50134.252    0.669182399731   -0.197100000321    0.4419    0.7929  -0.129    5
50148.252   -0.495652363773   -0.836499599188    0.4156    0.6829  -0.297    8
50162.252   -1.532873438825    1.775800805603    0.6440    1.5944  -0.630    4
50168.169   -0.012676590507   -1.952499601998    0.8704    2.0981  -0.465    7
50169.250   -0.055070179016    0.596098799122    0.5627    0.6441  -0.127    4
50176.252    0.302265903680    0.091900797372    0.4786    1.0704  -0.162    5
50183.250   -0.110285818598   -0.174398402919    0.3599    1.1536  -0.236    6
50190.252    0.380718532446    0.709401599863    0.4650    1.3990   0.247    4
50197.250    0.816368700885   -1.217498396500    0.3142    0.7993  -0.041   14
50246.252    0.432411797339   -1.284800400470    0.5662    0.9875  -0.137    3
50253.254   -0.151411959425    0.877701597801    0.3813    0.9681  -0.110   12
50260.252   -0.078594438407   -0.942199201859    0.4482    0.7062  -0.297    7
50274.252    0.000987095018   -0.194198398162    0.3284    0.7870  -0.008   10
50281.250   -0.295785702708   -2.151899995795    0.6015    0.8727  -0.138    4
50288.252   -1.419349056973    3.692501996966    0.5786    1.1144  -0.486    5
50316.252    0.280857836119   -0.384199194059    0.3800    0.5690  -0.326    6
50330.252    0.316913225451   -1.009900796589    0.4719    0.9063  -0.238    7
50344.252    0.083665189902   -1.381201201411    0.3934    0.6901  -0.183    7
50351.254    0.104089621216    0.669301196865    0.3515    0.7951  -0.034   10
50358.252   -0.308039746604   -1.514699994232    0.5257    1.0548   0.283    3
50372.252   -0.305504466933   -0.224899203261    0.3629    0.5936  -0.034    8
50386.252    0.274800181760    1.276498804259    0.5192    0.9539  -0.310    6
50393.251   -0.052818902934   -0.169498795799    0.3747    0.7671  -0.145    7
50400.252    1.365685060816   -0.179701194725    0.5014    0.8996   0.152    7
50414.253    0.218881450749   -1.557100803495    0.3568    0.7796  -0.121    8
50428.249    1.062577330530    1.129500000729    7.6323    7.2567   0.995    3
50441.084   -0.357478276644   -0.495799203293    0.7081    1.0943   0.306    3
50448.254   -0.274938724783   -0.122000393787    0.5263    1.0062  -0.092    5
50456.253   -0.256627026528    0.013798805298    0.6034    0.9718   0.428    3
50463.254    0.790734975053    0.022798799648    0.3611    0.6836   0.099    5
50470.253   -0.661008553541   -0.675900001568    0.5919    0.8595   0.492   11
50498.253    0.464948078600   -0.197600400043    0.6174    0.7646   0.037    6
50512.253   -0.311700664315   -1.019300394489    0.4354    0.9555  -0.064    6
50526.253   -0.227471118161    0.883198806889    0.4192    1.2797  -0.632    5
50539.172   -0.428747420856    2.749899597632    0.1379    0.2775  -0.281  138
50554.253    0.670450039566   -1.560301200243    0.4424    1.0765  -0.394    7
50568.253    0.311562121293    0.527399998873    0.3982    0.6602   0.046    4
50588.082    1.104409829404    1.056801596633    0.0739    0.2104   0.013  272
50596.253   -0.161130531496   -0.365799601809    0.4218    0.7071   0.107    8
50610.253   -0.595232515282   -1.808297997741    0.9534    4.6936  -0.859    5
50631.755   -0.248460097881    0.593600407228    0.4716    1.1190  -0.491   90
50638.253    0.352407525149   -2.619298800255    0.8572    3.4076  -0.877    4
50652.253   -0.826087272955   11.642698798653    0.8216    5.0319  -0.786    3
50654.331    0.605377092737    1.811699999621    0.0765    0.2311  -0.268  237
50666.253    0.566782964962   -1.047700793322    0.7091    3.2769  -0.822    6
50680.253    0.122259317676    0.385999200603    0.7545    2.9695  -0.715    5
50687.836    0.083103908113   -0.222400798577    0.2245    0.4813   0.086   81
50694.253    0.059863652312    3.027801599842    1.2310    3.8959  -0.825    4
50700.090    0.028172272120   -0.384300003020    0.1231    0.4898   0.029  206
50708.253    0.062960021617    1.903201206233    0.8961    4.2039  -0.752    5
50722.250   -0.361561740967    4.414100406791    0.9065    3.5898  -0.725    6
50736.253    1.083985590244   -0.335599196433    1.4807    5.1895  -0.901    3
50742.167    0.287196227450    0.162100796786    0.4347    0.8777   0.375   11
50750.253    0.786932055547   -2.203801199130    0.6043    2.4538  -0.702    4
50765.338   -0.353391353549    1.688101204422    0.7388    0.7961  -0.060    9
50778.253   -1.048349288753    6.289401601123    0.7656    4.2298  -0.846    4
50792.250    0.499455283279   -2.579598000807    0.9521    3.8724  -0.859    3
50800.340   -0.234654410561    0.071398797274    0.0648    0.1385  -0.105  252
50806.166    0.144231933643    0.335098796711    0.5785    2.7641  -0.861    6
50820.250    0.700731585974   -1.714499991579    0.5125    2.3457  -0.689    7
50827.252   -0.509454592321    0.870598799452    0.6910    3.0507  -0.844    5
50834.254    0.631713909998   -0.759200395350    0.4193    1.6433  -0.685    7
50841.252   -1.754432171039   -0.256697997258    1.1652    0.6420   0.296    9
50854.079   -0.000280544817   -2.237799603222    0.1113    1.0609  -0.140  159
50862.254    0.286773488684   -0.539298001456    0.3096    0.8094  -0.047   11
50869.252   -0.704815242451   -0.813301195990    1.0529    0.7870   0.264   10
50876.254   -0.117046564386    0.049399204727    0.3227    0.7085  -0.239   18
50883.252    0.409593895995    0.513100806643    0.8994    0.7374   0.316   10
50884.271    0.371986863239    1.092099607547    0.4205    0.8427   0.038   13
50890.254    0.480301950572    1.047099597429    0.5116    1.0138   0.044    6
50897.252    0.201979394124    0.780199201245    0.5706    0.7430   0.388   14
50904.254    0.177755309922   -0.386297995192    0.8309    2.0921  -0.718    4
50911.252    0.527766290576    0.557200800699    0.3955    0.6865   0.213   12
50912.271   -0.082678094884    0.163501199779    0.2374    0.5806   0.275   10
50918.254    0.228177668362    0.722401198061    0.6025    0.9212   0.358    7
50919.324    0.738196809090    1.479801599658    0.0733    0.2329  -0.370  186
50925.252    0.335647470318   -0.156398401430    1.1394    0.7417   0.396    9
50932.254   -0.367619395327    0.606301198047    0.5568    1.7840  -0.670    8
50939.252    0.288602410308   -0.476398798810    0.9329    0.7957   0.526    9
50946.254    0.189444805411   -0.377701198317    0.3528    0.9310  -0.020   12
50953.252    0.604670542536    1.538499606113    0.8959    0.8689   0.458    9
50954.271    1.186945922494    0.308501998347    0.3159    0.6685   0.312   18
50960.254   -0.225358385102    1.078801201970    0.3255    0.9379  -0.129   13
50967.252   -3.538723341874   -2.726398793129    2.1998    0.8666   0.454   10
50974.254    0.611431480478    1.352800802579    0.3088    0.4786   0.160   15
50981.252    1.595414372602    0.819799204521    0.9118    0.9773   0.658   11
50988.254    0.537907601413   -0.564001197745    0.4008    0.5081  -0.080    8
50989.324    1.435125475558    1.585198801024    0.1436    0.4463  -0.151   69
50995.252    2.158532961081    5.236002006370    8.1310   19.9278   0.948    4
50996.271   -4.850886408326   -3.749000393327    2.8584    2.4416   0.931    7
51002.254   -0.648896511440    1.036400405496    0.3526    0.5348   0.142   17
51009.252    1.355405206956   -0.179701194725    0.9203    0.8402   0.566   12
51016.250   -0.130426246323    0.741801602544    0.4434    0.7651  -0.210   13
51023.252    0.394240216177   -0.615999603326    1.0923    0.7677   0.399   10
51030.254   -0.558751120567   -1.680901191037    0.3258    0.7752  -0.104   13
51036.087    0.985811621593   -1.686898799846    0.0579    0.1688  -0.307  180
51037.252    1.344418995050    1.876100401432    1.1654    0.8882   0.354   10
51044.254   -0.141270648589   -1.411599592416    0.3933    0.7458   0.205   13
51051.249    1.446253689258    0.520999205378    1.1244    1.0308   0.252   10
51052.271   -0.290008593166   -1.239598798009    0.4069    0.7956   0.265   18
51058.254    0.662560004811   -0.807497991673    0.3568    0.8106  -0.121   15
51065.252    0.726365311806   -0.467200793253    0.6444    0.7639   0.395   12
51072.250   -0.605373633965   -0.227599200286    0.5024    0.6596   0.552   12
51079.249   -1.117225155088   -0.208998002904    0.7358    0.7455   0.268    9
51086.254    0.129723154894    0.171601203647    0.2933    0.5454  -0.092    8
51088.084   -0.225219649926    1.217300398082    0.0859    0.2723   0.098  190
51093.252    1.439350941675    4.267400397850    2.5550    2.0771   0.547    7
51100.250   -0.290292596755    2.600899208005    0.4326    0.8554  -0.234    6
51107.252   -8.473416749743  -15.928700393886    4.4356    9.8944   0.934    5
51114.251   -0.190851180423   -0.028299602661    0.3690    0.6660  -0.089    8
51122.268   -0.109440725374    0.679500001866    0.2916    0.8171   0.260   10
51123.353    0.526360107718   -0.568400392353    0.4685    1.6005   0.513   15
51128.251   -0.248598640904    1.268499596563    0.3519    0.7630  -0.093   10
51130.457   -0.111130911822   -0.194400003295    0.3554    0.7789   0.488    8
51135.249    0.057889462276    1.358899207560    0.9922    0.9397   0.329    6
51135.252   -0.108453630356    0.262198800272    0.4462    0.6523  -0.216    6
51142.251   -0.315081037210   -1.096801203460    0.3989    0.5818   0.126    6
51149.249    0.782003498000   -0.229201195623    0.6571    0.8403   0.302    8
51156.251    0.131835887953    1.184500804641    0.3211    0.5795  -0.014   10
51163.249   -1.814150362785   -0.668700000972    1.5375    0.9269   0.376    5
51169.166    0.772142731980   -3.192901201032    0.0621    0.1872  -0.045  212
51170.251   -0.759462874855    0.460299600036    0.2761    0.6167   0.019   12
51177.249    0.775523297029    1.175400001330    0.5844    1.3656   0.175    4
51191.253   -0.041267950468    0.023900408053    0.2551    0.6533   0.059    8
51198.251   -0.213949434430    0.491900408406    0.2374    0.5969   0.031   21
51205.249   -8.727227951783  -21.374899201021    5.5745   12.2341   0.959    3
51206.272    0.206488863831    1.597100397532    0.4718    2.0290   0.446   11
51211.086   -0.726223310011   -1.618099203426    0.9476    4.2538   0.901    5
51212.251    0.170288013932    0.873799208989    0.4300    0.9382   0.069    9
51226.251   -0.343392044507   -0.586400393843    0.6471    0.8023  -0.576    7
51233.249    0.286773488684    0.396601203079    1.2071    1.3697   0.239    6
51240.251   -0.314377945781   -0.218401194729    0.2915    0.7632  -0.027   13
51246.084   -0.071411146006    0.308300406004    0.0842    0.2737  -0.132  151
51254.251   -0.019014789684   -0.493498797027    0.2848    0.6132  -0.358   10
51261.249   -0.331841284194    7.978499998273    4.0790    9.7923   0.942    4
51268.251    0.145357571684    0.566802003732    0.3724    0.8228  -0.244   12
51275.249   -4.898773294942   -0.314398798196    3.8092    1.0065   0.496    6
51276.268    0.029439911956    0.025099205914    0.3966    0.5470   0.103   15
51282.251    0.153527959102   -0.978001193630    0.9320    1.0981   0.706    7
51284.084   -0.086903561002   -0.123699591370    0.0978    0.2665  -0.221  111
51289.249   -4.487350477323    0.411001204270    5.5670    1.3754   0.465    3
51290.268    0.136906639448    0.896201999012    0.3251    0.8379   0.154   20
51296.251   -0.136764637653    0.961002004374    0.6889    1.0606  -0.071    5
51303.249   -6.424044161373   -9.052498795370    6.5776   15.4860   0.922    3
51309.086   -0.123946045352    0.279000003900    0.0975    0.2809   0.101  117
51310.251   -0.391843479529    0.148201208106    0.2904    0.6242  -0.184   14
51324.251   -0.224513291879    0.321901200095    0.3540    0.6789  -0.064   11
51331.249   11.036473047478   38.371600808773    8.5395   19.3742   0.908    3
51338.251    0.765381986192    0.000000000000    0.6627    0.8105  -0.362    3
51345.249   -0.200711754288    4.350700804423   11.6846   23.7451   0.984    3
51351.086   -0.512131873787    0.881899200067    0.2802    0.4709   0.320  227
51352.251   -0.674530045118    0.205599607739    0.2649    0.4560  -0.035   26
51359.249   -4.803276799910    1.824598801647    3.0421    2.0482   0.382   10
51366.251   -0.475085930665   -0.011599195204    0.4006    0.7029   0.171   11
51373.249    4.934974144840    2.041200002623    9.0274    0.8154   0.761    4
51380.251   -0.513822060234    0.285699604774    0.4559    0.8053  -0.136   10
51387.249    4.397350547016   -1.545901199052    2.5826    1.4456   0.281   12
51388.268   -0.319871243888   -1.835398802541    0.6290    2.1338   0.028   21
51393.082    0.140993370389   -0.957700798665    0.1114    0.5163   0.224  186
51394.251    0.244940989810    1.057399198601    0.3177    0.6851  -0.040    9
51401.249    0.848202082870   -0.414799202986    0.9868    5.7948   0.673    9
51408.251   -0.004786747906    0.419900402449    0.3475    0.6865  -0.030   15
51415.249   -0.594106877241    6.319501197538    0.6862    3.5567   0.204   12
51422.251   -0.206485597213    1.151802007371    0.2647    0.6553   0.006   21
51429.249   -0.595090513488    2.238699606494    0.6858    1.6522  -0.274   22
51436.251    0.281418925754    1.051700397170    0.3255    0.7300   0.043   12
51443.249   -0.450016945393    0.596300404254    0.4595    0.8456   0.013    7
51449.166   -0.534949582977    9.710802005714    0.3153    1.2826   0.029    5
51450.251    0.785383870894    0.068101198281    0.2836    0.6501   0.002   25
51457.249   -0.117469110998    0.798501604038    0.7593    1.2537   0.365    6
51464.251   -0.182964604440    1.087700400149    0.2476    0.6188   0.050   16
51471.250    1.104548564581    8.347701601963    0.8475    1.7799   0.434   15
51478.251    0.526782654330   -0.121399197894    0.3145    0.7566  -0.124   21
51484.084    0.812004499590    2.548602007835    0.9768    0.8017   0.172   12
51485.250   -0.448326758946    1.263898796822    0.6354    1.2181   0.212   18
51486.272    0.125781692365    0.804898803608    0.3277    0.6604   0.426   43
51487.291   -1.739220300861   -0.818999997421    0.3501    0.4129   0.212    7
51492.251    0.152963410696    0.624200403365    0.2801    0.6803  -0.016    9
51499.250    0.299730624009    2.054098804649    0.5252    1.1372   0.076   11
51506.251    0.121694769270    0.439401603103    0.5722    0.7757   0.193    7
51513.246   -0.168175280874   -0.156398401430    0.5270    0.7338   0.144   14
51520.251    0.016056963402    0.061099208892    0.3122    0.5137   0.266   17
51527.250   -0.492552535696    2.685499208610    0.6114    0.7172   0.028   12
51533.086   -0.161837081697   -0.742798795272    0.0762    0.1771  -0.257  182
51534.251    0.422270486502   -0.110998800551    0.4226    0.6130  -0.122    6
51569.250    1.085253230080   -0.550699198243    0.5783    1.3528   0.164    9
51569.250   -0.505229126204   -0.188798391321    0.2794    0.7000   0.045   10
51575.072   -1.215256929791    0.026600405079    0.1985    0.3278   0.255  192
51576.252    0.339308580184    0.265798800569    0.3903    0.6483   0.114   12
51583.250    0.416777380549    8.830900797818    0.5174    3.9695   0.411    6
51590.252   -0.421986482913    0.006199201152    0.4348    0.6797   0.318    8
51602.710   92.346567799384   40.054899608322    3.4262    2.8403  -0.124   27
51604.252   -0.389450201653    0.835200005156    0.4071    0.6866  -0.065   16
51617.079    0.049299794863    0.524300398297    0.0816    0.2298  -0.329   96
51618.252    0.558473842367   -0.186699602978    0.7197    0.8089   0.532    8
51625.250    0.034088116839   -0.880898400624    0.3386    0.3122   0.273   11
51632.252   -0.243528081563    1.995001207433    0.4187    0.9175  -0.398   11
51639.250    0.481992137020   -1.634900394265    0.5282    1.2687   0.013    7
51653.246    0.028594818732   -0.917200792117    0.5511    0.3446   0.248    8
51674.252   -0.295643700914   -0.876700798358    0.3282    0.9173  -0.086   15
51675.267    0.465651362183    1.930201202072    1.2363    1.2697   0.565    8
51687.087   -0.024365893843   -3.083399992931    0.0762    0.2245   0.100  104
51688.252   -0.036055389332    0.822898805097    0.4764    0.8390  -0.089    4
51702.248   -0.287192768678   -0.966499200672    0.7050    1.2283  -0.411    6
51715.708   68.279045475648  -27.094798801386   34.7409   26.3790  -0.909    3
51716.252   -0.112679096474    0.075099606534    0.3367    0.7781  -0.151   13
51723.246   -0.736929169254   -0.404899192574    0.6238    0.4814   0.463    9
51723.250   -0.095496495032   -0.281498395793    0.3951    1.1697  -0.093    4
51731.249    0.312265212722   -0.867599995047    0.5936    0.9046  -0.261    5
51732.286   -0.498187643444   -0.165898795501    0.1042    0.2563  -0.021  163
51736.227   -0.983556886740   -0.959198391115    0.8968    0.4765   0.143    5
51738.266    0.592558500435    0.098802003379    0.3592    1.4190  -0.295   20
51744.252    0.377621970987    0.354401998948    0.3294    0.5681   0.036    9
51758.252    0.202263397713   -0.270100792932    0.3920    0.7472  -0.061    9
51766.583    0.606502730778    2.652199202657    2.2039    8.1280   0.511    4
51772.252   -0.140848101977   -1.293400791269    0.6557    0.8386   0.040    7
51778.224    0.774536202011   -0.742798795272    0.6452    0.4145   0.057    8
51780.273   -0.015350413201    2.950599598250    0.3172    2.1465  -0.268    5
51786.252   -1.158635107351    0.880700402206    0.7178    1.3023   0.024    3
51794.708   78.311956292911  -42.104599192783    6.8438    6.1047  -0.128   44
51800.252    0.178036046893    1.384300801988    1.6142    4.8196  -0.946    3
51806.228   -7.904801596539   -1.750100391007    5.1765    0.7674   0.731    4
51808.266   -0.211698158349    8.420601598402    0.5372    1.9505  -0.429    8
51808.478   -8.001988470171 -111.101500799293    0.8112    6.5165   0.443    3
51813.226   -0.877919080872   -0.967798794704    0.6631    0.5257   0.315   10
51814.252   -0.580443191716    0.226000798875    0.5910    0.6125  -0.133    4
51820.166    0.072398241024    7.787199608345    0.3628    1.4789   0.610    8
51834.162    1.069196266678    2.435202004847    0.4164    0.5778   0.297   10
51836.266   -0.107327992316    2.845000804541    0.4237    2.1842   0.070   12
51841.083    0.295785702708   -3.097997992541    0.0841    0.1662  -0.209   99
51842.252   -0.002393277876    0.262000801854    0.4067    0.7123   0.096    8
51848.228   -0.396633494053   -1.263398397100    0.4926    0.5397   0.199    7
51850.266   -2.667423004996   -2.636798402023    2.3296    3.1429   0.542   12
51851.288    0.006338199177    1.185400807913    0.3360    1.4694   0.067    8
51861.709  -51.521369319212   39.974000404186    5.4811    3.3552   0.010   22
51870.249    0.007747840807    0.552200397408    0.3707    0.6086   0.033    7
51876.228   -0.503680941551   -1.586599191228    0.6389    0.4266   0.196    8
51883.083   -0.128313513264    0.664700397124    0.0687    0.1872  -0.243  123
51884.252    3.977615340184   -3.678098401849    3.4883    3.3816  -0.985    3
51890.228   -0.178597136527   -1.077598797394    1.1289    0.7380   0.038   11
51892.266    1.161170387021    0.800701201342    0.4171    1.5284  -0.102   22
51898.249    0.734113152612   -0.698399993837    0.4523    0.5984   0.279    8
51926.249    0.885950925267   -0.532098000861    0.6996    0.9787  -0.484    3
51932.224    3.951417065946    2.356199996711    0.3436    0.5217   0.199    4
51934.266    0.901301530622   -0.876398397054    0.6886    2.0651  -0.184   21
51939.084   -0.210288516719   -0.081500400029    0.1209    0.2817   0.069  136
51946.224    0.807495029883   -1.263099602511    0.3571    0.4890   0.110    5
51948.266   -1.767811660821    1.432101605303    0.3121    0.9917  -0.457   11
51954.249    0.168175280874   -1.101301194240    0.3779    0.6140  -0.110    7
51959.709  -66.589963337484  301.948700398214    3.9361    7.7501  -0.622   44
51962.266   -0.698193039686    3.316701601364    0.3144    1.1450  -0.403   12
51974.224    0.383253812116    5.431899602115    0.3106    1.4613  -0.355    7
51976.266   -0.722562392300   -2.573099992276    0.5621    1.5630  -0.101   21
51981.080   -0.053241449546    0.585500403361    0.0829    0.2259  -0.188  148
51990.266   -0.357336274849   -3.923600401379    0.4186    1.1490  -0.258   23
51995.223   -0.016337508219   -0.398998798801    0.5143    0.6091   0.246    7
51996.274    0.315507042593   -1.050998392316    0.5807    0.6087   0.447    6
51997.264   -0.000138543023   -0.678797997011    0.5442    0.6204   0.022    5
52004.266    0.547345628667   -0.632998792582    0.6708    1.4867   0.032   24
52009.168    0.154515054120   -0.110800802133    0.0684    0.1864  -0.217  147
52010.249   -0.319448697276    0.182199599408    0.3778    0.5798  -0.063    7
52016.228    0.035355756675    4.703202000655    0.2696    1.4789  -0.318    9
52018.266    0.276912914819    3.634999207236    0.7390    2.0627  -0.346   21
52024.249    0.100709056168   -0.683100002163    0.3441    0.5194   0.155    8
52031.247   -0.028027003708   -0.032598001098    0.4468    0.8859   0.045    5
52032.266   -0.102395975997    3.493400397758    0.5433    1.8261  -0.402   17
52037.226    5.874024517859   21.295699207258    0.6524    2.9829   0.315    4
52038.245   -0.242121706551   -0.238798791941    0.4344    0.4892   0.013    8
52039.272   -0.695377023044    1.695099599885    0.0742    0.1827  -0.233  116
52044.228  -14.283494150966   51.015801605558    1.1824    3.6647  -0.841    5
52045.247    1.910495409812    0.305999999739    0.2961    0.5444  -0.448   12
52046.266    0.703267057799    0.067201207798    0.5044    1.7170  -0.486   22
52051.226   -0.059295837288   -0.068101198281    0.2757    0.6462  -0.030   20
52052.245   -3.843663260401   -6.482599199842    0.3902    0.6939   0.300    5
52059.247    0.631575174821   -1.108097997360    0.3606    0.6256  -0.060   10
52060.266   -0.860030121382    5.130201607528    0.5795    2.9375  -0.751    5
52066.245   -0.938202013177   -1.440899994520    0.6492    0.8186   0.544    4
52067.286   -1.112293138770  -28.503197997054    0.8714    4.5524   0.684    3
52072.228   -0.105073257462    0.259300804828    0.3478    0.6466   0.142   15
52073.247   -0.304939918527   -0.626900400391    0.4040    0.5026  -0.073    7
52074.266    0.351562431925   -0.095198396366    0.6010    3.4429  -0.842    4
52074.708  -66.500101950200   -0.224899203261    5.5209    4.0021   0.396   35
52080.249    4.487634480912   -4.530301202976    5.2868    5.1253  -0.991    3
52081.264   -0.062395665365   -1.186398000641    0.2192    0.6102  -0.150   30
52086.225    0.055354182605    1.289501996382    1.9250    5.9330  -0.885    6
52087.247    0.014789323566   -0.322199994685    0.3847    0.6189  -0.234    6
52088.266   -0.243670083357    1.160899203967    0.7001    2.3283  -0.054   25
52093.248    0.108034542516   -2.053997995688    0.3742    0.5922  -0.202    6
52094.267   -3.281812311757   -1.376798400088   12.8392   10.9954   0.997    3
52096.083    0.092961215361   -1.467298794466    0.0885    0.2511   0.019  130
52100.225   -0.719320562428   -5.280598793433    1.9211    6.2399  -0.898    6
52101.247    0.266349249524   -1.026601191256    0.5818    0.6629  -0.285    4
52102.266    1.873733470279    0.216000005082    1.1821    2.7038  -0.052   14
52107.226    2.552492440286  -14.315198396275    4.6412    2.1060   0.002    6
52109.268    0.371141770015   -0.967201192736    0.4871    0.5823   0.275    6
52115.251    0.216488172873   -0.082699197890    0.5270    0.8422  -0.355    4
52116.263   -0.993840199371    1.324699198335    0.6035    1.8524  -0.291   15
52122.249   -0.260007591576   -0.798699602456    0.5148    0.6626   0.564    6
52123.265    0.193105915276    0.045601206011    0.5426    0.4967   0.321    4
52129.251   -0.016760054831   -0.919198797078    0.3661    0.6647  -0.101   11
52130.266   -2.604462791225    1.344301207951    0.9206    2.2198  -0.192   12
52135.223    0.983276341923    5.452300806041    0.8326   10.6370   0.524    4
52136.249    0.602135262865   -0.518101197144    0.4091    0.5586   0.023    6
52137.268    1.534424890095    0.595400400982    0.4895    0.5438   0.082    4
52142.228   -1.697103798398   -0.211399192551    0.6121    0.8363   0.024   10
52143.251   -0.093522304996    0.194202004877    0.4559    0.7621  -0.642    9
52144.266   -0.861581572653    2.850800402143    0.6073    1.9712  -0.508   11
52149.227   -0.011689495489   -2.287598398709    0.2299    0.5445  -0.122   28
52150.249    0.601009624824   -0.781599591448    0.5732    0.5840   0.196    3
52151.268   -0.595935606711    0.350200802757    0.4687    0.6914   0.125    4
52157.251    0.086484281008    1.478998798632    0.4014    0.7906  -0.234    5
52158.266   -1.275962216554   -0.633600001265    0.6475    3.3913   0.084   11
52163.227    1.150467986550   -6.856599601690    0.4312    3.4563  -0.034    5
52164.249    1.772179320888    0.145400402118    0.6011    0.9760   0.722    4
52165.265   -0.004225466118   -0.495197994610    0.5004    0.6885  -0.020    4
52171.251    0.129442610076   -0.416401198322    0.5174    0.8779  -0.665   10
52172.267    0.971867391251    2.654701201266    0.4875    2.1220   0.102    8
52178.249    0.606925277389   -1.389398394736    0.6188    1.0453  -0.588    3
52179.268    0.411142272802    1.077699606356    0.4980    0.5456   0.249    5
52185.248    0.640448845822    1.011801599304    0.5235    1.0091  -0.499    6
52186.267    0.385650548764    1.418601607384    0.4332    1.9170  -0.596    7
52192.249   -0.294656798050   -0.933498002098    0.4283    0.6213   0.061    4
52193.290    0.604531999513   -0.509198392251    0.6308    0.6482   0.009    6
52193.703  351.219106942303 -135.583599592337    6.3048    5.8286  -0.040   22
52198.166   -1.415684680490   -5.282600392320    0.3668    0.9593   0.183    9
52199.251    0.002535279671   -0.964998001507    0.3472    0.5678  -0.135    9
52200.267   -1.899367196111    3.041801997483    0.5627    3.2907  -0.528    7
52201.289   -1.433854376951    7.098501600922    1.1930   10.2039   0.033    3
52205.227   -0.027604457096    7.762899596742    0.5542    2.1711  -0.624    6
52206.249    0.232122589662    0.043002005157    0.4192    0.6651  -0.177    7
52212.082    0.466073908795    1.598202005937    0.1168    0.3728   0.348  113
52213.248    0.022537164373   -1.210201193658    0.4348    0.8640   0.165    4
52213.459   24.343309792669   -7.216999196658   17.7927   10.5920  -0.212    4
52214.267   -1.527238138923    7.140499199920    0.9777    3.0894  -0.595   11
52219.227   -0.353955901955   -0.041299200859    0.6749    3.3667  -0.430    7
52220.249   -0.362406834191   -0.399999598244    0.4758    0.5893   0.491    6
52221.268    0.311984667904    0.551001599547    0.6296    0.4490   0.193    4
52227.240   -0.071269144212    0.436302002527    0.9553    1.1250  -0.662    4
52234.249   -0.602273805888   -0.732898797651    0.5238    0.5525   0.309    6
52241.251    4.012122544863    2.526001206604    9.0325    8.0119   0.992    3
52242.267   -0.139299917324    2.990199601527    0.3572    1.6738  -0.367    9
52242.712  -13.956155611089    4.505299199309    1.6387    2.9095  -0.282   50
52247.227    0.280435289508   -0.818200803110    0.3844    1.4249  -0.668    8
52248.249   -0.291698779613   -0.365900397981    0.4290    0.6978   0.225    5
52249.265    0.053241449546    0.656600406046    0.5022    0.7425   0.172    3
52255.248   -0.022253160784   -1.626800403187    0.3645    0.6544  -0.048    6
52262.250    0.556361109308   -0.033098400820    0.4805    0.5936   0.135    5
52263.269   -0.410435722601    1.705301998811    0.5978    0.9036   0.031    5
52271.249   -0.008028385624    0.099000001796    0.4235    0.5761   0.197    6
52292.269   -0.380153984039   -2.145700794642    0.4244    0.9789  -0.290    4
52299.271    0.236490057575   -0.255898802948    0.5051    0.7837  -0.530    3
52303.205   -0.101834886362    6.247198803067    0.4238    2.7724  -0.051    8
52306.269    0.310717028069    0.109299602968    0.4408    0.5417   0.009    5
52310.203   -0.562838043662   12.995301602814    0.3901    3.7711  -0.500    8
52320.269   -0.153808503919    0.242499601200    0.3427    0.7039  -0.252    4
52325.204    1.160467295592   -9.838900791692    0.4279    5.0067   0.105    3
52327.271   -0.794957174553    0.431301599235    1.1540    0.6232  -0.831    6
52331.201    0.658476540488    2.175001196747    0.3014    1.7116   0.057   10
52334.270    0.897075872350   -0.585601199532    0.3869    0.6756  -0.093    3
52338.203    0.350156249067   -0.439700397692    0.3514    1.3265   0.000   17
52340.245   -0.418464108225   -0.106200002392    0.0731    0.2134  -0.130  153
52341.271   -0.358323369868   -0.307997991911    0.2893    0.8690   0.024    7
52345.205   -0.011124947083    1.592100007031    0.3148    1.2714  -0.025   10
52348.270   12.260603456116   10.651301997200    5.4079    4.1348   0.984    3
52352.203   -0.041971234051   -0.118900793211    0.3624    2.6956  -0.005    6
52355.271    0.245924818211    0.574801198638    0.6793    0.6499  -0.750    5
52359.201   -0.111976005045    3.196699199748    0.2903    1.5458  -0.035   17
52360.250   -2.022045601627    0.398901596554    1.0953    2.2318  -0.114   81
52367.208   -0.139580462141    3.468599999223    0.3609    1.8173   0.058   11
52369.271   -0.411703362436    0.697798797944    0.3485    0.4722  -0.353    8
52373.205   -0.086481014390    1.294099202198    0.3625    2.0807  -0.032   11
52383.268    0.222545827232   -1.181300395103    0.8422    0.8352   0.325    3
52390.270    0.106624900886   -0.545900400084    0.3841    0.8091  -0.011    5
52394.207   -0.757914690203    4.118000404674    0.3780    1.7106   0.000   15
52401.205   -0.995952932430    0.382899600027    0.4593    2.4697  -0.139    5
52403.251   -0.234515867539    0.740800803101    0.0793    0.2011   0.147  146
52408.203   -0.128736059876    9.608799605587    0.5026    3.6786   0.063    5
52421.710  -33.052084044402   -7.463998801427    2.2659    2.7904  -0.045   18
52423.204   -0.126903871634    2.630998804420    0.6061    6.1243   0.531    3
52436.203   -0.206204860242    0.405702006390    0.4638    2.7372   0.066    6
52444.228    1.895141537839    5.166100801546    1.1106    2.0967   0.086   39
52450.207   -0.292121326225    2.109898802871    0.4405    2.8570  -0.170    6
52464.204   -0.675375138342   -8.881801201710    0.6025    3.0592   0.436    4
52467.268    0.587768485911    1.730998806693    2.8318    6.0980  -0.886    3
52471.213   -0.523821369276   -2.522300397345    0.7187    3.9352   0.262    4
52471.688 -436.626959968086  210.876901208223   25.6734   16.1672  -0.811    3
52473.251    6.597432003382  -14.983700398830    0.7643    1.8987  -0.730    6
52478.204   -0.233106225909   -1.737899999910    0.5456    3.7081   0.307    3
52480.253   -6.347984810483    1.874199598717    0.1663    0.3727   0.128   97
52481.272   -2.263464216749    2.692299605656    2.9664    8.4730  -0.962    3
52485.209   -0.463819173941   -2.528600394669    0.5069    3.4306  -0.178    4
52492.204    2.589392922842    9.152701201742    0.6283    2.7228  -0.025    8
52492.708   16.335966759567  -44.940600002974   10.8659    7.9550   0.715    3
52506.204   -1.139620317667    3.896801997882    0.5040    6.4318   0.286    3
52513.205    0.914965023993  -20.982499194133    0.4878    5.8968   0.354    3
52519.999   -0.315645585616    2.247001202704    1.1917    3.2244   0.072   22
52521.204    1.330474764707   28.661299202781    0.5180    7.0336   0.317    3
52523.268    0.843273333170   -3.828301196052    0.9675    3.1647  -0.874    3
52529.251   -0.366490298514    7.352398804983    0.4902    0.5917   0.291   13
52530.270   -0.764533434197    2.646500401227    0.4833    1.2367  -0.382    4
52541.206    0.149867041390    3.845300398098    0.5770    2.9763   0.055    5
52543.244    0.204937220406   -0.686998797050    0.1173    0.3774  -0.345  107
52555.206    0.185219339293    0.363301197126    0.4687    2.9060   0.269    4
52556.228    0.389311466476    1.005598804227    0.5213    1.8503   0.783    6
52557.251   -1.982890192064   -0.144100795296    0.4020    0.5026   0.197    6
52558.270   -0.223668198655   -0.728701195385    0.4329    1.0789  -0.072    5
52565.243   -0.486072334725   -0.006400793495    0.3676    3.4046  -0.446    6
52571.244    0.409171349383    1.763899209095    0.9698    5.7760  -0.894    3
52572.237   -0.973273766263    7.725898807109    0.4938    6.1583  -0.757    4
52573.242   -0.134371167623    2.458000804495    0.6030    2.0107  -0.804    4
52576.244    0.374380333269   -0.294998393713    0.6425    2.3421  -0.912    4
52578.242   -0.070988599395   -0.128800803623    0.7934    3.3207  -0.935    3
52583.206   -0.147470304742    4.726101596475    0.3254    2.4179  -0.151    6
52584.228    0.105637805868    0.005799597602    0.4739    1.9134   0.811    6
52590.204   -0.918484132064   -6.371600399291    0.4933    5.9948   0.362    3
52597.206   -0.045916155351    1.488999605215    0.3974    2.4945  -0.340    6
52604.204    0.272122900295   13.498099201570    0.4608    7.3871   0.456    3
52611.228   -5.042160135361    1.206298804846    3.6996    3.1710   0.612    5
52612.228   -0.084648826148   -5.588398799716    1.1436    3.1163  -0.651   25
52618.204   -0.272122900295    3.215800796852    0.2574    1.4296  -0.233    8
52620.246   -1.092433063708   -0.421999203581    0.1329    0.3809  -0.233   72
52621.268   -0.422831576137    1.300600804655    0.4012    1.0017  -0.034    6
52625.202    0.342127863443    2.004800408884    0.3691    1.8508  -0.067   10
52683.244   -0.114650019893   -0.280198801761    0.4464    3.2343  -0.689    5
52698.270    1.094829800356   -4.135697992069    1.6767    5.3072  -0.946    3
52711.248   -0.002112733059    0.268801198899    0.0675    0.2642  -0.147  210
52712.270    0.195502459770   -1.103198403030    0.3822    1.0229  -0.122    8
52746.272   -0.332970188853   -0.355798795226    0.3923    0.6988   0.043    4
52767.244    0.191699540264    0.102402003677    0.0686    0.1613  -0.108  235
52775.269    0.095215950214    0.740700006929    0.3404    0.6131   0.144    6
52781.248   -0.347475508830   -0.069001201553    0.5388    0.4526  -0.164    3
52782.267   -0.297475889156    0.233200799471    0.3132    0.5607   0.201    5
52788.250    0.217897814503    1.364698805162    1.5658    2.0408   0.277    7
52796.271    0.027327178897   -0.984700794504    0.3018    0.7729  -0.396    6
52809.248    0.034791208268   -0.305899203568    0.1385    0.2624  -0.094  207
52830.246   -0.262404136070   -0.066499202944    0.0969    0.2242   0.202  150
52836.583   -8.790610712165   58.520901596637    1.8960    2.5236  -0.264   46
52838.267   -0.079016985018   -0.867099595325    0.2832    0.6231   0.044    4
52852.271   -0.421421934507    0.462600006301    0.5854    0.6860   0.388    6
52859.269    0.625375518667    0.487699199425    0.3837    0.6982   0.100    8
52866.271    0.308746296805   -0.154000792918    0.4496    1.0894  -0.283    4
52872.250  -30.226485067574   -2.987100000951   16.7139    1.8247   0.786    3
52879.244   -1.101590738299    0.478000806936    0.7708    5.3825  -0.640    3
52887.269    0.660166726935    0.613501198643    0.6157    0.8624   0.387    5
52893.244   -0.257894666363    0.420901201892    0.5025    2.0346  -0.874    4
52894.271   -1.027079764215    4.366299603475    0.6792    2.3476  -0.881    3
52900.250    0.346211327766    0.680698799727    0.0568    0.1746  -0.217  138
52914.586   21.142627198989   -8.860499994512    3.1805    3.5713  -0.446    9
52921.241    1.405827373242    1.596099598089    0.7254    2.9152   0.864    4
52929.269    2.288536660792    0.843300009024    1.0129    1.1351   0.520    3
52950.271    0.621011509526    0.696801605216    0.3713    0.5706   0.091    4
52955.582    1.527664144307   16.209601200501    3.3479    4.1305  -0.650    8
52964.271    0.444523647286    0.473799597955    0.3726    0.6576   0.143    4
52984.250   -2.492344784386   -1.608699592737    0.4557    0.4275   0.101    7
52985.266    0.200289207677   -0.886697998226    0.3605    0.6915   0.073    9
52991.252    0.184796792681    0.575899200328    0.0649    0.1738  -0.201  145
52992.267    0.443820555857    0.786099607808    0.5386    0.7025   0.315    3
53027.269    3.159556452853    3.242199596798    2.8268    2.5569   0.968    4
53034.267   -0.947640040431    4.512401997658    0.9438    3.2916  -0.958    4
53062.271   -0.247050456251    0.646700408424    0.3856    0.6700  -0.059    3
53066.585    8.623422526310   14.037501605912    3.1164    4.3269   0.140    3
53068.250   -0.872706519736    0.021898796376    0.1464    0.2881  -0.137  119
53073.203   -1.127366273771    0.215301606943    0.6942    2.3014   0.555    3
53074.237   -0.937779466566    0.944701200467    0.5095    0.9856   0.123   20
53082.254   -3.579430202707   19.118502007132    0.7227    2.2997  -0.774    5
53083.269    0.184093701252   -0.931298392004    1.4204    4.1690  -0.830    4
53090.271    1.096239441986   -6.839600399644    1.4070    4.5547  -0.941    3
53097.269   -2.880811349792   -2.829798002324    3.7940    3.4136   0.954    3
53103.271   -0.823690728462    1.559300400800    1.1702    3.8589  -0.977    3
53109.246    0.005070559341    0.279298798489    0.2462    0.6363  -0.006   35
53110.250    7.906775786575    4.224499201655    0.5049    0.7567  -0.046    3
53118.268   -1.094265251950    3.991500007317    1.0223    3.2795  -0.912    3
53125.270   -0.441001272597    0.099100797968    0.2984    0.4815   0.271    4
53131.252    0.054651091176   -0.467398791670    0.1093    0.2594  -0.430  125
53137.224    0.914542477381    0.041601602163    0.6553    0.6211   0.228    8
53145.581  -23.336931737967 -137.881000799212    8.6874   20.3319  -0.565    3
53152.251    0.828906556215    2.769800401836    0.4054    0.4363   0.085    7
53152.747   -4.664399429198   -2.582297997833    0.3235    0.6614   0.021   45
53153.270    0.535936677995    0.110599197001    0.3866    0.9114   0.004    4
53181.270    0.127329877018    1.445500807051    0.4970    0.9842   0.074    3
53195.270    0.062256930188   -0.120999594344    0.3594    0.8059   0.025    4
53199.225    0.617631136632   -0.104799599399    0.5755    4.3354  -0.374    5
53201.256   -0.007183292400    0.236800799769    0.1512    0.3697   0.113  106
53207.228   -0.594667966876  -10.436500802768    1.5335    9.7231  -0.646    4
53216.268   -1.013980627096   -7.058599196341    1.2646    6.1641   0.270    3
53223.270    6.531091416717    5.958298801545    4.2262    3.7587   0.987    6
53241.225   -0.153666694279    1.723701603851    0.5094    5.0582  -0.613    7
53243.249   -0.232261132685   -0.017899192528    0.1249    0.2850  -0.130   72
53248.205   -1.942467334820  -17.398598401996    0.5854    2.9839  -0.322    9
53262.224   -0.916229397211   -4.639798791573    0.5842    4.9530  -0.494    5
53276.205   -0.292685874631    2.025298802266    0.3263    3.0417   0.037    3
53278.247    0.143667385236    2.844500404819    0.5956    2.1231   0.828    3
53283.207    0.071272602984    0.648000002457    0.2671    1.3722   0.360    4
53284.226   -7.883674073796   33.153001201924   19.2702   61.7201  -0.991    3
53285.253   -2.584322363501   -0.893800796575    0.1191    0.3171  -0.236   57
53326.223    1.432167649275    0.449301600725    0.9794    4.0218   0.830    5
53327.249   -1.594988367218   20.126401204834    0.5376    1.2533  -0.146    5
53341.249   -0.134651904595    0.473000403645    0.0947    0.2057  -0.020   68
53342.272   -0.761437064891    0.477799201803    0.3911    0.7936  -0.223    4
53346.228   -0.145918661318    2.739401998042    0.7838    2.5594  -0.772    6
53353.204    0.390298561494   -0.729100798935    0.3478    1.5005  -0.193    7
53354.223    0.761579066686   -5.547099598857    1.9200    4.9066  -0.746   10
53395.204    0.030001193744   -0.726400801909    0.2257    0.5368  -0.043    6
53403.225   -0.691716105332   -2.054897998960    0.9845    4.3870   0.693    6
53410.227   -2.183179399741  -10.450098002934    1.4695    2.4735   0.424    4
53411.253    0.051128716487   -0.357497992809    0.1589    0.2966   0.164   87
53446.248    2.115290628423   -6.385899591521    0.2905    0.7631  -0.412    3
53451.208   -0.127045873429    1.914001207126    0.2377    1.5479  -0.450    5
53452.223    0.143667385236   11.204600409087    1.0734    3.1543   0.045   30
53458.206    0.113527648469    0.276598801463    0.4334    0.5134   0.094    6
53460.248  -10.128688049267   55.162900807204    0.4405    1.7505  -0.728    5
53465.204   -0.763972344562   -5.536400394135    0.4463    3.0804  -0.008    8
53472.206    0.629039895150    2.714799597925    0.3095    2.5073  -0.454   11
53482.269   -0.470721921524    1.103201996955    0.5200    1.0010  -0.130    3
53488.251   -0.372125598416    0.581000399791    0.2431    0.3593   0.174   39
53514.206    6.831244779492    4.038598805778    4.3061    4.3457   0.172    5
53517.270    1.518087381877    1.093899601301    1.0299    1.3972   0.586    4
53522.205    0.014789323566   -3.608600394500    0.5975    4.3595  -0.700   11
53543.225    1.563580990616    1.940698801661    2.9227    4.7610   0.480    5
53550.223   -5.898951693490   19.823500805671    1.7794    5.1427  -0.743    5
53551.250   -0.136764637653   -2.080198797216    0.0908    0.3568   0.022  147
53555.994   18.447173923667  -15.027497991582    5.1916    8.5130  -0.591   10
53564.223   30.346212372198  -77.655599991999    1.3500    3.4272  -0.955    4
53570.206   -0.391420932917    1.481202002651    1.0524    5.5844  -0.964    4
53591.204    1.409914296337    1.799200801145    0.6058    2.8308   0.531   11
53599.583   12.452441731557    1.730901604446    1.3360    2.2571  -0.032   50
53600.248    1.799506499785   -6.821099998433    1.0450    3.0761  -0.898    4
53605.208    0.298462984174   -1.916798393609    0.3793    2.8153   0.021    9
53607.250    2.054727343454    5.463702002828    0.1039    0.2569  -0.061  120
53618.996    1.351882832267    2.312398797244    1.3227    4.1176  -0.580   32
53620.205    0.008873478847    0.024199202642    0.4888    5.8138  -0.137    5
53621.582  -17.730523917314   29.808601206582    2.2538    3.6458   0.069   44
53626.195   -0.487481976355   -0.621899997100    0.3446    1.2365   0.514    3
53626.498   -1.888380792051   -4.121499596010    0.9549    2.5739   0.853    4
53627.196    0.745380101490   -2.591798391904    0.9944    6.1561   0.878    4
53627.499   -0.523398822664   -8.934998392363    0.3350    2.3393   0.278    5
53628.197   -0.120285127640   -1.147500002219    0.3053    1.8657   0.466    4
53628.500    0.425931404214    1.154700002814    0.7911    3.9250   0.824    4
53629.198   -0.502974391350   -2.265001191404    0.7024    2.4181   0.918    4
53629.501   -2.053878791459   -6.594497990875    0.6475    2.2785   0.887    5
53630.498   -0.453397318287   -2.375100001473    0.4548    2.3397   0.644    6
53631.196    0.489878713003    0.754300801020    0.2972    1.2652   0.642    8
53631.499    1.547101480603    2.502298796969    0.9178    2.4967   0.898    5
53632.196    0.099441416332    0.268099206835    0.5151    1.8659   0.896    8
53632.500    0.061976385371    0.161301602475    0.5097    1.9093   0.864    8
53633.197   -0.533259396529   -2.367100793776    0.5199    1.9109   0.848    5
53633.500   -0.463116082512   -2.084597991825    0.7617    2.8025   0.863    4
53634.205    0.221839277031   -1.814299200475    0.2516    1.0981  -0.029    6
53634.501    0.381425082647   -0.340599599724    0.2577    1.2909  -0.108    7
53635.195    0.385228002153    1.003600799265    0.2397    1.3116   0.491    7
53635.498   -0.226345480120   -0.643399202715    0.5437    2.1744   0.809    6
53636.196    0.598332343359    1.820998801350    0.4667    1.7639   0.853    6
53636.499    0.170572017521   -0.020498393383    0.4083    1.7907   0.643    7
53637.500    0.425650859397    2.234700002646    4.2515    4.5645   0.341    3
53638.197    0.079300988607    1.028401197800    0.6646    2.5028   0.748    6
53638.497    0.862288122854    3.649701596942    0.3798    1.6465   0.149    6
53639.198    0.654393076165    3.602502002309    0.2662    1.1557   0.736    6
53639.501    0.691577562309    4.499200807118    0.6468    2.7878   0.893    5
53640.199    2.632493253705   12.882801603098    1.1360    6.3686   0.968    3
53642.248    0.339450581978   -0.719398799731    0.1555    0.3459  -0.593   83
53647.208   -1.999650246895   -8.332599595917    0.8628    3.9631   0.463    4
53655.225   -0.594667966876   -4.049499602843    0.3147    0.9376   0.466    3
53656.580    6.293475721101   -0.944999995056    1.0100    1.6432  -0.187   80
53661.204   -6.880399305943   -5.313398399664    3.4723    3.4439   0.776    5
53662.227   -0.493539630714    1.050901202859    0.9325    3.9929   0.692    6
53668.206   -1.303992679034    0.380998797311    4.4162    3.1163   0.086    5
53675.205   -5.381326521596   -4.213299597211    5.2625    2.4022  -0.045    4
53684.584   42.838934959204  -10.709499591144    1.5068    2.0077   0.078   48
53689.216   -5.485696687629    0.184302007256    1.9988    1.7686   0.358   15
53690.227    0.375789974899   -3.108797993434    1.1106    3.6524  -0.920    4
53703.205   -0.000983636246   -0.596199595293    0.8156    2.4562   0.241    4
53704.242   -0.471283011159   -1.835499598712    0.4730    1.6616   0.720   17
53711.225   -0.410013175989    0.859798798558    0.1364    0.4600   0.546   17
53712.248   -1.186945922494    0.536500802184    0.9672    2.3074  -0.859    6
53718.224   -0.053944540975    0.177102006660    1.1716    2.6705  -0.452   61
53719.250    0.386776186805    0.234799200882    0.1973    0.4779  -0.223   34
53766.207    0.820455623980    0.301399199998    0.2833    0.2882   0.017    4
53767.226   -0.362406834191    0.974998808090    0.5112    0.7097   0.356    4
53768.252   -0.449732941804    0.765701997807    0.1191    0.3049   0.044  176
53774.227   -2.657281694160   -4.313800798172    0.5368    1.4958   0.709   25
53782.584   29.106586089793  -41.771098797483    0.9286    1.0911  -0.168   47
53787.205   -0.174371670410   -4.155998399824    0.3794    4.2324   0.121    3
53801.205    0.620304959326    6.573600006732    0.3626    1.9147   0.651    5
53815.205   -0.003096369305    0.082198798168    1.3038    0.8490   0.676    5
53816.224    1.007645694537    0.518698799112    0.8608    1.9019  -0.273   43
53817.583   -8.428484422792    9.229798800447    0.6929    0.9409  -0.515   74
53824.248    0.389169464681   -5.690599198260    0.5149    4.5944   0.112    8
53836.207   -0.920738866918    5.720400000087    0.5392    3.6187  -0.623    3
53850.203   -0.799747189077    0.091699205029    0.2624    0.5266   0.349   19
53850.583    9.775438697512   -3.546601195126    0.6042    0.8489  -0.315   70
53851.229    0.317055227246   -0.352501196232    0.0966    0.2456  -0.013  196
53852.249    0.106905445704   -1.752098395968    2.9157    3.8609   0.388    4
53858.202   -0.063663305200   -0.707000397426    0.3153    0.4491   0.244   17
53879.226    1.820634022527   29.804900397323    1.3907   10.4927   0.412    4
53880.581   -0.483959601666   -0.376199999153    1.1489    1.7199  -0.112   47
53893.204   -0.961864815591    0.220201201273    0.5505    1.8957   0.059    9
53899.205    0.962010276157   -0.258998403524    0.3790    0.7249   0.012   12
53906.203   -0.322545066581    0.501901202199    0.8219    3.5171   0.416    5
53908.577   -1.158070558944   19.556499600526    1.3185    1.8703  -0.006   40
53909.582   -0.880312550902   39.094901997316    1.4611    2.0367  -0.090   48
53913.205    0.046764515193    0.769899600073    0.3102    0.5571   0.074   25
53914.224    2.371921113723   -1.873400391617    0.7847    1.1278  -0.745   27
53915.247   -0.268319980789   -1.863100803234    0.3865    2.3491  -0.646    5
53928.228    0.052960904729    1.426600802290    0.2209    0.5562   0.203   58
53934.207    1.670205891503   -0.683798400303    0.7804    1.0450  -0.545    5
53936.581    7.979738576005  -34.369498798981    1.6578    2.3262  -0.133   49
53941.205   -0.067608226500    0.589500007209    0.3074    0.4232  -0.089   16
53949.226    0.237051147209   -0.927197991984    0.2732    0.6315   0.062   68
53955.205    0.030423740356   -0.008499594628    0.4625    0.5028  -0.321   19
53964.581  -25.657017585002  -49.431700793434    5.1147    5.2880   0.722    4
53978.249    0.121836771064   -0.722199592929    0.1587    0.3041   0.219   83
53982.993   -0.108595632151   -3.102497996110    0.3820    1.1043  -0.104   76
53992.249    0.962713367586   -1.023299998337    0.1554    0.2817  -0.168   80
53992.581    3.973531683707   16.552400397529    1.9740    2.5186   0.458   18
53997.205   -0.647486869810   -0.084898795194    0.3286    0.7459  -0.295   11
54004.207    0.955388073391    0.743799607505    0.2890    0.6941  -0.082   13
54011.205    0.283109304355   -4.943998797557    0.4860    3.8805  -0.637    5
54018.218   -0.170146204292    0.169099205038    0.3456    0.6972  -0.144   16
54020.749   -4.027192413247   21.220199997174    2.7718    5.8518  -0.860   10
54046.207    0.406916614530    0.599101197452    0.2920    1.2193  -0.292   14
54048.578    6.023043007254   -1.364698792372    0.9934    1.4137  -0.280   45
54053.205    0.064650400218  -13.571999997453    1.4812    6.1375   0.283    4
54054.224    0.719888377452    4.617601200607    0.6057    2.8204   0.519   30
54068.224    2.065291008749   -4.659998403156    0.2496    0.7246   0.492    9
54081.205    1.030463403727    2.635002002194    6.9913    5.2045   0.517    3
54088.207   -0.170710560544   -0.398300400661    1.8912    5.7792   0.774    3
54123.209   -0.190006087199   -0.001198797861    0.1855    0.8733   0.118   18
54125.251    0.046058157146   -0.687898800322    0.1354    0.2790  -0.279   49
54137.209   -0.204230862359    0.547599597667    0.1166    0.4631   0.230   26
54139.583   17.690101060070  -10.040399999411    0.5958    0.7991  -0.439   53
54144.207   -1.552733321733   -1.046800802840    0.3514    1.7711  -0.166   16
54150.994    0.274658179966    2.209899604111    0.8355    1.7231  -0.223   84
54158.207    0.363393929209   -0.659800802794    0.2154    0.8548  -0.320   15
54172.208    0.110427820392    0.898200003974    0.4568    0.6507   0.129    4
54174.582  -10.181084405589   -9.780598794862    0.9067    1.1663  -0.483   22
54187.230    0.317758318675   -0.306799194050    0.1239    0.2461  -0.094  112
54193.209    0.183248608029    0.503899207160    0.1388    0.5929   0.037   25
54208.207   -0.459029159417   -3.027398402367    0.5925    2.3415   0.927    6
54209.584  -15.664249080165   33.241899600966    1.2460    1.3185  -0.342   22
54214.208   -0.132961525993    0.891601199271    0.3392    1.1299   0.686   14
54216.249    2.004724265008   -4.324899593655    9.1991    9.9514  -0.923    4
54244.582    3.007437943227   -1.961600392519    0.8270    1.1158  -0.288   45
54256.208    0.718759472794    3.230200798043    0.3800    1.6271   0.636    4
54270.208   -0.369167579979   -0.429497998766    0.4296    1.9021  -0.550    4
54272.582    1.136523756207   17.153802001246    1.5269    2.0207   0.241   29
54273.583  -10.885196364457    3.535498805718    0.9530    1.5112  -0.064   43
54278.229   -0.078310626972   -0.755899202431    0.1109    0.2605   0.126   84
54279.251  -28.677274120531   34.236500405882    2.9146    3.0159  -0.366    4
54292.229    0.015353871972    0.344098803851    0.1517    0.3554  -0.057  116
54300.578   -5.283436748688    5.791100399222    0.8815    1.3406  -0.043   75
54314.250   -0.550161453155    0.593899201817    0.3536    0.7273  -0.115   24
54321.248   18.531822749815  -10.159498791040    1.4018    6.5335  -0.617    4
54326.208   -0.074930061923   -1.212497993208    0.3933    0.8763  -0.353    7
54335.580   21.556304751462   -9.454899596051    0.8377    1.2900  -0.407   91
54340.208    0.217052721279    0.700700400103    0.1938    0.7445   0.466   12
54355.227    0.432269795545   -0.523900794747    0.4381    0.5335   0.077   13
54356.582    5.596550513405   -2.657098796988    0.8152    1.1445  -0.281  111
54384.228    0.295224613074    2.043201601509    0.7235    1.2505   0.471    5
54391.580    5.139772822223   -8.314199990878    0.9306    1.4126   0.051   77
54412.637    8.112700101999    6.578701206195    1.4504    2.0920  -0.078   41
54440.250   -0.052676901140   -1.470499191214    0.1441    0.3020  -0.057   92
54445.206    0.150712134614   -0.123598795199    0.2235    0.4052  -0.413    8
54447.584   -4.891309265570    3.414801599888    1.0225    1.5452  -0.471   53
54510.582   14.681679288443    2.634001202750    0.9595    1.1698  -0.150  143
54517.248   -6.393197874405  -10.492599595580    3.3169    4.2027   0.465    6
54537.205   -0.000845093224   -1.183600801369    0.1782    0.6493  -0.275   19
54538.582   10.479973202992   -5.899600795090    0.8644    1.4024  -0.270  102
54543.207    0.262826682682   -0.240400800067    0.1487    0.3898  -0.324   27
54551.209   -0.032817018232   -0.999298794113    0.2642    0.9534   0.439   10
54585.207    0.399030230701   -1.302901198130    0.2979    1.4820   0.207    4
54601.248    0.512131873787    0.321699607753    0.1911    0.4034  -0.636   95
54601.584    4.737504028269   -2.334700791096    1.0506    1.9790  -0.113   31
54620.209   -0.487481976355   -1.116399593570    0.2358    1.0671   0.695    8
54634.209    0.149725039596   -0.051598802031    0.3705    1.4134   0.787   10
54635.542   -6.093467250396    7.497601208684    0.7061    1.1954  -0.227   56
54636.583    4.437070312831   -5.841298798259    0.7725    1.2068  -0.284   57
54643.249   -0.390153293082    1.614301204711    0.6297    1.8765  -0.200   14
54657.249    0.586642847870   -1.133297999445    0.1622    0.4362  -0.019   68
54671.581   -3.290121242198   -5.330199603293    1.0138    1.2450  -0.243   23
54690.497   -1.505830071363   -5.366699993203    0.5915    1.9145   0.779    6
54692.499    0.193105915276   -0.495698394332    0.3959    1.4246   0.855   14
54693.500   -0.555793294284   -0.325699198811    0.2937    0.5448   0.373   19
54694.500   -0.253669200245   -0.496598397604    0.6330    2.1595   0.731    7
54695.501    0.566079873533    1.271098797417    0.9690    2.4810   0.885    5
54696.502   -0.281419117908   -2.344298400203    0.3595    2.7426   0.530    7
54697.499    0.367480852304    0.410500804549    0.3575    0.3325   0.165    8
54698.500    2.345581029844    5.702101204008    1.5093    3.6870   0.871    7
54699.501    0.953275148179   -0.442997996686    0.3401    0.3980   0.240    9
54700.501   -0.407761707754   -0.897098395569    0.8239    3.4667   0.891    3
54701.499   -0.386634185011   -4.429000794914    0.6047    2.3574   0.861    4
54702.499   -1.338357881919   -3.440199600391    0.7965    2.1762   0.854    8
54703.500    0.152963410696   -1.214798399474    0.5646    2.7561   0.279    6
54704.501   -0.314658490598   -0.557499595288    0.3273    0.4345   0.394   11
54706.579  -14.662522496965    9.958301997415    6.9693    5.5200   0.407    8
54712.208    0.161414535085    2.517800406565    0.8839    4.2973   0.922    4
54718.209   -0.658334538694   -3.893000392452    0.2562    1.1068   0.652   11
54739.207    0.005070559341    0.099601197689    0.5982    0.9687   0.210    7
54747.228    1.593017635954   -7.796800798587    0.9933    3.6142   0.056    6
54781.207   -0.245502271599   -0.923299197098    0.2979    1.1869   0.843    8
54783.581    3.103499178819    4.132799996626    0.7299    1.1592  -0.251   59
54802.209    0.495229817161    0.416599196740    0.2240    0.8372   0.637   10
54803.228   -0.947782042225    1.216799998360    1.1721    4.0110  -0.301    6
54816.209   -0.129300608282   -1.040799600105    0.1986    0.8803   0.468   13
54865.207   -7.520702691199    7.756001997450    7.3749    7.4817  -0.987    3
54872.209    0.342266406466   -0.728899193803    6.1183    1.9887  -0.135    4
54895.581    5.711764889550   -9.324399594846    1.1579    1.5375  -0.437   69
54921.207    0.221558732214   -1.061600394792    0.2821    1.3816   0.420    7
54929.228    0.581572288529    2.334200404164    0.5457    1.1614   0.363   41
54956.209   -0.405929519512    1.851300002897    8.2760    4.5378  -0.072    3
54972.580  -16.459067711695   -5.270299192262    1.8177    2.0929   0.117   24
54976.999    3.783522329890    3.939001202014    1.2834    2.1113  -0.584   49
54993.582    1.735417189201   -2.250298801698    0.9187    1.3139  -0.567   37
55006.227    0.216910719484   -2.936300393230    0.5653    2.4533   0.523   21
55028.584   -4.427490283783    0.039301208687    0.8761    1.2719  -0.463   42
55063.582    2.676722489227   -1.882598397174    1.3030    1.8713  -0.132   14
55068.210   -2.259519295448  -11.481299993932    0.6597    2.9409   0.767   12
55069.225    1.946834802732    1.495101604121    0.7053    1.8167   0.294   28
55075.208    0.021834072944    2.754702002505    0.6270    4.7215   0.800    3
55082.001   -0.404661879677    1.702101602064    1.2936    5.7332   0.641   23
55089.208   -0.066621131482    0.553399208059    0.2243    0.2998  -0.029   41
55125.229    0.404945883266    0.542700003336    1.8134    3.8511  -0.405   10
55153.229    0.048593436816   -0.387197998464    1.2141    2.6872   0.710   15
55154.248    0.138738635536   -0.262299596443    0.1942    0.5380  -0.252   39
55159.208    0.033381566638    4.799300400293    0.5056    4.0572  -0.495    3
55181.229   -0.886934753667    0.635400007809    0.3650    1.5082   0.246   15
55222.206   -1.026234670992    0.052001999507    0.8605    3.1191  -0.754    4
55229.208   -5.516404431574   -0.858200397147    2.9746    1.1190  -0.052    9
55236.206   -0.078452436612    0.872802003471    0.9952    2.8445  -0.693    5
55293.207    0.174936218816   -5.732499595013    0.6100    2.8045  -0.668    7
55299.208    1.818943836080    1.473501602334    1.1828    5.1096  -0.619    3
55300.227    1.109761125717   -0.339901201585    1.1477    2.3833   0.057   35
55334.207    0.149725039596    0.449802000446    0.5063    2.0362   0.870    5
55335.229   -2.444596632947    1.103299199201    6.0463    6.7731  -0.620    6
55343.250    9.552051043674   -5.331200402736    5.4376    4.3578  -0.445   11
55370.228   18.544360605146    4.060602005040    5.4446    5.1321   0.612    4
55383.000   -0.372690146822   -3.779701198425    0.7495    3.4488   0.393   16
55398.228    0.421567395073    0.448498799699    0.5906    1.3492   0.276   53
55434.581   35.683877665450  485.679599999855    4.8402    4.5118   0.496    6
55454.228    0.449171852170   -0.976600803426    0.1533    0.3574  -0.537   97
55461.230    0.558051295756    7.524100804801    4.2520    7.2659   0.367    5
55469.250 -318.766477420529  672.541801206705   12.8258   12.7217  -0.162    3
55475.230   -1.863450349802    2.670300000318    1.2467    3.9952  -0.297    8
55482.206   -0.348604605643   -2.220199192493    0.4085    1.9282   0.886    6
55489.248   32.877854375787  -10.431399603306   11.3927    8.3845  -0.455    6
55517.230   -0.326489987882    0.958399196804    3.4059    3.7676   0.837   92
55518.249    0.046480703758   -0.228301192351    0.1423    0.2939   0.366   93
55544.207    0.098738324903    1.503000002856    0.1617    0.6680   0.104   28
55586.207    0.121133487481    0.429199204177    0.2553    1.7842   0.548   15
55594.228   -0.218597447160    0.585601199532    0.8520    2.9261   0.783   10
55596.270   -0.207895046689   -0.412398000549    0.7888    3.6141  -0.549    3
55601.230   -0.493962177326   -0.384400799192    1.0515    0.6257  -0.043    5
55602.249    1.014122628891    0.076798804116    1.0675    0.6610   0.090    6
55615.230   -0.902707713480    1.159999200695    0.6641    2.6990  -0.619    3
55638.270  -21.600246716777   34.536301204469  146.1749   82.9829  -0.325    7
55650.228   -0.014647321772   -1.467197998295    0.2409    0.7822  -0.306   36
55652.270   -0.291137689979   -2.806498802954    0.7106    3.2952  -0.203    7
55656.207   -0.092254665160    0.509201998966    0.2979    1.2727   0.534   15
55657.230    0.258601216564   -0.085399194916    0.0766    0.1794  -0.098  280
55665.247    0.746647741325    0.904701606430    0.1855    0.9257   0.216   17
55666.270   -1.653442377900    1.557201599667    0.7727    2.0839  -0.018   11
55691.206   -0.746505739531   -1.925999993091    0.8833    2.6783   0.435   11
55700.582-1737.114390998037 -354.608398798462   35.5360   19.5757   0.464    3
55706.228    1.294273914809   -5.910400795983    1.3610    3.3755  -0.568   29
55722.270    1.258076523683   -4.033997993247    5.8061    3.5811   0.322    5
55733.209    0.959052257721   -3.620599193255    0.4346    2.2155  -0.417   21
55736.270   -0.959329535920   -8.713799998361    0.9561    4.8785   0.493   15
55743.268    1.675134449049   -1.720097996838    1.1113    5.5486  -0.304   10
55746.997    0.325648353430   14.419799997256    1.6288   15.2433   0.465    6
55750.270    1.003842775031   -1.036699200085    1.8075    1.6545  -0.812    7
55755.230    0.057889462276   -1.056898798879    0.2727    1.1939   0.394   21
55757.268    0.645799949981    2.386400402088    0.8407    1.7422  -0.431   15
55764.270    0.039158676181  -13.350797996736    1.4771    5.5389   0.391    6
55813.272  -11.816498896669   -8.991197994135    5.6729    3.9308   0.885    8
55819.500   -0.597909796747   -3.084998394343    0.4367    1.4572  -0.128    4
55821.498   -0.157047067173    2.189599209146    0.2218    1.3551   0.001   10
55822.498    0.857640110124    1.357498804566    0.5176    1.8007   0.573    5
55823.499    0.368887035162    0.828701996625    0.2045    0.8509   0.158    9
55824.500    0.126204238977   -0.246700797391    0.2614    0.9970   0.001    8
55825.497    0.056763824235    1.211202005891    0.2075    0.4709   0.446    9
55826.498    0.114230739898   -1.541098794178    0.2223    1.0532   0.012   10
55827.499    0.095073948420    0.425199600329    0.3216    0.6068  -0.108    3
55828.499   -0.006338199177   -1.405400391263    0.3965    1.6055   0.745    3
55830.501   -0.201979394124   -1.404601196953    0.1927    0.9118   0.437   14
55831.498    0.232967682886    0.184302007256    0.2856    0.4853   0.222    4
55832.499    0.018031153438   -0.418100395905    0.1800    0.7530   0.566    6
55833.500   -0.106621442115    0.339501598035    0.3787    1.2149   0.724    7
55848.270    0.166769098015    0.384400799192    0.7560    3.0758  -0.718   12
55880.208   -0.139157915530   -0.406299595568    0.4592    0.6974   0.141   16
55882.582 -377.823906569530 -119.566699197549   15.5409   13.1684  -0.690    3
55889.295    2.170928814617    0.110599197001    0.6000    0.4610  -0.114   42
55895.231   -1.010177707590    1.626102005048    0.7751    1.8411   0.203   14
55897.269   -2.924334035113    0.972500403407    1.3253    0.9990  -0.304   14
55902.229    0.309307386439   -0.922500002787    0.1940    0.7190   0.345   25
55903.580   11.981719810032  -20.631499197066    8.9566    7.4704  -0.444    6
55908.208   -0.160849986679   -1.031299193244    0.4020    1.5295   0.788    5
55909.227    0.045777420175    0.873799208989    0.4689    1.1050  -0.002   15
55911.269   -1.160605838615    1.219500008176    8.3911    5.2609  -0.257    4
55916.229    0.031552645015   -1.518998392669    0.1159    0.6231   0.003  118
55950.208   -2.460653596348   -1.792299595138    3.2913    4.0377   0.233    5
55957.210   -0.579456096698   -5.402800792353    0.4360    2.7687   0.730   10
55967.272   12.165668242872    8.616402004691   15.9352   18.4264   0.988    4
55972.229    0.051551263099    2.337300004740    0.7359    2.8431   0.585   15
55974.271    0.441427277981   -4.286098797479    0.5094    1.9231  -0.638   12
56016.271    0.029720456773    4.758199197852    0.8396    2.6702   0.063   10
56022.268    1.805844698961    9.816800402973    2.2588    8.3097   0.817    6
56030.271    3.018704892104   -6.766498798072    0.8719    2.7293  -0.832   16
56051.269   -0.933837811883   -3.394097994658    3.7821    9.9094  -0.740    3
56072.271   -0.375786516127   -0.046501196493    1.3465    3.7853   0.940    4
56078.250    0.105921809457    1.396101602325    0.6440    2.4682   0.817    8
56086.271    0.827355104945   -0.328899595559    0.4526    0.4494   0.101   11
56098.251    4.467071506575   -0.581400003341    3.9896    3.8977   0.809   21
56106.250   -0.137467729083    0.305200805428    0.1352    0.3972  -0.099   90
56107.273   -0.337334390147   10.667098807460    0.6499    4.6693  -0.266    3
56114.271   -0.974825409687   -1.298498396807    1.3298    4.4251   0.107    4
56125.207    0.457906787994    0.017499601768    0.2877    0.9898   0.388   10
56142.271    2.996309729526   -1.798999196012    1.9629    1.7420  -0.855    4
56160.208    0.266629794342    0.337899602698    0.2687    0.3542   0.078   17
56175.209    0.028030270326   -3.780100801976    0.5498    1.3532  -0.592   20
56181.207    0.287899318879   -1.352699993618    0.8756    0.9672  -0.711   14
56182.229   -1.157367467515   -0.015800391395    1.7007    2.8494   0.767    6
56184.271   -6.509399345568   -7.293798000774    4.1810    3.8980   0.526    3
56191.269   -0.690306463702   -0.597797996704    0.5619    0.6451   0.237   12
56212.271    0.077188255549   -0.244501200086    0.4288    2.3158  -0.298   10
56217.228   -2.850387609436    0.868600807280    3.8085    2.8247  -0.050   10
56261.269    0.014789323566    0.338900402141    0.5661    1.3740   0.183    7
56280.208    0.289731507121    1.302501607370    0.2639    1.0033  -0.369   28
56281.230    0.446778382140   -1.135900794225    0.8190    3.2040   0.702    7
56315.210    2.673764662945   -5.846000394172    1.5886    2.8189  -0.750    7
56316.583    1.455265903282   18.117201601342    3.1882    4.7808  -0.688   28
56317.270   -0.578611003474    1.131102008856    0.4152    2.4893   0.117   23
56321.207   -0.005915652565   -0.251899199100    0.4363    1.3194   0.849   26
56322.230    1.621047906280   17.839000804543    0.8199    1.7744   0.629    9
56328.209   -0.509735137139   -1.595800803500    0.7490    2.2125   0.888    4
56338.271   -0.813126871013   -4.203698394178    0.3638    1.1283   0.701   18
56343.228    4.984412482726   -7.257599999377    5.1987    9.5776  -0.867    9
56359.270   -1.071166997943   -4.503499192765    0.6667    3.3850   0.671    4
56365.581   -5.552743824495   34.728199209155   10.5790    9.2801  -0.373   18
56370.209   -0.535088318153    0.117702008140    0.5864    1.0555   0.626    3
56373.270    1.193145578648    0.413899199714    0.6616    3.3056  -0.304    8
56377.207   -0.009296217613   -0.887000399530    0.3579    1.1151   0.735   29
56406.230    0.386495641988   -0.450298793453    1.6174    3.8663   0.813   15
56408.268   -0.020985520948   -2.622999596724    0.7012    3.9581   0.377    4
56418.999   -2.167544982951    2.727601197705    0.7058    2.9865   0.165   28
56426.209   -1.086801414732   -1.968001198804    1.5505    3.6580  -0.756    9
56469.228   -1.609355144173   13.125801604019    1.6981    6.9121   0.032    9
56471.270    0.182261513011    0.532000798614    0.7341    2.6510  -0.571   16
56477.998    4.588059533491  -15.429398392541    1.4082    4.8765  -0.352   13
56496.209    0.009438027254   -0.032198397548    0.2886    0.7478  -0.284    9
56499.270    0.613828024972    6.995300402934    2.8575   14.7471  -0.964    3
56506.272    0.421425393279    0.704700003951    0.9259    1.4197  -0.583    5
56511.787    0.697915761486   -0.373298396994    0.3477    0.5744   0.369   15
56525.228    0.264517061283    0.929300399832    0.5510    1.9951  -0.334   15
56533.253    0.609180012243    0.338000398870    0.3451    0.5208   0.076   26
56541.270    0.635939376115   -1.699801195798    0.7603    4.0770  -0.564   10
56551.793    1.076521560873   -0.678898793183    0.4405    0.6026   0.286   16
56555.270   -1.791474655389   -7.671301200673    1.1364    5.7232   0.943    3
56565.789   -1.115250965052    0.305999999739    0.4281    0.4929   0.046   12
56574.227   -0.417057925367   -0.424097991925    1.0372    1.2884  -0.205    5
56588.793   -1.210608917061    0.098398805903    1.1340    0.9265   0.060    5
56600.791   -1.241877558487   -1.343401191889    0.5606    0.4806   0.376   17
56625.329   -0.188457710393   -0.312400793234    0.2185    0.4782  -0.014   23
56627.283   -0.218739448954   -0.526899599151    0.2286    0.5735   0.133   19
56631.271   -0.544526345407    1.231999206652    0.2670    0.5120  -0.160   21
56632.269    1.464703930536   -3.673097998558    0.8106    5.1747  -0.660    4
56633.266   -0.652276884334   -0.580600796241    0.3366    0.3649  -0.452   42
56635.260   -0.158456708803   -0.670399198555    0.3465    0.4160  -0.345   37
56637.254   -0.377899249186   -1.251698392934    0.2194    0.4101  -0.051   39
56640.268   -0.041690497079   -0.502498791377    0.2231    0.5242   0.080   20
56642.207    0.313674854352   -0.798199202734    0.2054    0.4085  -0.041   38
56644.227   -4.396501995021    6.261501602012    2.0006    3.7158  -0.046    6
56657.208   -0.396352949235   -9.190299593342    0.6036    3.9457   0.671    4
56686.209    0.363677932798   -0.638701200728    0.5734    0.4440   0.181   12
56693.791    0.036339392921   -0.258699596145    0.5950    0.9186   0.577    4
56706.206   -1.353992298709    1.313499606681    1.8145    1.7396  -0.650    5
56707.229   -8.453979413447    8.337801604341    6.7277    7.7350  -0.821    3
56730.272    0.030565742150    0.205902009043    0.5053    0.4576   0.286   17
56735.791   -0.081690999866   -1.101301194240    0.3365    0.4775   0.487   14
56737.271    0.339731126795   -0.037598391600    0.6473    0.6379   0.376   21
56755.208  -12.569204484508  -11.439601202312    9.5086    9.8369   0.973    5
56756.227   -1.216524569626   -2.389798797253    0.8617    2.6291  -0.789   21
56803.794   -0.259868856399   -1.629197998909    0.2609    0.5816   0.470   14
56809.214   -0.358039366279   -0.157100393494    0.1349    0.2730  -0.030  171
56814.269   -0.107750538927   -0.183898796990    1.8715    1.4329   0.738    3
56817.881    0.320293790500    0.176000398255    0.1857    0.3953   0.394   67
56846.206    0.980602519229    0.335700005394    0.3424    0.3412   0.433   23
56850.498   -0.058170007093    0.163299607436    0.6051    0.4889   0.501   13
56851.499   -0.082397550067   -1.293699598648    0.6206    0.5611   0.506   10
56857.500   -0.350997883519   -0.174099595540    0.3493    0.3311   0.217   33
56858.501    0.283393115790   -0.450197997282    0.3322    0.2930   0.297   26
56875.043    1.049194381976    0.335901597737    0.1635    0.3846  -0.102   45
56878.498   -9.626839295957   -7.915798794045   10.8956    8.4113   0.996    5
56878.498    0.649744871281    0.566899205978    0.1856    0.4369   0.171   71
56879.503    2.436148967329    4.703698806452    7.3034    5.2204   0.973    5
56885.496    0.089722844261   -0.823298395858    0.2413    0.2711   0.294   23
56886.501    0.150005584413    0.004302005152    0.2494    0.2893   0.329   22
56904.665   -0.243389346386   -1.681898396555    0.5488    1.1560   0.645    6
56905.662   -0.087748654225   -0.568198800011    0.6827    1.2735   0.568    6
56906.659   -2.705875130976   -5.624099995316    0.6135    1.1441   0.546    6
56907.656   -4.155789930100   -2.650698003492    1.3529    2.0507   0.355    3
56908.412    0.178739138322   -0.388900802761    0.9563    1.5775   0.276    3
56911.645   -2.299661607875   -3.925400395133    0.6190    1.2980   0.694    6
56912.642   -1.108067480498    2.689700404801    0.7302    1.6676   0.796    5
56913.639   -0.273951629765   -2.032898393622    0.6741    1.4431   0.693    5
56914.636   -1.584282507975   -3.981200393355    0.6786    1.4416   0.670    5
56915.399    1.709925657318   -0.897199191741    0.8370    1.4214   0.298    3
56917.627   -0.930457438989   -1.896400796397    0.6535    1.4189   0.692    5
56918.625    0.851301910947   -0.326300394704    0.6835    1.4116   0.660    6
56919.603   -1.062151517301    3.872599201316    0.8230    1.8837   0.814    4
56920.619    0.391704936506   12.192800407718    0.8441    2.0536   0.770    3
56924.790   -3.769578099547   -3.752899201004    0.7622    1.6689   0.744    4
56934.498    1.070041359902    0.999799206625    0.5879    0.7485   0.505   10
56935.499    3.472524757003    1.416499199536    0.4687    0.8041   0.562   10
56939.250   -6.186005919145   -6.349100394232    0.5634    0.8829   0.558    8
56941.496    8.480319689480   -2.655698393994    0.9368    0.7938   0.098    9
56942.501   -5.118219294097    5.777301606713    0.8226    1.0282  -0.396   10
56945.229   -0.357478276644    0.098099998525    0.2155    0.3049   0.002   94
56945.792   -0.974683407893   -2.915899202094    0.5751    0.8515   0.615   11
56948.498   -1.214972926202   -1.318201202594    0.5277    0.4813   0.376   20
56961.271    0.972712676628    0.347399996770    0.8869    0.8645   0.215    4
56962.502   -0.001690186447   -0.651600002755    0.3186    0.3679   0.382   19
56963.503    0.028594818732   -2.199898797528    0.6085    0.6809   0.498    6
56967.250    2.120503381713   -7.543400400323    0.1955    0.2203  -0.161   37
56968.269    0.745522103284    0.387399603596    0.3228    0.3002   0.080   20
56983.497   -1.925565278195   -6.974600391629    0.5763    0.8151   0.335    9
56984.501    0.309168843417   -0.483098399684    0.4065    0.3751   0.273   24
56990.498    2.755878209422   -0.587401193286    0.5149    0.5518   0.454   10
56991.503   -2.189095244460   -2.993299202103    0.7461    1.2906   0.827    5
56993.205    1.474703239578    0.046699207701    0.4946    0.4728   0.328   13
56995.250    0.163388725121    0.572500805163    0.1193    0.2628  -0.161  164
57002.230  -19.147760241229   29.903601604531    1.7044    2.5558   0.705    7
57004.498   -1.342725349831    0.786499198568    0.3537    0.3119   0.163   24
57005.499   -0.220287633607    0.055198802329    0.3512    0.3495   0.260   27
57007.209    2.034022367323   -2.755000797094    0.8079    1.2499  -0.353   26
57011.610    2.204026377667   -1.488700797836    0.8146    0.6288   0.199    9
57012.501   -0.568047338180   -1.323698398892    0.3513    0.3459   0.232   31
57032.290   -5.059204001627   -1.376600401670    0.5080    0.8605   0.197   31
57039.497   -1.522029036559    0.464500809016    0.4730    0.6739   0.213   12
57040.501   -0.017182601442   -0.595299592021    0.3199    0.5444   0.252   17
57049.209   -1.589917807877   -6.263600403145    0.5719    2.7391  -0.145    4
57053.511   -1.252299414141   -1.367899201909    1.1560    2.1807   0.734    7
57054.501    0.792283351859   -4.445600393410    0.9316    1.3536   0.606   11
57057.230    1.474564696555    1.707699607323    0.5697    0.6855   0.148   13
57061.291   -2.405299413744    1.250600404035    0.5140    0.5752   0.002   13
57062.230   -0.066479129688   -0.121899597616    0.5275    0.6152   0.017    9
57067.289    1.980919460800    0.947001606733    0.5411    0.6515  -0.056   10
57068.289    0.100989793139    1.451001597275    0.5401    0.6455  -0.014   10
57069.228   -1.705416187611   -1.624600793093    0.6443    0.8413   0.116    6
57072.249    0.676081688542    0.311900406302    0.4947    0.6014   0.018   11
57074.290   -0.261275231411   -0.428799600627    0.6447    0.7150   0.074    7
57075.291   -3.347730159656    3.241198797355    1.9141    1.4315  -0.729    5
57076.394   -3.107863187959   -3.632500802553    0.6871    0.8821   0.189    7
57078.228   -1.909085768182   -0.703400397128    0.4956    0.5890   0.026   12
57079.229    1.946976804527    1.495198806367    0.5542    0.6226   0.002   11
57081.289    1.164412216893  -10.641200394446    2.3810    1.7548  -0.709    5
57082.293    0.696506119856   -1.735700402605    1.9595    1.2931  -0.642    4
57102.499    3.762114262330   -0.740897992557    0.4775    1.2031  -0.216   23
57109.497    1.780491710101    0.858600000697    0.9243    0.7539   0.660    7
57110.501    0.599038893560   -0.838400401904    0.8721    0.7296   0.669   10
57123.497    0.988346901264    1.778101199079    0.8924    0.8174   0.725    8
57124.501   -0.699038132909   -0.627400800113    0.7708    0.6203   0.654    9
57130.499    1.506256076747    0.366699605081    0.9274    0.7294   0.582    8
57131.500    0.795383179936    0.685198803296    0.9102    0.7545   0.713    8
57140.207   -0.973415768057   -1.194598800680    0.4017    0.7601  -0.538   60
57177.229    1.532734703648    0.221900398856    0.4785    0.5115   0.422   11
57179.289    0.477344124290    1.155801598429    0.3855    0.5288   0.525   11
57184.227    0.051973809711    0.566899205978    0.4653    0.6645   0.416    7
57186.291    0.638336112763    1.312999206959    0.5877    0.6463   0.268    7
57187.291   -1.604284392678   -1.673701203231    0.5451    0.5851   0.244   11
57191.123    1.622315546115    0.621000006618    0.4437    0.5315   0.214   10
57193.289   -1.279200779808   -3.999499202223    0.6621    0.8037   0.337    7
57194.290   -0.085355376349    0.961801198684    0.5335    0.5708   0.194    8
57195.228    0.375225426493   -2.087398797812    0.5153    0.6614   0.385    7
57197.226    3.787609252985    2.005498807023    2.1144    1.4376   0.761    3
57198.227   -1.533576530254   -2.117998793949    0.5121    0.7243   0.438    9
57201.500    0.140993370389    0.402001197131    0.3680    0.5161   0.254   16
57204.363    3.718027028602    1.035900005775    0.7696    1.6086   0.093   57
57210.207    0.805804843436    0.356799607459    0.2736    0.2527   0.208   54
57218.232    0.495652363773    0.921599999515    0.3184    0.3887  -0.117   63
57234.270    0.722704394094    0.901101606132    0.3703    0.6078   0.163   21
57260.228  -10.603496893886  -29.041199998403    7.1135   16.8056   0.993    6
57269.272    0.726365311806    0.209998802347    1.0910    0.8392   0.724    3
57275.229   -0.345646779360   -4.493401196726    0.1408    0.2513  -0.178  113
57276.270    0.398607684089   -0.552999591719    0.5453    0.5811   0.123   19
57290.270    0.006622202766   -0.505799997086    0.3252    0.4480   0.248   15
57294.207   -1.410756122943    0.041900396752    0.2303    0.2026   0.272   14
57322.208   -1.283568247720    0.605001604015    0.3668    0.3761   0.133   19
57325.268    0.713688721299    3.966400801403    0.2093    0.3245   0.325   45
57339.268    0.690025918885    0.358099201492    0.3481    0.3855   0.148   22
57357.209    0.294802066462   -0.234899997054    0.2097    0.2637   0.388   29
57364.208   -0.161975624720    0.612900002750    0.1862    0.1775   0.333   66
57371.001    3.105611911877   13.581000004592    1.7204    3.2758  -0.226    3
57372.225   -0.464099718759    0.608799602730    0.6323    2.4447  -0.141   51
57373.248    8.880756103038   -2.336500797639    4.3105    7.3373  -0.571   10
57378.208    0.008873478847   -0.175798793123    0.2974    0.2985   0.470   55
57385.209    4.099732463912   -0.275198398469    0.2994    0.5394  -0.064   13
57400.207    0.968909564968    1.367100007599    0.2439    0.2779   0.299   32
57412.998  -10.079391521021   19.429902000923   11.7743   23.5397  -0.982    3
57414.207    1.385967490335    0.228898807109    0.1680    0.1412   0.159   78
57421.227   76.163003360878  371.547702006580    0.3131    1.3216  -0.265    6
57423.269   -0.260007591576    0.165402002494    0.2377    0.3951   0.347   36
57427.206    1.143987785579   -0.305297994885    0.5936    0.6927   0.716   20
57434.208    1.208073445237   -0.480700791172    0.2008    0.2718   0.093   88
57435.227   -0.019014789684    1.012499997444    0.8675    1.2216   0.335   41
57442.236    2.572913604983   -2.495498399924    0.1842    0.2609   0.189   88
57444.270    0.695096478226    0.021600001787    0.2361    0.2905   0.313   86
57455.206   -2.425301298446    1.096901999631    0.1741    0.2434   0.142   75
57463.231    0.846511704269   -0.706100394154    0.2475    0.2622   0.052   72
57470.229    0.195079913159   -0.560098796143    2.2543   12.9154   0.576    3
57477.209    2.737708512962   -2.024499595166    0.3586    0.2797  -0.188   65
57480.496    1.726966256966    0.219999608930    0.4336    0.4073   0.022   22
57481.497    1.131453196866    1.099400404314    0.5170    0.4761   0.293   18
57484.229    0.120710940870    3.287199606916    0.7302    1.5658  -0.323   37
57485.251   -0.448465301969    0.748299598285    2.8683   11.7388  -0.750    4
57490.208    0.639603752599   -0.181699199686    0.1896    0.1728   0.133   79
57491.231    0.049299794863   -0.584398794956    0.1814    0.2204   0.218   77
57505.209   -1.659638575282   -1.923598803444    0.8011    1.1523  -0.720    7
57512.207    0.722001110511   -5.479801201602    0.4448    0.3498   0.094   38
57518.208    0.075778613919   -1.984697999546    0.6835    1.4542  -0.477   20
57520.250    8.592860242931   -9.047897995629    1.3051    2.0502   0.230   12
57548.250    0.000000000000    1.327899607872    0.1515    0.2521   0.032   68
57554.229    0.658195995671   -0.397400397389    0.1663    0.2877   0.086   51
57561.227    0.662560004811   -5.447401198921    0.6034    3.2044   0.216   25
57569.248   -5.892332757342   -4.024598395347    0.2263    0.3218  -0.132   41
57574.208    0.688197189415   -2.400498001975    0.2160    0.2952   0.085   55
57577.269   -1.092855610320    5.402300405422    0.9941    0.9087  -0.631   15
57583.248    0.362971382597    1.284199204576    0.2471    0.8369   0.288   52
57591.269   -0.712421081463   -3.651001190974    0.9936    0.7322  -0.702   13
57619.269   -1.241032465263   -1.500699596590    0.5595    0.5529  -0.157   15
57636.998   -0.790593165412    6.095300405207    1.7627    4.7828   0.349   17
57637.082   -0.018450241278   -1.294498792959    0.2999    0.2613   0.149   40
57644.208    0.887357300279   -0.979199991491    0.3504    0.3610   0.202   48
57653.248    0.587487941094   -2.629699197598    0.4468    0.4705   0.280   26
57665.188    2.347693762903   -1.796597993575    0.7616    0.7788   0.016   15
57669.345    3.612953771140   -1.170399598038    0.4891    0.3762   0.160   25
57670.313   -0.235218958968   -0.928900796282    0.7467    0.6716  -0.066    6
57675.269    1.026376480632    0.743299207784    0.3394    0.6080   0.335   18
57679.207    0.037184486144    0.124902008736    0.2029    0.3693   0.465   40
57680.229    4.513552018179   -9.925398001087    2.3794    4.8683  -0.681   12
57685.189    0.407058616324   -1.670299201351    0.3407    0.2989   0.201   25
57699.186   -0.365929208880    4.327300808882    0.5181    0.3998   0.213   18
57708.229   -9.157104469451   17.501799599984    9.2151   30.5751  -0.912    3
57717.313    2.463050332996   -2.597101196500    0.4787    0.4195   0.314   32
57723.248    0.133387531377   -0.385300802463    0.1110    0.2250  -0.079  140
57731.269   -0.867355415577   -1.000900802239    0.0983    0.2046  -0.071   14
57732.292   -1.613300065473   -0.610099196763    0.4926    0.5151   0.461   32
57735.207    1.087507964933    1.666400406464    0.5458    0.3973   0.006   15
57744.272   -0.867497417372    3.860802007694    0.2558    1.1668  -0.385   15
57752.271    0.519176623164   -8.384500799252    0.3197    0.6776  -0.249    9
57786.247    1.469071590602   -2.339398793083    0.4256    0.6552   0.348    7
57792.229   -0.095073948420    2.625699606540    2.3521    7.5802  -0.735    4
57809.367    0.237051147209   -0.304898391335    0.1266    0.2852  -0.163   81
57819.207    2.627845240976   -0.974800796882    0.2249    0.4157   0.380   60
57834.230    7.917059099206    7.311301196467    1.0946    1.8670   0.506    5
57836.293    0.592135953823    0.952200008442    0.1648    0.4209  -0.222   45
57839.792   -0.325364349841   -0.165600000912    0.2126    0.4187   0.070   45
57840.209    0.778761668128   -1.403701193681    0.2016    0.3039   0.132   57
57841.228    1.883452234504    2.291202005722    0.8218    4.2043  -0.408    7
57843.270    2.702214213265    2.139199204976    0.3667    0.3075   0.030   38
57854.209   -0.660586006929   -3.423398396762    0.3581    0.5273   0.395   34
57855.228  325.246440120759-3470.147297998949    1.6646   18.3885  -0.343    3
57856.272   12.176515911756   19.536901197625    0.3149    0.8436   0.679   29
57872.197    0.444665649081    0.442000803957    0.1439    0.3112   0.045  114
57878.271   -0.548751811525   -0.416098797018    0.1743    0.2855   0.204   47
57885.270    1.175114617364    5.285901598029    0.3081    0.6216   0.321   20
57890.230    4.052971407491    1.921201207722    0.5785    0.6390  -0.095   19
57896.209   -0.927780157523    1.286801999356    0.2139    0.2146   0.238   54
57897.228    2.500657365753    8.526200404901    4.5941   15.9259   0.962    6
57901.417    0.783551682652    2.264601600643    0.2833    0.4251   0.351   22
57911.206    0.312971762923    0.554400007502    0.1766    0.1995   0.175   56
57919.271   -1.461320291024    2.274300005922    0.8005    0.6490  -0.746   14
57924.209    0.065495493442    0.288702003104    0.1705    0.2350   0.322   55
57943.713    0.062679476800   -0.316400397082    0.2260    0.6535  -0.279   28
57946.230  -43.018796468949  -81.740699994270    0.6292    1.6369   0.362   30
57948.268    1.488931473510    1.461499196864    0.2211    0.5284   0.063   18
57950.916    0.476357029272   -0.065699995844    0.2735    0.7228  -0.009   21
57960.230   -0.681574986649   21.404098806954    0.4927    1.2681   0.412   20
57970.691    1.058209862618   -0.420098400866    0.1522    0.4000  -0.302   82
57974.230  129.391763057738 -253.680400794565    0.6867    1.5456  -0.788   42
57976.272    4.789477837980   -3.093098398210    0.2126    0.3136   0.179   42
57987.207   -0.702841052415    0.362001603094    0.1226    0.1870   0.305   84
57988.230   -0.486778884926   -0.755798393470    0.4507    1.6818   0.107    6
57990.272    0.186486979128   -3.596400003403    0.3081    0.5298   0.191   10
58001.189    1.911340503035    0.963899999817    1.2850    1.3027   0.504    4
58002.208    0.061976385371    2.461301997414    0.2890    0.6852   0.130   51
58010.244   -5.569223334508    0.952401600784    0.3552    0.7145   0.103   22
58015.324    0.288744412103    3.224501996613    0.2912    0.8624  -0.183   57
58022.797   -0.384237448363    1.061398802449    0.5201    1.8702   0.104   64
58033.499   -2.970111455288   -2.601100800348    0.6860    1.4900   0.227    5
58036.001    0.281983474160   -0.552797999376    0.2999    0.7291  -0.387   49
58044.230   -0.548609809730   -1.232298001241    1.8416    5.5837  -0.079   11
58066.247   -3.305194569353   -8.125898392564    0.4726    0.8546   0.671    3
58072.226   -2.015146120662    2.528899202048    1.3186    2.2273  -0.140   11
58082.022   -2.929969142861   -7.628299195517    0.3702    1.5231  -0.166   16
58086.497    0.652841432741    0.359899208036    0.0713    0.1780  -0.307  182
58087.498    1.786687907483   -0.219499196419    0.0772    0.2016  -0.189  135
58088.498   -0.716362736146   -1.982599198413    0.1265    0.2761   0.412  167
58089.499    0.483682323467   -0.774197998510    0.0647    0.1796  -0.385  181
58090.496    0.356494448244    2.416100407743    0.0649    0.1733  -0.518  189
58091.453   -0.411142272802   -9.001000802300    0.0275    0.3870   0.148   10
58092.454    1.219201851091   -0.639698393456    0.2641    2.2571  -0.659    7
58093.451   -1.710344745158    2.791800007174    0.3727    1.8962  -0.487    6
58093.499    0.834680399139   -0.449899202692    0.0700    0.1983  -0.448  137
58094.452    0.326773991471    0.100699199379    0.2334    1.3238  -0.754    9
58094.496    0.033101021821    0.231101998338    0.0793    0.1659  -0.530  174
58095.478   -0.499171471844    4.233801597309    0.6557    2.1130  -0.595    5
58095.497   -0.030423740356    0.149400005967    0.0916    0.1811  -0.621  147
58097.498    0.212262706755   -0.517298396119    0.0508    0.1336  -0.395  155
58099.496    0.907501186776   -1.492498796551    0.0933    0.2002  -0.682  158
58108.291   -0.492975082308   -6.981497990921    0.2904    1.1974  -0.150   21
58137.058   -5.926417415409  -20.501499595582    0.1747    0.4199  -0.393   64
58142.227   -0.988346901264    2.439298798151    0.3471    0.9667  -0.004   36
58143.856   -5.105262158772    7.878200402445    0.3576    0.8534  -0.800   28
58157.249   -1.729359534842    0.607899599459    1.3223    3.0427   0.503    3
58163.229   -0.210430518513   -1.441000803482    2.3297    3.2869   0.675   26
58164.248   -1.777810969864   17.376800401792    5.5918    9.9258  -0.923    6
58171.249    0.062679476800    2.940400806040    0.4362    0.9638   0.493    5
58191.229    0.556499844485    0.747201596596    0.2160    0.4176   0.010   27
58203.797    0.405648974695   -0.903499201854    0.2872    0.8970  -0.756  150
58212.209    0.202401940736    0.299199602694    0.2174    0.3115   0.107   41
58213.228    0.095496495032   -0.667598392567    0.6887    0.8765  -0.203   12
58214.269    1.166524949952   -1.980799191870    0.8505    0.6692  -0.205    5
58216.836   -0.897920965574    2.787699607154    0.1677    0.4006   0.104   45
58220.248    0.838625320440    1.069300807899    0.2195    0.4476  -0.093   11
58225.208   -0.068311317929    0.368701203968    0.5752    0.9730  -0.710   31
58232.210   -0.467622093447    0.974098804818    0.3456    0.5287  -0.079   37
58240.165    2.243185053847   -0.793997993753    1.5329    1.1312   0.040    9
58245.742    0.794115540101    0.522100800993    0.2017    0.4659   0.031   21
58254.227   -1.452588621817   -0.428900396798    0.4922    1.1785   0.158   22
58258.146    2.094024562658    0.547700406628    5.2068    5.7852  -0.991    3
58268.209    0.837780227216    0.369399602107    0.2603    0.6320   0.163   25
58272.782  -11.748890862323   17.164000806247    5.9046    6.2508  -0.992    3
58274.210   -0.064508398423    0.674100007814    0.3271    0.4242   0.259   31
58279.305    0.733832607795    3.890199599255    0.2191    0.5612  -0.171   36
58291.271   -0.492694537491   -2.040098394218    0.2247    0.4160   0.002   11
58295.208   -0.356633183420   -0.144601195018    0.2675    0.2973   0.144   17
58301.297   -0.756224503756    0.923900405780    0.2062    0.5371   0.201   27
58303.229    3.979728073243    0.117000003286    0.9212    0.9656  -0.169   12
58319.271   -0.426634687797    0.272001608437    0.3030    0.5125   0.333   10
58331.229   -0.146060663113   -0.924901192434    0.3745    0.4402   0.097   47
58332.255   -0.187048068763    0.212698799373    0.3401    0.4867  -0.039   54
58337.208   -0.249021187516   -0.156499197601    0.2399    0.3533   0.056   37
58338.227    0.068595321518   -0.310798797898    0.3957    0.6142   0.272   17
58344.206    0.575234089352   -0.340397994592    0.2943    0.2649  -0.295   30
58346.442    3.704505344871   -1.761400791622    8.7003   11.8430  -0.993    5
58349.163   -0.134793714235    0.733899597094    0.8702    0.9282  -0.714   13
58350.185   -0.065211489853    1.400202002344    0.3701    0.5045   0.150   46
58362.290   -0.039719765815   -1.949000397872    1.8465    1.3239  -0.481    7
58366.227   -0.212120704960    4.078000797847    0.6365    1.8176  -0.077   32
58367.250    4.630598774719  -17.510400003573    1.9510    4.5314  -0.626    8
58374.252   -0.219584542178   -0.571201198341    0.1563    0.2765   0.060   84
58375.271   -4.448898351343   -1.410199202212    0.8105    0.7536  -0.561   21
58379.208    0.291844240180    0.461199603308    0.2192    0.3080   0.177   37
58381.250   -0.499032736667    1.024002003192    0.2666    0.5204   0.244   48
58386.206   -0.505793674610   -0.901400400721    0.2982    0.3731   0.119   50
58396.269    0.499597285074    0.586799997393    0.7224    0.5629  -0.168    7
58408.227    5.764019244078   -6.797401195513    1.1031    0.3968  -0.120    8
58421.208    0.047609608416   -0.562201191201    0.1609    0.2147   0.179   58
58429.225    1.123985900877   -4.714801195860    0.6228    0.8333   0.268   14
58430.248   -0.195641194947    0.072701998022    0.5194    0.6099   0.030   15
58437.246    3.070962705404   -0.108500395868    0.5072    0.6365   0.166   30
58445.165   -2.781089196488    1.583499603441    0.2940    0.7357   0.103   28
58450.227    4.657499948233    7.719800402128    1.1232    2.7689   0.564   10
58457.233   -1.631608304957   -2.365398002269    0.3904    0.3955   0.293   19
58464.227   -0.451284585229    1.593399601063    0.6926    0.4276   0.197    6
58471.226    1.093846164110    1.356199197744    0.7950    0.6261  -0.217   34
58473.271    0.289166958714    0.104900408360    0.2434    0.4842   0.058   34
58481.840   -4.808066814434   -0.188798391321    0.2874    0.6330   0.030   63
58487.271   -0.955526616414   -2.603401193824    0.6991    3.2555   0.696    3
58501.271   -0.102818522609    0.621701998682    0.3242    0.4298  -0.013   39
58505.161  -12.253839443709  -21.350800794551    0.4056    0.5761  -0.287  132
58506.249   -0.138454824101   -0.431200803064    0.0312    0.3250   0.226   20
58510.833   -0.806227390048   -0.058399199077    0.1316    0.2912   0.035  109
58512.780    0.394101481000   -2.789701193251    0.2522    0.4371  -0.140   49
58513.226   -1.023134842915    0.762300008716    0.5680    0.3430  -0.391   39
58514.248    0.741296637167   -2.504897997824    0.2171    0.9690  -0.395   44
58515.271   -0.063521303405    0.439498805349    0.2566    0.2808   0.064   31
58519.208    0.097609228091   -0.176400001806    0.1809    0.2251   0.196   29
58519.249   -1.402727545166  -11.917598402533    0.0581    0.6872   0.864    3
58520.228   -0.324377254823   -0.498999600040    0.4019    0.4052   0.298   15
58526.207    0.006480200971   -0.098099998525    0.1552    0.1689   0.025   90
58527.229    8.403837791978  -12.454898399028    2.3792    0.8339  -0.715    9
58530.834   -2.342200656950    2.161699197245    0.3368    0.9938  -0.596   56
58534.249    0.367480852304    0.597599998287    0.0293    0.2902   0.171   12
58540.733   -3.036590584975  -22.076701196738    0.1917    0.3579  -0.150   92
58547.249   -0.225219649926   -2.727601197705    0.0384    0.1880   0.343    9
58551.686   -2.500515363958    1.074499196818    0.3169    0.8667  -0.022   21
58561.209    0.058173465865   -0.605199602433    0.0533    0.1156  -0.070  428
58563.250   -2.304171077582    3.297801596602    0.3801    0.6420   0.353   21
58564.269   -0.462832078923   -0.040298401416    0.2964    0.3499  -0.005   57
58569.229    4.832716711866   17.090099997574    0.7736    2.7949   0.979   12
58570.249    0.693828838391   -0.318398402044    0.8500    3.3340   0.539   24
58571.271    0.166627096221    0.468000000353    0.1874    0.2822   0.143   27
58575.209    0.129020063465    1.303498800098    0.0670    0.1830  -0.156  247
58575.249    0.098031774702    0.215600401532    0.0602    0.2140   0.181   16
58576.228   -0.151131222454    0.273599997058    0.0814    0.1012   0.179   47
58577.250   -2.068387570208   -0.125600394085    0.3188    0.9156   0.160   45
58589.249    0.739606450720   -6.897398402828    0.3071    2.6282  -0.680    6
58597.208   -0.190147896840    1.002700808783    0.2787    0.3808   0.143   28
58603.249   -1.668089699672   24.868000804190    0.7969    7.0913  -0.870    3
58610.083   -0.220429635401    1.450400401382    0.2861    1.1861  -0.361   34
58611.208   -0.459874252641   -2.598497992778    0.3443    0.9419   0.020   12
58613.271    0.341705316831   -0.025898400224    0.2587    0.2870   0.116   39
58617.209    0.253250112405    0.127000797079    0.1768    0.1708  -0.025   52
58617.249   -0.876932178008    5.350600807219    0.2673    1.6091  -0.750   16
58618.228  -14.523783669275    1.573498796859    1.2647    0.7210   0.180   17
58619.250   -0.559880217379    0.211399205341    0.3751    0.8437  -0.117    6
58622.004   -0.354236446773   -1.894499993682    0.3053    0.5792  -0.323   64
58631.757   -1.763021646297   -0.421599600031    0.6719    1.2078  -0.336   28
58635.004   -0.110424361621    0.224499599710    0.2470    0.7392  -0.101  100
58638.207   -0.256488483505    0.142099196410    0.1435    0.2067   0.037   55
58639.226   -0.129581153099   -1.016499601292    0.1426    0.1800   0.030   79
58641.271    0.441004731369    0.041900396752    0.4215    0.5824  -0.219    9
58645.413    0.739183904108   -1.195199996573    0.2266    0.5005  -0.448   93
58646.250   -1.022151014514    0.772999200649    0.5805    2.1358  -0.554   13
58652.207   -0.700305772744   -1.350601192485    0.6419    0.6809   0.014   42
58659.249    1.898521910733   -0.371998802962    0.5700    2.9549  -0.768    6
58666.207    0.240008973492   -0.361501203372    0.1569    0.2293  -0.029   70
58669.271   -0.808901404895   -0.029800801826    0.3557    0.3437  -0.224   18
58670.101   -1.019051186437    0.371901600715    0.2982    0.6450  -0.420   71
58677.683    0.309871934846    0.197499603871    0.3204    0.7288  -0.489   77
58680.207    0.210994874766   -0.108799203247    0.1747    0.1716   0.053   62
58687.249   -0.019014789684    3.221301599865    0.3492    1.7536  -0.553   25
58688.228   -1.316246530776    1.219500008176    0.1110    0.1400   0.106   69
58701.209    0.437904903292    0.144298806504    0.1050    0.2858  -0.222  156
58701.249   -1.009052069549   -4.554601201789    0.0553    0.1347   0.261   39
58703.251    0.594106877241   -1.640300401107    0.5039    0.5442   0.447   15
58704.270    0.509035504481    0.407699998561    0.1897    0.3005   0.022   73
58708.207   -0.009718764225   -0.105001191741    0.1797    0.2091   0.014   55
58709.230    0.225081106903    1.257501597252    0.1801    0.2071   0.189   26
58712.722   -3.567879442395    8.185600805177    0.1937    0.4466  -0.116   85
58715.249    2.934056065956   -7.542197995747    0.1283    0.3280  -0.135   15
58729.209    0.036903941327    0.025700401807    0.1797    0.1862   0.020   22
58730.228   -0.142115741812    3.421000801040    0.0685    0.3234  -0.615   55
58732.248   -0.745941191124   -2.633198401725    0.1398    0.2353  -0.770   33
58732.270    0.235502962557    0.142099196410    0.2540    0.3202   0.214   11
58736.207    0.721156017288   -0.192797995169    0.3194    0.2867   0.101   25
58738.249    0.158740520238   -0.371699995583    0.3221    0.3756   0.283   15
58743.209    0.212685253367   -0.118198801147    0.1824    0.2406  -0.044   17
58743.249    0.067892037935  -13.503999595343    0.0396    0.1744  -0.211   40
58744.228  -34.036628218314   11.044699196816    1.2244    2.8016  -0.001    3
58747.059   -0.388605108429    1.821898804621    0.1787    0.4356  -0.106  135
58751.230    0.865807230925   -1.819598398356    0.2219    0.5361   0.599   16
58753.268    0.284096207219    0.530200804860    0.5045    0.6145  -0.054    4
58785.209    0.257195033706    0.233600403021    0.2301    0.2919   0.001   32
58785.249   -3.119552683448   12.514798797270    0.5983    2.7958  -0.937    8
58792.207   -0.141693195200    1.197298797706    0.2242    0.3120  -0.025   28
58795.122   -2.621084303033    0.984099598611    0.1660    0.3587  -0.045  134
58802.248    1.740207395879   -3.372699598003    0.0430    0.1649  -0.859   12
58802.270   -0.028591552114    1.174899601608    0.4235    1.3508   0.711    9
58803.501    0.141415917001   -0.138599992283    0.1803    0.3730   0.051  118
58807.230    0.203953584160   -0.065401201255    0.0612    0.0905   0.050  147
58808.249   -2.104865506152   -6.878599194238    0.4054    1.0800  -0.006   27
58820.207   -0.070566052783   -0.319600793830    0.2813    0.5049  -0.005   24
58827.209    0.234799871128    1.412100004927    0.0824    0.2486  -0.331  137
58827.249   -1.339767523549   10.197201598316    0.2869    1.8644  -0.749    9
58828.228    0.161979083491    1.853499600202    0.1332    0.2794   0.008   91
58834.083   -0.296911340749   -2.830201199799    0.3351    1.6467  -0.207    7
58877.230    0.700731585974   -0.247698002909    0.1107    0.2931   0.222   85
58883.249    0.280151285919    0.720702000478    0.1565    0.6303   0.732   13
58897.209    0.459596974441    0.153399597025    0.2005    0.4356   0.042   62
58899.905   -1.391883335054   -1.161399590899    0.1997    0.4419   0.513   46
58900.248    0.688758279050   -4.253299191248    0.0490    0.3398  -0.499   26
58905.227    0.511428782358   -0.128199594940    0.3735    0.9487   0.455   22
58911.250    0.413397007655    1.087401605560    0.0462    0.1395  -0.184   58
58920.249   -0.665234019659    0.289900800965    0.1886    0.2867   0.399   50
58925.209   -0.541145972513   -0.330497996970    0.2061    0.3352   0.100   44
58925.250    2.525307263184   -6.431597999779    0.3690    1.1034  -0.945   11
58928.270   -2.484600402351   -5.360500792051    1.1249    3.4580   0.952    6
58932.208    0.482975965420    1.704402008329    0.1479    0.7068   0.714    9
58939.209   -0.576217725598   -1.572800398719    0.1894    0.7203   0.628   10
58939.250    0.158034162191   12.050301607758    0.1611    3.0381  -0.408    4
58941.251    0.710027803587    3.119698803289    0.6970    1.0263   0.352    4
58942.891   -0.203385576982    1.746900007049    0.2410    0.5452  -0.450  108
58967.210   -0.225642196537    0.406501200700    0.3941    1.3902   0.612   33
58969.270   -0.027323912279    0.942101999613    0.3779    0.6957  -0.037   11
58974.208    0.230151666244    2.414300401199    0.4410    2.5442   0.581    7
58981.210    0.628897893356    1.721998799553    0.3504    1.6442   0.639   48
58981.988   -2.178389385217    0.411901207542    0.8147    1.0983  -0.475   71
58995.188    0.743973918632    0.251701200682    0.1751    0.3363   0.321   50
58996.207    0.536359224606    0.057600004766    0.3943    0.6397   0.244   37
59009.210   -0.893130951050   -0.288900001522    0.2690    0.3473   0.248   26
59009.250   -0.753124675679    1.178701207039    0.3116    1.2716  -0.435   18
59010.229    0.513260970599    1.519001999384    0.1894    0.3510   0.300   25
59011.270   -0.540300879289   -1.875398396578    0.3713    1.7360   0.322    5
59019.269   -1.406388655031   -0.326498393122    0.5550    0.5244   0.351    7
59023.250   -1.602313661413    8.380400399233    0.3144    2.0745  -0.415   17
59037.250   -2.141346900867   18.336301207000    0.6702    3.2104  -0.628    5
59038.229   -0.090987025325    0.289101606654    0.2944    0.4853  -0.031   44
59044.208   -0.452832769881   -0.536799596773    0.1455    0.2580   0.297   37
59046.250    0.345224232748    4.200598806392    0.4546    2.1643  -0.161   11
59054.270   -0.150144319590    0.696600000083    0.5186    0.3947   0.337    3
59071.916 -266.434935789968 -153.368297991108    5.3381    3.6701   0.945    4
59073.209    2.088812001522   -0.131000400927    0.3959    0.4848  -0.167   23
59074.250   -0.708898706775   -2.084399993407    0.3702    2.0430   0.405   17
59080.207   -0.064788943241   -0.002498391893    0.2957    0.3735   0.029   25
59080.251    0.609883103672    1.302901198130    0.0829    0.1976  -0.310    9
59081.230    0.398888228906   -0.477100790874    0.4149    1.6168   0.386    8
59086.208   -0.092677211772   -1.201600802858    0.2490    0.3673   0.052   18
59107.250    0.629039895150    3.090499197356    0.1763    1.2572  -0.476   17
59115.340    0.125781692365   -5.970301194225    1.5340    6.2744  -0.699   16
59122.229   -0.980034512051    1.241200806135    0.3040    0.7248   0.195   19
59124.271    0.444665649081   -0.164599201469    0.4554    0.3627  -0.293   25
59128.208    0.078033348772    0.302000408681    0.2172    0.5195   0.137   17
59131.269   -0.057044369052    0.229500003002    0.3240    0.4953   0.058    8
59136.207    0.037045943122   -0.564098399991    0.1521    0.2302   0.152   30
59137.248   -0.006899480965    0.284299201780    0.2351    0.5409   0.191   48
59143.231   -0.356771726443   -0.384800402742    0.2801    0.6024   0.120   37
59145.269    0.018592243072   -0.205700391120    0.3108    0.4086   0.106   16
59149.206    0.212120704960    1.894201199093    0.2969    0.8078   0.049    6
59152.271    0.469315738666    0.773200805781    0.2891    0.4241   0.036   13
59156.270   -1.845280653341   -2.709799194633    1.2357    2.1452   0.203   25
59159.269    0.587345939299    0.448300801281    0.3562    0.5654   0.204   11
59163.250    0.277054916613   -0.919000798660    0.0531    0.1290  -0.010   46
59165.248    0.215501077855   -2.436199197575    0.2812    0.7748   0.232   21
59170.208    0.052960904729    0.102700798266    0.4953    0.4254  -0.306   15
59173.269   -0.746647741325   -0.038300396454    0.8977    0.4125  -0.612    5
59177.166    0.124794597347   -1.903899591582    0.3151    2.3672   0.245   90
59178.207   -0.499878022045    0.005000403291    0.3918    0.5177  -0.095   16
59184.208   -0.827071101356    2.573801997130    0.4421    0.5163  -0.031   18
59186.250   -0.549596904748   -0.379799999450    0.2341    0.4919   0.248   34
59187.269   -0.572695350910   -0.082299594339    1.1163    0.4842  -0.649    8
59191.206   -0.900878984010   -0.998701192145    0.5891    0.6669   0.493    6
59198.208    0.124091505918    0.367999199113    0.3010    0.8420   0.069   33
59199.227    0.363113384392   -0.386600396496    0.2809    0.7743  -0.134  123
59229.269    0.560725310603   -0.279298798489    0.3889    0.4461  -0.019   21
59231.585   -0.900033890787   -0.006098392191    0.3763    0.4200  -0.034   51
59233.206    0.085355376349    0.358801206346    0.3249    0.3679   0.222   25
59234.229   -0.001267639835   -1.560398402489    0.1539    0.4554  -0.192   55
59235.456   -0.047183795187    0.808801205210    0.2856    0.3905   0.055   69
59241.227    6.428553631079    0.095500797670    1.6671    2.0651   0.075   34
59255.202    1.179904631888    0.339800405413    0.2104    0.5478  -0.030  151
59256.246    0.308604295010    1.785999597814    0.3656    0.7204  -0.316   92
59262.207    0.751295754055   -1.533398393860    0.7565    0.5023   0.364   17
59268.208    0.766227079416    0.314701199500    0.2290    0.3179   0.138   25
59269.227   -0.086481014390    0.371501997165    0.1974    0.3084  -0.200   35
59270.250   -0.241979704756    1.171198805139    0.1424    0.3305   0.300   70
59271.737   -0.075494610330   -0.668498395839    0.1075    0.2217  -0.114  116
59276.229    1.181594818335   -3.967599599264    0.2200    0.3907   0.258   59
59277.248   -0.122539862494    0.531799206271    0.2361    0.4792   0.558   70
59282.208   -0.540300879289    0.438199198527    0.5028    1.8471   0.747    9
59283.227    0.190854447041    0.133099202060    0.1790    0.4089   0.247   46
59284.250   -0.092396666955   -0.298699202972    0.1582    0.2700   0.100   83
59285.269    0.275645274984    0.533098800304    0.3324    0.3914  -0.154    8
59290.226    0.040142312427    0.839401201347    0.1485    0.3195  -0.005   88
59291.248    0.059018559088    0.289501197415    0.1249    0.2131   0.193   77
59292.271   -0.042816327274   -0.230597991902    0.2827    0.3285   0.035   24
59304.229   -0.004225466118   -0.979898402420    0.3266    0.4985  -0.034   69
59305.248    0.814539971415    1.966600808601    0.0429    0.1099  -0.062   34
59318.229    0.216630174667   -0.962099993274    0.4089    1.0328  -0.144   29
59320.249   -0.070988599395    1.062601207025    0.0366    0.1124  -0.266   31
59325.217   -0.107750538927   -0.547599597667    0.1517    0.3635   0.143   35
59326.250   -0.164794907979   -0.708901200142    0.1327    0.2572   0.194   71
59333.248    1.575270486105    0.077799603559    0.6230    0.5980   0.401   26
59334.249   -2.317831304336   -4.875699600859    0.0341    0.0845   0.142   29
59348.249   -0.787351335541    8.291998805987    0.2898    2.8617  -0.281    8
59352.187   -0.058873290676    2.205799204091    0.3649    0.9194  -0.066   30
59361.249   -0.313813397374    0.893901605536    0.1165    0.2665   0.276   54
59366.209    0.751437755849   -1.067299196222    0.6784    1.9728  -0.676    5
59367.228   -0.222684370255    0.432799204475    0.1087    0.2393   0.333   47
59373.207   -0.440859462957    0.664599600952    0.2180    0.3692  -0.024   16
59374.251    0.233109684681    1.930100405900    0.2628    0.4380  -0.205   45
59380.209   -0.542271610554   -0.558601190903    0.2304    0.4513   0.064   11
59381.228    0.023101712779   -0.037598391600    0.1367    0.2827   0.364  155
59402.208   -0.803830845554    2.324098801409    0.1703    0.3573  -0.038   41
59408.209   -0.386634185011   -0.141001194720    0.1778    0.2889   0.204   94
59410.250    0.047890153233    0.426402004905    0.3646    0.3686   0.054   27
59417.249   -0.071691690824    0.172101603368    0.1068    0.2737   0.145   68
59418.249   -0.744393006472    5.487299996787    0.3534    1.7905  -0.736   10
59422.209   -0.473395744218    1.354798807540    0.2085    0.3766  -0.265   20
59423.228    1.263427819995  -14.632498796630    1.0049   35.1706  -0.318   12
59425.251   -0.553822563020    0.824698798851    0.1580    0.6150  -0.691   55
59430.248   -0.426212141185   -0.237301199491    0.1679    0.4102  -0.115   27
59431.249    0.114511284716   -1.757498402810    0.4005    0.8596   0.333   46
59438.251   -0.141693195200   -0.824299195301    0.0962    0.2442   0.153   82
59445.230    0.324380713595   -5.711500801908    0.7481    4.2604  -0.173    5
59446.249    0.565795869944   -2.153800798510    0.2126    1.1679  -0.517   20
59460.250   -0.796647361000    2.998602006699    0.1705    0.8701  -0.702   29
59465.206   -0.293811512672    0.820198808071    0.2981    0.4373   0.150   23
59471.207   -0.344940229159   -0.654598794370    0.1926    0.2514   0.245   59
59473.249   -1.257792520094   -0.551897996104    0.7913    0.4171   0.199   15
59486.230    0.146767213313   -0.128800803623    0.1547    0.4185   0.263   93
59492.209   -0.309587931257    0.679600798037    0.1987    0.3461   0.136   20
59493.228   -0.210430518513   -0.592599594995    0.1222    0.4380   0.151   66
59499.189    1.363994874368    1.537099203119    0.3543    0.4282   0.425   49
59501.227    0.790312428441   -0.897199191741    0.6272    6.3160  -0.031    5
59507.228    0.652983434535    0.286498799085    0.5055    0.4487  -0.143    8
59508.251    0.105215259257    0.417401997765    0.1410    0.2378   0.125   93
59514.230   -0.454242411511    0.329698802659    0.1726    0.4419   0.409   44
59521.210    0.129020063465    1.777701608319    0.2510    1.0631  -0.100   21
59522.229   -0.127326418246    0.044899201157    0.1379    0.4272   0.398   40
59528.230   -0.441423819209    0.177501597420    0.1411    0.3614   0.316   55
59541.189    0.070708054577    0.087199201459    0.1099    0.2483   0.317   77
59542.208   -0.159582346843    0.240501609028    0.1111    0.1856   0.139   51
59542.248   -0.078594438407    2.580300005661    0.2126    1.3298  -0.871   13
59543.249    0.684532812932   -0.858999591458    0.0750    0.1850  -0.071  121
59550.251    0.081836268278   -0.684100801607    0.4126    1.3074   0.228    7
59555.207    0.256911030117    0.031701604541    0.1566    0.2841   0.214   86
59557.249    0.621150052549    0.058301996830    0.1380    0.3428   0.445   42
59558.250   -0.033239564844   -0.184600801845    0.1643    0.9751  -0.803   24
59562.209   -0.351278620490   -0.336599995876    0.1705    0.2873   0.172   84
59563.228   -0.422973577932   -0.984099598611    0.0862    0.2508   0.135   72
59564.251   -0.449732941804    0.246999604769    0.3030    0.4203   0.050   69
59592.284   -0.247050456251    0.421902001335    0.3017    0.4288   0.210   55
59594.585    0.539317243043   -0.734500792987    0.5803    1.3519   0.029   13
59597.083   -0.062253663570   -0.230000402723    0.1366    0.3500   0.117   52
59600.250   -0.407761707754    0.338400002420    0.0766    0.2599  -0.566   52
59605.228    4.009164718581  -21.213100792750    0.8962    3.7371  -0.186    3
59618.209   -0.815381605866   -2.238498001361    0.2224    0.7179   0.412   43
59625.207   -0.725658761605   -2.086397998369    0.3323    1.1377   0.694   31
59626.230   -0.409310084560   -0.507999594390    0.3244    0.3779   0.227   56
59632.209    0.373535240045    1.545501608291    0.1794    0.6636   0.064   54
59633.228   -0.577343363639    0.269899200589    0.1143    0.3201   0.216   65
59635.248   -0.120143125846   -2.355299993440    0.0232    0.0727  -0.192   47
59654.230    0.077046253754    1.779101998522    0.2174    0.5815   0.624   21
59655.249    0.364381024227    0.458200798903    0.2771    0.6355   0.385   21
59656.250    0.058734555499   -0.453797997579    0.0546    0.3425  -0.293   33
59667.207    0.260152859988   -0.573199203302    0.1691    0.5739  -0.169   25
59670.272    0.612699120314   -1.668200400218    0.4220    4.2225  -0.713    5
59677.248   -0.211698158349   -1.153000792442    0.1041    0.2266  -0.519   26
59677.270    0.948488592426    2.479499997321    0.3459    1.2443  -0.192   13
59683.249   -0.359871554520   -0.391201196237    0.4555    0.9991  -0.056   19
59683.271   -0.359168463091   -3.833499597761    0.4388    1.9991   0.808    5
59689.206   -0.040142312427   -0.438800394420    0.1765    0.7746   0.120   18
59690.251    0.094090312174    0.756799205703    0.1627    0.4217   0.378   23
59691.270    0.131274798318   -0.556498795845    0.2030    1.0283  -0.203    8
59695.208   -0.102257432974    0.936500400428    0.2270    0.9361  -0.187   27
59698.272    0.264094514671   -3.232000791797    0.4611    1.7791   0.228   10
59703.207   -0.705237789063   -0.350297992213    0.1684    0.6800  -0.021   33
59705.248    0.189867352023   -5.065300793206    0.1243    1.4472  -0.830    4
59709.208    0.257053031911   -1.533301191614    0.1926    0.7901  -0.393   24
59712.268   -0.081975003455   -0.644698796748    0.2337    1.4099  -0.182    4
59718.251   -4.875816850575    8.201300400401    1.5360   10.2594  -0.058    9
59719.248    0.574108259157    0.581698797930    0.1239    0.2899   0.725   88
59724.230   -0.079016985018   -0.289799992004    0.1407    0.3283   0.447   48
59726.250    0.236067510963    1.624600805883    0.0986    0.4966  -0.123   27
59730.082   -0.016760054831   -0.377999992907    0.7188    0.7851   0.288   48
59733.248    0.738338618730   -0.287600394699    0.1557    0.9168  -0.187   41
59737.120    0.271561810660    0.098802003379    0.1675    0.3776   0.364   29
59739.227   -2.610236634150   -0.731300396239    1.4086    1.1708   0.571    7
59740.250    0.374380333269   -1.243400403439    0.0547    0.2030   0.079   35
59747.248   -0.440578725986    0.067798796977    0.0515    0.1380   0.158   46
59752.208   -0.165217454591   -0.363599991715    0.1634    0.8197  -0.128   26
59758.210   -0.551851639602    0.182800808091    0.1972    0.8479   0.143   34
59765.208    0.035213754880   -0.390600000344    0.1562    0.6392  -0.307   81
59767.249   -0.146060663113   -1.568800794871    0.0642    0.2581   0.127   27
59774.251    0.198741023024    3.396301198677    1.2034    1.1344   0.735    7
59775.248   -1.590620899306  -18.626198401250    0.1569    0.9122   0.844    5
59779.208   -0.203950125388   -0.089200800346    0.2238    0.5760  -0.222   28
59786.210   -0.143525383442    0.210401999823    0.2747    1.0939   0.053   17
59787.229    0.958065354857   -0.017200794389    0.5282    0.5772   0.273   50
59793.208    0.412271177460   -0.016801190839    0.1856    0.3928  -0.174   40
59794.230   -0.618050224472    0.407599202390    0.1627    0.3963   0.449   40
59795.250   -2.129657405378    8.351099997128    0.1181    0.7331   0.463    9
59803.248    0.593684330630   -1.488200398114    0.1725    0.6961   0.048   26
59824.250    0.016198965196    1.534201207676    0.0799    0.3521  -0.193   39
59831.249    0.850314815929    1.189900798693    0.2044    0.9540   0.745   31
59835.208    0.858765748165    0.511999198238    0.4185    1.5539  -0.169   13
59843.229   -0.505509671021   -1.149299995973    0.1670    0.5163  -0.115   26
59845.249    0.260713949623   -1.270000795728    0.0639    0.1896   0.020   49
59859.249    1.268640381131    4.001202006521    0.0593    0.1462   0.206   54
59859.271    0.213530346590    0.522900008093    0.2505    0.3161   0.095   10
59863.084   -0.223387461684    1.000602007650    0.1302    0.4202   0.041   41
59866.269   -0.141554652178    0.012301200059    0.2617    0.3382  -0.064   14
59870.210    0.169442920709   -0.033098400820    0.1489    0.6051   0.368   21
59878.227   -0.441565821004   -3.814700401961    0.9932    1.6276   0.148   33
59879.250   -0.455368049552   -1.807898394190    0.1219    0.3722   0.404   23
59899.229    0.362126289374    1.602900007924    0.2458    0.6199   0.362   23
59962.227   -0.144935025072   -0.861998395862    0.2210    0.5474   0.088   36
59963.250   -0.436353259868    9.853902001566    0.1802    0.5736   0.261   42
59968.206    0.351281887108   -0.203101203056    0.2697    0.5100   0.317   41
59969.229   -0.032113926803   17.207899207961    0.6595    4.4333   0.257   10
59975.208   -0.012392586918   -1.388599200425    0.4569    0.8739  -0.153   35
59977.250   -2.303748530970   -3.449897992880    0.3297    0.9246   0.179   22
59989.208    0.008873478847   -0.129499201762    0.2255    0.7204   0.435   27
59996.206    0.374944689521   -0.463798791372    0.2378    0.5147   0.382   15
60024.206   -1.103561469563   -1.347497997983    0.5481    0.7072   0.082   28
60032.227    0.900456437398   -0.080297995453    1.2191    1.9458   0.521    5
60038.207   -0.040987405650    0.673300800713    0.7182    1.4868   0.592    7
60052.207   -0.387618013411    0.698101199248    0.3287    0.3878   0.065   21
60081.229   -0.196766832988   -0.512499597960    0.3577    0.5027   0.552   16
60090.269   -0.315361774181    0.236300400047    0.4676    0.4448   0.321   21
60096.270   -2.590660754831    1.821499201071    2.3127    1.0883  -0.848    4
60102.228   -0.668191845941   -1.231898397691    0.4511    0.9124   0.632    7
60106.041   -0.239724969903   -0.052700397646    0.2322    0.1694   0.147   58
60118.269   -0.211698158349   -0.893599191443    0.8517    0.7839   0.331    5
60159.250   -0.109863271986    0.745001999292    0.6652    0.6186   0.474   25
60167.249   -4.810037545699   11.554200003161    0.1716    0.4722  -0.942   43
60180.252   -0.564666773132    0.126500397357    3.1068    2.5176   0.486    9
60185.209   -0.881864194326   -0.333298802957    0.5288    0.5213  -0.065   24
60195.238   -1.420755239831    3.762900007587    0.3248    0.6299  -0.032   44
60199.209   -0.058028005298   -1.035298797092    0.4565    0.4397  -0.004   30
60206.207    0.715943456152    0.155199603569    0.2947    0.4016  -0.096   25
60206.207    0.715943456152    0.155199603569    0.2947    0.4016  -0.096   25
60206.207    0.716788549376    0.153500405986    0.2947    0.4016  -0.096   25
60207.230    2.017400855515    0.399999598244    1.8111    0.9447   0.830    7
60208.249   -0.169581655886    7.425500406555    0.0901    0.3406  -0.193   68
60208.271    0.306491561951    0.042001205713    0.3667    0.4768   0.400    8
60223.249    2.938281532074   -5.802598798255    0.1128    0.3000  -0.447   56
60223.271    0.223529463478   -0.105598793709    0.7391    1.1208   0.682    5
60227.209   -4.039727001960   -0.258901201278    1.2457    1.8945  -0.511    9
60230.251   -0.272122900295    1.347102001148    0.0965    0.1451  -0.209   43
60236.230   -0.186344977334   -0.232397998445    0.3263    0.3839   0.419   22
60237.271   -1.830207326186    0.195001199188    2.5618    1.7055   0.162    6
60244.251   -0.369025770339   -4.860500392567    0.0747    0.0860  -0.335   86
60248.211   -0.639035745421    1.135299598332    1.1565    1.7967   0.371    4
60251.250    0.196770291760   -0.427600802766    0.1015    0.3236  -0.171   23
60256.228   -0.407900442930    0.274302001912    0.5706    0.6386   0.352   14
60262.207    0.473679747807    3.835400400476    1.0652    2.4376   0.747   10
