%-----------------------------------------------------------------------------
%                R.A. (mas)        Dec. (mas)        Err. (mas)     Corr. Del.
% Uncertainty in R.A. is in R.A. cos(Dec.)!!!!
%-----------------------------------------------------------------------------
46840.289    2.589422880415    0.657799200710    2.0802    3.4349   0.042   27
47098.356    6.223637819370   11.049897601723    3.3769    8.9849   0.268    4
47164.912    9.696003392597   80.741199601420    5.9558   54.1527   0.786    6
47174.507  -18.123726363979  -32.673099598668    5.9013  103.7695   0.561    6
47177.911   -0.387274351020    4.901399999468    0.6090    3.2931  -0.833    4
47181.918    2.551901477353    4.430700002089    1.6019    3.1382   0.946    4
47197.905    1.367894202979    0.765698400684    0.8323    0.5027   1.000    5
47201.915   -0.340969285775    1.054198801853    3.2826    6.3020  -0.381    8
47207.339    1.271557079432    1.337000401591    1.1204    5.4753   0.184    9
47216.916   -2.370101282978   -2.256299998038    1.4277    1.5611  -0.056   11
47224.926   18.880407924683   22.523097601379   21.4287   38.2238   0.758    4
47227.903   -1.817850816496    6.808899600941    4.7043    7.5763   0.785    4
47274.253    2.699753696933   13.791700802201    1.2908    5.9795   0.410   14
47278.256    0.883689594571    1.131300000878    0.9256    3.6419  -0.069    8
47279.337   -0.867308741015  -16.853900400093    1.1301    7.5340   0.465   15
47285.178    3.310072982142    9.052898402118    1.4641    5.2626   0.060   10
47288.249   -0.865375571573   -1.420999199908    3.5220    2.9260  -0.125    4
47358.502   -2.928751907364    3.308900401677    1.9816    1.1228   0.269   19
47423.005   -2.492342511414    3.859099200199   17.7860   15.6695  -0.072    6
47426.077  -16.525047033308  -49.011299997659   14.5789   42.0283   0.948    6
47432.921   -1.037941768927    6.402798000593   14.0468   26.3845  -0.224    3
47452.462    3.864256821194   29.568700799842    1.1174    9.3223   0.839    3
47459.252   -8.354166859295    7.043097599535    4.5645   21.1020   0.039    4
47465.016    8.041041957332    3.650198399541   10.2148    8.7193   0.152    6
47510.588  -42.846601347996  -13.846600800349    4.1540    4.4506   0.360   13
47510.840   -3.646125350872   -7.803799200445    6.3662   13.2973   0.949    5
47511.538    5.080725579453   -9.836802000152    2.3482    4.3805  -0.339    9
47531.926    0.927164477003   -0.688201198429    1.8951    1.8421   0.779   20
47553.673   14.724763541179   45.400499999459    2.2499    6.7240   0.499   11
47568.100    0.168696202166   13.517100002503    0.4842    2.7034  -0.065   13
47572.918   -0.998933874957   -1.261299599165   10.3007   19.9065   0.974    3
47639.726  -10.439584414268    4.572597599761    2.3703    2.8766   0.290   18
47649.252  -12.632499149769  147.676298399446    1.5022    6.2497  -0.324    8
47654.263    6.441322611158    0.684100801607    4.2927   27.0584   0.330    6
47659.248  -33.201816484512 -298.739102399637    0.8446    3.4245   0.230   13
47660.341   13.895869560292  182.572599601727    0.9430    4.8023   0.100   11
47664.234   -0.828000623820    3.251700000462    0.5976    2.6278   0.203   15
47682.354    1.890513571516   -2.326600800018    0.5002    0.8392   0.190   20
47685.554   -9.057693065140   -8.619199197568    1.8128    3.5403   0.051   16
47710.340   -7.638880353146  -12.126902397469    2.0165    3.3748   0.824    3
47726.246    1.776609326731   -5.517399599597    0.8329    2.4436   0.246    3
47743.205    0.907213648357   -3.697401597691    0.2915    0.5677   0.011   31
47746.054  -19.106579608606  -85.126301997818    2.4261    4.6807   0.794    3
47756.252    8.766755634539   13.170200402257    1.9499    3.6342   0.803    3
47763.158    0.021737339652    1.366999201835    2.4073    3.9272   0.768    3
47770.336   40.374509685326   59.783400000057    2.0335    3.8768   0.750    3
47777.232    9.054419656970   31.024900802024    1.5541    2.6183   0.631    3
47787.258   -1.306398411294   -8.951702400140    0.6298    0.8802   0.222   16
47797.258   -9.109658292884  -10.788501599279    1.7754    2.7457   0.608    3
47805.352    2.148546496002    3.323998801008    1.5783    2.5743   0.720    3
47811.360    0.578008116063    0.035200802273    0.4828    0.7806   0.014    7
47816.324   -5.183015979243   35.495899202331    0.8976    1.5734  -0.149    3
47834.422   -0.504902135686   -0.180100798275    0.8528    3.8187   0.145   12
47840.328    0.873712555223    2.372799601602    0.5463    0.7469   0.294    4
47844.660    0.744621037174    1.459299599560    0.5165    2.0000   0.320   33
47852.239    3.344167412244    1.568898000315    0.7607    0.9561   0.301    5
47857.232   -1.487008478553  -13.944401997890    0.5467    0.8976  -0.020   15
47865.352    2.421023245170    4.462099202129    0.5704    1.0200   0.111    6
47874.242    2.186811144518    4.492998002448    1.1854    2.0013   0.579    4
47878.095   -1.137852320741    1.426698001339    0.4457    0.5943   0.144    8
47888.151    9.650145209013   12.889198799471    0.6903    1.0503   0.034    9
47895.090   -0.948011912765   -0.128501999441    0.5311    0.8715   0.120    3
47902.425   -0.014890706343    3.260199601485    0.5454    1.0467   0.145   10
47909.233   -0.274113351689   -0.973601999021    0.5883    1.1379   0.206    3
47914.255   -0.257736154437   -0.840700798577    0.7983    3.4388   0.310   12
47919.244    1.257563386461    9.590997602515    1.0683    5.9339   0.431   10
47924.263    2.178770930917    1.039798800662    0.9914    4.2867   0.043    9
47929.260   -0.796586264917    0.331200001824    0.5904    0.9337   0.112    4
47931.082    0.278433681714    5.789699999426    1.1476    5.8631  -0.086    8
47934.253    0.446979975395   -7.081199997572    1.1854    6.5636   0.265    7
47943.183    0.893663180742    1.564599601878    0.5782    0.5785   0.044    9
47958.100   -0.291534017619   -5.671202400492    0.6433    1.1415   0.093    6
47972.100    1.090353878332    0.425998801035    0.6338    0.9966  -0.036    9
47986.071   -0.263096499966   -3.460899598906    0.5386    0.8352  -0.012    7
47998.164   -3.970567530911   -5.487602398091    0.5291    0.8202  -0.002    8
48013.161   -0.247015869636    2.256998402572    0.4557    0.9303  -0.014    8
48027.256   -4.433627933509    1.346997601459    0.6078    0.6248  -0.057    6
48047.246    0.530509673654  -11.573801999987    0.6514    1.0825   0.015    6
48055.318    2.425936709037   -2.590502398192    0.7139    0.7767   0.307    6
48069.234    0.681488642968    6.753398400505    0.4591    1.0117   0.083    7
48078.168    0.174949701633    2.011600799534    0.7370    1.3273   0.002    7
48090.364   -1.383674610084   -8.453599199854    0.4201    0.8003   0.112   11
48110.435    6.245525270635    3.311899199687    7.0202    3.4054  -0.041    3
48111.253   -2.474625278562    2.503800002529    0.3811    0.6126   0.062   39
48126.246   -0.456063657676    1.920499199670    0.4144    0.7821  -0.168   30
48132.269   -0.287814134044   -4.921401599844    0.3562    0.7663  -0.149   40
48146.415   -3.297415871594  -12.568201199770    0.5612    0.8640   0.001   46
48155.346   -0.279920375751   -1.778601598801    0.7385    1.6063   0.025   22
48160.346   -0.948905269832   -2.596600799976    0.5317    0.7561   0.221   27
48167.242   -2.109088267194   -1.446901200453    0.5336    0.6300   0.090    7
48174.255    0.281113956043    2.508498001319    1.4747    7.7556   0.441    9
48179.244    3.337320778935  -15.363399598911    1.6446    9.9404   0.207    9
48181.275    2.818571405586    3.836098801813    0.6206    0.8759   0.146    5
48188.346   -2.455267786885  -26.426501997889    1.9036   11.5087   0.331    9
48194.245    2.717470929785    4.842900001023    1.6838    3.5969   0.482    7
48195.337   -0.101246931110   -1.978001998992    1.6643    8.7726   0.537    9
48196.403    3.198849011684   -2.478801599182    0.5437    0.8693   0.183    4
48210.316    1.505172593066    1.850698800610    0.5909    0.6291   0.301    8
48229.250    0.300768014641   -1.258902000245    2.2729    4.3645   0.708    3
48237.333    6.453529589996   -1.988099998229    0.5065    0.6696   0.064    9
48260.351   -1.432513088094   -1.115701198628    0.7551    0.9608  -0.062    6
48265.352    3.089558007541   -0.798501597643    1.0581    1.0458  -0.078    4
48272.328   -1.154826308138    1.101798000036    0.7149    1.0617  -0.174    5
48280.345    6.534082650133   -5.013100798479    0.8283    1.2010  -0.148   20
48285.334   -2.495769484373   -2.656501198217    0.9433    0.8688   0.065    9
48307.271   -3.028512550693    2.028297600276    0.6070    0.6799   0.082   10
48315.332   -0.096187011934   -0.098499598877    0.8761    1.2376   0.412    3
48322.232   -2.617713942760   -2.558800800045    0.7491    0.9314   0.054    7
48327.269    7.831100812225    6.441800401902    0.7541    0.8389   0.114    9
48329.259   -1.068316315454    1.639400401032    0.9026    1.3115  -0.208    8
48336.415    1.866392727585   -5.635202397514    0.5772    0.9518   0.033   12
48349.261    4.865720655738   -4.632400798954    0.4322    1.1320  -0.220    6
48350.364   -0.369256894943   -4.315499998953    0.5436    0.7451  -0.133   11
48356.259   -7.010843835086    6.787000801367    0.7070    0.7138   0.172    9
48357.336   -2.854752569920   -6.045901200480    1.1579    5.0735   0.378    6
48358.417   -1.608356349922   -5.221101599062    0.9249    3.7035   0.139    7
48362.285   -3.351761150440    9.284198402071    0.6903    0.8894   0.088    6
48368.831    0.306721290883   -0.576100799066    0.3388    0.9910  -0.155   16
48371.249   -1.467504531568   -1.673499598098    1.4460    2.8962  -0.075   10
48372.363    0.153062250368   -3.586201198402    0.6432    1.0041   0.052    8
48375.832    0.261459897445   -0.557999998207    0.2851    0.7131  -0.211   36
48379.346    2.337790113832   -1.463399999579    0.6525    1.0450   0.106   11
48382.834    0.147405541047   -1.851199200331    0.2861    0.8100  -0.249   46
48384.270   -0.928950988009    0.282700800369    0.5730    0.9685  -0.222    7
48386.268   -0.224384969789   -4.243899599743    0.5573    0.7122   0.038   17
48389.832   -0.089933309339   -0.154501199034    0.3046    0.7907  -0.267   38
48393.251   -0.792712613425   -0.023799599091    0.4450    0.8211   0.106   22
48396.834    0.114054356398   -0.948801600487    0.2535    0.8112  -0.304   34
48400.257   -0.127751482449   -2.279001598637    0.3183    0.5524   0.074   29
48403.833    0.026651006648    0.238399201180    0.3068    0.9007  -0.292   44
48406.261    0.646797422719   -0.496900798908    1.1312    4.3725  -0.011    9
48407.357   -0.578604906209   -0.904899598453    0.7452    0.9213   0.202   10
48410.834    0.187757126922    0.408999602186    0.2957    0.7659  -0.274   47
48414.271    0.956795574948    4.236897600762    0.3123    0.5502   0.052   30
48417.833   -0.249399373915    6.531598801018    0.2193    0.5247  -0.181   40
48419.250   -2.202891774849    8.678098799564    0.3904    0.7332  -0.074    6
48421.262    0.712906455046    2.564798402460    0.2919    0.5035   0.113   31
48424.834    0.456063657676    2.081397601472    0.2243    0.5172  -0.195   40
48428.257   -0.207857864053    1.077998400945    0.3045    0.5212   0.037   31
48431.833   -0.020843982585    1.690599599513    0.2266    0.5288  -0.251   45
48434.247   -0.827107266753   -0.791801999966    1.1067    5.3959  -0.284   17
48435.350    0.056282104593    0.198500400117    0.4354    1.1422   0.122   13
48438.834    0.180460158775    0.401400001238    0.2502    0.7179  -0.268   66
48439.163   -0.962452284270   39.673800002049    0.6117    2.7175  -0.134    7
48440.281    1.195771027855    0.277099201185    0.3358    0.5882   0.118   28
48445.833   -0.666154711268   -0.066801597853    0.2539    0.5449  -0.123   42
48449.266   -1.223018824648   -0.601099199216    0.3018    0.6354   0.164   23
48452.834    1.114028043730   -6.848600400389    0.2040    0.5236  -0.233   51
48454.270    1.707373544669    2.094098401884    0.3798    1.1400  -0.202    5
48456.334   -0.871182392508    3.748100399648    0.8510    1.9151  -0.042    4
48457.429   -1.170310148323   -7.100301597873    0.3554    0.6255   0.198   24
48459.248    0.233615310506    0.097599602000    0.2243    0.5640  -0.200   46
48463.259   -1.019481290621   -1.425002397681    0.5289    1.3339   0.137   13
48467.251   -0.138621878863   -7.588699198635    0.2358    0.6119  -0.265   47
48470.261    1.084396945785    2.656497601095    0.5927    0.9098   0.161   14
48473.833    0.041838076783   -1.824299997466    0.3029    0.9275  -0.281   36
48475.254   -0.164676095365   -3.520501199361    0.6193    1.3290   0.660    3
48477.262   -0.065958920715    0.924098401001    0.4336    0.8580   0.110   26
48480.831   -0.178969808434   -0.537501598430    0.3201    0.8296  -0.270   39
48484.279   -0.894259767760   -2.607299998303    0.2932    0.5389   0.149   28
48487.836    0.696529257795    1.268899200113    0.4116    1.1098  -0.237   33
48491.343   -0.178376674592    1.192298400809    0.3432    0.6189   0.125   24
48494.835   -0.252972802182   -0.108500399065    0.2918    0.8419  -0.256   39
48495.423    0.307468192642   -0.782600400484    0.4141    0.9595   0.096   17
48497.253   -0.282153768418    2.043899999649    0.7906    1.9383   0.259   14
48498.359    0.361070226034    5.062197601902    0.3356    0.6233   0.154   28
48501.833   -0.531403030720    0.244299601349    0.2888    0.8867  -0.270   37
48505.357   -0.647840688270    0.980899201863    0.3170    0.6684   0.189   29
48509.247   -0.975556276479    0.786398402397    0.2679    0.8129  -0.289   63
48509.247    2.131125830072    1.045497602092    1.5625    3.6733   0.732    9
48512.272   -0.244039028386   -0.222699599561    0.2954    0.5639   0.135   27
48515.836   -0.400825021763   -0.363401999692    0.2810    0.8316  -0.255   36
48519.266   -0.501028484193   -0.367902000065    0.3115    0.6086   0.140   29
48522.835   -0.468274089691    1.137999601752    0.2998    0.9275  -0.262   37
48524.255   -0.262053031287   -2.044900799092    0.5602    1.0470   0.056   15
48526.286   -0.038861438662    0.388699200826    0.3374    0.6585   0.189   25
48529.833   -0.067599179540   -0.168800397660    0.2700    0.9126  -0.300   40
48533.332    0.051518752338   -0.358599598016    0.3671    0.7218   0.396   24
48536.831    0.128198160983   -0.893401199420    0.2746    0.8342  -0.210   39
48538.255   -1.013077679541   -3.630999600190    0.9697    4.3612  -0.038   10
48540.257    0.965879257229    0.543499200845    0.3335    0.6733   0.283   24
48543.833   -0.189393729443   -0.091501200217    0.2564    0.8002  -0.281   37
48547.332   -0.181056745793    1.299700801383    0.5169    0.8800   0.444   18
48554.334   -1.228228855436   -1.403402399092    2.1358    2.6459  -0.039    8
48557.833   -0.176439848846   -0.020901600450    0.2345    0.7333  -0.260   39
48559.250   -0.158275937461    0.866199601646    0.2282    0.7263  -0.187   20
48561.255    0.387274351020    1.111600801806    0.3389    0.6546   0.316   24
48564.835    0.186266979709    0.323899201859    0.2564    0.7281  -0.245   35
48565.247   -0.568180985200    0.227397601549    0.6776    2.4579   0.037   12
48568.253   -0.440876384412    0.832798799522    0.2880    0.5560   0.136   28
48571.837   -0.518749373349   -1.645502399938    1.2386    2.6851   0.448   21
48573.254    0.237485508822   -0.255902400070    0.2499    0.6999   0.063   15
48575.252    0.492988270592    0.647697601153    0.3352    0.6390   0.259   23
48578.835   -0.257736154437    0.269298001498    0.2774    0.7506  -0.230   37
48580.256   -2.770479626207   -3.965799599115    0.5378    0.5398   0.282   15
48581.293    0.520982766016   -6.916802398038    0.5325    3.8974  -0.344    5
48582.253   -0.261606352753   -0.249001200459    0.3465    0.6770   0.253   23
48585.833    0.279623808830    0.137998799588    0.2348    0.7597  -0.330   42
48587.254    0.103630638517   -0.086702398860    0.3957    0.7569   0.387   18
48592.835    0.520682542791   -1.748401199819    0.5900    3.4265  -0.625   13
48593.423    2.763629336594    5.871398401069    2.3162    3.5130   0.618    6
48596.334    0.154552397581   -1.081101598643    0.4117    0.8750   0.161   10
48599.833    0.264586647179    4.267198802310    0.4781    1.8053   0.372   10
48602.255   -0.181950102859   -1.395000000315    0.3014    0.7491  -0.143   13
48603.277    0.529916539812    1.626699600621    0.3356    0.6870   0.388   23
48606.831    0.060452323006   -0.540201598653    0.2120    0.6216  -0.164   34
48610.334   -0.363750297234   -0.679302000250    0.4602    0.9664   0.161   13
48613.504    0.115690958919   -0.678002399823    0.2765    0.6425  -0.121   33
48617.252    1.021861138596    0.741499201240    0.4094    0.6822   0.463   18
48620.839   -3.366054863509  -12.554999999637    1.0201    3.4704   0.894    4
48624.254    0.295257557499    0.053297999614    0.3334    0.5987   0.302   24
48627.837    0.527829602453    2.649798000220    0.5276    1.6595   0.609    7
48631.252    0.017867344464   -0.707399997779    0.3364    0.6698   0.230   20
48634.831   -0.435219471963   -0.417599999381    0.2691    1.1646   0.205   26
48636.252    0.215151175895   -0.824399997867    0.3499    0.4394   0.106   32
48638.250   -0.730477232590   -1.269701997941    0.6914    0.8219   0.558   18
48641.833    0.259523071699   -0.105199199751    0.1947    0.5431  -0.203   38
48642.169   -1.459610773275   -0.394599597797    0.9674    5.6256   0.721    4
48643.331   -0.208897676428   -0.608799599533    0.4902    0.7035   0.030    6
48645.248   -0.034544764941    0.265197601479    0.3341    0.6349   0.237   18
48648.831   -0.022037562877   -0.533102397426    0.1717    0.4566  -0.181   37
48649.255   -0.163336059765   -3.929000398628    0.6142    2.9567   0.267   14
48650.340   -0.279176927169    0.441197999734    0.3113    0.6365  -0.131   24
48652.250   -0.520385975870   -0.457502397566    0.3433    0.6879   0.341   23
48655.840    0.053752145005   -1.276801199168    0.4482    0.6106  -0.324   17
48659.252   -0.229745315318   -0.760302000558    0.3392    0.5956   0.242   23
48664.248   -0.872372316495   -0.067802400494    0.5826    0.6126   0.195   16
48664.259   -0.419882290214   -3.161300399057    0.9153    4.2265   0.231    4
48666.082    0.018910813144    0.311598001801    0.9410    1.5635   0.346    5
48669.840   -0.459190407410    3.411298801836    0.4636    1.3903  -0.087   15
48673.259    0.148895688260    0.427399200831    0.3190    0.5405   0.207   24
48676.835   -0.139515235930   -0.389300399917    0.2031    0.6193  -0.295   40
48678.259   -1.666278510212   -3.721201199980    0.8232    2.0794   0.209   15
48680.250   -0.103780547002   -0.210401999823    0.2622    0.4658   0.144   20
48683.830    0.170036237766    0.284698802133    0.2840    0.9250  -0.285   39
48687.248   -0.366576823743    0.829097999855    0.3052    0.5568   0.122   24
48690.831   -0.320868548644    0.340200002569    0.1900    0.5041  -0.167   40
48692.256   -1.224955650394    2.075097600951    0.2471    0.5567   0.043   21
48694.254    0.540336601388   -0.568601997486    0.6877    0.7282  -0.159   17
48697.833   -0.292727597911    0.621198001838    0.4770    2.6876  -0.681   17
48701.252   -0.390401100754   -0.973601999021    0.3251    0.7324   0.014   16
48704.835    0.296001006081   -4.505900398399    0.4734    2.7724  -0.731   17
48708.254   -0.686402106835    2.103497999784    0.3437    0.7512  -0.269   13
48711.833   -1.414495835145    2.666599200651    0.8019    9.3714  -0.665    6
48713.258   -0.201454049845    1.661698800959    0.8252    2.3102  -0.037   16
48715.248   -0.177629772834   -1.591502398668    0.5201    0.7490  -0.076   14
48718.835    0.453680153396   -0.005400000447    0.2950    1.3830  -0.518   16
48722.250    0.718863387593    0.578699999920    0.3634    0.7720  -0.047   10
48725.837    0.378490891965    2.367100800171    1.0281    3.7776  -0.375    4
48726.085    0.629080189867    0.311997602154    0.5847    4.0056   0.157    4
48728.248    0.361216681342   -1.062899998416    0.3205    0.5205   0.036   19
48732.835    0.102737078323    0.087800400550    0.2562    0.5879  -0.217   29
48733.251    0.236445493319   -0.912499199401    0.8425    1.7604  -0.024   11
48736.250   -0.155892433181    0.364197600078    0.3083    0.5206  -0.035   20
48739.833    0.038861438662   -0.445899598844    0.3449    0.6925  -0.204   17
48741.170   -1.775269291130    0.259898400401    0.9514    1.2486  -0.148   23
48741.250   -0.619399514313   -0.313901998794    0.4073    0.7062   0.161   10
48743.256   -0.298087740312   -0.154000799313    0.2665    0.4336   0.103   27
48746.835    1.379061369442   -2.575101597557    1.1364    1.7276  -0.081   12
48748.168    0.222744914091   -0.135601197471    0.3477    0.5734   0.033   29
48748.300    0.087253441266   -0.328100398050    0.4271    1.0465   0.011    6
48750.250   -0.125964565188    0.592599601390    0.3139    0.5340   0.054   16
48753.833    1.901234059446    4.608698402109    0.9437    3.0576  -0.474   12
48754.257    0.690722436861    0.871797600510    0.8923    4.2205   0.442   12
48755.017   -0.365537011368   -4.702302000581    0.8476    2.9218  -0.334   17
48757.267   -0.064472429807    0.020199601991    0.3560    0.6170   0.007   16
48758.337    0.997293616131    6.336198001478    1.4398    6.4848   0.086   14
48759.422    0.116137637453    3.388399199622    1.1009    3.9097   0.575   15
48760.832    0.044668259596   -2.123200799176    0.2712    0.8325  -0.095   25
48764.250    0.340522810369    0.443897999958    0.3744    0.6910  -0.170   17
48766.383   -2.214358961409    2.278699200531    6.7747    2.4333   0.013    3
48767.837   -0.232425386518   -0.829299598593    0.3132    1.0767  -0.348   31
48770.175   -0.516812547603    1.446098399427    0.4370    3.2176   0.104    4
48771.241    0.116287749065   -0.363599998110    0.3140    0.5458   0.137   19
48774.835   -1.012184322474   11.533697999866    0.6237    3.4220  -0.731   12
48774.996   -1.101224274746   -2.791900800148    0.4447    3.5193   0.186    4
48778.250   -1.457677603833    0.611099999404    0.6435    0.9965  -0.247   11
48781.837   -0.330395456281    1.897797602268    0.3971    1.0378  -0.301   30
48786.337   -0.703229435796   -0.001900799518    0.5568    0.9470  -0.036    7
48787.411   -0.459787197556   -0.476600397548    0.9293    2.0836  -0.102   24
48788.832    4.586097050036   -2.609999998526    1.1875    3.4784   0.064   14
48792.250   -0.107353975269    0.214200001736    0.4302    0.7398  -0.257   10
48793.335   -1.686972584313    1.671400800163    0.2734    1.0651   0.196   29
48794.420    3.472515684839    1.671498002409    0.3709    1.2994   0.203   24
48795.833   -0.244485706920   -3.367501199492    0.4177    1.4032  -0.439   25
48797.170    0.339629453303   -0.088901999362    0.3969    0.5847   0.108   51
48797.251    1.355237092431   -1.030802400237    0.3863    0.6845   0.161   11
48799.252    0.709779705313   -1.310299200341    0.4543    0.7593   0.093   18
48802.832   -0.013550467615   -1.728701997550    0.3114    0.8947  -0.231   32
48804.428   -7.934731247614   -3.579199199422    3.0116    2.6028  -0.184   24
48805.502   -0.247759115090   -0.570801597988    0.3633    0.5739   0.064   21
48809.837   -0.194157081697   -0.253000797912    0.4746    1.4623  -0.418   21
48810.082   -0.945924975406    2.338200001617    1.3147    3.1894   0.128   11
48812.061   -0.100353574043    0.962600399390    0.8266    0.5594   0.052   28
48812.251   -4.947613751475   -4.325601598509    0.4199    0.8706   0.100   21
48813.329   -0.098270292989   -0.495500399111    0.4075    0.6753   0.035   19
48816.835   -0.303744652762   -0.879400798581    0.2431    0.6808  -0.020   33
48820.250    0.132218267783   -0.864701999603    0.4109    0.7121   0.251   16
48823.844   -0.597812286273    2.319400799422    0.6451    1.5596   0.444   12
48824.166   -0.649627605532    1.256900401359    0.6321    3.0062   0.324    5
48827.420    0.166016130965   -0.281199598007    0.4278    0.7524   0.245   16
48830.835    1.248776271101    1.168398002349    0.5885    1.4706   0.219   21
48831.876   -2.331239844316   -0.861400800289    0.4880    0.4158   0.019   23
48833.125    0.079213024537    1.960999199824    0.2389    0.4820  -0.100   40
48834.250   -0.492094913525   -0.305200799033    0.4540    0.6102   0.294   23
48837.837   -0.278433681714   -0.785599198494    0.3287    0.8445  -0.243   42
48838.878    0.644267463131    0.291600001745    0.3734    0.3208   0.217   22
48840.135   -1.321439229249    2.181700800818    0.2665    0.3821  -0.036   45
48841.252   -0.568477755249   -1.007100000194    0.2622    0.4374   0.240   36
48844.832   -0.251035976436   -0.064501197983    0.3486    0.8436  -0.230   34
48845.084   -1.488945304299   -1.998500398770    0.6235    3.6870   0.166    5
48845.190    1.149165942512    1.072400402080    0.2029    0.5746   0.174   22
48848.250    0.286027419910    0.575899200328    0.4163    0.6035   0.263   18
48851.837    0.215004720587    1.346198400753    0.5355    1.5391   0.123   23
48853.167    0.697422614862   -0.477701999557    0.3783    0.4911   0.128   41
48853.258   -2.056679814094   -4.112200797479    0.9685    3.5406   0.265   12
48855.252    0.052261997792   -1.200801598955    0.3619    0.6187   0.134   20
48856.333   -4.088938561031  -10.920301197714    1.8628    4.9930   0.415   15
48857.422   -1.762462068970  -10.113800398770    2.0225    5.6161   0.431   13
48858.835    0.362410261634   -3.049999200400    0.3862    1.1913   0.125   14
48862.254   -0.062535604060    0.943200001302    0.4422    0.8296   0.027   11
48865.834    0.468570859739    0.088300800272    0.2467    0.9246  -0.021   17
48869.252    0.372533959418   -2.482099198176    0.3753    1.0517   0.198   16
48872.835    0.090079967775   -0.585900000516    0.3651    1.6782   0.179   24
48874.421   -0.241952294156   -1.010901599230    0.6973    2.3144   0.108   15
48876.247   -0.330545567894    0.956898000837    0.3893    1.0806  -0.160   17
48879.834    0.022930919944    1.235898001539    0.3549    1.5482   0.259   16
48881.265   -1.876666333853   -0.728600399214    2.1419    3.5273  -0.010   17
48882.431    1.140532391941    0.241999201478    0.6803    2.7416   0.057    6
48882.916    0.362260150021   -0.050601599710    0.1995    1.1469   0.064   20
48886.832   -0.254162726170   -2.439201599103    0.3414    1.4388   0.271   25
48888.169   -0.692805717915   -0.105602400424    0.4712    0.5522   0.181   28
48888.249   -0.726603581097    2.121400802224    0.3567    1.0517  -0.050   14
48889.918    0.844527932684   -4.495201200072    0.4522    2.2506   0.096   18
48893.837   -0.990446779694    1.620500399468    0.3913    1.7319   0.364   24
48896.916    0.256396118837    0.370098000246    0.3527    1.7956   0.228   12
48900.832    0.015483840184   -0.057700797740    0.2557    1.1193   0.121   11
48903.915    0.944288372885    3.904398001708    0.5298    2.1354   0.522   11
48907.834   -0.045265049742   -2.668201199185    0.2915    1.3956   0.285   25
48910.916   -0.806860074314    8.352399600753    0.1832    0.8132   0.171   21
48914.832    0.258479603019   -0.760399199606    0.2280    1.3486   0.282   20
48915.175    1.399905352028    1.266598800242    0.8857    3.7914   0.244    4
48916.253    0.768591769493    0.448398000330    0.3915    0.5805   0.230   31
48916.253    0.381617641698    0.651200402402    0.4783    1.2828   0.581   10
48917.922    0.857481813280    8.083699201222    0.2259    0.9779   0.039   19
48921.834   -0.403651548271   -3.133400399946    0.3079    1.5548   0.221   25
48924.916    0.240465803247    1.661500802541    0.2022    1.0467   0.064   21
48928.832    0.385934315420   -0.454201198252    0.3625    1.5188   0.204   24
48931.170    0.794352872250   -0.157100399889    1.1307    1.4837   0.358   12
48931.254   -0.556270776411   -6.220699200554    0.2357    1.1981   0.133   31
48932.335    0.109437459452    1.135997999668    0.2411    0.8410   0.002   18
48935.834    0.135048450596    2.507399999629    0.2133    1.2303   0.147   22
48937.255   -0.075936163190   -0.251999998468    0.4893    0.7623  -0.097   36
48938.044   -1.092290704078   11.689797600312    1.2532    3.9499   0.189   34
48939.274    0.283047125485   -0.259700398786    0.4644    0.7228   0.217   15
48940.377   -0.082486229579   -1.433199600598    0.4382    1.0827   0.403    8
48942.836   -0.559247414532   -0.364499998184    0.2206    1.0909   0.238   26
48946.254   -1.478521586418   -2.419099199358    1.2901    2.5597   0.799    7
48949.834   -0.021590884344   -0.543200399861    0.4226    1.6257   0.279   22
48951.262    0.161252778710   -4.861000798684    2.8632    6.6204   0.623    4
48956.832    0.073552658911   -2.134699198209    0.2544    1.2260   0.211   21
48959.086    1.216915233665    1.512500400125    0.6646    0.8664   0.314   28
48960.251    0.229595203705   -1.144501197814    0.3242    0.7803   0.060   15
48963.834    0.091570114988   -0.799700398701    0.2674    1.3953   0.129   19
48967.253   -1.022608040355    0.282700800369    1.3217    1.0846  -0.107    8
48970.836    0.114947713465   -0.220899599412    0.2173    0.9956   0.288   26
48971.168    0.099013538443    4.573997999557    0.7095    3.7384  -0.014    5
48972.333    0.726156902564   -0.860799598001    1.4624    2.7882   0.420   16
48974.247    1.526020028828    0.414000002280    2.4628    5.5711   0.664    6
48977.834    0.389804513736    3.067200001183    0.3718    1.5077   0.364   16
48979.258    0.470954364019   -0.588801599477    0.3216    0.8352   0.193   19
48984.836    0.103927205438    0.072698400899    0.2954    1.3894   0.144   16
48987.334    0.826960811445    1.373900401447    0.3587    0.7255   0.058   19
48991.834   -0.226618565584   -1.337799599099    0.1896    0.9768   0.121   46
48993.087    0.836637830695   -0.318999597937    0.8448    0.6650   0.222   75
48994.917   -0.391591024741   -0.295801197936    0.4870    1.1862   0.207   11
48998.836    0.163636282990    2.300000401334    0.3221    1.6628   0.285   25
49002.251   -0.384744391432   -1.035799200011    0.3059    0.7570   0.061   18
49005.834    0.135641584438    1.194800399418    0.1945    0.9517   0.183   44
49009.253   -0.089186610708    1.040399999752    0.3290    0.7452   0.126   18
49012.832    0.162889381231    0.978800400731    0.2082    0.9727   0.134   46
49014.417   -1.503239220496   -0.486799199351    0.8648    1.2231  -0.421   26
49016.251    0.228405279717    0.038998800989    0.5063    0.8970   0.155   13
49019.838   -0.349602836346   -1.655899200159    0.2167    1.0408   0.153   29
49021.087    0.163039492844   -0.100400398395    1.0274    1.1040  -0.323   25
49022.175   -0.360323324275    0.467100000279    0.7020    2.1748   0.160   11
49023.092   -0.533786535000    0.467398801263    0.9537    4.8366   0.371    4
49023.253   -0.319378604559   -1.031799599360    0.4341    0.9819   0.166   11
49026.836    0.237635417306   -0.245199598226    0.1963    0.9340   0.119   46
49028.085    1.163459858709    1.328900400921    0.5089    0.7618   0.295   39
49028.085    0.019804170210   -0.523501197591    0.4328    1.2769  -0.157   15
49030.251   -0.006996744922   -0.291599998548    0.3513    0.8359  -0.029   14
49033.834   -0.024567522465   -0.425102398083    0.1702    0.7955   0.157   43
49037.249    0.404991583871   -1.796799598708    0.3343    0.5798  -0.020   17
49040.832   -0.184776832496    1.010800799861    0.2134    0.9938   0.163   36
49044.251   -0.270840146647   -2.307499199716    0.4067    0.9336   0.207   16
49047.834    0.224831851450   -0.883799999585    0.1667    0.8272   0.118   47
49051.253   -0.780355726102    0.734900399735    0.5709    1.2132  -0.272   15
49054.832   -0.363153507088    1.554199201337    0.1541    0.7542   0.164   49
49056.085    0.132514834704   -0.374399999004    0.3623    0.4330  -0.045   19
49058.251    0.496561698859   -0.007401599333    0.3290    0.7268   0.081   19
49061.834   -0.423605830094   -1.810299599825    0.2473    1.0187   0.118   31
49063.017    1.349280159885    0.346798800877    1.0122    0.7575   0.017   17
49063.083   -0.224831648322   -4.005799199547    0.9234    2.0444   0.245   12
49064.164    0.624166522872    0.404200800830    0.7743    3.2908   0.076   10
49065.249   -0.330842134815   -1.037800798898    0.3547    0.8010   0.088   19
49068.836    0.425839222761    1.069599602488    0.2492    1.1507   0.193   35
49070.081    0.732263946723   -0.484599598849    1.3407    0.7993  -0.318    8
49071.122    0.760998234425    6.267398401860    0.7201    3.6855   0.335    5
49072.251    0.210834502174   -0.183801597942    0.4552    1.0062   0.107   15
49075.834   -0.259076190037   -1.613401198242    0.1889    0.8559   0.189   43
49079.253    2.279721295106   -0.721299599249    1.3275    0.9220  -0.138    6
49082.832   -0.474377680674   -1.292799598573    0.2324    1.0099   0.154   20
49085.254    0.090230079387   -0.940701599816    0.4940    1.3715  -0.053   19
49089.834   -1.064446117138    3.408098401891    0.2335    1.0614   0.085   21
49090.999   -0.364343431076   -0.699101998691    0.6183    4.2317   0.248    5
49092.084   -1.640964085988    0.986299202310    1.0451    0.9026  -0.386   21
49093.257   -0.434772793429    0.864500400866    0.5041    1.0432  -0.089   15
49096.832   -1.616696786748    2.199297601635    0.2079    0.8918   0.147   24
49099.166   -1.225698895849    0.403599601739    0.8261    0.6870   0.225   16
49100.251    0.319528716171   -0.441100797488    0.3973    0.8782   0.099   19
49103.834    0.190733765043   -1.226699999179    0.3297    1.4896   0.233   27
49105.083   11.797201354674    0.497898001228    0.7548    0.5784  -0.502   96
49107.249   -0.228405279717   -0.658501199169    0.4473    0.9269   0.047   20
49112.166    0.535573249134   -0.301802397473    0.4537    0.6011   0.136  102
49112.166    0.807006529622   -0.590799598044    0.4118    0.5414   0.123  102
49113.254    0.232275274905   -1.772899200247    0.2858    0.6386  -0.033   24
49119.251    0.866862062482    5.528098801122    0.5407    0.8667   0.126   15
49121.421   -1.016651107808   -6.564099599871    0.9704    4.5179   0.392   30
49125.168    0.124774641200    1.284897599518    0.2712    0.4480   0.095   22
49126.250    0.592898822406    0.484498799480    0.2263    0.6644  -0.256   26
49126.253    0.096483578855   -1.979499597837    0.7969    4.9182   0.051    3
49132.167   -0.003126749734   -0.506001599021    0.4480    0.6245  -0.038   22
49133.251   -1.264410222898    1.297998000283    0.2063    0.5540  -0.265   21
49134.336    0.502668743019    2.433599999918    0.7065    1.7393   0.591   21
49140.253   -0.260712995686   -0.253900797986    0.2130    0.5486  -0.223   19
49141.342    0.695782356037    1.564599601878    1.0344    1.1517   0.229    5
49142.087   -0.264883214100    1.406199601561    0.4781    2.8162   0.066    4
49146.163    1.876516425368    0.266598001275    0.4811    0.8951  -0.019   27
49147.251   -0.185670189563    0.217598400098    0.2783    0.7334  -0.233   30
49148.340    0.824727418778    2.798297999718    0.5091    1.4695  -0.055   26
49153.168   -1.034668563885   -0.291599998548    0.1380    0.2131  -0.075   86
49154.253    0.295854347645   -4.075199998255    0.2176    0.6666  -0.572   21
49160.002    0.189840407976   -2.922602400091    0.7982    0.9784   0.085   18
49161.251   -2.086307458863   -2.115399599489    0.1637    0.5259  -0.533   28
49162.983   -0.009977039347   -8.426800799555    0.1948    0.7882   0.011   71
49164.064    0.824427195552   -1.411300797827    0.7912    0.7615  -0.164   15
49168.253    0.111670852119   -7.177100398792    0.1964    0.7362  -0.115   13
49175.251    0.881009523370    1.486900800884    0.2219    0.2826   0.246   22
49176.292    5.283666120206   -0.743000400405    1.1163    4.1077   0.146   17
49181.004    0.386084427032    0.435200400517    0.4753    0.5679   0.077    9
49182.253   -0.222744914091    0.630500400689    0.0997    0.2586  -0.100   32
49183.334    0.878626019091    3.195597600936    0.1614    0.3221   0.071   49
49184.423    2.686949927949    5.659999202123    0.4341    0.9674  -0.009   11
49188.086   -1.144999177275    0.744897599603    1.0694    4.5701  -0.218    5
49189.252    0.460827009931    5.192297999557    0.1786    0.5622  -0.056   27
49196.250    0.013250447517   -6.032001599010    0.1432    0.2598   0.147   27
49197.334    0.351092983558   12.017098800854    0.4593    1.5739   0.049   18
49203.252   -0.898280077689   -3.626301598203    0.1328    0.2436   0.117   28
49204.336    0.518749373349   -2.337901197436    0.6268    2.2718   0.511   19
49205.417   -0.530809693751   -2.390000399188    0.3635    1.7966   0.382   20
49209.169    0.077572765711   -4.164602400536    0.2568    0.7217  -0.267   49
49210.250    0.990146759597    1.042199999901    0.1890    0.3127   0.114   14
49211.335   -0.572944540583   -0.579902398101    0.5443    0.9088  -0.023   23
49216.170   -1.303421773173    0.187599599855    0.1807    0.3066  -0.113   51
49217.252   -1.918654725377   -6.638201997688    0.2562    0.6822  -0.015   14
49218.333    1.698736540922  -13.142501998686    0.3725    0.6812   0.041  127
49223.169   -0.740304160325   -9.813301198847    0.1795    0.7185   0.027   42
49224.250   -0.351243095171  -12.940199999534    0.8434    2.7089   0.426    6
49225.335   -1.534803691011   -4.303299598263    0.3559    1.1526   0.093   17
49230.002   -0.456213566161    0.188899200282    0.4326    1.4208   0.243   10
49231.252   -0.328312175227   -4.803501599682    0.1430    0.2787   0.089   35
49232.333    1.681762553525    1.826798402149    2.2352    1.1001  -0.412  126
49232.333   -2.373674711245    3.289698002007    0.6604    0.9191  -0.438  125
49237.081   -0.248952695382   -1.091599198233    0.4483    0.4992   0.165   77
49238.253    0.903043429943   -2.964599999089    0.1534    0.2594   0.089   14
49245.252   -0.515919190536   -0.269999999958    0.3100    0.5441   0.193   21
49246.329   -2.022135049153   -1.258999199294    1.8082    0.9732   0.007   15
49252.253    0.457403693276   -0.962701198759    0.2646    0.4560  -0.095   20
49253.335    3.036256197374    6.820397999974    0.5867    1.7377  -0.056    7
49254.007   -0.227361811038   -2.100700800511    0.3049    1.0531  -0.004   22
49254.416    0.027247796794    2.030299202360    0.4489    1.9921  -0.171    9
49258.003    0.070129342256    0.583099200924    0.3817    1.1131  -0.044   14
49259.252   -0.509665487940   -0.247301999678    0.4011    0.5987   0.086   11
49260.333   -0.282750558564   -1.279800000376    0.4167    1.8747   0.071   20
49261.005   -0.725710224031    0.567900002224    0.4587    1.4976  -0.026   14
49266.250   -0.053602033392    0.944100001377    0.3327    1.1844  -0.075   22
49267.335   -0.572051183516    2.198498400929    0.2387    0.9864   0.198   21
49268.412   -3.398516347395  -21.575300397458    0.5011    1.9696   0.393    6
49272.167   -0.095293654867   -1.094201999408    0.2810    0.5295   0.015   68
49273.252   -0.030821021933   -0.127400397432    0.2278    0.5322   0.040   37
49274.333    0.372087077756    0.290397600367    0.6022    2.9455   0.444   24
49275.421    0.039458228808   -0.540799197424    0.4372    2.4643   0.504   16
49279.169   -0.085913202538   -0.125301599496    0.2212    0.1964  -0.106  114
49280.250   -0.118667597040    0.241999201478    0.1936    0.4861   0.051   32
49281.335   -0.194457304923    0.403797600157    0.2614    1.1608   0.330   53
49286.083   -0.688338932581    0.549799201366    0.5599    0.4202   0.356   64
49287.252    0.092613583667   -1.016402399046    0.2851    0.7812   0.094   29
49288.333   -4.120949710079    7.487200801748    3.3183    4.2144   0.028    7
49293.085   -0.539593355934   -0.496900798908    0.3397    0.4975   0.044   56
49293.169   -0.367323725502   -1.952999998522    0.3091    0.8671  -0.118   33
49294.250    0.107354178397   -0.219599998985    0.2192    0.5541   0.064   24
49295.331    0.456660447822   -3.709900799365    1.6096    3.3043   0.452   16
49300.003    0.868948999841   -0.473900400522    0.5653    1.6914  -0.002    9
49301.252   -0.020100737131   -0.562201197596    0.2038    0.4558   0.012   42
49308.254   -0.293320731753    0.528598799932    0.2904    0.5907   0.151   21
49309.331    0.645010708585   -0.623102398478    0.2059    0.7963   0.483   37
49315.252   -0.480334613220   -0.668599198406    0.4312    0.7373   0.469   18
49322.246    0.023824277011    0.680500801309    0.2055    0.3584   0.346   30
49328.167   -0.976449633546   -0.807199200281    0.4404    0.3694  -0.287   57
49329.248   -0.070576020790    0.106599599548    0.2403    0.5485   0.148   31
49331.418   -0.161549142503    1.471600799618    0.3486    1.0676   0.002   46
49335.085   -0.742090874458    1.270299599909    0.4767    0.6529   0.316   35
49336.250   -0.113607677865    0.202298402030    0.1834    0.5021  -0.001   49
49338.416    2.150183098523    2.294798402502    1.5709    1.0547   0.296   14
49342.006    0.513535686256   -1.603699199038    0.3814    1.0836  -0.138   11
49343.248   -0.285430629764   -0.246099598300    0.1622    0.3908  -0.013   55
49350.250    0.486288092591    0.649000801900    0.3199    0.6156  -0.139   26
49357.252    0.271433280488   -0.399999598244    0.2074    0.4478  -0.033   38
49358.344    4.793804802476   11.853698400444    4.0433    6.6966  -0.359    5
49359.418   -0.606892515377    1.032598800066    0.5364    2.0194  -0.287   33
49363.173    0.544803589851   -1.415401197846    0.3752    1.0968  -0.131   71
49364.250    0.469464216806   -0.410202000367    0.2871    0.6516  -0.181   30
49365.302   -0.750577969721   -2.139299997950    0.2315    0.3665  -0.150   57
49366.303   -0.087996483592   -0.567601198043    0.3645    0.3818  -0.093   24
49367.289   -0.033651204746   -0.517301999636    0.1779    0.2307  -0.315  149
49367.336    0.474081113753   -1.258002000171    0.2622    0.3479   0.023   36
49368.268   -0.404544905338   -0.245102399177    0.1986    0.5284   0.160   70
49369.265    0.551803991077   -0.525599998724    0.2350    0.3620  -0.096   77
49370.255    0.136238374584   -0.078400799453    0.1891    0.3307   0.159   67
49370.324    0.141748628597    0.763999199904    0.3513    0.5653   0.066   37
49371.252    0.000150111613   -0.366101999916    0.0971    0.2274   0.074  163
49372.267    0.165122773898   -0.709599598281    0.1422    0.2533   0.103  102
49372.322    0.310594942375   -1.233399600054    0.3298    0.4688   0.146   25
49373.268    0.050625395271   -0.692301598448    0.1514    0.2717  -0.013   93
49373.363    0.506092059673    0.180000002103    0.4905    0.5325  -0.004   23
49374.269   -0.161699254116    0.147297601316    0.2426    0.2687  -0.267  110
49374.360   -0.300767811513    1.220799602208    0.3510    0.4885   0.006   19
49375.270   -0.001189923988    0.285897599994    0.1421    0.2936   0.125  106
49376.267   -0.297044271633   -0.093700797521    0.2463    0.2825  -0.206   93
49377.257    0.062535604060    0.474098402137    0.2460    0.4225   0.169   92
49377.308    0.589175282526   -0.039801598817    0.2761    0.5587   0.031   56
49378.250    0.375063919006    0.054197999688    0.1949    0.4585  -0.012   41
49385.248    0.019057268452    0.313099200966    0.1736    0.4175   0.005   53
49386.329    1.494155538216   -2.555899197887    1.7405    3.1182   0.213   16
49391.165    0.132514834704    0.012999601395    0.6408    1.2710  -0.403   55
49392.250   -0.225278326856   -0.266900399382    0.1890    0.4941   0.014   42
49394.420    0.356453329087    1.152198001009    1.0393    2.1990   0.427   15
49398.087   -0.918530926432    0.182498400392    0.4777    2.1088  -0.056   11
49399.248   -0.213811140295   -0.735901199178    0.2319    0.7864   0.079   33
49405.085   -0.151129080927    3.402500399829    1.0009    2.9869   0.097    9
49406.265   -1.490431998336    1.132300800322    0.9290    1.3356  -0.178    6
49413.252   -0.213067894841    0.448999199421    0.2198    0.4753  -0.177   23
49419.165    0.814453609381   -2.169900000482    2.7579    5.7996  -0.830   15
49420.250   -0.208601109507    0.333597600743    0.2234    0.8749   0.219   31
49426.167    0.859715205947    0.050597999390    0.3077    0.3990   0.147   85
49427.248    0.143088664197    0.853999200956    0.2495    0.7606   0.133   31
49429.418   -0.264883214100   -0.142099199607    0.4384    0.6848  -0.087   20
49432.997   -0.270986601955   -6.490699200512    2.1360   19.1253  -0.715   13
49434.250    0.183140229975    0.228200402574    0.2360    0.8414   0.074   32
49435.335    0.528576504212   -2.341101600578    0.2424    1.4006  -0.637   72
49436.420   -0.158722615995    0.842598000972    0.4698    0.8274   0.422   52
49441.252   -0.110330816518   -0.076600799304    0.2141    0.5007   0.030   33
49448.250   -0.132068156171   -0.668800800341    0.2137    0.6755   0.072   32
49454.018   -8.562621513494   15.063498000956   14.5592   13.7002   0.191   15
49454.167   -0.353622943146   -3.877599598212    5.2499   11.3590  -0.330    9
49455.248    0.318038568959    0.144399599478    0.2600    0.6045   0.142   40
49456.333   -2.113705164141    2.515500000300    2.1924    1.3482   0.107    9
49461.085    1.995037567100    0.420897601572    2.3416    2.6825  -0.461    3
49462.247   -0.000743245454   -0.678599998594    0.1957    0.4970   0.045   45
49468.167    0.170929594833    0.896698801611    0.3598    1.8379   0.186   26
49469.249   -0.076232730111   -1.168901999193    0.2142    0.5066   0.012   52
49470.333   -2.419386642649    6.879898801060    0.3278    0.7402  -0.251  203
49471.418    0.583815140125   -1.398200400260    0.1830    0.2761  -0.237   40
49471.418    0.351986340625    0.585500400163    0.1438    0.5367  -0.200  121
49476.250   -0.069979230644   -0.139802400057    0.1902    0.4565   0.037   52
49482.167    0.058068818726   -0.992800798372    0.2174    0.3815  -0.002   48
49483.252    0.082636341191   -1.506002397988    0.2117    0.5884   0.051   42
49484.333   -0.026057669678   -5.497999198312    0.5635    2.0892  -0.275   45
49484.333   -0.218131470321    1.040500802318    0.1977    1.0579   0.601  167
49485.418   -0.389657855300   -2.474301598809    0.3481    1.4811   0.116   23
49490.254    0.021887451265    0.172000800802    0.2559    0.5271  -0.044   25
49491.332   -0.781249083169   -1.776801598652    1.9159    4.0612  -0.088   16
49495.999   -1.000123798944   -0.842000399004    1.0379    0.5555   0.532   49
49497.249    0.255352853286   -0.474101999259    0.1829    0.4823   0.011   51
49498.337    0.334415766210    0.222300002406    0.4315    1.0529  -0.216    8
49504.250   -0.132368379396   -0.917701198233    0.1723    0.4298   0.034   52
49506.000    0.001340035600   -0.773402398124    1.0041    1.1029   0.016   44
49511.252    0.512792440802   -0.968400000190    0.2380    0.6633  -0.015   33
49512.333   -3.868873718140   -0.432701999031    1.8333    2.7308   0.459   12
49518.254    0.286173875218    0.077400000009    0.2709    0.8614   0.051   32
49519.335   -1.013227588026    0.046598401937    1.0882    0.7021  -0.235    9
49524.168   -0.093206717509    0.130899601558    0.2046    0.3278  -0.097   68
49525.252   -0.105713919572   -0.757299599030    0.2363    0.6607   0.087   45
49530.917   -0.237931984227   -2.660201997884    0.5556    1.8932   0.282   31
49532.250   -0.283347145582   -0.386200799340    0.1915    0.5289   0.112   48
49533.343   -0.332628848948    0.541000802556    0.5008    0.8118  -0.163   19
49534.416   -0.011613641868   -0.355201199653    0.3947    0.5919  -0.360   27
49534.420   -0.588578492380    0.540198001531    0.1207    0.4577  -0.140  108
49534.544  -32.330784000489  784.822298400911    0.6482    1.6475   0.282   10
49539.252   -0.169889782458   -0.102599998897    0.1875    0.4048   0.157   48
49540.998    0.540040034468   -1.584201598703    0.4517    0.5735   0.119   53
49541.250    0.109884137985    0.562899602130    0.4487    0.6474   0.000   14
49541.751    0.031714582128   -0.260600398860    0.1198    0.2304  -0.156  163
49546.251   -0.152319004914   -0.534801598207    0.2046    0.4525   0.162   43
49547.335   -0.174803246325    0.452300401932    0.1433    0.3609   0.114  113
49548.420   -0.127601370837   -5.666299199447    0.5364    2.2963   0.315   17
49553.256   -0.153659040514   -1.084399197637    0.2262    0.5074   0.179   41
49554.333    0.451300102293   -1.360900800051    0.6054    1.6563  -0.092   13
49555.415    1.142019085978    0.397900800309    2.2323    1.1303  -0.023   17
49559.169    0.168249523632    6.956697601979    0.8961    4.0459  -0.021   17
49560.254    0.081742984125    0.109400402337    0.2074    0.5282   0.050   33
49562.084   -2.233862908394    0.792197999999    0.7149    0.7426  -0.220   62
49562.084    0.163336059765    0.465598801114    0.1562    0.3135   0.273  211
49566.171   -0.065662353794   -4.909100399786    0.5614    2.1927  -0.041   46
49567.249    0.009827130863   -0.446702399870    0.2626    0.7746  -0.061   31
49568.334    0.576818192075    1.472198401586    0.4413    2.3554   0.229   32
49569.418    0.103183756856    3.114100801227    0.4752    2.0416   0.050   33
49573.085    0.362260150021    0.553697999450    0.3391    0.7056  -0.220   23
49574.251   -0.333822429240   -0.310399197545    0.1920    0.4617   0.049   50
49575.332    1.010844286874  -10.915599598604    2.5807    5.4857   0.256   16
49576.417    0.794946209220    1.547100000110    0.6758    2.0545  -0.166    7
49576.501    0.723923509897   -3.482499597496    0.4776    0.9879  -0.119   29
49580.040   -0.057918707114   -0.497199599891    0.2435    0.2362  -0.017   69
49581.249    0.054345278846   -0.278099997431    0.1738    0.4343   0.012   51
49588.251   -0.130878232183   -0.223099199914    0.1721    0.4211   0.055   52
49589.332    0.208004319361   -0.311299197620    0.4649    0.5524   0.146   34
49589.335    0.406928409618    0.326300401099    0.2544    0.7651   0.687  124
49590.417   -1.040922063353   -0.698101199248    0.3028    1.0696   0.122   25
49594.168   -0.042731433850   -0.348199197475    0.1967    0.3416  -0.125   80
49595.252   -0.164676095365   -0.128300397506    0.1666    0.4121   0.086   52
49596.334   -0.356603237572  -11.664500399178    0.2392    0.5543  -0.169  285
49597.418    0.306128157041   -2.982099597659    0.2698    1.3479   0.071   80
49602.251    0.173162987500    0.123498002225    0.1724    0.4039   0.072   27
49603.335    0.722883697522    0.334598400187    0.5274    1.4663  -0.589   73
49603.335    0.033501296261    0.013600800486    0.1305    0.5056  -0.163  126
49604.420    0.095886788709   -3.310199998907    0.3070    1.3872   0.087   79
49608.044    0.084273146840    0.336898800057    0.4331    0.4353   0.157   63
49609.249    0.023970935447   -0.006400799890    0.2015    0.4440   0.105   23
49611.418    0.822193802885   -0.235699197759    0.5575    1.2704  -0.071    3
49615.078   -0.442512986933    0.255898799750    0.5733    0.8725  -0.097   16
49616.251    0.107800856931   -0.855900000474    0.1956    0.4540   0.011   26
49618.088    0.427475825282   -1.006200000120    0.3421    0.9775  -0.106   23
49622.040    1.446210417273   -0.463301998366    2.3628    1.9035  -0.700    8
49623.249    0.223341704237    0.713397600194    0.1676    0.4022   0.054   30
49624.334   -2.326622947369    1.095897599868    8.1912   16.5292  -0.570    5
49629.086    0.284537272697   -0.015101999651    0.3684    0.4726  -0.118   23
49630.251    0.199070748693   -0.048499198257    0.1813    0.4913   0.116   41
49631.332   -0.343796015411   -1.102399199127    0.3299    1.4246   0.127   64
49632.420   -0.066555710861   -0.774201598830    0.3352    1.3004   0.026   70
49637.249    0.245972400956    0.555699601534    0.1857    0.4574   0.127   39
49639.156   -0.191777233722    0.113198401053    0.1475    0.2349  -0.149  116
49639.159    0.049732038204   -0.545201998747    0.0829    0.1748   0.140  318
49642.998   -0.248652472157    0.205200000991    0.5324    0.5211  -0.022   32
49644.251    0.505495472655   -1.112601598052    0.2105    0.5837   0.171   31
49645.336    0.902896974635    3.677997602480    1.5817    2.5532   0.572   16
49646.040    0.041244942942   -0.473101199816    0.3263    0.3989   0.012   62
49651.260   -0.026057669678   -0.482601600282    0.2036    0.5483   0.169   38
49652.334    7.037941520267   -5.945500798887    1.3256    2.5947  -0.488    6
49653.419   -0.011463733384   -0.765302397454    0.3104    0.4740  -0.010   52
49653.419   -0.023970732319   -0.897400800071    0.0974    0.3506  -0.056  128
49657.002   -0.512048992220   -2.293801200182    0.3366    1.5449   0.247   19
49658.262   -0.266373361313   -0.642999599165    0.1908    0.4974   0.126   37
49659.339   -0.525596006658   -5.154602399315    0.6234    2.4372  -0.075    8
49664.087    0.328015608306   -1.041699600179    0.3426    1.0029  -0.184   14
49665.256    0.200857462827   -0.277300799922    0.2521    0.5598   0.094   31
49667.419   -0.359729987306    2.478600000444    0.3748    1.3996   0.375   12
49672.251    0.267413173687   -0.910299598900    0.1818    0.4911   0.094   33
49678.084    0.504008778619   -1.532001597582    0.4379    1.0363  -0.130  105
49679.253    0.141748628597    0.549597599431    0.1943    0.4500   0.116   32
49685.166    0.296151117694   -1.091001599463    0.1263    0.2671  -0.256  103
49685.170    0.161996024165   -0.507401998817    0.1265    0.4261  -0.076   80
49685.170   -0.217384568562   -4.355200798400    0.7182    1.3015  -0.256   58
49686.251    0.226171887050    0.127598402244    0.1662    0.4596   0.059   41
49692.084    0.386230882341    0.532299599598    0.3428    0.4251  -0.038   28
49693.249    0.340969488903    0.047300400396    0.2204    0.5525   0.091   33
49694.334    0.684318825781   -0.549701999120    0.4916    1.4648  -0.103   15
49699.166   -0.094846976334    1.400000400409    0.1524    0.7156   0.141   77
49700.247    0.334415766210   -0.959201997830    0.1485    0.4454   0.031   50
49702.081    0.375810820764   -1.525201200536    0.3126    0.7051  -0.052  110
49706.168    0.181800194375    0.171900001433    0.1500    0.2940   0.042   96
49707.249    0.038414760129    0.354600000563    0.1649    0.4309   0.056   34
49714.251    0.019950625518    0.023000401583    0.1949    0.5075  -0.053   25
49715.000    0.142938755713    0.497800802179    0.0653    0.1646  -0.007  208
49715.332   -0.581134865797   -9.787301999253    0.4154    0.9681  -0.415   34
49716.417    0.110627383439   -0.921401997900    0.0886    0.3233  -0.136  146
49716.417    0.212771327920    0.131500800649    0.2188    0.5283  -0.011   89
49716.420   -0.067449067928   -0.068900398986    0.5382    0.3904   0.139   62
49721.249   -0.201454049845   -0.221900398856    0.1628    0.4799  -0.232   26
49727.042   -0.121944458387    0.059500801086    0.3463    0.5263   0.196   62
49728.251    0.031564470515    0.012099601321    0.1375    0.3040   0.057   65
49735.253    0.231381917839   -0.943801200393    0.1864    0.4024  -0.059   33
49736.363   -0.035438122007   -4.251002398092    0.5143    1.7575  -0.022   12
49741.166   -0.074746239203   -0.421401598416    0.2821    0.5399   0.247   19
49741.166    0.823387383178   -0.851201998486    0.4912    0.4613  -0.793   93
49741.170    0.322655465905    0.470397602470    0.2022    0.2629  -0.062  157
49742.251   -0.043031657075   -0.038700000005    0.1465    0.3417  -0.018   44
49744.081    0.713799812113    0.040298401416    0.5019    0.3665   0.013   33
49748.084   -0.513239119336    2.097100800214    0.4977    1.8867   0.144   10
49749.249   -0.165569452432   -0.829202399544    0.1929    0.4214  -0.156   33
49750.334   -0.181799991247   -0.335300398646    0.2860    0.7609  -0.153   53
49750.334    0.401718378830   -0.468399597509    0.3514    0.7395   0.108   85
49751.415    0.205324248161    0.689698800471    0.0986    0.3165  -0.065  135
49751.419    0.004913463867   -0.744101999217    0.4126    0.3311  -0.120   67
49751.419    0.041391398250   -0.751399198862    0.1521    0.2316   0.037   96
49756.251   -0.164826003850    0.151498800705    0.1347    0.2608  -0.014   85
49762.088   -1.333349438039    1.119200399557    0.6228    1.9715  -0.006   19
49763.253   -0.517705904670    0.099000001796    0.3786    0.5516  -0.423   50
49764.334   -0.128198160983    0.516297599873    0.2825    0.2329   0.122   77
49770.251    0.042731433850   -0.509101199597    0.4642    0.4274  -0.362   53
49772.088    0.945031618339    0.828698399502    0.6867    1.2325  -0.021   28
49777.249   -0.175099813246   -0.246200397669    0.3137    0.5146  -0.198   14
49779.043   -0.108393990772   -0.075499200491    0.2542    0.6454   0.101   83
49783.086    0.080402948524   -0.021402000172    0.2148    0.3419  -0.218  125
49784.251    0.036628045995   -0.520901999934    0.1273    0.2914   0.017   54
49790.168    0.084126488404   -0.589201199830    0.3409    0.3273   0.248   70
49790.168    0.568477755249   -0.309700799406    0.1944    0.6920  -0.049   97
49790.168   -0.191030331964   -1.079200799126    0.3216    1.0813  -0.039   48
49790.168   -1.107031095680   -0.902501999533    0.5420    0.8520   0.177   23
49791.249   -0.000596790146   -1.014101999175    0.2634    0.6945  -0.451   16
49798.251    0.086953218041    0.411098400122    0.1551    0.2974   0.055   59
49800.417   -0.066405599248    0.431899201203    0.2616    0.3014  -0.198   93
49804.080    1.074569814922   -1.462100399152    0.4820    0.4733  -0.319   47
49805.249   -0.250142619369    0.238100400196    0.2220    0.4938  -0.063   36
49811.042   -0.409161802285    0.086000400401    0.3333    0.3205  -0.152   72
49812.251    0.089336722321    0.084499201236    0.1633    0.3390   0.104   60
49818.084    0.627143364121    0.131597999697    0.3553    0.4459  -0.013   31
49819.249   -0.075786051578   -0.363902399414    0.1919    0.4812  -0.054   34
49819.958   -0.108544102385   -0.700999197889    0.3569    0.4024   0.412  162
49820.334    1.875623068301    4.684899601060    0.5082    0.3880   0.106  161
49821.419   -0.228998413559    0.004600799741    0.3276    1.3438  -0.027   30
49826.251    0.027247796794    0.322099201711    0.1595    0.3181   0.139   49
49826.960    0.867012174094   -0.009399597900    0.3248    0.3985   0.184   45
49827.336    0.422115682881   -0.158101199332    0.2197    1.2003  -0.275   97
49828.421    1.236569292263   -0.196099197680    0.5852    0.5311  -0.220   83
49828.421    1.019777857542   -0.357602398893    0.3750    0.5520  -0.068  114
49828.421    0.286620553752    0.077198401272    0.1973    0.3274  -0.168   85
49832.000    0.039904907341    0.807098400912    0.3560    0.5159  -0.189   93
49833.249    0.048688569525   -0.432799198080    0.1774    0.3813  -0.027   34
49839.042   -0.245525722423    0.006098401784    0.4591    0.3432   0.180   98
49840.251    0.448766689529    0.210099601716    0.2104    0.4708   0.090   49
49847.249    0.135495129130   -0.184899599631    0.2111    0.4239  -0.150   33
49854.251    0.367023502276    0.185698800337    0.1632    0.3620  -0.033   50
49861.249    0.691019003782    0.264297601404    0.1887    0.4497   0.037   28
49862.334    0.182990118362    0.033800402477    0.4644    0.4985   0.013   51
49868.251    0.388464275008   -0.299199599496    0.1777    0.3785   0.067   55
49869.332    0.245825945648   -0.695800799377    0.1106    0.2599  -0.178   63
49869.336    0.038414760129   -0.615099600054    0.1976    0.3000   0.196  129
49875.257   -0.125221319733   -0.816199197828    0.2202    0.4141  -0.094   33
49876.331    0.288557379498   -0.485200797939    0.1070    0.2147  -0.230   81
49877.415    0.508028885419    3.048299999620    1.7983    2.5202   0.858   12
49882.251    0.179119920046    0.018000001489    0.1543    0.4440   0.065   71
49883.336    0.183436796896    1.864400400464    0.3414    0.9897   0.212   22
49888.000    0.455616979143    0.758599199457    0.8977    0.4318  -0.151   40
49889.253    0.038861438662   -1.250499598271    0.2902    0.3055  -0.059   21
49895.086    0.814900287915   13.745800801601    2.0341    4.9305   0.650    6
49896.251    0.099013538443   -0.928501199127    0.2393    0.5436   0.243   44
49897.332   -0.079956269991   -0.241999198280    0.2193    1.0372  -0.422   55
49897.336    0.235105457718   -0.950601597438    0.1997    0.3444   0.226   42
49904.250   -0.059258742714   -1.372100398100    0.2880    0.4703   0.120   16
49909.090    0.271286825180    1.661598001590    0.7769    3.1227   0.169   15
49909.115   -2.819911441186   -3.738999599534    1.2614    1.6921   0.752   21
49910.251   -0.222744914091   -0.213901197554    0.2814    0.4405   0.324   28
49911.329    0.862695500373    0.829497600208    0.5069    0.8511  -0.116   29
49916.000   -0.729730330831   -0.012902399149    0.7136    0.6092  -0.228   46
49917.253    0.214558042054   -0.354200400210    0.2397    0.3117   0.148   28
49923.002    0.177183094300   -0.513500400601    0.2432    0.3187  -0.065   39
49924.251    0.186266979709   -2.116000798580    0.2421    0.6559  -0.090   37
49930.168   -5.728266044498   12.939699599812    2.5548   10.7943  -0.784    6
49931.250    0.137131731651   -0.162399597770    0.1967    0.3609  -0.247   25
49936.999   -3.621557828407   -0.856299597629    1.1901    1.4084   0.030   45
49938.251   -0.115394391998   -0.371001597443    0.1993    0.5317   0.188   52
49945.253    0.121647891466    0.059997600488    0.2092    0.2964  -0.057   60
49946.334   -0.079213024537    0.800398800038    0.1868    0.2436  -0.077  125
49952.251   -0.269500111046   -0.389800799638    0.1593    0.4278   0.011   79
49953.322    0.031117791982    0.945500401173    0.5153    0.9305  -0.363   38
49954.322    0.471250930940    0.585100799810    0.1835    0.7435  -0.031   43
49955.320    0.492541592058   -2.433599999918    0.5620    1.8000   0.151   20
49956.320    0.090079967775    2.164197601928    0.5805    1.3429  -0.339   44
49957.321    0.572798085275   -0.199800000544    0.1680    0.5827   0.069   45
49958.253    0.034244541715   -0.736300799531    0.3733    1.4153   0.203   22
49959.250    0.178673241513   -0.615002397808    0.1656    0.4520   0.032   77
49960.334    1.455444211166   -2.227499998853    0.5208    0.7770  -0.289   68
49960.334   -0.374023903503   -1.293699598648    0.5050    0.5761   0.241   57
49960.334    0.208304542586   -0.484502399800    0.8696    0.8094  -0.401    6
49961.416    0.134748227371   -0.049201199914    0.4338    1.0414   0.133   55
49966.251    0.599002210261    0.200700000619    0.1548    0.3961   0.094   54
49967.333    0.060152099781   -0.248000397818    0.2828    0.4186  -0.046   93
49973.250    0.096483578855   -0.754502399758    0.1754    0.2797  -0.007   37
49979.083    0.356603440700   -0.768002397677    0.4460    0.9568   0.284   12
49979.086   -0.172123175125    0.390898801328    0.2563    0.3598   0.094   16
49980.252    0.709182915167   -2.279401198990    0.2054    0.7421  -0.177   21
49982.081   -0.061345680073   -0.383000399395    0.4576    0.5103   0.098   43
49986.085    0.287664022431   -0.683099998966    0.3205    0.4574  -0.291   54
49987.253   -0.169443103924   -0.809899200505    0.2631    0.5158  -0.136   36
49993.167   -0.097823614455    0.048600000824    0.2258    0.3242  -0.008   48
49993.167    0.070726132402   -0.288100797619    0.1718    0.2428   0.006   90
49994.252    0.220511521424   -0.930902398366    0.1700    0.4477   0.115   53
49996.085    0.762935060172   -0.848401198894    0.3712    0.4576  -0.435   48
50000.085    0.481227970287   -0.148701598235    0.4043    0.6041   0.096   31
50001.250    2.280614652173   -1.989399598656    0.5124    0.9195  -0.592   22
50003.083   -0.426582468215    0.134600401225    0.3542    0.5305  -0.071   61
50003.416   -0.207411185519   -0.097401600385    0.1453    0.3212  -0.016  113
50008.252    0.481077858675   -0.318599997584    0.1995    0.4418  -0.127  108
50014.001   -0.181799991247   -0.002700000223    0.2385    0.4307  -0.090   61
50015.250   -0.050028401997    0.264599999511    0.1874    0.3494  -0.038   53
50022.252    0.196690697590   -0.101699998822    0.1532    0.3901   0.042   73
50029.250    0.118074463199   -0.414201597820    0.1695    0.3306  -0.202  109
50029.253   -0.051218529113    0.783799201542    0.1776    0.2705  -0.138   94
50031.416   -0.884282728412    5.244699599416    0.2977    1.1410  -0.178   71
50035.002   -0.367620292422   -0.217900798205    0.4405    0.5605  -0.538   48
50036.252    0.302404617162   -0.097801197541    0.1495    0.3019  -0.047   79
50038.085   -0.227958601184   -0.093200397799    0.2562    0.2403  -0.073   49
50042.041    0.402014945750    0.133797600199    0.3117    0.3021   0.036   41
50043.250    0.179416690095   -0.125801999218    0.1533    0.2862  -0.145   71
50050.252    0.285280518152   -0.234399600529    0.1729    0.3705   0.142   56
50057.250   -0.044071469450    0.039700799448    0.1538    0.3378  -0.167   55
50058.335    0.474081113753   -0.149201997957    0.3661    0.6077   0.105   37
50059.419    0.926421028421    0.072198001178    0.1681    0.1662   0.293   44
50064.252    0.256246210352    0.042699600655    0.1125    0.2916  -0.068   68
50065.333    0.510112369602   -0.918799199923    0.2810    0.6313  -0.178   34
50070.041    0.208304542586   -0.164199597918    0.4427    0.4324  -0.262   50
50071.250   -0.166762829596   -0.304901998049    0.2442    0.3883  -0.226   22
50078.252   -0.027844383812    0.000500399722    0.1555    0.2510   0.207   54
50084.998    0.256246210352   -0.301899599719    0.2187    0.3963   0.042   82
50085.250    0.453087019555    0.283500001075    0.2632    0.4108  -0.251   20
50092.252    0.201750819893   -1.023199198968    0.1674    0.3687  -0.102   80
50099.254   -0.270986601955   -0.117799197596    0.1629    0.3141  -0.169   36
50105.043    0.056578671513   -0.389300399917    0.4444    0.3856  -0.316   38
50106.252   -0.098270292989   -0.400701599901    0.2256    0.4049  -0.184   33
50108.082    0.158125825848    0.570700801816    0.3631    0.5918  -0.241   31
50112.085    0.332929072174    0.254397600585    0.1425    0.2085  -0.119   91
50113.250    0.213364461762   -0.197200799690    0.2254    0.4974  -0.003   42
50119.083    0.914807386552    0.885099600012    0.6616    0.9388   0.441   40
50120.252   -0.258629511504   -0.066801597853    0.1451    0.2529  -0.018   55
50121.333   -0.082786452804   -0.940201200095    0.3519    0.5271  -0.163   54
50122.662   -0.954115503748    1.612900801717    0.7403    0.9531   0.149   50
50126.041   -0.295554124420   -0.357299997589    0.3667    0.4337  -0.056   30
50127.254    0.231828596372    0.281998801910    0.2340    0.5006  -0.240   17
50129.084    0.142045398646    0.316299600911    0.5522    1.5062  -0.046    6
50134.252    0.047348533925    0.147297601316    0.1524    0.2721   0.037   32
50136.085    0.202794288573    0.215600401532    0.1100    0.2091  -0.066  155
50141.250   -0.076532953336   -0.133801200519    0.2663    0.5003  -0.397   23
50147.043    0.018760701531    0.596098802319    0.3468    0.3041  -0.059   61
50148.252   -0.029034307799   -0.293799599049    0.1232    0.2466  -0.016   57
50149.333   -0.042434866929    0.379699200082    0.2146    0.3142  -0.175   66
50153.877   -0.204430891094    0.180100801472    0.4690    0.4383   0.201   29
50153.877    0.525746118271   -0.757101600612    0.2039    0.3241  -0.193   74
50155.250   -0.069979230644   -0.200501999004    0.1786    0.3465  -0.225   41
50155.831   -0.158275937461    0.117298801072    0.4193    0.4196  -0.226   45
50156.331    4.582820188690   -8.839501198210    4.0073   12.5227   0.202    7
50162.252    0.366877046968   -0.630399598123    0.2666    0.7024  -0.574   19
50163.337   -0.113010887719    0.351100799634    0.1717    0.2795  -0.092  109
50168.169    0.222598458783    0.800697601022    0.4743    1.0467  -0.186   12
50169.250    0.195350661990    0.168998402472    0.1494    0.2445   0.006   38
50170.335    0.110627383439    0.494298000930    0.2872    0.2659  -0.115   78
50176.252    0.037521403062   -0.098499598877    0.1511    0.2953   0.057   40
50182.081   -1.196217706388    5.975697600746    1.4907    2.9444  -0.019    5
50183.250   -0.059112287406   -0.059799598873    0.1531    0.3585  -0.044   34
50189.039    0.376107387685   -0.038901598742    0.3343    0.3598  -0.176   64
50190.252    0.335309123277    0.438699601446    0.2715    0.4537  -0.198   15
50197.009    0.463060402598    1.624899600472    0.5004    1.5946   0.191   72
50197.250    0.242102405768    0.078998401420    0.1788    0.3685  -0.111  105
50197.250    0.487628128191   -0.377999999301    0.1875    0.3643  -0.111   22
50198.335    0.049285359671    0.067899599543    0.2827    0.4670  -0.154   14
50199.420    0.492395136750    0.968097602083    0.3316    0.7220  -0.021   28
50204.252    0.183737020121   -0.204501599654    0.2067    0.3554  -0.026   24
50205.333    0.114054356398   -0.212000398037    0.3191    0.5168  -0.207    8
50210.001    1.023797964343   -0.509201998966    1.0524    1.0004   0.139    4
50211.250   -0.366576823743    0.642297600706    0.5015    0.5366  -0.294    7
50218.252    0.164976318590   -0.004500000372    0.2007    0.3704   0.225   25
50219.333    0.022184018185   -0.615099600054    0.2292    0.4726  -0.063   15
50224.041    0.078169555857   -0.004301998757    0.4693    0.6116  -0.118   62
50225.250    0.322208787372    0.018197999907    0.4290    0.4752  -0.405   12
50232.252    0.524702852719    0.705297599524    0.3236    0.4671  -0.065   10
50233.337    0.458146938730   -0.179402400136    0.3178    0.3262  -0.182   46
50234.418    0.093206717509    0.604198799792    0.2016    0.4223  -0.133   48
50238.085    0.435366130399   -0.181400398702    0.2601    0.4544  -0.083   45
50239.250    0.085316615520   -0.030902397441    0.2470    0.3849  -0.071   23
50242.333    0.306274612350   -0.283600800444    0.2378    0.4724   0.213   90
50245.050    0.437302956145    0.753598802561    0.9367    0.8622   0.713   18
50246.252    0.464400438198   -1.276801199168    0.2516    0.4827   0.035   16
50247.436   -1.621756705924   -8.224199999418    0.2757    0.5250  -0.260   51
50248.520    0.525002872817   -0.150299999646    0.1009    0.2726  -0.034  229
50253.254   -0.243592349853   -0.179899199537    0.2432    0.5193  -0.098   34
50255.025   -0.069979230644    4.033598402486    0.5932    0.9101  -0.433   45
50256.026    0.895153327955    0.223898400620    0.6313    1.0830  -0.476   41
50259.083    1.103157647316    0.570200402095    0.6734    2.7260   0.310    7
50260.252    0.098566859909   -0.540399600268    0.1592    0.3214   0.053   55
50260.709   12.657813573993   -3.318400798946    5.2356   12.9551  -0.283   12
50262.086    0.140108572900   -0.322099198513    0.0870    0.1528  -0.116  142
50267.250   -0.388764498233    1.935500399952    0.2841    1.0238  -0.352   18
50274.252   -0.019057268452   -0.078199197517    0.1895    0.4276  -0.050   44
50276.166    0.134601772063   -1.410101999966    0.1291    0.4029  -0.254  153
50276.170    0.015337384876   -0.837799199616    0.5487    1.4995   0.444   23
50280.041    0.149342366793    0.855198002014    0.3063    0.4435  -0.164   46
50281.250   -0.046008295196   -1.011099597648    0.2222    0.5111   0.433   39
50282.335    0.288407267885   -1.343199599546    0.3893    0.6332  -0.213   46
50287.083    1.845545088695    0.895298401815    0.3895    1.0382   0.097   39
50287.083    0.128644839516   -0.477899997975    0.1569    0.2213  -0.176  110
50288.252   -0.097673502843    0.117198001703    0.2524    0.4586  -0.075   20
50290.086    0.209644578186    0.070498800397    0.1391    0.1851  -0.156  146
50295.254    0.076086274803    0.004298401635    0.2661    0.3947   0.098   24
50302.252   -0.195350661990    0.363600001307    0.3076    0.4618  -0.250   11
50303.333    0.246719302715   -1.136199598406    0.3966    1.3230   0.044    6
50308.041   -0.119711065720   -0.883299599863    0.2871    0.3551  -0.062   35
50309.250    0.487034791221   -0.705200400475    0.2740    0.4034  -0.383    4
50316.252   -0.001340035600   -0.043300799746    0.1791    0.2873  -0.116   33
50322.082    1.435043250810    4.007800801631    1.2884    2.6841   0.172   32
50322.085    0.527829602453   -0.380901598263    0.1409    0.5478   0.072   89
50323.250    0.516515980682   -0.809899200505    0.3311    0.5508  -0.108    5
50324.332    0.133261736463   -0.122702398642    0.1145    0.1977  -0.208   86
50324.335    0.149488822101   -0.113799600143    0.4443    0.5285  -0.141    9
50329.168   -0.406481731084    0.081500400029    0.1541    0.5422   0.151   37
50330.252   -0.038264648516   -0.612799200184    0.1613    0.4429  -0.035   57
50331.323    0.183737020121    0.039700799448    0.1888    0.6528   0.071   40
50332.323    0.689382401261    2.304000001985    0.1763    0.5615   0.110   44
50333.335    0.165422997124    0.166100400634    0.1772    0.6298   0.103   46
50336.104    0.370150455138   -0.334101597588    0.3051    0.5106  -0.039   52
50337.251    0.168249523632   -0.178199998757    0.2776    0.3413   0.026   14
50338.335    0.405588374018   -0.317800800076    0.2840    0.4204   0.039   25
50343.168    0.643073882839   -0.220499999060    0.1556    0.5059   0.046   37
50344.252    0.330992246427   -0.455101198327    0.1928    0.3933  -0.078   33
50345.323    0.077426310403    0.665600400396    0.1479    0.5557   0.070   39
50346.323    0.259226301650    0.217497600730    0.1184    0.3679   0.073   44
50347.335    0.261906575979   -0.743601599495    0.1085    0.4079   0.103   42
50349.874    0.493735172350   -0.386899197480    0.6201    0.9218  -0.504    5
50351.254   -0.117030994519    0.255999602317    0.1748    0.4400  -0.124   27
50355.334    0.578604906209   -0.979801200174    0.0948    0.1675  -0.345  108
50357.168    0.264436535566   -0.057301200584    0.1721    0.5018  -0.122   51
50358.252   -0.132514834704    0.117799200794    0.1533    0.4090  -0.025   65
50359.323    0.255799531819    1.282399201230    0.1373    0.5588   0.116   39
50360.323    0.518302694816   -0.328899598756    0.1222    0.4249   0.114   42
50361.335    0.299574434348   -0.050500800342    0.1237    0.4172   0.024   47
50364.085    0.227658377959    0.282398402263    0.5706    0.9294   0.054   14
50365.254    0.025757649581   -0.174801600394    0.2187    0.3692  -0.087   19
50366.956   -0.855548440711   -0.079300799527    0.5728    0.9046  -0.268    7
50371.168    0.093356829121    1.113199200020    0.1366    0.4414   0.083   37
50372.252   -0.101100475802   -0.444700797786    0.1954    0.3122  -0.091   29
50373.323    0.396654803349    0.162597599385    0.1293    0.4543   0.153   45
50374.323    0.612106202470    0.325997999795    0.1665    0.5775   0.085   40
50375.335    0.089486833933    0.180799199612    0.1422    0.4812   0.108   47
50378.042    1.033921662126    0.159498002006    0.7825    0.5123  -0.560   17
50378.918    2.579745861164  -35.067002399458    7.5171    6.2130  -0.093    4
50379.251    0.404398450030   -0.529901997481    0.2444    0.3648  -0.151   16
50386.252    0.402014945750    0.066200401960    0.2072    0.4194  -0.081   31
50387.334    0.024417613981    0.001000799443    0.0401    0.2704   0.087  300
50391.096   -0.938331440338   -1.263099599313    1.1864    0.9930  -0.082  151
50392.166    0.375660709152   -0.213602399768    0.1344    0.6337   0.183   37
50393.251    0.236295381706   -0.382701598411    0.1764    0.3801  -0.054   27
50394.321    0.345732841158   -0.717501600533    0.1381    0.3821   0.198   40
50395.322    0.292427374686   -0.289501200612    0.1465    0.5234   0.102   39
50395.322    0.304191331295    0.079599600511    0.0649    0.1294  -0.008  364
50396.333    0.090676757921    0.194698801081    0.1253    0.3725  -0.002   43
50396.333    0.429709217949   -0.473299198234    0.0630    0.1245   0.003  387
50399.164    0.215451399121    0.030398400597    0.0813    0.1686  -0.147  102
50399.168    0.535126570600    0.007398002211    0.1172    0.4653  -0.067   39
50400.252    0.328908965373    0.433699201352    0.1977    0.3988  -0.027   30
50401.323    0.246122512569    0.486900001917    0.1460    0.5958   0.108   36
50401.323    0.151275536235    0.657698401341    0.1025    0.2168  -0.361  202
50401.706   18.671063569722  -28.939100399228    5.4967   14.2303  -0.291   12
50402.323    0.177779884446    0.100299602224    0.1226    0.4005   0.110   31
50402.323    0.168696202166    0.162198002229    0.0872    0.2484   0.035  218
50403.335    0.392188018015    0.062697600711    0.1126    0.5944   0.069   48
50403.335    0.269500111046   -0.421099200310    0.0700    0.1524  -0.055  322
50407.247    0.380277606098   -0.039099600357    0.3014    0.4351  -0.262   14
50408.346    0.724223733122    0.166697999404    0.4560    1.2257   0.250   13
50409.417    0.250439186290    0.347598001582    0.1027    0.1635  -0.067  150
50413.168    0.452043550875   -0.429800400070    0.1395    0.4382  -0.020   63
50413.168   -1.323522510304    0.611099999404    1.3992    1.1005  -0.383   17
50414.253    0.439536348812   -0.279399597858    0.1851    0.3871  -0.081   33
50420.166    0.173313099112    0.401597999655    0.1574    0.3110  -0.036  115
50421.251    0.551207200931   -0.783799198345    0.3164    0.5297  -0.167    9
50422.332    0.092613583667   -3.056400000290    0.0752    0.1984   0.171  183
50423.420    0.122687906969    0.137300401448    0.6030    0.6280  -0.176   37
50427.055    0.801199708688   -0.057401999953    0.6450    0.7635   0.284   14
50428.249    0.302554728774   -0.411400798228    0.2582    0.4355   0.593   46
50435.251    0.255206194849   -0.204901200007    0.1865    0.3608  -0.226   11
50441.084    0.574584799408    0.343098001210    0.3056    0.5943  -0.092   21
50448.254    0.203687645640    0.010497599590    0.2862    0.5790   0.009   12
50456.253    0.257289679032    0.135597600348    0.2057    0.4034  -0.135   14
50457.272    0.703229638924   -0.197402398427    0.2501    0.5917   0.150   80
50458.831    0.207411185519   -1.146700798316    0.1474    0.2504  -0.122  117
50459.832   -0.167952956711   -0.345999600171    0.1255    0.2070  -0.043  126
50463.254    0.340669265678   -0.194601598835    0.1641    0.2795  -0.116   31
50470.253    0.287960589352   -0.207899998017    0.2878    0.3316  -0.021   26
50471.272   -0.492541592058    1.127700000580    0.1444    0.3005  -0.059   58
50477.251    0.125964768316    0.004500000372    0.1883    0.4163   0.051   32
50477.251    0.116584315986   -0.636699598644    0.2277    0.3811  -0.177   14
50483.168    0.380127494486   -0.231800399675    0.2282    0.5680   0.046   54
50484.253    0.316251854825   -0.554799598262    0.2251    0.4225  -0.127   34
50485.907   -0.498795091526    0.699498001921    2.9973    2.0353  -0.977    3
50490.082    0.745364282628    0.278499600981    0.3228    0.6746   0.032   19
50491.251    0.259226301650    0.084700799974    0.2097    0.3943   0.123   27
50491.251    0.496115020326   -0.011800800337    0.2801    0.6941  -0.616   11
50492.825   -0.276050177435   -2.525900397643    0.6320    0.4606  -0.774    5
50498.253    0.248802583769   -0.240901199788    0.2391    0.3953  -0.186   13
50500.083    1.842718562186    1.242198002060    1.1131    1.0360   0.248   10
50505.251    0.656327783533    0.059299202348    0.4151    0.5829  -0.274   20
50505.251    0.554037383744   -0.776199600594    0.3379    0.5742  -0.267   15
50512.253    0.231678484759   -0.318599997584    0.2228    0.4409   0.049   20
50519.251    0.147555652659   -0.079300799527    0.2297    0.4507   0.102   36
50519.255    0.248506016848    1.732899599816    0.6188    2.8646  -0.796    4
50525.102    0.204284435786   -0.830599199020    0.4301    0.7748  -0.077   92
50526.253    0.494925096338   -0.489301197959    0.1706    0.3838  -0.192   18
50527.272    0.231381917839   -0.423100799196    0.1529    0.4901  -0.061   83
50531.998   -0.166762829596    0.491997601060    0.2439    0.3994   0.029   28
50533.251    0.709333026779    0.525700801290    0.2478    0.5254  -0.141   36
50533.251    0.426879035136   -0.938699997732    0.2971    0.5412  -0.174   18
50539.172    0.831127576682    0.109000801984    0.0432    0.1902   0.038  321
50540.253    0.285430629764   -0.835599599114    0.1718    0.3550   0.103   27
50541.272    0.201157482924    0.983599202087    0.1685    0.3791  -0.153   62
50546.002    0.252526123649    1.135699201882    0.2804    0.3625   0.033   32
50547.251    0.162442702698    0.627498002359    0.1722    0.4113   0.127   31
50547.251   -0.204730911191   -0.282599997803    0.2445    0.5103  -0.310   19
50554.253    0.296747704712   -0.212101200603    0.2156    0.6212  -0.029   16
50555.272   -0.175099813246    1.229198400665    0.1997    0.9135  -0.185   81
50560.082    0.159465861449   -1.065700798009    0.5963    0.9089  -0.411    6
50561.251    0.247462548169   -0.349502398223    0.2977    1.0016  -0.520    8
50568.253    0.148449009726    0.547200000511    0.2185    0.3868  -0.098   17
50569.272   -0.792862725038    1.031598000623    0.1887    0.4684  -0.043   47
50573.998    0.531999820866   -0.030002400564    0.2842    0.4136   0.062   22
50575.251    0.421518892735   -1.034301597969    0.3208    0.7641  -0.057   22
50575.251    0.500882028885    0.630000000967    0.2906    1.0618  -0.434   13
50575.751    0.451893439263   -0.831999598816    0.1397    0.2883  -0.073   81
50582.253    0.305381255283   -0.766501198513    0.2075    0.6691  -0.192   16
50583.272   -0.149488822101   -0.078300000084    0.1747    0.3338  -0.230   80
50588.082    0.118074463199    1.634598002553    0.0572    0.1869  -0.214  298
50589.251    0.159315952964    0.265298400848    0.1906    0.3992   0.006   25
50589.251    0.176589960459   -0.740599197968    0.2895    0.4291  -0.167   11
50596.253    0.073852882136   -1.026201600496    0.2407    0.4302   0.036   13
50596.666  -19.861474455176   -7.078500000546    4.6848   12.0519  -0.392    9
50601.998    0.249545829223    0.373399199560    0.4502    0.6092   0.387   18
50603.251    0.455320412222   -0.115300799308    0.2125    0.3884   0.003   35
50603.251   -0.096333467242    0.045100799895    0.3136    1.0085  -0.443   10
50610.253    0.150978969314   -2.368601999336    0.2683    0.6969  -0.049   11
50616.086    1.561308039223   -0.219999599338    0.7032    0.7939  -0.348   85
50617.251    0.409161802285   -0.889700399753    0.2182    0.4001   0.006   30
50617.251   -0.115094168773    2.079298800339    0.3909    1.4106  -0.576   12
50624.253    0.046008498324   -0.624002398553    0.2116    0.6205  -0.234   25
50631.251   -0.241805635719   -0.281699997728    0.3376    0.6862   0.096   23
50631.755    0.573837897650   -1.077699599961    0.2786    0.6777  -0.224   44
50638.253   -0.059558965939    0.700999201086    0.2407    0.7244  -0.104   14
50639.272    0.680448627465   -0.202301999153    0.3390    0.9338   0.088   43
50643.998    1.514552842267   -0.592401599775    0.5851    1.2957   0.231   24
50645.251    0.544210252881   -0.106901997654    0.2243    0.4478   0.112   33
50646.811   84.621909742416  -45.496501200049    4.6005    8.3495  -0.801    7
50652.253   -0.103333868469    0.593499601464    0.2136    0.7147   0.029   20
50653.272    0.213514573374   -0.966301199057    0.4687    1.5149   0.631   12
50654.331    0.595875460527    0.440899201948    0.0552    0.1558  -0.242  241
50659.251    0.835297795095   -1.261501197902    0.2172    0.4518   0.032   31
50665.168    1.067422958387    0.391500000418    0.2664    0.6731   0.135   41
50666.253    0.430602778144    0.012398402305    0.1760    0.5987  -0.021   33
50671.998    1.003100437066    1.498100402131    0.6117    1.0514   0.419   17
50673.251    0.676725087585    0.051897599818    0.2463    0.3948  -0.033   23
50680.253    0.468867426660    0.840999599561    0.2347    0.6453   0.086   26
50681.272   -0.007890101989   -0.221299199765    0.2218    0.8326   0.314   27
50686.083    0.147108974126    0.142300801542    0.6385    1.0332  -0.109   59
50686.959   60.370732367873   11.761999201809    2.6954    2.6061  -0.469   25
50687.251   -0.145915393834   -0.014900397716    0.2250    0.4556   0.151   35
50687.836   -0.218131470321   -0.240199198132    0.2311    0.3374   0.080   63
50694.253    0.347816122212   -0.040201199170    0.2028    0.6442  -0.095   31
50695.272    0.847804794030    3.117398400221    0.4099    0.9805   0.318   24
50700.090    0.109437459452   -0.870602399772    0.1059    0.3473   0.521  212
50701.251    0.695932467649   -0.355499997440    0.2392    0.4735   0.045   33
50707.000    0.955008860815   -2.573200798039    0.6839    4.9233  -0.670    6
50708.253    0.498795091526    0.627098402006    0.3775    1.3071  -0.513   18
50715.251    0.298681077282    0.445798799475    0.2569    0.4777   0.271   23
50722.250    0.423159151561   -0.613900798996    0.3787    1.4036  -0.465   13
50728.167    0.365537011368   -0.146300398995    0.4197    0.4573  -0.253   14
50729.251    0.442512986933   -0.903599998026    0.2965    0.4866   0.237   30
50736.253    0.232571841826    1.477299601049    0.2404    0.8145  -0.143   24
50742.167   -0.087846575108   -0.501299999911    0.2414    0.3773  -0.138   45
50743.251    0.589621961059   -0.566301597615    0.2197    0.4142   0.191   32
50749.085    0.561184240278    0.234100799545    0.3384    0.5614  -0.066   17
50750.253    0.212324649387   -0.711302399381    0.2076    0.6684  -0.275   19
50751.272    0.226318342358    1.043298001591    0.1619    0.7723   0.148   52
50752.196    2.288955088999    6.237698399403    2.3596    2.2588   0.882   16
50755.706  -11.602150915910   -4.744699199932    0.9114    1.0527  -0.107   37
50757.251    0.142195307131    1.455699602460    0.3018    0.4276   0.099   37
50764.253    0.417498785935    0.268599600162    0.2076    0.5400  -0.058   15
50765.338   -0.000150111613   -0.233701199193    0.8227    0.8041   0.006    6
50770.002    0.282303880030   -0.168199198569    0.1796    0.4071   0.005   16
50771.252    0.944584939806   -0.348199197475    0.3391    0.4151   0.085   23
50773.085   -1.149019487204   -0.551501999269    1.3383    1.7999  -0.456    4
50777.001    0.260266317153   -0.341402397552    0.2691    0.7150   0.374   16
50778.253    0.244932588581    0.138700801244    0.1695    0.5852  -0.205   22
50785.252    0.739557461694    0.632599201822    0.2952    0.6957   0.365   19
50791.085    1.350620195485   -1.058900397766    0.8711    0.7706  -0.384   34
50792.250   -0.174949701633    0.338299199854    0.2260    0.5884  -0.117   18
50793.272   -0.043031657075    1.470999600528    0.1596    0.3687   0.212   37
50797.999    0.655730993387   -0.359402399042    0.2618    0.9255  -0.061   12
50799.219   -1.019181067396   -1.669802398752    0.2365    0.5731   0.345   21
50800.340    0.002830182813   -0.672800397794    0.0554    0.0827  -0.156  294
50805.085    0.946521765552   -1.429801199038    0.1421    0.5544  -0.082   34
50806.166    0.351243095171    0.600598799494    0.1649    0.5184  -0.101   18
50813.168    0.087700119800   -0.058201197461    0.2009    0.3482   0.104   32
50820.250    0.238678885986   -0.052999198630    0.1808    0.5536  -0.160   21
50826.171    0.636373501710   -0.102200398544    0.1698    0.4753  -0.052   52
50827.252    0.653497600720    0.087897599599    0.2660    0.5550   0.416   40
50834.254    0.218428037242   -0.132299998157    0.1910    0.5330  -0.146   20
50840.167    0.499838560205   -0.302399999441    0.2567    0.9228  -0.228   51
50841.252    0.193263724631    0.373100401774    0.2764    0.5364   0.367   23
50843.001    0.182543439829    0.667800000898    0.2491    1.1789  -0.173    7
50847.001    0.001189923988    0.596700001410    0.4786    0.5694   0.120   49
50848.254    0.272773316088   -0.073202397743    0.2222    0.7426  -0.434    9
50854.079   -0.157679147315   -1.989201600239    0.1613    0.7049   0.847  365
50857.001    0.323548822972   -0.044701199542    0.2379    0.4322   0.015   13
50862.254    0.156189000102   -0.119401199328    0.2512    0.4002  -0.072   16
50863.707   -6.922697036753    2.723198399579    1.3673    1.6527  -0.104   24
50869.252    0.488224918337   -0.895600799922    0.2742    0.5729  -0.130   31
50876.254    0.179119920046   -0.341801997905    0.2254    0.3794  -0.200   13
50883.252    0.330395456281    0.191898001489    0.2889    0.5433   0.237   31
50884.271    0.212771327920    0.525600001922    0.2299    0.4970  -0.034   61
50890.254    0.430899345065   -0.302201997826    0.3235    0.4823  -0.159   10
50895.999    0.012507202063    0.222498000824    0.2844    0.3811   0.083   21
50897.252    0.959325534536    0.273999600608    0.3362    0.7481  -0.080   44
50898.271    0.270093244888   -0.710701200290    0.1799    0.4504  -0.077   39
50904.254    0.266669928233    0.652899599984    0.4316    0.5209  -0.167    9
50911.252    0.343649560103    0.682300801458    0.2177    0.5061  -0.056   37
50912.271    0.264436535566   -0.861101999305    0.1520    0.3683  -0.036   33
50917.001    0.082189662658   -0.661500000376    0.3167    0.4410   0.361   20
50918.254    0.427772595331    0.386798401308    0.2374    0.4464  -0.061   23
50919.324    0.642777315918    0.752799601855    0.0512    0.1373  -0.117  418
50925.252    0.631313582534    0.933400799852    0.4177    0.6647   0.281   36
50926.271    0.199667538839   -0.567601198043    0.1989    0.3587  -0.067   66
50932.254    0.212771327920   -1.164801599174    0.2330    0.5593  -0.016   12
50937.999   -0.169739670845    0.282797999418    0.4246    0.5607   0.364   31
50939.252    0.224831851450   -0.347000399614    0.3892    0.7005   0.698   35
50940.271    0.385040958353   -0.401201999622    0.1762    0.5113  -0.090   42
50946.254    0.316698533358   -0.888699600310    0.2571    0.4688  -0.277   46
50953.252    1.349280159885    1.822500000515    0.4352    0.9734   0.298   28
50954.271   -0.200114014244   -0.941201999538    0.1488    0.3463   0.039   73
50960.254    0.490458311004    0.110199599845    0.3171    0.4638  -0.044   15
50967.252    0.041244942942   -0.767401198587    0.3933    0.7182  -0.011   24
50974.254    0.529023182745    0.265600802152    0.2389    0.3459  -0.137   18
50979.999    0.151425647847    0.016999202046    0.2563    0.3826  -0.128   22
50981.252    1.393055062414    0.523900801142    0.5292    1.2709   0.376   41
50982.271    0.240315691635   -0.190601998185    0.1655    0.2272  -0.118   96
50986.997    1.316972443915   -2.201900399612   32.2802   28.0647  -0.998    3
50988.254    0.200857462827   -0.583999197801    0.4167    0.4052  -0.325   10
50989.324   -0.794352872250    1.669500000645    0.0815    0.2965   0.312  371
50989.708   -7.849564946835   15.962799600544    0.5278    0.5694  -0.271   75
50994.167    2.192768077065    8.818300799973    0.8259    2.3025   0.159   56
50995.252    0.188350260763   -1.519901999458    0.4612    0.7129   0.124   20
50996.271    0.461870478610   -0.374601597741    0.2430    0.5248  -0.013   47
51002.254   -0.247612659782    0.164397599534    0.2485    0.3535  -0.183   14
51007.959   -0.181503424326   -0.545201998747    0.2339    0.3687   0.223   35
51009.252    1.018141255021   -0.261799199919    0.4920    1.0807   0.716   36
51010.271   -0.402461624284   -0.381499200230    0.2627    0.2804  -0.316   65
51015.169    0.892176486706   -4.878399597885    0.4303    1.1239   0.030   42
51016.250    0.422115682881   -0.029401198276    0.3925    0.4788  -0.272   12
51023.252    0.602425730043   -1.965401997950    0.3892    0.7730  -0.077   30
51024.268    0.272476749168   -0.555199198615    0.2280    0.6236   0.056   33
51030.254    0.103183756856   -0.526100398446    0.2471    0.4581  -0.170   19
51036.087    0.911977203739   -1.201201199308    0.0450    0.1044  -0.176  360
51037.252    0.013997349276    2.085897601845    0.4359    0.7937   0.152   32
51037.252    0.258629714632    0.859100400419    0.3171    0.4902  -0.182   23
51042.998    1.094970775278   -1.967900399436    1.6562    2.7539  -0.629   16
51044.254    0.059112287406   -0.205401599729    0.2498    0.4313  -0.051   26
51049.999    0.053752145005    0.426398401387    0.2947    0.3652   0.004   29
51051.249   -0.303894764374    2.093097602440    0.5064    0.9798   0.165   25
51051.252   -0.061792358606   -0.714200398022    0.3605    0.4821  -0.411   24
51052.271   -0.598852098648   -0.531100798540    0.4432    0.4484  -0.335   44
51058.254    0.338736096236   -0.151599600073    0.2683    0.4546  -0.133   20
51065.252   -0.019804170210   -0.661500000376    0.2726    0.6747  -0.030   27
51065.811 -291.294955836912 -387.792201598458   43.6083  106.3792   0.618    4
51072.250    0.071619489469   -0.314499597565    0.2384    0.3489  -0.057   23
51073.711    3.090304909300    0.863398802053    2.9381    1.6267  -0.035    4
51079.249   -0.370897153769   -0.174402000042    0.3516    0.7065   0.119   24
51085.001    0.121051101320   -0.558399598560    0.3073    0.3971   0.076   16
51086.254   -0.004316673721    0.136299602005    0.1878    0.3099  -0.153   25
51088.084    0.207110962294   -0.075999600213    0.0664    0.1967  -0.005  200
51091.999    0.196244019056    0.922197601483    0.2723    0.4335   0.290   25
51093.252    0.218131470321    0.342100802087    0.6742    1.5938   0.747   28
51094.271   -0.080402948524    0.110397601460    0.2060    0.3043  -0.187  110
51098.998    0.012210635143   -0.343400399316    0.5556    0.8281   0.117   33
51100.250   -0.437899746291    1.170900000957    0.2720    0.5014   0.002   18
51107.252    0.849294941243    2.804698799608    0.3215    0.9596   0.430   30
51108.271    0.055685314447    0.097999202353    0.1597    0.4109   0.057   51
51114.251    0.340819377290   -0.678999598946    0.3048    0.4299  -0.236   17
51115.712    0.519789185724   -0.075999600213    0.6536    0.7221   0.129    5
51120.000   -0.228851958251    1.213300800629    0.5064    1.0143   0.718    9
51120.168   -0.538403431947    0.871200001740    0.1851    0.4450  -0.110   34
51121.249    0.613146014845    1.196099999845    0.3287    0.7947   0.481    4
51122.268   -0.158722615995   -0.210902399544    0.1776    0.4016  -0.009   72
51123.353   -0.061195568460    0.054900001345    0.3541    0.7306  -0.351   17
51126.709   61.161955037213 -200.056100399237    1.9722    2.8351  -0.314   42
51128.251    0.094696864721    0.174600001657    0.2238    0.4136  -0.086   24
51130.457   -0.657517707521    0.479998802305    0.2516    0.3455  -0.118   31
51135.249   -1.661661613266    3.623400002439    1.0562    1.0825   0.169    7
51142.251   -0.421819115961    0.116600399735    0.1955    0.3542   0.012   24
51149.249    0.047645100845    0.434098801705    0.3360    0.7241  -0.238   29
51155.001    0.006550269516   -0.718599599026    0.3926    0.8487  -0.008    9
51156.251   -0.632653618135    0.757800001949    0.2072    0.3566  -0.098   28
51157.708   -1.760082017867    1.969199999863    0.9055    0.9270  -0.026    7
51162.029    0.642480545870   -0.525200398371    0.5455    0.8248   0.376   82
51163.249   -0.838574453313   -0.228902397836    0.3537    0.5970  -0.186   25
51164.271   -0.278580340151    0.273099600534    0.1727    0.4985   0.032   79
51169.166   -0.056728783126   -0.659599197661    0.0483    0.1278  -0.084  414
51170.251   -0.417052107401    0.229100399451    0.2207    0.3628   0.028   16
51176.164    0.195050438764   -0.153100799238    0.2842    1.1079  -0.150   30
51177.249   -0.677768556264   -0.611402397510    0.6304    1.1522  -0.073    8
51184.251   -0.409905047739    0.051897599818    0.2105    0.3428   0.191   13
51191.249   -0.647987346706    0.858898801681    0.4693    0.9169   0.275   14
51192.272   -0.316848441843    1.046800799642    0.2285    0.5446  -0.136   33
51198.251   -0.685808769866    0.023400001936    0.1596    0.3889   0.000   51
51205.249   -0.784672399824   -0.651200399204    0.8604    2.5145   0.795   14
51206.272   -0.327865496693    1.306900801978    0.3893    2.1739  -0.121    7
51207.042   -0.692955829528    0.387900000121    0.2838    0.4193  -0.123   18
51211.002   -0.744324267125   -0.704501999138    1.4030    2.1185   0.184   36
51212.251   -0.053898600313    0.160999201171    0.3176    0.3949   0.095   21
51219.249   -0.145768735398   -0.618501598737    0.6357    1.4922  -0.242   23
51221.002  -11.114076109186    3.938299200357    1.4313    1.2661  -0.133    5
51226.251   -0.653647712333   -0.318200400429    0.2201    0.3293  -0.198   29
51227.891   17.633865046249  -15.701702399085    4.5816    2.5779  -0.223    7
51228.000   -0.217534680175    1.702400399850    2.6127    1.8293  -0.949    4
51233.249   -0.822047347577    0.081198001922    0.3264    0.9419   0.028   22
51240.251   -1.034368340660   -0.039401998464    0.2090    0.3650  -0.060   20
51240.711    6.835744021840    9.931197601887    1.3989    2.0404  -0.020   34
51246.084   -0.327568929773    0.081698401644    0.0536    0.1924  -0.034  285
51247.245   -2.368911358990    1.214200800703    0.4898    0.7649  -0.428   19
51248.272   -0.304638009829    0.059000401365    0.1611    0.4275  -0.093   69
51253.082   -0.336502500441    1.563699601803    0.2025    0.3065   0.162   13
51254.251   -0.115690958919   -0.182501997514    0.1790    0.2923  -0.072   22
51262.268   -0.027990839120    0.487998000409    0.2132    0.5964  -0.157   20
51268.251   -0.609872606675    0.103899602522    0.1985    0.4355  -0.025   24
51275.249   -3.786684055482  -10.033599599168    2.4470    7.9359   0.953    6
51282.251   -0.640840287044   -0.163202398795    0.2162    0.4567  -0.050   38
51284.084   -0.562524275878    0.171298802343    0.0646    0.1425  -0.247  284
51288.084    0.275453590417    0.780300000613    0.2250    0.2391   0.167   16
51288.208   -0.816240323515   -0.346600799261    0.4857    0.9341  -0.124   19
51290.268   -1.105244381547    3.184797600042    0.8557    3.1217  -0.450    5
51295.002   -1.456634135154    4.095100802459    0.4916    0.6385  -0.217   42
51296.251   -0.924930881208    0.399797999506    0.3047    0.5405   0.130   20
51297.270   -1.203961353069   -1.999000798492    1.3892    3.6765   0.964    5
51302.084    0.279177130297    0.390200399991    0.1887    0.2177   0.156   14
51303.249   -0.308211438096    1.196899200551    0.4651    0.8982   0.181   11
51304.272   -0.233168631972   -1.322301599416    0.2934    0.7738  -0.054   14
51309.086   -0.192520479177    0.154299600297    0.0477    0.2049   0.079  493
51310.251   -0.540190146080    0.161298002155    0.2418    0.4331  -0.124   15
51317.245   -0.702036058632    0.627098402006    0.5942    0.7539   0.077   12
51317.249   -0.292280919378    0.221097601028    0.2068    0.3717  -0.036   29
51318.272   -0.868352209695    1.070697600980    0.3858    0.6463  -0.410   39
51324.251   -0.507728662194    0.268797601777    0.1896    0.3761  -0.041   31
51338.251    0.515622623615   -0.100101600609    0.1971    0.3563  -0.038   34
51338.540   -0.913913826358  -12.041200798052    0.8056    0.9327  -0.321   58
51344.080   -0.814006930848    0.557600401052    0.2268    0.2188   0.181   14
51345.249   -0.075786051578    1.311098401047    0.6910    1.5029   0.431    6
51351.086   -0.887559589759    0.489999602493    0.2606    0.3518   0.653  445
51352.251   -0.348709479279   -0.308300399610    0.2678    0.3188   0.086   13
51354.373    0.973769562346   19.533898802493    1.6468   14.0395   0.656    8
51358.000   16.226512614462  -16.952799599323    1.0724    0.9478  -0.591   27
51359.249   -0.501178595806    1.882800002306    0.8179    1.7418  -0.164    9
51359.249   -0.359429967208    0.329799602028    0.2593    0.5459   0.130   14
51360.268   -0.635926823177    0.856000799843    0.1905    0.3565  -0.214   42
51366.251   -0.459190407410    0.258800401909    0.2310    0.3915   0.222   31
51373.249   -0.943691582739    0.629200800262    0.3473    0.4177   0.137   20
51374.268    0.020250848744    1.768399199875    0.2745    0.7470  -0.127   19
51379.082   -0.219321394309    2.833498801991    0.3007    0.4593  -0.059   12
51380.251   -0.379234137419    0.929800799554    0.2505    0.4057   0.117   31
51385.843   -0.077722877324   -3.877300800426    4.7568    5.8144  -0.885    4
51387.249   -1.431469822543   -1.049500799866    0.7672    1.1010   0.081    9
51388.268   11.678237190713  -72.732099600614    8.8181   48.4916  -0.996    4
51393.082   -0.336055821907   -0.702399597685    0.1078    0.3669   0.797  403
51394.251   -0.363303618701    0.218898000526    0.1796    0.3390  -0.145   28
51400.084   -0.594831991848   -1.655999999528    0.2898    0.9447   0.318   10
51401.249   -0.696379146183    0.461898001447    0.6206    1.3199  -0.416   18
51402.268   -0.630866904001    0.888400802523    0.3723    0.7465  -0.025    9
51406.998  456.804653284151 -551.539900800080   25.6182   30.3473  -0.997    3
51408.251   -0.518449150124    0.353599201119    0.1906    0.4361  -0.100   35
51414.165   -1.304315130239    1.270098001172    0.3024    0.4532  -0.035   16
51415.249   -1.428046302760   -2.016500400259    0.5792    1.4321  -0.154    6
51417.167    1.358067275244    0.931399200965    1.8736   18.1479   0.383    3
51418.164    0.230935239305    1.329400800643    1.6145   11.7086   0.779    9
51422.251   -0.685062071235    0.461498401094    0.1822    0.3800  -0.041   42
51429.249   -1.904360809180    0.348199200673    0.8481    2.3753   0.284    9
51429.249   -0.161102463970    0.775900799610    0.2093    0.3687  -0.097   30
51436.251    0.115690958919    1.099900800838    0.2146    0.3489  -0.054   46
51442.084   -0.855248420613    1.441699201621    0.2541    0.3082  -0.111   16
51443.249   -0.906320291290    0.378399599654    0.3618    0.4302  -0.165   12
51449.166   -0.492245025138   -4.331700000293    0.2045    0.5281  -0.049   16
51450.251   -0.362556716942   -0.300499199923    0.1866    0.3912  -0.011   36
51451.541   20.451543094769   -2.883099599060    2.6116    2.9172  -0.163   36
51456.165   -0.561927485732    0.074300399433    0.2231    0.4028  -0.061   41
51457.249   -0.469017335145    0.931500000334    0.5486    1.1112   0.272   11
51462.999   20.659843981050  -50.217001200537    0.5838    0.8668  -0.652   25
51464.251   -0.376553863090    0.425498401313    0.1604    0.3552  -0.035   32
51470.165   -0.085763090925    0.628200000818    0.2801    0.6105  -0.192   28
51471.250    0.475567604661    5.550998400139    0.5832    2.4848   0.312    9
51473.083   -1.015160960595   -0.813700799540    0.7094    2.1571   0.404   27
51475.088   -0.758021393176    0.335998799983    0.9188    2.6342   0.550   20
51477.083   -0.102887189935    1.820397602259    0.2443    0.3690   0.147   18
51478.251   -0.321165318692    0.797000401676    0.2177    0.4888  -0.007   44
51484.084   -0.225871663825    1.176098399469    0.3500    0.4643  -0.063   63
51485.250   -0.934611353635   -0.021801600525    0.4979    1.1699  -0.195   42
51486.272   -0.265329892633    0.842799599710    0.2506    0.6260   0.317   45
51487.291    0.332929072174   -1.591502398668    0.1910    0.3175   0.236   77
51491.126   -1.079483278789    1.593500400432    0.5689    0.9335  -0.351   17
51492.251   -0.227958601184    0.174898799443    0.1828    0.3807  -0.073   34
51493.292   -1.068019545405    1.303797601082    0.5968    0.6007  -0.654   23
51494.333    0.454573510463   -0.359402399042    1.3046    1.0283  -0.857   13
51498.084    0.403505092963   -0.662299197884    0.1880    0.3189   0.057   14
51499.250    0.001936825746    1.997798400311    0.2302    0.7096   0.206   17
51506.251   -0.218428037242    0.191800802440    0.2820    0.3972   0.249   42
51513.246    0.041094831329   -0.329299199109    0.4313    0.6623   0.115   18
51519.083   -0.394124640634   -0.295801197936    0.2817    0.3813   0.421   23
51520.251   -0.220364862988    0.182300401974    0.1609    0.2578  -0.071   26
51526.000    5.340394903332   -0.547099197945    0.2935    0.4881  -0.221   45
51527.250    0.135791696050    1.187798400437    0.5261    0.8191  -0.488    5
51528.269   -0.274413574914   -0.055699198853    0.4217    0.6830  -0.110   12
51533.086   -0.337692424428   -0.288399598602    0.0354    0.1114  -0.285  419
51534.251    0.080849627058   -0.372902400159    0.2216    0.3173  -0.055   24
51541.250    0.018017456077    3.294597599535    0.4544    3.0448  -0.129    7
51542.269   -0.412585118939    0.248799601721    0.4415    3.5520  -0.020    5
51548.252   -0.097226824309    0.171000001359    0.2069    0.3549  -0.149   27
51554.085    0.890983109541    2.564798402460    0.2830    0.3715   0.219   13
51555.253   -0.148148786501    0.194000399745    0.5168    1.0997  -0.121    4
51556.269   -0.129091518049    0.420498001219    0.3937    0.8566  -0.165   13
51562.252   -0.034841331861   -0.020199598794    0.1855    0.3622  -0.025   28
51569.250    0.043774902529   -0.709700397650    0.5246    1.4484  -0.385    4
51570.999   -0.934908123684    4.518198001335    0.5099    0.6598  -0.177   34
51575.072   -0.596768817594   -0.961502397701    0.1663    0.2878   0.440  425
51576.252   -0.178523129900    0.292399202451    0.1483    0.2730  -0.008   48
51578.001    0.955902217881    0.262198800272    0.7955    0.7268  -0.554   10
51582.001    1.006974088558    1.299200401661    0.3779    0.7071   0.086   85
51582.085    1.929968347148   -1.553799597787    0.8021    0.8800  -0.548    7
51583.250   -1.195771027855    2.209298401823    0.5314    1.0827  -0.117    5
51584.999    0.388764498233   -1.664499600551    0.5522    0.7777  -0.332   10
51589.083   -0.052411906277    0.580899600422    0.4167    0.4346  -0.048   12
51590.252   -0.473334211994    0.171100800728    0.2452    0.3066  -0.066   28
51602.710  -21.057988728485   74.891800802490   10.1315    5.4193  -0.721    6
51604.252   -0.251332543357   -0.305099999665    0.2530    0.3347   0.081   27
51611.250    0.275156820368   -0.883699200216    0.3276    0.5198  -0.261   13
51617.079   -0.130728120570    0.305899200370    0.0391    0.0967  -0.117  497
51618.252   -0.122541248533    0.736200000162    0.2304    0.3332   0.026   21
51620.001    3.312899711778   -6.987200399067    0.6522    1.2874   0.353   36
51625.250   -0.513535686256   -0.070502397520    0.2350    0.5342   0.096    9
51631.083   -0.909743607944    0.413697600976    0.5253    0.5243  -0.145    9
51632.252   -0.142045195518    0.598899601911    0.2624    0.4265  -0.225   39
51646.252   -0.267266718379    1.026000001758    0.2672    0.5159  -0.242   25
51653.246   -0.379680815952    0.282099601279    0.2854    1.1054   0.353    5
51653.250   -0.077426310403   -0.343000798964    0.4002    1.5105  -0.587    9
51659.083    0.055092180605    0.860000400493    0.3584    0.5027   0.182   10
51660.252   -0.704716129833    0.231498001568    0.2166    0.6155  -0.053   20
51673.083    0.460680554623   -0.226299599859    0.3735    0.5250   0.176   14
51674.252   -0.130134986729   -0.101300398470    0.2323    0.4420  -0.007   39
51680.001    7.525272878409   -3.760502399075    0.5691    0.8159  -0.117   62
51687.087   -0.725263545497   -2.241500399691    0.0488    0.1780   0.338  233
51688.252   -0.290193982019    0.168897599906    0.2333    0.3461  -0.109   45
51702.248   -0.753704719455   -1.773601198707    0.2783    0.6564   0.276   33
51715.079   -0.265626459554   -0.915901198084    0.4124    1.1430   0.347   15
51716.252   -0.201303938232    0.010198801803    0.2752    0.3428   0.174   40
51723.246   -0.141151838451    0.224999999432    0.3739    0.3879   0.472   40
51731.249   -0.133408191771    0.292899602172    0.3592    0.3421  -0.230    9
51732.286   -0.277240101422   -0.491299199723    0.0845    0.2110  -0.019  250
51736.227   -0.128048049370    0.208198802198    0.3049    0.3156   0.183   36
51738.266    0.125221522861    0.357199201417    0.3112    0.7137  -0.283   30
51744.252   -0.446533093734    0.175500001731    0.2099    0.3122  -0.092   18
51750.085   -2.880363764192    0.093200400997    0.5812    0.9077  -0.024   24
51758.252   -0.351389550479   -0.464101199071    0.2306    0.3162  -0.194   22
51766.583   -2.218675635130  -14.159102399347    1.6630   10.6465   0.833   11
51771.083   -1.381591329030    0.317700000707    1.8425    1.3432   0.187   12
51772.252    0.134601772063   -0.580802398176    0.3770    0.5371  -0.024   13
51774.246   -0.462020590223   -0.527000398520    0.4707    0.7015  -0.120   10
51778.224   -0.368066970956   -0.129401999516    0.2877    0.3533   0.286   35
51780.273   -0.502668743019    2.480299201224    0.2823    0.5881  -0.419   36
51786.252    0.193413836243   -0.579801598732    0.4239    0.5375  -0.111   23
51787.337    0.777078864756    0.005500799816    0.8045    0.9947   0.284   22
51792.001    0.162889381231    1.206298801648    1.7527    2.3286  -0.547   11
51794.708   25.046573715473   26.059197599793    7.4260    5.3061  -0.199   66
51800.252   -0.129388084970    0.435798002485    0.2288    0.5098  -0.207   15
51802.075    0.779758935956   -0.302201997826    0.5606    0.9633  -0.017   20
51806.228   -0.462913947290    0.123699600962    0.2918    0.3313   0.189   40
51808.266   -0.899770224901    2.133900000700    0.3535    0.6796  -0.058   49
51808.478   -2.925775269243   10.821200399747    0.3892    1.1073   0.316   24
51813.226   -0.763381738705   -0.116301598752    0.3829    0.5284   0.480   33
51814.252   -0.187607015309   -0.282301200016    0.1910    0.3434   0.028   40
51820.166   -2.375758195428    3.111098399700    0.2103    0.4260  -0.123   45
51827.083    2.461521286353   23.064897601444    5.9778   11.4455   0.960    3
51828.249   -0.469464013678    0.296600401839    0.2629    0.5562  -0.173   13
51829.271   -0.411395194952   -0.612399599831    0.1738    0.3240   0.471   26
51834.162   -1.181327203173    1.202198401629    0.1958    0.3467   0.232   43
51836.266   -0.077276198791    0.025999199593    0.2430    0.5108  -0.242   42
51841.083   -0.505048590994   -2.197000798887    0.0368    0.0987  -0.029  251
51842.252   -0.186266979709    0.138297600571    0.2541    0.3359   0.085   51
51843.290    1.618483500882   -8.003501998743    0.4530    1.5802   0.552   25
51848.228   -0.634440332268   -0.433400400368    0.2818    0.3816   0.207    9
51850.266   -0.487034791221    0.246999601572    0.4935    0.9314  -0.126   22
51851.288    0.652307676732    0.544197602181    0.3242    0.7425  -0.030   10
51856.252   -0.193860514777   -0.764499599626    0.4414    1.8975   0.297    3
51861.709 -176.794703151257  144.586997999951    6.2450    4.0942  -0.298   89
51862.082   -2.010224637236   -0.976100400507    0.1948    0.3873   0.021   12
51870.249    0.028141153860    0.396500400512    0.2053    0.2892  -0.024   30
51876.228   -0.032311169146   -0.182001597793    0.2785    0.4630   0.269    9
51883.083    0.018163911385   -0.122400000535    0.0436    0.0961  -0.140  155
51884.252   -0.454426852027    0.662198401713    0.2956    0.3137  -0.551   12
51885.286    0.096187011934    2.129799600681    1.0291    8.0719   0.765    9
51885.998   -0.802393288980    2.488798802247    0.9979    1.9365  -0.193   31
51890.228    0.644267463131    0.133898399568    4.1884    0.8368  -0.050    4
51892.266    0.654837636320   -1.384099200052    0.3161    0.6550  -0.013   34
51897.084    0.502965309939   -0.310399197545    0.4675    0.4318   0.180   29
51898.249    0.013400559130   -0.258901198080    0.1591    0.2602   0.073   42
51912.249   -0.062088925527   -0.316202398665    0.1530    0.2846  -0.102   27
51918.085    0.310741397684    0.343598400931    0.3745    0.3804  -0.137   20
51920.266   -0.985086637293    0.977198402197    0.3948    0.7527   0.148   15
51926.249   -0.008637003747    0.412599602484    0.1885    0.3833   0.015   25
51927.334    1.055215979549    0.321199201636    0.9809    1.0261   0.698   10
51932.224    1.749508188373    1.612699199782    0.1749    0.2774   0.052   10
51934.266    0.439536348812    0.095299202130    0.4993    1.1695  -0.077   29
51939.084   -0.214407930441   -0.801701997588    0.0917    0.2269   0.099  296
51940.249   -0.176736415767    0.184698000893    0.1628    0.2398  -0.096   21
51946.224    0.609722698190    0.155898001708    0.2193    0.3988   0.027   10
51948.266   -1.192940845042   -0.843501598169    0.2210    0.4529  -0.308   30
51953.080   -0.043178112383    0.394498801626    0.3891    0.6151   0.541   33
51954.249   -0.320868548644   -0.862700397519    0.2285    0.3114   0.030   35
51955.268   -4.747646192539   -0.337301997533    0.4346    0.4918  -0.325   11
51955.271    8.745461520244   39.965698801581    1.0054    6.9983   0.757    8
51959.709   61.342861671393   63.491500802471    6.8152    6.9866  -0.209   10
51960.082    1.184307497599   -1.151499599672    0.6560    0.7875  -0.323   13
51962.266    0.962305828962   -1.757800797719    0.2166    0.5868  -0.360   43
51968.245    0.219618164357    0.064400401811    0.2195    0.2456   0.244   17
51974.224    0.898576644609   -0.953600398645    0.1395    0.3269  -0.280   23
51976.266   -1.176413536178   -1.637899198670    0.3908    0.9594   0.146   43
51981.080   -0.068342424995    0.130298402468    0.0433    0.1247  -0.059  320
51982.245    0.457850371810    0.674200800788    0.1743    0.2398   0.118   29
51988.082   -0.341416167436   -0.187099200133    0.2269    0.2794   0.074   30
51990.266   -0.477800997328   -3.724502399294    0.2190    0.7647  -0.024   29
51995.223    0.452490229409    0.928800000111    0.5254    0.4587   0.070   27
51996.274    0.182543439829   -0.386402398078    0.4591    0.4595   0.328   35
51997.264    0.444299701067    0.894499201110    0.3443    0.4312  -0.217   28
52002.082   -0.521726011470    1.026198000176    0.4382    0.5340   0.112   24
52004.266   -0.125517886654    0.609897601223    0.4580    0.9675   0.348   44
52009.168   -0.051815319259    0.001699200780    0.0407    0.0931  -0.005  400
52010.249   -0.291834240845   -0.084902398712    0.2618    0.2974   0.007   21
52016.228   -0.097673502843    1.852199999774    0.1360    0.3393  -0.228   23
52018.266   -0.447279995493    3.176899201307    0.4150    1.0016   0.127   50
52018.288    1.560861360689   14.269698002423    1.1268   10.1091   0.827   10
52024.249    0.069386096802   -0.157701598980    0.1627    0.2410   0.007   32
52031.247    0.063875639661   -0.435499198304    0.2126    0.3173   0.019   35
52032.266    0.661984695983    1.819998001906    0.4707    0.8048  -0.252   46
52037.226    3.802167895667   -2.843899199334    0.3814    0.6967   0.096   15
52038.245    0.189393729443   -0.064000798261    0.1733    0.2582  -0.084   25
52039.272    0.472887533461   -2.439302398471    0.0303    0.1026   0.215  269
52044.228   -8.027941621427    3.096399600722    0.4418    0.8358  -0.780   12
52045.247    0.416905652093   -1.121702398166    0.1266    0.2105  -0.081   29
52046.266   -0.165569452432    0.300200402137    0.3399    0.7449   0.030   41
52046.288    0.247462548169   -6.584799598386    0.3612    0.8267   0.400   19
52051.226    0.107947312239    0.479998802305    0.2099    0.4184  -0.118   13
52052.245   -0.170929594833    0.023299202567    0.1076    0.2192  -0.002   33
52054.079   -0.894556537809   -0.391600799787    0.6960    0.8608   0.208   20
52059.247    0.602725750141   -0.337301997533    0.1955    0.3439  -0.233   29
52060.266    0.403651548271    0.366800401252    0.1841    0.4621  -0.110   26
52065.080    0.067895949589    0.563097600548    0.2896    0.5909   0.496   17
52066.245   -0.607042423862    0.029199599538    0.2094    0.2691  -0.232   39
52067.286   -0.321165318692    3.963499202442    0.3677    0.9691   0.542   23
52067.334    0.747597675295    0.357498002401    0.7986    0.9886  -0.052   12
52072.228   -0.136088262971    0.385398001512    0.3584    0.3839  -0.176    9
52073.247   -0.110927606664    0.007200000596    0.1688    0.2776  -0.061   25
52074.266    0.234061989039   -0.422701198843    0.3870    0.5845  -0.282    7
52074.708  -46.318223472640  -10.554400799734    5.0475    3.8629   0.573   51
52080.249    0.297194383245   -0.113101198806    0.2979    0.3224  -0.306   29
52081.264   -0.148895485132    0.209199601642    0.1864    0.4359  -0.200   19
52086.225   -0.284687384310    2.120399999583    1.5258    2.8386  -0.911    4
52087.247   -0.106607276639   -0.181601997440    0.1903    0.2750  -0.249   21
52088.266    0.043925014142   -2.267200798300    0.6615    1.1605   0.481   28
52093.248    0.072066168002   -0.020699998515    0.1550    0.2199   0.047   31
52094.267   -0.131174799104    0.781498801672    0.4986    0.5830   0.571   16
52096.083   -0.218578148854   -0.468201599091    0.0754    0.1559   0.213  218
52100.225    0.484801398554   -3.263101200446    0.4456    0.9726  -0.632   12
52101.247   -0.073105980377   -0.149702397678    0.2040    0.2899  -0.148   21
52102.266    0.168249523632    1.856199600425    1.1143    2.8233  -0.457   35
52107.226   11.342924614260   -8.597699998347    0.8312    0.9017  -0.261   11
52108.249    0.578751361517   -0.760600798344    0.2602    0.3399  -0.173   24
52109.268   -0.004170218413    0.031798800393    0.3441    0.3255   0.369   18
52114.079   -0.233765422118    0.257198400178    0.3972    0.5630   0.006   12
52115.251    0.099013538443    0.195699600525    0.3611    0.4055  -0.392   12
52116.263    0.411842076613   -2.177499598233    0.6986    0.6824  -0.200   21
52122.249    0.369557118169    0.229100399451    0.1657    0.2221   0.072   36
52123.265   -0.298384307233    0.752000401150    0.4110    0.3103   0.000   10
52128.082   -0.721096780260    0.050997599743    0.3680    0.3690   0.196   21
52129.251   -0.604809031195   -0.782301599500    0.1884    0.3520   0.065   41
52130.266   -2.182941149330   -0.572799599752    0.7354    1.1592   0.325   17
52135.223    0.266223249700  -15.630101999875    0.6068   13.8989  -0.649    5
52136.249    0.094546753109   -0.148701598235    0.1524    0.2632   0.079   30
52137.268   -0.004170218413    0.291798000163    0.2133    0.2847   0.312   26
52142.228    0.311188076217   -0.739101599123    0.3271    0.7075  -0.390   13
52143.251   -0.190583653430    0.510400800025    0.1543    0.2236   0.007   34
52144.266   -0.691615793928   -1.055599198452    0.4192    0.9959  -0.135   26
52149.227    0.026951026745   -1.186801198116    0.2501    0.4678  -0.247   12
52150.249    0.041838076783   -0.282700800369    0.1385    0.2073  -0.017   38
52151.268   -1.090800556865    0.363797999725    0.3123    0.3771   0.229   18
52155.998    0.356303217475    0.702597602498    0.4793    1.0703   0.005   64
52157.251    0.384744391432    0.510300000656    0.1780    0.3701  -0.206   42
52158.266   -1.033028305059    0.236599201031    0.4406    0.9605   0.103   29
52163.227   -1.241036077597    3.541899602411    0.3020    0.4701  -0.096   18
52164.249   -0.086059657846   -0.112600799085    0.1330    0.2767   0.012   37
52165.265    0.299277867428    0.546400799806    0.3602    0.3501   0.153   14
52171.251    0.564457648448   -0.275400000405    0.1834    0.2930  -0.280   31
52172.267    0.030671113448    0.818398801528    0.5515    0.6374  -0.149   13
52177.081   -0.503115421552    1.136498399390    0.3016    0.4075   0.242   19
52178.249   -0.228105056492   -0.367199998408    0.1862    0.3279  -0.112   24
52179.268   -0.392784605033    0.454600801802    0.3197    0.3493   0.242   21
52184.082    0.011317278076    0.340099200002    0.2694    0.3772   0.340   17
52185.248   -0.156489223328    0.291099602023    0.2542    0.3598   0.058   56
52186.267    0.266820039846    0.030499199966    0.3102    0.7089  -0.299   18
52192.249    0.009677019250    0.115700399661    0.1685    0.2233  -0.088   28
52193.290    0.073256091990    0.052999201827    0.4027    0.7581   0.181   13
52193.703   -7.723450066907  -75.201101998346    3.9163    4.6618  -0.055   86
52198.166   -2.028238640136    1.003899600249    0.3038    0.4010   0.165   37
52199.251    0.027397705278   -0.045601199616    0.2240    0.3087   0.161   27
52200.267   -0.781845670187    5.503600800694    0.3675    1.2388  -0.500    7
52201.289    5.120480375182  -11.215699198175    0.6530    2.1860  -0.742    7
52205.227   -1.378017900763   -0.725702400572    0.2645    0.5424  -0.262    6
52206.249    0.022484241411    0.194900399819    0.1594    0.2747  -0.036   35
52207.265    0.378937570498    0.286300800667    0.3175    0.3110   0.048   11
52212.082   -0.108544102385    1.833400800777    0.0566    0.3160   0.315  217
52213.248   -0.326228894173   -0.050101199989    0.3042    0.4420  -0.028   36
52213.459    2.612203688746   -0.948999598904    3.3494    2.3011  -0.202    9
52214.267   -0.741644195925    2.385399599447    0.5229    2.4052  -0.410    7
52219.227   -1.450380432558    0.506199600636    0.3223    0.5939  -0.049   13
52220.249    0.067895949589    0.005799600800    0.1515    0.2378  -0.088   24
52221.268   -0.058962175793    0.275198401667    0.2423    0.3192   0.011   17
52226.137   -0.413478679134    1.103598000185    0.6863    1.3689  -0.339    4
52227.240   -0.696675713103    0.777499201021    0.2263    0.4849  -0.422   24
52228.267    0.439983027346    0.015497999684    0.1763    0.7123  -0.283    9
52234.249   -0.149638933714   -0.124199997487    0.1485    0.2611  -0.098   29
52240.086   10.249890664728   10.200499200508    6.7659    7.1505   0.904    4
52241.251   -0.467230621011    0.190299600078    0.3495    0.5064   0.372   24
52242.267   -0.154105719048    0.035697601675    0.2438    0.3675  -0.104   26
52242.712  -27.769254676046   33.815498401424    1.2859    1.7562  -0.338   40
52247.227    0.194903983456    0.272599200812    0.2618    0.5946  -0.569   12
52248.249    0.322505354293    0.428000399921    0.2053    0.3267   0.217   35
52249.265   -0.482568005887    0.691700402555    0.4023    0.3751   0.052   12
52253.999    0.397844727337   -0.201301199709    0.6399    1.2432  -0.100   41
52254.170    0.275753610514   -0.909399598825    0.5360    0.7131  -0.003    7
52255.248    0.311338187830   -0.114199200496    0.3499    0.3608  -0.637   19
52257.081    0.621039773138    0.079898401495    0.5038    0.4911   0.140   16
52262.250   -0.029631097945   -0.249901200533    0.1470    0.2643  -0.205   30
52263.269   -0.382807565686    1.276099200709    0.3617    0.5035  -0.114   21
52271.249   -0.151425647847    0.040698001769    0.1700    0.2317  -0.294   54
52278.269   -0.125814656703    0.177800401602    0.1579    0.2737  -0.054   24
52282.203   -0.278730248635   -1.053701999254    0.2925    2.0361  -0.609    5
52285.271    0.087253441266   -0.056102399526    0.1489    0.2577  -0.013   30
52289.205   -0.476164394807    0.784098002526    0.3474    0.7492   0.177   12
52291.250   -0.312081433284    0.170899201990    0.0618    0.1767   0.226  296
52292.269    0.100503685656   -0.281401199942    0.1630    0.3444  -0.209   24
52297.204   -0.287513910819    0.773398801002    0.2319    0.3965  -0.140   12
52299.271   -0.109884137985    0.288100800816    0.1697    0.1994  -0.184   32
52303.205    0.082636341191    1.380898800107    0.4740    0.7147  -0.218   18
52304.224    0.196837356026    1.012698002256    0.2008    0.4147   0.202   41
52306.269   -0.095293654867   -0.250001999902    0.2020    0.2998  -0.154   27
52309.999   91.525102832183  -56.269699197742    4.3624    2.8633  -0.878    6
52310.203   -0.591855353726   -0.534902397575    0.2044    0.7256  -0.079   24
52312.245   -0.915254065086   -5.453200799721    1.1707    2.8371   0.152    9
52313.268   -0.395017997700    0.696297601976    0.1714    0.2573  -0.198   25
52317.205   -0.056131992980    1.315998001772    0.2517    0.8178   0.112    7
52318.228   -0.777228773240   -0.125301599496    0.4343    0.4722  -0.182   36
52320.269   -0.216044532962    0.024400801379    0.1355    0.2580  -0.007   21
52325.204   -0.292577486299    1.241200799740    0.3153    0.6336   0.006    5
52326.712  -62.722369516240   32.211100801049    4.5675    4.2424  -0.277    6
52327.271   -0.549717053718   -0.216601197778    0.2702    0.2865  -0.350   10
52331.201   -0.659304421654    1.407297600053    0.4252    0.6842  -0.397   14
52334.270   -0.423009039948   -0.476701200114    0.1669    0.3393  -0.299   34
52338.203   -0.483161139729    1.043298001591    0.3771    0.5822  -0.175   25
52339.222   -0.114647490240    0.715100401294    0.3974    0.8494  -0.672   64
52340.245   -0.360623547501    0.357598801770    0.0353    0.1068  -0.127  393
52341.271   -0.284983951231    0.181098000596    0.1689    0.4436  -0.048   23
52345.205   -0.191777233722    0.242600400568    0.2104    0.3476  -0.028   19
52346.228   -0.938034873417    2.391699599968    0.2435    0.2655   0.095   40
52347.250   -9.124845566147   32.380999200399    1.0871    3.1523  -0.869    6
52348.270   -0.007743646680    0.122000400182    0.2214    0.3538   0.412   17
52352.203   -0.624016411259    1.394499600593    0.3628    0.8552  -0.351   11
52355.271    0.103183756856    0.149198400834    0.1967    0.2783  -0.358   20
52359.201   -0.315654861551    0.563400001852    0.2896    0.6776  -0.192   20
52360.250   -0.427029146749    0.077500802576    1.3139    1.9933  -0.412  177
52361.269   -0.485248077088    0.592200001037    0.1648    0.4537  -0.075   14
52367.208   -0.839317901895    0.819298801602    0.6779    1.0313  -0.710   18
52368.241   -0.468867223532    0.937299601134    0.2139    0.6014  -0.100   47
52369.271   -0.309104795163    0.044798401788    0.1505    0.2645  -0.205   26
52373.205   -0.237188738773    0.203000400489    0.3317    0.5833  -0.195   17
52374.228    1.742361331839    1.116597601580    0.5031    0.3998   0.234   45
52376.270   -0.305381255283    0.114098401127    0.1859    0.2960  -0.257   41
52380.203   -0.155295643035   -0.022302000247    0.2841    0.4745   0.298   15
52382.252    5.393700369804    3.490999201716    1.6945    5.5923  -0.665   25
52383.268   -0.223938291255   -0.320201999315    0.1880    0.4337   0.152   29
52387.205   -0.499095314751   -1.012399198075    0.3339    0.5834  -0.289   11
52390.270   -0.176289737233    0.246200400866    0.2176    0.3950  -0.099   25
52394.207   -1.569645022873    0.194097601991    0.2720    0.6073   0.091   24
52397.271   -0.422858928336    0.312699600613    0.2037    0.4046  -0.133   16
52402.228   -0.442663098546    0.199998002159    0.2179    0.3474  -0.171   19
52403.251   -0.328758853760    0.024498000428    0.0397    0.1128  -0.087  343
52404.270   -0.336352388828    0.187599599855    0.2932    0.4572  -0.337   18
52410.242   -0.258332944583   -0.411501597597    0.3921    0.5344   0.067   37
52411.272   -0.631610149455    1.413399602157    0.2114    0.4256  -0.042    7
52418.270   -0.384444168207    0.526600801365    0.2451    0.3262  -0.245   26
52421.710  -23.729897838478   10.571997600550    2.4162    2.1120  -0.428   25
52424.249   -7.809809947978   17.269599599956    2.5541    7.7569  -0.973   17
52438.245   -0.931334492288   -1.843199999030    0.4134    1.6081  -0.317   65
52439.272   -0.411991985098    0.343699200300    0.2498    0.4044  -0.230   21
52444.228    3.831498973515   -0.661701599114    0.7834    0.9589   0.260   55
52445.251    3.363971582455   -5.581799998211    0.5858    0.7327  -0.081   28
52451.226    0.063725731176    0.409899602261    0.3008    1.1786  -0.200   92
52458.268   -0.291237450698   -0.776102398348    0.3741    0.4860  -0.239   10
52465.226    0.738070767658    0.669700800415    0.3425    0.7086  -0.314   55
52466.245    0.169589559232    0.455598000926    0.3799    0.7336   0.599   34
52471.688   21.933337886229   17.625398401577    4.3739    3.3302  -0.045    7
52473.251    2.630517711744   -2.304899998862    0.3393    0.4332  -0.024   19
52474.270    0.135641584438   -0.380102397557    0.2672    0.4071   0.062   13
52480.253   -6.171079254657    0.706197599598    0.1261    0.2955   0.010  293
52488.270    0.260712995686    0.884998800643    0.3139    0.5297  -0.252   14
52492.708  -24.585149915396  -43.643901599921    3.1232    2.6341   0.376   12
52493.226    1.387548261577    0.990399602330    0.7568    0.8892  -0.164   80
52501.251    0.435069563478    0.053398802180    0.3382    0.5187   0.124   23
52516.270   -0.107947312239   -0.838101597722    0.1626    0.7610  -0.060   19
52519.999    0.916147422153   -0.251701197485    0.7494    1.0189  -0.277   83
52529.251   -5.914683135820    0.157798801226    0.2996    0.5314   0.040   30
52535.226   -0.226915132505   -0.326300397901    0.3245    0.3019  -0.434   98
52543.244    0.293320934881   -1.135400397700    0.1524    0.3451  -0.636  224
52556.228   -0.328015608306   -0.226699200212    0.1823    0.2761   0.283   66
52557.251    0.488374826822   -1.260399599090    0.3360    0.2421   0.104   19
52563.226   -0.280963844430   -0.323999998031    0.4756    0.4524  -0.097   23
52564.242   -0.185076852593    1.046498401536    0.1186    0.2513  -0.025   88
52565.243   -0.230488560772    0.435798002485    0.1561    0.1997  -0.071   93
52566.236   -0.083976376792    0.709300800494    0.1651    0.2486  -0.123   70
52567.241   -0.058218930339    0.319100400503    0.1147    0.2162  -0.142   62
52568.241   -0.221851557024   -0.130499998008    0.1010    0.1565  -0.022   84
52569.238   -0.178226562980    0.595598399400    0.1507    0.2758  -0.160   55
52570.243   -0.289300624952    0.065300401886    0.1710    0.2837  -0.232   72
52570.707   36.335896296341  -14.365000798477    3.8267    2.7350  -0.393    6
52571.244   -0.052411906277    0.171900001433    0.1640    0.2878  -0.068   79
52572.237   -0.008637003747   -0.086900400476    0.1704    0.3310  -0.196   68
52573.242   -0.104373680844    0.754099202283    0.3085    0.3353  -0.022   65
52574.242   -0.846168191509    0.380800802091    0.1791    0.2781   0.122   58
52575.236   -0.399484986163    0.589899601167    0.1815    0.3271   0.122   64
52576.244   -0.279473697217    0.339300002494    0.1486    0.2368   0.170   88
52577.245   -0.009230137589    0.222098400471    0.1612    0.2674  -0.202   97
52578.242   -0.547036779389    0.154800000018    0.1540    0.1876  -0.156   91
52584.228   -0.056131992980    0.018500401211    0.1830    0.2544   0.304   53
52585.247   -0.091123436454    0.469998002117    0.2682    0.6142  -0.188   34
52591.223    0.351986340625   -3.485199597719    0.3307    0.6154  -0.126   10
52592.249    0.671068378263   -1.078502397789    0.2129    0.1934  -0.033   37
52596.997   -0.244185686823    0.961398001209    0.3390    0.3871  -0.376   15
52598.225   -0.456660447822    0.158198401579    0.3701    0.4957  -0.167   28
52599.244    0.189243617830    0.253000801109    0.3110    0.3248  -0.437   12
52612.228    0.527086356999   -1.620601198837    0.6159    0.9681  -0.251   45
52613.244   -1.427896191147   -1.227099599532    0.0934    0.4472   0.191   65
52620.246   -0.595875460527   -0.427100399847    0.0996    0.1984   0.070   94
52626.225    1.720177313653    0.150998400983    1.6316    1.1104   0.567   59
52627.291   12.027243236913  -34.281701998751    0.5301    1.5296  -0.889    8
52646.204   -0.249992507757    0.182199599408    0.1175    0.2039  -0.150   31
52648.249   -1.180287187670    1.434200400041    0.5112    1.3506  -0.678   14
52653.202   -0.541380070068    0.822798002531    0.4902    0.6240  -0.603    7
52660.124   -0.443853022534    0.244198801980    1.0830    1.4821  -0.277    4
52661.205   -0.009380249201    1.138600800843    0.2718    0.3502  -0.059    5
52662.227   -0.964389110016    0.216198000302    0.6368    0.9666  -0.406    6
52667.206   -0.756084567430    0.304398001205    0.1275    0.2960  -0.016   20
52668.221   -1.396331923760   -0.785800800429    0.1859    0.2534  -0.050   27
52669.244   -0.433879436363    0.281898002541    0.6322    0.9715  -0.251   13
52674.208   -0.265480004246    0.480099601674    0.3803    0.3600   0.192    7
52675.227   -0.383997489674    0.284299201780    0.2123    0.3244   0.010   26
52681.206   -0.573094652195    0.105998400457    0.1378    0.4533   0.227   13
52689.205   -0.362556716942   -0.283399198509    0.0995    0.2233   0.035   30
52695.206   -0.320271961626   -0.296999998994    0.1064    0.3402   0.100   28
52697.251    3.503040139851   -6.163300797724    0.6381    1.8712  -0.770   12
52702.204   -0.343649560103    0.221198400396    0.0978    0.2391   0.018   42
52709.206   -0.415712071801   -0.383399999748    0.1222    0.2798  -0.086   29
52711.248    0.283347348710   -0.957700798665    0.0575    0.1888   0.174  168
52716.204   -0.224384969789    0.205397999409    0.1096    0.2284  -0.051   21
52717.223   -0.469017335145    0.743198402020    0.2011    0.7489  -0.065   95
52723.202   -0.314761504484    0.676097999985    0.1439    0.3106   0.079   22
52724.229   -0.048538457912    1.005098401308    4.6866    3.6800   0.963   15
52730.204   -0.394867886088   -0.051602399154    0.1450    0.3073  -0.060   16
52737.202   -0.472440854927   -0.134600398027    0.1155    0.2743  -0.071   20
52738.221   -1.450083865637  -16.098901197736    0.3667    1.1074  -0.077   40
52739.303    1.346303318635    3.405499201037    0.3323    0.2699   0.025   16
52739.584    7.991760253966  -51.176001599629    2.4107    2.2470   0.303    3
52744.204   -0.180459955647    0.278499600981    0.1427    0.2082   0.134   16
52751.202   -0.302701184082    0.323899201859    0.1009    0.3203  -0.004   39
52758.204   -0.360026757354   -0.507801599170    0.1213    0.2967  -0.016   21
52765.202   -0.202197498427   -0.057200398018    0.2973    0.3303   0.007   19
52766.225    3.452861626242   -2.908601999252    0.2039    0.6779   0.031  152
52767.244   -0.185076852593    0.281498402188    0.0591    0.1168  -0.062  318
52772.204   -0.252822690570   -0.062200798112    0.1091    0.2298  -0.034   25
52773.234   -2.242646570578    0.406800001684    1.5649    1.1715  -0.115    6
52779.206   -0.248059338315    0.040600799522    0.1685    0.2864  -0.032   33
52780.225   -0.710226383846    0.038700000005    0.4462    0.3631   0.243   32
52780.587 -125.538692854876  -18.425800798738    1.9207    1.5362   0.133   20
52787.205   -0.251632766582   -0.093301200366    0.1859    0.2936   0.246   26
52788.250    0.347369443679    0.667800000898    0.6000    1.1365   0.034   19
52793.206   -0.546740212469    0.589100400461    0.2073    0.2957  -0.278   16
52800.204   -0.180906634180   -0.303101997901    0.1776    0.4461   0.082   15
52807.206   -0.834700801821   -0.464299197489    0.2698    0.2845  -0.049    7
52807.586    3.649698779140   17.519299201751    3.2765    2.3958  -0.063    8
52808.225    0.088293253641   13.635698400805    0.4078    1.2780  -0.328   17
52809.248   -0.216641323108    0.194900399819    0.0794    0.1823   0.051  206
52814.204   -0.799266336118    0.544600799657    0.1773    0.2905  -0.187   27
52821.206   -0.209047788040    0.279900000777    0.1809    0.2889  -0.124   19
52828.204   -0.201007371311   -0.003801599036    0.1737    0.3624  -0.085   25
52830.246   -0.470060803824    0.184600801845    0.0530    0.1052  -0.152  386
52835.203   -0.165569452432    0.848898001493    0.1440    0.3029  -0.122   25
52836.222    0.009977242476    0.841100402127    0.3173    0.5238   0.058   37
52836.583  -69.059761468783   52.027397999410    1.8252    1.4655  -0.459   56
52842.204    0.023524053786   -0.137502000186    0.3196    0.4157   0.178   20
52849.206   -0.458593617264    0.572399999399    0.2789    0.3771  -0.242   14
52856.208   -0.285580741377    0.461998800816    0.3709    0.2588   0.278   15
52863.206    0.149342366793   -0.628700400540    0.3597    0.7763   0.365   18
52864.225   -1.827827855843   -1.423799999500    1.1380    2.2119   0.096   16
52870.204   -0.269946789580   -0.257799599268    0.2817    0.3874   0.237   24
52877.203   -0.719159954514    0.217800002034    0.3724    0.5009   0.086   30
52885.205   -0.388167708087    0.135597600348    0.1360    0.2239   0.037   24
52891.203   -0.418838821535    0.303498001131    0.1870    0.3193  -0.318   25
52892.583  110.379603198801   20.402099999828    8.5327    7.3590  -0.725    9
52898.205    0.228405279717   -0.212702399693    0.1906    0.2467  -0.207   17
52899.224   -0.718116485835   -1.537001997676    1.4407    1.5055  -0.213    4
52900.250    0.309848040617   -0.174301197475    0.0408    0.0900  -0.250  239
52905.206    0.836787942308   -0.128001599720    1.0695    0.5409  -0.695    5
52906.225    0.768891992718    0.247899601646    0.3954    1.0642  -0.198   35
52912.205   -0.136388486196   -0.146901598086    0.1461    0.2722  -0.160   12
52914.586   -7.750401093652   -4.440002397743    1.2754    1.3367   0.049   24
52919.203   -0.133854870304    0.421300802245    0.1413    0.2414  -0.132   16
52921.241   -0.161995821036    0.128300400704    0.3541    0.2626  -0.088   18
52926.205   -0.291980696153    0.162597599385    0.1464    0.2251  -0.210   12
52927.238   -0.121051101320   -0.162601199705    0.2999    0.7586  -0.068   28
52933.203   -0.405291807097    0.355399201268    0.1341    0.1921  -0.306   21
52934.240   -0.721543458794    0.806900402495    0.3381    0.4635  -0.186   21
52940.205   -0.378937367370    0.471398401913    0.1467    0.3579  -0.088   30
52941.227    1.903317340500   -0.335199599277    1.3785    1.7191  -0.144   17
52947.203   -0.189690296363    0.335498400261    0.1705    0.3227  -0.052   14
52949.245    0.580688187263    0.320997599701    0.7309    0.8073   0.669   19
52954.227   -0.297787720215    0.822297599612    0.1353    0.3275  -0.072   26
52955.224    0.001636602521    0.234500399898    0.4935    0.6809   0.045   18
52955.582  -20.486830902036    7.877098800435    1.2559    1.2135   0.122   29
52961.203   -0.445193058134    0.266900399382    0.1655    0.2594   0.036   14
52962.229   -0.365236788143    0.918399599570    0.3720    0.5169  -0.248   11
52963.245   -0.546443645548    0.036198001396    0.4970    0.6058  -0.301   10
52968.205   -0.325782215639    0.384098401085    0.1845    0.2403  -0.138   14
52975.203    0.022780808332   -0.320000400578    0.1414    0.2285  -0.145   28
52976.229   -0.230338449159   -0.279302398809    0.3097    0.3420  -0.035   41
52977.245   -0.151575759460    0.937000800150    0.5195    0.6126  -0.278   12
52983.227    0.117030994519   -0.239500799992    0.0929    0.2019  -0.060   27
52989.229   -0.308954683550   -0.097502399754    0.2223    0.3639  -0.072   10
52990.229    0.463060402598    0.051199201678    1.4460    1.4309   0.740   24
52991.252   -0.325335537106   -0.084801599343    0.0498    0.0792   0.018  247
52996.205   -0.270690035034   -0.162899997491    0.1235    0.1873   0.038   34
53003.203   -0.134004981917    0.496598400801    0.0998    0.1655   0.007   33
53010.205   -0.332628848948    0.414399599435    0.1433    0.2026   0.018   20
53017.203    0.094250186188    0.605898000572    0.1526    0.2206  -0.182   13
53018.226   -0.087996483592    1.386198001185    0.6895    0.7109   0.307   62
53025.206   -0.127154692303    1.181800801220    0.1337    0.4536  -0.092   13
53031.203   -0.381914208619    0.948700801118    0.1129    0.2975  -0.105   27
53046.226    1.660171669181    1.772298001157    0.5295    1.1744  -0.035    8
53047.245    1.286447785775   -0.329101197494    5.0218    3.2115  -0.974    4
53054.250   -1.891406928583    2.067699601938    3.7989    2.5109  -0.927    4
53065.873   -0.198773978644   -1.247900400614    1.1629    2.7348   0.332   11
53066.585  -24.095881528380   18.086097601966    2.1329    1.7897  -0.040    9
53068.250   -1.731344276988   -0.133300797600    0.0928    0.2517   0.075  191
53101.583   -4.417547303179   -5.847800397518    0.8686    0.8782  -0.033   58
53102.230    0.618506157246   -0.592999198545    1.2919    0.9409   0.524   53
53115.229   -0.449960066693   -0.293900398418    0.1760    0.3529  -0.231   59
53122.205   -0.262946388353    0.575600402541    0.1386    0.4599  -0.078   54
53125.576   -0.349009702504    1.323298801736    0.2298    0.4873   0.059   28
53134.021    0.511602516815    5.887299601426    0.1617    0.3908  -0.018  135
53138.247   11.642799068706  -24.958501198569    0.4299    0.9912  -0.920    5
53145.581  -31.818885119881  -24.272499597444    3.7219    3.4845  -0.013   12
53178.205    0.057918707114   -0.965501998351    0.2305    0.9097  -0.086   10
53200.230   -1.316822129175   -1.449500398110    0.5125    0.7819   0.160   45
53201.256   -0.108393990772    0.178898400094    0.0767    0.1970  -0.235  193
53243.249   -0.524702649591    0.042300000302    0.1186    0.1824  -0.073   94
53284.226    0.114350923319    0.721800002168    0.4512    1.3452  -0.426  119
53318.206   -0.089486630805   -0.010400400541    0.1234    0.7836   0.094   39
53340.226   -4.341911363213   -0.811299600301    0.8159    1.3284  -0.015   14
53347.225    0.136981620038    1.055599201649    0.5019    0.5854   0.104   35
53348.251   -0.668834985596   -0.144500398847    0.4436    0.8523   0.064   20
53374.206   -0.197137376123    0.141498000517    0.3454    0.2879   0.100   32
53381.207   -0.130878232183   -0.014900397716    0.2066    0.2693   0.003   26
53397.249    0.853015027946    2.759597999713    0.9647    1.9851   0.461    6
53404.247    0.174503023100    0.726897601311    0.5180    0.7066   0.149   12
53417.225    0.503562100085    0.902199601427    0.9563    2.0161   0.062   11
53444.206    0.130728120570   -0.189201598388    0.1826    0.2128   0.024   48
53452.223   -0.099460216976    2.692598400245    0.5281    0.8666  -0.018  205
53460.248   -2.434573712785   -6.916600799300    0.1135    0.2578  -0.038   79
53467.246    2.963296672305    0.462297601800    0.1202    0.2454  -0.060   51
53516.584    2.644068382486   32.655099600376    4.9325    3.2612   0.823    7
53528.206   -0.312381656509    0.250999202223    0.2357    0.2665   0.167   52
53535.204   -0.487778036676    0.091800001201    0.2339    0.3279  -0.202   41
53537.582   -4.437948263535   -7.889000400141    1.5918    1.3209   0.477   18
53550.223   -0.826960811445    0.126597599603    0.7023    0.5249  -0.032  123
53551.250   -0.033351184649   -1.259402399967    0.0626    0.2767   0.196  250
53557.207    0.150085612247    0.697399200789    0.1881    0.5263   0.274   97
53565.586   -0.129388084970   -0.726101997728    1.1230    1.0253   0.119   23
53591.204   -0.061938813914    0.417700801947    0.3461    0.3562   0.180   50
53607.250   -0.636227046402    4.505698799662    0.0856    0.1441  -0.146  289
53647.208    0.283197237097   -0.957301198312    1.0105    1.0077  -0.639   55
53661.204    1.499812247537    0.349099200747    0.4039    0.4843   0.167   54
53662.227    0.385040958353    1.810098001087    0.2876    0.4433   0.097   67
53668.206    1.644391262075   -1.182200398375    0.9242    1.0540  -0.565   61
53704.242   -0.331735491881   -0.190799999800    0.2433    0.3330  -0.001  199
53710.203    0.262946388353   -0.400899598318    0.1843    0.4307  -0.224   45
53711.225    0.715586526247    0.180198000521    0.0888    0.1347   0.026   58
53725.226   -0.033797863182    0.379699200082    0.3775    0.5619   0.278   59
53745.205    0.242995762835    0.284997599920    0.1785    0.1560   0.018   49
53774.227   -0.883986161492    4.117298399819    0.2480    1.0479   0.007  197
53780.207   -0.139068557397   -0.264999599864    0.1903    0.2344   0.084   91
53794.229   -0.026354236599    0.059900401439    0.1711    0.3166   0.014   76
53801.205   -0.205474359773    0.011498402230    0.1430    0.2225  -0.075   67
53836.207   -0.006403611080    0.925099200444    0.2273    0.3872   0.328   60
53844.206    0.069682663723    0.901000800368    0.1593    0.4904   0.175   63
53850.203   -0.525896229883   -0.979300800452    0.1629    0.4656   0.112   86
53858.202    0.237038830288   -0.193802398130    0.2030    0.3023   0.212   93
53871.205    0.592005465339   -0.219700798354    0.2723    0.4736  -0.149   45
53879.226    0.372237189369   -1.314100799377    0.2092    0.3408   0.142   77
53884.997    0.329355643906   -1.553702398738    0.2685    0.8888  -0.006  297
53906.203   -0.480481068529   -0.647499599538    0.5021    0.4838   0.576   77
53914.224    1.154079406380    0.005997602415    0.2357    0.3102  -0.121  177
53928.228   -0.129538196583   -0.348101998426    0.2022    0.2612  -0.222  171
53941.205    0.072362734923   -0.015199198700    0.1747    0.2151  -0.061   94
53949.226    0.657814477569   -0.756702000260    0.1889    0.3261   0.096  342
53964.581   17.347987737952   -4.759200000493    5.6493    4.1295   0.786    6
53969.238    0.465443906877   -0.533699999394    0.2236    0.4362  -0.066   61
53982.993    0.750724425029   -4.094099999818    0.1861    0.5045  -0.118  498
53990.207    0.189990519589    0.099298799583    0.1366    0.3484   0.061  175
53992.249    0.721096983388   -0.172699198941    0.1268    0.1459  -0.038  151
53998.228   -1.672978891341   -3.049199999694    0.1533    0.3751  -0.225   20
54013.251   -1.825594463176    0.144000002322    0.2742    0.6349  -0.800   13
54020.749    5.841126820605   -4.398901198499    2.3289    1.9778  -0.449    5
54054.224    0.249545829223   -1.187801997560    0.2216    0.9113   0.019  191
54055.251   -0.534083101921   -1.182002399958    0.2978    0.4567  -0.169   32
54081.205   -0.369557118169   -0.244000800365    0.2636    0.3481   0.211  105
54082.228    0.239718901489   -0.286502399405    0.3085    0.4101   0.111   22
54108.997   -3.299352697340    2.819199600168    0.3359    0.9106   0.143  227
54111.583   -8.519142974758   -3.715901998902    0.5408    0.5045  -0.336   31
54116.207    1.118941507597    0.113598001406    0.2759    0.1768   0.217   84
54123.209   -0.140855271530   -0.672199198704    0.0812    0.3311  -0.450  183
54139.583    8.359973883358   -0.670802399227    0.6115    0.5641  -0.108   22
54150.994    0.135495129130    1.254200401135    0.3934    1.1348   0.098  425
54153.251    1.389184864098    2.769400801483    0.1871    0.1307   0.140   40
54174.582  -10.177081251271    2.475597602114    0.9279    1.0396  -0.384   10
54208.207    0.129688308195    0.255398400029    0.1777    0.1777   0.187   68
54209.584   -4.133310253707   -8.883302397678    3.5274    2.4912  -0.773    5
54236.225    0.135048450596    0.000000000000    0.1572    0.2733  -0.055  176
54244.582   22.832364865676    5.986299600025    1.5746    1.0418  -0.348   19
54270.208   -0.278730248635   -0.115700399661    0.1596    0.1759   0.180   99
54272.582   -6.744023795240    1.405497599904    1.8406    1.7400  -0.073    7
54273.583  -10.229493157548    4.493498402169    0.6846    0.7325  -0.033   60
54277.206   -0.122987927066    0.133797600199    0.1888    0.2096   0.224   37
54279.251    2.003374347622   -4.008599999139    0.1605    0.2709  -0.036   72
54300.578    1.263070187298    3.433600802083    0.9945    1.0898  -0.016   30
54305.206   -0.202794085445   -0.395499597872    0.1999    0.2359   0.074   42
54313.227   -0.191180443576   -0.242899198355    0.2057    0.3578  -0.031  167
54326.208   -0.071319266244    0.069300002536    0.2168    0.2352   0.202   50
54335.580    2.487429047546    3.541399199491    0.8297    1.0624  -0.370   32
54356.250   -0.973172772200   -5.923400400576    0.1969    0.2146  -0.084   47
54356.582    6.650817077731   -5.838901199340    0.6913    0.9120  -0.175   66
54391.580   -2.063826670628   -9.089600400358    0.7458    1.0947   0.008   70
54398.250   -0.172716308966    1.064098799475    0.2320    0.2742   0.354   49
54410.208    0.055985537672    0.042598801286    0.1495    0.1134   0.016   92
54412.637    4.756880189560   10.785297602212    1.3241    1.6130  -0.295   17
54431.206    0.261756464366    0.605898000572    0.2353    0.2149   0.528   50
54432.225    0.093803507655    0.070300801980    0.1280    0.1965   0.031  192
54433.288   -0.634290220656    0.330598799536    0.1585    0.4719  -0.371   10
54440.250    0.084273146840   -0.447102000223    0.1027    0.1906   0.054  203
54447.248    0.481524537208    1.127300400228    0.0860    0.2392   0.042  116
54447.584   -0.948011912765    3.101500800184    0.7806    0.8765  -0.387   51
54461.208    0.080402948524   -0.148201198513    0.1106    0.2571   0.087   62
54473.206    0.410948719546    0.192398401211    0.1807    0.2290   0.447  125
54485.559   -4.049927010756   -0.345002397850    0.5847    0.8931  -0.079   45
54502.225    2.443207263355   -2.787199197840    0.2593    0.3187  -0.297  106
54510.582    4.595774069286   13.214300399511    0.8349    1.3767  -0.390  115
54517.248   -0.021737339652    0.153899999944    0.1450    0.3645   0.195   92
54529.207   -0.017867344464    0.210398399503    0.0752    0.1733  -0.095  133
54538.582    3.493806345958    1.787097599504    0.7965    0.8215  -0.152  121
54543.207   -0.013103789081    0.503697602028    0.0732    0.1694  -0.004  140
54551.209    0.182096761296   -0.111801598379    0.1078    0.1667  -0.077  184
54558.226    0.427625936895    0.259599599417    0.4349    0.8508  -0.742  172
54566.250   -0.126114676800    0.637599601916    0.1830    0.3617  -0.162   26
54573.581   -7.649600841075   10.250200800144    1.0598    0.7244  -0.243  231
54579.209   -0.558950847611   -0.113399999790    0.1751    0.2298   0.145  126
54601.584   -1.040475384819    2.901700799640    0.7240    1.5281  -0.023   52
54606.209    0.866118817028   -0.021099598868    0.3120    0.3188   0.020   26
54608.250    0.050178716738   -1.630699198074    0.1696    0.6827   0.283   21
54614.207    0.137578410184    0.993798000692    0.3123    0.7076  -0.523   67
54620.209   -0.009530360814    0.272498401443    0.0828    0.1913  -0.038   94
54635.542    8.116831665215    2.403500400305    0.6413    0.5794  -0.238   34
54636.583    2.298782219862   -2.467299599829    0.4513    0.4668  -0.210   77
54642.226   -0.434772793429    0.496598400801    0.4954    0.5885   0.162  193
54656.230    4.480083110367   -2.550301199022    0.5765    0.6801   0.154  167
54657.249    0.046305065245    0.172497600204    0.0965    0.2055  -0.093  221
54662.209    0.103333868469    0.905997600142    0.1464    0.2167   0.087   62
54677.224    3.076157448411    1.363298402168    0.3242    0.6906  -0.225  191
54706.579   -8.570808182404   -1.871200797510   10.8606    5.5681   0.817    4
54710.999   -0.573837897650    2.510298001468    0.4140    0.9152   0.067  215
54719.239   -0.089933309339   -0.637700398087    0.1926    0.3857   0.088  248
54733.224   -0.476014283194   -0.704800800122    0.1685    0.2614   0.098  242
54746.209    0.116880882907    0.536799599971    0.2273    0.3521   0.071  108
54782.226    1.736554510905   -1.142200797943    0.1941    0.2987  -0.136  217
54783.581    2.534034132889   -1.062399598695    0.5569    0.6581  -0.124   76
54788.209   -0.000446678533    0.204800400638    0.3583    0.5200   0.274   52
54797.998   -1.682655707463    4.983498001465    1.2629    2.0444  -0.622  248
54810.208   -0.185523531127   -0.025199998888    0.0905    0.1518   0.088   96
54817.228    0.067449271056   -0.835999199467    0.2135    0.6748  -0.236  204
54847.584   -8.802636778776    7.207797600373    0.8745    0.8708  -0.158   43
54850.999    5.488547346138    9.229899599816    0.1897    0.5228  -0.203  173
54866.226   -0.939971699164   -0.450899998938    0.1864    0.3225   0.012  228
54895.581   -3.518820546957   -6.392501999741    1.2105    1.3960  -0.359   10
54915.999   -1.101817408587    1.292000401065    0.4678    0.7882  -0.294  120
54972.580   -0.636970291856    0.964299600170    0.4780    0.6712  -0.428  120
54985.207   -1.128171848314    0.509900400303    0.1461    0.0967   0.160  153
54993.582   -4.195249067621    3.745299600055    0.4486    0.5654  -0.133   89
55028.584   -2.182644379282   -4.525099197750    0.4769    0.5966  -0.190   59
55032.999    1.955579338292   -3.637000799728    0.4090    1.2085   0.374  106
55063.582    1.345706528489   -6.438301197775    0.7428    1.0900   0.047   21
55125.229    1.200387924801   -1.977602398640    1.1060    1.5777   0.182  234
55147.582    0.265776571167    3.795300000675    0.7484    0.9816  -0.009   67
55153.229   -0.571904728208   -1.166500799954    0.8349    1.6048  -0.601  216
55181.229   -0.878179340557    0.340999200077    0.2092    0.4753   0.260  285
55210.584   -2.551901477353   -4.726699198443    1.1797    0.7853  -0.180   62
55230.227    1.478671698031   -1.803099599229    0.2125    0.5364   0.307  184
55231.250    0.271583392101   -1.798801197594    3.0471    5.1934  -0.109    3
55237.229    0.964539221629    0.954198000613    1.2598    0.8653  -0.641   10
55238.248   -2.060253242361    0.423399600180    1.8891    1.2998  -0.885    9
55258.227    0.551653879464    1.156197601659    0.3611    1.1320  -0.079   28
55269.707   24.979124444417  -30.292801198684    1.5880    1.1109   0.141   82
55285.895   -2.119958663609    1.278399600579    4.0576    2.9758  -0.983    4
55321.229   -0.338585984623    0.026798400299    0.2972    0.4392  -0.174   38
55335.229    1.218701947799   -0.100400398395    0.4353    0.5175  -0.189   88
55336.248   -1.113581365197   -3.319199999652    0.4243    2.0552  -0.025   59
55342.209   -0.329802322440    0.670798802105    0.1253    0.4274  -0.121  145
55343.250   -9.875870214402    7.787199601950    3.5891    2.3597  -0.487    8
55370.228    1.339453029022  -15.070399200567    1.1169    1.3117  -0.201   28
55371.250   -0.695335677503   -0.925300799182    0.1513    0.2972   0.051  255
55383.000   -0.420479080360   -0.263800798805    0.4261    1.0117   0.373   40
55413.250    0.065512445310   -0.038599197438    0.1097    0.2538   0.225  192
55434.581  394.455560769654 -199.586599199719    2.0081    1.8710  -0.300   73
55445.999   -1.062659403005    2.459098799790    0.3645    1.6169  -0.080   67
55461.230    0.109140892531    1.798200001701    0.6724    1.1035   0.080  123
55475.230   -0.602575638528   -1.286402399003    0.5146    0.8192   0.183  107
55517.230   -2.164330356284    4.295498401774    2.9753    4.7431   0.569  150
55525.791  -17.561948989860    8.461598401155    3.7473    2.1253  -0.488    5
55525.999    0.448620031093    0.563900401573    0.4367    0.7812  -0.001   27
55574.581   -1.674168815329    6.096798000854    0.5051    0.7151   0.076  109
55578.997    0.226468453971   -0.527299199504    0.4490    1.3186  -0.463  127
55594.228   -0.061792358606   -0.239201999008    0.2730    0.3760   0.205  130
55595.251   -0.745217827320   -1.918101597553    0.9659    0.7811   0.271   14
55601.230   -0.232571841826    0.470397602470    0.5227    0.4020  -0.507   19
55602.249    0.294960990578    0.081698401644    0.8547    1.4108   0.063    4
55644.249   -0.721690117230   -0.521600398073    0.2536    5.2663   0.215   54
55666.270   -1.842865017494   -0.049499997701    0.5543    1.1498  -0.019   40
55700.582 -720.861610817302 1640.089400401834  184.4216  173.4468  -0.058    5
55706.228    0.708143102792   -0.662500799820    0.4680    0.9343   0.109  126
55746.997    0.292130807765    6.070500000277    0.6152    1.4747   0.101   76
55809.999   -0.191477010497    0.028198800095    0.4494    1.2514   0.031  162
55812.582    5.741666603628   -7.697800799988    0.7830    0.7430   0.189  102
55840.713   -7.258899517096    0.966297601934    5.7594    3.9104  -0.099    3
55846.229    2.465691504766    2.648599202359    0.8354    3.0761   0.127  300
55867.190    0.537359963267    0.123897602577    3.0930    1.1831  -0.833   11
55874.229    3.149116973480   -6.808701599326    3.6410    4.2750  -0.815    5
55881.231    0.953372258294   -0.760802400279    1.1089    0.8134  -0.560  288
55882.250   -0.067745837977   -0.562302000162    0.7513    1.4310  -0.048  147
55882.582   90.514258545309  -72.089402399556    4.4942    3.0411   0.191    5
55909.227   -0.216194644575    0.909298799456    0.2778    0.3994   0.556  283
55938.582   -2.220462349264    1.959800401963    0.7877    0.6391  -0.251  113
55942.998    0.272626860780    2.940598801260    0.5460    1.4374  -0.325   67
55972.229   -0.496861922084    0.749397599975    0.2941    0.7356   0.071  366
55973.248   -0.893663180742   -0.396302398897    0.6963    1.0946   0.284   19
55986.229   -4.181698600006    2.986398002491    2.6055    2.5686  -0.404   10
55987.248   -2.659401907930    7.928798401835    0.8982    1.7062   0.015    5
56014.229   -0.759808107310   -0.148802397604    0.2606    0.3080   0.117  276
56015.248   -0.394271299070   -0.343900799038    0.5144    1.1370  -0.123  124
56029.584    8.401218826299   15.401397600456    0.7706    1.2754  -0.056   59
56056.229   -0.227808489571    0.448700401634    0.2728    1.1139   0.452  263
56057.248    0.076829520257   -0.990302400083    0.5050    1.1094  -0.132  251
56064.582   24.514573894606   18.018799201514    2.8632    1.7338   0.101   11
56092.582   -0.974512807800   -8.923301998109    0.7783    1.6575   0.309   98
56112.229   -0.555377419344   -0.007999198104    0.3086    0.7560  -0.028  140
56120.582    1.489091962736   -0.976201199876    3.7906    2.9297  -0.023    9
56133.227   -0.811176748035    0.137998799588    0.3627    0.8133   0.241  360
56174.000    0.161699457244    0.812300399744    0.2090    0.9812  -0.186  131
56182.229   -1.433406648289   -1.097402399353    0.7254    0.5170  -0.031  428
56183.584    3.278058379917   10.027699202197    3.9715    2.9864  -0.012    8
56217.228   -1.685932771938    1.058799601594    0.4176    0.5323   0.079  186
56238.230  -11.071044452110    6.633198000472    7.3923    4.6723  -0.987    4
56239.249   -0.559990659986    0.228798001345    3.1252    2.3773  -0.942   14
56245.228    2.677122797086    3.533000401035    0.5153    1.0154   0.697  221
56246.250   -1.319502403503   -0.942501599965    0.6660    0.7640  -0.206   13
56246.583    3.177258127340    0.875800801481    3.1575    2.2415  -0.121    8
56254.001    0.896493363555   -0.288201600185    0.6604    1.2889   0.120  105
56274.583    8.709876942928    5.725699201165    0.7655    0.9645  -0.087   65
56314.001   -1.595999259471   -3.119299199739    0.4937    1.3020   0.245  176
56456.583    0.151129080927    3.123698400742    1.2203    2.9192  -0.020   85
56491.582   17.906638362338  -32.846799600250    2.0241    3.4515  -0.129  128
56626.286    0.423009039948    5.671800002460    0.3022    1.5685   0.334    6
56628.225    0.195797340523    4.091799599948    0.5383    2.8953   0.802    7
56632.269   -0.362260150021   -1.588399197772    0.2909    1.0729   0.088    9
56634.263   -0.153508928902    1.113897601357    0.2771    0.8857   0.021    9
56636.257    0.055685314447   -0.842101198373    0.2736    0.9660   0.035   13
56638.251   -0.280516962769    0.464900399777    0.2780    1.0182   0.125   11
56641.243    0.396804914962    2.275199999602    0.2490    0.9441   0.188   13
56650.206   -0.050028401997    0.473900400522    0.1252    0.3774   0.236   64
56660.269   -0.013550467615   -0.210801600176    0.3305    0.6085  -0.178   13
56667.270    0.165719564044    0.369000001754    0.1397    0.2914  -0.080   68
56783.497    0.022930919944   -0.254401197708    0.2063    0.1795  -0.692  135
56784.497   -0.801646387221    0.561499202334    0.3080    0.2208  -0.919  386
56785.498    0.204430891094    0.004197602266    0.0702    0.0771  -0.026  288
56786.499    0.098716971522   -0.134701200594    0.0766    0.0824  -0.271  230
56787.500   -0.068492536607    0.009198002360    0.0708    0.0826  -0.021  210
56788.501   -1.625480245804    0.821700000841    0.3778    1.4360  -0.080  207
56789.498   -0.068342424995   -0.262000798656    0.0633    0.0721   0.009  194
56790.498   -0.211877970853    0.053499601549    0.0713    0.0849   0.190  293
56791.499    0.131028343796   -0.171899998236    0.1471    0.1163  -0.016  329
56792.500    0.272030070634   -1.311199200416    0.3960    0.8649  -0.111  243
56793.497   -0.416308861947   -0.213199199095    0.0787    0.0895   0.386  276
56794.498   -0.002976638121    0.048099601102    0.0690    0.0741  -0.151  246
56795.499   -0.076232730111   -0.152200799164    0.0764    0.0834  -0.123  138
56796.500    0.096333467242   -0.296200798289    0.0730    0.0906  -0.199  208
56797.500   -0.197584054657   -0.038800799373    0.0816    0.5023  -0.211  266
56842.291    0.000000000000    0.050900400694    0.1959    0.3596   0.333   34
56850.498    1.028711631338    0.316198801542    0.3532    0.4049   0.232   23
56851.499   -0.101843721256    0.494200801882    0.3432    0.4095   0.085   21
56857.500    0.331735695009   -0.423799200533    0.2913    0.3884   0.053   46
56858.501    0.038414760129   -0.197600400043    0.2568    0.3031   0.086   45
56875.792    0.007146856534   -0.024299998813    0.1633    0.3459   0.293   36
56878.498   -0.993720187864   -0.921401997900    2.0638    1.3357   0.814    8
56879.503    0.342009301278   -0.547599597667    2.2225    1.4595   0.838   10
56885.496    0.237785528919    0.123498002225    0.1236    0.2497   0.187   65
56886.501    0.076829520257   -0.208101599952    0.1388    0.2705   0.230   71
56899.496    0.247612659782   -0.046900800044    0.2899    0.3854   0.159   30
56900.501   -0.040944719716    0.295898400182    0.2772    0.3873   0.312   29
56901.790    0.136088262971    1.074099599663    0.3127    0.3836   0.300   30
56904.665    0.422858928336    0.247100400941    0.2235    0.5152  -0.148   15
56905.662   -1.262030171795    1.374300001800    0.2684    0.7078   0.044   15
56906.659    1.127725169781   -1.589000400060    0.2456    0.6113  -0.025   15
56907.656    0.615976197658    4.018298401220    0.3205    0.7560   0.016   13
56908.412   -1.232695640770   -4.151001600050    0.6610    0.8305   0.450    9
56911.645   -1.334539362026   -0.969800399986    0.2290    0.6489  -0.026   15
56912.642   -0.717970030527   -1.039899600030    0.2401    0.6661  -0.025   16
56913.639   -1.668512106007    0.005000400094    0.2513    0.8094  -0.262   12
56914.636    0.385337525274    0.146199599627    0.2505    0.6136  -0.037   16
56915.399    0.164529640057    0.571899599677    0.3844    0.8020   0.298   11
56917.627   -0.308808228242    1.062100800908    0.2448    0.6821  -0.168   15
56918.625   -0.773505233361   -2.527300797439    0.2547    0.6723  -0.042   16
56919.603   -0.711862986367    1.850997601593    0.2385    0.6530  -0.050   15
56920.619   -2.791323608793    6.639699599731    0.2754    0.5866  -0.217   16
56921.616    0.085019845471   -5.725000799828    0.3365    0.8936  -0.148   10
56924.790   -0.289004058031   -0.124199997487    0.3541    0.9789  -0.273   10
56934.498    0.162592814311    1.931500802499    0.2768    0.9619   0.157   10
56935.499    4.371392552674   -4.618699199099    0.3318    0.7971   0.055   13
56939.250   -0.204134324173   -1.337101197763    0.2104    0.4281   0.057   36
56941.496    0.515919190536   -0.247701600031    0.3258    0.6280   0.331   35
56942.501   -2.639601394024    4.292398801198    0.3493    0.5973  -0.109   40
56945.792    0.526936245386    0.592397999455    0.3013    0.5221   0.076   21
56948.498    0.822940704644    0.570798000865    0.3332    0.4302   0.095   45
56950.168   -0.193563947856    0.848300399525    0.2928    0.4848   0.141   44
56962.502    0.654390957787   -1.480100397444    0.1654    0.3335   0.272   68
56963.503    0.913317239340    0.359398801919    0.1806    0.3388   0.220   70
56976.498    0.322058675759    1.206399601017    0.5507    0.6840   0.480   15
56977.499   -1.138595566195   -2.098900800362    0.6039    0.7211   0.458   14
56983.497   -2.311289218797   -3.529699198523    0.3884    0.6664   0.299   31
56984.501    0.546740415597   -1.633802398970    0.2933    0.3964   0.123   46
56990.498    1.469141337217   -1.740099600411    0.1871    0.3446   0.187   75
56991.503    1.420006089159    2.547100802275    0.2184    0.5066   0.431   46
56997.497    0.149042143568   -1.302699599393    0.5131    0.6316   0.356   17
56998.501   -0.415862183414    0.449899199495    0.5519    0.6825   0.466   19
57004.498   -0.772611876294   -0.151001998105    0.2472    0.3261   0.037   47
57005.499    1.037348635085    1.046898001889    0.2774    0.3783   0.215   46
57006.792   -0.033351184649   -1.529802000277    0.1985    0.4287   0.386   47
57011.610    1.471821408417   -2.248700400287    0.3935    0.5327   0.013   30
57012.501   -0.365236788143    0.195800399894    0.2751    0.3695   0.120   47
57032.290   -1.322925720158    3.182097599819    0.5882    0.7769   0.413   31
57039.497    0.338736096236   -0.457199999460    0.2257    0.4437   0.214   45
57040.501    0.031418015207    1.281398401787    0.1954    0.3663   0.306   69
57046.499    8.552794382631    1.953799202425    3.9507    2.6063   0.911    8
57047.499   49.213031264642   35.168400000174   10.2017    6.9635   0.984    4
57053.511   -3.911455243506   -7.955099999535    3.7253    8.1696   0.981    9
57054.501    6.037520951274    6.703999202173    2.5906    5.3683   0.963   13
57057.230   -1.308335237040    0.007999201301    0.2016    0.4091   0.196   67
57060.342    0.567137719649    1.400698801746    0.2134    0.4106   0.168   59
57061.291   -0.209941145107    1.537700402210    0.1772    0.3314   0.268   65
57062.230    0.161549345631    1.491199202519    0.1828    0.3435   0.377   67
57067.289   -0.127008033867   -0.549302398767    0.1771    0.3809   0.168   63
57068.289    0.427625936895    0.119599200943    0.1630    0.3205   0.254   66
57069.228   -0.282600446951   -1.135202399283    0.2800    0.4106   0.186   37
57072.249   -0.004763352255    0.313797602303    0.1708    0.3428   0.209   59
57074.290   -0.142045195518   -0.161200799909    0.1655    0.3143   0.128   63
57075.291    0.646500855798   -0.620499600501    0.1848    0.3742   0.119   63
57076.394   -0.981513209026   -3.158999999187    0.1964    0.3876   0.058   65
57078.228    0.568477755249    0.572198400661    0.1607    0.3498   0.107   68
57079.229   -0.080849627058    0.473500800169    0.1700    0.3454   0.154   66
57081.289   -2.952872954424   -2.969600399183    0.2714    0.5476   0.287   66
57082.293   -0.460083764477   -0.662500799820    0.2576    0.4527   0.260   42
57093.251   -0.797179601887    0.394099201273    0.1900    0.3760   0.155   69
57095.497    0.443556455613    1.365897599825    0.3837    0.5135   0.157   40
57096.501   -0.486287889463   -0.689601598225    0.3154    0.4365   0.230   45
57102.499    4.036826674852   -0.540302398022    0.5427    0.4851  -0.232   20
57109.497   -0.472144084878   -0.212900398111    0.2757    0.3410   0.181   37
57110.501    0.331438924961    1.105700401638    0.3832    0.5040   0.520   26
57123.497   -0.213067894841    1.357398002000    0.2821    0.3823   0.152   43
57124.501   -0.236295381706   -1.007600399916    0.2459    0.3436   0.048   46
57130.499    0.218428037242   -0.310500000111    0.2927    0.3866   0.097   34
57131.500   -0.765765242985   -0.617299200556    0.2523    0.3323   0.218   38
57137.497   -0.699505895916    0.010098002434    0.2436    0.3258  -0.107   43
57138.501   -0.217831247096   -0.246700800588    0.2437    0.3149  -0.022   38
57173.500   -0.291237450698    0.332499602251    0.1780    0.2777   0.303   66
57176.228   -0.448469919480    0.204998402253    0.1687    0.2595   0.197   64
57177.229   -0.406481731084   -0.104299199677    0.1759    0.2481   0.192   53
57179.289   -0.402165057363   -0.660600000302    0.1470    0.2603   0.193   76
57180.293    0.096483578855   -0.827999998165    0.1546    0.2832   0.053   80
57184.227   -0.512345762269    0.581198401406    0.2212    0.3518  -0.083   64
57186.291    0.328312175227    2.235599999523    0.1514    0.2805   0.219   69
57187.291    0.011463733384   -0.593801999571    0.1582    0.3065   0.299   81
57190.246    0.687892254048    0.983498399520    0.3478    0.4655   0.270   35
57191.123    0.919274171886   -0.142502400280    0.3032    0.4355   0.171   26
57193.289   -0.708143102792   -2.887599599433    0.1903    0.3500   0.221   89
57194.290    0.270393468113    1.245099601022    0.1469    0.2903   0.286   95
57195.228    0.120754534399   -1.092700800243    0.2031    0.3176   0.303   47
57197.226    0.012953880597    1.716300001320    0.1807    0.3536   0.241   56
57198.227   -0.299574434348   -0.063201597555    0.1953    0.3028   0.284   52
57201.500   -0.591408675193    0.338698800206    0.1664    0.2976   0.123   61
57291.501 1318.738960216668 -846.141901197939    1.7311    4.1951  -0.100   56
57442.236    2.457204612631    0.091000800495    0.1672    0.3624   0.128  102
57463.231   -0.508772130874   -1.050699597727    0.2341    0.3585   0.112   86
57464.250  -46.061680898495  -73.955901597955    0.7393    1.4155   0.370   46
57480.496    1.596445938005    0.200898002234    0.3074    0.4623  -0.068   63
57481.497    0.289154169644    1.053500400516    0.3319    0.4730  -0.005   46
57491.231   -0.727350482856    0.886600802374    0.1486    0.2938   0.119  127
57520.250   21.018530702805  -18.743400000076    0.8821    1.3183  -0.166   54
57770.187   -6.804622573554   -4.300401599622    0.5436    0.5323   0.039   48
57821.249   21.176063191684   15.466798801711    2.4998    1.9834   0.916    5
57834.230    3.873190594990   -0.893700000404    0.7978    0.5528   0.040   22
57917.207   -0.242549084302   -2.467900798919    0.1273    0.1324  -0.041  102
57980.209    1.745041403039    0.867398399507    0.1604    0.1924   0.021   67
58106.209    0.198327300111   -0.811299600301    0.2539    0.1917  -0.229   35
58289.229    0.301361148482   -0.177602399987    1.5587    0.7816  -0.318   15
58513.226   -0.837234417713   -0.584200799736    0.5517    0.4536  -0.592   25
58520.228   -0.753554607842   -1.759899598852    0.2920    0.4434  -0.305   41
58527.229    7.161969259708   -2.646899998382    1.0656    0.4450  -0.459   13
58576.228   -0.463657192744   -0.340999200077    0.1169    0.1344  -0.514   55
58618.228  -14.084666296461   -0.845499599933    1.5449    0.4725   0.061   21
58625.230    0.153659040514    0.246600001219    0.0617    0.0992  -0.017   88
58634.270   -0.404991583871   -0.088199997705    0.3177    0.2697  -0.115   15
58709.230   -0.607042423862    0.402497999730    0.2719    0.4190  -0.292   10
58744.228  -42.410491972143   -9.198100799424    1.7918    0.4409  -0.082   19
58751.230    2.216889124125   -0.573101997858    0.2189    0.1282   0.080   74
58774.270    0.446979975395    0.209599201995    0.2376    0.2401   0.024   70
58781.272    0.369256894943    0.015598802250    0.3953    0.3662  -0.160   43
58787.269   -0.466487375557   -0.184201198294    0.2731    0.2495  -0.286   71
58795.272   -0.453533494960    0.648900002531    0.2197    0.3734  -0.418   52
58814.272   -0.436706165999   -0.271299600385    0.1462    0.2083   0.053   80
58821.230   -1.544183940213    0.673599601697    1.7780    1.2674  -0.290   22
58837.272   -0.332628848948   -0.019202399670    0.1768    0.2024   0.022   61
58858.270   -0.555673986265   -0.168602399242    0.1911    0.2198  -0.167   71
58865.272   -0.667641405304   -1.366502399236    0.2506    0.3518   0.565   57
58872.270   -0.368217082568   -0.204501599654    0.1000    0.1585  -0.070   85
58879.272   -0.439832915733   -0.181601997440    0.1275    0.1962  -0.139   81
58886.270    0.108544102385   -0.748601999589    0.1752    0.1892  -0.118   43
58935.268    0.447426653929   -0.024001197829    0.1707    0.1846  -0.092   64
58962.271   -0.473780890527    0.038098800914    0.1697    0.2275   0.223   64
59026.270   -0.773058554827   -0.532601997705    0.3970    0.4519   0.671   44
59032.271    0.477207863487   -0.130701599943    0.3269    0.2423   0.094   36
59040.270    0.278133661617    0.113500802357    0.2448    0.2911   0.415   56
59061.269   -0.571011168013   -1.720501197511    0.2453    0.5113   0.035   20
59075.269   -0.424499187161    0.300700801859    0.3922    0.9038   0.200   38
59089.269    1.055215979549    0.211600800881    0.4922    0.3004  -0.128   33
59096.271    0.067449271056    0.468500400075    0.3014    0.5139  -0.187   36
59110.271    0.314315029079   -0.455799599663    0.6594    0.7107  -0.730   22
59177.188    2.764819260581   -0.219599998985    1.0887    0.7426   0.054   12
59228.250   -0.658707631508   -0.088300800272    0.3819    0.3574  -0.048   25
59230.577   -1.391568368378    2.180498399440    0.1277    0.2170   0.098   52
59256.250   -0.309998152229   -1.434700799763    1.8818    3.5802  -0.385   21
59319.248   -0.957242253482   -1.154699999617    0.7763    0.6488  -0.153   18
59346.229   -0.137131731651    0.221900402053    1.1902    0.4372   0.294    5
59389.249    1.174330255123   -1.267599599686    0.9746    0.8676  -0.050   22
59452.251   -0.610319488337   -3.280600799016    1.1121    1.5806   0.092   20
59480.083   -4.936296676528   -0.453999599515    2.1464    0.7928  -0.121   12
59494.251    1.869219457221    1.265598000799    0.7507    1.0165  -0.065   33
59613.249   -0.634887010802   -0.031301997794    0.2106    0.3459  -0.002   69
59711.249    0.540190146080    1.227499199885    0.7768    1.5179   0.015   37
59760.248    1.096160699266    2.858299200525    0.8007    2.5630   0.209   22
59837.250   -2.178624272481   -3.923802000116    0.9135    1.5120  -0.028   25
59921.250   -0.578158227676   -1.216699198991    0.1779    0.5478   0.045   66
60117.250    0.211131069095   -0.290599199104    0.4797    0.5319   0.042   37
